<gpx creator="Mission Planner" xmlns="http://www.topografix.com/GPX/1/1"><trk><trkseg><trkpt lat="35.113203" lon="-118.4781125"><ele>1277.87</ele><time>2026-04-25T13:48:52-07:00</time><course>225.6052</course><roll>3.337068</roll><pitch>-6.991087</pitch><mode /></trkpt><trkpt lat="35.1132029" lon="-118.4781122"><ele>1277.95</ele><time>2026-04-25T13:48:52-07:00</time><course>225.5249</course><roll>3.310671</roll><pitch>-7.215921</pitch><mode /></trkpt><trkpt lat="35.1132028" lon="-118.4781117"><ele>1278.03</ele><time>2026-04-25T13:48:53-07:00</time><course>225.6566</course><roll>4.543754</roll><pitch>-7.234636</pitch><mode /></trkpt><trkpt lat="35.1132035" lon="-118.4781111"><ele>1278.06</ele><time>2026-04-25T13:48:53-07:00</time><course>225.9319</course><roll>5.44927</roll><pitch>-7.660306</pitch><mode /></trkpt><trkpt lat="35.1132047" lon="-118.4781104"><ele>1278.09</ele><time>2026-04-25T13:48:53-07:00</time><course>225.6068</course><roll>3.246861</roll><pitch>-7.30104</pitch><mode /></trkpt><trkpt lat="35.1132048" lon="-118.4781098"><ele>1278.18</ele><time>2026-04-25T13:48:53-07:00</time><course>225.8082</course><roll>3.309115</roll><pitch>-6.927307</pitch><mode /></trkpt><trkpt lat="35.1132045" lon="-118.4781095"><ele>1278.24</ele><time>2026-04-25T13:48:53-07:00</time><course>225.9243</course><roll>4.329035</roll><pitch>-7.153376</pitch><mode /></trkpt><trkpt lat="35.113204" lon="-118.4781092"><ele>1278.42</ele><time>2026-04-25T13:48:54-07:00</time><course>225.8225</course><roll>3.639797</roll><pitch>-7.324202</pitch><mode /></trkpt><trkpt lat="35.1132042" lon="-118.4781089"><ele>1278.47</ele><time>2026-04-25T13:48:54-07:00</time><course>226.362</course><roll>3.689157</roll><pitch>-7.929954</pitch><mode /></trkpt><trkpt lat="35.1132048" lon="-118.4781082"><ele>1278.62</ele><time>2026-04-25T13:48:54-07:00</time><course>226.4672</course><roll>3.762488</roll><pitch>-7.469363</pitch><mode /></trkpt><trkpt lat="35.1132053" lon="-118.4781074"><ele>1278.81</ele><time>2026-04-25T13:48:54-07:00</time><course>226.5419</course><roll>3.388039</roll><pitch>-7.745406</pitch><mode /></trkpt><trkpt lat="35.1132052" lon="-118.4781073"><ele>1278.83</ele><time>2026-04-25T13:48:55-07:00</time><course>226.4762</course><roll>3.368436</roll><pitch>-7.830328</pitch><mode /></trkpt><trkpt lat="35.1132049" lon="-118.4781068"><ele>1278.91</ele><time>2026-04-25T13:48:55-07:00</time><course>226.3364</course><roll>3.164855</roll><pitch>-7.60972</pitch><mode /></trkpt><trkpt lat="35.1132052" lon="-118.4781082"><ele>1278.87</ele><time>2026-04-25T13:48:55-07:00</time><course>225.916</course><roll>2.606939</roll><pitch>-7.544282</pitch><mode /></trkpt><trkpt lat="35.1132051" lon="-118.4781087"><ele>1278.8</ele><time>2026-04-25T13:48:56-07:00</time><course>225.965</course><roll>2.855844</roll><pitch>-7.459971</pitch><mode /></trkpt><trkpt lat="35.1132048" lon="-118.4781084"><ele>1278.96</ele><time>2026-04-25T13:48:56-07:00</time><course>226.2974</course><roll>3.151409</roll><pitch>-7.961548</pitch><mode /></trkpt><trkpt lat="35.1132052" lon="-118.4781093"><ele>1278.77</ele><time>2026-04-25T13:48:56-07:00</time><course>226.4225</course><roll>3.134083</roll><pitch>-8.160137</pitch><mode /></trkpt><trkpt lat="35.1132046" lon="-118.4781096"><ele>1278.91</ele><time>2026-04-25T13:48:56-07:00</time><course>226.2428</course><roll>2.296534</roll><pitch>-7.975604</pitch><mode /></trkpt><trkpt lat="35.1132047" lon="-118.4781105"><ele>1278.8</ele><time>2026-04-25T13:48:57-07:00</time><course>226.4203</course><roll>2.743433</roll><pitch>-7.874452</pitch><mode /></trkpt><trkpt lat="35.1132052" lon="-118.4781107"><ele>1278.71</ele><time>2026-04-25T13:48:57-07:00</time><course>226.8565</course><roll>2.842519</roll><pitch>-8.151885</pitch><mode /></trkpt><trkpt lat="35.1132053" lon="-118.4781113"><ele>1278.81</ele><time>2026-04-25T13:48:57-07:00</time><course>225.9905</course><roll>2.677494</roll><pitch>-7.340666</pitch><mode /></trkpt><trkpt lat="35.1132054" lon="-118.4781116"><ele>1278.9</ele><time>2026-04-25T13:48:57-07:00</time><course>225.7925</course><roll>1.922441</roll><pitch>-7.3989</pitch><mode /></trkpt><trkpt lat="35.113206" lon="-118.4781122"><ele>1278.81</ele><time>2026-04-25T13:48:58-07:00</time><course>225.3745</course><roll>1.001819</roll><pitch>-7.058122</pitch><mode /></trkpt><trkpt lat="35.1132064" lon="-118.478113"><ele>1278.73</ele><time>2026-04-25T13:48:58-07:00</time><course>225.0163</course><roll>1.315607</roll><pitch>-7.011577</pitch><mode /></trkpt><trkpt lat="35.1132062" lon="-118.4781138"><ele>1278.73</ele><time>2026-04-25T13:48:58-07:00</time><course>225.1586</course><roll>1.571448</roll><pitch>-7.223358</pitch><mode /></trkpt><trkpt lat="35.1132061" lon="-118.4781136"><ele>1278.79</ele><time>2026-04-25T13:48:58-07:00</time><course>225.0317</course><roll>1.989625</roll><pitch>-7.479596</pitch><mode /></trkpt><trkpt lat="35.1132063" lon="-118.4781138"><ele>1278.69</ele><time>2026-04-25T13:48:59-07:00</time><course>224.3355</course><roll>1.118586</roll><pitch>-7.412458</pitch><mode /></trkpt><trkpt lat="35.1132057" lon="-118.4781141"><ele>1278.7</ele><time>2026-04-25T13:48:59-07:00</time><course>224.8176</course><roll>1.618269</roll><pitch>-7.740854</pitch><mode /></trkpt><trkpt lat="35.1132054" lon="-118.4781144"><ele>1278.66</ele><time>2026-04-25T13:48:59-07:00</time><course>224.8254</course><roll>1.53916</roll><pitch>-7.251013</pitch><mode /></trkpt><trkpt lat="35.1132051" lon="-118.4781143"><ele>1278.82</ele><time>2026-04-25T13:48:59-07:00</time><course>224.7121</course><roll>0.6835896</roll><pitch>-7.228136</pitch><mode /></trkpt><trkpt lat="35.1132055" lon="-118.4781138"><ele>1278.86</ele><time>2026-04-25T13:49:00-07:00</time><course>224.7213</course><roll>1.513786</roll><pitch>-7.377054</pitch><mode /></trkpt><trkpt lat="35.1132054" lon="-118.4781139"><ele>1278.89</ele><time>2026-04-25T13:49:00-07:00</time><course>225.004</course><roll>2.037474</roll><pitch>-8.23758</pitch><mode /></trkpt><trkpt lat="35.1132053" lon="-118.4781142"><ele>1278.92</ele><time>2026-04-25T13:49:00-07:00</time><course>224.4891</course><roll>0.5423021</roll><pitch>-8.382003</pitch><mode /></trkpt><trkpt lat="35.1132051" lon="-118.4781141"><ele>1278.95</ele><time>2026-04-25T13:49:00-07:00</time><course>224.1985</course><roll>0.79683</roll><pitch>-8.303334</pitch><mode /></trkpt><trkpt lat="35.1132059" lon="-118.4781135"><ele>1278.96</ele><time>2026-04-25T13:49:00-07:00</time><course>224.3386</course><roll>2.510308</roll><pitch>-8.046567</pitch><mode /></trkpt><trkpt lat="35.1132064" lon="-118.478113"><ele>1279.02</ele><time>2026-04-25T13:49:01-07:00</time><course>224.0065</course><roll>0.8120711</roll><pitch>-8.218098</pitch><mode /></trkpt><trkpt lat="35.1132063" lon="-118.4781131"><ele>1279.02</ele><time>2026-04-25T13:49:01-07:00</time><course>224.0608</course><roll>2.700557</roll><pitch>-8.034256</pitch><mode /></trkpt><trkpt lat="35.1132069" lon="-118.4781124"><ele>1279.05</ele><time>2026-04-25T13:49:01-07:00</time><course>223.9805</course><roll>2.807104</roll><pitch>-7.98445</pitch><mode /></trkpt><trkpt lat="35.1132076" lon="-118.4781123"><ele>1279.01</ele><time>2026-04-25T13:49:01-07:00</time><course>223.633</course><roll>2.440679</roll><pitch>-11.13273</pitch><mode /></trkpt><trkpt lat="35.1132083" lon="-118.4781117"><ele>1279.1</ele><time>2026-04-25T13:49:01-07:00</time><course>222.6544</course><roll>3.670628</roll><pitch>-14.74937</pitch><mode /></trkpt><trkpt lat="35.1132093" lon="-118.4781116"><ele>1279.03</ele><time>2026-04-25T13:49:02-07:00</time><course>223.2161</course><roll>3.684969</roll><pitch>-15.45816</pitch><mode /></trkpt><trkpt lat="35.1132099" lon="-118.4781112"><ele>1279.11</ele><time>2026-04-25T13:49:02-07:00</time><course>222.6595</course><roll>5.501484</roll><pitch>-15.42439</pitch><mode /></trkpt><trkpt lat="35.1132103" lon="-118.4781109"><ele>1279.14</ele><time>2026-04-25T13:49:02-07:00</time><course>224.5368</course><roll>6.43753</roll><pitch>-14.4077</pitch><mode /></trkpt><trkpt lat="35.1132105" lon="-118.4781103"><ele>1279.16</ele><time>2026-04-25T13:49:02-07:00</time><course>223.8539</course><roll>6.872989</roll><pitch>-15.6463</pitch><mode /></trkpt><trkpt lat="35.113211" lon="-118.4781092"><ele>1279.26</ele><time>2026-04-25T13:49:02-07:00</time><course>221.9732</course><roll>6.370867</roll><pitch>-12.8123</pitch><mode /></trkpt><trkpt lat="35.1132118" lon="-118.4781089"><ele>1279.24</ele><time>2026-04-25T13:49:03-07:00</time><course>219.46</course><roll>1.659437</roll><pitch>-11.0149</pitch><mode /></trkpt><trkpt lat="35.1132123" lon="-118.4781084"><ele>1279.26</ele><time>2026-04-25T13:49:03-07:00</time><course>217.7032</course><roll>0.9152453</roll><pitch>-10.73923</pitch><mode /></trkpt><trkpt lat="35.1132125" lon="-118.4781082"><ele>1279.27</ele><time>2026-04-25T13:49:03-07:00</time><course>217.4474</course><roll>-0.8591862</roll><pitch>-12.43545</pitch><mode /></trkpt><trkpt lat="35.113213" lon="-118.4781076"><ele>1279.28</ele><time>2026-04-25T13:49:03-07:00</time><course>218.7511</course><roll>-3.083554</roll><pitch>-13.42511</pitch><mode /></trkpt><trkpt lat="35.1132136" lon="-118.4781071"><ele>1279.24</ele><time>2026-04-25T13:49:03-07:00</time><course>221.7272</course><roll>-5.96557</roll><pitch>-12.68577</pitch><mode /></trkpt><trkpt lat="35.1132141" lon="-118.4781064"><ele>1279.27</ele><time>2026-04-25T13:49:04-07:00</time><course>223.0784</course><roll>-3.156149</roll><pitch>-12.25562</pitch><mode /></trkpt><trkpt lat="35.1132146" lon="-118.4781052"><ele>1279.37</ele><time>2026-04-25T13:49:04-07:00</time><course>224.777</course><roll>-3.598716</roll><pitch>-12.99076</pitch><mode /></trkpt><trkpt lat="35.1132155" lon="-118.4781049"><ele>1279.29</ele><time>2026-04-25T13:49:04-07:00</time><course>226.5833</course><roll>-1.556085</roll><pitch>-15.21854</pitch><mode /></trkpt><trkpt lat="35.1132163" lon="-118.4781043"><ele>1279.31</ele><time>2026-04-25T13:49:04-07:00</time><course>229.7047</course><roll>-1.734917</roll><pitch>-15.10605</pitch><mode /></trkpt><trkpt lat="35.1132169" lon="-118.478104"><ele>1279.28</ele><time>2026-04-25T13:49:04-07:00</time><course>231.1516</course><roll>1.883809</roll><pitch>-13.98426</pitch><mode /></trkpt><trkpt lat="35.1132171" lon="-118.4781036"><ele>1279.28</ele><time>2026-04-25T13:49:05-07:00</time><course>231.4094</course><roll>1.597282</roll><pitch>-12.38853</pitch><mode /></trkpt><trkpt lat="35.1132176" lon="-118.4781032"><ele>1279.27</ele><time>2026-04-25T13:49:05-07:00</time><course>231.0851</course><roll>1.733827</roll><pitch>-12.42529</pitch><mode /></trkpt><trkpt lat="35.113218" lon="-118.4781033"><ele>1279.18</ele><time>2026-04-25T13:49:05-07:00</time><course>231.2942</course><roll>1.682871</roll><pitch>-13.05761</pitch><mode /></trkpt><trkpt lat="35.1132181" lon="-118.4781032"><ele>1279.22</ele><time>2026-04-25T13:49:05-07:00</time><course>231.4584</course><roll>0.8820803</roll><pitch>-12.42976</pitch><mode /></trkpt><trkpt lat="35.1132177" lon="-118.4781038"><ele>1279.23</ele><time>2026-04-25T13:49:05-07:00</time><course>232.1827</course><roll>-1.218151</roll><pitch>-12.97872</pitch><mode /></trkpt><trkpt lat="35.113217" lon="-118.4781052"><ele>1279.24</ele><time>2026-04-25T13:49:06-07:00</time><course>232.0836</course><roll>-0.9699154</roll><pitch>-13.52498</pitch><mode /></trkpt><trkpt lat="35.1132154" lon="-118.4781078"><ele>1279.27</ele><time>2026-04-25T13:49:06-07:00</time><course>230.0741</course><roll>0.4532615</roll><pitch>-12.2303</pitch><mode /></trkpt><trkpt lat="35.1132119" lon="-118.4781125"><ele>1279.34</ele><time>2026-04-25T13:49:06-07:00</time><course>228.8099</course><roll>-2.934624</roll><pitch>-10.43253</pitch><mode /></trkpt><trkpt lat="35.1132049" lon="-118.4781213"><ele>1279.41</ele><time>2026-04-25T13:49:06-07:00</time><course>231.6158</course><roll>-2.077247</roll><pitch>-9.157172</pitch><mode /></trkpt><trkpt lat="35.1131952" lon="-118.4781339"><ele>1279.41</ele><time>2026-04-25T13:49:06-07:00</time><course>232.576</course><roll>-1.910644</roll><pitch>-9.345216</pitch><mode /></trkpt><trkpt lat="35.113185" lon="-118.4781481"><ele>1279.49</ele><time>2026-04-25T13:49:07-07:00</time><course>233.0983</course><roll>-7.550552</roll><pitch>-16.41326</pitch><mode /></trkpt><trkpt lat="35.1131748" lon="-118.4781627"><ele>1279.87</ele><time>2026-04-25T13:49:07-07:00</time><course>234.5001</course><roll>-7.047548</roll><pitch>-19.28708</pitch><mode /></trkpt><trkpt lat="35.1131647" lon="-118.4781775"><ele>1280.42</ele><time>2026-04-25T13:49:07-07:00</time><course>235.6527</course><roll>-4.13602</roll><pitch>-15.95513</pitch><mode /></trkpt><trkpt lat="35.113154" lon="-118.4781932"><ele>1280.86</ele><time>2026-04-25T13:49:07-07:00</time><course>237.8464</course><roll>-8.161364</roll><pitch>-11.67176</pitch><mode /></trkpt><trkpt lat="35.1131434" lon="-118.4782096"><ele>1281.25</ele><time>2026-04-25T13:49:07-07:00</time><course>237.0638</course><roll>-6.855319</roll><pitch>-11.63439</pitch><mode /></trkpt><trkpt lat="35.1131331" lon="-118.478227"><ele>1281.61</ele><time>2026-04-25T13:49:08-07:00</time><course>235.9432</course><roll>-5.089557</roll><pitch>-13.36346</pitch><mode /></trkpt><trkpt lat="35.1131227" lon="-118.4782441"><ele>1282.15</ele><time>2026-04-25T13:49:08-07:00</time><course>233.7169</course><roll>-3.518082</roll><pitch>-7.397799</pitch><mode /></trkpt><trkpt lat="35.1131121" lon="-118.4782628"><ele>1282.28</ele><time>2026-04-25T13:49:08-07:00</time><course>235.2322</course><roll>-0.9887704</roll><pitch>-1.478312</pitch><mode /></trkpt><trkpt lat="35.1130999" lon="-118.4782814"><ele>1282.22</ele><time>2026-04-25T13:49:08-07:00</time><course>239.3063</course><roll>1.714853</roll><pitch>0.5148546</pitch><mode /></trkpt><trkpt lat="35.1130874" lon="-118.4783006"><ele>1282.09</ele><time>2026-04-25T13:49:08-07:00</time><course>240.235</course><roll>-1.067245</roll><pitch>-4.779748</pitch><mode /></trkpt><trkpt lat="35.1130747" lon="-118.4783203"><ele>1282.13</ele><time>2026-04-25T13:49:09-07:00</time><course>238.9714</course><roll>0.5597043</roll><pitch>-9.992345</pitch><mode /></trkpt><trkpt lat="35.1130616" lon="-118.4783393"><ele>1282.48</ele><time>2026-04-25T13:49:09-07:00</time><course>239.2291</course><roll>-2.749289</roll><pitch>-11.74492</pitch><mode /></trkpt><trkpt lat="35.1130481" lon="-118.4783583"><ele>1283.09</ele><time>2026-04-25T13:49:09-07:00</time><course>240.3453</course><roll>-3.021676</roll><pitch>-11.68611</pitch><mode /></trkpt><trkpt lat="35.1130349" lon="-118.4783773"><ele>1283.7</ele><time>2026-04-25T13:49:09-07:00</time><course>242.504</course><roll>-3.635916</roll><pitch>-11.16018</pitch><mode /></trkpt><trkpt lat="35.1130219" lon="-118.4783953"><ele>1284.34</ele><time>2026-04-25T13:49:09-07:00</time><course>237.9065</course><roll>-4.108435</roll><pitch>-11.83654</pitch><mode /></trkpt><trkpt lat="35.113009" lon="-118.4784136"><ele>1284.95</ele><time>2026-04-25T13:49:10-07:00</time><course>232.0464</course><roll>-4.685535</roll><pitch>-12.50098</pitch><mode /></trkpt><trkpt lat="35.1129961" lon="-118.4784316"><ele>1285.63</ele><time>2026-04-25T13:49:10-07:00</time><course>229.8824</course><roll>-2.86359</roll><pitch>-12.24942</pitch><mode /></trkpt><trkpt lat="35.1129828" lon="-118.4784496"><ele>1286.35</ele><time>2026-04-25T13:49:10-07:00</time><course>227.1503</course><roll>9.530704</roll><pitch>-10.37261</pitch><mode /></trkpt><trkpt lat="35.1129696" lon="-118.4784682"><ele>1286.74</ele><time>2026-04-25T13:49:10-07:00</time><course>226.8786</course><roll>13.68385</roll><pitch>-8.08413</pitch><mode /></trkpt><trkpt lat="35.1129558" lon="-118.4784848"><ele>1287.03</ele><time>2026-04-25T13:49:10-07:00</time><course>225.0228</course><roll>14.24845</roll><pitch>-8.66254</pitch><mode /></trkpt><trkpt lat="35.1129407" lon="-118.4785"><ele>1287.4</ele><time>2026-04-25T13:49:11-07:00</time><course>224.3316</course><roll>15.32643</roll><pitch>-10.15683</pitch><mode /></trkpt><trkpt lat="35.1129248" lon="-118.4785139"><ele>1287.96</ele><time>2026-04-25T13:49:11-07:00</time><course>220.4057</course><roll>15.87279</roll><pitch>-11.19604</pitch><mode /></trkpt><trkpt lat="35.1129087" lon="-118.4785266"><ele>1288.45</ele><time>2026-04-25T13:49:11-07:00</time><course>214.9782</course><roll>20.61353</roll><pitch>-12.21294</pitch><mode /></trkpt><trkpt lat="35.1128911" lon="-118.4785378"><ele>1289.06</ele><time>2026-04-25T13:49:11-07:00</time><course>207.0064</course><roll>25.73569</roll><pitch>-11.61329</pitch><mode /></trkpt><trkpt lat="35.1128725" lon="-118.4785471"><ele>1289.66</ele><time>2026-04-25T13:49:11-07:00</time><course>202.2576</course><roll>28.42217</roll><pitch>-12.4158</pitch><mode /></trkpt><trkpt lat="35.1128535" lon="-118.4785543"><ele>1290.23</ele><time>2026-04-25T13:49:12-07:00</time><course>202.0939</course><roll>27.772</roll><pitch>-15.34541</pitch><mode /></trkpt><trkpt lat="35.1128342" lon="-118.478561"><ele>1290.49</ele><time>2026-04-25T13:49:12-07:00</time><course>198.3052</course><roll>30.3798</roll><pitch>-15.47009</pitch><mode /></trkpt><trkpt lat="35.1128134" lon="-118.4785638"><ele>1291.04</ele><time>2026-04-25T13:49:12-07:00</time><course>193.1367</course><roll>30.66507</roll><pitch>-14.64355</pitch><mode /></trkpt><trkpt lat="35.1127912" lon="-118.4785614"><ele>1292.17</ele><time>2026-04-25T13:49:12-07:00</time><course>189.0012</course><roll>31.06684</roll><pitch>-13.83013</pitch><mode /></trkpt><trkpt lat="35.1127709" lon="-118.4785592"><ele>1292.47</ele><time>2026-04-25T13:49:12-07:00</time><course>184.7371</course><roll>29.19173</roll><pitch>-14.43488</pitch><mode /></trkpt><trkpt lat="35.112751" lon="-118.478554"><ele>1293.05</ele><time>2026-04-25T13:49:13-07:00</time><course>179.4364</course><roll>27.87381</roll><pitch>-13.78708</pitch><mode /></trkpt><trkpt lat="35.1127309" lon="-118.4785469"><ele>1293.68</ele><time>2026-04-25T13:49:13-07:00</time><course>174.5262</course><roll>27.78714</roll><pitch>-11.92651</pitch><mode /></trkpt><trkpt lat="35.1127099" lon="-118.4785377"><ele>1294.06</ele><time>2026-04-25T13:49:13-07:00</time><course>172.3941</course><roll>25.82834</roll><pitch>-12.8682</pitch><mode /></trkpt><trkpt lat="35.1126895" lon="-118.4785264"><ele>1294.33</ele><time>2026-04-25T13:49:13-07:00</time><course>167.2952</course><roll>29.56589</roll><pitch>-12.01395</pitch><mode /></trkpt><trkpt lat="35.1126699" lon="-118.4785118"><ele>1294.98</ele><time>2026-04-25T13:49:13-07:00</time><course>160.0278</course><roll>30.68018</roll><pitch>-11.5501</pitch><mode /></trkpt><trkpt lat="35.1126513" lon="-118.4784933"><ele>1295.77</ele><time>2026-04-25T13:49:14-07:00</time><course>160.1386</course><roll>27.45087</roll><pitch>-15.76763</pitch><mode /></trkpt><trkpt lat="35.1126341" lon="-118.4784724"><ele>1296.46</ele><time>2026-04-25T13:49:14-07:00</time><course>158.5817</course><roll>25.20304</roll><pitch>-15.82646</pitch><mode /></trkpt><trkpt lat="35.1126172" lon="-118.4784495"><ele>1297.33</ele><time>2026-04-25T13:49:14-07:00</time><course>157.1596</course><roll>21.92914</roll><pitch>-14.09882</pitch><mode /></trkpt><trkpt lat="35.1126002" lon="-118.4784264"><ele>1297.71</ele><time>2026-04-25T13:49:14-07:00</time><course>153.5296</course><roll>20.29658</roll><pitch>-11.7475</pitch><mode /></trkpt><trkpt lat="35.112583" lon="-118.4784019"><ele>1298.25</ele><time>2026-04-25T13:49:14-07:00</time><course>147.4727</course><roll>21.1942</roll><pitch>-10.36844</pitch><mode /></trkpt><trkpt lat="35.1125658" lon="-118.4783759"><ele>1298.54</ele><time>2026-04-25T13:49:15-07:00</time><course>143.2164</course><roll>21.67021</roll><pitch>-9.425233</pitch><mode /></trkpt><trkpt lat="35.1125491" lon="-118.4783477"><ele>1298.83</ele><time>2026-04-25T13:49:15-07:00</time><course>138.3903</course><roll>22.23279</roll><pitch>-8.49143</pitch><mode /></trkpt><trkpt lat="35.1125334" lon="-118.478318"><ele>1299.27</ele><time>2026-04-25T13:49:15-07:00</time><course>132.3821</course><roll>26.09225</roll><pitch>-7.718061</pitch><mode /></trkpt><trkpt lat="35.1125182" lon="-118.4782869"><ele>1299.44</ele><time>2026-04-25T13:49:15-07:00</time><course>130.0177</course><roll>27.29978</roll><pitch>-8.939685</pitch><mode /></trkpt><trkpt lat="35.1125046" lon="-118.4782536"><ele>1299.72</ele><time>2026-04-25T13:49:15-07:00</time><course>126.7473</course><roll>27.80621</roll><pitch>-9.298168</pitch><mode /></trkpt><trkpt lat="35.1124923" lon="-118.4782189"><ele>1299.89</ele><time>2026-04-25T13:49:16-07:00</time><course>121.3631</course><roll>29.52271</roll><pitch>-8.531494</pitch><mode /></trkpt><trkpt lat="35.1124817" lon="-118.4781825"><ele>1300.16</ele><time>2026-04-25T13:49:16-07:00</time><course>115.8461</course><roll>30.51336</roll><pitch>-8.241481</pitch><mode /></trkpt><trkpt lat="35.112473" lon="-118.4781445"><ele>1300.45</ele><time>2026-04-25T13:49:16-07:00</time><course>111.5214</course><roll>25.30038</roll><pitch>-9.374606</pitch><mode /></trkpt><trkpt lat="35.1124665" lon="-118.4781055"><ele>1300.74</ele><time>2026-04-25T13:49:16-07:00</time><course>108.5003</course><roll>16.30411</roll><pitch>-10.93927</pitch><mode /></trkpt><trkpt lat="35.1124624" lon="-118.4780655"><ele>1301.45</ele><time>2026-04-25T13:49:16-07:00</time><course>105.0942</course><roll>14.22888</roll><pitch>-10.252</pitch><mode /></trkpt><trkpt lat="35.1124595" lon="-118.4780253"><ele>1302.05</ele><time>2026-04-25T13:49:17-07:00</time><course>102.5508</course><roll>8.588324</roll><pitch>-8.288145</pitch><mode /></trkpt><trkpt lat="35.1124575" lon="-118.4779851"><ele>1302.54</ele><time>2026-04-25T13:49:17-07:00</time><course>100.2213</course><roll>6.464149</roll><pitch>-4.844751</pitch><mode /></trkpt><trkpt lat="35.1124555" lon="-118.4779447"><ele>1303.01</ele><time>2026-04-25T13:49:17-07:00</time><course>98.41432</course><roll>4.70849</roll><pitch>-2.491064</pitch><mode /></trkpt><trkpt lat="35.1124529" lon="-118.4779033"><ele>1303.1</ele><time>2026-04-25T13:49:17-07:00</time><course>99.30372</course><roll>-1.569855</roll><pitch>-1.590253</pitch><mode /></trkpt><trkpt lat="35.1124506" lon="-118.4778607"><ele>1303.22</ele><time>2026-04-25T13:49:17-07:00</time><course>97.1552</course><roll>-1.468131</roll><pitch>-0.4175339</pitch><mode /></trkpt><trkpt lat="35.1124477" lon="-118.477817"><ele>1303.18</ele><time>2026-04-25T13:49:18-07:00</time><course>95.54248</course><roll>1.850275</roll><pitch>-0.4456229</pitch><mode /></trkpt><trkpt lat="35.1124451" lon="-118.4777727"><ele>1303.15</ele><time>2026-04-25T13:49:18-07:00</time><course>93.37714</course><roll>4.830542</roll><pitch>-1.242493</pitch><mode /></trkpt><trkpt lat="35.1124434" lon="-118.4777278"><ele>1303.27</ele><time>2026-04-25T13:49:18-07:00</time><course>91.97642</course><roll>7.374341</roll><pitch>-3.771617</pitch><mode /></trkpt><trkpt lat="35.1124432" lon="-118.4776828"><ele>1303.52</ele><time>2026-04-25T13:49:18-07:00</time><course>91.57884</course><roll>8.978488</roll><pitch>-4.195657</pitch><mode /></trkpt><trkpt lat="35.1124438" lon="-118.4776382"><ele>1304</ele><time>2026-04-25T13:49:18-07:00</time><course>85.42951</course><roll>17.81253</roll><pitch>-2.224832</pitch><mode /></trkpt><trkpt lat="35.1124449" lon="-118.4775949"><ele>1304.36</ele><time>2026-04-25T13:49:19-07:00</time><course>75.15564</course><roll>28.07253</roll><pitch>2.997711</pitch><mode /></trkpt><trkpt lat="35.1124464" lon="-118.477553"><ele>1304.65</ele><time>2026-04-25T13:49:19-07:00</time><course>73.55933</course><roll>33.75421</roll><pitch>1.221679</pitch><mode /></trkpt><trkpt lat="35.1124493" lon="-118.4775116"><ele>1304.77</ele><time>2026-04-25T13:49:19-07:00</time><course>71.84748</course><roll>38.57178</roll><pitch>0.06752633</pitch><mode /></trkpt><trkpt lat="35.1124557" lon="-118.4774704"><ele>1304.85</ele><time>2026-04-25T13:49:19-07:00</time><course>67.34763</course><roll>41.40567</roll><pitch>0.3724271</pitch><mode /></trkpt><trkpt lat="35.1124658" lon="-118.4774283"><ele>1304.91</ele><time>2026-04-25T13:49:19-07:00</time><course>61.64682</course><roll>43.2254</roll><pitch>1.187546</pitch><mode /></trkpt><trkpt lat="35.1124783" lon="-118.4773872"><ele>1304.86</ele><time>2026-04-25T13:49:20-07:00</time><course>55.08767</course><roll>44.2273</roll><pitch>1.827272</pitch><mode /></trkpt><trkpt lat="35.1124932" lon="-118.4773481"><ele>1304.74</ele><time>2026-04-25T13:49:20-07:00</time><course>48.04504</course><roll>43.53854</roll><pitch>2.234937</pitch><mode /></trkpt><trkpt lat="35.1125117" lon="-118.477311"><ele>1304.72</ele><time>2026-04-25T13:49:20-07:00</time><course>41.94646</course><roll>43.26722</roll><pitch>1.54055</pitch><mode /></trkpt><trkpt lat="35.1125327" lon="-118.4772765"><ele>1304.42</ele><time>2026-04-25T13:49:20-07:00</time><course>34.5614</course><roll>43.81225</roll><pitch>2.760277</pitch><mode /></trkpt><trkpt lat="35.1125554" lon="-118.4772449"><ele>1303.98</ele><time>2026-04-25T13:49:20-07:00</time><course>26.02839</course><roll>44.94504</roll><pitch>4.079499</pitch><mode /></trkpt><trkpt lat="35.1125797" lon="-118.4772169"><ele>1303.32</ele><time>2026-04-25T13:49:21-07:00</time><course>19.70152</course><roll>44.50263</roll><pitch>2.352772</pitch><mode /></trkpt><trkpt lat="35.1126057" lon="-118.4771937"><ele>1302.9</ele><time>2026-04-25T13:49:21-07:00</time><course>12.50635</course><roll>43.3652</roll><pitch>1.274056</pitch><mode /></trkpt><trkpt lat="35.1126334" lon="-118.4771757"><ele>1302.54</ele><time>2026-04-25T13:49:21-07:00</time><course>6.555187</course><roll>41.4636</roll><pitch>1.357101</pitch><mode /></trkpt><trkpt lat="35.1126627" lon="-118.4771603"><ele>1302.69</ele><time>2026-04-25T13:49:21-07:00</time><course>0.351847</course><roll>40.09161</roll><pitch>1.126501</pitch><mode /></trkpt><trkpt lat="35.1126925" lon="-118.4771469"><ele>1302.99</ele><time>2026-04-25T13:49:21-07:00</time><course>353.1249</course><roll>39.00621</roll><pitch>1.984779</pitch><mode /></trkpt><trkpt lat="35.1127221" lon="-118.4771376"><ele>1303.08</ele><time>2026-04-25T13:49:22-07:00</time><course>348.5097</course><roll>38.9737</roll><pitch>1.42243</pitch><mode /></trkpt><trkpt lat="35.1127511" lon="-118.477132"><ele>1303.32</ele><time>2026-04-25T13:49:22-07:00</time><course>345.0103</course><roll>34.59325</roll><pitch>0.06019976</pitch><mode /></trkpt><trkpt lat="35.1127795" lon="-118.4771308"><ele>1303.26</ele><time>2026-04-25T13:49:22-07:00</time><course>342.8237</course><roll>31.68405</roll><pitch>-0.6018532</pitch><mode /></trkpt><trkpt lat="35.1128068" lon="-118.477133"><ele>1303.3</ele><time>2026-04-25T13:49:22-07:00</time><course>339.0599</course><roll>28.6471</roll><pitch>-0.1070255</pitch><mode /></trkpt><trkpt lat="35.1128342" lon="-118.4771363"><ele>1303.7</ele><time>2026-04-25T13:49:22-07:00</time><course>333.7699</course><roll>30.21527</roll><pitch>1.063218</pitch><mode /></trkpt><trkpt lat="35.1128617" lon="-118.4771404"><ele>1303.9</ele><time>2026-04-25T13:49:23-07:00</time><course>331.1717</course><roll>24.54576</roll><pitch>-0.1942807</pitch><mode /></trkpt><trkpt lat="35.1128883" lon="-118.4771463"><ele>1303.81</ele><time>2026-04-25T13:49:23-07:00</time><course>326.5743</course><roll>22.75615</roll><pitch>0.2670974</pitch><mode /></trkpt><trkpt lat="35.1129144" lon="-118.4771533"><ele>1303.82</ele><time>2026-04-25T13:49:23-07:00</time><course>322.8588</course><roll>18.5568</roll><pitch>0.3613574</pitch><mode /></trkpt><trkpt lat="35.11294" lon="-118.4771627"><ele>1303.72</ele><time>2026-04-25T13:49:23-07:00</time><course>321.9315</course><roll>20.00079</roll><pitch>-0.08752721</pitch><mode /></trkpt><trkpt lat="35.1129647" lon="-118.4771741"><ele>1303.54</ele><time>2026-04-25T13:49:23-07:00</time><course>319.9184</course><roll>16.38507</roll><pitch>-0.9730167</pitch><mode /></trkpt><trkpt lat="35.1129891" lon="-118.4771871"><ele>1303.56</ele><time>2026-04-25T13:49:24-07:00</time><course>317.5132</course><roll>14.74275</roll><pitch>-0.5550997</pitch><mode /></trkpt><trkpt lat="35.1130131" lon="-118.4772012"><ele>1303.69</ele><time>2026-04-25T13:49:24-07:00</time><course>315.4381</course><roll>10.21031</roll><pitch>-0.5103993</pitch><mode /></trkpt><trkpt lat="35.1130364" lon="-118.477215"><ele>1304.01</ele><time>2026-04-25T13:49:24-07:00</time><course>313.1346</course><roll>6.310074</roll><pitch>-0.1047674</pitch><mode /></trkpt><trkpt lat="35.1130594" lon="-118.4772305"><ele>1304.35</ele><time>2026-04-25T13:49:24-07:00</time><course>313.8437</course><roll>5.448075</roll><pitch>1.060884</pitch><mode /></trkpt><trkpt lat="35.1130826" lon="-118.4772475"><ele>1304.64</ele><time>2026-04-25T13:49:24-07:00</time><course>313.6541</course><roll>5.262512</roll><pitch>1.164881</pitch><mode /></trkpt><trkpt lat="35.1131064" lon="-118.477265"><ele>1304.84</ele><time>2026-04-25T13:49:25-07:00</time><course>309.8791</course><roll>3.49419</roll><pitch>0.2340437</pitch><mode /></trkpt><trkpt lat="35.11313" lon="-118.4772813"><ele>1305.12</ele><time>2026-04-25T13:49:25-07:00</time><course>307.6336</course><roll>5.086067</roll><pitch>-0.3862138</pitch><mode /></trkpt><trkpt lat="35.1131531" lon="-118.4772985"><ele>1305.28</ele><time>2026-04-25T13:49:25-07:00</time><course>306.9853</course><roll>1.98206</roll><pitch>-0.5800321</pitch><mode /></trkpt><trkpt lat="35.1131762" lon="-118.4773158"><ele>1305.46</ele><time>2026-04-25T13:49:25-07:00</time><course>304.4338</course><roll>1.869168</roll><pitch>-1.379664</pitch><mode /></trkpt><trkpt lat="35.1131998" lon="-118.4773336"><ele>1305.56</ele><time>2026-04-25T13:49:25-07:00</time><course>300.7355</course><roll>0.7392842</roll><pitch>-1.280028</pitch><mode /></trkpt><trkpt lat="35.1132229" lon="-118.4773506"><ele>1305.62</ele><time>2026-04-25T13:49:26-07:00</time><course>300.1652</course><roll>1.568232</roll><pitch>-1.700608</pitch><mode /></trkpt><trkpt lat="35.1132453" lon="-118.4773676"><ele>1305.52</ele><time>2026-04-25T13:49:26-07:00</time><course>300.5048</course><roll>-0.4197909</roll><pitch>-2.676776</pitch><mode /></trkpt><trkpt lat="35.1132671" lon="-118.4773842"><ele>1305.41</ele><time>2026-04-25T13:49:26-07:00</time><course>300.8761</course><roll>-4.819285</roll><pitch>-4.043041</pitch><mode /></trkpt><trkpt lat="35.1132889" lon="-118.4773998"><ele>1305.36</ele><time>2026-04-25T13:49:26-07:00</time><course>300.1584</course><roll>-5.652746</roll><pitch>-5.161712</pitch><mode /></trkpt><trkpt lat="35.1133111" lon="-118.4774147"><ele>1305.49</ele><time>2026-04-25T13:49:26-07:00</time><course>300.102</course><roll>-5.424586</roll><pitch>-5.711485</pitch><mode /></trkpt><trkpt lat="35.1133325" lon="-118.4774295"><ele>1305.57</ele><time>2026-04-25T13:49:27-07:00</time><course>304.3663</course><roll>-5.028084</roll><pitch>-5.218013</pitch><mode /></trkpt><trkpt lat="35.1133526" lon="-118.4774428"><ele>1305.6</ele><time>2026-04-25T13:49:27-07:00</time><course>302.9659</course><roll>-2.461735</roll><pitch>-6.472202</pitch><mode /></trkpt><trkpt lat="35.1133729" lon="-118.477456"><ele>1305.66</ele><time>2026-04-25T13:49:27-07:00</time><course>303.5159</course><roll>-0.6249563</roll><pitch>-6.318437</pitch><mode /></trkpt><trkpt lat="35.1133935" lon="-118.4774708"><ele>1305.62</ele><time>2026-04-25T13:49:27-07:00</time><course>304.4948</course><roll>-3.161329</roll><pitch>-6.457613</pitch><mode /></trkpt><trkpt lat="35.1134139" lon="-118.4774851"><ele>1305.69</ele><time>2026-04-25T13:49:27-07:00</time><course>303.861</course><roll>-4.218207</roll><pitch>-7.314676</pitch><mode /></trkpt><trkpt lat="35.1134334" lon="-118.4774984"><ele>1305.96</ele><time>2026-04-25T13:49:28-07:00</time><course>304.0432</course><roll>-3.323574</roll><pitch>-7.249491</pitch><mode /></trkpt><trkpt lat="35.1134522" lon="-118.4775107"><ele>1306.39</ele><time>2026-04-25T13:49:28-07:00</time><course>304.8188</course><roll>0.7945148</roll><pitch>-7.172047</pitch><mode /></trkpt><trkpt lat="35.1134708" lon="-118.4775227"><ele>1306.85</ele><time>2026-04-25T13:49:28-07:00</time><course>303.5281</course><roll>3.943178</roll><pitch>-6.608752</pitch><mode /></trkpt><trkpt lat="35.1134883" lon="-118.4775329"><ele>1307.63</ele><time>2026-04-25T13:49:28-07:00</time><course>306.8337</course><roll>-0.3915917</roll><pitch>-5.125458</pitch><mode /></trkpt><trkpt lat="35.1135059" lon="-118.4775447"><ele>1308.14</ele><time>2026-04-25T13:49:28-07:00</time><course>306.4199</course><roll>-0.07495347</roll><pitch>-4.270853</pitch><mode /></trkpt><trkpt lat="35.1135247" lon="-118.4775576"><ele>1308.35</ele><time>2026-04-25T13:49:29-07:00</time><course>299.9959</course><roll>-2.334522</roll><pitch>-6.030808</pitch><mode /></trkpt><trkpt lat="35.1135435" lon="-118.4775683"><ele>1309.01</ele><time>2026-04-25T13:49:29-07:00</time><course>297.7133</course><roll>-2.128375</roll><pitch>-6.585158</pitch><mode /></trkpt><trkpt lat="35.1135606" lon="-118.4775783"><ele>1310.1</ele><time>2026-04-25T13:49:29-07:00</time><course>304.3639</course><roll>-3.786252</roll><pitch>-6.032278</pitch><mode /></trkpt><trkpt lat="35.1135761" lon="-118.4775866"><ele>1311.49</ele><time>2026-04-25T13:49:29-07:00</time><course>304.4583</course><roll>-5.956933</roll><pitch>-6.738036</pitch><mode /></trkpt><trkpt lat="35.1135922" lon="-118.4775976"><ele>1312.14</ele><time>2026-04-25T13:49:29-07:00</time><course>308.7806</course><roll>-5.146442</roll><pitch>-7.326815</pitch><mode /></trkpt><trkpt lat="35.113607" lon="-118.4776043"><ele>1313.66</ele><time>2026-04-25T13:49:30-07:00</time><course>308.47</course><roll>1.043647</roll><pitch>-7.914385</pitch><mode /></trkpt><trkpt lat="35.1136211" lon="-118.4776099"><ele>1315.02</ele><time>2026-04-25T13:49:30-07:00</time><course>307.7546</course><roll>2.000394</roll><pitch>-7.104037</pitch><mode /></trkpt><trkpt lat="35.1136343" lon="-118.4776136"><ele>1316.5</ele><time>2026-04-25T13:49:30-07:00</time><course>307.4217</course><roll>3.40296</roll><pitch>-6.159937</pitch><mode /></trkpt><trkpt lat="35.1136495" lon="-118.4776233"><ele>1317.08</ele><time>2026-04-25T13:49:30-07:00</time><course>307.2507</course><roll>2.395323</roll><pitch>-5.495782</pitch><mode /></trkpt><trkpt lat="35.1136658" lon="-118.4776361"><ele>1317.19</ele><time>2026-04-25T13:49:30-07:00</time><course>305.6246</course><roll>-0.9810773</roll><pitch>-5.55416</pitch><mode /></trkpt><trkpt lat="35.1136817" lon="-118.4776483"><ele>1317.62</ele><time>2026-04-25T13:49:31-07:00</time><course>302.5108</course><roll>-1.820276</roll><pitch>-5.667312</pitch><mode /></trkpt><trkpt lat="35.1136978" lon="-118.4776611"><ele>1318.07</ele><time>2026-04-25T13:49:31-07:00</time><course>302.0831</course><roll>-1.002054</roll><pitch>-5.074552</pitch><mode /></trkpt><trkpt lat="35.1137143" lon="-118.4776755"><ele>1318.29</ele><time>2026-04-25T13:49:31-07:00</time><course>304.0049</course><roll>-5.43606</roll><pitch>-4.834469</pitch><mode /></trkpt><trkpt lat="35.113731" lon="-118.4776904"><ele>1318.44</ele><time>2026-04-25T13:49:31-07:00</time><course>303.5578</course><roll>-3.917167</roll><pitch>-4.66002</pitch><mode /></trkpt><trkpt lat="35.1137473" lon="-118.4777032"><ele>1319.05</ele><time>2026-04-25T13:49:31-07:00</time><course>301.284</course><roll>-1.673268</roll><pitch>-4.705732</pitch><mode /></trkpt><trkpt lat="35.1137638" lon="-118.4777167"><ele>1319.63</ele><time>2026-04-25T13:49:32-07:00</time><course>300.6186</course><roll>1.004937</roll><pitch>-4.173714</pitch><mode /></trkpt><trkpt lat="35.1137799" lon="-118.4777309"><ele>1320.11</ele><time>2026-04-25T13:49:32-07:00</time><course>300.8175</course><roll>-0.384344</roll><pitch>-3.063176</pitch><mode /></trkpt><trkpt lat="35.1137951" lon="-118.4777433"><ele>1320.96</ele><time>2026-04-25T13:49:32-07:00</time><course>302.6433</course><roll>-0.9459312</roll><pitch>-1.712618</pitch><mode /></trkpt><trkpt lat="35.1138116" lon="-118.4777595"><ele>1321.28</ele><time>2026-04-25T13:49:32-07:00</time><course>303.7937</course><roll>-0.1535043</roll><pitch>-1.504793</pitch><mode /></trkpt><trkpt lat="35.1138294" lon="-118.4777781"><ele>1321.08</ele><time>2026-04-25T13:49:32-07:00</time><course>300.0206</course><roll>-1.219531</roll><pitch>-2.594663</pitch><mode /></trkpt><trkpt lat="35.1138484" lon="-118.4777978"><ele>1320.8</ele><time>2026-04-25T13:49:33-07:00</time><course>298.0855</course><roll>-1.403802</roll><pitch>-4.417934</pitch><mode /></trkpt><trkpt lat="35.113867" lon="-118.4778161"><ele>1320.83</ele><time>2026-04-25T13:49:33-07:00</time><course>293.7769</course><roll>0.389858</roll><pitch>-6.059322</pitch><mode /></trkpt><trkpt lat="35.1138845" lon="-118.4778348"><ele>1320.55</ele><time>2026-04-25T13:49:33-07:00</time><course>288.9296</course><roll>3.723592</roll><pitch>-6.833045</pitch><mode /></trkpt><trkpt lat="35.1139" lon="-118.4778495"><ele>1320.89</ele><time>2026-04-25T13:49:33-07:00</time><course>288.5888</course><roll>4.779905</roll><pitch>-6.960194</pitch><mode /></trkpt><trkpt lat="35.1139147" lon="-118.4778628"><ele>1321.48</ele><time>2026-04-25T13:49:33-07:00</time><course>287.5653</course><roll>2.726986</roll><pitch>-6.870444</pitch><mode /></trkpt><trkpt lat="35.1139288" lon="-118.4778759"><ele>1322.11</ele><time>2026-04-25T13:49:34-07:00</time><course>287.9793</course><roll>0.1544057</roll><pitch>-6.150126</pitch><mode /></trkpt><trkpt lat="35.1139423" lon="-118.4778886"><ele>1322.95</ele><time>2026-04-25T13:49:34-07:00</time><course>286.9647</course><roll>-0.2509566</roll><pitch>-6.222063</pitch><mode /></trkpt><trkpt lat="35.1139561" lon="-118.4779016"><ele>1323.74</ele><time>2026-04-25T13:49:34-07:00</time><course>285.6169</course><roll>-2.269504</roll><pitch>-5.225996</pitch><mode /></trkpt><trkpt lat="35.1139704" lon="-118.4779162"><ele>1324.32</ele><time>2026-04-25T13:49:34-07:00</time><course>285.3845</course><roll>-4.509352</roll><pitch>-3.49949</pitch><mode /></trkpt><trkpt lat="35.1139844" lon="-118.477933"><ele>1324.69</ele><time>2026-04-25T13:49:34-07:00</time><course>290.9357</course><roll>-4.372082</roll><pitch>-2.470434</pitch><mode /></trkpt><trkpt lat="35.1139991" lon="-118.4779499"><ele>1325.13</ele><time>2026-04-25T13:49:35-07:00</time><course>289.311</course><roll>-1.198297</roll><pitch>-3.516192</pitch><mode /></trkpt><trkpt lat="35.1140138" lon="-118.4779665"><ele>1325.79</ele><time>2026-04-25T13:49:35-07:00</time><course>293.909</course><roll>-3.872139</roll><pitch>-2.535193</pitch><mode /></trkpt><trkpt lat="35.1140286" lon="-118.4779837"><ele>1326.35</ele><time>2026-04-25T13:49:35-07:00</time><course>296.0516</course><roll>-5.312385</roll><pitch>-2.108917</pitch><mode /></trkpt><trkpt lat="35.1140443" lon="-118.4780011"><ele>1326.86</ele><time>2026-04-25T13:49:35-07:00</time><course>294.6302</course><roll>-4.343129</roll><pitch>-1.704651</pitch><mode /></trkpt><trkpt lat="35.1140603" lon="-118.4780191"><ele>1327.24</ele><time>2026-04-25T13:49:35-07:00</time><course>293.3135</course><roll>-4.524392</roll><pitch>-1.453249</pitch><mode /></trkpt><trkpt lat="35.1140765" lon="-118.4780379"><ele>1327.53</ele><time>2026-04-25T13:49:36-07:00</time><course>295.444</course><roll>-5.321465</roll><pitch>0.1968004</pitch><mode /></trkpt><trkpt lat="35.114093" lon="-118.4780578"><ele>1327.58</ele><time>2026-04-25T13:49:36-07:00</time><course>296.4345</course><roll>-5.349858</roll><pitch>-0.2464342</pitch><mode /></trkpt><trkpt lat="35.11411" lon="-118.4780777"><ele>1327.68</ele><time>2026-04-25T13:49:36-07:00</time><course>297.1539</course><roll>-9.756411</roll><pitch>-1.423558</pitch><mode /></trkpt><trkpt lat="35.1141275" lon="-118.4780975"><ele>1327.85</ele><time>2026-04-25T13:49:36-07:00</time><course>296.8303</course><roll>-10.18813</roll><pitch>-2.133466</pitch><mode /></trkpt><trkpt lat="35.1141454" lon="-118.4781174"><ele>1328</ele><time>2026-04-25T13:49:36-07:00</time><course>296.8579</course><roll>-10.4554</roll><pitch>-1.964434</pitch><mode /></trkpt><trkpt lat="35.1141636" lon="-118.4781369"><ele>1328.21</ele><time>2026-04-25T13:49:37-07:00</time><course>297.4209</course><roll>-10.25575</roll><pitch>-1.465594</pitch><mode /></trkpt><trkpt lat="35.1141818" lon="-118.4781557"><ele>1328.41</ele><time>2026-04-25T13:49:37-07:00</time><course>299.8596</course><roll>-9.87353</roll><pitch>-1.952204</pitch><mode /></trkpt><trkpt lat="35.1142003" lon="-118.4781752"><ele>1328.45</ele><time>2026-04-25T13:49:37-07:00</time><course>302.8877</course><roll>-10.52879</roll><pitch>-4.061236</pitch><mode /></trkpt><trkpt lat="35.1142193" lon="-118.4781941"><ele>1328.58</ele><time>2026-04-25T13:49:37-07:00</time><course>303.3243</course><roll>-9.923713</roll><pitch>-6.557983</pitch><mode /></trkpt><trkpt lat="35.1142388" lon="-118.4782122"><ele>1328.77</ele><time>2026-04-25T13:49:37-07:00</time><course>302.3584</course><roll>-9.968621</roll><pitch>-7.560101</pitch><mode /></trkpt><trkpt lat="35.1142582" lon="-118.4782294"><ele>1328.96</ele><time>2026-04-25T13:49:38-07:00</time><course>302.0549</course><roll>-7.712258</roll><pitch>-7.00185</pitch><mode /></trkpt><trkpt lat="35.1142773" lon="-118.4782452"><ele>1329.21</ele><time>2026-04-25T13:49:38-07:00</time><course>302.6352</course><roll>-6.956635</roll><pitch>-6.261633</pitch><mode /></trkpt><trkpt lat="35.1142961" lon="-118.478261"><ele>1329.38</ele><time>2026-04-25T13:49:38-07:00</time><course>301.8311</course><roll>-3.761257</roll><pitch>-6.559208</pitch><mode /></trkpt><trkpt lat="35.1143144" lon="-118.478276"><ele>1329.54</ele><time>2026-04-25T13:49:38-07:00</time><course>304.5339</course><roll>-3.400956</roll><pitch>-6.272042</pitch><mode /></trkpt><trkpt lat="35.1143321" lon="-118.4782895"><ele>1329.75</ele><time>2026-04-25T13:49:38-07:00</time><course>304.1803</course><roll>-3.784173</roll><pitch>-6.861397</pitch><mode /></trkpt><trkpt lat="35.1143495" lon="-118.478302"><ele>1330.09</ele><time>2026-04-25T13:49:39-07:00</time><course>303.6199</course><roll>0.2560449</roll><pitch>-5.85953</pitch><mode /></trkpt><trkpt lat="35.1143669" lon="-118.4783145"><ele>1330.41</ele><time>2026-04-25T13:49:39-07:00</time><course>303.5471</course><roll>-0.8360385</roll><pitch>-5.303346</pitch><mode /></trkpt><trkpt lat="35.1143843" lon="-118.478327"><ele>1330.67</ele><time>2026-04-25T13:49:39-07:00</time><course>301.8556</course><roll>-4.649539</roll><pitch>-5.066713</pitch><mode /></trkpt><trkpt lat="35.1144017" lon="-118.4783385"><ele>1330.97</ele><time>2026-04-25T13:49:39-07:00</time><course>299.5072</course><roll>-4.397297</roll><pitch>-5.188043</pitch><mode /></trkpt><trkpt lat="35.1144187" lon="-118.4783488"><ele>1331.51</ele><time>2026-04-25T13:49:39-07:00</time><course>300.1361</course><roll>-4.231232</roll><pitch>-4.472425</pitch><mode /></trkpt><trkpt lat="35.1144358" lon="-118.4783598"><ele>1331.93</ele><time>2026-04-25T13:49:40-07:00</time><course>302.0645</course><roll>-6.222002</roll><pitch>-3.786302</pitch><mode /></trkpt><trkpt lat="35.1144527" lon="-118.4783696"><ele>1332.52</ele><time>2026-04-25T13:49:40-07:00</time><course>300.6175</course><roll>-6.814678</roll><pitch>-4.032153</pitch><mode /></trkpt><trkpt lat="35.1144696" lon="-118.478379"><ele>1333.21</ele><time>2026-04-25T13:49:40-07:00</time><course>298.8176</course><roll>-2.978088</roll><pitch>-3.244829</pitch><mode /></trkpt><trkpt lat="35.1144864" lon="-118.4783889"><ele>1333.7</ele><time>2026-04-25T13:49:40-07:00</time><course>300.1719</course><roll>0.3354231</roll><pitch>-2.834769</pitch><mode /></trkpt><trkpt lat="35.1145033" lon="-118.4783999"><ele>1334.13</ele><time>2026-04-25T13:49:40-07:00</time><course>302.6019</course><roll>2.465209</roll><pitch>-2.570871</pitch><mode /></trkpt><trkpt lat="35.1145201" lon="-118.4784103"><ele>1334.68</ele><time>2026-04-25T13:49:41-07:00</time><course>301.4326</course><roll>1.933764</roll><pitch>-2.990383</pitch><mode /></trkpt><trkpt lat="35.1145373" lon="-118.4784227"><ele>1334.96</ele><time>2026-04-25T13:49:41-07:00</time><course>299.7568</course><roll>0.04952553</roll><pitch>-2.715638</pitch><mode /></trkpt><trkpt lat="35.1145548" lon="-118.4784365"><ele>1335.3</ele><time>2026-04-25T13:49:41-07:00</time><course>300.395</course><roll>-0.8561401</roll><pitch>-1.675827</pitch><mode /></trkpt><trkpt lat="35.1145726" lon="-118.478452"><ele>1335.41</ele><time>2026-04-25T13:49:41-07:00</time><course>300.9801</course><roll>-1.88182</roll><pitch>-2.307132</pitch><mode /></trkpt><trkpt lat="35.1145909" lon="-118.478469"><ele>1335.38</ele><time>2026-04-25T13:49:41-07:00</time><course>302.2035</course><roll>-4.310553</roll><pitch>-2.35821</pitch><mode /></trkpt><trkpt lat="35.1146092" lon="-118.4784844"><ele>1335.67</ele><time>2026-04-25T13:49:42-07:00</time><course>293.1784</course><roll>6.311052</roll><pitch>-0.7383665</pitch><mode /></trkpt><trkpt lat="35.1146266" lon="-118.4785007"><ele>1335.81</ele><time>2026-04-25T13:49:42-07:00</time><course>293.1174</course><roll>12.9225</roll><pitch>0.4382429</pitch><mode /></trkpt><trkpt lat="35.1146423" lon="-118.4785179"><ele>1335.91</ele><time>2026-04-25T13:49:42-07:00</time><course>291.9114</course><roll>18.39767</roll><pitch>0.1842312</pitch><mode /></trkpt><trkpt lat="35.1146565" lon="-118.4785355"><ele>1336.06</ele><time>2026-04-25T13:49:42-07:00</time><course>289.0735</course><roll>22.66704</roll><pitch>-2.179691</pitch><mode /></trkpt><trkpt lat="35.1146687" lon="-118.4785537"><ele>1336.35</ele><time>2026-04-25T13:49:42-07:00</time><course>285.2104</course><roll>28.05659</roll><pitch>-3.114762</pitch><mode /></trkpt><trkpt lat="35.1146784" lon="-118.4785729"><ele>1336.82</ele><time>2026-04-25T13:49:43-07:00</time><course>282.076</course><roll>29.86407</roll><pitch>-3.78116</pitch><mode /></trkpt><trkpt lat="35.1146858" lon="-118.4785935"><ele>1337.33</ele><time>2026-04-25T13:49:43-07:00</time><course>279.1132</course><roll>30.01951</roll><pitch>-3.61143</pitch><mode /></trkpt><trkpt lat="35.1146907" lon="-118.4786152"><ele>1337.86</ele><time>2026-04-25T13:49:43-07:00</time><course>275.5031</course><roll>30.27158</roll><pitch>-2.81444</pitch><mode /></trkpt><trkpt lat="35.1146934" lon="-118.4786365"><ele>1338.5</ele><time>2026-04-25T13:49:43-07:00</time><course>270.7653</course><roll>33.1367</roll><pitch>-1.721426</pitch><mode /></trkpt><trkpt lat="35.1146941" lon="-118.4786583"><ele>1339.08</ele><time>2026-04-25T13:49:43-07:00</time><course>266.8022</course><roll>36.12321</roll><pitch>-1.049069</pitch><mode /></trkpt><trkpt lat="35.1146934" lon="-118.478682"><ele>1339.41</ele><time>2026-04-25T13:49:44-07:00</time><course>260.8515</course><roll>44.06884</roll><pitch>-3.10954</pitch><mode /></trkpt><trkpt lat="35.11469" lon="-118.478705"><ele>1339.75</ele><time>2026-04-25T13:49:44-07:00</time><course>255.1341</course><roll>41.09734</roll><pitch>-5.366074</pitch><mode /></trkpt><trkpt lat="35.1146829" lon="-118.4787257"><ele>1340.4</ele><time>2026-04-25T13:49:44-07:00</time><course>245.8695</course><roll>38.89341</roll><pitch>-5.13953</pitch><mode /></trkpt><trkpt lat="35.114673" lon="-118.478747"><ele>1340.92</ele><time>2026-04-25T13:49:44-07:00</time><course>239.1858</course><roll>39.97252</roll><pitch>-4.344225</pitch><mode /></trkpt><trkpt lat="35.1146605" lon="-118.4787683"><ele>1341.25</ele><time>2026-04-25T13:49:44-07:00</time><course>233.2408</course><roll>36.21903</roll><pitch>-4.099568</pitch><mode /></trkpt><trkpt lat="35.1146455" lon="-118.4787883"><ele>1341.59</ele><time>2026-04-25T13:49:45-07:00</time><course>228.0212</course><roll>31.70802</roll><pitch>-3.253484</pitch><mode /></trkpt><trkpt lat="35.114629" lon="-118.4788063"><ele>1341.96</ele><time>2026-04-25T13:49:45-07:00</time><course>224.2979</course><roll>30.07706</roll><pitch>-2.022576</pitch><mode /></trkpt><trkpt lat="35.1146112" lon="-118.4788247"><ele>1342.04</ele><time>2026-04-25T13:49:45-07:00</time><course>221.1598</course><roll>27.69691</roll><pitch>-0.2520359</pitch><mode /></trkpt><trkpt lat="35.1145922" lon="-118.4788423"><ele>1342.05</ele><time>2026-04-25T13:49:45-07:00</time><course>218.3023</course><roll>25.53442</roll><pitch>0.5145664</pitch><mode /></trkpt><trkpt lat="35.114572" lon="-118.47886"><ele>1341.84</ele><time>2026-04-25T13:49:45-07:00</time><course>215.9918</course><roll>22.00286</roll><pitch>1.266049</pitch><mode /></trkpt><trkpt lat="35.1145506" lon="-118.4788763"><ele>1341.66</ele><time>2026-04-25T13:49:46-07:00</time><course>212.0642</course><roll>22.2814</roll><pitch>2.020244</pitch><mode /></trkpt><trkpt lat="35.1145286" lon="-118.4788911"><ele>1341.51</ele><time>2026-04-25T13:49:46-07:00</time><course>209.9941</course><roll>21.01185</roll><pitch>2.759437</pitch><mode /></trkpt><trkpt lat="35.1145063" lon="-118.4789068"><ele>1341.02</ele><time>2026-04-25T13:49:46-07:00</time><course>207.9882</course><roll>18.84995</roll><pitch>3.217349</pitch><mode /></trkpt><trkpt lat="35.1144834" lon="-118.4789205"><ele>1340.6</ele><time>2026-04-25T13:49:46-07:00</time><course>204.4962</course><roll>16.06309</roll><pitch>2.977351</pitch><mode /></trkpt><trkpt lat="35.1144597" lon="-118.4789334"><ele>1340.18</ele><time>2026-04-25T13:49:46-07:00</time><course>202.398</course><roll>15.50775</roll><pitch>3.20023</pitch><mode /></trkpt><trkpt lat="35.1144356" lon="-118.478944"><ele>1339.95</ele><time>2026-04-25T13:49:47-07:00</time><course>202.5445</course><roll>12.50193</roll><pitch>2.955245</pitch><mode /></trkpt><trkpt lat="35.1144111" lon="-118.4789541"><ele>1339.67</ele><time>2026-04-25T13:49:47-07:00</time><course>200.7906</course><roll>12.60044</roll><pitch>3.566786</pitch><mode /></trkpt><trkpt lat="35.114386" lon="-118.4789645"><ele>1339.15</ele><time>2026-04-25T13:49:47-07:00</time><course>200.4775</course><roll>12.74819</roll><pitch>4.714704</pitch><mode /></trkpt><trkpt lat="35.1143605" lon="-118.4789731"><ele>1338.63</ele><time>2026-04-25T13:49:47-07:00</time><course>203.0124</course><roll>13.82679</roll><pitch>4.676766</pitch><mode /></trkpt><trkpt lat="35.1143351" lon="-118.4789821"><ele>1337.82</ele><time>2026-04-25T13:49:47-07:00</time><course>199.5214</course><roll>13.62397</roll><pitch>5.227489</pitch><mode /></trkpt><trkpt lat="35.1143091" lon="-118.4789884"><ele>1337.28</ele><time>2026-04-25T13:49:48-07:00</time><course>196.2122</course><roll>12.66676</roll><pitch>5.931736</pitch><mode /></trkpt><trkpt lat="35.1142824" lon="-118.4789934"><ele>1336.68</ele><time>2026-04-25T13:49:48-07:00</time><course>196.6633</course><roll>12.33308</roll><pitch>5.78346</pitch><mode /></trkpt><trkpt lat="35.1142555" lon="-118.4789978"><ele>1336.02</ele><time>2026-04-25T13:49:48-07:00</time><course>195.6361</course><roll>8.589717</roll><pitch>4.563264</pitch><mode /></trkpt><trkpt lat="35.1142283" lon="-118.4790019"><ele>1335.37</ele><time>2026-04-25T13:49:48-07:00</time><course>192.4387</course><roll>7.04727</roll><pitch>4.804974</pitch><mode /></trkpt><trkpt lat="35.1142008" lon="-118.4790045"><ele>1334.72</ele><time>2026-04-25T13:49:48-07:00</time><course>192.1544</course><roll>4.591915</roll><pitch>4.62965</pitch><mode /></trkpt><trkpt lat="35.1141731" lon="-118.4790061"><ele>1334.1</ele><time>2026-04-25T13:49:49-07:00</time><course>190.7504</course><roll>3.812963</roll><pitch>3.697591</pitch><mode /></trkpt><trkpt lat="35.1141448" lon="-118.4790069"><ele>1333.6</ele><time>2026-04-25T13:49:49-07:00</time><course>190.7629</course><roll>4.244438</roll><pitch>3.327316</pitch><mode /></trkpt><trkpt lat="35.1141161" lon="-118.479007"><ele>1333.07</ele><time>2026-04-25T13:49:49-07:00</time><course>191.385</course><roll>3.177407</roll><pitch>2.944808</pitch><mode /></trkpt><trkpt lat="35.1140874" lon="-118.4790069"><ele>1332.55</ele><time>2026-04-25T13:49:49-07:00</time><course>189.8151</course><roll>2.505456</roll><pitch>2.258365</pitch><mode /></trkpt><trkpt lat="35.1140586" lon="-118.4790058"><ele>1332.16</ele><time>2026-04-25T13:49:49-07:00</time><course>188.7294</course><roll>0.151222</roll><pitch>2.135581</pitch><mode /></trkpt><trkpt lat="35.1140296" lon="-118.4790039"><ele>1331.89</ele><time>2026-04-25T13:49:50-07:00</time><course>188.1618</course><roll>0.5213418</roll><pitch>1.994995</pitch><mode /></trkpt><trkpt lat="35.1140007" lon="-118.4790013"><ele>1331.69</ele><time>2026-04-25T13:49:50-07:00</time><course>188.6848</course><roll>0.4625923</roll><pitch>1.794415</pitch><mode /></trkpt><trkpt lat="35.1139719" lon="-118.4789994"><ele>1331.42</ele><time>2026-04-25T13:49:50-07:00</time><course>185.563</course><roll>-0.4442299</roll><pitch>1.711115</pitch><mode /></trkpt><trkpt lat="35.1139434" lon="-118.4789973"><ele>1331.16</ele><time>2026-04-25T13:49:50-07:00</time><course>186.0065</course><roll>-2.046881</roll><pitch>2.394195</pitch><mode /></trkpt><trkpt lat="35.1139153" lon="-118.4789948"><ele>1330.76</ele><time>2026-04-25T13:49:50-07:00</time><course>186.1779</course><roll>-2.946656</roll><pitch>1.997358</pitch><mode /></trkpt><trkpt lat="35.1138872" lon="-118.4789922"><ele>1330.34</ele><time>2026-04-25T13:49:51-07:00</time><course>185.2898</course><roll>-2.324902</roll><pitch>1.347643</pitch><mode /></trkpt><trkpt lat="35.1138588" lon="-118.4789894"><ele>1330.05</ele><time>2026-04-25T13:49:51-07:00</time><course>185.1287</course><roll>-3.410208</roll><pitch>1.557582</pitch><mode /></trkpt><trkpt lat="35.1138305" lon="-118.4789866"><ele>1329.75</ele><time>2026-04-25T13:49:51-07:00</time><course>184.0687</course><roll>-2.024553</roll><pitch>1.858308</pitch><mode /></trkpt><trkpt lat="35.1138022" lon="-118.4789836"><ele>1329.48</ele><time>2026-04-25T13:49:51-07:00</time><course>183.7137</course><roll>-2.978378</roll><pitch>1.369217</pitch><mode /></trkpt><trkpt lat="35.1137739" lon="-118.4789804"><ele>1329.11</ele><time>2026-04-25T13:49:51-07:00</time><course>183.7178</course><roll>-3.899847</roll><pitch>1.235404</pitch><mode /></trkpt><trkpt lat="35.1137453" lon="-118.4789773"><ele>1328.7</ele><time>2026-04-25T13:49:52-07:00</time><course>185.4726</course><roll>-3.657326</roll><pitch>1.947696</pitch><mode /></trkpt><trkpt lat="35.1137168" lon="-118.4789739"><ele>1328.28</ele><time>2026-04-25T13:49:52-07:00</time><course>186.3512</course><roll>-3.017885</roll><pitch>1.327571</pitch><mode /></trkpt><trkpt lat="35.1136883" lon="-118.4789703"><ele>1327.86</ele><time>2026-04-25T13:49:52-07:00</time><course>187.3376</course><roll>-4.300053</roll><pitch>1.390277</pitch><mode /></trkpt><trkpt lat="35.1136595" lon="-118.4789666"><ele>1327.53</ele><time>2026-04-25T13:49:52-07:00</time><course>188.2702</course><roll>-4.805649</roll><pitch>1.449509</pitch><mode /></trkpt><trkpt lat="35.1136312" lon="-118.4789632"><ele>1327.07</ele><time>2026-04-25T13:49:52-07:00</time><course>189.04</course><roll>-5.559293</roll><pitch>0.3659622</pitch><mode /></trkpt><trkpt lat="35.1136031" lon="-118.47896"><ele>1326.66</ele><time>2026-04-25T13:49:53-07:00</time><course>189.2147</course><roll>-4.164618</roll><pitch>-0.7324015</pitch><mode /></trkpt><trkpt lat="35.1135749" lon="-118.4789574"><ele>1326.41</ele><time>2026-04-25T13:49:53-07:00</time><course>188.8291</course><roll>-7.070174</roll><pitch>-0.8655404</pitch><mode /></trkpt><trkpt lat="35.1135465" lon="-118.4789543"><ele>1326.36</ele><time>2026-04-25T13:49:53-07:00</time><course>193.7358</course><roll>-7.919861</roll><pitch>0.3354112</pitch><mode /></trkpt><trkpt lat="35.1135183" lon="-118.4789512"><ele>1326.16</ele><time>2026-04-25T13:49:53-07:00</time><course>193.5789</course><roll>-9.672774</roll><pitch>0.33997</pitch><mode /></trkpt><trkpt lat="35.1134907" lon="-118.4789485"><ele>1325.97</ele><time>2026-04-25T13:49:53-07:00</time><course>193.6052</course><roll>-6.863103</roll><pitch>0.5859334</pitch><mode /></trkpt><trkpt lat="35.113463" lon="-118.4789459"><ele>1325.78</ele><time>2026-04-25T13:49:54-07:00</time><course>193.7139</course><roll>-6.634716</roll><pitch>-0.06819381</pitch><mode /></trkpt><trkpt lat="35.1134354" lon="-118.4789438"><ele>1325.48</ele><time>2026-04-25T13:49:54-07:00</time><course>192.3595</course><roll>-4.218256</roll><pitch>-0.5141218</pitch><mode /></trkpt><trkpt lat="35.113408" lon="-118.4789416"><ele>1325.23</ele><time>2026-04-25T13:49:54-07:00</time><course>192.8365</course><roll>0.4083012</roll><pitch>-0.3152091</pitch><mode /></trkpt><trkpt lat="35.1133808" lon="-118.4789393"><ele>1324.88</ele><time>2026-04-25T13:49:54-07:00</time><course>194.745</course><roll>-2.888072</roll><pitch>-0.5547517</pitch><mode /></trkpt><trkpt lat="35.1133536" lon="-118.478937"><ele>1324.53</ele><time>2026-04-25T13:49:54-07:00</time><course>195.0016</course><roll>-5.641744</roll><pitch>-0.07729626</pitch><mode /></trkpt><trkpt lat="35.1133261" lon="-118.4789348"><ele>1324.18</ele><time>2026-04-25T13:49:55-07:00</time><course>196.2335</course><roll>-7.134999</roll><pitch>-0.412702</pitch><mode /></trkpt><trkpt lat="35.1132986" lon="-118.4789331"><ele>1323.76</ele><time>2026-04-25T13:49:55-07:00</time><course>196.4708</course><roll>-9.730021</roll><pitch>-0.9956734</pitch><mode /></trkpt><trkpt lat="35.1132712" lon="-118.4789317"><ele>1323.48</ele><time>2026-04-25T13:49:55-07:00</time><course>196.8763</course><roll>-9.800722</roll><pitch>-1.435326</pitch><mode /></trkpt><trkpt lat="35.1132438" lon="-118.4789307"><ele>1323.3</ele><time>2026-04-25T13:49:55-07:00</time><course>196.5482</course><roll>-6.849682</roll><pitch>-1.644349</pitch><mode /></trkpt><trkpt lat="35.1132163" lon="-118.4789303"><ele>1323.07</ele><time>2026-04-25T13:49:55-07:00</time><course>196.2489</course><roll>-6.679075</roll><pitch>-2.05729</pitch><mode /></trkpt><trkpt lat="35.1131891" lon="-118.4789301"><ele>1322.81</ele><time>2026-04-25T13:49:56-07:00</time><course>196.4093</course><roll>-6.60897</roll><pitch>-2.308339</pitch><mode /></trkpt><trkpt lat="35.1131618" lon="-118.47893"><ele>1322.59</ele><time>2026-04-25T13:49:56-07:00</time><course>197.7144</course><roll>-8.045801</roll><pitch>-1.686486</pitch><mode /></trkpt><trkpt lat="35.1131345" lon="-118.4789304"><ele>1322.6</ele><time>2026-04-25T13:49:56-07:00</time><course>195.1352</course><roll>-6.080242</roll><pitch>-1.408985</pitch><mode /></trkpt><trkpt lat="35.1131073" lon="-118.4789313"><ele>1322.42</ele><time>2026-04-25T13:49:56-07:00</time><course>194.6244</course><roll>-6.044529</roll><pitch>-1.349386</pitch><mode /></trkpt><trkpt lat="35.11308" lon="-118.4789321"><ele>1322.26</ele><time>2026-04-25T13:49:56-07:00</time><course>194.4959</course><roll>-7.253351</roll><pitch>-1.39096</pitch><mode /></trkpt><trkpt lat="35.1130526" lon="-118.4789331"><ele>1322.26</ele><time>2026-04-25T13:49:57-07:00</time><course>195.43</course><roll>-5.634563</roll><pitch>-0.4104953</pitch><mode /></trkpt><trkpt lat="35.1130251" lon="-118.4789342"><ele>1322.17</ele><time>2026-04-25T13:49:57-07:00</time><course>195.8035</course><roll>-2.376554</roll><pitch>-0.08111799</pitch><mode /></trkpt><trkpt lat="35.1129978" lon="-118.4789358"><ele>1322.21</ele><time>2026-04-25T13:49:57-07:00</time><course>193.7501</course><roll>-5.260871</roll><pitch>-0.06510381</pitch><mode /></trkpt><trkpt lat="35.1129709" lon="-118.4789375"><ele>1322.19</ele><time>2026-04-25T13:49:57-07:00</time><course>195.3138</course><roll>-8.554213</roll><pitch>1.454847</pitch><mode /></trkpt><trkpt lat="35.1129436" lon="-118.4789391"><ele>1322.29</ele><time>2026-04-25T13:49:57-07:00</time><course>194.7912</course><roll>-3.87921</roll><pitch>2.624353</pitch><mode /></trkpt><trkpt lat="35.1129169" lon="-118.4789408"><ele>1322.23</ele><time>2026-04-25T13:49:58-07:00</time><course>195.2505</course><roll>-1.309203</roll><pitch>3.388183</pitch><mode /></trkpt><trkpt lat="35.1128903" lon="-118.4789422"><ele>1322.22</ele><time>2026-04-25T13:49:58-07:00</time><course>195.9086</course><roll>-1.817219</roll><pitch>3.369301</pitch><mode /></trkpt><trkpt lat="35.1128631" lon="-118.4789439"><ele>1322.11</ele><time>2026-04-25T13:49:58-07:00</time><course>194.4064</course><roll>-3.187488</roll><pitch>3.200887</pitch><mode /></trkpt><trkpt lat="35.1128358" lon="-118.4789452"><ele>1321.89</ele><time>2026-04-25T13:49:58-07:00</time><course>198.6227</course><roll>-2.387673</roll><pitch>4.465782</pitch><mode /></trkpt><trkpt lat="35.1128085" lon="-118.4789464"><ele>1321.45</ele><time>2026-04-25T13:49:58-07:00</time><course>200.4675</course><roll>-0.7506006</roll><pitch>3.153237</pitch><mode /></trkpt><trkpt lat="35.112781" lon="-118.4789481"><ele>1321.15</ele><time>2026-04-25T13:49:59-07:00</time><course>198.8499</course><roll>7.179492</roll><pitch>2.342077</pitch><mode /></trkpt><trkpt lat="35.1127531" lon="-118.4789495"><ele>1320.97</ele><time>2026-04-25T13:49:59-07:00</time><course>198.7715</course><roll>5.186969</roll><pitch>1.778197</pitch><mode /></trkpt><trkpt lat="35.112725" lon="-118.4789507"><ele>1320.7</ele><time>2026-04-25T13:49:59-07:00</time><course>192.056</course><roll>12.27816</roll><pitch>2.936657</pitch><mode /></trkpt><trkpt lat="35.1126693" lon="-118.4789479"><ele>1320.31</ele><time>2026-04-25T13:49:59-07:00</time><course>184.3233</course><roll>29.92952</roll><pitch>4.105933</pitch><mode /></trkpt><trkpt lat="35.1126408" lon="-118.4789422"><ele>1320.06</ele><time>2026-04-25T13:50:00-07:00</time><course>179.0332</course><roll>31.94622</roll><pitch>1.42797</pitch><mode /></trkpt><trkpt lat="35.1126124" lon="-118.4789326"><ele>1319.9</ele><time>2026-04-25T13:50:00-07:00</time><course>176.8511</course><roll>36.57924</roll><pitch>-0.4864973</pitch><mode /></trkpt><trkpt lat="35.1125836" lon="-118.4789189"><ele>1319.94</ele><time>2026-04-25T13:50:00-07:00</time><course>171.197</course><roll>37.36062</roll><pitch>-0.394531</pitch><mode /></trkpt><trkpt lat="35.1125554" lon="-118.4789015"><ele>1320.01</ele><time>2026-04-25T13:50:00-07:00</time><course>165.062</course><roll>40.05717</roll><pitch>2.213032</pitch><mode /></trkpt><trkpt lat="35.1125283" lon="-118.4788801"><ele>1320.09</ele><time>2026-04-25T13:50:00-07:00</time><course>161.7043</course><roll>41.38798</roll><pitch>1.941692</pitch><mode /></trkpt><trkpt lat="35.1125021" lon="-118.4788566"><ele>1319.99</ele><time>2026-04-25T13:50:01-07:00</time><course>153.1045</course><roll>42.93436</roll><pitch>4.432832</pitch><mode /></trkpt><trkpt lat="35.1124768" lon="-118.4788305"><ele>1319.81</ele><time>2026-04-25T13:50:01-07:00</time><course>145.6947</course><roll>39.28509</roll><pitch>5.437866</pitch><mode /></trkpt><trkpt lat="35.1124525" lon="-118.478801"><ele>1319.54</ele><time>2026-04-25T13:50:01-07:00</time><course>141.1988</course><roll>38.703</roll><pitch>4.145405</pitch><mode /></trkpt><trkpt lat="35.1124301" lon="-118.4787684"><ele>1319.38</ele><time>2026-04-25T13:50:01-07:00</time><course>134.0862</course><roll>37.51853</roll><pitch>5.313436</pitch><mode /></trkpt><trkpt lat="35.1124093" lon="-118.4787332"><ele>1319.27</ele><time>2026-04-25T13:50:01-07:00</time><course>126.5751</course><roll>39.87377</roll><pitch>5.513659</pitch><mode /></trkpt><trkpt lat="35.1123909" lon="-118.4786953"><ele>1319.1</ele><time>2026-04-25T13:50:02-07:00</time><course>123.1845</course><roll>48.99282</roll><pitch>3.104744</pitch><mode /></trkpt><trkpt lat="35.1123757" lon="-118.4786551"><ele>1318.94</ele><time>2026-04-25T13:50:02-07:00</time><course>115.0601</course><roll>47.03955</roll><pitch>3.218065</pitch><mode /></trkpt><trkpt lat="35.1123637" lon="-118.478613"><ele>1319.07</ele><time>2026-04-25T13:50:02-07:00</time><course>104.632</course><roll>48.30384</roll><pitch>6.322311</pitch><mode /></trkpt><trkpt lat="35.1123554" lon="-118.4785691"><ele>1319.3</ele><time>2026-04-25T13:50:02-07:00</time><course>98.57257</course><roll>47.97715</roll><pitch>3.812466</pitch><mode /></trkpt><trkpt lat="35.1123501" lon="-118.478525"><ele>1319.69</ele><time>2026-04-25T13:50:02-07:00</time><course>92.65991</course><roll>47.42934</roll><pitch>1.963651</pitch><mode /></trkpt><trkpt lat="35.1123484" lon="-118.4784801"><ele>1319.79</ele><time>2026-04-25T13:50:03-07:00</time><course>85.52624</course><roll>45.90407</roll><pitch>1.800377</pitch><mode /></trkpt><trkpt lat="35.1123527" lon="-118.4784353"><ele>1319.98</ele><time>2026-04-25T13:50:03-07:00</time><course>78.64121</course><roll>42.8194</roll><pitch>2.843215</pitch><mode /></trkpt><trkpt lat="35.1123606" lon="-118.4783914"><ele>1320.17</ele><time>2026-04-25T13:50:03-07:00</time><course>73.05693</course><roll>42.16714</roll><pitch>3.119988</pitch><mode /></trkpt><trkpt lat="35.1123719" lon="-118.4783481"><ele>1320.26</ele><time>2026-04-25T13:50:03-07:00</time><course>67.72938</course><roll>44.03323</roll><pitch>2.76588</pitch><mode /></trkpt><trkpt lat="35.1123871" lon="-118.4783061"><ele>1320.41</ele><time>2026-04-25T13:50:03-07:00</time><course>60.79091</course><roll>48.66998</roll><pitch>3.6428</pitch><mode /></trkpt><trkpt lat="35.1124049" lon="-118.4782657"><ele>1320.42</ele><time>2026-04-25T13:50:04-07:00</time><course>53.61265</course><roll>47.87472</roll><pitch>3.078598</pitch><mode /></trkpt><trkpt lat="35.1124263" lon="-118.4782278"><ele>1320.42</ele><time>2026-04-25T13:50:04-07:00</time><course>47.09893</course><roll>45.94318</roll><pitch>1.899906</pitch><mode /></trkpt><trkpt lat="35.1124509" lon="-118.4781934"><ele>1320.24</ele><time>2026-04-25T13:50:04-07:00</time><course>40.01857</course><roll>47.97927</roll><pitch>2.503393</pitch><mode /></trkpt><trkpt lat="35.1124785" lon="-118.4781632"><ele>1320.24</ele><time>2026-04-25T13:50:04-07:00</time><course>33.76062</course><roll>41.21954</roll><pitch>1.80762</pitch><mode /></trkpt><trkpt lat="35.1125083" lon="-118.4781361"><ele>1320.29</ele><time>2026-04-25T13:50:04-07:00</time><course>25.0424</course><roll>42.04336</roll><pitch>5.60813</pitch><mode /></trkpt><trkpt lat="35.1125392" lon="-118.4781108"><ele>1319.94</ele><time>2026-04-25T13:50:05-07:00</time><course>21.1594</course><roll>40.96321</roll><pitch>3.773067</pitch><mode /></trkpt><trkpt lat="35.1125716" lon="-118.4780879"><ele>1319.58</ele><time>2026-04-25T13:50:05-07:00</time><course>14.7752</course><roll>38.51424</roll><pitch>3.831059</pitch><mode /></trkpt><trkpt lat="35.112605" lon="-118.4780676"><ele>1319.08</ele><time>2026-04-25T13:50:05-07:00</time><course>6.956595</course><roll>42.42439</roll><pitch>5.688523</pitch><mode /></trkpt><trkpt lat="35.1126391" lon="-118.4780501"><ele>1318.34</ele><time>2026-04-25T13:50:05-07:00</time><course>0.2105066</course><roll>41.05675</roll><pitch>3.753968</pitch><mode /></trkpt><trkpt lat="35.1126738" lon="-118.4780378"><ele>1317.81</ele><time>2026-04-25T13:50:05-07:00</time><course>354.4817</course><roll>40.02104</roll><pitch>2.300889</pitch><mode /></trkpt><trkpt lat="35.112709" lon="-118.4780306"><ele>1317.42</ele><time>2026-04-25T13:50:06-07:00</time><course>348.8309</course><roll>34.99891</roll><pitch>1.758258</pitch><mode /></trkpt><trkpt lat="35.1127441" lon="-118.4780268"><ele>1317.13</ele><time>2026-04-25T13:50:06-07:00</time><course>345.6745</course><roll>31.63045</roll><pitch>1.339093</pitch><mode /></trkpt><trkpt lat="35.1127783" lon="-118.4780258"><ele>1316.98</ele><time>2026-04-25T13:50:06-07:00</time><course>342.2096</course><roll>25.86674</roll><pitch>0.6167209</pitch><mode /></trkpt><trkpt lat="35.1128114" lon="-118.4780282"><ele>1316.98</ele><time>2026-04-25T13:50:06-07:00</time><course>339.0851</course><roll>22.38174</roll><pitch>1.964259</pitch><mode /></trkpt><trkpt lat="35.1128444" lon="-118.4780322"><ele>1316.95</ele><time>2026-04-25T13:50:06-07:00</time><course>335.45</course><roll>19.40841</roll><pitch>1.641839</pitch><mode /></trkpt><trkpt lat="35.1128772" lon="-118.4780368"><ele>1316.82</ele><time>2026-04-25T13:50:07-07:00</time><course>327.1821</course><roll>15.7546</roll><pitch>1.822053</pitch><mode /></trkpt><trkpt lat="35.1129094" lon="-118.4780431"><ele>1316.63</ele><time>2026-04-25T13:50:07-07:00</time><course>324.8962</course><roll>17.25222</roll><pitch>0.03244516</pitch><mode /></trkpt><trkpt lat="35.1129398" lon="-118.4780508"><ele>1316.57</ele><time>2026-04-25T13:50:07-07:00</time><course>326.3104</course><roll>14.36445</roll><pitch>-2.293914</pitch><mode /></trkpt><trkpt lat="35.1129691" lon="-118.4780593"><ele>1316.58</ele><time>2026-04-25T13:50:07-07:00</time><course>325.6976</course><roll>10.87893</roll><pitch>-2.774759</pitch><mode /></trkpt><trkpt lat="35.1129976" lon="-118.4780683"><ele>1316.66</ele><time>2026-04-25T13:50:07-07:00</time><course>325.4195</course><roll>9.729536</roll><pitch>-2.49991</pitch><mode /></trkpt><trkpt lat="35.1130255" lon="-118.4780782"><ele>1316.85</ele><time>2026-04-25T13:50:08-07:00</time><course>324.6961</course><roll>9.261847</roll><pitch>-1.841382</pitch><mode /></trkpt><trkpt lat="35.1130529" lon="-118.478089"><ele>1317.02</ele><time>2026-04-25T13:50:08-07:00</time><course>324.3239</course><roll>7.949257</roll><pitch>-1.557597</pitch><mode /></trkpt><trkpt lat="35.1130796" lon="-118.4781002"><ele>1317.2</ele><time>2026-04-25T13:50:08-07:00</time><course>324.5448</course><roll>5.061335</roll><pitch>-1.445475</pitch><mode /></trkpt><trkpt lat="35.1131056" lon="-118.4781118"><ele>1317.41</ele><time>2026-04-25T13:50:08-07:00</time><course>324.6736</course><roll>3.825164</roll><pitch>-0.4062673</pitch><mode /></trkpt><trkpt lat="35.1131315" lon="-118.4781231"><ele>1317.63</ele><time>2026-04-25T13:50:08-07:00</time><course>323.9406</course><roll>-0.0716157</roll><pitch>-0.8707507</pitch><mode /></trkpt><trkpt lat="35.1131577" lon="-118.4781345"><ele>1317.7</ele><time>2026-04-25T13:50:09-07:00</time><course>322.1568</course><roll>-2.462057</roll><pitch>-1.201571</pitch><mode /></trkpt><trkpt lat="35.1131832" lon="-118.4781451"><ele>1317.97</ele><time>2026-04-25T13:50:09-07:00</time><course>321.5361</course><roll>-4.941469</roll><pitch>-0.5943256</pitch><mode /></trkpt><trkpt lat="35.1132083" lon="-118.4781557"><ele>1318.01</ele><time>2026-04-25T13:50:09-07:00</time><course>321.5871</course><roll>-6.458784</roll><pitch>-0.8674343</pitch><mode /></trkpt><trkpt lat="35.1132339" lon="-118.4781666"><ele>1317.75</ele><time>2026-04-25T13:50:09-07:00</time><course>318.8629</course><roll>-5.696275</roll><pitch>-2.060046</pitch><mode /></trkpt><trkpt lat="35.1132593" lon="-118.478176"><ele>1317.89</ele><time>2026-04-25T13:50:09-07:00</time><course>319.9421</course><roll>-9.247755</roll><pitch>-1.908612</pitch><mode /></trkpt><trkpt lat="35.1132843" lon="-118.4781846"><ele>1318.02</ele><time>2026-04-25T13:50:10-07:00</time><course>320.0373</course><roll>-9.032804</roll><pitch>-3.270364</pitch><mode /></trkpt><trkpt lat="35.1133095" lon="-118.4781932"><ele>1317.88</ele><time>2026-04-25T13:50:10-07:00</time><course>320.6936</course><roll>-10.6045</roll><pitch>-4.153051</pitch><mode /></trkpt><trkpt lat="35.1133343" lon="-118.478201"><ele>1317.84</ele><time>2026-04-25T13:50:10-07:00</time><course>323.5844</course><roll>-10.82414</roll><pitch>-4.575957</pitch><mode /></trkpt><trkpt lat="35.1133594" lon="-118.4782086"><ele>1317.74</ele><time>2026-04-25T13:50:10-07:00</time><course>323.5486</course><roll>-9.34538</roll><pitch>-4.565208</pitch><mode /></trkpt><trkpt lat="35.1133845" lon="-118.4782149"><ele>1317.79</ele><time>2026-04-25T13:50:10-07:00</time><course>325.8982</course><roll>-12.8573</roll><pitch>-4.013114</pitch><mode /></trkpt><trkpt lat="35.11341" lon="-118.4782206"><ele>1317.89</ele><time>2026-04-25T13:50:11-07:00</time><course>323.6669</course><roll>-14.07926</roll><pitch>-4.872493</pitch><mode /></trkpt><trkpt lat="35.1134359" lon="-118.4782256"><ele>1317.97</ele><time>2026-04-25T13:50:11-07:00</time><course>319.6015</course><roll>-12.45735</roll><pitch>-4.911839</pitch><mode /></trkpt><trkpt lat="35.1134615" lon="-118.4782305"><ele>1317.97</ele><time>2026-04-25T13:50:11-07:00</time><course>322.2471</course><roll>-13.14857</roll><pitch>-3.433326</pitch><mode /></trkpt><trkpt lat="35.1134872" lon="-118.4782352"><ele>1317.96</ele><time>2026-04-25T13:50:11-07:00</time><course>325.3814</course><roll>-14.06084</roll><pitch>-3.03593</pitch><mode /></trkpt><trkpt lat="35.1135135" lon="-118.4782394"><ele>1317.86</ele><time>2026-04-25T13:50:11-07:00</time><course>326.3413</course><roll>-15.15228</roll><pitch>-3.52018</pitch><mode /></trkpt><trkpt lat="35.1135399" lon="-118.478243"><ele>1317.84</ele><time>2026-04-25T13:50:12-07:00</time><course>329.507</course><roll>-14.03578</roll><pitch>-2.976011</pitch><mode /></trkpt><trkpt lat="35.1135664" lon="-118.4782461"><ele>1317.78</ele><time>2026-04-25T13:50:12-07:00</time><course>329.9298</course><roll>-13.19246</roll><pitch>-3.188875</pitch><mode /></trkpt><trkpt lat="35.1135928" lon="-118.4782474"><ele>1317.81</ele><time>2026-04-25T13:50:12-07:00</time><course>328.4425</course><roll>-11.65099</roll><pitch>-3.937736</pitch><mode /></trkpt><trkpt lat="35.1136193" lon="-118.4782488"><ele>1317.65</ele><time>2026-04-25T13:50:12-07:00</time><course>329.6883</course><roll>-10.96344</roll><pitch>-3.990128</pitch><mode /></trkpt><trkpt lat="35.1136459" lon="-118.4782505"><ele>1317.35</ele><time>2026-04-25T13:50:12-07:00</time><course>333.291</course><roll>-13.28188</roll><pitch>-3.322592</pitch><mode /></trkpt><trkpt lat="35.1136724" lon="-118.4782512"><ele>1317.14</ele><time>2026-04-25T13:50:13-07:00</time><course>334.8838</course><roll>-13.76594</roll><pitch>-4.61891</pitch><mode /></trkpt><trkpt lat="35.1136993" lon="-118.4782513"><ele>1316.92</ele><time>2026-04-25T13:50:13-07:00</time><course>335.9521</course><roll>-13.34196</roll><pitch>-4.581149</pitch><mode /></trkpt><trkpt lat="35.1137261" lon="-118.4782501"><ele>1317</ele><time>2026-04-25T13:50:13-07:00</time><course>336.1683</course><roll>-14.48728</roll><pitch>-4.934674</pitch><mode /></trkpt><trkpt lat="35.113753" lon="-118.4782484"><ele>1316.98</ele><time>2026-04-25T13:50:13-07:00</time><course>335.3613</course><roll>-11.29916</roll><pitch>-4.671534</pitch><mode /></trkpt><trkpt lat="35.1137793" lon="-118.4782458"><ele>1317.1</ele><time>2026-04-25T13:50:13-07:00</time><course>339.2393</course><roll>-12.29826</roll><pitch>-3.409584</pitch><mode /></trkpt><trkpt lat="35.1138058" lon="-118.4782429"><ele>1317.12</ele><time>2026-04-25T13:50:14-07:00</time><course>340.9319</course><roll>-13.06205</roll><pitch>-3.733171</pitch><mode /></trkpt><trkpt lat="35.1138327" lon="-118.4782383"><ele>1317.29</ele><time>2026-04-25T13:50:14-07:00</time><course>342.203</course><roll>-13.59286</roll><pitch>-3.66992</pitch><mode /></trkpt><trkpt lat="35.1138591" lon="-118.4782325"><ele>1317.61</ele><time>2026-04-25T13:50:14-07:00</time><course>345.9485</course><roll>-18.76529</roll><pitch>-2.91205</pitch><mode /></trkpt><trkpt lat="35.1138852" lon="-118.4782266"><ele>1317.68</ele><time>2026-04-25T13:50:14-07:00</time><course>354.3972</course><roll>-30.1751</roll><pitch>-3.156296</pitch><mode /></trkpt><trkpt lat="35.1139119" lon="-118.4782181"><ele>1317.74</ele><time>2026-04-25T13:50:14-07:00</time><course>357.9357</course><roll>-35.19605</roll><pitch>-5.395066</pitch><mode /></trkpt><trkpt lat="35.1139396" lon="-118.4782064"><ele>1317.88</ele><time>2026-04-25T13:50:15-07:00</time><course>3.261375</course><roll>-39.34163</roll><pitch>-4.889465</pitch><mode /></trkpt><trkpt lat="35.113967" lon="-118.4781917"><ele>1318.2</ele><time>2026-04-25T13:50:15-07:00</time><course>10.15835</course><roll>-41.86354</roll><pitch>-3.970428</pitch><mode /></trkpt><trkpt lat="35.113994" lon="-118.478175"><ele>1318.27</ele><time>2026-04-25T13:50:15-07:00</time><course>17.28441</course><roll>-39.24921</roll><pitch>-4.607519</pitch><mode /></trkpt><trkpt lat="35.1140201" lon="-118.4781538"><ele>1318.55</ele><time>2026-04-25T13:50:15-07:00</time><course>21.81866</course><roll>-42.46657</roll><pitch>-6.149354</pitch><mode /></trkpt><trkpt lat="35.1140447" lon="-118.4781294"><ele>1318.76</ele><time>2026-04-25T13:50:15-07:00</time><course>25.84214</course><roll>-42.08722</roll><pitch>-7.695451</pitch><mode /></trkpt><trkpt lat="35.1140681" lon="-118.478103"><ele>1318.8</ele><time>2026-04-25T13:50:16-07:00</time><course>31.69544</course><roll>-42.88145</roll><pitch>-6.959462</pitch><mode /></trkpt><trkpt lat="35.1140904" lon="-118.4780742"><ele>1318.77</ele><time>2026-04-25T13:50:16-07:00</time><course>34.9384</course><roll>-43.02288</roll><pitch>-6.891777</pitch><mode /></trkpt><trkpt lat="35.1141114" lon="-118.4780432"><ele>1318.6</ele><time>2026-04-25T13:50:16-07:00</time><course>39.97741</course><roll>-42.45714</roll><pitch>-5.809038</pitch><mode /></trkpt><trkpt lat="35.1141305" lon="-118.4780094"><ele>1318.51</ele><time>2026-04-25T13:50:16-07:00</time><course>45.91885</course><roll>-44.98562</roll><pitch>-5.46131</pitch><mode /></trkpt><trkpt lat="35.1141476" lon="-118.477973"><ele>1318.32</ele><time>2026-04-25T13:50:16-07:00</time><course>48.45903</course><roll>-46.25651</roll><pitch>-9.28579</pitch><mode /></trkpt><trkpt lat="35.1141623" lon="-118.4779347"><ele>1318.2</ele><time>2026-04-25T13:50:17-07:00</time><course>55.32106</course><roll>-46.85025</roll><pitch>-6.402507</pitch><mode /></trkpt><trkpt lat="35.1141754" lon="-118.4778948"><ele>1318.12</ele><time>2026-04-25T13:50:17-07:00</time><course>61.41693</course><roll>-48.3434</roll><pitch>-4.072482</pitch><mode /></trkpt><trkpt lat="35.1141871" lon="-118.4778531"><ele>1317.88</ele><time>2026-04-25T13:50:17-07:00</time><course>68.46127</course><roll>-42.67661</roll><pitch>-4.96097</pitch><mode /></trkpt><trkpt lat="35.1141961" lon="-118.4778104"><ele>1317.5</ele><time>2026-04-25T13:50:17-07:00</time><course>77.61436</course><roll>-45.56831</roll><pitch>-1.390031</pitch><mode /></trkpt><trkpt lat="35.1142014" lon="-118.4777663"><ele>1317.45</ele><time>2026-04-25T13:50:17-07:00</time><course>82.99055</course><roll>-47.2551</roll><pitch>-2.653781</pitch><mode /></trkpt><trkpt lat="35.1142037" lon="-118.4777214"><ele>1317.52</ele><time>2026-04-25T13:50:18-07:00</time><course>91.13602</course><roll>-49.24948</roll><pitch>-3.519433</pitch><mode /></trkpt><trkpt lat="35.1142031" lon="-118.477676"><ele>1317.44</ele><time>2026-04-25T13:50:18-07:00</time><course>96.30871</course><roll>-48.26662</roll><pitch>-4.208082</pitch><mode /></trkpt><trkpt lat="35.1141994" lon="-118.4776309"><ele>1317.2</ele><time>2026-04-25T13:50:18-07:00</time><course>103.9453</course><roll>-50.21939</roll><pitch>-3.887936</pitch><mode /></trkpt><trkpt lat="35.1141916" lon="-118.4775832"><ele>1317.78</ele><time>2026-04-25T13:50:18-07:00</time><course>110.205</course><roll>-51.56084</roll><pitch>-5.289799</pitch><mode /></trkpt><trkpt lat="35.1141815" lon="-118.4775391"><ele>1317.72</ele><time>2026-04-25T13:50:18-07:00</time><course>116.8812</course><roll>-48.61399</roll><pitch>-6.093778</pitch><mode /></trkpt><trkpt lat="35.1141681" lon="-118.4774977"><ele>1317.64</ele><time>2026-04-25T13:50:19-07:00</time><course>126.4361</course><roll>-49.51362</roll><pitch>-4.616223</pitch><mode /></trkpt><trkpt lat="35.1141521" lon="-118.4774593"><ele>1317.62</ele><time>2026-04-25T13:50:19-07:00</time><course>131.787</course><roll>-48.18122</roll><pitch>-5.734857</pitch><mode /></trkpt><trkpt lat="35.1141337" lon="-118.4774239"><ele>1317.53</ele><time>2026-04-25T13:50:19-07:00</time><course>138.6695</course><roll>-47.10438</roll><pitch>-4.954596</pitch><mode /></trkpt><trkpt lat="35.1141135" lon="-118.477391"><ele>1317.44</ele><time>2026-04-25T13:50:19-07:00</time><course>144.0684</course><roll>-46.81494</roll><pitch>-5.572292</pitch><mode /></trkpt><trkpt lat="35.1140916" lon="-118.4773611"><ele>1317.34</ele><time>2026-04-25T13:50:19-07:00</time><course>148.9733</course><roll>-46.94176</roll><pitch>-6.043732</pitch><mode /></trkpt><trkpt lat="35.1140674" lon="-118.4773344"><ele>1317.32</ele><time>2026-04-25T13:50:20-07:00</time><course>155.3239</course><roll>-46.25286</roll><pitch>-5.126772</pitch><mode /></trkpt><trkpt lat="35.1140415" lon="-118.477311"><ele>1317.14</ele><time>2026-04-25T13:50:20-07:00</time><course>159.8771</course><roll>-46.40784</roll><pitch>-3.75551</pitch><mode /></trkpt><trkpt lat="35.1140134" lon="-118.4772906"><ele>1317.16</ele><time>2026-04-25T13:50:20-07:00</time><course>164.1452</course><roll>-45.32685</roll><pitch>-4.170609</pitch><mode /></trkpt><trkpt lat="35.1139858" lon="-118.4772728"><ele>1317.03</ele><time>2026-04-25T13:50:20-07:00</time><course>168.6343</course><roll>-42.27023</roll><pitch>-3.134686</pitch><mode /></trkpt><trkpt lat="35.1139586" lon="-118.4772578"><ele>1316.51</ele><time>2026-04-25T13:50:20-07:00</time><course>172.0372</course><roll>-36.23077</roll><pitch>-1.337298</pitch><mode /></trkpt><trkpt lat="35.113931" lon="-118.4772453"><ele>1316.53</ele><time>2026-04-25T13:50:21-07:00</time><course>175.9737</course><roll>-35.32812</roll><pitch>0.4313256</pitch><mode /></trkpt><trkpt lat="35.1139036" lon="-118.4772346"><ele>1316.24</ele><time>2026-04-25T13:50:21-07:00</time><course>177.2975</course><roll>-34.59466</roll><pitch>1.452194</pitch><mode /></trkpt><trkpt lat="35.1138766" lon="-118.4772245"><ele>1315.72</ele><time>2026-04-25T13:50:21-07:00</time><course>178.6239</course><roll>-32.57961</roll><pitch>2.528002</pitch><mode /></trkpt><trkpt lat="35.1138495" lon="-118.4772154"><ele>1315.18</ele><time>2026-04-25T13:50:21-07:00</time><course>183.777</course><roll>-31.39354</roll><pitch>5.90804</pitch><mode /></trkpt><trkpt lat="35.1138221" lon="-118.4772084"><ele>1314.46</ele><time>2026-04-25T13:50:21-07:00</time><course>186.2324</course><roll>-31.99228</roll><pitch>5.70237</pitch><mode /></trkpt><trkpt lat="35.1137939" lon="-118.4772028"><ele>1313.96</ele><time>2026-04-25T13:50:22-07:00</time><course>189.9013</course><roll>-21.0931</roll><pitch>4.763324</pitch><mode /></trkpt><trkpt lat="35.1137652" lon="-118.4771984"><ele>1313.39</ele><time>2026-04-25T13:50:22-07:00</time><course>193.0373</course><roll>-19.28987</roll><pitch>4.844916</pitch><mode /></trkpt><trkpt lat="35.1137361" lon="-118.4771957"><ele>1312.86</ele><time>2026-04-25T13:50:22-07:00</time><course>195.418</course><roll>-20.65777</roll><pitch>4.319207</pitch><mode /></trkpt><trkpt lat="35.1137064" lon="-118.4771946"><ele>1312.42</ele><time>2026-04-25T13:50:22-07:00</time><course>196.0385</course><roll>-17.32298</roll><pitch>3.404934</pitch><mode /></trkpt><trkpt lat="35.1136485" lon="-118.4771947"><ele>1311.69</ele><time>2026-04-25T13:50:23-07:00</time><course>199.0552</course><roll>-6.09636</roll><pitch>2.740969</pitch><mode /></trkpt><trkpt lat="35.1136201" lon="-118.4771955"><ele>1311.51</ele><time>2026-04-25T13:50:23-07:00</time><course>196.7449</course><roll>-1.699835</roll><pitch>2.024703</pitch><mode /></trkpt><trkpt lat="35.1135913" lon="-118.477196"><ele>1311.4</ele><time>2026-04-25T13:50:23-07:00</time><course>197.1272</course><roll>-1.716833</roll><pitch>2.557863</pitch><mode /></trkpt><trkpt lat="35.1135617" lon="-118.4771968"><ele>1311.26</ele><time>2026-04-25T13:50:23-07:00</time><course>197.2896</course><roll>0.5522211</roll><pitch>3.14769</pitch><mode /></trkpt><trkpt lat="35.1135315" lon="-118.4771975"><ele>1311.2</ele><time>2026-04-25T13:50:23-07:00</time><course>199.6244</course><roll>-4.745145</roll><pitch>3.432568</pitch><mode /></trkpt><trkpt lat="35.1135018" lon="-118.477198"><ele>1310.95</ele><time>2026-04-25T13:50:24-07:00</time><course>198.2749</course><roll>-0.01891758</roll><pitch>3.373149</pitch><mode /></trkpt><trkpt lat="35.1134727" lon="-118.4771983"><ele>1310.58</ele><time>2026-04-25T13:50:24-07:00</time><course>199.8484</course><roll>0.8637295</roll><pitch>2.675134</pitch><mode /></trkpt><trkpt lat="35.1134153" lon="-118.477198"><ele>1310.02</ele><time>2026-04-25T13:50:24-07:00</time><course>199.6619</course><roll>2.05303</roll><pitch>0.91326</pitch><mode /></trkpt><trkpt lat="35.1133866" lon="-118.4771969"><ele>1309.83</ele><time>2026-04-25T13:50:24-07:00</time><course>200.5761</course><roll>2.624139</roll><pitch>0.8839431</pitch><mode /></trkpt><trkpt lat="35.1133584" lon="-118.4771956"><ele>1309.6</ele><time>2026-04-25T13:50:25-07:00</time><course>199.2413</course><roll>3.698663</roll><pitch>0.4318807</pitch><mode /></trkpt><trkpt lat="35.1133299" lon="-118.4771944"><ele>1309.32</ele><time>2026-04-25T13:50:25-07:00</time><course>198.855</course><roll>4.293215</roll><pitch>0.1374449</pitch><mode /></trkpt><trkpt lat="35.1133003" lon="-118.4771929"><ele>1309.04</ele><time>2026-04-25T13:50:25-07:00</time><course>199.5005</course><roll>1.714365</roll><pitch>-1.072954</pitch><mode /></trkpt><trkpt lat="35.1132709" lon="-118.4771916"><ele>1308.79</ele><time>2026-04-25T13:50:25-07:00</time><course>196.0905</course><roll>-4.46759</roll><pitch>-1.925965</pitch><mode /></trkpt><trkpt lat="35.1132414" lon="-118.4771907"><ele>1308.77</ele><time>2026-04-25T13:50:25-07:00</time><course>193.7617</course><roll>-6.946464</roll><pitch>-1.849467</pitch><mode /></trkpt><trkpt lat="35.1132122" lon="-118.4771903"><ele>1308.85</ele><time>2026-04-25T13:50:26-07:00</time><course>190.6677</course><roll>-4.91283</roll><pitch>-1.166531</pitch><mode /></trkpt><trkpt lat="35.1131831" lon="-118.4771898"><ele>1308.92</ele><time>2026-04-25T13:50:26-07:00</time><course>193.0244</course><roll>-4.546504</roll><pitch>0.2228953</pitch><mode /></trkpt><trkpt lat="35.1131539" lon="-118.4771892"><ele>1308.91</ele><time>2026-04-25T13:50:26-07:00</time><course>194.396</course><roll>-12.26346</roll><pitch>0.3473728</pitch><mode /></trkpt><trkpt lat="35.1131252" lon="-118.4771893"><ele>1308.85</ele><time>2026-04-25T13:50:26-07:00</time><course>195.8714</course><roll>-15.86461</roll><pitch>-0.1831646</pitch><mode /></trkpt><trkpt lat="35.1130979" lon="-118.4771903"><ele>1308.81</ele><time>2026-04-25T13:50:26-07:00</time><course>195.8603</course><roll>-15.5829</roll><pitch>-0.3554109</pitch><mode /></trkpt><trkpt lat="35.1130703" lon="-118.4771921"><ele>1308.71</ele><time>2026-04-25T13:50:27-07:00</time><course>197.1509</course><roll>-14.60591</roll><pitch>0.1571172</pitch><mode /></trkpt><trkpt lat="35.1130423" lon="-118.4771946"><ele>1308.6</ele><time>2026-04-25T13:50:27-07:00</time><course>196.0274</course><roll>-11.73285</roll><pitch>-1.160888</pitch><mode /></trkpt><trkpt lat="35.1130152" lon="-118.4771977"><ele>1308.42</ele><time>2026-04-25T13:50:27-07:00</time><course>197.658</course><roll>-13.51708</roll><pitch>-1.573123</pitch><mode /></trkpt><trkpt lat="35.1129884" lon="-118.4772011"><ele>1308.32</ele><time>2026-04-25T13:50:27-07:00</time><course>197.9882</course><roll>-11.72891</roll><pitch>-1.64448</pitch><mode /></trkpt><trkpt lat="35.112962" lon="-118.4772051"><ele>1308.27</ele><time>2026-04-25T13:50:27-07:00</time><course>199.7583</course><roll>-12.49152</roll><pitch>-2.141896</pitch><mode /></trkpt><trkpt lat="35.1129361" lon="-118.4772097"><ele>1308.17</ele><time>2026-04-25T13:50:28-07:00</time><course>199.5929</course><roll>-9.500953</roll><pitch>-2.066249</pitch><mode /></trkpt><trkpt lat="35.1129106" lon="-118.4772148"><ele>1308.19</ele><time>2026-04-25T13:50:28-07:00</time><course>201.7485</course><roll>-9.506572</roll><pitch>-2.084423</pitch><mode /></trkpt><trkpt lat="35.1128856" lon="-118.4772201"><ele>1308.08</ele><time>2026-04-25T13:50:28-07:00</time><course>203.6702</course><roll>-10.76795</roll><pitch>-1.827086</pitch><mode /></trkpt><trkpt lat="35.1128609" lon="-118.4772261"><ele>1308.04</ele><time>2026-04-25T13:50:28-07:00</time><course>204.6944</course><roll>-12.82415</roll><pitch>-1.870033</pitch><mode /></trkpt><trkpt lat="35.112837" lon="-118.4772334"><ele>1308.25</ele><time>2026-04-25T13:50:28-07:00</time><course>202.3155</course><roll>-13.51268</roll><pitch>-1.888155</pitch><mode /></trkpt><trkpt lat="35.1128131" lon="-118.4772412"><ele>1308.32</ele><time>2026-04-25T13:50:29-07:00</time><course>206.8116</course><roll>-27.08185</roll><pitch>-0.5025483</pitch><mode /></trkpt><trkpt lat="35.1127896" lon="-118.4772485"><ele>1308.09</ele><time>2026-04-25T13:50:29-07:00</time><course>205.7491</course><roll>-22.62504</roll><pitch>-2.592954</pitch><mode /></trkpt><trkpt lat="35.112767" lon="-118.4772565"><ele>1307.88</ele><time>2026-04-25T13:50:29-07:00</time><course>209.7539</course><roll>-18.31405</roll><pitch>-2.529605</pitch><mode /></trkpt><trkpt lat="35.1127444" lon="-118.4772662"><ele>1307.99</ele><time>2026-04-25T13:50:29-07:00</time><course>209.7665</course><roll>-17.63333</roll><pitch>-2.97066</pitch><mode /></trkpt><trkpt lat="35.1127217" lon="-118.4772779"><ele>1308.25</ele><time>2026-04-25T13:50:29-07:00</time><course>208.0818</course><roll>-14.52419</roll><pitch>-2.590443</pitch><mode /></trkpt><trkpt lat="35.1126991" lon="-118.47729"><ele>1308.41</ele><time>2026-04-25T13:50:30-07:00</time><course>213.6607</course><roll>-11.89333</roll><pitch>0.9475873</pitch><mode /></trkpt><trkpt lat="35.1126766" lon="-118.4773018"><ele>1308.44</ele><time>2026-04-25T13:50:30-07:00</time><course>216.3017</course><roll>-11.59325</roll><pitch>1.821922</pitch><mode /></trkpt><trkpt lat="35.1126535" lon="-118.4773141"><ele>1308.39</ele><time>2026-04-25T13:50:30-07:00</time><course>217.8377</course><roll>-12.5905</roll><pitch>1.528309</pitch><mode /></trkpt><trkpt lat="35.1126306" lon="-118.4773273"><ele>1308.39</ele><time>2026-04-25T13:50:30-07:00</time><course>217.4055</course><roll>-11.75134</roll><pitch>0.7285848</pitch><mode /></trkpt><trkpt lat="35.112608" lon="-118.4773412"><ele>1308.43</ele><time>2026-04-25T13:50:30-07:00</time><course>217.4294</course><roll>-11.53165</roll><pitch>0.2053982</pitch><mode /></trkpt><trkpt lat="35.1125854" lon="-118.4773556"><ele>1308.46</ele><time>2026-04-25T13:50:31-07:00</time><course>221.7728</course><roll>-13.41902</roll><pitch>0.7611462</pitch><mode /></trkpt><trkpt lat="35.1125634" lon="-118.4773708"><ele>1308.5</ele><time>2026-04-25T13:50:31-07:00</time><course>221.3689</course><roll>-16.39253</roll><pitch>0.3270074</pitch><mode /></trkpt><trkpt lat="35.1125422" lon="-118.4773872"><ele>1308.5</ele><time>2026-04-25T13:50:31-07:00</time><course>220.5471</course><roll>-15.03847</roll><pitch>0.621685</pitch><mode /></trkpt><trkpt lat="35.1125213" lon="-118.4774031"><ele>1308.66</ele><time>2026-04-25T13:50:31-07:00</time><course>224.7209</course><roll>-14.33925</roll><pitch>2.359064</pitch><mode /></trkpt><trkpt lat="35.112501" lon="-118.4774193"><ele>1308.72</ele><time>2026-04-25T13:50:31-07:00</time><course>226.4879</course><roll>-14.1656</roll><pitch>1.1918</pitch><mode /></trkpt><trkpt lat="35.1124817" lon="-118.4774358"><ele>1308.82</ele><time>2026-04-25T13:50:32-07:00</time><course>228.2276</course><roll>-14.67414</roll><pitch>1.591437</pitch><mode /></trkpt><trkpt lat="35.112462" lon="-118.4774516"><ele>1308.71</ele><time>2026-04-25T13:50:32-07:00</time><course>230.1365</course><roll>-14.14609</roll><pitch>2.298376</pitch><mode /></trkpt><trkpt lat="35.1124429" lon="-118.477467"><ele>1308.5</ele><time>2026-04-25T13:50:32-07:00</time><course>232.6455</course><roll>-14.54264</roll><pitch>0.9187782</pitch><mode /></trkpt><trkpt lat="35.1124257" lon="-118.4774832"><ele>1308.39</ele><time>2026-04-25T13:50:32-07:00</time><course>234.1098</course><roll>-12.74811</roll><pitch>-0.741132</pitch><mode /></trkpt><trkpt lat="35.1124097" lon="-118.4775002"><ele>1308.5</ele><time>2026-04-25T13:50:32-07:00</time><course>235.7464</course><roll>-13.21454</roll><pitch>-0.5191616</pitch><mode /></trkpt><trkpt lat="35.1123947" lon="-118.4775175"><ele>1308.57</ele><time>2026-04-25T13:50:33-07:00</time><course>235.0594</course><roll>-13.11127</roll><pitch>0.5519907</pitch><mode /></trkpt><trkpt lat="35.11238" lon="-118.4775347"><ele>1308.47</ele><time>2026-04-25T13:50:33-07:00</time><course>236.6681</course><roll>-14.60619</roll><pitch>1.735502</pitch><mode /></trkpt><trkpt lat="35.112366" lon="-118.4775525"><ele>1308.21</ele><time>2026-04-25T13:50:33-07:00</time><course>235.0089</course><roll>-14.78481</roll><pitch>0.1038018</pitch><mode /></trkpt><trkpt lat="35.1123528" lon="-118.4775707"><ele>1308.12</ele><time>2026-04-25T13:50:33-07:00</time><course>234.8503</course><roll>-16.49228</roll><pitch>-1.223799</pitch><mode /></trkpt><trkpt lat="35.1123409" lon="-118.4775894"><ele>1307.85</ele><time>2026-04-25T13:50:33-07:00</time><course>235.5686</course><roll>-18.80362</roll><pitch>-0.8578933</pitch><mode /></trkpt><trkpt lat="35.1123281" lon="-118.4776066"><ele>1307.9</ele><time>2026-04-25T13:50:34-07:00</time><course>235.9973</course><roll>-13.60459</roll><pitch>-0.2330085</pitch><mode /></trkpt><trkpt lat="35.1123156" lon="-118.4776253"><ele>1307.89</ele><time>2026-04-25T13:50:34-07:00</time><course>238.8313</course><roll>-9.62171</roll><pitch>0.7622701</pitch><mode /></trkpt><trkpt lat="35.1123043" lon="-118.4776464"><ele>1307.68</ele><time>2026-04-25T13:50:34-07:00</time><course>240.5816</course><roll>-8.258548</roll><pitch>0.711975</pitch><mode /></trkpt><trkpt lat="35.1122934" lon="-118.4776669"><ele>1307.55</ele><time>2026-04-25T13:50:34-07:00</time><course>239.056</course><roll>-8.321695</roll><pitch>0.4311343</pitch><mode /></trkpt><trkpt lat="35.1122831" lon="-118.4776871"><ele>1307.45</ele><time>2026-04-25T13:50:34-07:00</time><course>238.9063</course><roll>-9.861018</roll><pitch>0.6469787</pitch><mode /></trkpt><trkpt lat="35.1122733" lon="-118.4777064"><ele>1307.59</ele><time>2026-04-25T13:50:35-07:00</time><course>241.9773</course><roll>-11.91836</roll><pitch>1.106688</pitch><mode /></trkpt><trkpt lat="35.1122642" lon="-118.4777272"><ele>1307.64</ele><time>2026-04-25T13:50:35-07:00</time><course>242.435</course><roll>-11.20764</roll><pitch>0.7359801</pitch><mode /></trkpt><trkpt lat="35.1122555" lon="-118.4777485"><ele>1307.56</ele><time>2026-04-25T13:50:35-07:00</time><course>244.6408</course><roll>-11.45556</roll><pitch>1.143272</pitch><mode /></trkpt><trkpt lat="35.1122471" lon="-118.4777688"><ele>1307.54</ele><time>2026-04-25T13:50:35-07:00</time><course>246.3457</course><roll>-14.04782</roll><pitch>0.58373</pitch><mode /></trkpt><trkpt lat="35.1122388" lon="-118.47779"><ele>1307.38</ele><time>2026-04-25T13:50:35-07:00</time><course>246.4795</course><roll>-11.49689</roll><pitch>-0.316669</pitch><mode /></trkpt><trkpt lat="35.1122316" lon="-118.4778109"><ele>1307.31</ele><time>2026-04-25T13:50:36-07:00</time><course>248.0576</course><roll>-10.87745</roll><pitch>-0.6047574</pitch><mode /></trkpt><trkpt lat="35.1122247" lon="-118.4778329"><ele>1307.3</ele><time>2026-04-25T13:50:36-07:00</time><course>250.6766</course><roll>-11.83888</roll><pitch>0.1187934</pitch><mode /></trkpt><trkpt lat="35.1122182" lon="-118.4778566"><ele>1307.09</ele><time>2026-04-25T13:50:36-07:00</time><course>250.7447</course><roll>-8.237966</roll><pitch>-1.09147</pitch><mode /></trkpt><trkpt lat="35.1122129" lon="-118.4778801"><ele>1306.95</ele><time>2026-04-25T13:50:36-07:00</time><course>250.5826</course><roll>-9.135253</roll><pitch>-1.085498</pitch><mode /></trkpt><trkpt lat="35.1122084" lon="-118.4779034"><ele>1306.95</ele><time>2026-04-25T13:50:36-07:00</time><course>252.8101</course><roll>-12.25145</roll><pitch>0.4238807</pitch><mode /></trkpt><trkpt lat="35.1122022" lon="-118.4779285"><ele>1306.49</ele><time>2026-04-25T13:50:37-07:00</time><course>256.6207</course><roll>-15.29027</roll><pitch>1.404513</pitch><mode /></trkpt><trkpt lat="35.1121969" lon="-118.4779516"><ele>1306.29</ele><time>2026-04-25T13:50:37-07:00</time><course>259.0379</course><roll>-15.96691</roll><pitch>-0.2812348</pitch><mode /></trkpt><trkpt lat="35.1121939" lon="-118.4779751"><ele>1306.36</ele><time>2026-04-25T13:50:37-07:00</time><course>259.8685</course><roll>-13.20762</roll><pitch>-1.28106</pitch><mode /></trkpt><trkpt lat="35.1121924" lon="-118.4779993"><ele>1306.49</ele><time>2026-04-25T13:50:37-07:00</time><course>262.0341</course><roll>-10.28162</roll><pitch>-1.028716</pitch><mode /></trkpt><trkpt lat="35.1121906" lon="-118.4780245"><ele>1306.42</ele><time>2026-04-25T13:50:37-07:00</time><course>261.3432</course><roll>-12.60881</roll><pitch>-0.9418229</pitch><mode /></trkpt><trkpt lat="35.1121894" lon="-118.4780491"><ele>1306.4</ele><time>2026-04-25T13:50:38-07:00</time><course>265.3284</course><roll>-13.65891</roll><pitch>0.1424364</pitch><mode /></trkpt><trkpt lat="35.1121889" lon="-118.4780741"><ele>1306.2</ele><time>2026-04-25T13:50:38-07:00</time><course>266.6342</course><roll>-15.4114</roll><pitch>-0.3474311</pitch><mode /></trkpt><trkpt lat="35.1121894" lon="-118.4780979"><ele>1306.08</ele><time>2026-04-25T13:50:38-07:00</time><course>269.6596</course><roll>-16.13994</roll><pitch>-0.5358922</pitch><mode /></trkpt><trkpt lat="35.112191" lon="-118.4781219"><ele>1305.98</ele><time>2026-04-25T13:50:38-07:00</time><course>268.3609</course><roll>-14.87317</roll><pitch>-2.238463</pitch><mode /></trkpt><trkpt lat="35.1121938" lon="-118.4781456"><ele>1306.08</ele><time>2026-04-25T13:50:38-07:00</time><course>267.0288</course><roll>-14.65946</roll><pitch>-2.698772</pitch><mode /></trkpt><trkpt lat="35.112197" lon="-118.478169"><ele>1306.13</ele><time>2026-04-25T13:50:39-07:00</time><course>267.8323</course><roll>-12.81354</roll><pitch>-2.371221</pitch><mode /></trkpt><trkpt lat="35.1122003" lon="-118.4781916"><ele>1306.03</ele><time>2026-04-25T13:50:39-07:00</time><course>269.2456</course><roll>-14.00618</roll><pitch>-2.748357</pitch><mode /></trkpt><trkpt lat="35.1122043" lon="-118.478213"><ele>1306.01</ele><time>2026-04-25T13:50:39-07:00</time><course>269.7317</course><roll>-13.71535</roll><pitch>-3.01546</pitch><mode /></trkpt><trkpt lat="35.1122089" lon="-118.4782344"><ele>1305.99</ele><time>2026-04-25T13:50:39-07:00</time><course>271.4995</course><roll>-12.37986</roll><pitch>-2.782537</pitch><mode /></trkpt><trkpt lat="35.112214" lon="-118.4782553"><ele>1306.02</ele><time>2026-04-25T13:50:39-07:00</time><course>272.5956</course><roll>-12.09669</roll><pitch>-3.034581</pitch><mode /></trkpt><trkpt lat="35.1122199" lon="-118.4782761"><ele>1306.01</ele><time>2026-04-25T13:50:40-07:00</time><course>272.7945</course><roll>-11.5859</roll><pitch>-2.344851</pitch><mode /></trkpt><trkpt lat="35.1122264" lon="-118.4782972"><ele>1305.97</ele><time>2026-04-25T13:50:40-07:00</time><course>273.0196</course><roll>-10.01326</roll><pitch>-2.35302</pitch><mode /></trkpt><trkpt lat="35.1122332" lon="-118.4783171"><ele>1306.1</ele><time>2026-04-25T13:50:40-07:00</time><course>274.626</course><roll>-9.77412</roll><pitch>-2.518881</pitch><mode /></trkpt><trkpt lat="35.1122398" lon="-118.4783358"><ele>1306.3</ele><time>2026-04-25T13:50:40-07:00</time><course>277.0807</course><roll>-12.28767</roll><pitch>-1.592541</pitch><mode /></trkpt><trkpt lat="35.1122467" lon="-118.4783557"><ele>1306.41</ele><time>2026-04-25T13:50:40-07:00</time><course>278.4727</course><roll>-10.10186</roll><pitch>-0.8873768</pitch><mode /></trkpt><trkpt lat="35.1122539" lon="-118.4783755"><ele>1306.5</ele><time>2026-04-25T13:50:41-07:00</time><course>279.6086</course><roll>-6.398201</roll><pitch>-0.8442482</pitch><mode /></trkpt><trkpt lat="35.1122611" lon="-118.4783949"><ele>1306.46</ele><time>2026-04-25T13:50:41-07:00</time><course>279.6591</course><roll>-6.966676</roll><pitch>-1.099527</pitch><mode /></trkpt><trkpt lat="35.1122688" lon="-118.478414"><ele>1306.37</ele><time>2026-04-25T13:50:41-07:00</time><course>279.8269</course><roll>-8.76366</roll><pitch>-1.713494</pitch><mode /></trkpt><trkpt lat="35.112277" lon="-118.4784336"><ele>1306.29</ele><time>2026-04-25T13:50:41-07:00</time><course>279.2009</course><roll>-8.653969</roll><pitch>-2.16059</pitch><mode /></trkpt><trkpt lat="35.1122858" lon="-118.4784541"><ele>1306.1</ele><time>2026-04-25T13:50:41-07:00</time><course>279.7871</course><roll>-9.574308</roll><pitch>-2.4353</pitch><mode /></trkpt><trkpt lat="35.1122947" lon="-118.478474"><ele>1305.93</ele><time>2026-04-25T13:50:42-07:00</time><course>279.5984</course><roll>-8.297429</roll><pitch>-3.730678</pitch><mode /></trkpt><trkpt lat="35.1123038" lon="-118.4784921"><ele>1306.03</ele><time>2026-04-25T13:50:42-07:00</time><course>281.9529</course><roll>-8.793962</roll><pitch>-3.381447</pitch><mode /></trkpt><trkpt lat="35.1123134" lon="-118.4785115"><ele>1305.93</ele><time>2026-04-25T13:50:42-07:00</time><course>282.7667</course><roll>-9.576296</roll><pitch>-3.621084</pitch><mode /></trkpt><trkpt lat="35.1123233" lon="-118.4785292"><ele>1305.9</ele><time>2026-04-25T13:50:42-07:00</time><course>283.0149</course><roll>-10.64009</roll><pitch>-4.038941</pitch><mode /></trkpt><trkpt lat="35.1123338" lon="-118.4785473"><ele>1305.77</ele><time>2026-04-25T13:50:42-07:00</time><course>282.2783</course><roll>-10.91689</roll><pitch>-5.204824</pitch><mode /></trkpt><trkpt lat="35.1123448" lon="-118.4785643"><ele>1305.73</ele><time>2026-04-25T13:50:43-07:00</time><course>282.3404</course><roll>-11.78263</roll><pitch>-6.17897</pitch><mode /></trkpt><trkpt lat="35.1123562" lon="-118.4785807"><ele>1305.79</ele><time>2026-04-25T13:50:43-07:00</time><course>284.3357</course><roll>-10.90308</roll><pitch>-6.039481</pitch><mode /></trkpt><trkpt lat="35.1123677" lon="-118.4785964"><ele>1305.87</ele><time>2026-04-25T13:50:43-07:00</time><course>285.4678</course><roll>-12.7335</roll><pitch>-5.73688</pitch><mode /></trkpt><trkpt lat="35.1123797" lon="-118.4786113"><ele>1305.95</ele><time>2026-04-25T13:50:43-07:00</time><course>286.979</course><roll>-13.30712</roll><pitch>-5.309404</pitch><mode /></trkpt><trkpt lat="35.1123919" lon="-118.4786263"><ele>1305.97</ele><time>2026-04-25T13:50:43-07:00</time><course>291.0114</course><roll>-15.55178</roll><pitch>-5.015944</pitch><mode /></trkpt><trkpt lat="35.1124049" lon="-118.4786409"><ele>1305.9</ele><time>2026-04-25T13:50:44-07:00</time><course>289.9075</course><roll>-13.93572</roll><pitch>-6.801163</pitch><mode /></trkpt><trkpt lat="35.1124189" lon="-118.4786549"><ele>1305.85</ele><time>2026-04-25T13:50:44-07:00</time><course>287.7911</course><roll>-14.85098</roll><pitch>-8.036325</pitch><mode /></trkpt><trkpt lat="35.1124331" lon="-118.4786679"><ele>1305.96</ele><time>2026-04-25T13:50:44-07:00</time><course>289.0413</course><roll>-14.23861</roll><pitch>-6.30455</pitch><mode /></trkpt><trkpt lat="35.1124476" lon="-118.4786816"><ele>1305.87</ele><time>2026-04-25T13:50:44-07:00</time><course>291.8964</course><roll>-13.64766</roll><pitch>-5.994357</pitch><mode /></trkpt><trkpt lat="35.1124621" lon="-118.4786935"><ele>1306.04</ele><time>2026-04-25T13:50:44-07:00</time><course>296.0013</course><roll>-12.69213</roll><pitch>-5.373292</pitch><mode /></trkpt><trkpt lat="35.1124775" lon="-118.4787061"><ele>1306.16</ele><time>2026-04-25T13:50:45-07:00</time><course>297.9406</course><roll>-11.8629</roll><pitch>-5.375096</pitch><mode /></trkpt><trkpt lat="35.1124936" lon="-118.4787182"><ele>1306.29</ele><time>2026-04-25T13:50:45-07:00</time><course>299.2299</course><roll>-11.85716</roll><pitch>-5.728344</pitch><mode /></trkpt><trkpt lat="35.1125093" lon="-118.4787286"><ele>1306.51</ele><time>2026-04-25T13:50:45-07:00</time><course>300.8722</course><roll>-11.9815</roll><pitch>-5.220786</pitch><mode /></trkpt><trkpt lat="35.1125255" lon="-118.478739"><ele>1306.63</ele><time>2026-04-25T13:50:45-07:00</time><course>300.1141</course><roll>-14.15212</roll><pitch>-6.107193</pitch><mode /></trkpt><trkpt lat="35.1125418" lon="-118.4787485"><ele>1306.83</ele><time>2026-04-25T13:50:45-07:00</time><course>301.4174</course><roll>-15.33783</roll><pitch>-6.212936</pitch><mode /></trkpt><trkpt lat="35.1125589" lon="-118.478758"><ele>1307.06</ele><time>2026-04-25T13:50:46-07:00</time><course>300.8507</course><roll>-15.83682</roll><pitch>-6.516055</pitch><mode /></trkpt><trkpt lat="35.1125766" lon="-118.4787669"><ele>1307.2</ele><time>2026-04-25T13:50:46-07:00</time><course>300.4609</course><roll>-13.40583</roll><pitch>-5.94619</pitch><mode /></trkpt><trkpt lat="35.1125942" lon="-118.4787758"><ele>1307.3</ele><time>2026-04-25T13:50:46-07:00</time><course>305.6461</course><roll>-12.30765</roll><pitch>-4.499295</pitch><mode /></trkpt><trkpt lat="35.1126126" lon="-118.4787854"><ele>1307.39</ele><time>2026-04-25T13:50:46-07:00</time><course>307.3398</course><roll>-8.611995</roll><pitch>-5.515397</pitch><mode /></trkpt><trkpt lat="35.1126315" lon="-118.4787939"><ele>1307.43</ele><time>2026-04-25T13:50:46-07:00</time><course>305.7961</course><roll>-8.157406</roll><pitch>-6.5006</pitch><mode /></trkpt><trkpt lat="35.1126497" lon="-118.4788001"><ele>1307.57</ele><time>2026-04-25T13:50:47-07:00</time><course>303.9087</course><roll>-3.80888</roll><pitch>-6.289883</pitch><mode /></trkpt><trkpt lat="35.1126682" lon="-118.4788069"><ele>1307.87</ele><time>2026-04-25T13:50:47-07:00</time><course>307.1246</course><roll>-4.451754</roll><pitch>-4.033551</pitch><mode /></trkpt><trkpt lat="35.1126872" lon="-118.4788153"><ele>1308.23</ele><time>2026-04-25T13:50:47-07:00</time><course>315.0914</course><roll>-7.233826</roll><pitch>-1.997911</pitch><mode /></trkpt><trkpt lat="35.1127066" lon="-118.4788244"><ele>1308.56</ele><time>2026-04-25T13:50:47-07:00</time><course>320.8951</course><roll>-13.05754</roll><pitch>-0.09833463</pitch><mode /></trkpt><trkpt lat="35.112727" lon="-118.478834"><ele>1308.67</ele><time>2026-04-25T13:50:47-07:00</time><course>320.0929</course><roll>-19.97216</roll><pitch>-0.02000207</pitch><mode /></trkpt><trkpt lat="35.1127478" lon="-118.4788422"><ele>1308.65</ele><time>2026-04-25T13:50:48-07:00</time><course>318.186</course><roll>-20.48426</roll><pitch>-1.172816</pitch><mode /></trkpt><trkpt lat="35.1127686" lon="-118.4788494"><ele>1308.63</ele><time>2026-04-25T13:50:48-07:00</time><course>321.1569</course><roll>-22.90715</roll><pitch>-1.121475</pitch><mode /></trkpt><trkpt lat="35.1127906" lon="-118.4788583"><ele>1308.37</ele><time>2026-04-25T13:50:48-07:00</time><course>324.7566</course><roll>-22.96263</roll><pitch>-1.908144</pitch><mode /></trkpt><trkpt lat="35.1128135" lon="-118.478865"><ele>1308.3</ele><time>2026-04-25T13:50:48-07:00</time><course>324.6522</course><roll>-22.97915</roll><pitch>-3.445287</pitch><mode /></trkpt><trkpt lat="35.1128373" lon="-118.4788721"><ele>1308.12</ele><time>2026-04-25T13:50:48-07:00</time><course>332.2355</course><roll>-26.56317</roll><pitch>0.08210012</pitch><mode /></trkpt><trkpt lat="35.1128611" lon="-118.4788774"><ele>1307.86</ele><time>2026-04-25T13:50:49-07:00</time><course>335.8767</course><roll>-24.72214</roll><pitch>-1.036077</pitch><mode /></trkpt><trkpt lat="35.1128857" lon="-118.4788801"><ele>1307.73</ele><time>2026-04-25T13:50:49-07:00</time><course>338.2867</course><roll>-26.52613</roll><pitch>-2.931134</pitch><mode /></trkpt><trkpt lat="35.1129114" lon="-118.478881"><ele>1307.69</ele><time>2026-04-25T13:50:49-07:00</time><course>338.1263</course><roll>-24.7256</roll><pitch>-4.642727</pitch><mode /></trkpt><trkpt lat="35.1129379" lon="-118.4788795"><ele>1307.96</ele><time>2026-04-25T13:50:49-07:00</time><course>343.1603</course><roll>-23.32464</roll><pitch>-1.159379</pitch><mode /></trkpt><trkpt lat="35.1129647" lon="-118.4788772"><ele>1308.15</ele><time>2026-04-25T13:50:49-07:00</time><course>347.1137</course><roll>-23.1471</roll><pitch>0.1991366</pitch><mode /></trkpt><trkpt lat="35.1129913" lon="-118.4788734"><ele>1308.05</ele><time>2026-04-25T13:50:50-07:00</time><course>347.8676</course><roll>-24.94562</roll><pitch>-1.294858</pitch><mode /></trkpt><trkpt lat="35.1130176" lon="-118.4788666"><ele>1308.1</ele><time>2026-04-25T13:50:50-07:00</time><course>349.4439</course><roll>-22.65172</roll><pitch>-1.816889</pitch><mode /></trkpt><trkpt lat="35.1130441" lon="-118.478858"><ele>1308.24</ele><time>2026-04-25T13:50:50-07:00</time><course>351.78</course><roll>-19.93525</roll><pitch>-1.107849</pitch><mode /></trkpt><trkpt lat="35.1130714" lon="-118.4788492"><ele>1308.22</ele><time>2026-04-25T13:50:50-07:00</time><course>355.2841</course><roll>-21.96387</roll><pitch>-0.06949459</pitch><mode /></trkpt><trkpt lat="35.1130986" lon="-118.4788386"><ele>1308.24</ele><time>2026-04-25T13:50:50-07:00</time><course>355.9657</course><roll>-22.59802</roll><pitch>-0.8600097</pitch><mode /></trkpt><trkpt lat="35.1131258" lon="-118.478826"><ele>1308.29</ele><time>2026-04-25T13:50:51-07:00</time><course>358.024</course><roll>-25.38848</roll><pitch>-0.274018</pitch><mode /></trkpt><trkpt lat="35.1131533" lon="-118.4788116"><ele>1308.45</ele><time>2026-04-25T13:50:51-07:00</time><course>0.568009</course><roll>-29.05683</roll><pitch>0.2931907</pitch><mode /></trkpt><trkpt lat="35.1131814" lon="-118.4787966"><ele>1308.3</ele><time>2026-04-25T13:50:51-07:00</time><course>4.423823</course><roll>-30.97909</roll><pitch>0.2724022</pitch><mode /></trkpt><trkpt lat="35.1132086" lon="-118.478779"><ele>1308.37</ele><time>2026-04-25T13:50:51-07:00</time><course>7.926148</course><roll>-38.05488</roll><pitch>-0.8446073</pitch><mode /></trkpt><trkpt lat="35.1132361" lon="-118.4787605"><ele>1308.07</ele><time>2026-04-25T13:50:51-07:00</time><course>12.3733</course><roll>-42.06898</roll><pitch>-2.471317</pitch><mode /></trkpt><trkpt lat="35.1132627" lon="-118.4787376"><ele>1308</ele><time>2026-04-25T13:50:52-07:00</time><course>15.82811</course><roll>-37.42043</roll><pitch>-4.779206</pitch><mode /></trkpt><trkpt lat="35.1132885" lon="-118.4787127"><ele>1307.79</ele><time>2026-04-25T13:50:52-07:00</time><course>19.98522</course><roll>-37.5443</roll><pitch>-4.40932</pitch><mode /></trkpt><trkpt lat="35.1133135" lon="-118.4786857"><ele>1307.71</ele><time>2026-04-25T13:50:52-07:00</time><course>23.93891</course><roll>-34.84563</roll><pitch>-4.304002</pitch><mode /></trkpt><trkpt lat="35.1133381" lon="-118.4786583"><ele>1307.3</ele><time>2026-04-25T13:50:52-07:00</time><course>27.5671</course><roll>-33.36407</roll><pitch>-3.393695</pitch><mode /></trkpt><trkpt lat="35.113361" lon="-118.4786278"><ele>1306.96</ele><time>2026-04-25T13:50:52-07:00</time><course>27.10132</course><roll>-32.36775</roll><pitch>-5.206178</pitch><mode /></trkpt><trkpt lat="35.1133829" lon="-118.4785948"><ele>1306.94</ele><time>2026-04-25T13:50:53-07:00</time><course>30.10041</course><roll>-32.29638</roll><pitch>-3.497893</pitch><mode /></trkpt><trkpt lat="35.1134056" lon="-118.4785628"><ele>1306.33</ele><time>2026-04-25T13:50:53-07:00</time><course>35.58347</course><roll>-35.65218</roll><pitch>-1.280315</pitch><mode /></trkpt><trkpt lat="35.1134271" lon="-118.4785283"><ele>1305.99</ele><time>2026-04-25T13:50:53-07:00</time><course>39.20399</course><roll>-38.47932</roll><pitch>-2.665561</pitch><mode /></trkpt><trkpt lat="35.1134469" lon="-118.4784923"><ele>1305.46</ele><time>2026-04-25T13:50:53-07:00</time><course>42.06482</course><roll>-39.77856</roll><pitch>-4.884983</pitch><mode /></trkpt><trkpt lat="35.1134645" lon="-118.4784519"><ele>1305.27</ele><time>2026-04-25T13:50:53-07:00</time><course>45.64686</course><roll>-39.3107</roll><pitch>-4.988901</pitch><mode /></trkpt><trkpt lat="35.1134808" lon="-118.4784108"><ele>1304.87</ele><time>2026-04-25T13:50:54-07:00</time><course>50.80032</course><roll>-42.13634</roll><pitch>-4.224916</pitch><mode /></trkpt><trkpt lat="35.1134954" lon="-118.4783672"><ele>1304.47</ele><time>2026-04-25T13:50:54-07:00</time><course>54.40518</course><roll>-39.30443</roll><pitch>-5.580931</pitch><mode /></trkpt><trkpt lat="35.1135082" lon="-118.4783224"><ele>1304.03</ele><time>2026-04-25T13:50:54-07:00</time><course>61.0997</course><roll>-40.09217</roll><pitch>-3.937891</pitch><mode /></trkpt><trkpt lat="35.1135188" lon="-118.4782766"><ele>1303.74</ele><time>2026-04-25T13:50:54-07:00</time><course>67.17664</course><roll>-41.00971</roll><pitch>-3.434814</pitch><mode /></trkpt><trkpt lat="35.1135275" lon="-118.47823"><ele>1303.15</ele><time>2026-04-25T13:50:54-07:00</time><course>72.56451</course><roll>-41.27461</roll><pitch>-4.592723</pitch><mode /></trkpt><trkpt lat="35.1135332" lon="-118.4781819"><ele>1302.78</ele><time>2026-04-25T13:50:55-07:00</time><course>77.98315</course><roll>-41.20716</roll><pitch>-5.820757</pitch><mode /></trkpt><trkpt lat="35.1135361" lon="-118.478134"><ele>1302.29</ele><time>2026-04-25T13:50:55-07:00</time><course>84.02589</course><roll>-41.40939</roll><pitch>-6.299973</pitch><mode /></trkpt><trkpt lat="35.1135366" lon="-118.4780859"><ele>1301.92</ele><time>2026-04-25T13:50:55-07:00</time><course>89.89849</course><roll>-43.8313</roll><pitch>-6.162207</pitch><mode /></trkpt><trkpt lat="35.1135346" lon="-118.4780382"><ele>1301.59</ele><time>2026-04-25T13:50:55-07:00</time><course>94.7206</course><roll>-41.30159</roll><pitch>-7.08594</pitch><mode /></trkpt><trkpt lat="35.1135304" lon="-118.4779915"><ele>1301.2</ele><time>2026-04-25T13:50:55-07:00</time><course>101.5366</course><roll>-39.87094</roll><pitch>-6.539309</pitch><mode /></trkpt><trkpt lat="35.1135239" lon="-118.4779453"><ele>1301.06</ele><time>2026-04-25T13:50:56-07:00</time><course>107.8939</course><roll>-41.69933</roll><pitch>-6.415886</pitch><mode /></trkpt><trkpt lat="35.1135146" lon="-118.4779001"><ele>1300.74</ele><time>2026-04-25T13:50:56-07:00</time><course>113.1663</course><roll>-39.78273</roll><pitch>-7.237862</pitch><mode /></trkpt><trkpt lat="35.1135027" lon="-118.4778572"><ele>1300.45</ele><time>2026-04-25T13:50:56-07:00</time><course>118.4636</course><roll>-37.77344</roll><pitch>-7.765407</pitch><mode /></trkpt><trkpt lat="35.1134885" lon="-118.4778157"><ele>1300.44</ele><time>2026-04-25T13:50:56-07:00</time><course>122.4688</course><roll>-34.22515</roll><pitch>-8.188986</pitch><mode /></trkpt><trkpt lat="35.1134726" lon="-118.4777761"><ele>1300.2</ele><time>2026-04-25T13:50:56-07:00</time><course>126.2658</course><roll>-31.13777</roll><pitch>-7.09231</pitch><mode /></trkpt><trkpt lat="35.1134554" lon="-118.4777376"><ele>1300.2</ele><time>2026-04-25T13:50:57-07:00</time><course>130.8675</course><roll>-29.98714</roll><pitch>-5.87239</pitch><mode /></trkpt><trkpt lat="35.113437" lon="-118.4777002"><ele>1300.27</ele><time>2026-04-25T13:50:57-07:00</time><course>132.4644</course><roll>-27.432</roll><pitch>-6.351206</pitch><mode /></trkpt><trkpt lat="35.1134181" lon="-118.4776642"><ele>1300.4</ele><time>2026-04-25T13:50:57-07:00</time><course>136.3046</course><roll>-28.16126</roll><pitch>-5.185147</pitch><mode /></trkpt><trkpt lat="35.1133975" lon="-118.477629"><ele>1300.46</ele><time>2026-04-25T13:50:57-07:00</time><course>139.4604</course><roll>-29.13675</roll><pitch>-4.627077</pitch><mode /></trkpt><trkpt lat="35.1133763" lon="-118.4775952"><ele>1300.78</ele><time>2026-04-25T13:50:57-07:00</time><course>142.459</course><roll>-28.41734</roll><pitch>-5.563893</pitch><mode /></trkpt><trkpt lat="35.1133547" lon="-118.4775634"><ele>1300.91</ele><time>2026-04-25T13:50:58-07:00</time><course>145.3356</course><roll>-29.62658</roll><pitch>-5.238637</pitch><mode /></trkpt><trkpt lat="35.1133315" lon="-118.4775325"><ele>1301.04</ele><time>2026-04-25T13:50:58-07:00</time><course>147.394</course><roll>-32.77044</roll><pitch>-4.946319</pitch><mode /></trkpt><trkpt lat="35.1133083" lon="-118.4775023"><ele>1301.02</ele><time>2026-04-25T13:50:58-07:00</time><course>149.7305</course><roll>-30.65235</roll><pitch>-6.043583</pitch><mode /></trkpt><trkpt lat="35.1132848" lon="-118.4774738"><ele>1300.91</ele><time>2026-04-25T13:50:58-07:00</time><course>150.2573</course><roll>-30.41462</roll><pitch>-8.044101</pitch><mode /></trkpt><trkpt lat="35.1132594" lon="-118.4774473"><ele>1300.93</ele><time>2026-04-25T13:50:58-07:00</time><course>150.6807</course><roll>-33.04678</roll><pitch>-9.233467</pitch><mode /></trkpt><trkpt lat="35.1132334" lon="-118.4774227"><ele>1300.76</ele><time>2026-04-25T13:50:59-07:00</time><course>155.9895</course><roll>-36.72753</roll><pitch>-6.055569</pitch><mode /></trkpt><trkpt lat="35.1132071" lon="-118.4774004"><ele>1300.69</ele><time>2026-04-25T13:50:59-07:00</time><course>159.4008</course><roll>-36.16558</roll><pitch>-5.829213</pitch><mode /></trkpt><trkpt lat="35.1131803" lon="-118.4773805"><ele>1300.73</ele><time>2026-04-25T13:50:59-07:00</time><course>163.7249</course><roll>-31.1772</roll><pitch>-5.515367</pitch><mode /></trkpt><trkpt lat="35.1131532" lon="-118.4773627"><ele>1300.85</ele><time>2026-04-25T13:50:59-07:00</time><course>167.8318</course><roll>-28.83796</roll><pitch>-5.838685</pitch><mode /></trkpt><trkpt lat="35.1131257" lon="-118.4773473"><ele>1301.06</ele><time>2026-04-25T13:50:59-07:00</time><course>169.817</course><roll>-27.78735</roll><pitch>-6.39274</pitch><mode /></trkpt><trkpt lat="35.1130979" lon="-118.4773337"><ele>1301.59</ele><time>2026-04-25T13:51:00-07:00</time><course>173.4996</course><roll>-26.05451</roll><pitch>-3.819508</pitch><mode /></trkpt><trkpt lat="35.1130703" lon="-118.4773216"><ele>1301.97</ele><time>2026-04-25T13:51:00-07:00</time><course>175.3671</course><roll>-27.84704</roll><pitch>-2.625889</pitch><mode /></trkpt><trkpt lat="35.1130425" lon="-118.4773103"><ele>1302.11</ele><time>2026-04-25T13:51:00-07:00</time><course>176.1975</course><roll>-26.03083</roll><pitch>-3.280956</pitch><mode /></trkpt><trkpt lat="35.1130145" lon="-118.4772999"><ele>1302.03</ele><time>2026-04-25T13:51:00-07:00</time><course>178.6665</course><roll>-25.68457</roll><pitch>-3.133717</pitch><mode /></trkpt><trkpt lat="35.1129864" lon="-118.4772901"><ele>1302.01</ele><time>2026-04-25T13:51:00-07:00</time><course>183.4499</course><roll>-25.85221</roll><pitch>-1.808266</pitch><mode /></trkpt><trkpt lat="35.1129585" lon="-118.4772814"><ele>1301.91</ele><time>2026-04-25T13:51:01-07:00</time><course>185.9008</course><roll>-23.31805</roll><pitch>-4.235179</pitch><mode /></trkpt><trkpt lat="35.1129315" lon="-118.4772749"><ele>1301.84</ele><time>2026-04-25T13:51:01-07:00</time><course>186.3385</course><roll>-21.2507</roll><pitch>-4.785354</pitch><mode /></trkpt><trkpt lat="35.1129048" lon="-118.4772702"><ele>1302.07</ele><time>2026-04-25T13:51:01-07:00</time><course>188.5038</course><roll>-20.48465</roll><pitch>-4.231843</pitch><mode /></trkpt><trkpt lat="35.1128783" lon="-118.4772669"><ele>1302.19</ele><time>2026-04-25T13:51:01-07:00</time><course>189.9628</course><roll>-21.4886</roll><pitch>-3.838809</pitch><mode /></trkpt><trkpt lat="35.1128517" lon="-118.4772651"><ele>1302.37</ele><time>2026-04-25T13:51:01-07:00</time><course>192.1343</course><roll>-21.20063</roll><pitch>-2.519486</pitch><mode /></trkpt><trkpt lat="35.1128255" lon="-118.4772641"><ele>1302.58</ele><time>2026-04-25T13:51:02-07:00</time><course>193.3273</course><roll>-21.08796</roll><pitch>-3.10441</pitch><mode /></trkpt><trkpt lat="35.1128" lon="-118.4772639"><ele>1302.5</ele><time>2026-04-25T13:51:02-07:00</time><course>195.9292</course><roll>-22.26671</roll><pitch>-2.911834</pitch><mode /></trkpt><trkpt lat="35.1127742" lon="-118.4772649"><ele>1302.54</ele><time>2026-04-25T13:51:02-07:00</time><course>199.1951</course><roll>-21.60732</roll><pitch>-1.74309</pitch><mode /></trkpt><trkpt lat="35.1127489" lon="-118.4772671"><ele>1302.56</ele><time>2026-04-25T13:51:02-07:00</time><course>201.2502</course><roll>-22.25539</roll><pitch>-2.072678</pitch><mode /></trkpt><trkpt lat="35.1127241" lon="-118.4772696"><ele>1302.45</ele><time>2026-04-25T13:51:02-07:00</time><course>208.1417</course><roll>-23.15973</roll><pitch>-0.6705742</pitch><mode /></trkpt><trkpt lat="35.1126998" lon="-118.4772727"><ele>1302.32</ele><time>2026-04-25T13:51:03-07:00</time><course>213.385</course><roll>-22.13691</roll><pitch>-1.328229</pitch><mode /></trkpt><trkpt lat="35.1126766" lon="-118.4772774"><ele>1302.22</ele><time>2026-04-25T13:51:03-07:00</time><course>214.4835</course><roll>-22.24874</roll><pitch>-2.953177</pitch><mode /></trkpt><trkpt lat="35.112654" lon="-118.4772834"><ele>1302.1</ele><time>2026-04-25T13:51:03-07:00</time><course>215.9825</course><roll>-22.43521</roll><pitch>-3.315622</pitch><mode /></trkpt><trkpt lat="35.1126319" lon="-118.4772902"><ele>1302.15</ele><time>2026-04-25T13:51:03-07:00</time><course>218.0168</course><roll>-23.27082</roll><pitch>-3.155764</pitch><mode /></trkpt><trkpt lat="35.1126107" lon="-118.4772981"><ele>1302.13</ele><time>2026-04-25T13:51:03-07:00</time><course>217.4642</course><roll>-21.39916</roll><pitch>-4.642085</pitch><mode /></trkpt><trkpt lat="35.1125903" lon="-118.4773073"><ele>1302.14</ele><time>2026-04-25T13:51:04-07:00</time><course>217.2878</course><roll>-18.63511</roll><pitch>-6.217158</pitch><mode /></trkpt><trkpt lat="35.112571" lon="-118.4773166"><ele>1302.27</ele><time>2026-04-25T13:51:04-07:00</time><course>218.6799</course><roll>-17.04488</roll><pitch>-5.361852</pitch><mode /></trkpt><trkpt lat="35.1125526" lon="-118.477326"><ele>1302.39</ele><time>2026-04-25T13:51:04-07:00</time><course>222.0767</course><roll>-15.62846</roll><pitch>-4.360326</pitch><mode /></trkpt><trkpt lat="35.1125348" lon="-118.4773357"><ele>1302.5</ele><time>2026-04-25T13:51:04-07:00</time><course>223.9294</course><roll>-15.04092</roll><pitch>-4.060484</pitch><mode /></trkpt><trkpt lat="35.1125173" lon="-118.4773459"><ele>1302.54</ele><time>2026-04-25T13:51:04-07:00</time><course>228.109</course><roll>-14.36842</roll><pitch>-2.741619</pitch><mode /></trkpt><trkpt lat="35.1125001" lon="-118.4773565"><ele>1302.61</ele><time>2026-04-25T13:51:05-07:00</time><course>232.4851</course><roll>-14.72748</roll><pitch>-2.695737</pitch><mode /></trkpt><trkpt lat="35.1124838" lon="-118.4773673"><ele>1302.71</ele><time>2026-04-25T13:51:05-07:00</time><course>233.5827</course><roll>-13.80162</roll><pitch>-3.017197</pitch><mode /></trkpt><trkpt lat="35.1124684" lon="-118.4773786"><ele>1302.81</ele><time>2026-04-25T13:51:05-07:00</time><course>234.176</course><roll>-16.83167</roll><pitch>-3.74723</pitch><mode /></trkpt><trkpt lat="35.1124537" lon="-118.4773907"><ele>1302.98</ele><time>2026-04-25T13:51:05-07:00</time><course>233.6419</course><roll>-14.86292</roll><pitch>-3.816056</pitch><mode /></trkpt><trkpt lat="35.1124397" lon="-118.477403"><ele>1303.13</ele><time>2026-04-25T13:51:05-07:00</time><course>234.3096</course><roll>-14.10783</roll><pitch>-3.191271</pitch><mode /></trkpt><trkpt lat="35.112426" lon="-118.4774157"><ele>1303.26</ele><time>2026-04-25T13:51:06-07:00</time><course>235.0594</course><roll>-13.44423</roll><pitch>-3.284905</pitch><mode /></trkpt><trkpt lat="35.1124129" lon="-118.4774289"><ele>1303.36</ele><time>2026-04-25T13:51:06-07:00</time><course>236.1464</course><roll>-13.49901</roll><pitch>-2.948917</pitch><mode /></trkpt><trkpt lat="35.1123999" lon="-118.4774422"><ele>1303.37</ele><time>2026-04-25T13:51:06-07:00</time><course>236.484</course><roll>-11.36266</roll><pitch>-2.89098</pitch><mode /></trkpt><trkpt lat="35.1123875" lon="-118.4774553"><ele>1303.48</ele><time>2026-04-25T13:51:06-07:00</time><course>239.1143</course><roll>-10.20186</roll><pitch>-2.136475</pitch><mode /></trkpt><trkpt lat="35.1123757" lon="-118.4774683"><ele>1303.75</ele><time>2026-04-25T13:51:06-07:00</time><course>238.8151</course><roll>-10.12295</roll><pitch>-2.546551</pitch><mode /></trkpt><trkpt lat="35.1123641" lon="-118.4774824"><ele>1303.98</ele><time>2026-04-25T13:51:07-07:00</time><course>237.5323</course><roll>-9.376065</roll><pitch>-1.866368</pitch><mode /></trkpt><trkpt lat="35.1123525" lon="-118.4774967"><ele>1304.21</ele><time>2026-04-25T13:51:07-07:00</time><course>238.7161</course><roll>-9.209615</roll><pitch>-1.268397</pitch><mode /></trkpt><trkpt lat="35.1123414" lon="-118.4775117"><ele>1304.41</ele><time>2026-04-25T13:51:07-07:00</time><course>238.7225</course><roll>-9.548952</roll><pitch>-0.8254127</pitch><mode /></trkpt><trkpt lat="35.1123303" lon="-118.4775274"><ele>1304.6</ele><time>2026-04-25T13:51:07-07:00</time><course>237.8158</course><roll>-8.774396</roll><pitch>-1.015639</pitch><mode /></trkpt><trkpt lat="35.1123191" lon="-118.477543"><ele>1304.81</ele><time>2026-04-25T13:51:07-07:00</time><course>239.7879</course><roll>-9.964884</roll><pitch>0.0324539</pitch><mode /></trkpt><trkpt lat="35.1123081" lon="-118.4775597"><ele>1304.87</ele><time>2026-04-25T13:51:08-07:00</time><course>242.2846</course><roll>-10.20977</roll><pitch>0.7012258</pitch><mode /></trkpt><trkpt lat="35.1122974" lon="-118.4775773"><ele>1304.92</ele><time>2026-04-25T13:51:08-07:00</time><course>241.962</course><roll>-18.66125</roll><pitch>-0.5584886</pitch><mode /></trkpt><trkpt lat="35.1122879" lon="-118.4775953"><ele>1305.03</ele><time>2026-04-25T13:51:08-07:00</time><course>237.9858</course><roll>-27.78306</roll><pitch>-3.675107</pitch><mode /></trkpt><trkpt lat="35.1122796" lon="-118.477614"><ele>1305.2</ele><time>2026-04-25T13:51:08-07:00</time><course>236.5735</course><roll>-20.7385</roll><pitch>-3.790266</pitch><mode /></trkpt><trkpt lat="35.1122717" lon="-118.4776335"><ele>1305.48</ele><time>2026-04-25T13:51:08-07:00</time><course>245.0366</course><roll>-19.23322</roll><pitch>0.2364637</pitch><mode /></trkpt><trkpt lat="35.1122639" lon="-118.4776532"><ele>1305.66</ele><time>2026-04-25T13:51:09-07:00</time><course>250.4013</course><roll>-27.44077</roll><pitch>-0.1458608</pitch><mode /></trkpt><trkpt lat="35.1122578" lon="-118.4776736"><ele>1305.79</ele><time>2026-04-25T13:51:09-07:00</time><course>250.3827</course><roll>-28.21051</roll><pitch>-2.140728</pitch><mode /></trkpt><trkpt lat="35.1122538" lon="-118.477696"><ele>1305.85</ele><time>2026-04-25T13:51:09-07:00</time><course>250.7888</course><roll>-24.58304</roll><pitch>-3.362612</pitch><mode /></trkpt><trkpt lat="35.1122511" lon="-118.4777178"><ele>1306.04</ele><time>2026-04-25T13:51:09-07:00</time><course>249.9973</course><roll>-19.55704</roll><pitch>-4.623669</pitch><mode /></trkpt><trkpt lat="35.1122492" lon="-118.4777403"><ele>1306.17</ele><time>2026-04-25T13:51:09-07:00</time><course>256.7957</course><roll>-22.75833</roll><pitch>-2.103107</pitch><mode /></trkpt><trkpt lat="35.1122479" lon="-118.4777636"><ele>1306.24</ele><time>2026-04-25T13:51:10-07:00</time><course>261.993</course><roll>-29.45065</roll><pitch>-1.462331</pitch><mode /></trkpt><trkpt lat="35.1122486" lon="-118.4777882"><ele>1306.15</ele><time>2026-04-25T13:51:10-07:00</time><course>257.3743</course><roll>-25.3416</roll><pitch>-5.624556</pitch><mode /></trkpt><trkpt lat="35.1122502" lon="-118.4778108"><ele>1306.14</ele><time>2026-04-25T13:51:10-07:00</time><course>256.0548</course><roll>-12.5271</roll><pitch>-3.450286</pitch><mode /></trkpt><trkpt lat="35.1122513" lon="-118.4778331"><ele>1306.02</ele><time>2026-04-25T13:51:10-07:00</time><course>262.4959</course><roll>-9.178237</roll><pitch>-1.593351</pitch><mode /></trkpt><trkpt lat="35.1122523" lon="-118.4778552"><ele>1305.97</ele><time>2026-04-25T13:51:10-07:00</time><course>264.1019</course><roll>-1.912392</roll><pitch>-1.026415</pitch><mode /></trkpt><trkpt lat="35.1122534" lon="-118.4778776"><ele>1305.93</ele><time>2026-04-25T13:51:11-07:00</time><course>264.5275</course><roll>3.778926</roll><pitch>-0.6859425</pitch><mode /></trkpt><trkpt lat="35.1122541" lon="-118.4779012"><ele>1305.72</ele><time>2026-04-25T13:51:11-07:00</time><course>264.98</course><roll>3.915522</roll><pitch>-0.0603007</pitch><mode /></trkpt><trkpt lat="35.1122544" lon="-118.4779238"><ele>1305.63</ele><time>2026-04-25T13:51:11-07:00</time><course>261.7246</course><roll>1.075471</roll><pitch>-0.1766184</pitch><mode /></trkpt><trkpt lat="35.1122554" lon="-118.4779455"><ele>1305.84</ele><time>2026-04-25T13:51:11-07:00</time><course>255.0501</course><roll>-3.521993</roll><pitch>-0.5002957</pitch><mode /></trkpt><trkpt lat="35.1122561" lon="-118.4779704"><ele>1305.74</ele><time>2026-04-25T13:51:11-07:00</time><course>256.0818</course><roll>-0.9753628</roll><pitch>-0.2790785</pitch><mode /></trkpt><trkpt lat="35.112256" lon="-118.4779939"><ele>1305.69</ele><time>2026-04-25T13:51:12-07:00</time><course>258.6248</course><roll>1.546158</roll><pitch>-0.5275522</pitch><mode /></trkpt><trkpt lat="35.1122559" lon="-118.4780181"><ele>1305.56</ele><time>2026-04-25T13:51:12-07:00</time><course>260.067</course><roll>0.7201917</roll><pitch>-0.8725352</pitch><mode /></trkpt><trkpt lat="35.1122557" lon="-118.4780655"><ele>1305.52</ele><time>2026-04-25T13:51:12-07:00</time><course>258.9332</course><roll>-4.070978</roll><pitch>0.2524948</pitch><mode /></trkpt><trkpt lat="35.1122552" lon="-118.4780922"><ele>1304.96</ele><time>2026-04-25T13:51:12-07:00</time><course>260.1932</course><roll>-2.219016</roll><pitch>0.4356758</pitch><mode /></trkpt><trkpt lat="35.112255" lon="-118.4781153"><ele>1304.79</ele><time>2026-04-25T13:51:13-07:00</time><course>256.4437</course><roll>0.2703404</roll><pitch>-0.2488446</pitch><mode /></trkpt><trkpt lat="35.1122542" lon="-118.4781373"><ele>1304.82</ele><time>2026-04-25T13:51:13-07:00</time><course>257.0987</course><roll>1.346162</roll><pitch>-0.09332937</pitch><mode /></trkpt><trkpt lat="35.1122535" lon="-118.47816"><ele>1304.63</ele><time>2026-04-25T13:51:13-07:00</time><course>257.0337</course><roll>2.123184</roll><pitch>-0.07036245</pitch><mode /></trkpt><trkpt lat="35.1122528" lon="-118.4781825"><ele>1304.63</ele><time>2026-04-25T13:51:13-07:00</time><course>255.611</course><roll>0.1954619</roll><pitch>-0.5006354</pitch><mode /></trkpt><trkpt lat="35.1122515" lon="-118.4782029"><ele>1305.09</ele><time>2026-04-25T13:51:13-07:00</time><course>253.6721</course><roll>1.454625</roll><pitch>0.5615965</pitch><mode /></trkpt><trkpt lat="35.1122494" lon="-118.4782273"><ele>1305.03</ele><time>2026-04-25T13:51:14-07:00</time><course>260.7046</course><roll>0.6383675</roll><pitch>0.1122191</pitch><mode /></trkpt><trkpt lat="35.1122466" lon="-118.478253"><ele>1304.74</ele><time>2026-04-25T13:51:14-07:00</time><course>266.7091</course><roll>-6.345031</roll><pitch>-1.49067</pitch><mode /></trkpt><trkpt lat="35.112245" lon="-118.4782755"><ele>1304.9</ele><time>2026-04-25T13:51:14-07:00</time><course>266.4056</course><roll>-14.79018</roll><pitch>-4.311392</pitch><mode /></trkpt><trkpt lat="35.1122454" lon="-118.4783161"><ele>1305.9</ele><time>2026-04-25T13:51:14-07:00</time><course>269.3179</course><roll>-23.1478</roll><pitch>-2.024758</pitch><mode /></trkpt><trkpt lat="35.1122467" lon="-118.4783377"><ele>1306.2</ele><time>2026-04-25T13:51:15-07:00</time><course>270.9992</course><roll>-26.78175</roll><pitch>-1.949648</pitch><mode /></trkpt><trkpt lat="35.1122492" lon="-118.4783599"><ele>1306.36</ele><time>2026-04-25T13:51:15-07:00</time><course>271.0402</course><roll>-28.2792</roll><pitch>-3.168514</pitch><mode /></trkpt><trkpt lat="35.1122537" lon="-118.4783821"><ele>1306.53</ele><time>2026-04-25T13:51:15-07:00</time><course>275.7589</course><roll>-31.97053</roll><pitch>-1.475057</pitch><mode /></trkpt><trkpt lat="35.1122598" lon="-118.478405"><ele>1306.6</ele><time>2026-04-25T13:51:15-07:00</time><course>280.0598</course><roll>-33.3294</roll><pitch>-1.262798</pitch><mode /></trkpt><trkpt lat="35.1122681" lon="-118.4784263"><ele>1306.81</ele><time>2026-04-25T13:51:15-07:00</time><course>285.868</course><roll>-37.07737</roll><pitch>-0.4915271</pitch><mode /></trkpt><trkpt lat="35.1122786" lon="-118.4784494"><ele>1306.81</ele><time>2026-04-25T13:51:16-07:00</time><course>290.9332</course><roll>-36.74989</roll><pitch>-1.40071</pitch><mode /></trkpt><trkpt lat="35.1122912" lon="-118.4784703"><ele>1306.81</ele><time>2026-04-25T13:51:16-07:00</time><course>290.4546</course><roll>-31.79808</roll><pitch>-4.155622</pitch><mode /></trkpt><trkpt lat="35.1123054" lon="-118.4784891"><ele>1306.91</ele><time>2026-04-25T13:51:16-07:00</time><course>284.2279</course><roll>-23.16629</roll><pitch>-7.059085</pitch><mode /></trkpt><trkpt lat="35.1123194" lon="-118.4785055"><ele>1307.08</ele><time>2026-04-25T13:51:16-07:00</time><course>284.0057</course><roll>-14.82199</roll><pitch>-3.115443</pitch><mode /></trkpt><trkpt lat="35.1123327" lon="-118.478522"><ele>1306.94</ele><time>2026-04-25T13:51:16-07:00</time><course>292.1328</course><roll>-11.29114</roll><pitch>0.01222889</pitch><mode /></trkpt><trkpt lat="35.1123467" lon="-118.4785376"><ele>1306.98</ele><time>2026-04-25T13:51:17-07:00</time><course>291.053</course><roll>-3.960651</roll><pitch>-1.031792</pitch><mode /></trkpt><trkpt lat="35.1123613" lon="-118.4785533"><ele>1307.07</ele><time>2026-04-25T13:51:17-07:00</time><course>291.4153</course><roll>-0.5040858</roll><pitch>-1.015489</pitch><mode /></trkpt><trkpt lat="35.1123752" lon="-118.4785693"><ele>1307.12</ele><time>2026-04-25T13:51:17-07:00</time><course>295.3268</course><roll>-2.769371</roll><pitch>0.3815895</pitch><mode /></trkpt><trkpt lat="35.1123894" lon="-118.4785846"><ele>1307.34</ele><time>2026-04-25T13:51:17-07:00</time><course>295.8967</course><roll>-3.859582</roll><pitch>0.1914975</pitch><mode /></trkpt><trkpt lat="35.112404" lon="-118.4786007"><ele>1307.43</ele><time>2026-04-25T13:51:17-07:00</time><course>295.28</course><roll>-5.963651</roll><pitch>1.248373</pitch><mode /></trkpt><trkpt lat="35.1124183" lon="-118.4786167"><ele>1307.43</ele><time>2026-04-25T13:51:18-07:00</time><course>297.3734</course><roll>-9.092337</roll><pitch>3.12431</pitch><mode /></trkpt><trkpt lat="35.1124325" lon="-118.4786332"><ele>1307.16</ele><time>2026-04-25T13:51:18-07:00</time><course>297.5619</course><roll>-7.819205</roll><pitch>3.074015</pitch><mode /></trkpt><trkpt lat="35.1124473" lon="-118.4786495"><ele>1306.94</ele><time>2026-04-25T13:51:18-07:00</time><course>297.1053</course><roll>-11.92594</roll><pitch>2.651486</pitch><mode /></trkpt><trkpt lat="35.112463" lon="-118.4786652"><ele>1306.84</ele><time>2026-04-25T13:51:18-07:00</time><course>295.9553</course><roll>-16.46303</roll><pitch>1.514701</pitch><mode /></trkpt><trkpt lat="35.1124792" lon="-118.4786808"><ele>1306.65</ele><time>2026-04-25T13:51:18-07:00</time><course>294.9568</course><roll>-18.11424</roll><pitch>0.8789991</pitch><mode /></trkpt><trkpt lat="35.1124958" lon="-118.4786978"><ele>1306.19</ele><time>2026-04-25T13:51:19-07:00</time><course>299.005</course><roll>-18.02151</roll><pitch>0.7755864</pitch><mode /></trkpt><trkpt lat="35.1125125" lon="-118.4787136"><ele>1305.8</ele><time>2026-04-25T13:51:19-07:00</time><course>300.2422</course><roll>-16.60048</roll><pitch>-0.7681039</pitch><mode /></trkpt><trkpt lat="35.1125299" lon="-118.4787281"><ele>1305.52</ele><time>2026-04-25T13:51:19-07:00</time><course>301.2936</course><roll>-13.85084</roll><pitch>-2.232132</pitch><mode /></trkpt><trkpt lat="35.1125482" lon="-118.4787422"><ele>1305.37</ele><time>2026-04-25T13:51:19-07:00</time><course>304.6309</course><roll>-15.71202</roll><pitch>-2.602548</pitch><mode /></trkpt><trkpt lat="35.1125674" lon="-118.4787555"><ele>1305.3</ele><time>2026-04-25T13:51:19-07:00</time><course>303.5501</course><roll>-17.46071</roll><pitch>-3.21196</pitch><mode /></trkpt><trkpt lat="35.1125871" lon="-118.4787679"><ele>1305.23</ele><time>2026-04-25T13:51:20-07:00</time><course>303.7207</course><roll>-15.59799</roll><pitch>-2.630347</pitch><mode /></trkpt><trkpt lat="35.1126069" lon="-118.4787799"><ele>1305.16</ele><time>2026-04-25T13:51:20-07:00</time><course>307.5587</course><roll>-14.43947</roll><pitch>-2.231405</pitch><mode /></trkpt><trkpt lat="35.1126272" lon="-118.4787918"><ele>1305.02</ele><time>2026-04-25T13:51:20-07:00</time><course>311.6392</course><roll>-16.64622</roll><pitch>-2.212745</pitch><mode /></trkpt><trkpt lat="35.1126483" lon="-118.4788028"><ele>1305.08</ele><time>2026-04-25T13:51:20-07:00</time><course>312.1555</course><roll>-14.9163</roll><pitch>-2.406634</pitch><mode /></trkpt><trkpt lat="35.1126705" lon="-118.4788132"><ele>1305.22</ele><time>2026-04-25T13:51:20-07:00</time><course>315.0361</course><roll>-15.82338</roll><pitch>-1.383287</pitch><mode /></trkpt><trkpt lat="35.112693" lon="-118.4788229"><ele>1305.39</ele><time>2026-04-25T13:51:21-07:00</time><course>317.7137</course><roll>-17.41431</roll><pitch>-1.372793</pitch><mode /></trkpt><trkpt lat="35.1127163" lon="-118.478833"><ele>1305.37</ele><time>2026-04-25T13:51:21-07:00</time><course>320.7106</course><roll>-16.7787</roll><pitch>-1.084085</pitch><mode /></trkpt><trkpt lat="35.1127403" lon="-118.4788426"><ele>1305.31</ele><time>2026-04-25T13:51:21-07:00</time><course>322.0368</course><roll>-18.45428</roll><pitch>-1.374394</pitch><mode /></trkpt><trkpt lat="35.1127653" lon="-118.4788511"><ele>1305.34</ele><time>2026-04-25T13:51:21-07:00</time><course>323.4891</course><roll>-20.99883</roll><pitch>-0.2123875</pitch><mode /></trkpt><trkpt lat="35.1127907" lon="-118.4788606"><ele>1305.14</ele><time>2026-04-25T13:51:21-07:00</time><course>331.6909</course><roll>-24.06716</roll><pitch>2.164482</pitch><mode /></trkpt><trkpt lat="35.1128158" lon="-118.4788685"><ele>1304.98</ele><time>2026-04-25T13:51:22-07:00</time><course>333.5972</course><roll>-25.77988</roll><pitch>-0.8349199</pitch><mode /></trkpt><trkpt lat="35.1128423" lon="-118.4788742"><ele>1304.72</ele><time>2026-04-25T13:51:22-07:00</time><course>333.144</course><roll>-23.58689</roll><pitch>-3.497346</pitch><mode /></trkpt><trkpt lat="35.1128691" lon="-118.4788771"><ele>1304.75</ele><time>2026-04-25T13:51:22-07:00</time><course>338.3892</course><roll>-24.7267</roll><pitch>-1.844803</pitch><mode /></trkpt><trkpt lat="35.1128962" lon="-118.4788782"><ele>1304.83</ele><time>2026-04-25T13:51:22-07:00</time><course>339.7356</course><roll>-26.98315</roll><pitch>-2.898383</pitch><mode /></trkpt><trkpt lat="35.1129239" lon="-118.4788765"><ele>1304.9</ele><time>2026-04-25T13:51:22-07:00</time><course>337.1918</course><roll>-17.48684</roll><pitch>-4.626198</pitch><mode /></trkpt><trkpt lat="35.1129509" lon="-118.4788742"><ele>1304.9</ele><time>2026-04-25T13:51:23-07:00</time><course>346.7825</course><roll>-12.35468</roll><pitch>-1.012492</pitch><mode /></trkpt><trkpt lat="35.1129778" lon="-118.4788709"><ele>1304.79</ele><time>2026-04-25T13:51:23-07:00</time><course>348.9599</course><roll>-18.60527</roll><pitch>-2.092606</pitch><mode /></trkpt><trkpt lat="35.1130054" lon="-118.4788651"><ele>1304.81</ele><time>2026-04-25T13:51:23-07:00</time><course>346.3855</course><roll>-22.17815</roll><pitch>-4.636818</pitch><mode /></trkpt><trkpt lat="35.1130327" lon="-118.4788573"><ele>1304.96</ele><time>2026-04-25T13:51:23-07:00</time><course>348.0855</course><roll>-25.80623</roll><pitch>-3.671134</pitch><mode /></trkpt><trkpt lat="35.1130604" lon="-118.4788486"><ele>1304.97</ele><time>2026-04-25T13:51:23-07:00</time><course>351.6075</course><roll>-28.82191</roll><pitch>-2.695707</pitch><mode /></trkpt><trkpt lat="35.113088" lon="-118.478838"><ele>1304.94</ele><time>2026-04-25T13:51:24-07:00</time><course>352.4519</course><roll>-32.42472</roll><pitch>-4.702145</pitch><mode /></trkpt><trkpt lat="35.1131158" lon="-118.478826"><ele>1304.75</ele><time>2026-04-25T13:51:24-07:00</time><course>353.7208</course><roll>-31.58328</roll><pitch>-6.266771</pitch><mode /></trkpt><trkpt lat="35.1131436" lon="-118.4788117"><ele>1304.75</ele><time>2026-04-25T13:51:24-07:00</time><course>357.5998</course><roll>-29.97793</roll><pitch>-5.661912</pitch><mode /></trkpt><trkpt lat="35.1131712" lon="-118.4787952"><ele>1304.81</ele><time>2026-04-25T13:51:24-07:00</time><course>2.51973</course><roll>-28.57961</roll><pitch>-4.316184</pitch><mode /></trkpt><trkpt lat="35.1131988" lon="-118.4787769"><ele>1304.69</ele><time>2026-04-25T13:51:24-07:00</time><course>5.424151</course><roll>-27.95956</roll><pitch>-4.834804</pitch><mode /></trkpt><trkpt lat="35.1132264" lon="-118.4787565"><ele>1304.52</ele><time>2026-04-25T13:51:25-07:00</time><course>9.228333</course><roll>-25.68093</roll><pitch>-3.651108</pitch><mode /></trkpt><trkpt lat="35.1132536" lon="-118.4787346"><ele>1304.42</ele><time>2026-04-25T13:51:25-07:00</time><course>12.82979</course><roll>-20.65047</roll><pitch>-3.256755</pitch><mode /></trkpt><trkpt lat="35.1132808" lon="-118.4787113"><ele>1304.23</ele><time>2026-04-25T13:51:25-07:00</time><course>16.53711</course><roll>-20.25759</roll><pitch>-4.141899</pitch><mode /></trkpt><trkpt lat="35.1133074" lon="-118.4786884"><ele>1303.54</ele><time>2026-04-25T13:51:25-07:00</time><course>21.08652</course><roll>-20.55034</roll><pitch>-4.61078</pitch><mode /></trkpt><trkpt lat="35.1133326" lon="-118.4786646"><ele>1302.7</ele><time>2026-04-25T13:51:25-07:00</time><course>23.4777</course><roll>-25.82099</roll><pitch>-5.720065</pitch><mode /></trkpt><trkpt lat="35.1133572" lon="-118.4786388"><ele>1301.94</ele><time>2026-04-25T13:51:26-07:00</time><course>23.72953</course><roll>-30.11479</roll><pitch>-6.209468</pitch><mode /></trkpt><trkpt lat="35.1133816" lon="-118.4786094"><ele>1301.64</ele><time>2026-04-25T13:51:26-07:00</time><course>25.70895</course><roll>-33.73666</roll><pitch>-5.740743</pitch><mode /></trkpt><trkpt lat="35.1134061" lon="-118.4785792"><ele>1301.15</ele><time>2026-04-25T13:51:26-07:00</time><course>28.91862</course><roll>-35.82672</roll><pitch>-4.612781</pitch><mode /></trkpt><trkpt lat="35.1134301" lon="-118.4785469"><ele>1300.81</ele><time>2026-04-25T13:51:26-07:00</time><course>34.99695</course><roll>-37.22514</roll><pitch>-3.533516</pitch><mode /></trkpt><trkpt lat="35.1134531" lon="-118.4785131"><ele>1300.18</ele><time>2026-04-25T13:51:26-07:00</time><course>40.52351</course><roll>-38.87711</roll><pitch>-4.115057</pitch><mode /></trkpt><trkpt lat="35.1134744" lon="-118.4784749"><ele>1300.16</ele><time>2026-04-25T13:51:27-07:00</time><course>47.37725</course><roll>-41.49894</roll><pitch>-3.902643</pitch><mode /></trkpt><trkpt lat="35.1134938" lon="-118.4784352"><ele>1299.99</ele><time>2026-04-25T13:51:27-07:00</time><course>53.13332</course><roll>-43.05843</roll><pitch>-5.05822</pitch><mode /></trkpt><trkpt lat="35.1135104" lon="-118.4783932"><ele>1299.73</ele><time>2026-04-25T13:51:27-07:00</time><course>56.37812</course><roll>-40.62557</roll><pitch>-7.906363</pitch><mode /></trkpt><trkpt lat="35.1135241" lon="-118.4783499"><ele>1299.53</ele><time>2026-04-25T13:51:27-07:00</time><course>60.13076</course><roll>-39.12695</roll><pitch>-8.141165</pitch><mode /></trkpt><trkpt lat="35.1135357" lon="-118.4783068"><ele>1299.19</ele><time>2026-04-25T13:51:27-07:00</time><course>66.38796</course><roll>-42.82779</roll><pitch>-6.39368</pitch><mode /></trkpt><trkpt lat="35.113545" lon="-118.4782619"><ele>1298.87</ele><time>2026-04-25T13:51:28-07:00</time><course>70.09231</course><roll>-47.97673</roll><pitch>-9.125639</pitch><mode /></trkpt><trkpt lat="35.1135513" lon="-118.4782152"><ele>1298.63</ele><time>2026-04-25T13:51:28-07:00</time><course>75.93519</course><roll>-46.39546</roll><pitch>-9.097872</pitch><mode /></trkpt><trkpt lat="35.1135547" lon="-118.4781685"><ele>1298.3</ele><time>2026-04-25T13:51:28-07:00</time><course>81.58195</course><roll>-48.19065</roll><pitch>-9.000224</pitch><mode /></trkpt><trkpt lat="35.113555" lon="-118.4781202"><ele>1298.07</ele><time>2026-04-25T13:51:28-07:00</time><course>87.7365</course><roll>-50.88432</roll><pitch>-9.162852</pitch><mode /></trkpt><trkpt lat="35.1135525" lon="-118.4780716"><ele>1297.93</ele><time>2026-04-25T13:51:28-07:00</time><course>93.1832</course><roll>-49.07515</roll><pitch>-10.10959</pitch><mode /></trkpt><trkpt lat="35.1135476" lon="-118.4780242"><ele>1297.98</ele><time>2026-04-25T13:51:29-07:00</time><course>99.37297</course><roll>-48.21882</roll><pitch>-9.884128</pitch><mode /></trkpt><trkpt lat="35.1135413" lon="-118.4779781"><ele>1297.62</ele><time>2026-04-25T13:51:29-07:00</time><course>107.9098</course><roll>-46.09208</roll><pitch>-7.942179</pitch><mode /></trkpt><trkpt lat="35.1135321" lon="-118.4779331"><ele>1297.24</ele><time>2026-04-25T13:51:29-07:00</time><course>114.6281</course><roll>-43.32717</roll><pitch>-9.668665</pitch><mode /></trkpt><trkpt lat="35.1135196" lon="-118.4778899"><ele>1297.24</ele><time>2026-04-25T13:51:29-07:00</time><course>119.4779</course><roll>-39.74023</roll><pitch>-10.42193</pitch><mode /></trkpt><trkpt lat="35.1135048" lon="-118.4778486"><ele>1297.49</ele><time>2026-04-25T13:51:29-07:00</time><course>123.2774</course><roll>-35.93654</roll><pitch>-9.898632</pitch><mode /></trkpt><trkpt lat="35.1134885" lon="-118.4778096"><ele>1297.44</ele><time>2026-04-25T13:51:30-07:00</time><course>127.9017</course><roll>-33.91619</roll><pitch>-8.378743</pitch><mode /></trkpt><trkpt lat="35.1134709" lon="-118.4777723"><ele>1297.51</ele><time>2026-04-25T13:51:30-07:00</time><course>131.7551</course><roll>-30.64498</roll><pitch>-7.543939</pitch><mode /></trkpt><trkpt lat="35.1134528" lon="-118.4777362"><ele>1297.53</ele><time>2026-04-25T13:51:30-07:00</time><course>136.3423</course><roll>-28.56184</roll><pitch>-5.540359</pitch><mode /></trkpt><trkpt lat="35.1134341" lon="-118.4777001"><ele>1297.71</ele><time>2026-04-25T13:51:30-07:00</time><course>136.8405</course><roll>-31.26941</roll><pitch>-6.504629</pitch><mode /></trkpt><trkpt lat="35.113415" lon="-118.4776651"><ele>1297.75</ele><time>2026-04-25T13:51:30-07:00</time><course>138.3463</course><roll>-29.56815</roll><pitch>-7.871958</pitch><mode /></trkpt><trkpt lat="35.1133952" lon="-118.4776305"><ele>1297.61</ele><time>2026-04-25T13:51:31-07:00</time><course>143.3204</course><roll>-31.7347</roll><pitch>-5.989381</pitch><mode /></trkpt><trkpt lat="35.1133742" lon="-118.4775974"><ele>1297.41</ele><time>2026-04-25T13:51:31-07:00</time><course>146.4333</course><roll>-32.70285</roll><pitch>-6.877678</pitch><mode /></trkpt><trkpt lat="35.113352" lon="-118.4775666"><ele>1297.35</ele><time>2026-04-25T13:51:31-07:00</time><course>148.634</course><roll>-30.68885</roll><pitch>-8.252374</pitch><mode /></trkpt><trkpt lat="35.1133285" lon="-118.4775375"><ele>1297.34</ele><time>2026-04-25T13:51:31-07:00</time><course>152.7223</course><roll>-28.31145</roll><pitch>-7.428482</pitch><mode /></trkpt><trkpt lat="35.1133046" lon="-118.4775096"><ele>1297.19</ele><time>2026-04-25T13:51:31-07:00</time><course>159.2623</course><roll>-29.23434</roll><pitch>-6.144315</pitch><mode /></trkpt><trkpt lat="35.1132804" lon="-118.4774841"><ele>1297.14</ele><time>2026-04-25T13:51:32-07:00</time><course>161.7779</course><roll>-30.35551</roll><pitch>-7.595677</pitch><mode /></trkpt><trkpt lat="35.1132558" lon="-118.4774612"><ele>1297.03</ele><time>2026-04-25T13:51:32-07:00</time><course>163.4253</course><roll>-25.80591</roll><pitch>-9.205587</pitch><mode /></trkpt><trkpt lat="35.1132308" lon="-118.4774411"><ele>1296.99</ele><time>2026-04-25T13:51:32-07:00</time><course>162.5926</course><roll>-23.13348</roll><pitch>-9.96517</pitch><mode /></trkpt><trkpt lat="35.1132058" lon="-118.4774232"><ele>1297.47</ele><time>2026-04-25T13:51:32-07:00</time><course>162.8498</course><roll>-17.92183</roll><pitch>-7.885497</pitch><mode /></trkpt><trkpt lat="35.1131811" lon="-118.4774063"><ele>1297.99</ele><time>2026-04-25T13:51:32-07:00</time><course>163.162</course><roll>-17.70464</roll><pitch>-6.353781</pitch><mode /></trkpt><trkpt lat="35.1131565" lon="-118.4773898"><ele>1298.09</ele><time>2026-04-25T13:51:33-07:00</time><course>163.7199</course><roll>-18.18917</roll><pitch>-4.879351</pitch><mode /></trkpt><trkpt lat="35.113132" lon="-118.4773738"><ele>1298.8</ele><time>2026-04-25T13:51:33-07:00</time><course>168.3498</course><roll>-20.32977</roll><pitch>-2.64486</pitch><mode /></trkpt><trkpt lat="35.1131076" lon="-118.4773593"><ele>1299.19</ele><time>2026-04-25T13:51:33-07:00</time><course>170.1462</course><roll>-23.57853</roll><pitch>-2.438264</pitch><mode /></trkpt><trkpt lat="35.1130818" lon="-118.4773467"><ele>1299.57</ele><time>2026-04-25T13:51:33-07:00</time><course>167.9618</course><roll>-26.27164</roll><pitch>-4.836758</pitch><mode /></trkpt><trkpt lat="35.1130552" lon="-118.477335"><ele>1299.78</ele><time>2026-04-25T13:51:33-07:00</time><course>167.1627</course><roll>-25.23802</roll><pitch>-4.974218</pitch><mode /></trkpt><trkpt lat="35.1130279" lon="-118.4773238"><ele>1300.04</ele><time>2026-04-25T13:51:34-07:00</time><course>170.3993</course><roll>-26.00675</roll><pitch>-2.261915</pitch><mode /></trkpt><trkpt lat="35.1130006" lon="-118.4773125"><ele>1299.84</ele><time>2026-04-25T13:51:34-07:00</time><course>177.5974</course><roll>-25.32779</roll><pitch>-0.001821619</pitch><mode /></trkpt><trkpt lat="35.1129734" lon="-118.4773022"><ele>1299.75</ele><time>2026-04-25T13:51:34-07:00</time><course>181.8018</course><roll>-25.51844</roll><pitch>-1.001268</pitch><mode /></trkpt><trkpt lat="35.1129464" lon="-118.4772947"><ele>1299.8</ele><time>2026-04-25T13:51:34-07:00</time><course>184.3908</course><roll>-26.27557</roll><pitch>-1.550943</pitch><mode /></trkpt><trkpt lat="35.1129194" lon="-118.4772892"><ele>1299.86</ele><time>2026-04-25T13:51:34-07:00</time><course>188.4211</course><roll>-23.75561</roll><pitch>-1.369546</pitch><mode /></trkpt><trkpt lat="35.1128921" lon="-118.4772852"><ele>1300.01</ele><time>2026-04-25T13:51:35-07:00</time><course>189.9597</course><roll>-29.29187</roll><pitch>-2.322087</pitch><mode /></trkpt><trkpt lat="35.1128656" lon="-118.4772827"><ele>1300.12</ele><time>2026-04-25T13:51:35-07:00</time><course>195.9221</course><roll>-25.2053</roll><pitch>-0.2622923</pitch><mode /></trkpt><trkpt lat="35.1128402" lon="-118.4772819"><ele>1300.42</ele><time>2026-04-25T13:51:35-07:00</time><course>199.0897</course><roll>-25.24133</roll><pitch>-0.4790827</pitch><mode /></trkpt><trkpt lat="35.1128157" lon="-118.4772827"><ele>1300.84</ele><time>2026-04-25T13:51:35-07:00</time><course>199.3701</course><roll>-22.06479</roll><pitch>-1.779074</pitch><mode /></trkpt><trkpt lat="35.112792" lon="-118.4772846"><ele>1301.16</ele><time>2026-04-25T13:51:35-07:00</time><course>202.5421</course><roll>-16.54088</roll><pitch>0.2993424</pitch><mode /></trkpt><trkpt lat="35.1127686" lon="-118.4772871"><ele>1301.3</ele><time>2026-04-25T13:51:36-07:00</time><course>204.3152</course><roll>-12.67888</roll><pitch>2.100844</pitch><mode /></trkpt><trkpt lat="35.1127449" lon="-118.4772894"><ele>1301.46</ele><time>2026-04-25T13:51:36-07:00</time><course>206.9864</course><roll>-9.244472</roll><pitch>3.739559</pitch><mode /></trkpt><trkpt lat="35.1127209" lon="-118.4772915"><ele>1301.31</ele><time>2026-04-25T13:51:36-07:00</time><course>213.4438</course><roll>-13.62624</roll><pitch>4.671237</pitch><mode /></trkpt><trkpt lat="35.1126978" lon="-118.4772944"><ele>1301.09</ele><time>2026-04-25T13:51:36-07:00</time><course>213.1642</course><roll>-13.43849</roll><pitch>2.312179</pitch><mode /></trkpt><trkpt lat="35.1126752" lon="-118.4772985"><ele>1300.79</ele><time>2026-04-25T13:51:36-07:00</time><course>215.0171</course><roll>-15.23526</roll><pitch>2.206884</pitch><mode /></trkpt><trkpt lat="35.112653" lon="-118.4773031"><ele>1300.56</ele><time>2026-04-25T13:51:37-07:00</time><course>217.0832</course><roll>-17.95374</roll><pitch>0.4659727</pitch><mode /></trkpt><trkpt lat="35.1126315" lon="-118.4773094"><ele>1300.56</ele><time>2026-04-25T13:51:37-07:00</time><course>214.7869</course><roll>-19.73877</roll><pitch>-2.230697</pitch><mode /></trkpt><trkpt lat="35.1126106" lon="-118.4773174"><ele>1300.61</ele><time>2026-04-25T13:51:37-07:00</time><course>215.2699</course><roll>-17.97935</roll><pitch>-1.358864</pitch><mode /></trkpt><trkpt lat="35.1125904" lon="-118.4773268"><ele>1300.95</ele><time>2026-04-25T13:51:37-07:00</time><course>213.747</course><roll>-13.64746</roll><pitch>-1.810337</pitch><mode /></trkpt><trkpt lat="35.112571" lon="-118.4773365"><ele>1301.22</ele><time>2026-04-25T13:51:37-07:00</time><course>211.4745</course><roll>-7.797091</roll><pitch>-1.756433</pitch><mode /></trkpt><trkpt lat="35.1125512" lon="-118.4773454"><ele>1301.43</ele><time>2026-04-25T13:51:38-07:00</time><course>215.8554</course><roll>-3.853839</roll><pitch>-0.6483389</pitch><mode /></trkpt><trkpt lat="35.1125319" lon="-118.4773538"><ele>1301.63</ele><time>2026-04-25T13:51:38-07:00</time><course>215.931</course><roll>-3.895426</roll><pitch>-0.7481828</pitch><mode /></trkpt><trkpt lat="35.1125128" lon="-118.4773628"><ele>1301.55</ele><time>2026-04-25T13:51:38-07:00</time><course>216.0374</course><roll>-3.658923</roll><pitch>-1.121982</pitch><mode /></trkpt><trkpt lat="35.1124932" lon="-118.4773713"><ele>1301.7</ele><time>2026-04-25T13:51:38-07:00</time><course>221.9625</course><roll>-11.147</roll><pitch>-0.7142146</pitch><mode /></trkpt><trkpt lat="35.1124743" lon="-118.4773801"><ele>1301.99</ele><time>2026-04-25T13:51:38-07:00</time><course>223.8897</course><roll>-20.33257</roll><pitch>-2.570657</pitch><mode /></trkpt><trkpt lat="35.1124564" lon="-118.4773903"><ele>1302.27</ele><time>2026-04-25T13:51:39-07:00</time><course>227.5188</course><roll>-30.83803</roll><pitch>-3.316924</pitch><mode /></trkpt><trkpt lat="35.1124403" lon="-118.477402"><ele>1302.45</ele><time>2026-04-25T13:51:39-07:00</time><course>230.2855</course><roll>-38.03868</roll><pitch>-3.014446</pitch><mode /></trkpt><trkpt lat="35.1124257" lon="-118.4774153"><ele>1302.76</ele><time>2026-04-25T13:51:39-07:00</time><course>233.7811</course><roll>-38.73948</roll><pitch>-2.855956</pitch><mode /></trkpt><trkpt lat="35.1124124" lon="-118.4774296"><ele>1302.78</ele><time>2026-04-25T13:51:39-07:00</time><course>238.9497</course><roll>-39.56554</roll><pitch>-1.558907</pitch><mode /></trkpt><trkpt lat="35.1123997" lon="-118.4774442"><ele>1302.85</ele><time>2026-04-25T13:51:39-07:00</time><course>244.0942</course><roll>-41.87586</roll><pitch>-2.1145</pitch><mode /></trkpt><trkpt lat="35.1123885" lon="-118.4774607"><ele>1302.91</ele><time>2026-04-25T13:51:40-07:00</time><course>247.1147</course><roll>-44.1869</roll><pitch>-5.497232</pitch><mode /></trkpt><trkpt lat="35.1123827" lon="-118.4774813"><ele>1303.17</ele><time>2026-04-25T13:51:40-07:00</time><course>250.0565</course><roll>-43.05333</roll><pitch>-6.138999</pitch><mode /></trkpt><trkpt lat="35.1123803" lon="-118.4775029"><ele>1303.33</ele><time>2026-04-25T13:51:40-07:00</time><course>258.0407</course><roll>-45.06322</roll><pitch>-1.628013</pitch><mode /></trkpt><trkpt lat="35.1123785" lon="-118.477524"><ele>1303.22</ele><time>2026-04-25T13:51:40-07:00</time><course>267.6833</course><roll>-44.8073</roll><pitch>0.5894989</pitch><mode /></trkpt><trkpt lat="35.1123795" lon="-118.4775452"><ele>1303.05</ele><time>2026-04-25T13:51:40-07:00</time><course>274.2143</course><roll>-45.28367</roll><pitch>-1.412355</pitch><mode /></trkpt><trkpt lat="35.1123851" lon="-118.4775669"><ele>1302.86</ele><time>2026-04-25T13:51:41-07:00</time><course>277.5181</course><roll>-40.54871</roll><pitch>-5.948788</pitch><mode /></trkpt><trkpt lat="35.1123949" lon="-118.4775865"><ele>1303.17</ele><time>2026-04-25T13:51:41-07:00</time><course>284.2516</course><roll>-40.07167</roll><pitch>-2.580551</pitch><mode /></trkpt><trkpt lat="35.112406" lon="-118.477608"><ele>1303.11</ele><time>2026-04-25T13:51:41-07:00</time><course>288.5169</course><roll>-36.47227</roll><pitch>-1.329127</pitch><mode /></trkpt><trkpt lat="35.1124191" lon="-118.4776271"><ele>1303.18</ele><time>2026-04-25T13:51:41-07:00</time><course>288.1526</course><roll>-33.19208</roll><pitch>-2.536393</pitch><mode /></trkpt><trkpt lat="35.1124342" lon="-118.477646"><ele>1303.2</ele><time>2026-04-25T13:51:41-07:00</time><course>284.7078</course><roll>-24.97059</roll><pitch>-3.771987</pitch><mode /></trkpt><trkpt lat="35.1124494" lon="-118.4776643"><ele>1303.08</ele><time>2026-04-25T13:51:42-07:00</time><course>287.0605</course><roll>-12.94489</roll><pitch>-0.4654596</pitch><mode /></trkpt><trkpt lat="35.1124639" lon="-118.4776833"><ele>1302.83</ele><time>2026-04-25T13:51:42-07:00</time><course>293.2403</course><roll>-5.25523</roll><pitch>0.8238856</pitch><mode /></trkpt><trkpt lat="35.1124787" lon="-118.4777025"><ele>1302.73</ele><time>2026-04-25T13:51:42-07:00</time><course>296.0732</course><roll>-1.489236</roll><pitch>0.3241988</pitch><mode /></trkpt><trkpt lat="35.1124939" lon="-118.4777215"><ele>1302.81</ele><time>2026-04-25T13:51:42-07:00</time><course>294.0167</course><roll>-0.360182</roll><pitch>0.2136315</pitch><mode /></trkpt><trkpt lat="35.1125092" lon="-118.4777414"><ele>1302.92</ele><time>2026-04-25T13:51:42-07:00</time><course>293.7656</course><roll>-0.3397412</roll><pitch>0.03674617</pitch><mode /></trkpt><trkpt lat="35.1125237" lon="-118.4777612"><ele>1303.08</ele><time>2026-04-25T13:51:43-07:00</time><course>293.2287</course><roll>0.1607372</roll><pitch>-0.114177</pitch><mode /></trkpt><trkpt lat="35.1125385" lon="-118.4777805"><ele>1303.26</ele><time>2026-04-25T13:51:43-07:00</time><course>288.6173</course><roll>0.1033713</roll><pitch>-0.8052527</pitch><mode /></trkpt><trkpt lat="35.112553" lon="-118.4777997"><ele>1303.37</ele><time>2026-04-25T13:51:43-07:00</time><course>289.0688</course><roll>1.097226</roll><pitch>-0.3389843</pitch><mode /></trkpt><trkpt lat="35.1125658" lon="-118.4778171"><ele>1303.58</ele><time>2026-04-25T13:51:43-07:00</time><course>291.0991</course><roll>-0.1008492</roll><pitch>-0.3229267</pitch><mode /></trkpt><trkpt lat="35.1125794" lon="-118.4778355"><ele>1303.59</ele><time>2026-04-25T13:51:43-07:00</time><course>287.6203</course><roll>-2.517295</roll><pitch>-0.4740415</pitch><mode /></trkpt><trkpt lat="35.1125932" lon="-118.4778536"><ele>1303.65</ele><time>2026-04-25T13:51:44-07:00</time><course>285.6751</course><roll>-0.7993887</roll><pitch>0.143755</pitch><mode /></trkpt><trkpt lat="35.1126063" lon="-118.4778733"><ele>1303.53</ele><time>2026-04-25T13:51:44-07:00</time><course>289.2204</course><roll>-2.600473</roll><pitch>0.6474281</pitch><mode /></trkpt><trkpt lat="35.1126193" lon="-118.4778933"><ele>1303.45</ele><time>2026-04-25T13:51:44-07:00</time><course>292.2229</course><roll>-2.343773</roll><pitch>1.459514</pitch><mode /></trkpt><trkpt lat="35.1126323" lon="-118.4779135"><ele>1303.29</ele><time>2026-04-25T13:51:44-07:00</time><course>294.1886</course><roll>0.9850889</roll><pitch>0.891571</pitch><mode /></trkpt><trkpt lat="35.1126452" lon="-118.4779334"><ele>1303.18</ele><time>2026-04-25T13:51:44-07:00</time><course>292.8873</course><roll>0.05664164</roll><pitch>-0.06457242</pitch><mode /></trkpt><trkpt lat="35.1126583" lon="-118.4779535"><ele>1303.07</ele><time>2026-04-25T13:51:45-07:00</time><course>288.9286</course><roll>0.290363</roll><pitch>0.07422145</pitch><mode /></trkpt><trkpt lat="35.1126714" lon="-118.4779754"><ele>1302.85</ele><time>2026-04-25T13:51:45-07:00</time><course>288.313</course><roll>0.538727</roll><pitch>0.3000211</pitch><mode /></trkpt><trkpt lat="35.112684" lon="-118.4779967"><ele>1302.95</ele><time>2026-04-25T13:51:45-07:00</time><course>288.404</course><roll>-2.68241</roll><pitch>0.06036166</pitch><mode /></trkpt><trkpt lat="35.1126965" lon="-118.4780182"><ele>1303.1</ele><time>2026-04-25T13:51:45-07:00</time><course>286.2602</course><roll>-2.003684</roll><pitch>0.3484639</pitch><mode /></trkpt><trkpt lat="35.1127086" lon="-118.4780399"><ele>1303.23</ele><time>2026-04-25T13:51:45-07:00</time><course>286.275</course><roll>0.5662446</roll><pitch>0.8902566</pitch><mode /></trkpt><trkpt lat="35.1127202" lon="-118.4780615"><ele>1303.32</ele><time>2026-04-25T13:51:46-07:00</time><course>290.7714</course><roll>-4.121086</roll><pitch>0.3781609</pitch><mode /></trkpt><trkpt lat="35.1127318" lon="-118.4780834"><ele>1303.31</ele><time>2026-04-25T13:51:46-07:00</time><course>294.8525</course><roll>-10.50282</roll><pitch>-0.4185337</pitch><mode /></trkpt><trkpt lat="35.1127433" lon="-118.4781025"><ele>1303.43</ele><time>2026-04-25T13:51:46-07:00</time><course>288.3124</course><roll>-6.707132</roll><pitch>-1.796374</pitch><mode /></trkpt><trkpt lat="35.1127561" lon="-118.478123"><ele>1303.41</ele><time>2026-04-25T13:51:46-07:00</time><course>281.4174</course><roll>1.661812</roll><pitch>0.1006257</pitch><mode /></trkpt><trkpt lat="35.1127678" lon="-118.4781433"><ele>1303.41</ele><time>2026-04-25T13:51:46-07:00</time><course>280.3291</course><roll>6.854616</roll><pitch>2.309274</pitch><mode /></trkpt><trkpt lat="35.1127783" lon="-118.4781638"><ele>1303.36</ele><time>2026-04-25T13:51:47-07:00</time><course>277.2622</course><roll>12.52204</roll><pitch>4.34486</pitch><mode /></trkpt><trkpt lat="35.112788" lon="-118.4781847"><ele>1303.18</ele><time>2026-04-25T13:51:47-07:00</time><course>274.819</course><roll>17.9526</roll><pitch>5.557809</pitch><mode /></trkpt><trkpt lat="35.1127962" lon="-118.4782052"><ele>1302.98</ele><time>2026-04-25T13:51:47-07:00</time><course>271.025</course><roll>26.98274</roll><pitch>7.158835</pitch><mode /></trkpt><trkpt lat="35.112802" lon="-118.4782262"><ele>1302.75</ele><time>2026-04-25T13:51:47-07:00</time><course>265.54</course><roll>32.77638</roll><pitch>5.517506</pitch><mode /></trkpt><trkpt lat="35.1128043" lon="-118.4782466"><ele>1302.65</ele><time>2026-04-25T13:51:47-07:00</time><course>259.2983</course><roll>33.3193</roll><pitch>1.780764</pitch><mode /></trkpt><trkpt lat="35.112803" lon="-118.4782661"><ele>1302.74</ele><time>2026-04-25T13:51:48-07:00</time><course>253.6754</course><roll>36.72001</roll><pitch>-0.6642807</pitch><mode /></trkpt><trkpt lat="35.1127982" lon="-118.4782855"><ele>1302.85</ele><time>2026-04-25T13:51:48-07:00</time><course>248.0989</course><roll>41.50864</roll><pitch>-2.767149</pitch><mode /></trkpt><trkpt lat="35.1127893" lon="-118.4783042"><ele>1303.02</ele><time>2026-04-25T13:51:48-07:00</time><course>240.7913</course><roll>44.63373</roll><pitch>-2.611497</pitch><mode /></trkpt><trkpt lat="35.1127764" lon="-118.4783203"><ele>1303.26</ele><time>2026-04-25T13:51:48-07:00</time><course>233.1209</course><roll>46.33152</roll><pitch>-1.931384</pitch><mode /></trkpt><trkpt lat="35.1127602" lon="-118.4783353"><ele>1303.42</ele><time>2026-04-25T13:51:48-07:00</time><course>225.0755</course><roll>46.42906</roll><pitch>-1.459926</pitch><mode /></trkpt><trkpt lat="35.1127408" lon="-118.4783477"><ele>1303.62</ele><time>2026-04-25T13:51:49-07:00</time><course>215.5644</course><roll>45.53014</roll><pitch>-0.8174202</pitch><mode /></trkpt><trkpt lat="35.1127183" lon="-118.4783571"><ele>1303.81</ele><time>2026-04-25T13:51:49-07:00</time><course>210.4138</course><roll>45.47667</roll><pitch>-0.4292369</pitch><mode /></trkpt><trkpt lat="35.1126938" lon="-118.4783629"><ele>1303.94</ele><time>2026-04-25T13:51:49-07:00</time><course>203.6805</course><roll>42.51632</roll><pitch>-3.021113</pitch><mode /></trkpt><trkpt lat="35.1126686" lon="-118.478366"><ele>1304.01</ele><time>2026-04-25T13:51:49-07:00</time><course>192.3312</course><roll>44.71739</roll><pitch>-1.658116</pitch><mode /></trkpt><trkpt lat="35.1126423" lon="-118.4783646"><ele>1304.16</ele><time>2026-04-25T13:51:49-07:00</time><course>181.8613</course><roll>46.42518</roll><pitch>-2.026691</pitch><mode /></trkpt><trkpt lat="35.1126158" lon="-118.4783576"><ele>1304.34</ele><time>2026-04-25T13:51:50-07:00</time><course>170.8941</course><roll>48.54508</roll><pitch>-4.474036</pitch><mode /></trkpt><trkpt lat="35.1125907" lon="-118.4783433"><ele>1304.8</ele><time>2026-04-25T13:51:50-07:00</time><course>162.7807</course><roll>51.08962</roll><pitch>-5.293468</pitch><mode /></trkpt><trkpt lat="35.1125666" lon="-118.4783227"><ele>1305.35</ele><time>2026-04-25T13:51:50-07:00</time><course>153.8981</course><roll>52.00667</roll><pitch>-7.06638</pitch><mode /></trkpt><trkpt lat="35.1125444" lon="-118.4782968"><ele>1305.88</ele><time>2026-04-25T13:51:50-07:00</time><course>144.7536</course><roll>53.55071</roll><pitch>-9.067299</pitch><mode /></trkpt><trkpt lat="35.1125259" lon="-118.4782653"><ele>1306.6</ele><time>2026-04-25T13:51:50-07:00</time><course>135.8031</course><roll>46.29017</roll><pitch>-9.214612</pitch><mode /></trkpt><trkpt lat="35.11251" lon="-118.4782314"><ele>1307.11</ele><time>2026-04-25T13:51:51-07:00</time><course>124.7212</course><roll>48.46858</roll><pitch>-7.620625</pitch><mode /></trkpt><trkpt lat="35.1124976" lon="-118.4781932"><ele>1307.99</ele><time>2026-04-25T13:51:51-07:00</time><course>118.5792</course><roll>46.10337</roll><pitch>-8.806532</pitch><mode /></trkpt><trkpt lat="35.1124893" lon="-118.4781528"><ele>1308.72</ele><time>2026-04-25T13:51:51-07:00</time><course>109.7669</course><roll>43.19705</roll><pitch>-7.360081</pitch><mode /></trkpt><trkpt lat="35.1124842" lon="-118.4781111"><ele>1309.37</ele><time>2026-04-25T13:51:51-07:00</time><course>102.197</course><roll>45.36731</roll><pitch>-6.178908</pitch><mode /></trkpt><trkpt lat="35.1124802" lon="-118.4780684"><ele>1309.97</ele><time>2026-04-25T13:51:51-07:00</time><course>99.01434</course><roll>45.23753</roll><pitch>-9.938293</pitch><mode /></trkpt><trkpt lat="35.1124781" lon="-118.4780256"><ele>1310.32</ele><time>2026-04-25T13:51:52-07:00</time><course>96.47577</course><roll>38.63794</roll><pitch>-11.47201</pitch><mode /></trkpt><trkpt lat="35.1124777" lon="-118.4779826"><ele>1310.45</ele><time>2026-04-25T13:51:52-07:00</time><course>92.59012</course><roll>32.36848</roll><pitch>-11.36345</pitch><mode /></trkpt><trkpt lat="35.1124792" lon="-118.4779387"><ele>1310.57</ele><time>2026-04-25T13:51:52-07:00</time><course>87.99616</course><roll>22.66516</roll><pitch>-10.62005</pitch><mode /></trkpt><trkpt lat="35.1124825" lon="-118.4778949"><ele>1310.77</ele><time>2026-04-25T13:51:52-07:00</time><course>83.77249</course><roll>18.30986</roll><pitch>-8.215868</pitch><mode /></trkpt><trkpt lat="35.112487" lon="-118.4778506"><ele>1310.88</ele><time>2026-04-25T13:51:52-07:00</time><course>80.32827</course><roll>14.12012</roll><pitch>-4.620357</pitch><mode /></trkpt><trkpt lat="35.1124925" lon="-118.4778061"><ele>1311.02</ele><time>2026-04-25T13:51:53-07:00</time><course>77.16395</course><roll>10.44163</roll><pitch>-0.3771782</pitch><mode /></trkpt><trkpt lat="35.1124983" lon="-118.4777612"><ele>1311</ele><time>2026-04-25T13:51:53-07:00</time><course>71.62472</course><roll>14.18312</roll><pitch>2.219719</pitch><mode /></trkpt><trkpt lat="35.1125041" lon="-118.4777163"><ele>1310.71</ele><time>2026-04-25T13:51:53-07:00</time><course>63.42225</course><roll>22.58063</roll><pitch>6.642292</pitch><mode /></trkpt><trkpt lat="35.1125118" lon="-118.4776722"><ele>1310.16</ele><time>2026-04-25T13:51:53-07:00</time><course>60.45818</course><roll>30.0435</roll><pitch>6.915878</pitch><mode /></trkpt><trkpt lat="35.1125222" lon="-118.4776284"><ele>1309.68</ele><time>2026-04-25T13:51:53-07:00</time><course>53.40649</course><roll>33.16334</roll><pitch>5.658648</pitch><mode /></trkpt><trkpt lat="35.1125355" lon="-118.4775856"><ele>1309.37</ele><time>2026-04-25T13:51:54-07:00</time><course>45.09289</course><roll>38.87335</roll><pitch>4.216046</pitch><mode /></trkpt><trkpt lat="35.1125517" lon="-118.4775448"><ele>1309.01</ele><time>2026-04-25T13:51:54-07:00</time><course>39.72248</course><roll>42.12413</roll><pitch>3.105017</pitch><mode /></trkpt><trkpt lat="35.1125715" lon="-118.4775071"><ele>1308.71</ele><time>2026-04-25T13:51:54-07:00</time><course>36.23141</course><roll>43.02885</roll><pitch>-0.4620075</pitch><mode /></trkpt><trkpt lat="35.112594" lon="-118.4774725"><ele>1308.44</ele><time>2026-04-25T13:51:54-07:00</time><course>27.64197</course><roll>42.70255</roll><pitch>-0.05611487</pitch><mode /></trkpt><trkpt lat="35.1126185" lon="-118.4774411"><ele>1308.18</ele><time>2026-04-25T13:51:54-07:00</time><course>20.08629</course><roll>45.67599</roll><pitch>1.335702</pitch><mode /></trkpt><trkpt lat="35.1126447" lon="-118.4774127"><ele>1307.9</ele><time>2026-04-25T13:51:55-07:00</time><course>12.38662</course><roll>40.50731</roll><pitch>-1.246244</pitch><mode /></trkpt><trkpt lat="35.1126718" lon="-118.4773888"><ele>1307.82</ele><time>2026-04-25T13:51:55-07:00</time><course>7.784099</course><roll>39.41532</roll><pitch>-1.652526</pitch><mode /></trkpt><trkpt lat="35.1126993" lon="-118.4773715"><ele>1307.85</ele><time>2026-04-25T13:51:55-07:00</time><course>1.455292</course><roll>43.90112</roll><pitch>-1.844959</pitch><mode /></trkpt><trkpt lat="35.1127273" lon="-118.4773579"><ele>1307.84</ele><time>2026-04-25T13:51:55-07:00</time><course>352.7629</course><roll>43.26826</roll><pitch>0.08399127</pitch><mode /></trkpt><trkpt lat="35.1127555" lon="-118.477348"><ele>1307.64</ele><time>2026-04-25T13:51:55-07:00</time><course>353.7419</course><roll>37.42393</roll><pitch>-0.3068784</pitch><mode /></trkpt><trkpt lat="35.1127838" lon="-118.4773406"><ele>1307.66</ele><time>2026-04-25T13:51:56-07:00</time><course>351.4023</course><roll>30.6897</roll><pitch>4.492773</pitch><mode /></trkpt><trkpt lat="35.1128124" lon="-118.4773349"><ele>1307.5</ele><time>2026-04-25T13:51:56-07:00</time><course>349.5626</course><roll>29.86981</roll><pitch>8.576265</pitch><mode /></trkpt><trkpt lat="35.1128409" lon="-118.4773312"><ele>1307.11</ele><time>2026-04-25T13:51:56-07:00</time><course>346.6119</course><roll>28.21952</roll><pitch>12.60455</pitch><mode /></trkpt><trkpt lat="35.1128693" lon="-118.477327"><ele>1306.64</ele><time>2026-04-25T13:51:56-07:00</time><course>342.5526</course><roll>26.49419</roll><pitch>15.08548</pitch><mode /></trkpt><trkpt lat="35.1128972" lon="-118.4773255"><ele>1306.24</ele><time>2026-04-25T13:51:56-07:00</time><course>334.6849</course><roll>28.19202</roll><pitch>16.62574</pitch><mode /></trkpt><trkpt lat="35.1129246" lon="-118.4773271"><ele>1305.78</ele><time>2026-04-25T13:51:57-07:00</time><course>325.8779</course><roll>32.54239</roll><pitch>14.65089</pitch><mode /></trkpt><trkpt lat="35.1129513" lon="-118.4773328"><ele>1305.14</ele><time>2026-04-25T13:51:57-07:00</time><course>321.4621</course><roll>35.7275</roll><pitch>12.71147</pitch><mode /></trkpt><trkpt lat="35.1129769" lon="-118.477342"><ele>1304.48</ele><time>2026-04-25T13:51:57-07:00</time><course>315.3371</course><roll>33.54086</roll><pitch>11.033</pitch><mode /></trkpt><trkpt lat="35.1130009" lon="-118.4773535"><ele>1304.02</ele><time>2026-04-25T13:51:57-07:00</time><course>309.1248</course><roll>33.89477</roll><pitch>11.03961</pitch><mode /></trkpt><trkpt lat="35.1130226" lon="-118.4773677"><ele>1303.55</ele><time>2026-04-25T13:51:57-07:00</time><course>303.2315</course><roll>37.1995</roll><pitch>11.7563</pitch><mode /></trkpt><trkpt lat="35.1130423" lon="-118.4773852"><ele>1302.86</ele><time>2026-04-25T13:51:58-07:00</time><course>296.6029</course><roll>37.21745</roll><pitch>10.5506</pitch><mode /></trkpt><trkpt lat="35.1130598" lon="-118.4774057"><ele>1302.18</ele><time>2026-04-25T13:51:58-07:00</time><course>294.0092</course><roll>39.30505</roll><pitch>9.041014</pitch><mode /></trkpt><trkpt lat="35.1130743" lon="-118.4774273"><ele>1301.62</ele><time>2026-04-25T13:51:58-07:00</time><course>287.3049</course><roll>39.98273</roll><pitch>10.57181</pitch><mode /></trkpt><trkpt lat="35.1130856" lon="-118.4774509"><ele>1301.02</ele><time>2026-04-25T13:51:58-07:00</time><course>287.1174</course><roll>34.88372</roll><pitch>8.631125</pitch><mode /></trkpt><trkpt lat="35.1130944" lon="-118.4774746"><ele>1300.63</ele><time>2026-04-25T13:51:58-07:00</time><course>284.8546</course><roll>29.65906</roll><pitch>10.5949</pitch><mode /></trkpt><trkpt lat="35.1131034" lon="-118.4774993"><ele>1299.77</ele><time>2026-04-25T13:51:59-07:00</time><course>279.8008</course><roll>28.38399</roll><pitch>14.906</pitch><mode /></trkpt><trkpt lat="35.1131113" lon="-118.4775237"><ele>1298.78</ele><time>2026-04-25T13:51:59-07:00</time><course>275.9895</course><roll>31.24929</roll><pitch>15.80097</pitch><mode /></trkpt><trkpt lat="35.1131175" lon="-118.4775491"><ele>1297.64</ele><time>2026-04-25T13:51:59-07:00</time><course>268.4778</course><roll>31.67492</roll><pitch>17.16308</pitch><mode /></trkpt><trkpt lat="35.1131218" lon="-118.4775751"><ele>1296.36</ele><time>2026-04-25T13:51:59-07:00</time><course>265.6557</course><roll>34.14672</roll><pitch>14.96626</pitch><mode /></trkpt><trkpt lat="35.1131235" lon="-118.4776013"><ele>1295.01</ele><time>2026-04-25T13:51:59-07:00</time><course>266.0445</course><roll>35.4001</roll><pitch>12.23636</pitch><mode /></trkpt><trkpt lat="35.1131226" lon="-118.4776278"><ele>1293.75</ele><time>2026-04-25T13:52:00-07:00</time><course>261.4308</course><roll>24.92636</roll><pitch>10.78262</pitch><mode /></trkpt><trkpt lat="35.1131196" lon="-118.4776541"><ele>1292.65</ele><time>2026-04-25T13:52:00-07:00</time><course>258.2386</course><roll>19.12684</roll><pitch>10.21773</pitch><mode /></trkpt><trkpt lat="35.1131143" lon="-118.4776807"><ele>1291.73</ele><time>2026-04-25T13:52:00-07:00</time><course>254.2608</course><roll>14.73172</roll><pitch>10.51134</pitch><mode /></trkpt><trkpt lat="35.1131076" lon="-118.4777068"><ele>1290.98</ele><time>2026-04-25T13:52:00-07:00</time><course>252.2509</course><roll>8.391872</roll><pitch>8.943954</pitch><mode /></trkpt><trkpt lat="35.1131003" lon="-118.4777338"><ele>1290.02</ele><time>2026-04-25T13:52:00-07:00</time><course>251.5174</course><roll>6.334558</roll><pitch>7.93013</pitch><mode /></trkpt><trkpt lat="35.1130923" lon="-118.4777595"><ele>1289.52</ele><time>2026-04-25T13:52:01-07:00</time><course>249.5602</course><roll>4.977001</roll><pitch>5.537203</pitch><mode /></trkpt><trkpt lat="35.1130838" lon="-118.4777839"><ele>1289.11</ele><time>2026-04-25T13:52:01-07:00</time><course>247.8581</course><roll>5.0281</roll><pitch>3.93351</pitch><mode /></trkpt><trkpt lat="35.1130749" lon="-118.4778083"><ele>1288.93</ele><time>2026-04-25T13:52:01-07:00</time><course>247.5208</course><roll>0.5770693</roll><pitch>3.378521</pitch><mode /></trkpt><trkpt lat="35.1130656" lon="-118.477831"><ele>1288.86</ele><time>2026-04-25T13:52:01-07:00</time><course>249.3311</course><roll>-1.332259</roll><pitch>2.804884</pitch><mode /></trkpt><trkpt lat="35.1130573" lon="-118.4778518"><ele>1288.95</ele><time>2026-04-25T13:52:01-07:00</time><course>246.6105</course><roll>-2.158902</roll><pitch>3.068241</pitch><mode /></trkpt><trkpt lat="35.1130495" lon="-118.4778712"><ele>1289</ele><time>2026-04-25T13:52:02-07:00</time><course>246.8153</course><roll>-3.718713</roll><pitch>4.509977</pitch><mode /></trkpt><trkpt lat="35.1130419" lon="-118.4778896"><ele>1288.88</ele><time>2026-04-25T13:52:02-07:00</time><course>250.1516</course><roll>-3.903643</roll><pitch>4.161493</pitch><mode /></trkpt><trkpt lat="35.1130355" lon="-118.4779081"><ele>1288.56</ele><time>2026-04-25T13:52:02-07:00</time><course>249.3062</course><roll>-1.272249</roll><pitch>0.5045869</pitch><mode /></trkpt><trkpt lat="35.1130297" lon="-118.4779253"><ele>1288.41</ele><time>2026-04-25T13:52:02-07:00</time><course>248.7151</course><roll>-1.05284</roll><pitch>-1.350171</pitch><mode /></trkpt><trkpt lat="35.113024" lon="-118.4779403"><ele>1288.52</ele><time>2026-04-25T13:52:02-07:00</time><course>249.6143</course><roll>-0.2301217</roll><pitch>-4.252961</pitch><mode /></trkpt><trkpt lat="35.113019" lon="-118.4779541"><ele>1288.67</ele><time>2026-04-25T13:52:03-07:00</time><course>250.438</course><roll>0.5006943</roll><pitch>-4.427306</pitch><mode /></trkpt><trkpt lat="35.1130143" lon="-118.4779662"><ele>1288.88</ele><time>2026-04-25T13:52:03-07:00</time><course>251.0259</course><roll>-2.507751</roll><pitch>-2.767292</pitch><mode /></trkpt><trkpt lat="35.1130094" lon="-118.4779777"><ele>1288.9</ele><time>2026-04-25T13:52:03-07:00</time><course>250.4042</course><roll>-10.12183</roll><pitch>-2.922286</pitch><mode /></trkpt><trkpt lat="35.1130054" lon="-118.4779882"><ele>1288.82</ele><time>2026-04-25T13:52:03-07:00</time><course>248.9352</course><roll>-9.090258</roll><pitch>-2.737906</pitch><mode /></trkpt><trkpt lat="35.1130021" lon="-118.477998"><ele>1288.59</ele><time>2026-04-25T13:52:03-07:00</time><course>250.0369</course><roll>-5.393411</roll><pitch>-0.00793393</pitch><mode /></trkpt><trkpt lat="35.1129987" lon="-118.4780071"><ele>1288.3</ele><time>2026-04-25T13:52:04-07:00</time><course>253.2631</course><roll>-1.900772</roll><pitch>1.21457</pitch><mode /></trkpt><trkpt lat="35.1129959" lon="-118.4780163"><ele>1287.9</ele><time>2026-04-25T13:52:04-07:00</time><course>255.9156</course><roll>-3.544623</roll><pitch>1.201949</pitch><mode /></trkpt><trkpt lat="35.1129935" lon="-118.4780248"><ele>1287.57</ele><time>2026-04-25T13:52:04-07:00</time><course>255.675</course><roll>-6.441043</roll><pitch>1.955</pitch><mode /></trkpt><trkpt lat="35.1129916" lon="-118.4780336"><ele>1287.14</ele><time>2026-04-25T13:52:04-07:00</time><course>254.1146</course><roll>-5.507138</roll><pitch>2.073058</pitch><mode /></trkpt><trkpt lat="35.1129896" lon="-118.4780422"><ele>1286.72</ele><time>2026-04-25T13:52:04-07:00</time><course>254.7801</course><roll>-4.248389</roll><pitch>1.720672</pitch><mode /></trkpt><trkpt lat="35.1129878" lon="-118.4780508"><ele>1286.28</ele><time>2026-04-25T13:52:05-07:00</time><course>256.0132</course><roll>-6.303343</roll><pitch>0.2913989</pitch><mode /></trkpt><trkpt lat="35.1129862" lon="-118.4780584"><ele>1285.98</ele><time>2026-04-25T13:52:05-07:00</time><course>254.1192</course><roll>-2.536733</roll><pitch>-0.4226671</pitch><mode /></trkpt><trkpt lat="35.1129847" lon="-118.4780666"><ele>1285.66</ele><time>2026-04-25T13:52:05-07:00</time><course>252.8851</course><roll>2.44199</roll><pitch>-1.813043</pitch><mode /></trkpt><trkpt lat="35.1129828" lon="-118.4780746"><ele>1285.41</ele><time>2026-04-25T13:52:05-07:00</time><course>253.8152</course><roll>1.230805</roll><pitch>-3.051716</pitch><mode /></trkpt><trkpt lat="35.1129805" lon="-118.478082"><ele>1285.26</ele><time>2026-04-25T13:52:05-07:00</time><course>255.4221</course><roll>-2.37947</roll><pitch>-5.759841</pitch><mode /></trkpt><trkpt lat="35.1129781" lon="-118.4780892"><ele>1285.17</ele><time>2026-04-25T13:52:06-07:00</time><course>252.7983</course><roll>-5.182215</roll><pitch>-6.898633</pitch><mode /></trkpt><trkpt lat="35.1129765" lon="-118.4780952"><ele>1285.25</ele><time>2026-04-25T13:52:06-07:00</time><course>247.8067</course><roll>-2.803684</roll><pitch>-6.171694</pitch><mode /></trkpt><trkpt lat="35.1129748" lon="-118.4781008"><ele>1285.34</ele><time>2026-04-25T13:52:06-07:00</time><course>246.9514</course><roll>-2.459704</roll><pitch>-4.623424</pitch><mode /></trkpt><trkpt lat="35.1129727" lon="-118.4781083"><ele>1285.18</ele><time>2026-04-25T13:52:06-07:00</time><course>249.2081</course><roll>-2.282212</roll><pitch>-5.496294</pitch><mode /></trkpt><trkpt lat="35.1129706" lon="-118.4781139"><ele>1285.23</ele><time>2026-04-25T13:52:06-07:00</time><course>249.191</course><roll>-0.9039764</roll><pitch>-6.034105</pitch><mode /></trkpt><trkpt lat="35.1129685" lon="-118.4781195"><ele>1285.25</ele><time>2026-04-25T13:52:07-07:00</time><course>249.1357</course><roll>-1.402143</roll><pitch>-5.340827</pitch><mode /></trkpt><trkpt lat="35.112966" lon="-118.478125"><ele>1285.19</ele><time>2026-04-25T13:52:07-07:00</time><course>251.3211</course><roll>1.706159</roll><pitch>-6.340185</pitch><mode /></trkpt><trkpt lat="35.1129631" lon="-118.4781293"><ele>1285.22</ele><time>2026-04-25T13:52:07-07:00</time><course>254.5333</course><roll>3.483962</roll><pitch>-6.067779</pitch><mode /></trkpt><trkpt lat="35.1129605" lon="-118.478134"><ele>1285.24</ele><time>2026-04-25T13:52:07-07:00</time><course>254.5717</course><roll>0.6971108</roll><pitch>-5.838751</pitch><mode /></trkpt><trkpt lat="35.1129579" lon="-118.4781387"><ele>1285.2</ele><time>2026-04-25T13:52:07-07:00</time><course>253.7951</course><roll>-1.564483</roll><pitch>-6.022916</pitch><mode /></trkpt><trkpt lat="35.112955" lon="-118.4781442"><ele>1285.04</ele><time>2026-04-25T13:52:08-07:00</time><course>254.8198</course><roll>-6.788948</roll><pitch>-6.259709</pitch><mode /></trkpt><trkpt lat="35.1129524" lon="-118.4781492"><ele>1284.93</ele><time>2026-04-25T13:52:08-07:00</time><course>255.3884</course><roll>-13.59457</roll><pitch>-5.614813</pitch><mode /></trkpt><trkpt lat="35.1129508" lon="-118.4781538"><ele>1284.87</ele><time>2026-04-25T13:52:08-07:00</time><course>252.8971</course><roll>-18.47589</roll><pitch>-5.218191</pitch><mode /></trkpt><trkpt lat="35.1129503" lon="-118.478158"><ele>1284.81</ele><time>2026-04-25T13:52:08-07:00</time><course>250.1398</course><roll>-15.55316</roll><pitch>-6.948792</pitch><mode /></trkpt><trkpt lat="35.1129497" lon="-118.4781631"><ele>1284.58</ele><time>2026-04-25T13:52:08-07:00</time><course>253.2321</course><roll>-10.33192</roll><pitch>-7.222078</pitch><mode /></trkpt><trkpt lat="35.112949" lon="-118.4781676"><ele>1284.46</ele><time>2026-04-25T13:52:09-07:00</time><course>260.9922</course><roll>-12.2798</roll><pitch>-5.898921</pitch><mode /></trkpt><trkpt lat="35.1129491" lon="-118.478173"><ele>1284.26</ele><time>2026-04-25T13:52:09-07:00</time><course>266.7353</course><roll>-15.45211</roll><pitch>-6.252604</pitch><mode /></trkpt><trkpt lat="35.1129502" lon="-118.4781775"><ele>1284</ele><time>2026-04-25T13:52:09-07:00</time><course>268.3001</course><roll>-14.15041</roll><pitch>-7.910487</pitch><mode /></trkpt><trkpt lat="35.112952" lon="-118.4781804"><ele>1283.91</ele><time>2026-04-25T13:52:09-07:00</time><course>268.2392</course><roll>-12.55631</roll><pitch>-8.791987</pitch><mode /></trkpt><trkpt lat="35.1129544" lon="-118.4781844"><ele>1283.75</ele><time>2026-04-25T13:52:09-07:00</time><course>270.6592</course><roll>-12.76033</roll><pitch>-8.32713</pitch><mode /></trkpt><trkpt lat="35.1129576" lon="-118.4781876"><ele>1283.58</ele><time>2026-04-25T13:52:10-07:00</time><course>272.0408</course><roll>-17.22153</roll><pitch>-7.719009</pitch><mode /></trkpt><trkpt lat="35.1129612" lon="-118.4781909"><ele>1283.35</ele><time>2026-04-25T13:52:10-07:00</time><course>273.4461</course><roll>-18.89749</roll><pitch>-7.675931</pitch><mode /></trkpt><trkpt lat="35.1129651" lon="-118.4781944"><ele>1283</ele><time>2026-04-25T13:52:10-07:00</time><course>273.9392</course><roll>-14.66283</roll><pitch>-7.360181</pitch><mode /></trkpt><trkpt lat="35.1129695" lon="-118.4781963"><ele>1282.79</ele><time>2026-04-25T13:52:10-07:00</time><course>273.8743</course><roll>-6.277984</roll><pitch>-6.53748</pitch><mode /></trkpt><trkpt lat="35.1129741" lon="-118.4781991"><ele>1282.52</ele><time>2026-04-25T13:52:10-07:00</time><course>272.3803</course><roll>3.321784</roll><pitch>-3.829552</pitch><mode /></trkpt><trkpt lat="35.1129783" lon="-118.4782007"><ele>1282.34</ele><time>2026-04-25T13:52:11-07:00</time><course>271.4604</course><roll>9.427695</roll><pitch>-3.50688</pitch><mode /></trkpt><trkpt lat="35.1129817" lon="-118.4782055"><ele>1281.94</ele><time>2026-04-25T13:52:11-07:00</time><course>274.4117</course><roll>5.088335</roll><pitch>-7.614667</pitch><mode /></trkpt><trkpt lat="35.1129846" lon="-118.4782099"><ele>1281.66</ele><time>2026-04-25T13:52:11-07:00</time><course>273.6981</course><roll>-4.797486</roll><pitch>-7.061387</pitch><mode /></trkpt><trkpt lat="35.1129875" lon="-118.4782151"><ele>1281.32</ele><time>2026-04-25T13:52:11-07:00</time><course>266.3795</course><roll>-2.784378</roll><pitch>-5.175311</pitch><mode /></trkpt><trkpt lat="35.1129902" lon="-118.4782206"><ele>1280.95</ele><time>2026-04-25T13:52:11-07:00</time><course>263.4579</course><roll>4.312249</roll><pitch>-6.01089</pitch><mode /></trkpt><trkpt lat="35.112992" lon="-118.4782278"><ele>1280.38</ele><time>2026-04-25T13:52:12-07:00</time><course>265.2629</course><roll>10.22395</roll><pitch>-6.019285</pitch><mode /></trkpt><trkpt lat="35.1129931" lon="-118.4782338"><ele>1279.92</ele><time>2026-04-25T13:52:12-07:00</time><course>268.6322</course><roll>9.630677</roll><pitch>-6.718743</pitch><mode /></trkpt><trkpt lat="35.1129935" lon="-118.4782414"><ele>1279.38</ele><time>2026-04-25T13:52:12-07:00</time><course>270.0573</course><roll>4.064005</roll><pitch>-8.582104</pitch><mode /></trkpt><trkpt lat="35.112994" lon="-118.4782481"><ele>1279.03</ele><time>2026-04-25T13:52:12-07:00</time><course>268.524</course><roll>-0.7290299</roll><pitch>-7.587162</pitch><mode /></trkpt><trkpt lat="35.1129949" lon="-118.4782554"><ele>1278.73</ele><time>2026-04-25T13:52:12-07:00</time><course>261.641</course><roll>-6.877281</roll><pitch>-2.745196</pitch><mode /></trkpt><trkpt lat="35.112996" lon="-118.4782639"><ele>1278.36</ele><time>2026-04-25T13:52:13-07:00</time><course>249.2545</course><roll>-6.547786</roll><pitch>-4.298455</pitch><mode /></trkpt><trkpt lat="35.1129963" lon="-118.4782728"><ele>1278.07</ele><time>2026-04-25T13:52:13-07:00</time><course>242.2976</course><roll>0.1288765</roll><pitch>-9.862032</pitch><mode /></trkpt><trkpt lat="35.1129946" lon="-118.4782828"><ele>1277.83</ele><time>2026-04-25T13:52:13-07:00</time><course>243.4995</course><roll>0.03552701</roll><pitch>-16.90677</pitch><mode /></trkpt><trkpt lat="35.1129911" lon="-118.4782908"><ele>1277.95</ele><time>2026-04-25T13:52:13-07:00</time><course>246.4081</course><roll>-0.4667835</roll><pitch>-19.4394</pitch><mode /></trkpt><trkpt lat="35.1129868" lon="-118.4782993"><ele>1278.2</ele><time>2026-04-25T13:52:13-07:00</time><course>251.6023</course><roll>-1.442594</roll><pitch>-17.79528</pitch><mode /></trkpt><trkpt lat="35.1129819" lon="-118.4783075"><ele>1278.58</ele><time>2026-04-25T13:52:14-07:00</time><course>252.3707</course><roll>-6.370572</roll><pitch>-16.25584</pitch><mode /></trkpt><trkpt lat="35.1129771" lon="-118.4783155"><ele>1279.11</ele><time>2026-04-25T13:52:14-07:00</time><course>247.6998</course><roll>0.2727266</roll><pitch>-15.20066</pitch><mode /></trkpt><trkpt lat="35.1129714" lon="-118.4783261"><ele>1279.36</ele><time>2026-04-25T13:52:14-07:00</time><course>252.4396</course><roll>1.494074</roll><pitch>-12.09919</pitch><mode /></trkpt><trkpt lat="35.1129651" lon="-118.4783368"><ele>1279.57</ele><time>2026-04-25T13:52:14-07:00</time><course>255.2793</course><roll>-2.173306</roll><pitch>-12.04455</pitch><mode /></trkpt><trkpt lat="35.1129581" lon="-118.478347"><ele>1279.92</ele><time>2026-04-25T13:52:14-07:00</time><course>254.9919</course><roll>-3.835139</roll><pitch>-12.29291</pitch><mode /></trkpt><trkpt lat="35.1129515" lon="-118.4783565"><ele>1280.4</ele><time>2026-04-25T13:52:15-07:00</time><course>253.2501</course><roll>-2.921797</roll><pitch>-11.94978</pitch><mode /></trkpt><trkpt lat="35.1129447" lon="-118.4783675"><ele>1280.85</ele><time>2026-04-25T13:52:15-07:00</time><course>253.0575</course><roll>-7.270685</roll><pitch>-11.66463</pitch><mode /></trkpt><trkpt lat="35.1129377" lon="-118.4783791"><ele>1281.32</ele><time>2026-04-25T13:52:15-07:00</time><course>253.4093</course><roll>-12.7323</roll><pitch>-10.65993</pitch><mode /></trkpt><trkpt lat="35.1129308" lon="-118.4783928"><ele>1281.73</ele><time>2026-04-25T13:52:15-07:00</time><course>253.3775</course><roll>-9.866114</roll><pitch>-9.746783</pitch><mode /></trkpt><trkpt lat="35.1129246" lon="-118.4784013"><ele>1282.65</ele><time>2026-04-25T13:52:15-07:00</time><course>251.193</course><roll>-1.075426</roll><pitch>-9.860691</pitch><mode /></trkpt><trkpt lat="35.1129176" lon="-118.4784108"><ele>1283.5</ele><time>2026-04-25T13:52:16-07:00</time><course>252.3332</course><roll>-0.1413995</roll><pitch>-9.026778</pitch><mode /></trkpt><trkpt lat="35.1129104" lon="-118.4784251"><ele>1283.94</ele><time>2026-04-25T13:52:16-07:00</time><course>251.2638</course><roll>-2.382864</roll><pitch>-9.570366</pitch><mode /></trkpt><trkpt lat="35.1129032" lon="-118.4784403"><ele>1284.29</ele><time>2026-04-25T13:52:16-07:00</time><course>253.1712</course><roll>-5.293218</roll><pitch>-8.998255</pitch><mode /></trkpt><trkpt lat="35.1128959" lon="-118.4784549"><ele>1284.7</ele><time>2026-04-25T13:52:16-07:00</time><course>253.6361</course><roll>-10.46355</roll><pitch>-9.235541</pitch><mode /></trkpt><trkpt lat="35.1128895" lon="-118.4784691"><ele>1285.19</ele><time>2026-04-25T13:52:16-07:00</time><course>250.6796</course><roll>-10.49259</roll><pitch>-10.14996</pitch><mode /></trkpt><trkpt lat="35.1128831" lon="-118.4784858"><ele>1285.4</ele><time>2026-04-25T13:52:17-07:00</time><course>255.3867</course><roll>-13.40398</roll><pitch>-8.643393</pitch><mode /></trkpt><trkpt lat="35.1128766" lon="-118.478501"><ele>1285.65</ele><time>2026-04-25T13:52:17-07:00</time><course>258.6931</course><roll>-16.79478</roll><pitch>-8.728981</pitch><mode /></trkpt><trkpt lat="35.1128713" lon="-118.4785165"><ele>1285.86</ele><time>2026-04-25T13:52:17-07:00</time><course>260.6736</course><roll>-18.2176</roll><pitch>-9.890496</pitch><mode /></trkpt><trkpt lat="35.1128672" lon="-118.4785328"><ele>1286.17</ele><time>2026-04-25T13:52:17-07:00</time><course>260.9976</course><roll>-16.04582</roll><pitch>-9.724463</pitch><mode /></trkpt><trkpt lat="35.1128641" lon="-118.4785453"><ele>1286.9</ele><time>2026-04-25T13:52:17-07:00</time><course>259.0605</course><roll>-9.843109</roll><pitch>-9.506788</pitch><mode /></trkpt><trkpt lat="35.1128613" lon="-118.4785599"><ele>1287.31</ele><time>2026-04-25T13:52:18-07:00</time><course>257.3014</course><roll>-7.208618</roll><pitch>-7.729808</pitch><mode /></trkpt><trkpt lat="35.1128576" lon="-118.4785751"><ele>1287.6</ele><time>2026-04-25T13:52:18-07:00</time><course>259.4835</course><roll>-7.559304</roll><pitch>-6.896708</pitch><mode /></trkpt><trkpt lat="35.112854" lon="-118.4785904"><ele>1287.87</ele><time>2026-04-25T13:52:18-07:00</time><course>261.2351</course><roll>-12.85809</roll><pitch>-5.369765</pitch><mode /></trkpt><trkpt lat="35.1128508" lon="-118.4786064"><ele>1288.13</ele><time>2026-04-25T13:52:18-07:00</time><course>258.7574</course><roll>-15.05058</roll><pitch>-5.414399</pitch><mode /></trkpt><trkpt lat="35.1128485" lon="-118.478623"><ele>1288.35</ele><time>2026-04-25T13:52:18-07:00</time><course>253.2319</course><roll>-6.199471</roll><pitch>-6.062689</pitch><mode /></trkpt><trkpt lat="35.1128458" lon="-118.4786394"><ele>1288.64</ele><time>2026-04-25T13:52:19-07:00</time><course>252.7546</course><roll>-3.506998</roll><pitch>-4.259326</pitch><mode /></trkpt><trkpt lat="35.1128426" lon="-118.4786563"><ele>1288.91</ele><time>2026-04-25T13:52:19-07:00</time><course>255.3244</course><roll>-4.24492</roll><pitch>-3.364342</pitch><mode /></trkpt><trkpt lat="35.1128391" lon="-118.4786745"><ele>1289</ele><time>2026-04-25T13:52:19-07:00</time><course>256.2999</course><roll>-5.474844</roll><pitch>-3.238794</pitch><mode /></trkpt><trkpt lat="35.1128358" lon="-118.4786927"><ele>1289.14</ele><time>2026-04-25T13:52:19-07:00</time><course>250.8103</course><roll>1.996426</roll><pitch>-4.149243</pitch><mode /></trkpt><trkpt lat="35.1128319" lon="-118.4787106"><ele>1289.36</ele><time>2026-04-25T13:52:19-07:00</time><course>251.9158</course><roll>4.457823</roll><pitch>-5.989542</pitch><mode /></trkpt><trkpt lat="35.1128268" lon="-118.4787279"><ele>1289.64</ele><time>2026-04-25T13:52:20-07:00</time><course>252.1825</course><roll>7.233761</roll><pitch>-8.89967</pitch><mode /></trkpt><trkpt lat="35.1128213" lon="-118.4787439"><ele>1289.93</ele><time>2026-04-25T13:52:20-07:00</time><course>251.0338</course><roll>9.046755</roll><pitch>-11.1585</pitch><mode /></trkpt><trkpt lat="35.1128147" lon="-118.4787578"><ele>1290.46</ele><time>2026-04-25T13:52:20-07:00</time><course>248.6601</course><roll>7.635148</roll><pitch>-13.18024</pitch><mode /></trkpt><trkpt lat="35.1128072" lon="-118.478771"><ele>1291.07</ele><time>2026-04-25T13:52:20-07:00</time><course>245.2263</course><roll>14.53724</roll><pitch>-14.10673</pitch><mode /></trkpt><trkpt lat="35.1127989" lon="-118.4787844"><ele>1291.64</ele><time>2026-04-25T13:52:20-07:00</time><course>241.6511</course><roll>18.06138</roll><pitch>-15.14063</pitch><mode /></trkpt><trkpt lat="35.1127894" lon="-118.4787972"><ele>1292.29</ele><time>2026-04-25T13:52:21-07:00</time><course>235.7405</course><roll>21.53314</roll><pitch>-16.68672</pitch><mode /></trkpt><trkpt lat="35.1127784" lon="-118.4788089"><ele>1292.93</ele><time>2026-04-25T13:52:21-07:00</time><course>233.3433</course><roll>21.10716</roll><pitch>-17.30128</pitch><mode /></trkpt><trkpt lat="35.1127666" lon="-118.4788187"><ele>1293.63</ele><time>2026-04-25T13:52:21-07:00</time><course>228.6886</course><roll>21.82007</roll><pitch>-17.37325</pitch><mode /></trkpt><trkpt lat="35.1127537" lon="-118.4788283"><ele>1294.19</ele><time>2026-04-25T13:52:21-07:00</time><course>225.9494</course><roll>23.64664</roll><pitch>-17.45702</pitch><mode /></trkpt><trkpt lat="35.1127395" lon="-118.4788359"><ele>1294.79</ele><time>2026-04-25T13:52:21-07:00</time><course>222.33</course><roll>19.25922</roll><pitch>-18.38097</pitch><mode /></trkpt><trkpt lat="35.1127248" lon="-118.4788435"><ele>1295.35</ele><time>2026-04-25T13:52:22-07:00</time><course>213.2223</course><roll>23.95022</roll><pitch>-17.14908</pitch><mode /></trkpt><trkpt lat="35.1127093" lon="-118.4788485"><ele>1296.07</ele><time>2026-04-25T13:52:22-07:00</time><course>208.7276</course><roll>23.35403</roll><pitch>-17.07826</pitch><mode /></trkpt><trkpt lat="35.1126935" lon="-118.4788504"><ele>1296.84</ele><time>2026-04-25T13:52:22-07:00</time><course>203.3538</course><roll>20.09536</roll><pitch>-17.24005</pitch><mode /></trkpt><trkpt lat="35.1126771" lon="-118.4788519"><ele>1297.48</ele><time>2026-04-25T13:52:22-07:00</time><course>198.0639</course><roll>18.36707</roll><pitch>-16.91871</pitch><mode /></trkpt><trkpt lat="35.1126596" lon="-118.4788523"><ele>1298.16</ele><time>2026-04-25T13:52:22-07:00</time><course>190.0025</course><roll>15.77242</roll><pitch>-17.00832</pitch><mode /></trkpt><trkpt lat="35.1126428" lon="-118.4788493"><ele>1299.01</ele><time>2026-04-25T13:52:23-07:00</time><course>181.1462</course><roll>21.62353</roll><pitch>-16.54456</pitch><mode /></trkpt><trkpt lat="35.1126256" lon="-118.478846"><ele>1299.62</ele><time>2026-04-25T13:52:23-07:00</time><course>179.0181</course><roll>23.37569</roll><pitch>-17.84594</pitch><mode /></trkpt><trkpt lat="35.1126077" lon="-118.4788403"><ele>1300.27</ele><time>2026-04-25T13:52:23-07:00</time><course>177.496</course><roll>20.41426</roll><pitch>-19.5863</pitch><mode /></trkpt><trkpt lat="35.11259" lon="-118.4788315"><ele>1301.06</ele><time>2026-04-25T13:52:23-07:00</time><course>172.8072</course><roll>21.19301</roll><pitch>-19.09015</pitch><mode /></trkpt><trkpt lat="35.112572" lon="-118.4788218"><ele>1301.67</ele><time>2026-04-25T13:52:23-07:00</time><course>167.4823</course><roll>26.11142</roll><pitch>-17.85392</pitch><mode /></trkpt><trkpt lat="35.1125543" lon="-118.4788092"><ele>1302.27</ele><time>2026-04-25T13:52:24-07:00</time><course>167.655</course><roll>36.63217</roll><pitch>-17.66729</pitch><mode /></trkpt><trkpt lat="35.1125366" lon="-118.4787934"><ele>1302.87</ele><time>2026-04-25T13:52:24-07:00</time><course>164.1454</course><roll>37.97538</roll><pitch>-17.22231</pitch><mode /></trkpt><trkpt lat="35.112518" lon="-118.4787757"><ele>1303.39</ele><time>2026-04-25T13:52:24-07:00</time><course>154.9816</course><roll>40.40817</roll><pitch>-15.29896</pitch><mode /></trkpt><trkpt lat="35.1125028" lon="-118.4787551"><ele>1304.05</ele><time>2026-04-25T13:52:24-07:00</time><course>146.707</course><roll>44.81991</roll><pitch>-15.86816</pitch><mode /></trkpt><trkpt lat="35.1124881" lon="-118.4787306"><ele>1304.54</ele><time>2026-04-25T13:52:24-07:00</time><course>140.1113</course><roll>42.21965</roll><pitch>-21.01135</pitch><mode /></trkpt><trkpt lat="35.1124746" lon="-118.4787021"><ele>1305.18</ele><time>2026-04-25T13:52:25-07:00</time><course>131.1174</course><roll>38.78577</roll><pitch>-22.18828</pitch><mode /></trkpt><trkpt lat="35.1124643" lon="-118.4786715"><ele>1305.94</ele><time>2026-04-25T13:52:25-07:00</time><course>124.9422</course><roll>36.22161</roll><pitch>-19.74891</pitch><mode /></trkpt><trkpt lat="35.1124557" lon="-118.478639"><ele>1306.65</ele><time>2026-04-25T13:52:25-07:00</time><course>116.7765</course><roll>34.77271</roll><pitch>-16.70872</pitch><mode /></trkpt><trkpt lat="35.1124479" lon="-118.4786053"><ele>1307.29</ele><time>2026-04-25T13:52:25-07:00</time><course>108.9289</course><roll>34.39956</roll><pitch>-15.25899</pitch><mode /></trkpt><trkpt lat="35.1124413" lon="-118.4785709"><ele>1307.69</ele><time>2026-04-25T13:52:25-07:00</time><course>99.20512</course><roll>35.56388</roll><pitch>-12.58896</pitch><mode /></trkpt><trkpt lat="35.1124372" lon="-118.4785354"><ele>1308.17</ele><time>2026-04-25T13:52:26-07:00</time><course>90.36173</course><roll>32.89725</roll><pitch>-11.58254</pitch><mode /></trkpt><trkpt lat="35.1124354" lon="-118.4784988"><ele>1308.6</ele><time>2026-04-25T13:52:26-07:00</time><course>90.17274</course><roll>25.88521</roll><pitch>-14.203</pitch><mode /></trkpt><trkpt lat="35.1124373" lon="-118.4784255"><ele>1309.33</ele><time>2026-04-25T13:52:26-07:00</time><course>89.9669</course><roll>10.52534</roll><pitch>-9.648695</pitch><mode /></trkpt><trkpt lat="35.1124394" lon="-118.4783881"><ele>1309.75</ele><time>2026-04-25T13:52:26-07:00</time><course>86.18493</course><roll>9.035281</roll><pitch>-2.835343</pitch><mode /></trkpt><trkpt lat="35.1124412" lon="-118.478349"><ele>1309.75</ele><time>2026-04-25T13:52:27-07:00</time><course>82.45204</course><roll>5.529069</roll><pitch>0.9020903</pitch><mode /></trkpt><trkpt lat="35.1124434" lon="-118.4783087"><ele>1309.49</ele><time>2026-04-25T13:52:27-07:00</time><course>79.50978</course><roll>4.336783</roll><pitch>1.888963</pitch><mode /></trkpt><trkpt lat="35.1124458" lon="-118.4782672"><ele>1309.18</ele><time>2026-04-25T13:52:27-07:00</time><course>76.37229</course><roll>1.816837</roll><pitch>2.683995</pitch><mode /></trkpt><trkpt lat="35.1124491" lon="-118.4782242"><ele>1308.96</ele><time>2026-04-25T13:52:27-07:00</time><course>77.17593</course><roll>-3.303263</roll><pitch>2.8821</pitch><mode /></trkpt><trkpt lat="35.1124523" lon="-118.4781811"><ele>1308.64</ele><time>2026-04-25T13:52:27-07:00</time><course>73.33921</course><roll>-10.40715</roll><pitch>2.039722</pitch><mode /></trkpt><trkpt lat="35.1124554" lon="-118.4781376"><ele>1308.33</ele><time>2026-04-25T13:52:28-07:00</time><course>73.77145</course><roll>-13.2243</roll><pitch>0.7856535</pitch><mode /></trkpt><trkpt lat="35.1124585" lon="-118.4780934"><ele>1308.09</ele><time>2026-04-25T13:52:28-07:00</time><course>73.9613</course><roll>-9.405777</roll><pitch>0.6654003</pitch><mode /></trkpt><trkpt lat="35.1124613" lon="-118.4780491"><ele>1307.84</ele><time>2026-04-25T13:52:28-07:00</time><course>74.00271</course><roll>1.282026</roll><pitch>0.6615199</pitch><mode /></trkpt><trkpt lat="35.1124644" lon="-118.4780042"><ele>1307.57</ele><time>2026-04-25T13:52:28-07:00</time><course>73.56744</course><roll>5.178258</roll><pitch>1.094364</pitch><mode /></trkpt><trkpt lat="35.1124679" lon="-118.4779594"><ele>1307.2</ele><time>2026-04-25T13:52:28-07:00</time><course>70.78232</course><roll>11.60694</roll><pitch>1.647444</pitch><mode /></trkpt><trkpt lat="35.1124727" lon="-118.4779146"><ele>1306.86</ele><time>2026-04-25T13:52:29-07:00</time><course>67.5245</course><roll>17.12943</roll><pitch>2.082879</pitch><mode /></trkpt><trkpt lat="35.1124794" lon="-118.4778693"><ele>1306.53</ele><time>2026-04-25T13:52:29-07:00</time><course>64.12756</course><roll>16.84155</roll><pitch>2.644665</pitch><mode /></trkpt><trkpt lat="35.1124873" lon="-118.477824"><ele>1306.14</ele><time>2026-04-25T13:52:29-07:00</time><course>58.94139</course><roll>22.92261</roll><pitch>4.664653</pitch><mode /></trkpt><trkpt lat="35.1124967" lon="-118.4777803"><ele>1305.51</ele><time>2026-04-25T13:52:29-07:00</time><course>54.11673</course><roll>30.63375</roll><pitch>5.781908</pitch><mode /></trkpt><trkpt lat="35.1125094" lon="-118.4777383"><ele>1305</ele><time>2026-04-25T13:52:29-07:00</time><course>49.94483</course><roll>35.81811</roll><pitch>3.15234</pitch><mode /></trkpt><trkpt lat="35.1125256" lon="-118.4776985"><ele>1304.64</ele><time>2026-04-25T13:52:30-07:00</time><course>41.59914</course><roll>45.30133</roll><pitch>2.487581</pitch><mode /></trkpt><trkpt lat="35.1125451" lon="-118.4776609"><ele>1304.32</ele><time>2026-04-25T13:52:30-07:00</time><course>34.92924</course><roll>43.28335</roll><pitch>0.7256376</pitch><mode /></trkpt><trkpt lat="35.112568" lon="-118.477627"><ele>1304.27</ele><time>2026-04-25T13:52:30-07:00</time><course>23.54433</course><roll>41.33616</roll><pitch>3.206656</pitch><mode /></trkpt><trkpt lat="35.1125935" lon="-118.4775989"><ele>1304.38</ele><time>2026-04-25T13:52:30-07:00</time><course>21.53584</course><roll>36.81675</roll><pitch>-2.551132</pitch><mode /></trkpt><trkpt lat="35.1126198" lon="-118.4775761"><ele>1304.44</ele><time>2026-04-25T13:52:30-07:00</time><course>13.42688</course><roll>44.25333</roll><pitch>-1.023527</pitch><mode /></trkpt><trkpt lat="35.1126468" lon="-118.4775554"><ele>1304.46</ele><time>2026-04-25T13:52:31-07:00</time><course>1.676071</course><roll>47.74744</roll><pitch>0.804096</pitch><mode /></trkpt><trkpt lat="35.1126744" lon="-118.4775379"><ele>1304.36</ele><time>2026-04-25T13:52:31-07:00</time><course>355.9271</course><roll>46.72973</roll><pitch>-0.6206622</pitch><mode /></trkpt><trkpt lat="35.1127021" lon="-118.4775259"><ele>1304.35</ele><time>2026-04-25T13:52:31-07:00</time><course>349.4885</course><roll>46.37154</roll><pitch>-3.009795</pitch><mode /></trkpt><trkpt lat="35.1127288" lon="-118.4775185"><ele>1304.48</ele><time>2026-04-25T13:52:31-07:00</time><course>341.2586</course><roll>47.72205</roll><pitch>-1.514318</pitch><mode /></trkpt><trkpt lat="35.1127547" lon="-118.4775155"><ele>1304.46</ele><time>2026-04-25T13:52:31-07:00</time><course>334.1619</course><roll>49.81413</roll><pitch>-2.078466</pitch><mode /></trkpt><trkpt lat="35.1127798" lon="-118.477517"><ele>1304.36</ele><time>2026-04-25T13:52:32-07:00</time><course>324.1272</course><roll>47.92616</roll><pitch>-3.16863</pitch><mode /></trkpt><trkpt lat="35.1128025" lon="-118.4775227"><ele>1304.43</ele><time>2026-04-25T13:52:32-07:00</time><course>316.8438</course><roll>50.01927</roll><pitch>-1.806092</pitch><mode /></trkpt><trkpt lat="35.1128229" lon="-118.4775329"><ele>1304.23</ele><time>2026-04-25T13:52:32-07:00</time><course>307.5675</course><roll>49.64751</roll><pitch>-1.014443</pitch><mode /></trkpt><trkpt lat="35.1128406" lon="-118.4775455"><ele>1304.21</ele><time>2026-04-25T13:52:32-07:00</time><course>298.4603</course><roll>49.53499</roll><pitch>-1.04558</pitch><mode /></trkpt><trkpt lat="35.1128543" lon="-118.4775612"><ele>1304.33</ele><time>2026-04-25T13:52:32-07:00</time><course>290.5742</course><roll>48.16608</roll><pitch>-2.085009</pitch><mode /></trkpt><trkpt lat="35.1128641" lon="-118.4775793"><ele>1304.37</ele><time>2026-04-25T13:52:33-07:00</time><course>280.8826</course><roll>47.23615</roll><pitch>-1.506442</pitch><mode /></trkpt><trkpt lat="35.1128709" lon="-118.4775984"><ele>1304.34</ele><time>2026-04-25T13:52:33-07:00</time><course>273.9245</course><roll>48.63762</roll><pitch>-0.2038723</pitch><mode /></trkpt><trkpt lat="35.1128743" lon="-118.4776183"><ele>1304.3</ele><time>2026-04-25T13:52:33-07:00</time><course>265.3463</course><roll>47.1963</roll><pitch>-0.3971066</pitch><mode /></trkpt><trkpt lat="35.1128735" lon="-118.477638"><ele>1304.3</ele><time>2026-04-25T13:52:33-07:00</time><course>259.29</course><roll>40.31307</roll><pitch>-3.496925</pitch><mode /></trkpt><trkpt lat="35.1128688" lon="-118.4776577"><ele>1304.23</ele><time>2026-04-25T13:52:33-07:00</time><course>259.6198</course><roll>26.26369</roll><pitch>-10.57254</pitch><mode /></trkpt><trkpt lat="35.112862" lon="-118.4776759"><ele>1304.4</ele><time>2026-04-25T13:52:34-07:00</time><course>254.1527</course><roll>14.84491</roll><pitch>-6.980001</pitch><mode /></trkpt><trkpt lat="35.1128546" lon="-118.4776925"><ele>1304.7</ele><time>2026-04-25T13:52:34-07:00</time><course>250.2155</course><roll>12.68166</roll><pitch>-3.117245</pitch><mode /></trkpt><trkpt lat="35.1128462" lon="-118.4777096"><ele>1304.81</ele><time>2026-04-25T13:52:34-07:00</time><course>249.4365</course><roll>9.529733</roll><pitch>-0.554192</pitch><mode /></trkpt><trkpt lat="35.1128371" lon="-118.4777242"><ele>1305.12</ele><time>2026-04-25T13:52:34-07:00</time><course>249.7809</course><roll>5.648587</roll><pitch>1.488475</pitch><mode /></trkpt><trkpt lat="35.1128285" lon="-118.4777424"><ele>1304.75</ele><time>2026-04-25T13:52:34-07:00</time><course>246.9722</course><roll>5.197218</roll><pitch>2.007411</pitch><mode /></trkpt><trkpt lat="35.1128194" lon="-118.47776"><ele>1304.54</ele><time>2026-04-25T13:52:35-07:00</time><course>243.6804</course><roll>0.3704223</roll><pitch>2.67016</pitch><mode /></trkpt><trkpt lat="35.1128099" lon="-118.477778"><ele>1304.25</ele><time>2026-04-25T13:52:35-07:00</time><course>243.2591</course><roll>-1.15263</roll><pitch>2.592301</pitch><mode /></trkpt><trkpt lat="35.1128" lon="-118.4777952"><ele>1304.14</ele><time>2026-04-25T13:52:35-07:00</time><course>242.3208</course><roll>-1.227171</roll><pitch>2.38023</pitch><mode /></trkpt><trkpt lat="35.1127901" lon="-118.4778128"><ele>1303.98</ele><time>2026-04-25T13:52:35-07:00</time><course>239.7271</course><roll>0.0008744734</roll><pitch>2.41983</pitch><mode /></trkpt><trkpt lat="35.1127798" lon="-118.477831"><ele>1303.76</ele><time>2026-04-25T13:52:35-07:00</time><course>237.2946</course><roll>-0.8321059</roll><pitch>2.372008</pitch><mode /></trkpt><trkpt lat="35.1127693" lon="-118.4778509"><ele>1303.44</ele><time>2026-04-25T13:52:36-07:00</time><course>234.4618</course><roll>0.3181112</roll><pitch>1.972542</pitch><mode /></trkpt><trkpt lat="35.1127582" lon="-118.4778687"><ele>1303.42</ele><time>2026-04-25T13:52:36-07:00</time><course>235.4156</course><roll>0.4349757</roll><pitch>2.344499</pitch><mode /></trkpt><trkpt lat="35.1127461" lon="-118.4778873"><ele>1303.39</ele><time>2026-04-25T13:52:36-07:00</time><course>238.1543</course><roll>-4.158918</roll><pitch>1.954208</pitch><mode /></trkpt><trkpt lat="35.1127339" lon="-118.4779071"><ele>1303.32</ele><time>2026-04-25T13:52:36-07:00</time><course>237.3067</course><roll>-12.37726</roll><pitch>1.328508</pitch><mode /></trkpt><trkpt lat="35.112722" lon="-118.4779265"><ele>1303.32</ele><time>2026-04-25T13:52:36-07:00</time><course>237.2141</course><roll>-15.42128</roll><pitch>0.8757787</pitch><mode /></trkpt><trkpt lat="35.1127106" lon="-118.477947"><ele>1303.18</ele><time>2026-04-25T13:52:37-07:00</time><course>243.2947</course><roll>-17.40454</roll><pitch>1.1795</pitch><mode /></trkpt><trkpt lat="35.1127" lon="-118.4779653"><ele>1303.32</ele><time>2026-04-25T13:52:37-07:00</time><course>245.0972</course><roll>-21.09604</roll><pitch>-1.128691</pitch><mode /></trkpt><trkpt lat="35.1126915" lon="-118.4779857"><ele>1303.38</ele><time>2026-04-25T13:52:37-07:00</time><course>246.8248</course><roll>-26.32023</roll><pitch>-4.107108</pitch><mode /></trkpt><trkpt lat="35.1126854" lon="-118.4780057"><ele>1303.75</ele><time>2026-04-25T13:52:37-07:00</time><course>249.8734</course><roll>-37.1375</roll><pitch>-3.583894</pitch><mode /></trkpt><trkpt lat="35.1126807" lon="-118.4780288"><ele>1303.9</ele><time>2026-04-25T13:52:37-07:00</time><course>255.3735</course><roll>-39.94873</roll><pitch>-1.618634</pitch><mode /></trkpt><trkpt lat="35.1126777" lon="-118.4780517"><ele>1303.91</ele><time>2026-04-25T13:52:38-07:00</time><course>261.3918</course><roll>-41.53732</roll><pitch>-3.555544</pitch><mode /></trkpt><trkpt lat="35.1126772" lon="-118.4780742"><ele>1303.97</ele><time>2026-04-25T13:52:38-07:00</time><course>264.8262</course><roll>-42.56612</roll><pitch>-4.170919</pitch><mode /></trkpt><trkpt lat="35.1126793" lon="-118.4780973"><ele>1303.96</ele><time>2026-04-25T13:52:38-07:00</time><course>269.4996</course><roll>-45.05199</roll><pitch>-4.94795</pitch><mode /></trkpt><trkpt lat="35.1126839" lon="-118.4781207"><ele>1303.8</ele><time>2026-04-25T13:52:38-07:00</time><course>273.8677</course><roll>-42.16224</roll><pitch>-6.774974</pitch><mode /></trkpt><trkpt lat="35.1126924" lon="-118.4781434"><ele>1303.71</ele><time>2026-04-25T13:52:38-07:00</time><course>279.634</course><roll>-44.4327</roll><pitch>-7.744166</pitch><mode /></trkpt><trkpt lat="35.1127043" lon="-118.4781653"><ele>1303.65</ele><time>2026-04-25T13:52:39-07:00</time><course>287.5879</course><roll>-50.19858</roll><pitch>-6.92917</pitch><mode /></trkpt><trkpt lat="35.1127188" lon="-118.4781844"><ele>1303.64</ele><time>2026-04-25T13:52:39-07:00</time><course>294.5364</course><roll>-50.75181</roll><pitch>-6.658607</pitch><mode /></trkpt><trkpt lat="35.1127367" lon="-118.478201"><ele>1303.71</ele><time>2026-04-25T13:52:39-07:00</time><course>302.1871</course><roll>-48.44991</roll><pitch>-6.980043</pitch><mode /></trkpt><trkpt lat="35.1127578" lon="-118.4782135"><ele>1303.99</ele><time>2026-04-25T13:52:39-07:00</time><course>304.1786</course><roll>-40.52765</roll><pitch>-7.325103</pitch><mode /></trkpt><trkpt lat="35.1127795" lon="-118.4782229"><ele>1304.58</ele><time>2026-04-25T13:52:39-07:00</time><course>308.7078</course><roll>-37.03009</roll><pitch>-2.471301</pitch><mode /></trkpt><trkpt lat="35.1128" lon="-118.4782337"><ele>1304.6</ele><time>2026-04-25T13:52:40-07:00</time><course>314.9518</course><roll>-39.19204</roll><pitch>0.5152049</pitch><mode /></trkpt><trkpt lat="35.1128224" lon="-118.4782426"><ele>1304.5</ele><time>2026-04-25T13:52:40-07:00</time><course>313.5422</course><roll>-33.21465</roll><pitch>-0.9917077</pitch><mode /></trkpt><trkpt lat="35.112846" lon="-118.4782496"><ele>1304.43</ele><time>2026-04-25T13:52:40-07:00</time><course>315.5594</course><roll>-25.44121</roll><pitch>0.5481836</pitch><mode /></trkpt><trkpt lat="35.1128696" lon="-118.4782567"><ele>1304.23</ele><time>2026-04-25T13:52:40-07:00</time><course>319.2576</course><roll>-22.40722</roll><pitch>2.008506</pitch><mode /></trkpt><trkpt lat="35.1128939" lon="-118.4782628"><ele>1304.09</ele><time>2026-04-25T13:52:40-07:00</time><course>321.3265</course><roll>-13.72944</roll><pitch>1.583057</pitch><mode /></trkpt><trkpt lat="35.1129186" lon="-118.4782693"><ele>1303.87</ele><time>2026-04-25T13:52:41-07:00</time><course>322.8303</course><roll>-6.021267</roll><pitch>-0.2531486</pitch><mode /></trkpt><trkpt lat="35.1129435" lon="-118.4782741"><ele>1304.05</ele><time>2026-04-25T13:52:41-07:00</time><course>325.1296</course><roll>-2.473637</roll><pitch>-1.029372</pitch><mode /></trkpt><trkpt lat="35.1129679" lon="-118.4782796"><ele>1304.35</ele><time>2026-04-25T13:52:41-07:00</time><course>328.183</course><roll>0.1508056</roll><pitch>-1.390583</pitch><mode /></trkpt><trkpt lat="35.1129924" lon="-118.4782849"><ele>1304.71</ele><time>2026-04-25T13:52:41-07:00</time><course>326.8028</course><roll>0.6080177</roll><pitch>-1.886905</pitch><mode /></trkpt><trkpt lat="35.1130163" lon="-118.478289"><ele>1305.11</ele><time>2026-04-25T13:52:41-07:00</time><course>324.8306</course><roll>2.372576</roll><pitch>-1.55631</pitch><mode /></trkpt><trkpt lat="35.1130402" lon="-118.4782938"><ele>1305.47</ele><time>2026-04-25T13:52:42-07:00</time><course>322.7318</course><roll>3.592761</roll><pitch>-1.267251</pitch><mode /></trkpt><trkpt lat="35.1130636" lon="-118.4782996"><ele>1305.68</ele><time>2026-04-25T13:52:42-07:00</time><course>324.0096</course><roll>-0.5809659</roll><pitch>-0.8152461</pitch><mode /></trkpt><trkpt lat="35.1130863" lon="-118.4783047"><ele>1305.88</ele><time>2026-04-25T13:52:42-07:00</time><course>324.129</course><roll>-1.802381</roll><pitch>-0.8379412</pitch><mode /></trkpt><trkpt lat="35.1131094" lon="-118.478311"><ele>1305.76</ele><time>2026-04-25T13:52:42-07:00</time><course>324.3758</course><roll>-0.1321769</roll><pitch>-0.6780915</pitch><mode /></trkpt><trkpt lat="35.113133" lon="-118.478317"><ele>1305.93</ele><time>2026-04-25T13:52:42-07:00</time><course>320.0854</course><roll>3.688631</roll><pitch>-0.5714181</pitch><mode /></trkpt><trkpt lat="35.1131563" lon="-118.4783242"><ele>1305.88</ele><time>2026-04-25T13:52:43-07:00</time><course>314.0831</course><roll>8.749718</roll><pitch>-0.5398954</pitch><mode /></trkpt><trkpt lat="35.1131786" lon="-118.4783317"><ele>1306.04</ele><time>2026-04-25T13:52:43-07:00</time><course>316.266</course><roll>11.80122</roll><pitch>-0.967463</pitch><mode /></trkpt><trkpt lat="35.1131996" lon="-118.47834"><ele>1306.24</ele><time>2026-04-25T13:52:43-07:00</time><course>314.5842</course><roll>14.15919</roll><pitch>-2.303065</pitch><mode /></trkpt><trkpt lat="35.1132196" lon="-118.4783499"><ele>1306.13</ele><time>2026-04-25T13:52:43-07:00</time><course>311.1911</course><roll>16.8096</roll><pitch>-1.707683</pitch><mode /></trkpt><trkpt lat="35.1132383" lon="-118.4783588"><ele>1306.33</ele><time>2026-04-25T13:52:43-07:00</time><course>309.8706</course><roll>17.92168</roll><pitch>-2.147058</pitch><mode /></trkpt><trkpt lat="35.1132563" lon="-118.4783677"><ele>1306.66</ele><time>2026-04-25T13:52:44-07:00</time><course>306.1347</course><roll>18.8891</roll><pitch>-1.957398</pitch><mode /></trkpt><trkpt lat="35.1132737" lon="-118.478378"><ele>1306.91</ele><time>2026-04-25T13:52:44-07:00</time><course>302.1255</course><roll>21.50165</roll><pitch>-1.506467</pitch><mode /></trkpt><trkpt lat="35.1132893" lon="-118.4783903"><ele>1306.99</ele><time>2026-04-25T13:52:44-07:00</time><course>301.046</course><roll>20.69323</roll><pitch>-1.301969</pitch><mode /></trkpt><trkpt lat="35.1133037" lon="-118.4784044"><ele>1307.08</ele><time>2026-04-25T13:52:44-07:00</time><course>300.9806</course><roll>16.73248</roll><pitch>-3.082042</pitch><mode /></trkpt><trkpt lat="35.1133174" lon="-118.4784187"><ele>1307.2</ele><time>2026-04-25T13:52:44-07:00</time><course>299.5737</course><roll>10.54597</roll><pitch>-5.671459</pitch><mode /></trkpt><trkpt lat="35.1133304" lon="-118.4784335"><ele>1307.43</ele><time>2026-04-25T13:52:45-07:00</time><course>294.9261</course><roll>8.699225</roll><pitch>-6.037023</pitch><mode /></trkpt><trkpt lat="35.113342" lon="-118.4784453"><ele>1307.94</ele><time>2026-04-25T13:52:45-07:00</time><course>292.3205</course><roll>7.37326</roll><pitch>-6.017448</pitch><mode /></trkpt><trkpt lat="35.1133532" lon="-118.4784604"><ele>1308.1</ele><time>2026-04-25T13:52:45-07:00</time><course>291.6382</course><roll>9.181868</roll><pitch>-5.986989</pitch><mode /></trkpt><trkpt lat="35.113364" lon="-118.4784749"><ele>1308.41</ele><time>2026-04-25T13:52:45-07:00</time><course>289.9033</course><roll>8.338836</roll><pitch>-6.438734</pitch><mode /></trkpt><trkpt lat="35.1133741" lon="-118.4784893"><ele>1308.74</ele><time>2026-04-25T13:52:45-07:00</time><course>288.3253</course><roll>6.808097</roll><pitch>-6.967049</pitch><mode /></trkpt><trkpt lat="35.1133836" lon="-118.4785042"><ele>1309.03</ele><time>2026-04-25T13:52:46-07:00</time><course>289.1606</course><roll>5.448965</roll><pitch>-7.384963</pitch><mode /></trkpt><trkpt lat="35.1133929" lon="-118.4785197"><ele>1309.18</ele><time>2026-04-25T13:52:46-07:00</time><course>287.7045</course><roll>4.509082</roll><pitch>-8.142108</pitch><mode /></trkpt><trkpt lat="35.1134016" lon="-118.4785339"><ele>1309.45</ele><time>2026-04-25T13:52:46-07:00</time><course>285.751</course><roll>5.5749</roll><pitch>-8.261356</pitch><mode /></trkpt><trkpt lat="35.1134096" lon="-118.478548"><ele>1309.82</ele><time>2026-04-25T13:52:46-07:00</time><course>286.0409</course><roll>4.073151</roll><pitch>-8.354301</pitch><mode /></trkpt><trkpt lat="35.1134173" lon="-118.4785633"><ele>1310.04</ele><time>2026-04-25T13:52:46-07:00</time><course>284.8508</course><roll>4.070184</roll><pitch>-9.105076</pitch><mode /></trkpt><trkpt lat="35.1134245" lon="-118.4785786"><ele>1310.28</ele><time>2026-04-25T13:52:47-07:00</time><course>284.5714</course><roll>3.670169</roll><pitch>-5.683826</pitch><mode /></trkpt><trkpt lat="35.1134301" lon="-118.4785889"><ele>1310.96</ele><time>2026-04-25T13:52:47-07:00</time><course>286.5884</course><roll>-0.008725869</roll><pitch>-3.691734</pitch><mode /></trkpt><trkpt lat="35.1134365" lon="-118.4786045"><ele>1311.02</ele><time>2026-04-25T13:52:47-07:00</time><course>293.0002</course><roll>-11.33373</roll><pitch>-3.46191</pitch><mode /></trkpt><trkpt lat="35.1134438" lon="-118.47862"><ele>1311.09</ele><time>2026-04-25T13:52:47-07:00</time><course>297.9296</course><roll>-24.46861</roll><pitch>-4.501777</pitch><mode /></trkpt><trkpt lat="35.1134532" lon="-118.4786341"><ele>1311.34</ele><time>2026-04-25T13:52:47-07:00</time><course>298.7494</course><roll>-33.44276</roll><pitch>-6.775769</pitch><mode /></trkpt><trkpt lat="35.113465" lon="-118.4786474"><ele>1311.6</ele><time>2026-04-25T13:52:48-07:00</time><course>300.8453</course><roll>-39.58403</roll><pitch>-7.387109</pitch><mode /></trkpt><trkpt lat="35.1134781" lon="-118.4786589"><ele>1311.87</ele><time>2026-04-25T13:52:48-07:00</time><course>304.59</course><roll>-43.38105</roll><pitch>-8.719057</pitch><mode /></trkpt><trkpt lat="35.1134919" lon="-118.4786658"><ele>1312.3</ele><time>2026-04-25T13:52:48-07:00</time><course>309.8517</course><roll>-47.37009</roll><pitch>-10.27888</pitch><mode /></trkpt><trkpt lat="35.1135081" lon="-118.4786729"><ele>1312.39</ele><time>2026-04-25T13:52:48-07:00</time><course>313.9625</course><roll>-47.76963</roll><pitch>-14.5223</pitch><mode /></trkpt><trkpt lat="35.1135261" lon="-118.4786761"><ele>1312.61</ele><time>2026-04-25T13:52:48-07:00</time><course>318.4048</course><roll>-51.81196</roll><pitch>-16.73282</pitch><mode /></trkpt><trkpt lat="35.1135457" lon="-118.4786773"><ele>1312.77</ele><time>2026-04-25T13:52:49-07:00</time><course>322.54</course><roll>-49.69829</roll><pitch>-17.44044</pitch><mode /></trkpt><trkpt lat="35.1135668" lon="-118.4786771"><ele>1312.61</ele><time>2026-04-25T13:52:49-07:00</time><course>329.1607</course><roll>-45.38952</roll><pitch>-15.80104</pitch><mode /></trkpt><trkpt lat="35.1135886" lon="-118.4786729"><ele>1312.6</ele><time>2026-04-25T13:52:49-07:00</time><course>337.6302</course><roll>-43.58234</roll><pitch>-14.95278</pitch><mode /></trkpt><trkpt lat="35.1136106" lon="-118.4786674"><ele>1312.31</ele><time>2026-04-25T13:52:49-07:00</time><course>344.895</course><roll>-41.93089</roll><pitch>-14.82491</pitch><mode /></trkpt><trkpt lat="35.1136328" lon="-118.478657"><ele>1312.36</ele><time>2026-04-25T13:52:49-07:00</time><course>350.1609</course><roll>-39.54232</roll><pitch>-14.48466</pitch><mode /></trkpt><trkpt lat="35.1136551" lon="-118.4786441"><ele>1312.57</ele><time>2026-04-25T13:52:50-07:00</time><course>356.8058</course><roll>-39.90587</roll><pitch>-12.0017</pitch><mode /></trkpt><trkpt lat="35.1136772" lon="-118.47863"><ele>1312.47</ele><time>2026-04-25T13:52:50-07:00</time><course>1.542027</course><roll>-40.60793</roll><pitch>-11.47518</pitch><mode /></trkpt><trkpt lat="35.1136996" lon="-118.4786123"><ele>1312.43</ele><time>2026-04-25T13:52:50-07:00</time><course>6.346678</course><roll>-39.71655</roll><pitch>-11.90242</pitch><mode /></trkpt><trkpt lat="35.1137217" lon="-118.4785914"><ele>1312.46</ele><time>2026-04-25T13:52:50-07:00</time><course>12.28781</course><roll>-39.45502</roll><pitch>-11.54631</pitch><mode /></trkpt><trkpt lat="35.1137431" lon="-118.4785681"><ele>1312.31</ele><time>2026-04-25T13:52:50-07:00</time><course>17.47665</course><roll>-38.43782</roll><pitch>-10.51859</pitch><mode /></trkpt><trkpt lat="35.1137637" lon="-118.4785419"><ele>1312.28</ele><time>2026-04-25T13:52:51-07:00</time><course>23.37897</course><roll>-38.41126</roll><pitch>-10.57237</pitch><mode /></trkpt><trkpt lat="35.1137838" lon="-118.4785143"><ele>1312.15</ele><time>2026-04-25T13:52:51-07:00</time><course>28.23617</course><roll>-37.46663</roll><pitch>-11.00671</pitch><mode /></trkpt><trkpt lat="35.1138032" lon="-118.4784839"><ele>1312.12</ele><time>2026-04-25T13:52:51-07:00</time><course>31.97922</course><roll>-35.91911</roll><pitch>-11.20892</pitch><mode /></trkpt><trkpt lat="35.1138218" lon="-118.4784521"><ele>1311.98</ele><time>2026-04-25T13:52:51-07:00</time><course>37.13074</course><roll>-35.99366</roll><pitch>-10.061</pitch><mode /></trkpt><trkpt lat="35.1138392" lon="-118.478419"><ele>1311.71</ele><time>2026-04-25T13:52:51-07:00</time><course>41.79728</course><roll>-36.56402</roll><pitch>-9.726377</pitch><mode /></trkpt><trkpt lat="35.1138549" lon="-118.4783834"><ele>1311.45</ele><time>2026-04-25T13:52:52-07:00</time><course>46.56902</course><roll>-36.90023</roll><pitch>-10.26578</pitch><mode /></trkpt><trkpt lat="35.1138688" lon="-118.4783463"><ele>1311.2</ele><time>2026-04-25T13:52:52-07:00</time><course>51.15989</course><roll>-36.46003</roll><pitch>-10.67128</pitch><mode /></trkpt><trkpt lat="35.1138814" lon="-118.4783085"><ele>1311.06</ele><time>2026-04-25T13:52:52-07:00</time><course>55.20498</course><roll>-35.59502</roll><pitch>-10.37271</pitch><mode /></trkpt><trkpt lat="35.1138924" lon="-118.47827"><ele>1310.72</ele><time>2026-04-25T13:52:52-07:00</time><course>59.98886</course><roll>-34.7954</roll><pitch>-9.359719</pitch><mode /></trkpt><trkpt lat="35.1139021" lon="-118.4782313"><ele>1310.16</ele><time>2026-04-25T13:52:52-07:00</time><course>65.39529</course><roll>-34.81544</roll><pitch>-9.10311</pitch><mode /></trkpt><trkpt lat="35.1139099" lon="-118.4781902"><ele>1310.12</ele><time>2026-04-25T13:52:53-07:00</time><course>69.59801</course><roll>-36.78759</roll><pitch>-9.632836</pitch><mode /></trkpt><trkpt lat="35.1139155" lon="-118.4781486"><ele>1309.83</ele><time>2026-04-25T13:52:53-07:00</time><course>73.336</course><roll>-36.20231</roll><pitch>-10.82575</pitch><mode /></trkpt><trkpt lat="35.1139192" lon="-118.478106"><ele>1309.65</ele><time>2026-04-25T13:52:53-07:00</time><course>78.135</course><roll>-35.90995</roll><pitch>-11.01415</pitch><mode /></trkpt><trkpt lat="35.1139212" lon="-118.478063"><ele>1309.4</ele><time>2026-04-25T13:52:53-07:00</time><course>82.98418</course><roll>-36.82412</roll><pitch>-10.6809</pitch><mode /></trkpt><trkpt lat="35.1139213" lon="-118.4780197"><ele>1309.28</ele><time>2026-04-25T13:52:53-07:00</time><course>87.27505</course><roll>-36.81104</roll><pitch>-11.17975</pitch><mode /></trkpt><trkpt lat="35.1139198" lon="-118.4779771"><ele>1309.01</ele><time>2026-04-25T13:52:54-07:00</time><course>92.1264</course><roll>-36.01624</roll><pitch>-10.79472</pitch><mode /></trkpt><trkpt lat="35.1139166" lon="-118.477933"><ele>1309.06</ele><time>2026-04-25T13:52:54-07:00</time><course>97.1662</course><roll>-36.91821</roll><pitch>-10.4115</pitch><mode /></trkpt><trkpt lat="35.1139117" lon="-118.4778903"><ele>1308.76</ele><time>2026-04-25T13:52:54-07:00</time><course>102.5429</course><roll>-40.03319</roll><pitch>-10.44743</pitch><mode /></trkpt><trkpt lat="35.1139046" lon="-118.477848"><ele>1308.54</ele><time>2026-04-25T13:52:54-07:00</time><course>108.6952</course><roll>-40.9099</roll><pitch>-10.55589</pitch><mode /></trkpt><trkpt lat="35.1138953" lon="-118.4778063"><ele>1308.21</ele><time>2026-04-25T13:52:54-07:00</time><course>115.8217</course><roll>-44.12143</roll><pitch>-9.855238</pitch><mode /></trkpt><trkpt lat="35.1138836" lon="-118.4777655"><ele>1307.98</ele><time>2026-04-25T13:52:55-07:00</time><course>122.1931</course><roll>-46.04858</roll><pitch>-11.44503</pitch><mode /></trkpt><trkpt lat="35.1138695" lon="-118.4777268"><ele>1307.66</ele><time>2026-04-25T13:52:55-07:00</time><course>128.425</course><roll>-45.09464</roll><pitch>-13.95974</pitch><mode /></trkpt><trkpt lat="35.1138524" lon="-118.4776908"><ele>1307.34</ele><time>2026-04-25T13:52:55-07:00</time><course>133.3102</course><roll>-43.60966</roll><pitch>-15.2049</pitch><mode /></trkpt><trkpt lat="35.1138333" lon="-118.4776573"><ele>1307.3</ele><time>2026-04-25T13:52:55-07:00</time><course>138.9698</course><roll>-43.77633</roll><pitch>-14.42283</pitch><mode /></trkpt><trkpt lat="35.113814" lon="-118.4776252"><ele>1307.35</ele><time>2026-04-25T13:52:55-07:00</time><course>145.9616</course><roll>-43.76004</roll><pitch>-12.52936</pitch><mode /></trkpt><trkpt lat="35.1137937" lon="-118.4775947"><ele>1307.39</ele><time>2026-04-25T13:52:56-07:00</time><course>153.3437</course><roll>-44.97869</roll><pitch>-11.11546</pitch><mode /></trkpt><trkpt lat="35.1137715" lon="-118.4775676"><ele>1307.29</ele><time>2026-04-25T13:52:56-07:00</time><course>158.8654</course><roll>-44.22775</roll><pitch>-12.31886</pitch><mode /></trkpt><trkpt lat="35.1137489" lon="-118.4775441"><ele>1307.11</ele><time>2026-04-25T13:52:56-07:00</time><course>160.4125</course><roll>-37.30059</roll><pitch>-13.59379</pitch><mode /></trkpt><trkpt lat="35.1137265" lon="-118.4775229"><ele>1307.01</ele><time>2026-04-25T13:52:56-07:00</time><course>160.0217</course><roll>-29.17606</roll><pitch>-12.38025</pitch><mode /></trkpt><trkpt lat="35.1137035" lon="-118.477503"><ele>1306.92</ele><time>2026-04-25T13:52:56-07:00</time><course>161.7479</course><roll>-20.60897</roll><pitch>-8.757382</pitch><mode /></trkpt><trkpt lat="35.1136811" lon="-118.4774828"><ele>1307.08</ele><time>2026-04-25T13:52:57-07:00</time><course>163.0306</course><roll>-14.47145</roll><pitch>-6.00768</pitch><mode /></trkpt><trkpt lat="35.1136585" lon="-118.4774629"><ele>1307.09</ele><time>2026-04-25T13:52:57-07:00</time><course>163.466</course><roll>-9.46578</roll><pitch>-3.416034</pitch><mode /></trkpt><trkpt lat="35.1136353" lon="-118.4774427"><ele>1307.04</ele><time>2026-04-25T13:52:57-07:00</time><course>163.6869</course><roll>-5.926377</roll><pitch>-0.9835148</pitch><mode /></trkpt><trkpt lat="35.1136118" lon="-118.4774222"><ele>1307.02</ele><time>2026-04-25T13:52:57-07:00</time><course>164.0044</course><roll>-3.007041</roll><pitch>0.0176424</pitch><mode /></trkpt><trkpt lat="35.1135877" lon="-118.477401"><ele>1307.03</ele><time>2026-04-25T13:52:57-07:00</time><course>165.3446</course><roll>-3.957239</roll><pitch>1.057318</pitch><mode /></trkpt><trkpt lat="35.1135629" lon="-118.4773791"><ele>1306.87</ele><time>2026-04-25T13:52:58-07:00</time><course>171.0539</course><roll>-10.71041</roll><pitch>1.199893</pitch><mode /></trkpt><trkpt lat="35.113537" lon="-118.4773576"><ele>1306.72</ele><time>2026-04-25T13:52:58-07:00</time><course>172.3516</course><roll>-16.08227</roll><pitch>1.280728</pitch><mode /></trkpt><trkpt lat="35.1135105" lon="-118.4773377"><ele>1306.62</ele><time>2026-04-25T13:52:58-07:00</time><course>171.0905</course><roll>-18.82826</roll><pitch>1.80181</pitch><mode /></trkpt><trkpt lat="35.1134837" lon="-118.4773188"><ele>1306.53</ele><time>2026-04-25T13:52:58-07:00</time><course>171.4941</course><roll>-19.41453</roll><pitch>3.825135</pitch><mode /></trkpt><trkpt lat="35.1134569" lon="-118.4773004"><ele>1306.33</ele><time>2026-04-25T13:52:58-07:00</time><course>173.9344</course><roll>-20.26693</roll><pitch>5.7901</pitch><mode /></trkpt><trkpt lat="35.1134303" lon="-118.4772828"><ele>1306.01</ele><time>2026-04-25T13:52:59-07:00</time><course>175.8587</course><roll>-20.03707</roll><pitch>6.585973</pitch><mode /></trkpt><trkpt lat="35.1134033" lon="-118.4772665"><ele>1305.81</ele><time>2026-04-25T13:52:59-07:00</time><course>178.1068</course><roll>-20.32759</roll><pitch>7.057189</pitch><mode /></trkpt><trkpt lat="35.1133761" lon="-118.4772513"><ele>1305.39</ele><time>2026-04-25T13:52:59-07:00</time><course>179.5024</course><roll>-20.70767</roll><pitch>7.022743</pitch><mode /></trkpt><trkpt lat="35.1133488" lon="-118.4772375"><ele>1304.92</ele><time>2026-04-25T13:52:59-07:00</time><course>180.3155</course><roll>-21.42445</roll><pitch>6.784748</pitch><mode /></trkpt><trkpt lat="35.1133215" lon="-118.4772249"><ele>1304.45</ele><time>2026-04-25T13:52:59-07:00</time><course>181.6096</course><roll>-20.98355</roll><pitch>6.309154</pitch><mode /></trkpt><trkpt lat="35.1132942" lon="-118.477214"><ele>1304.1</ele><time>2026-04-25T13:53:00-07:00</time><course>182.6976</course><roll>-21.52625</roll><pitch>5.709792</pitch><mode /></trkpt><trkpt lat="35.1132667" lon="-118.4772047"><ele>1303.69</ele><time>2026-04-25T13:53:00-07:00</time><course>183.6367</course><roll>-22.37726</roll><pitch>4.772102</pitch><mode /></trkpt><trkpt lat="35.113239" lon="-118.4771965"><ele>1303.26</ele><time>2026-04-25T13:53:00-07:00</time><course>184.6667</course><roll>-21.24595</roll><pitch>3.460079</pitch><mode /></trkpt><trkpt lat="35.1132114" lon="-118.4771896"><ele>1302.95</ele><time>2026-04-25T13:53:00-07:00</time><course>186.252</course><roll>-18.37262</roll><pitch>2.643771</pitch><mode /></trkpt><trkpt lat="35.1131834" lon="-118.4771839"><ele>1302.66</ele><time>2026-04-25T13:53:00-07:00</time><course>189.9341</course><roll>-16.13736</roll><pitch>3.044827</pitch><mode /></trkpt><trkpt lat="35.1131555" lon="-118.4771793"><ele>1302.43</ele><time>2026-04-25T13:53:01-07:00</time><course>195.128</course><roll>-17.93342</roll><pitch>2.825475</pitch><mode /></trkpt><trkpt lat="35.1131276" lon="-118.4771759"><ele>1302.24</ele><time>2026-04-25T13:53:01-07:00</time><course>196.2506</course><roll>-18.62294</roll><pitch>2.356971</pitch><mode /></trkpt><trkpt lat="35.1130996" lon="-118.4771737"><ele>1302.14</ele><time>2026-04-25T13:53:01-07:00</time><course>197.4657</course><roll>-13.54438</roll><pitch>1.101426</pitch><mode /></trkpt><trkpt lat="35.1130718" lon="-118.4771724"><ele>1302.15</ele><time>2026-04-25T13:53:01-07:00</time><course>200.3567</course><roll>-10.76565</roll><pitch>1.159462</pitch><mode /></trkpt><trkpt lat="35.113044" lon="-118.4771719"><ele>1302.19</ele><time>2026-04-25T13:53:01-07:00</time><course>200.4494</course><roll>-10.65801</roll><pitch>0.9696773</pitch><mode /></trkpt><trkpt lat="35.1130165" lon="-118.477172"><ele>1302.36</ele><time>2026-04-25T13:53:02-07:00</time><course>201.5129</course><roll>-11.98227</roll><pitch>1.601946</pitch><mode /></trkpt><trkpt lat="35.1129892" lon="-118.4771731"><ele>1302.47</ele><time>2026-04-25T13:53:02-07:00</time><course>201.3567</course><roll>-12.406</roll><pitch>1.451179</pitch><mode /></trkpt><trkpt lat="35.1129624" lon="-118.4771753"><ele>1302.61</ele><time>2026-04-25T13:53:02-07:00</time><course>200.655</course><roll>-13.03732</roll><pitch>1.703981</pitch><mode /></trkpt><trkpt lat="35.1129361" lon="-118.4771779"><ele>1302.63</ele><time>2026-04-25T13:53:02-07:00</time><course>200.4897</course><roll>-11.26193</roll><pitch>1.67547</pitch><mode /></trkpt><trkpt lat="35.1129105" lon="-118.477181"><ele>1302.67</ele><time>2026-04-25T13:53:02-07:00</time><course>202.0184</course><roll>-10.82237</roll><pitch>2.106313</pitch><mode /></trkpt><trkpt lat="35.1128848" lon="-118.4771842"><ele>1302.43</ele><time>2026-04-25T13:53:03-07:00</time><course>201.4923</course><roll>-11.3939</roll><pitch>1.114187</pitch><mode /></trkpt><trkpt lat="35.1128595" lon="-118.477188"><ele>1302.11</ele><time>2026-04-25T13:53:03-07:00</time><course>202.6198</course><roll>-12.47457</roll><pitch>0.8863638</pitch><mode /></trkpt><trkpt lat="35.1128345" lon="-118.4771928"><ele>1301.95</ele><time>2026-04-25T13:53:03-07:00</time><course>206.2893</course><roll>-13.02067</roll><pitch>0.7636873</pitch><mode /></trkpt><trkpt lat="35.1128097" lon="-118.4771982"><ele>1301.93</ele><time>2026-04-25T13:53:03-07:00</time><course>208.0369</course><roll>-14.12881</roll><pitch>0.8654957</pitch><mode /></trkpt><trkpt lat="35.1127853" lon="-118.4772045"><ele>1301.99</ele><time>2026-04-25T13:53:03-07:00</time><course>207.097</course><roll>-16.50768</roll><pitch>-0.1549945</pitch><mode /></trkpt><trkpt lat="35.1127616" lon="-118.477211"><ele>1301.96</ele><time>2026-04-25T13:53:04-07:00</time><course>213.6763</course><roll>-16.22529</roll><pitch>1.845556</pitch><mode /></trkpt><trkpt lat="35.1127384" lon="-118.4772182"><ele>1301.8</ele><time>2026-04-25T13:53:04-07:00</time><course>216.7384</course><roll>-14.2239</roll><pitch>1.710805</pitch><mode /></trkpt><trkpt lat="35.1127155" lon="-118.4772261"><ele>1301.72</ele><time>2026-04-25T13:53:04-07:00</time><course>216.7809</course><roll>-15.15797</roll><pitch>-0.3836629</pitch><mode /></trkpt><trkpt lat="35.112693" lon="-118.4772348"><ele>1301.51</ele><time>2026-04-25T13:53:04-07:00</time><course>216.2909</course><roll>-13.41037</roll><pitch>-1.762019</pitch><mode /></trkpt><trkpt lat="35.1126711" lon="-118.4772444"><ele>1301.42</ele><time>2026-04-25T13:53:04-07:00</time><course>217.4623</course><roll>-7.431146</roll><pitch>-0.8975083</pitch><mode /></trkpt><trkpt lat="35.1126493" lon="-118.477254"><ele>1301.49</ele><time>2026-04-25T13:53:05-07:00</time><course>222.5758</course><roll>-11.29411</roll><pitch>0.3448983</pitch><mode /></trkpt><trkpt lat="35.1126274" lon="-118.4772643"><ele>1301.33</ele><time>2026-04-25T13:53:05-07:00</time><course>223.2211</course><roll>-11.26503</roll><pitch>-0.03442575</pitch><mode /></trkpt><trkpt lat="35.1126065" lon="-118.4772744"><ele>1301.22</ele><time>2026-04-25T13:53:05-07:00</time><course>224.1094</course><roll>-12.53853</roll><pitch>-1.90635</pitch><mode /></trkpt><trkpt lat="35.1125866" lon="-118.4772846"><ele>1300.87</ele><time>2026-04-25T13:53:05-07:00</time><course>225.6409</course><roll>-14.07578</roll><pitch>-3.639738</pitch><mode /></trkpt><trkpt lat="35.1125672" lon="-118.4772953"><ele>1300.64</ele><time>2026-04-25T13:53:05-07:00</time><course>227.1982</course><roll>-15.84502</roll><pitch>-4.597487</pitch><mode /></trkpt><trkpt lat="35.1125493" lon="-118.4773061"><ele>1300.7</ele><time>2026-04-25T13:53:06-07:00</time><course>226.692</course><roll>-15.51281</roll><pitch>-6.285587</pitch><mode /></trkpt><trkpt lat="35.1125331" lon="-118.4773179"><ele>1300.74</ele><time>2026-04-25T13:53:06-07:00</time><course>225.94</course><roll>-18.88823</roll><pitch>-6.103401</pitch><mode /></trkpt><trkpt lat="35.1125173" lon="-118.4773298"><ele>1300.89</ele><time>2026-04-25T13:53:06-07:00</time><course>226.0577</course><roll>-17.73664</roll><pitch>-5.587277</pitch><mode /></trkpt><trkpt lat="35.1125022" lon="-118.4773417"><ele>1300.93</ele><time>2026-04-25T13:53:06-07:00</time><course>227.3761</course><roll>-18.78219</roll><pitch>-5.384876</pitch><mode /></trkpt><trkpt lat="35.1124875" lon="-118.4773535"><ele>1300.91</ele><time>2026-04-25T13:53:06-07:00</time><course>229.5126</course><roll>-18.89986</roll><pitch>-5.444923</pitch><mode /></trkpt><trkpt lat="35.1124737" lon="-118.4773656"><ele>1300.9</ele><time>2026-04-25T13:53:07-07:00</time><course>231.4921</course><roll>-16.02223</roll><pitch>-5.790475</pitch><mode /></trkpt><trkpt lat="35.1124607" lon="-118.477378"><ele>1300.99</ele><time>2026-04-25T13:53:07-07:00</time><course>233.4388</course><roll>-13.48443</roll><pitch>-5.257352</pitch><mode /></trkpt><trkpt lat="35.112448" lon="-118.4773916"><ele>1300.9</ele><time>2026-04-25T13:53:07-07:00</time><course>234.6774</course><roll>-11.30539</roll><pitch>-5.304681</pitch><mode /></trkpt><trkpt lat="35.1124356" lon="-118.477405"><ele>1301.04</ele><time>2026-04-25T13:53:07-07:00</time><course>234.1967</course><roll>-9.805042</roll><pitch>-5.157207</pitch><mode /></trkpt><trkpt lat="35.1124236" lon="-118.4774181"><ele>1301.31</ele><time>2026-04-25T13:53:07-07:00</time><course>234.6866</course><roll>-11.54465</roll><pitch>-5.108884</pitch><mode /></trkpt><trkpt lat="35.1124122" lon="-118.4774323"><ele>1301.52</ele><time>2026-04-25T13:53:08-07:00</time><course>231.098</course><roll>-7.295903</roll><pitch>-4.335966</pitch><mode /></trkpt><trkpt lat="35.1124008" lon="-118.4774465"><ele>1301.65</ele><time>2026-04-25T13:53:08-07:00</time><course>233.8236</course><roll>-7.291045</roll><pitch>-2.753476</pitch><mode /></trkpt><trkpt lat="35.1123889" lon="-118.477461"><ele>1301.66</ele><time>2026-04-25T13:53:08-07:00</time><course>239.0275</course><roll>-9.234769</roll><pitch>-2.285217</pitch><mode /></trkpt><trkpt lat="35.1123773" lon="-118.4774752"><ele>1301.71</ele><time>2026-04-25T13:53:08-07:00</time><course>239.9385</course><roll>-9.643954</roll><pitch>-4.171823</pitch><mode /></trkpt><trkpt lat="35.1123662" lon="-118.4774897"><ele>1301.82</ele><time>2026-04-25T13:53:08-07:00</time><course>238.0738</course><roll>-11.94479</roll><pitch>-5.533474</pitch><mode /></trkpt><trkpt lat="35.112356" lon="-118.477505"><ele>1301.91</ele><time>2026-04-25T13:53:09-07:00</time><course>237.285</course><roll>-11.4548</roll><pitch>-5.110672</pitch><mode /></trkpt><trkpt lat="35.1123463" lon="-118.4775199"><ele>1302.06</ele><time>2026-04-25T13:53:09-07:00</time><course>237.5331</course><roll>-11.00872</roll><pitch>-4.269785</pitch><mode /></trkpt><trkpt lat="35.1123367" lon="-118.4775367"><ele>1301.91</ele><time>2026-04-25T13:53:09-07:00</time><course>240.7177</course><roll>-7.99024</roll><pitch>-3.654206</pitch><mode /></trkpt><trkpt lat="35.1123268" lon="-118.4775523"><ele>1301.94</ele><time>2026-04-25T13:53:09-07:00</time><course>244.2623</course><roll>-11.43848</roll><pitch>-3.055135</pitch><mode /></trkpt><trkpt lat="35.112317" lon="-118.4775683"><ele>1301.95</ele><time>2026-04-25T13:53:09-07:00</time><course>247.666</course><roll>-10.47933</roll><pitch>-3.768787</pitch><mode /></trkpt><trkpt lat="35.1123081" lon="-118.477583"><ele>1302.22</ele><time>2026-04-25T13:53:10-07:00</time><course>244.7845</course><roll>-9.778798</roll><pitch>-5.965396</pitch><mode /></trkpt><trkpt lat="35.1123002" lon="-118.4775997"><ele>1302.48</ele><time>2026-04-25T13:53:10-07:00</time><course>243.3137</course><roll>-4.849502</roll><pitch>-5.630136</pitch><mode /></trkpt><trkpt lat="35.1122922" lon="-118.477617"><ele>1302.84</ele><time>2026-04-25T13:53:10-07:00</time><course>243.7336</course><roll>-5.761956</roll><pitch>-3.724242</pitch><mode /></trkpt><trkpt lat="35.1122846" lon="-118.4776346"><ele>1303.27</ele><time>2026-04-25T13:53:10-07:00</time><course>242.037</course><roll>-3.652106</roll><pitch>-2.046274</pitch><mode /></trkpt><trkpt lat="35.1122768" lon="-118.4776524"><ele>1303.55</ele><time>2026-04-25T13:53:10-07:00</time><course>243.7455</course><roll>-3.151244</roll><pitch>-0.7439459</pitch><mode /></trkpt><trkpt lat="35.1122682" lon="-118.4776697"><ele>1303.82</ele><time>2026-04-25T13:53:11-07:00</time><course>247.9295</course><roll>-6.799202</roll><pitch>0.12641</pitch><mode /></trkpt><trkpt lat="35.1122596" lon="-118.4776879"><ele>1303.89</ele><time>2026-04-25T13:53:11-07:00</time><course>249.829</course><roll>-8.089622</roll><pitch>0.5436418</pitch><mode /></trkpt><trkpt lat="35.1122512" lon="-118.4777056"><ele>1303.92</ele><time>2026-04-25T13:53:11-07:00</time><course>252.7888</course><roll>-12.19899</roll><pitch>0.1990256</pitch><mode /></trkpt><trkpt lat="35.1122431" lon="-118.477724"><ele>1303.94</ele><time>2026-04-25T13:53:11-07:00</time><course>254.9589</course><roll>-12.45223</roll><pitch>-0.7119696</pitch><mode /></trkpt><trkpt lat="35.1122355" lon="-118.4777438"><ele>1303.89</ele><time>2026-04-25T13:53:11-07:00</time><course>256.9248</course><roll>-12.54774</roll><pitch>-1.241497</pitch><mode /></trkpt><trkpt lat="35.1122285" lon="-118.4777621"><ele>1304.02</ele><time>2026-04-25T13:53:12-07:00</time><course>259.002</course><roll>-8.687491</roll><pitch>-1.463609</pitch><mode /></trkpt><trkpt lat="35.1122219" lon="-118.4777803"><ele>1304.35</ele><time>2026-04-25T13:53:12-07:00</time><course>261.5486</course><roll>-8.042752</roll><pitch>-0.9209612</pitch><mode /></trkpt><trkpt lat="35.1122158" lon="-118.4777997"><ele>1304.67</ele><time>2026-04-25T13:53:12-07:00</time><course>262.2368</course><roll>-8.53915</roll><pitch>-0.3700151</pitch><mode /></trkpt><trkpt lat="35.11221" lon="-118.4778193"><ele>1304.81</ele><time>2026-04-25T13:53:12-07:00</time><course>261.3539</course><roll>-11.08925</roll><pitch>-0.8444939</pitch><mode /></trkpt><trkpt lat="35.1122052" lon="-118.4778387"><ele>1304.92</ele><time>2026-04-25T13:53:12-07:00</time><course>260.0421</course><roll>-11.59205</roll><pitch>-0.9643882</pitch><mode /></trkpt><trkpt lat="35.1122007" lon="-118.4778577"><ele>1304.99</ele><time>2026-04-25T13:53:13-07:00</time><course>260.8837</course><roll>-11.33848</roll><pitch>-0.4889228</pitch><mode /></trkpt><trkpt lat="35.1121966" lon="-118.4778767"><ele>1304.96</ele><time>2026-04-25T13:53:13-07:00</time><course>260.9838</course><roll>-11.69131</roll><pitch>-0.8824821</pitch><mode /></trkpt><trkpt lat="35.1121931" lon="-118.4778947"><ele>1305</ele><time>2026-04-25T13:53:13-07:00</time><course>261.2479</course><roll>-10.01981</roll><pitch>-1.435842</pitch><mode /></trkpt><trkpt lat="35.11219" lon="-118.477912"><ele>1305.1</ele><time>2026-04-25T13:53:13-07:00</time><course>263.1804</course><roll>-8.211564</roll><pitch>-0.7151884</pitch><mode /></trkpt><trkpt lat="35.1121877" lon="-118.4779295"><ele>1305.18</ele><time>2026-04-25T13:53:13-07:00</time><course>262.7164</course><roll>-10.93483</roll><pitch>-0.8273564</pitch><mode /></trkpt><trkpt lat="35.1121858" lon="-118.4779477"><ele>1305.2</ele><time>2026-04-25T13:53:14-07:00</time><course>263.5621</course><roll>-12.86046</roll><pitch>-0.3743134</pitch><mode /></trkpt><trkpt lat="35.112184" lon="-118.4779688"><ele>1304.77</ele><time>2026-04-25T13:53:14-07:00</time><course>264.5781</course><roll>-11.01785</roll><pitch>-0.6524658</pitch><mode /></trkpt><trkpt lat="35.1121823" lon="-118.4779874"><ele>1304.54</ele><time>2026-04-25T13:53:14-07:00</time><course>266.2779</course><roll>-11.3832</roll><pitch>-1.907062</pitch><mode /></trkpt><trkpt lat="35.1121815" lon="-118.4780053"><ele>1304.49</ele><time>2026-04-25T13:53:14-07:00</time><course>266.394</course><roll>-11.5441</roll><pitch>-2.158658</pitch><mode /></trkpt><trkpt lat="35.1121811" lon="-118.4780233"><ele>1304.48</ele><time>2026-04-25T13:53:14-07:00</time><course>268.1063</course><roll>-10.75786</roll><pitch>-1.661133</pitch><mode /></trkpt><trkpt lat="35.1121814" lon="-118.4780418"><ele>1304.32</ele><time>2026-04-25T13:53:15-07:00</time><course>268.7603</course><roll>-3.116487</roll><pitch>-2.112708</pitch><mode /></trkpt><trkpt lat="35.1121817" lon="-118.4780618"><ele>1303.99</ele><time>2026-04-25T13:53:15-07:00</time><course>267.8283</course><roll>0.03281264</roll><pitch>-2.614869</pitch><mode /></trkpt><trkpt lat="35.1121822" lon="-118.4780795"><ele>1303.86</ele><time>2026-04-25T13:53:15-07:00</time><course>268.6202</course><roll>-2.639711</roll><pitch>-2.930035</pitch><mode /></trkpt><trkpt lat="35.1121826" lon="-118.478098"><ele>1303.67</ele><time>2026-04-25T13:53:15-07:00</time><course>268.178</course><roll>-9.040533</roll><pitch>-3.589195</pitch><mode /></trkpt><trkpt lat="35.1121834" lon="-118.4781173"><ele>1303.47</ele><time>2026-04-25T13:53:15-07:00</time><course>266.704</course><roll>-11.42843</roll><pitch>-3.659082</pitch><mode /></trkpt><trkpt lat="35.1121848" lon="-118.4781369"><ele>1303.17</ele><time>2026-04-25T13:53:16-07:00</time><course>268.7148</course><roll>-13.66053</roll><pitch>-4.093559</pitch><mode /></trkpt><trkpt lat="35.112186" lon="-118.4781564"><ele>1302.8</ele><time>2026-04-25T13:53:16-07:00</time><course>269.0585</course><roll>-12.93744</roll><pitch>-5.32076</pitch><mode /></trkpt><trkpt lat="35.1121882" lon="-118.4781752"><ele>1302.59</ele><time>2026-04-25T13:53:16-07:00</time><course>270.983</course><roll>-12.6746</roll><pitch>-6.094815</pitch><mode /></trkpt><trkpt lat="35.1121916" lon="-118.4781919"><ele>1302.79</ele><time>2026-04-25T13:53:16-07:00</time><course>269.5974</course><roll>-12.26358</roll><pitch>-6.604957</pitch><mode /></trkpt><trkpt lat="35.1121953" lon="-118.4782089"><ele>1303.17</ele><time>2026-04-25T13:53:16-07:00</time><course>270.9853</course><roll>-13.56201</roll><pitch>-5.047594</pitch><mode /></trkpt><trkpt lat="35.1121995" lon="-118.4782249"><ele>1303.48</ele><time>2026-04-25T13:53:17-07:00</time><course>270.9424</course><roll>-11.77344</roll><pitch>-4.704499</pitch><mode /></trkpt><trkpt lat="35.1122035" lon="-118.4782431"><ele>1303.32</ele><time>2026-04-25T13:53:17-07:00</time><course>271.4167</course><roll>-11.04909</roll><pitch>-5.157701</pitch><mode /></trkpt><trkpt lat="35.1122081" lon="-118.4782617"><ele>1303.12</ele><time>2026-04-25T13:53:17-07:00</time><course>272.1451</course><roll>-10.76462</roll><pitch>-6.799096</pitch><mode /></trkpt><trkpt lat="35.1122133" lon="-118.4782786"><ele>1303.23</ele><time>2026-04-25T13:53:17-07:00</time><course>271.7195</course><roll>-9.123552</roll><pitch>-7.333179</pitch><mode /></trkpt><trkpt lat="35.1122189" lon="-118.4782951"><ele>1303.44</ele><time>2026-04-25T13:53:17-07:00</time><course>272.4832</course><roll>-10.33428</roll><pitch>-6.193985</pitch><mode /></trkpt><trkpt lat="35.1122246" lon="-118.4783146"><ele>1303.3</ele><time>2026-04-25T13:53:18-07:00</time><course>275.3936</course><roll>-11.27944</roll><pitch>-5.678748</pitch><mode /></trkpt><trkpt lat="35.1122308" lon="-118.4783308"><ele>1303.36</ele><time>2026-04-25T13:53:18-07:00</time><course>274.1047</course><roll>-10.09549</roll><pitch>-6.371572</pitch><mode /></trkpt><trkpt lat="35.1122374" lon="-118.478348"><ele>1303.35</ele><time>2026-04-25T13:53:18-07:00</time><course>273.8564</course><roll>-7.922589</roll><pitch>-5.86789</pitch><mode /></trkpt><trkpt lat="35.1122439" lon="-118.4783652"><ele>1303.38</ele><time>2026-04-25T13:53:18-07:00</time><course>278.8845</course><roll>-9.197662</roll><pitch>-5.077625</pitch><mode /></trkpt><trkpt lat="35.112251" lon="-118.478383"><ele>1303.3</ele><time>2026-04-25T13:53:18-07:00</time><course>277.9726</course><roll>-9.222538</roll><pitch>-6.532333</pitch><mode /></trkpt><trkpt lat="35.1122584" lon="-118.4783997"><ele>1303.18</ele><time>2026-04-25T13:53:19-07:00</time><course>277.2344</course><roll>-7.779032</roll><pitch>-7.327294</pitch><mode /></trkpt><trkpt lat="35.1122656" lon="-118.4784161"><ele>1303.18</ele><time>2026-04-25T13:53:19-07:00</time><course>279.6479</course><roll>-11.69129</roll><pitch>-7.085965</pitch><mode /></trkpt><trkpt lat="35.1122732" lon="-118.4784328"><ele>1303.12</ele><time>2026-04-25T13:53:19-07:00</time><course>277.148</course><roll>-10.5532</roll><pitch>-8.002601</pitch><mode /></trkpt><trkpt lat="35.1122815" lon="-118.4784477"><ele>1303.08</ele><time>2026-04-25T13:53:19-07:00</time><course>277.4614</course><roll>-5.760527</roll><pitch>-7.918914</pitch><mode /></trkpt><trkpt lat="35.1122894" lon="-118.478462"><ele>1303.23</ele><time>2026-04-25T13:53:19-07:00</time><course>282.8248</course><roll>-3.868142</roll><pitch>-7.270528</pitch><mode /></trkpt><trkpt lat="35.1122974" lon="-118.478477"><ele>1303.53</ele><time>2026-04-25T13:53:20-07:00</time><course>283.1874</course><roll>-5.040526</roll><pitch>-6.920312</pitch><mode /></trkpt><trkpt lat="35.1123057" lon="-118.4784921"><ele>1303.9</ele><time>2026-04-25T13:53:20-07:00</time><course>281.2726</course><roll>-4.235587</roll><pitch>-6.920278</pitch><mode /></trkpt><trkpt lat="35.1123138" lon="-118.4785063"><ele>1304.45</ele><time>2026-04-25T13:53:20-07:00</time><course>283.0865</course><roll>-7.364647</roll><pitch>-4.588582</pitch><mode /></trkpt><trkpt lat="35.1123219" lon="-118.4785212"><ele>1304.95</ele><time>2026-04-25T13:53:20-07:00</time><course>285.785</course><roll>-10.11522</roll><pitch>-3.365782</pitch><mode /></trkpt><trkpt lat="35.1123314" lon="-118.4785375"><ele>1305.26</ele><time>2026-04-25T13:53:20-07:00</time><course>282.0511</course><roll>-13.62501</roll><pitch>-4.430477</pitch><mode /></trkpt><trkpt lat="35.1123415" lon="-118.4785526"><ele>1305.57</ele><time>2026-04-25T13:53:21-07:00</time><course>279.854</course><roll>-9.585406</roll><pitch>-3.113844</pitch><mode /></trkpt><trkpt lat="35.1123507" lon="-118.478567"><ele>1305.84</ele><time>2026-04-25T13:53:21-07:00</time><course>283.4665</course><roll>-13.02309</roll><pitch>-1.575284</pitch><mode /></trkpt><trkpt lat="35.1123611" lon="-118.4785813"><ele>1306.08</ele><time>2026-04-25T13:53:21-07:00</time><course>280.4032</course><roll>-14.45956</roll><pitch>-2.438287</pitch><mode /></trkpt><trkpt lat="35.1123724" lon="-118.4785963"><ele>1306.21</ele><time>2026-04-25T13:53:21-07:00</time><course>276.8071</course><roll>-15.39462</roll><pitch>-3.685473</pitch><mode /></trkpt><trkpt lat="35.1123837" lon="-118.4786113"><ele>1306.27</ele><time>2026-04-25T13:53:21-07:00</time><course>276.2483</course><roll>-13.16806</roll><pitch>-2.979972</pitch><mode /></trkpt><trkpt lat="35.1123956" lon="-118.4786276"><ele>1306.13</ele><time>2026-04-25T13:53:22-07:00</time><course>281.0488</course><roll>-12.77257</roll><pitch>-1.935812</pitch><mode /></trkpt><trkpt lat="35.1124078" lon="-118.4786434"><ele>1305.95</ele><time>2026-04-25T13:53:22-07:00</time><course>282.8534</course><roll>-12.49131</roll><pitch>-2.473901</pitch><mode /></trkpt><trkpt lat="35.1124204" lon="-118.4786586"><ele>1305.8</ele><time>2026-04-25T13:53:22-07:00</time><course>284.1646</course><roll>-12.5621</roll><pitch>-3.609773</pitch><mode /></trkpt><trkpt lat="35.112433" lon="-118.4786732"><ele>1305.75</ele><time>2026-04-25T13:53:22-07:00</time><course>285.2405</course><roll>-12.98844</roll><pitch>-4.386316</pitch><mode /></trkpt><trkpt lat="35.1124461" lon="-118.4786873"><ele>1305.81</ele><time>2026-04-25T13:53:22-07:00</time><course>286.8347</course><roll>-13.14971</roll><pitch>-3.843907</pitch><mode /></trkpt><trkpt lat="35.1124603" lon="-118.4787015"><ele>1305.8</ele><time>2026-04-25T13:53:23-07:00</time><course>287.9071</course><roll>-12.20997</roll><pitch>-3.202751</pitch><mode /></trkpt><trkpt lat="35.1124745" lon="-118.4787134"><ele>1305.91</ele><time>2026-04-25T13:53:23-07:00</time><course>288.5707</course><roll>-13.718</roll><pitch>-4.129973</pitch><mode /></trkpt><trkpt lat="35.1124892" lon="-118.4787262"><ele>1305.96</ele><time>2026-04-25T13:53:23-07:00</time><course>288.9927</course><roll>-14.18538</roll><pitch>-4.012252</pitch><mode /></trkpt><trkpt lat="35.1125043" lon="-118.4787375"><ele>1306.14</ele><time>2026-04-25T13:53:23-07:00</time><course>289.2917</course><roll>-14.7263</roll><pitch>-3.818236</pitch><mode /></trkpt><trkpt lat="35.1125202" lon="-118.478749"><ele>1306.28</ele><time>2026-04-25T13:53:23-07:00</time><course>289.822</course><roll>-13.45777</roll><pitch>-2.757011</pitch><mode /></trkpt><trkpt lat="35.1125366" lon="-118.4787621"><ele>1306.23</ele><time>2026-04-25T13:53:24-07:00</time><course>294.3283</course><roll>-8.971165</roll><pitch>-1.002583</pitch><mode /></trkpt><trkpt lat="35.1125533" lon="-118.4787759"><ele>1306</ele><time>2026-04-25T13:53:24-07:00</time><course>297.2274</course><roll>-10.61096</roll><pitch>-1.021605</pitch><mode /></trkpt><trkpt lat="35.1125705" lon="-118.4787892"><ele>1305.74</ele><time>2026-04-25T13:53:24-07:00</time><course>299.2836</course><roll>-13.44056</roll><pitch>-2.062806</pitch><mode /></trkpt><trkpt lat="35.1125885" lon="-118.4788013"><ele>1305.56</ele><time>2026-04-25T13:53:24-07:00</time><course>298.6658</course><roll>-15.8456</roll><pitch>-4.281186</pitch><mode /></trkpt><trkpt lat="35.1126074" lon="-118.4788137"><ele>1305.42</ele><time>2026-04-25T13:53:24-07:00</time><course>301.1045</course><roll>-18.04727</roll><pitch>-4.554774</pitch><mode /></trkpt><trkpt lat="35.1126267" lon="-118.4788251"><ele>1305.37</ele><time>2026-04-25T13:53:25-07:00</time><course>305.555</course><roll>-21.65574</roll><pitch>-4.370384</pitch><mode /></trkpt><trkpt lat="35.1126474" lon="-118.4788363"><ele>1305.25</ele><time>2026-04-25T13:53:25-07:00</time><course>306.4864</course><roll>-22.39566</roll><pitch>-5.773513</pitch><mode /></trkpt><trkpt lat="35.1126686" lon="-118.4788456"><ele>1305.23</ele><time>2026-04-25T13:53:25-07:00</time><course>308.1265</course><roll>-21.98814</roll><pitch>-6.209543</pitch><mode /></trkpt><trkpt lat="35.1126907" lon="-118.4788541"><ele>1305.27</ele><time>2026-04-25T13:53:25-07:00</time><course>310.7997</course><roll>-21.60071</roll><pitch>-5.86308</pitch><mode /></trkpt><trkpt lat="35.1127139" lon="-118.4788613"><ele>1305.44</ele><time>2026-04-25T13:53:25-07:00</time><course>312.932</course><roll>-22.12332</roll><pitch>-5.478421</pitch><mode /></trkpt><trkpt lat="35.1127378" lon="-118.4788686"><ele>1305.5</ele><time>2026-04-25T13:53:26-07:00</time><course>318.1193</course><roll>-23.6768</roll><pitch>-3.408596</pitch><mode /></trkpt><trkpt lat="35.1127613" lon="-118.478873"><ele>1305.69</ele><time>2026-04-25T13:53:26-07:00</time><course>321.2245</course><roll>-22.48002</roll><pitch>-3.601659</pitch><mode /></trkpt><trkpt lat="35.1127858" lon="-118.4788771"><ele>1305.81</ele><time>2026-04-25T13:53:26-07:00</time><course>324.0364</course><roll>-24.02299</roll><pitch>-3.902093</pitch><mode /></trkpt><trkpt lat="35.1128108" lon="-118.4788799"><ele>1305.89</ele><time>2026-04-25T13:53:26-07:00</time><course>324.6617</course><roll>-22.31931</roll><pitch>-4.423968</pitch><mode /></trkpt><trkpt lat="35.1128358" lon="-118.4788811"><ele>1305.92</ele><time>2026-04-25T13:53:26-07:00</time><course>328.1379</course><roll>-23.10686</roll><pitch>-4.352337</pitch><mode /></trkpt><trkpt lat="35.1128611" lon="-118.4788809"><ele>1305.99</ele><time>2026-04-25T13:53:27-07:00</time><course>330.2184</course><roll>-26.08225</roll><pitch>-5.082755</pitch><mode /></trkpt><trkpt lat="35.112887" lon="-118.4788786"><ele>1306.1</ele><time>2026-04-25T13:53:27-07:00</time><course>329.5598</course><roll>-24.49366</roll><pitch>-6.739883</pitch><mode /></trkpt><trkpt lat="35.112913" lon="-118.4788747"><ele>1306.19</ele><time>2026-04-25T13:53:27-07:00</time><course>330.4256</course><roll>-20.62106</roll><pitch>-5.117188</pitch><mode /></trkpt><trkpt lat="35.1129389" lon="-118.4788701"><ele>1306.19</ele><time>2026-04-25T13:53:27-07:00</time><course>333.9438</course><roll>-21.79401</roll><pitch>-3.271967</pitch><mode /></trkpt><trkpt lat="35.1129649" lon="-118.4788644"><ele>1306.1</ele><time>2026-04-25T13:53:27-07:00</time><course>335.9483</course><roll>-22.68621</roll><pitch>-2.58282</pitch><mode /></trkpt><trkpt lat="35.1129916" lon="-118.4788581"><ele>1305.93</ele><time>2026-04-25T13:53:28-07:00</time><course>341.4106</course><roll>-22.57626</roll><pitch>-1.01576</pitch><mode /></trkpt><trkpt lat="35.1130183" lon="-118.4788503"><ele>1305.81</ele><time>2026-04-25T13:53:28-07:00</time><course>345.5751</course><roll>-22.35935</roll><pitch>-1.643835</pitch><mode /></trkpt><trkpt lat="35.1130452" lon="-118.4788403"><ele>1305.82</ele><time>2026-04-25T13:53:28-07:00</time><course>348.319</course><roll>-23.16075</roll><pitch>-2.005213</pitch><mode /></trkpt><trkpt lat="35.1130729" lon="-118.4788291"><ele>1305.85</ele><time>2026-04-25T13:53:28-07:00</time><course>353.9346</course><roll>-23.98417</roll><pitch>-0.8851974</pitch><mode /></trkpt><trkpt lat="35.1131008" lon="-118.4788169"><ele>1305.73</ele><time>2026-04-25T13:53:28-07:00</time><course>355.384</course><roll>-21.0033</roll><pitch>-3.208276</pitch><mode /></trkpt><trkpt lat="35.1131284" lon="-118.4788035"><ele>1305.48</ele><time>2026-04-25T13:53:29-07:00</time><course>355.2221</course><roll>-20.55488</roll><pitch>-4.343732</pitch><mode /></trkpt><trkpt lat="35.1131557" lon="-118.4787875"><ele>1305.54</ele><time>2026-04-25T13:53:29-07:00</time><course>358.7169</course><roll>-25.21958</roll><pitch>-3.169082</pitch><mode /></trkpt><trkpt lat="35.113184" lon="-118.4787698"><ele>1305.66</ele><time>2026-04-25T13:53:29-07:00</time><course>359.6144</course><roll>-24.50865</roll><pitch>-3.283999</pitch><mode /></trkpt><trkpt lat="35.1132123" lon="-118.4787511"><ele>1305.59</ele><time>2026-04-25T13:53:29-07:00</time><course>1.112104</course><roll>-28.02091</roll><pitch>-3.686309</pitch><mode /></trkpt><trkpt lat="35.1132403" lon="-118.4787302"><ele>1305.64</ele><time>2026-04-25T13:53:29-07:00</time><course>4.655106</course><roll>-31.59634</roll><pitch>-3.532089</pitch><mode /></trkpt><trkpt lat="35.1132686" lon="-118.4787085"><ele>1305.55</ele><time>2026-04-25T13:53:30-07:00</time><course>8.438242</course><roll>-34.04276</roll><pitch>-4.089865</pitch><mode /></trkpt><trkpt lat="35.1132959" lon="-118.4786846"><ele>1305.24</ele><time>2026-04-25T13:53:30-07:00</time><course>14.10984</course><roll>-36.29217</roll><pitch>-4.788907</pitch><mode /></trkpt><trkpt lat="35.1133223" lon="-118.4786573"><ele>1305.24</ele><time>2026-04-25T13:53:30-07:00</time><course>18.00752</course><roll>-37.53992</roll><pitch>-5.943458</pitch><mode /></trkpt><trkpt lat="35.1133482" lon="-118.4786277"><ele>1305.18</ele><time>2026-04-25T13:53:30-07:00</time><course>22.30527</course><roll>-38.41573</roll><pitch>-7.081633</pitch><mode /></trkpt><trkpt lat="35.1133732" lon="-118.4785964"><ele>1305.36</ele><time>2026-04-25T13:53:30-07:00</time><course>32.95296</course><roll>-33.8058</roll><pitch>-1.590047</pitch><mode /></trkpt><trkpt lat="35.1133978" lon="-118.4785651"><ele>1305.24</ele><time>2026-04-25T13:53:31-07:00</time><course>40.16624</course><roll>-34.73669</roll><pitch>-1.859316</pitch><mode /></trkpt><trkpt lat="35.1134204" lon="-118.4785302"><ele>1305.02</ele><time>2026-04-25T13:53:31-07:00</time><course>43.00154</course><roll>-33.84134</roll><pitch>-5.138998</pitch><mode /></trkpt><trkpt lat="35.1134416" lon="-118.4784937"><ele>1304.94</ele><time>2026-04-25T13:53:31-07:00</time><course>49.33025</course><roll>-40.90233</roll><pitch>-4.076241</pitch><mode /></trkpt><trkpt lat="35.1134612" lon="-118.4784551"><ele>1304.87</ele><time>2026-04-25T13:53:31-07:00</time><course>52.65229</course><roll>-39.24517</roll><pitch>-7.288814</pitch><mode /></trkpt><trkpt lat="35.1134783" lon="-118.478415"><ele>1304.75</ele><time>2026-04-25T13:53:31-07:00</time><course>58.02721</course><roll>-40.90536</roll><pitch>-6.240181</pitch><mode /></trkpt><trkpt lat="35.1134934" lon="-118.4783738"><ele>1304.61</ele><time>2026-04-25T13:53:32-07:00</time><course>64.87</course><roll>-43.6913</roll><pitch>-5.54319</pitch><mode /></trkpt><trkpt lat="35.1135063" lon="-118.4783309"><ele>1304.36</ele><time>2026-04-25T13:53:32-07:00</time><course>69.16768</course><roll>-41.22292</roll><pitch>-8.487109</pitch><mode /></trkpt><trkpt lat="35.1135161" lon="-118.4782865"><ele>1304.33</ele><time>2026-04-25T13:53:32-07:00</time><course>74.75853</course><roll>-40.64454</roll><pitch>-7.650092</pitch><mode /></trkpt><trkpt lat="35.1135234" lon="-118.478242"><ele>1304.32</ele><time>2026-04-25T13:53:32-07:00</time><course>79.75163</course><roll>-41.79212</roll><pitch>-6.834605</pitch><mode /></trkpt><trkpt lat="35.1135291" lon="-118.478198"><ele>1304.17</ele><time>2026-04-25T13:53:32-07:00</time><course>83.57948</course><roll>-39.86645</roll><pitch>-8.251854</pitch><mode /></trkpt><trkpt lat="35.1135324" lon="-118.4781545"><ele>1303.61</ele><time>2026-04-25T13:53:33-07:00</time><course>88.32349</course><roll>-32.86052</roll><pitch>-7.369866</pitch><mode /></trkpt><trkpt lat="35.1135333" lon="-118.4781105"><ele>1303.6</ele><time>2026-04-25T13:53:33-07:00</time><course>93.6432</course><roll>-31.8568</roll><pitch>-4.565363</pitch><mode /></trkpt><trkpt lat="35.1135328" lon="-118.4780665"><ele>1303.55</ele><time>2026-04-25T13:53:33-07:00</time><course>95.94444</course><roll>-34.51144</roll><pitch>-5.024005</pitch><mode /></trkpt><trkpt lat="35.1135301" lon="-118.4780227"><ele>1303.51</ele><time>2026-04-25T13:53:33-07:00</time><course>97.71708</course><roll>-36.22973</roll><pitch>-6.694009</pitch><mode /></trkpt><trkpt lat="35.1135254" lon="-118.4779797"><ele>1303.58</ele><time>2026-04-25T13:53:33-07:00</time><course>102.4832</course><roll>-36.43744</roll><pitch>-5.542059</pitch><mode /></trkpt><trkpt lat="35.1135187" lon="-118.4779385"><ele>1303.31</ele><time>2026-04-25T13:53:34-07:00</time><course>105.0385</course><roll>-36.48085</roll><pitch>-6.369249</pitch><mode /></trkpt><trkpt lat="35.1135099" lon="-118.4778984"><ele>1302.62</ele><time>2026-04-25T13:53:34-07:00</time><course>105.5854</course><roll>-34.60351</roll><pitch>-7.620029</pitch><mode /></trkpt><trkpt lat="35.1135005" lon="-118.4778575"><ele>1302.74</ele><time>2026-04-25T13:53:34-07:00</time><course>112.5032</course><roll>-32.45508</roll><pitch>-2.701214</pitch><mode /></trkpt><trkpt lat="35.11349" lon="-118.4778183"><ele>1302.51</ele><time>2026-04-25T13:53:34-07:00</time><course>118.8323</course><roll>-35.79161</roll><pitch>-1.227253</pitch><mode /></trkpt><trkpt lat="35.1134777" lon="-118.4777806"><ele>1302.39</ele><time>2026-04-25T13:53:34-07:00</time><course>121.3683</course><roll>-36.2591</roll><pitch>-4.122153</pitch><mode /></trkpt><trkpt lat="35.1134633" lon="-118.4777444"><ele>1302.14</ele><time>2026-04-25T13:53:35-07:00</time><course>125.2188</course><roll>-35.2906</roll><pitch>-4.216295</pitch><mode /></trkpt><trkpt lat="35.1134477" lon="-118.4777091"><ele>1302.09</ele><time>2026-04-25T13:53:35-07:00</time><course>129.792</course><roll>-29.1619</roll><pitch>-3.672079</pitch><mode /></trkpt><trkpt lat="35.1134309" lon="-118.4776747"><ele>1302.13</ele><time>2026-04-25T13:53:35-07:00</time><course>134.649</course><roll>-27.54174</roll><pitch>-1.000787</pitch><mode /></trkpt><trkpt lat="35.1134131" lon="-118.4776416"><ele>1301.99</ele><time>2026-04-25T13:53:35-07:00</time><course>138.7096</course><roll>-26.20284</roll><pitch>0.5471326</pitch><mode /></trkpt><trkpt lat="35.1133948" lon="-118.4776088"><ele>1301.82</ele><time>2026-04-25T13:53:35-07:00</time><course>143.4939</course><roll>-28.40891</roll><pitch>1.011967</pitch><mode /></trkpt><trkpt lat="35.1133753" lon="-118.4775773"><ele>1301.61</ele><time>2026-04-25T13:53:36-07:00</time><course>143.905</course><roll>-30.42711</roll><pitch>-1.831107</pitch><mode /></trkpt><trkpt lat="35.1133549" lon="-118.4775472"><ele>1301.49</ele><time>2026-04-25T13:53:36-07:00</time><course>144.6184</course><roll>-32.22953</roll><pitch>-3.295168</pitch><mode /></trkpt><trkpt lat="35.113333" lon="-118.4775185"><ele>1301.08</ele><time>2026-04-25T13:53:36-07:00</time><course>147.8358</course><roll>-27.05002</roll><pitch>-2.968667</pitch><mode /></trkpt><trkpt lat="35.1133104" lon="-118.4774903"><ele>1300.97</ele><time>2026-04-25T13:53:36-07:00</time><course>153.9517</course><roll>-26.57421</roll><pitch>-0.2381166</pitch><mode /></trkpt><trkpt lat="35.1132875" lon="-118.4774636"><ele>1300.8</ele><time>2026-04-25T13:53:36-07:00</time><course>155.7272</course><roll>-27.97691</roll><pitch>-2.160543</pitch><mode /></trkpt><trkpt lat="35.1132636" lon="-118.4774393"><ele>1300.38</ele><time>2026-04-25T13:53:37-07:00</time><course>157.6571</course><roll>-26.8009</roll><pitch>-3.333471</pitch><mode /></trkpt><trkpt lat="35.113239" lon="-118.4774157"><ele>1300.21</ele><time>2026-04-25T13:53:37-07:00</time><course>161.9564</course><roll>-25.74854</roll><pitch>-2.210348</pitch><mode /></trkpt><trkpt lat="35.1132138" lon="-118.4773933"><ele>1300.05</ele><time>2026-04-25T13:53:37-07:00</time><course>164.8769</course><roll>-24.87836</roll><pitch>-2.612077</pitch><mode /></trkpt><trkpt lat="35.1131879" lon="-118.4773724"><ele>1299.91</ele><time>2026-04-25T13:53:37-07:00</time><course>168.6397</course><roll>-24.50873</roll><pitch>-2.251224</pitch><mode /></trkpt><trkpt lat="35.1131608" lon="-118.4773532"><ele>1299.6</ele><time>2026-04-25T13:53:37-07:00</time><course>172.024</course><roll>-25.5686</roll><pitch>-2.318778</pitch><mode /></trkpt><trkpt lat="35.1131336" lon="-118.4773355"><ele>1299.43</ele><time>2026-04-25T13:53:38-07:00</time><course>173.4857</course><roll>-25.35101</roll><pitch>-4.699508</pitch><mode /></trkpt><trkpt lat="35.1131069" lon="-118.4773195"><ele>1299.28</ele><time>2026-04-25T13:53:38-07:00</time><course>175.6099</course><roll>-25.8124</roll><pitch>-5.136351</pitch><mode /></trkpt><trkpt lat="35.1130803" lon="-118.477305"><ele>1299.25</ele><time>2026-04-25T13:53:38-07:00</time><course>179.0874</course><roll>-26.36484</roll><pitch>-5.0117</pitch><mode /></trkpt><trkpt lat="35.1130538" lon="-118.4772924"><ele>1299.27</ele><time>2026-04-25T13:53:38-07:00</time><course>181.1386</course><roll>-25.54794</roll><pitch>-5.411753</pitch><mode /></trkpt><trkpt lat="35.1130277" lon="-118.4772817"><ele>1299.27</ele><time>2026-04-25T13:53:38-07:00</time><course>183.0022</course><roll>-23.7672</roll><pitch>-5.738195</pitch><mode /></trkpt><trkpt lat="35.1130021" lon="-118.4772724"><ele>1299.3</ele><time>2026-04-25T13:53:39-07:00</time><course>185.5086</course><roll>-21.78025</roll><pitch>-5.741045</pitch><mode /></trkpt><trkpt lat="35.1129765" lon="-118.4772643"><ele>1299.44</ele><time>2026-04-25T13:53:39-07:00</time><course>188.888</course><roll>-20.1326</roll><pitch>-5.005958</pitch><mode /></trkpt><trkpt lat="35.1129512" lon="-118.4772574"><ele>1299.64</ele><time>2026-04-25T13:53:39-07:00</time><course>190.7555</course><roll>-21.31452</roll><pitch>-4.868141</pitch><mode /></trkpt><trkpt lat="35.1129261" lon="-118.4772516"><ele>1299.92</ele><time>2026-04-25T13:53:39-07:00</time><course>196.0773</course><roll>-20.83342</roll><pitch>-2.837155</pitch><mode /></trkpt><trkpt lat="35.1129016" lon="-118.4772472"><ele>1300.13</ele><time>2026-04-25T13:53:39-07:00</time><course>195.8435</course><roll>-21.60183</roll><pitch>-4.657872</pitch><mode /></trkpt><trkpt lat="35.1128774" lon="-118.4772441"><ele>1300.28</ele><time>2026-04-25T13:53:40-07:00</time><course>197.926</course><roll>-20.87583</roll><pitch>-4.366567</pitch><mode /></trkpt><trkpt lat="35.1128534" lon="-118.4772419"><ele>1300.32</ele><time>2026-04-25T13:53:40-07:00</time><course>200.0903</course><roll>-21.5511</roll><pitch>-4.066044</pitch><mode /></trkpt><trkpt lat="35.1128302" lon="-118.4772408"><ele>1300.52</ele><time>2026-04-25T13:53:40-07:00</time><course>203.1544</course><roll>-20.32594</roll><pitch>-3.533444</pitch><mode /></trkpt><trkpt lat="35.1128079" lon="-118.4772409"><ele>1300.72</ele><time>2026-04-25T13:53:40-07:00</time><course>204.7856</course><roll>-19.27018</roll><pitch>-3.805046</pitch><mode /></trkpt><trkpt lat="35.1127863" lon="-118.477242"><ele>1300.78</ele><time>2026-04-25T13:53:40-07:00</time><course>203.3113</course><roll>-17.44897</roll><pitch>-4.727665</pitch><mode /></trkpt><trkpt lat="35.1127648" lon="-118.4772436"><ele>1300.75</ele><time>2026-04-25T13:53:41-07:00</time><course>204.9618</course><roll>-18.17335</roll><pitch>-4.202157</pitch><mode /></trkpt><trkpt lat="35.1127436" lon="-118.4772457"><ele>1300.63</ele><time>2026-04-25T13:53:41-07:00</time><course>207.583</course><roll>-19.06005</roll><pitch>-3.959817</pitch><mode /></trkpt><trkpt lat="35.1127228" lon="-118.4772484"><ele>1300.66</ele><time>2026-04-25T13:53:41-07:00</time><course>209.4491</course><roll>-18.82524</roll><pitch>-4.140849</pitch><mode /></trkpt><trkpt lat="35.1127025" lon="-118.4772521"><ele>1300.52</ele><time>2026-04-25T13:53:41-07:00</time><course>212.1044</course><roll>-18.02073</roll><pitch>-3.606499</pitch><mode /></trkpt><trkpt lat="35.1126831" lon="-118.4772565"><ele>1300.4</ele><time>2026-04-25T13:53:41-07:00</time><course>215.1957</course><roll>-17.87405</roll><pitch>-3.941972</pitch><mode /></trkpt><trkpt lat="35.1126644" lon="-118.4772613"><ele>1300.33</ele><time>2026-04-25T13:53:42-07:00</time><course>216.3111</course><roll>-15.12968</roll><pitch>-6.293288</pitch><mode /></trkpt><trkpt lat="35.1126466" lon="-118.4772664"><ele>1300.35</ele><time>2026-04-25T13:53:42-07:00</time><course>217.1328</course><roll>-16.4442</roll><pitch>-6.686619</pitch><mode /></trkpt><trkpt lat="35.1126294" lon="-118.4772721"><ele>1300.4</ele><time>2026-04-25T13:53:42-07:00</time><course>220.0686</course><roll>-16.12822</roll><pitch>-5.681462</pitch><mode /></trkpt><trkpt lat="35.1126129" lon="-118.4772782"><ele>1300.45</ele><time>2026-04-25T13:53:42-07:00</time><course>223.3755</course><roll>-15.3357</roll><pitch>-5.077679</pitch><mode /></trkpt><trkpt lat="35.1125972" lon="-118.4772849"><ele>1300.54</ele><time>2026-04-25T13:53:42-07:00</time><course>223.5667</course><roll>-21.08251</roll><pitch>-6.450688</pitch><mode /></trkpt><trkpt lat="35.1125819" lon="-118.4772924"><ele>1300.38</ele><time>2026-04-25T13:53:43-07:00</time><course>224.6722</course><roll>-19.71241</roll><pitch>-7.652647</pitch><mode /></trkpt><trkpt lat="35.1125678" lon="-118.4772997"><ele>1300.6</ele><time>2026-04-25T13:53:43-07:00</time><course>227.213</course><roll>-19.61115</roll><pitch>-7.461418</pitch><mode /></trkpt><trkpt lat="35.1125538" lon="-118.4773074"><ele>1300.62</ele><time>2026-04-25T13:53:43-07:00</time><course>228.8911</course><roll>-18.19181</roll><pitch>-8.286578</pitch><mode /></trkpt><trkpt lat="35.1125402" lon="-118.4773162"><ele>1300.53</ele><time>2026-04-25T13:53:43-07:00</time><course>231.5734</course><roll>-14.83932</roll><pitch>-7.582188</pitch><mode /></trkpt><trkpt lat="35.1125272" lon="-118.4773251"><ele>1300.6</ele><time>2026-04-25T13:53:43-07:00</time><course>234.1227</course><roll>-14.06085</roll><pitch>-7.473979</pitch><mode /></trkpt><trkpt lat="35.1125153" lon="-118.4773344"><ele>1300.74</ele><time>2026-04-25T13:53:44-07:00</time><course>233.2601</course><roll>-11.6547</roll><pitch>-7.895868</pitch><mode /></trkpt><trkpt lat="35.1125041" lon="-118.4773437"><ele>1300.88</ele><time>2026-04-25T13:53:44-07:00</time><course>233.2397</course><roll>-10.2519</roll><pitch>-7.84789</pitch><mode /></trkpt><trkpt lat="35.1124928" lon="-118.4773531"><ele>1301.04</ele><time>2026-04-25T13:53:44-07:00</time><course>234.4593</course><roll>-7.822005</roll><pitch>-6.213463</pitch><mode /></trkpt><trkpt lat="35.1124814" lon="-118.4773632"><ele>1301.09</ele><time>2026-04-25T13:53:44-07:00</time><course>235.8028</course><roll>-8.147472</roll><pitch>-5.562711</pitch><mode /></trkpt><trkpt lat="35.1124705" lon="-118.4773736"><ele>1301.07</ele><time>2026-04-25T13:53:44-07:00</time><course>235.7841</course><roll>-7.887003</roll><pitch>-5.375438</pitch><mode /></trkpt><trkpt lat="35.1124597" lon="-118.477383"><ele>1301.19</ele><time>2026-04-25T13:53:45-07:00</time><course>235.8105</course><roll>-8.972264</roll><pitch>-5.659821</pitch><mode /></trkpt><trkpt lat="35.1124489" lon="-118.4773922"><ele>1301.35</ele><time>2026-04-25T13:53:45-07:00</time><course>236.3112</course><roll>-8.652675</roll><pitch>-5.544829</pitch><mode /></trkpt><trkpt lat="35.1124384" lon="-118.4774025"><ele>1301.43</ele><time>2026-04-25T13:53:45-07:00</time><course>236.688</course><roll>-8.12635</roll><pitch>-5.294068</pitch><mode /></trkpt><trkpt lat="35.112428" lon="-118.4774127"><ele>1301.56</ele><time>2026-04-25T13:53:45-07:00</time><course>237.1709</course><roll>-8.00316</roll><pitch>-5.570687</pitch><mode /></trkpt><trkpt lat="35.1124179" lon="-118.4774242"><ele>1301.52</ele><time>2026-04-25T13:53:45-07:00</time><course>238.2857</course><roll>-8.636816</roll><pitch>-5.718</pitch><mode /></trkpt><trkpt lat="35.1124081" lon="-118.4774353"><ele>1301.44</ele><time>2026-04-25T13:53:46-07:00</time><course>239.5021</course><roll>-6.438116</roll><pitch>-6.130789</pitch><mode /></trkpt><trkpt lat="35.1123985" lon="-118.4774465"><ele>1301.46</ele><time>2026-04-25T13:53:46-07:00</time><course>239.1553</course><roll>-7.17029</roll><pitch>-6.370948</pitch><mode /></trkpt><trkpt lat="35.1123892" lon="-118.4774586"><ele>1301.47</ele><time>2026-04-25T13:53:46-07:00</time><course>237.6625</course><roll>-6.972239</roll><pitch>-5.90737</pitch><mode /></trkpt><trkpt lat="35.1123798" lon="-118.4774698"><ele>1301.59</ele><time>2026-04-25T13:53:46-07:00</time><course>238.0227</course><roll>-6.985537</roll><pitch>-5.562281</pitch><mode /></trkpt><trkpt lat="35.1123708" lon="-118.4774813"><ele>1301.65</ele><time>2026-04-25T13:53:46-07:00</time><course>239.1537</course><roll>-7.524457</roll><pitch>-6.027553</pitch><mode /></trkpt><trkpt lat="35.112362" lon="-118.477493"><ele>1301.66</ele><time>2026-04-25T13:53:47-07:00</time><course>240.4713</course><roll>-7.072189</roll><pitch>-6.376507</pitch><mode /></trkpt><trkpt lat="35.1123532" lon="-118.4775044"><ele>1301.77</ele><time>2026-04-25T13:53:47-07:00</time><course>241.4459</course><roll>-7.899761</roll><pitch>-6.273603</pitch><mode /></trkpt><trkpt lat="35.1123446" lon="-118.4775173"><ele>1301.82</ele><time>2026-04-25T13:53:47-07:00</time><course>241.0449</course><roll>-4.965286</roll><pitch>-5.459428</pitch><mode /></trkpt><trkpt lat="35.1123358" lon="-118.4775306"><ele>1301.77</ele><time>2026-04-25T13:53:47-07:00</time><course>241.3342</course><roll>-3.03387</roll><pitch>-4.671188</pitch><mode /></trkpt><trkpt lat="35.1123269" lon="-118.4775434"><ele>1301.75</ele><time>2026-04-25T13:53:47-07:00</time><course>241.5695</course><roll>-4.721735</roll><pitch>-5.211989</pitch><mode /></trkpt><trkpt lat="35.1123182" lon="-118.4775565"><ele>1301.75</ele><time>2026-04-25T13:53:48-07:00</time><course>241.7303</course><roll>-5.943775</roll><pitch>-5.924198</pitch><mode /></trkpt><trkpt lat="35.1123098" lon="-118.4775698"><ele>1301.8</ele><time>2026-04-25T13:53:48-07:00</time><course>242.5393</course><roll>-6.552017</roll><pitch>-5.912925</pitch><mode /></trkpt><trkpt lat="35.1123015" lon="-118.477584"><ele>1301.73</ele><time>2026-04-25T13:53:48-07:00</time><course>243.635</course><roll>-6.817883</roll><pitch>-5.729007</pitch><mode /></trkpt><trkpt lat="35.1122933" lon="-118.4775983"><ele>1301.66</ele><time>2026-04-25T13:53:48-07:00</time><course>243.8804</course><roll>-10.21442</roll><pitch>-6.45313</pitch><mode /></trkpt><trkpt lat="35.1122858" lon="-118.4776114"><ele>1301.84</ele><time>2026-04-25T13:53:48-07:00</time><course>243.7777</course><roll>-11.37093</roll><pitch>-6.401337</pitch><mode /></trkpt><trkpt lat="35.1122787" lon="-118.4776253"><ele>1301.97</ele><time>2026-04-25T13:53:49-07:00</time><course>245.6461</course><roll>-10.2212</roll><pitch>-5.971739</pitch><mode /></trkpt><trkpt lat="35.112272" lon="-118.4776391"><ele>1302.12</ele><time>2026-04-25T13:53:49-07:00</time><course>246.1439</course><roll>-9.273021</roll><pitch>-6.013843</pitch><mode /></trkpt><trkpt lat="35.1122656" lon="-118.4776532"><ele>1302.28</ele><time>2026-04-25T13:53:49-07:00</time><course>246.6963</course><roll>-9.445988</roll><pitch>-5.830716</pitch><mode /></trkpt><trkpt lat="35.1122594" lon="-118.4776671"><ele>1302.48</ele><time>2026-04-25T13:53:49-07:00</time><course>245.9478</course><roll>-8.58577</roll><pitch>-5.605949</pitch><mode /></trkpt><trkpt lat="35.1122534" lon="-118.4776809"><ele>1302.59</ele><time>2026-04-25T13:53:49-07:00</time><course>247.0669</course><roll>-9.058544</roll><pitch>-4.9838</pitch><mode /></trkpt><trkpt lat="35.1122476" lon="-118.4776943"><ele>1302.67</ele><time>2026-04-25T13:53:50-07:00</time><course>250.0882</course><roll>-7.386265</roll><pitch>-4.687281</pitch><mode /></trkpt><trkpt lat="35.1122421" lon="-118.4777079"><ele>1302.76</ele><time>2026-04-25T13:53:50-07:00</time><course>250.3928</course><roll>-6.850975</roll><pitch>-4.871059</pitch><mode /></trkpt><trkpt lat="35.1122373" lon="-118.4777219"><ele>1302.78</ele><time>2026-04-25T13:53:50-07:00</time><course>249.9592</course><roll>-8.615746</roll><pitch>-5.078847</pitch><mode /></trkpt><trkpt lat="35.1122328" lon="-118.4777355"><ele>1302.82</ele><time>2026-04-25T13:53:50-07:00</time><course>249.5706</course><roll>-9.152442</roll><pitch>-4.791374</pitch><mode /></trkpt><trkpt lat="35.1122285" lon="-118.4777488"><ele>1302.95</ele><time>2026-04-25T13:53:50-07:00</time><course>250.6715</course><roll>-8.322702</roll><pitch>-4.116354</pitch><mode /></trkpt><trkpt lat="35.1122242" lon="-118.4777626"><ele>1303.03</ele><time>2026-04-25T13:53:51-07:00</time><course>252.0884</course><roll>-9.156569</roll><pitch>-4.206903</pitch><mode /></trkpt><trkpt lat="35.1122202" lon="-118.4777771"><ele>1302.99</ele><time>2026-04-25T13:53:51-07:00</time><course>251.6077</course><roll>-8.11123</roll><pitch>-4.487418</pitch><mode /></trkpt><trkpt lat="35.1122166" lon="-118.4777911"><ele>1303.09</ele><time>2026-04-25T13:53:51-07:00</time><course>251.9083</course><roll>-8.801016</roll><pitch>-4.735703</pitch><mode /></trkpt><trkpt lat="35.1122132" lon="-118.4778045"><ele>1303.23</ele><time>2026-04-25T13:53:51-07:00</time><course>253.3762</course><roll>-10.70846</roll><pitch>-4.592745</pitch><mode /></trkpt><trkpt lat="35.11221" lon="-118.4778184"><ele>1303.32</ele><time>2026-04-25T13:53:51-07:00</time><course>252.7221</course><roll>-8.808714</roll><pitch>-4.461575</pitch><mode /></trkpt><trkpt lat="35.1122071" lon="-118.4778333"><ele>1303.32</ele><time>2026-04-25T13:53:52-07:00</time><course>254.1842</course><roll>-7.676076</roll><pitch>-4.413404</pitch><mode /></trkpt><trkpt lat="35.1122043" lon="-118.4778479"><ele>1303.32</ele><time>2026-04-25T13:53:52-07:00</time><course>255.8239</course><roll>-8.191638</roll><pitch>-4.525226</pitch><mode /></trkpt><trkpt lat="35.1122019" lon="-118.477863"><ele>1303.25</ele><time>2026-04-25T13:53:52-07:00</time><course>255.2698</course><roll>-9.264503</roll><pitch>-4.759387</pitch><mode /></trkpt><trkpt lat="35.1121995" lon="-118.4778781"><ele>1303.17</ele><time>2026-04-25T13:53:52-07:00</time><course>253.578</course><roll>-7.843412</roll><pitch>-5.874788</pitch><mode /></trkpt><trkpt lat="35.1121972" lon="-118.4778932"><ele>1303.09</ele><time>2026-04-25T13:53:52-07:00</time><course>255.7693</course><roll>-5.577342</roll><pitch>-5.284874</pitch><mode /></trkpt><trkpt lat="35.1121947" lon="-118.4779082"><ele>1303.04</ele><time>2026-04-25T13:53:53-07:00</time><course>259.5</course><roll>-5.778755</roll><pitch>-5.133375</pitch><mode /></trkpt><trkpt lat="35.1121926" lon="-118.4779233"><ele>1303</ele><time>2026-04-25T13:53:53-07:00</time><course>258.5156</course><roll>-9.707443</roll><pitch>-5.81375</pitch><mode /></trkpt><trkpt lat="35.1121914" lon="-118.477938"><ele>1303.05</ele><time>2026-04-25T13:53:53-07:00</time><course>255.0144</course><roll>-7.117936</roll><pitch>-6.381494</pitch><mode /></trkpt><trkpt lat="35.1121903" lon="-118.4779539"><ele>1302.99</ele><time>2026-04-25T13:53:53-07:00</time><course>255.2967</course><roll>-4.851123</roll><pitch>-5.549518</pitch><mode /></trkpt><trkpt lat="35.1121886" lon="-118.4779684"><ele>1303.02</ele><time>2026-04-25T13:53:53-07:00</time><course>257.4938</course><roll>-6.690595</roll><pitch>-5.22168</pitch><mode /></trkpt><trkpt lat="35.1121873" lon="-118.477984"><ele>1302.99</ele><time>2026-04-25T13:53:54-07:00</time><course>257.5454</course><roll>-14.18237</roll><pitch>-5.750964</pitch><mode /></trkpt><trkpt lat="35.1121865" lon="-118.4780006"><ele>1302.8</ele><time>2026-04-25T13:53:54-07:00</time><course>255.8349</course><roll>-16.91376</roll><pitch>-7.124044</pitch><mode /></trkpt><trkpt lat="35.1121861" lon="-118.4780159"><ele>1302.65</ele><time>2026-04-25T13:53:54-07:00</time><course>255.4664</course><roll>-11.0829</roll><pitch>-8.362351</pitch><mode /></trkpt><trkpt lat="35.112186" lon="-118.478031"><ele>1302.56</ele><time>2026-04-25T13:53:54-07:00</time><course>258.8289</course><roll>-9.909726</roll><pitch>-8.0521</pitch><mode /></trkpt><trkpt lat="35.1121863" lon="-118.478045"><ele>1302.66</ele><time>2026-04-25T13:53:54-07:00</time><course>259.7769</course><roll>-8.022849</roll><pitch>-7.654469</pitch><mode /></trkpt><trkpt lat="35.1121869" lon="-118.4780596"><ele>1302.71</ele><time>2026-04-25T13:53:55-07:00</time><course>261.2578</course><roll>-7.675372</roll><pitch>-6.781169</pitch><mode /></trkpt><trkpt lat="35.1121879" lon="-118.4780739"><ele>1302.86</ele><time>2026-04-25T13:53:55-07:00</time><course>261.3744</course><roll>-7.586917</roll><pitch>-6.352754</pitch><mode /></trkpt><trkpt lat="35.1121887" lon="-118.4780893"><ele>1302.97</ele><time>2026-04-25T13:53:55-07:00</time><course>262.7801</course><roll>-8.458228</roll><pitch>-6.046731</pitch><mode /></trkpt><trkpt lat="35.1121899" lon="-118.4781041"><ele>1303.07</ele><time>2026-04-25T13:53:55-07:00</time><course>262.1152</course><roll>-10.13393</roll><pitch>-5.518132</pitch><mode /></trkpt><trkpt lat="35.1121913" lon="-118.4781193"><ele>1302.99</ele><time>2026-04-25T13:53:55-07:00</time><course>259.4848</course><roll>-8.248616</roll><pitch>-6.844695</pitch><mode /></trkpt><trkpt lat="35.1121931" lon="-118.478133"><ele>1303.02</ele><time>2026-04-25T13:53:56-07:00</time><course>260.649</course><roll>-4.61578</roll><pitch>-6.348017</pitch><mode /></trkpt><trkpt lat="35.1121944" lon="-118.4781487"><ele>1302.89</ele><time>2026-04-25T13:53:56-07:00</time><course>262.7793</course><roll>-3.402989</roll><pitch>-6.090079</pitch><mode /></trkpt><trkpt lat="35.1121959" lon="-118.4781631"><ele>1302.84</ele><time>2026-04-25T13:53:56-07:00</time><course>264.616</course><roll>-6.713727</roll><pitch>-6.102803</pitch><mode /></trkpt><trkpt lat="35.1121977" lon="-118.4781774"><ele>1302.84</ele><time>2026-04-25T13:53:56-07:00</time><course>263.5714</course><roll>-4.711442</roll><pitch>-6.894171</pitch><mode /></trkpt><trkpt lat="35.1121996" lon="-118.4781922"><ele>1302.79</ele><time>2026-04-25T13:53:56-07:00</time><course>262.6999</course><roll>-5.837819</roll><pitch>-7.547184</pitch><mode /></trkpt><trkpt lat="35.1122013" lon="-118.4782059"><ele>1302.92</ele><time>2026-04-25T13:53:57-07:00</time><course>265.4785</course><roll>-6.669752</roll><pitch>-6.563694</pitch><mode /></trkpt><trkpt lat="35.1122032" lon="-118.4782181"><ele>1303.27</ele><time>2026-04-25T13:53:57-07:00</time><course>264.6989</course><roll>-6.475267</roll><pitch>-6.32913</pitch><mode /></trkpt><trkpt lat="35.112206" lon="-118.4782326"><ele>1303.45</ele><time>2026-04-25T13:53:57-07:00</time><course>258.305</course><roll>-1.990332</roll><pitch>-4.848891</pitch><mode /></trkpt><trkpt lat="35.1122079" lon="-118.4782456"><ele>1303.75</ele><time>2026-04-25T13:53:57-07:00</time><course>261.704</course><roll>-5.797579</roll><pitch>-2.356442</pitch><mode /></trkpt><trkpt lat="35.1122093" lon="-118.4782601"><ele>1303.82</ele><time>2026-04-25T13:53:57-07:00</time><course>271.7397</course><roll>-16.88892</roll><pitch>-2.245554</pitch><mode /></trkpt><trkpt lat="35.1122123" lon="-118.4782753"><ele>1303.79</ele><time>2026-04-25T13:53:58-07:00</time><course>273.8834</course><roll>-27.81286</roll><pitch>-5.095616</pitch><mode /></trkpt><trkpt lat="35.1122179" lon="-118.4782911"><ele>1303.82</ele><time>2026-04-25T13:53:58-07:00</time><course>274.2264</course><roll>-33.79641</roll><pitch>-6.120275</pitch><mode /></trkpt><trkpt lat="35.1122252" lon="-118.4783057"><ele>1304.02</ele><time>2026-04-25T13:53:58-07:00</time><course>279.1898</course><roll>-41.33893</roll><pitch>-2.984639</pitch><mode /></trkpt><trkpt lat="35.1122333" lon="-118.4783213"><ele>1303.92</ele><time>2026-04-25T13:53:58-07:00</time><course>284.0263</course><roll>-42.66047</roll><pitch>-3.187005</pitch><mode /></trkpt><trkpt lat="35.1122432" lon="-118.478336"><ele>1303.7</ele><time>2026-04-25T13:53:58-07:00</time><course>287.9296</course><roll>-42.3758</roll><pitch>-5.408716</pitch><mode /></trkpt><trkpt lat="35.1122561" lon="-118.4783509"><ele>1303.39</ele><time>2026-04-25T13:53:59-07:00</time><course>293.4301</course><roll>-40.3863</roll><pitch>-5.781983</pitch><mode /></trkpt><trkpt lat="35.1122715" lon="-118.4783647"><ele>1303.11</ele><time>2026-04-25T13:53:59-07:00</time><course>296.0883</course><roll>-37.51089</roll><pitch>-6.354603</pitch><mode /></trkpt><trkpt lat="35.1122882" lon="-118.4783768"><ele>1302.82</ele><time>2026-04-25T13:53:59-07:00</time><course>297.5107</course><roll>-32.8984</roll><pitch>-6.061076</pitch><mode /></trkpt><trkpt lat="35.1123059" lon="-118.4783879"><ele>1302.48</ele><time>2026-04-25T13:53:59-07:00</time><course>297.277</course><roll>-24.81865</roll><pitch>-4.752813</pitch><mode /></trkpt><trkpt lat="35.112324" lon="-118.4783976"><ele>1302.2</ele><time>2026-04-25T13:53:59-07:00</time><course>299.2041</course><roll>-18.44665</roll><pitch>-3.254189</pitch><mode /></trkpt><trkpt lat="35.1123424" lon="-118.4784077"><ele>1301.82</ele><time>2026-04-25T13:54:00-07:00</time><course>300.8326</course><roll>-16.23178</roll><pitch>-2.321047</pitch><mode /></trkpt><trkpt lat="35.1123612" lon="-118.4784169"><ele>1301.46</ele><time>2026-04-25T13:54:00-07:00</time><course>300.5533</course><roll>-11.06458</roll><pitch>-1.654008</pitch><mode /></trkpt><trkpt lat="35.1123802" lon="-118.4784256"><ele>1301.24</ele><time>2026-04-25T13:54:00-07:00</time><course>304.4989</course><roll>-10.90395</roll><pitch>-0.1905078</pitch><mode /></trkpt><trkpt lat="35.1123995" lon="-118.4784353"><ele>1300.99</ele><time>2026-04-25T13:54:00-07:00</time><course>307.5357</course><roll>-11.03146</roll><pitch>1.169029</pitch><mode /></trkpt><trkpt lat="35.1124197" lon="-118.4784452"><ele>1300.67</ele><time>2026-04-25T13:54:00-07:00</time><course>309.6691</course><roll>-11.68691</roll><pitch>1.494835</pitch><mode /></trkpt><trkpt lat="35.1124406" lon="-118.478455"><ele>1300.35</ele><time>2026-04-25T13:54:01-07:00</time><course>311.1324</course><roll>-11.59208</roll><pitch>1.19419</pitch><mode /></trkpt><trkpt lat="35.1124619" lon="-118.478465"><ele>1300.05</ele><time>2026-04-25T13:54:01-07:00</time><course>313.6812</course><roll>-15.52877</roll><pitch>0.9920729</pitch><mode /></trkpt><trkpt lat="35.112484" lon="-118.4784747"><ele>1299.69</ele><time>2026-04-25T13:54:01-07:00</time><course>315.6421</course><roll>-19.20369</roll><pitch>-0.1801635</pitch><mode /></trkpt><trkpt lat="35.1125072" lon="-118.4784834"><ele>1299.38</ele><time>2026-04-25T13:54:01-07:00</time><course>318.9383</course><roll>-24.52504</roll><pitch>-0.02853149</pitch><mode /></trkpt><trkpt lat="35.1125313" lon="-118.4784911"><ele>1299.11</ele><time>2026-04-25T13:54:01-07:00</time><course>323.8312</course><roll>-29.98075</roll><pitch>0.03918466</pitch><mode /></trkpt><trkpt lat="35.1125564" lon="-118.4784968"><ele>1298.88</ele><time>2026-04-25T13:54:02-07:00</time><course>329.6733</course><roll>-37.43137</roll><pitch>-0.8471125</pitch><mode /></trkpt><trkpt lat="35.1125831" lon="-118.4785014"><ele>1298.47</ele><time>2026-04-25T13:54:02-07:00</time><course>333.2596</course><roll>-40.0266</roll><pitch>-1.30493</pitch><mode /></trkpt><trkpt lat="35.1126108" lon="-118.478502"><ele>1298.26</ele><time>2026-04-25T13:54:02-07:00</time><course>338.118</course><roll>-40.81352</roll><pitch>-1.91127</pitch><mode /></trkpt><trkpt lat="35.1126399" lon="-118.4784995"><ele>1298.06</ele><time>2026-04-25T13:54:02-07:00</time><course>342.0625</course><roll>-39.36694</roll><pitch>-3.17406</pitch><mode /></trkpt><trkpt lat="35.1126696" lon="-118.4784932"><ele>1298.01</ele><time>2026-04-25T13:54:02-07:00</time><course>346.4713</course><roll>-38.23579</roll><pitch>-3.498096</pitch><mode /></trkpt><trkpt lat="35.1126989" lon="-118.4784844"><ele>1297.83</ele><time>2026-04-25T13:54:03-07:00</time><course>353.5366</course><roll>-39.95362</roll><pitch>-2.515095</pitch><mode /></trkpt><trkpt lat="35.1127283" lon="-118.4784729"><ele>1297.6</ele><time>2026-04-25T13:54:03-07:00</time><course>358.7041</course><roll>-40.02519</roll><pitch>-2.575906</pitch><mode /></trkpt><trkpt lat="35.1127582" lon="-118.4784584"><ele>1297.47</ele><time>2026-04-25T13:54:03-07:00</time><course>5.18942</course><roll>-40.04948</roll><pitch>-1.688607</pitch><mode /></trkpt><trkpt lat="35.112788" lon="-118.4784406"><ele>1297.36</ele><time>2026-04-25T13:54:03-07:00</time><course>11.36997</course><roll>-43.3087</roll><pitch>-1.643341</pitch><mode /></trkpt><trkpt lat="35.1128174" lon="-118.4784198"><ele>1297.24</ele><time>2026-04-25T13:54:03-07:00</time><course>18.56427</course><roll>-45.77523</roll><pitch>-1.983559</pitch><mode /></trkpt><trkpt lat="35.1128454" lon="-118.4783967"><ele>1296.98</ele><time>2026-04-25T13:54:04-07:00</time><course>25.31194</course><roll>-41.57695</roll><pitch>-5.277537</pitch><mode /></trkpt><trkpt lat="35.1128715" lon="-118.4783696"><ele>1296.88</ele><time>2026-04-25T13:54:04-07:00</time><course>30.72621</course><roll>-42.51962</roll><pitch>-3.711688</pitch><mode /></trkpt><trkpt lat="35.1128966" lon="-118.4783402"><ele>1296.82</ele><time>2026-04-25T13:54:04-07:00</time><course>38.75696</course><roll>-44.05894</roll><pitch>-1.200372</pitch><mode /></trkpt><trkpt lat="35.1129205" lon="-118.4783079"><ele>1296.66</ele><time>2026-04-25T13:54:04-07:00</time><course>44.75585</course><roll>-43.42216</roll><pitch>-3.703271</pitch><mode /></trkpt><trkpt lat="35.1129418" lon="-118.4782728"><ele>1296.51</ele><time>2026-04-25T13:54:04-07:00</time><course>49.34284</course><roll>-42.64135</roll><pitch>-5.362593</pitch><mode /></trkpt><trkpt lat="35.112961" lon="-118.4782357"><ele>1296.39</ele><time>2026-04-25T13:54:05-07:00</time><course>57.16069</course><roll>-42.35882</roll><pitch>-4.748314</pitch><mode /></trkpt><trkpt lat="35.1129776" lon="-118.4781962"><ele>1296.31</ele><time>2026-04-25T13:54:05-07:00</time><course>61.58382</course><roll>-40.22553</roll><pitch>-6.264578</pitch><mode /></trkpt><trkpt lat="35.1129919" lon="-118.4781557"><ele>1296.12</ele><time>2026-04-25T13:54:05-07:00</time><course>63.56396</course><roll>-39.68202</roll><pitch>-7.408848</pitch><mode /></trkpt><trkpt lat="35.1130042" lon="-118.4781146"><ele>1295.93</ele><time>2026-04-25T13:54:05-07:00</time><course>67.06526</course><roll>-38.3005</roll><pitch>-5.436695</pitch><mode /></trkpt><trkpt lat="35.1130149" lon="-118.4780725"><ele>1295.73</ele><time>2026-04-25T13:54:05-07:00</time><course>69.9381</course><roll>-33.63128</roll><pitch>-5.308136</pitch><mode /></trkpt><trkpt lat="35.1130241" lon="-118.4780306"><ele>1295.2</ele><time>2026-04-25T13:54:06-07:00</time><course>72.95317</course><roll>-30.46725</roll><pitch>-4.822097</pitch><mode /></trkpt><trkpt lat="35.1130317" lon="-118.4779876"><ele>1294.86</ele><time>2026-04-25T13:54:06-07:00</time><course>75.57824</course><roll>-29.44347</roll><pitch>-3.470025</pitch><mode /></trkpt><trkpt lat="35.1130377" lon="-118.4779436"><ele>1294.66</ele><time>2026-04-25T13:54:06-07:00</time><course>73.94488</course><roll>-25.55514</roll><pitch>-4.834396</pitch><mode /></trkpt><trkpt lat="35.1130431" lon="-118.4778999"><ele>1294.29</ele><time>2026-04-25T13:54:06-07:00</time><course>72.19497</course><roll>-22.73157</roll><pitch>-5.303288</pitch><mode /></trkpt><trkpt lat="35.1130483" lon="-118.4778574"><ele>1293.65</ele><time>2026-04-25T13:54:06-07:00</time><course>76.09225</course><roll>-21.76781</roll><pitch>-2.209809</pitch><mode /></trkpt><trkpt lat="35.1130529" lon="-118.4778144"><ele>1293.15</ele><time>2026-04-25T13:54:07-07:00</time><course>88.38487</course><roll>-29.20698</roll><pitch>0.4039534</pitch><mode /></trkpt><trkpt lat="35.1130559" lon="-118.4777711"><ele>1292.44</ele><time>2026-04-25T13:54:07-07:00</time><course>94.07156</course><roll>-30.38367</roll><pitch>-4.016842</pitch><mode /></trkpt><trkpt lat="35.1130558" lon="-118.4777275"><ele>1292.14</ele><time>2026-04-25T13:54:07-07:00</time><course>99.35063</course><roll>-31.62708</roll><pitch>-7.489959</pitch><mode /></trkpt><trkpt lat="35.1130532" lon="-118.4776849"><ele>1291.81</ele><time>2026-04-25T13:54:07-07:00</time><course>106.6117</course><roll>-37.72509</roll><pitch>-7.045059</pitch><mode /></trkpt><trkpt lat="35.1130479" lon="-118.4776423"><ele>1291.81</ele><time>2026-04-25T13:54:07-07:00</time><course>112.9826</course><roll>-40.11429</roll><pitch>-8.810849</pitch><mode /></trkpt><trkpt lat="35.1130399" lon="-118.4776012"><ele>1291.92</ele><time>2026-04-25T13:54:08-07:00</time><course>119.2514</course><roll>-41.86298</roll><pitch>-10.46005</pitch><mode /></trkpt><trkpt lat="35.1130294" lon="-118.4775616"><ele>1292.04</ele><time>2026-04-25T13:54:08-07:00</time><course>129.9776</course><roll>-46.92425</roll><pitch>-9.040942</pitch><mode /></trkpt><trkpt lat="35.1130157" lon="-118.4775248"><ele>1292.26</ele><time>2026-04-25T13:54:08-07:00</time><course>139.3328</course><roll>-51.4278</roll><pitch>-10.94421</pitch><mode /></trkpt><trkpt lat="35.1129982" lon="-118.4774919"><ele>1292.98</ele><time>2026-04-25T13:54:08-07:00</time><course>145.2617</course><roll>-50.79281</roll><pitch>-16.26456</pitch><mode /></trkpt><trkpt lat="35.1129787" lon="-118.4774654"><ele>1293.51</ele><time>2026-04-25T13:54:08-07:00</time><course>148.7033</course><roll>-47.05893</roll><pitch>-19.98594</pitch><mode /></trkpt><trkpt lat="35.1129584" lon="-118.4774439"><ele>1294.18</ele><time>2026-04-25T13:54:09-07:00</time><course>152.9354</course><roll>-40.93623</roll><pitch>-17.94006</pitch><mode /></trkpt><trkpt lat="35.1129386" lon="-118.4774228"><ele>1294.97</ele><time>2026-04-25T13:54:09-07:00</time><course>162.2439</course><roll>-37.56767</roll><pitch>-9.180859</pitch><mode /></trkpt><trkpt lat="35.1129187" lon="-118.4774018"><ele>1295.33</ele><time>2026-04-25T13:54:09-07:00</time><course>167.3018</course><roll>-37.01684</roll><pitch>-8.65023</pitch><mode /></trkpt><trkpt lat="35.1128978" lon="-118.4773831"><ele>1295.53</ele><time>2026-04-25T13:54:09-07:00</time><course>170.8823</course><roll>-34.84279</roll><pitch>-9.871202</pitch><mode /></trkpt><trkpt lat="35.1128767" lon="-118.4773659"><ele>1295.85</ele><time>2026-04-25T13:54:09-07:00</time><course>175.8135</course><roll>-36.40154</roll><pitch>-9.207394</pitch><mode /></trkpt><trkpt lat="35.1128551" lon="-118.4773511"><ele>1296.03</ele><time>2026-04-25T13:54:10-07:00</time><course>178.3376</course><roll>-33.71956</roll><pitch>-10.33943</pitch><mode /></trkpt><trkpt lat="35.1128339" lon="-118.4773386"><ele>1296.16</ele><time>2026-04-25T13:54:10-07:00</time><course>183.0822</course><roll>-31.27373</roll><pitch>-8.664111</pitch><mode /></trkpt><trkpt lat="35.112813" lon="-118.4773268"><ele>1296.31</ele><time>2026-04-25T13:54:10-07:00</time><course>188.6191</course><roll>-32.32211</roll><pitch>-6.914693</pitch><mode /></trkpt><trkpt lat="35.1127918" lon="-118.4773163"><ele>1296.55</ele><time>2026-04-25T13:54:10-07:00</time><course>191.7734</course><roll>-30.94535</roll><pitch>-8.116176</pitch><mode /></trkpt><trkpt lat="35.1127715" lon="-118.4773075"><ele>1296.63</ele><time>2026-04-25T13:54:10-07:00</time><course>194.8739</course><roll>-27.23079</roll><pitch>-8.551735</pitch><mode /></trkpt><trkpt lat="35.112752" lon="-118.4773002"><ele>1296.74</ele><time>2026-04-25T13:54:11-07:00</time><course>197.366</course><roll>-26.48374</roll><pitch>-9.008747</pitch><mode /></trkpt><trkpt lat="35.1127327" lon="-118.4772944"><ele>1296.82</ele><time>2026-04-25T13:54:11-07:00</time><course>199.1231</course><roll>-22.59152</roll><pitch>-8.28685</pitch><mode /></trkpt><trkpt lat="35.1127135" lon="-118.4772896"><ele>1296.69</ele><time>2026-04-25T13:54:11-07:00</time><course>201.5284</course><roll>-23.95688</roll><pitch>-7.964897</pitch><mode /></trkpt><trkpt lat="35.1126949" lon="-118.477286"><ele>1296.77</ele><time>2026-04-25T13:54:11-07:00</time><course>203.0958</course><roll>-24.68748</roll><pitch>-7.707112</pitch><mode /></trkpt><trkpt lat="35.1126767" lon="-118.4772837"><ele>1296.72</ele><time>2026-04-25T13:54:11-07:00</time><course>205.7728</course><roll>-27.26374</roll><pitch>-8.474969</pitch><mode /></trkpt><trkpt lat="35.112659" lon="-118.4772828"><ele>1296.76</ele><time>2026-04-25T13:54:12-07:00</time><course>207.3506</course><roll>-27.23555</roll><pitch>-9.66933</pitch><mode /></trkpt><trkpt lat="35.1126422" lon="-118.4772834"><ele>1296.98</ele><time>2026-04-25T13:54:12-07:00</time><course>209.3644</course><roll>-25.40784</roll><pitch>-10.37594</pitch><mode /></trkpt><trkpt lat="35.1126265" lon="-118.4772852"><ele>1297.11</ele><time>2026-04-25T13:54:12-07:00</time><course>211.5858</course><roll>-21.85398</roll><pitch>-10.8329</pitch><mode /></trkpt><trkpt lat="35.1126113" lon="-118.4772874"><ele>1297.38</ele><time>2026-04-25T13:54:12-07:00</time><course>214.7861</course><roll>-18.96308</roll><pitch>-9.571031</pitch><mode /></trkpt><trkpt lat="35.1125961" lon="-118.4772906"><ele>1297.67</ele><time>2026-04-25T13:54:12-07:00</time><course>217.0302</course><roll>-17.55673</roll><pitch>-8.050933</pitch><mode /></trkpt><trkpt lat="35.1125813" lon="-118.4772945"><ele>1298.02</ele><time>2026-04-25T13:54:13-07:00</time><course>218.1085</course><roll>-17.47576</roll><pitch>-6.7924</pitch><mode /></trkpt><trkpt lat="35.1125665" lon="-118.4772987"><ele>1298.07</ele><time>2026-04-25T13:54:13-07:00</time><course>219.5953</course><roll>-15.7843</roll><pitch>-7.627576</pitch><mode /></trkpt><trkpt lat="35.1125518" lon="-118.4773034"><ele>1298.21</ele><time>2026-04-25T13:54:13-07:00</time><course>222.1523</course><roll>-14.25173</roll><pitch>-7.476737</pitch><mode /></trkpt><trkpt lat="35.1125375" lon="-118.4773089"><ele>1298.36</ele><time>2026-04-25T13:54:13-07:00</time><course>223.9674</course><roll>-14.0722</roll><pitch>-7.573449</pitch><mode /></trkpt><trkpt lat="35.1125236" lon="-118.4773152"><ele>1298.52</ele><time>2026-04-25T13:54:13-07:00</time><course>223.635</course><roll>-15.26254</roll><pitch>-7.78434</pitch><mode /></trkpt><trkpt lat="35.1125096" lon="-118.4773221"><ele>1298.65</ele><time>2026-04-25T13:54:14-07:00</time><course>224.1391</course><roll>-15.74653</roll><pitch>-8.247295</pitch><mode /></trkpt><trkpt lat="35.1124957" lon="-118.4773293"><ele>1298.81</ele><time>2026-04-25T13:54:14-07:00</time><course>225.1235</course><roll>-15.95984</roll><pitch>-7.72286</pitch><mode /></trkpt><trkpt lat="35.1124822" lon="-118.4773371"><ele>1298.79</ele><time>2026-04-25T13:54:14-07:00</time><course>226.9019</course><roll>-15.17546</roll><pitch>-7.536447</pitch><mode /></trkpt><trkpt lat="35.1124686" lon="-118.4773446"><ele>1299</ele><time>2026-04-25T13:54:14-07:00</time><course>229.1624</course><roll>-14.05122</roll><pitch>-8.576539</pitch><mode /></trkpt><trkpt lat="35.1124555" lon="-118.4773532"><ele>1299.13</ele><time>2026-04-25T13:54:14-07:00</time><course>229.5611</course><roll>-12.7543</roll><pitch>-9.15498</pitch><mode /></trkpt><trkpt lat="35.1124432" lon="-118.4773631"><ele>1299.24</ele><time>2026-04-25T13:54:15-07:00</time><course>230.0742</course><roll>-12.35774</roll><pitch>-8.692123</pitch><mode /></trkpt><trkpt lat="35.1124305" lon="-118.4773735"><ele>1299.45</ele><time>2026-04-25T13:54:15-07:00</time><course>232.7527</course><roll>-13.36382</roll><pitch>-7.754049</pitch><mode /></trkpt><trkpt lat="35.1124187" lon="-118.4773837"><ele>1299.7</ele><time>2026-04-25T13:54:15-07:00</time><course>234.9264</course><roll>-13.35107</roll><pitch>-7.081425</pitch><mode /></trkpt><trkpt lat="35.1124071" lon="-118.4773945"><ele>1299.83</ele><time>2026-04-25T13:54:15-07:00</time><course>236.9933</course><roll>-11.60871</roll><pitch>-7.666758</pitch><mode /></trkpt><trkpt lat="35.1123956" lon="-118.4774056"><ele>1300.02</ele><time>2026-04-25T13:54:15-07:00</time><course>238.6653</course><roll>-9.501766</roll><pitch>-8.19733</pitch><mode /></trkpt><trkpt lat="35.1123854" lon="-118.4774165"><ele>1300.3</ele><time>2026-04-25T13:54:16-07:00</time><course>239.1089</course><roll>-13.72084</roll><pitch>-8.460588</pitch><mode /></trkpt><trkpt lat="35.1123761" lon="-118.4774281"><ele>1300.62</ele><time>2026-04-25T13:54:16-07:00</time><course>236.7116</course><roll>-15.69863</roll><pitch>-8.63175</pitch><mode /></trkpt><trkpt lat="35.1123677" lon="-118.4774402"><ele>1300.97</ele><time>2026-04-25T13:54:16-07:00</time><course>235.0125</course><roll>-17.81269</roll><pitch>-8.700109</pitch><mode /></trkpt><trkpt lat="35.112359" lon="-118.4774524"><ele>1301.21</ele><time>2026-04-25T13:54:16-07:00</time><course>235.6953</course><roll>-17.09472</roll><pitch>-8.234621</pitch><mode /></trkpt><trkpt lat="35.1123502" lon="-118.4774642"><ele>1301.31</ele><time>2026-04-25T13:54:16-07:00</time><course>237.5469</course><roll>-16.07104</roll><pitch>-7.86509</pitch><mode /></trkpt><trkpt lat="35.112342" lon="-118.4774757"><ele>1301.43</ele><time>2026-04-25T13:54:17-07:00</time><course>239.4389</course><roll>-19.67496</roll><pitch>-7.484752</pitch><mode /></trkpt><trkpt lat="35.1123345" lon="-118.4774882"><ele>1301.38</ele><time>2026-04-25T13:54:17-07:00</time><course>240.7041</course><roll>-17.72057</roll><pitch>-7.95427</pitch><mode /></trkpt><trkpt lat="35.1123272" lon="-118.4775003"><ele>1301.36</ele><time>2026-04-25T13:54:17-07:00</time><course>241.8112</course><roll>-12.77026</roll><pitch>-8.81406</pitch><mode /></trkpt><trkpt lat="35.1123204" lon="-118.4775129"><ele>1301.46</ele><time>2026-04-25T13:54:17-07:00</time><course>244.1947</course><roll>-10.86147</roll><pitch>-8.191862</pitch><mode /></trkpt><trkpt lat="35.1123142" lon="-118.4775263"><ele>1301.61</ele><time>2026-04-25T13:54:17-07:00</time><course>247.1046</course><roll>-9.917051</roll><pitch>-6.623283</pitch><mode /></trkpt><trkpt lat="35.112308" lon="-118.4775394"><ele>1301.73</ele><time>2026-04-25T13:54:18-07:00</time><course>247.883</course><roll>-8.936907</roll><pitch>-5.928752</pitch><mode /></trkpt><trkpt lat="35.112302" lon="-118.4775524"><ele>1301.8</ele><time>2026-04-25T13:54:18-07:00</time><course>248.0507</course><roll>-6.250803</roll><pitch>-5.963449</pitch><mode /></trkpt><trkpt lat="35.1122959" lon="-118.4775653"><ele>1301.95</ele><time>2026-04-25T13:54:18-07:00</time><course>248.1923</course><roll>-4.982764</roll><pitch>-5.366033</pitch><mode /></trkpt><trkpt lat="35.1122898" lon="-118.4775788"><ele>1302.01</ele><time>2026-04-25T13:54:18-07:00</time><course>247.1976</course><roll>-5.89121</roll><pitch>-5.083106</pitch><mode /></trkpt><trkpt lat="35.1122835" lon="-118.477593"><ele>1302.01</ele><time>2026-04-25T13:54:18-07:00</time><course>247.8215</course><roll>-8.131545</roll><pitch>-4.7588</pitch><mode /></trkpt><trkpt lat="35.1122775" lon="-118.4776089"><ele>1301.9</ele><time>2026-04-25T13:54:19-07:00</time><course>249.4144</course><roll>-9.671768</roll><pitch>-4.837595</pitch><mode /></trkpt><trkpt lat="35.1122716" lon="-118.4776229"><ele>1301.97</ele><time>2026-04-25T13:54:19-07:00</time><course>249.88</course><roll>-8.907615</roll><pitch>-5.063537</pitch><mode /></trkpt><trkpt lat="35.1122658" lon="-118.477637"><ele>1301.97</ele><time>2026-04-25T13:54:19-07:00</time><course>250.2059</course><roll>-6.319172</roll><pitch>-5.486996</pitch><mode /></trkpt><trkpt lat="35.11226" lon="-118.4776512"><ele>1302.04</ele><time>2026-04-25T13:54:19-07:00</time><course>253.1216</course><roll>-7.509927</roll><pitch>-5.557347</pitch><mode /></trkpt><trkpt lat="35.1122545" lon="-118.4776658"><ele>1302.08</ele><time>2026-04-25T13:54:19-07:00</time><course>252.6527</course><roll>-7.556246</roll><pitch>-6.052783</pitch><mode /></trkpt><trkpt lat="35.1122492" lon="-118.4776801"><ele>1302.13</ele><time>2026-04-25T13:54:20-07:00</time><course>251.1521</course><roll>-6.470076</roll><pitch>-6.111043</pitch><mode /></trkpt><trkpt lat="35.1122438" lon="-118.4776952"><ele>1302.13</ele><time>2026-04-25T13:54:20-07:00</time><course>249.9869</course><roll>-5.569768</roll><pitch>-6.66092</pitch><mode /></trkpt><trkpt lat="35.112238" lon="-118.4777101"><ele>1302.17</ele><time>2026-04-25T13:54:20-07:00</time><course>251.7485</course><roll>-6.149428</roll><pitch>-6.445918</pitch><mode /></trkpt><trkpt lat="35.1122324" lon="-118.4777262"><ele>1302.11</ele><time>2026-04-25T13:54:20-07:00</time><course>252.6701</course><roll>-6.549366</roll><pitch>-7.330697</pitch><mode /></trkpt><trkpt lat="35.1122271" lon="-118.4777418"><ele>1302.15</ele><time>2026-04-25T13:54:20-07:00</time><course>251.8813</course><roll>-4.251942</roll><pitch>-7.909928</pitch><mode /></trkpt><trkpt lat="35.112222" lon="-118.4777562"><ele>1302.32</ele><time>2026-04-25T13:54:21-07:00</time><course>252.3727</course><roll>-2.597521</roll><pitch>-7.01842</pitch><mode /></trkpt><trkpt lat="35.1122169" lon="-118.4777714"><ele>1302.42</ele><time>2026-04-25T13:54:21-07:00</time><course>253.7794</course><roll>-4.364575</roll><pitch>-6.331544</pitch><mode /></trkpt><trkpt lat="35.1122118" lon="-118.477787"><ele>1302.52</ele><time>2026-04-25T13:54:21-07:00</time><course>253.5664</course><roll>-6.569437</roll><pitch>-5.82103</pitch><mode /></trkpt><trkpt lat="35.1122071" lon="-118.4778019"><ele>1302.69</ele><time>2026-04-25T13:54:21-07:00</time><course>251.6235</course><roll>-5.601752</roll><pitch>-5.621492</pitch><mode /></trkpt><trkpt lat="35.1122025" lon="-118.4778171"><ele>1302.84</ele><time>2026-04-25T13:54:21-07:00</time><course>250.8985</course><roll>-4.433516</roll><pitch>-5.197215</pitch><mode /></trkpt><trkpt lat="35.1121973" lon="-118.4778327"><ele>1302.84</ele><time>2026-04-25T13:54:22-07:00</time><course>256.6747</course><roll>-3.396886</roll><pitch>-4.530779</pitch><mode /></trkpt><trkpt lat="35.112192" lon="-118.4778469"><ele>1302.98</ele><time>2026-04-25T13:54:22-07:00</time><course>259.3163</course><roll>-7.614176</roll><pitch>-5.14657</pitch><mode /></trkpt><trkpt lat="35.1121876" lon="-118.4778655"><ele>1302.86</ele><time>2026-04-25T13:54:22-07:00</time><course>257.5739</course><roll>-7.655902</roll><pitch>-6.036576</pitch><mode /></trkpt><trkpt lat="35.1121836" lon="-118.4778824"><ele>1302.89</ele><time>2026-04-25T13:54:22-07:00</time><course>256.2202</course><roll>-8.526441</roll><pitch>-5.998856</pitch><mode /></trkpt><trkpt lat="35.1121798" lon="-118.4778975"><ele>1303.15</ele><time>2026-04-25T13:54:22-07:00</time><course>256.8284</course><roll>-9.622545</roll><pitch>-5.613282</pitch><mode /></trkpt><trkpt lat="35.1121761" lon="-118.4779155"><ele>1303.13</ele><time>2026-04-25T13:54:23-07:00</time><course>259.265</course><roll>-12.7089</roll><pitch>-5.43734</pitch><mode /></trkpt><trkpt lat="35.1121729" lon="-118.4779323"><ele>1303.21</ele><time>2026-04-25T13:54:23-07:00</time><course>259.8242</course><roll>-14.57761</roll><pitch>-6.117715</pitch><mode /></trkpt><trkpt lat="35.1121703" lon="-118.4779491"><ele>1303.52</ele><time>2026-04-25T13:54:23-07:00</time><course>259.5765</course><roll>-16.14041</roll><pitch>-6.756351</pitch><mode /></trkpt><trkpt lat="35.1121687" lon="-118.477967"><ele>1303.93</ele><time>2026-04-25T13:54:23-07:00</time><course>258.9553</course><roll>-14.54758</roll><pitch>-6.336042</pitch><mode /></trkpt><trkpt lat="35.1121675" lon="-118.4779861"><ele>1304.28</ele><time>2026-04-25T13:54:23-07:00</time><course>261.337</course><roll>-14.25041</roll><pitch>-4.118226</pitch><mode /></trkpt><trkpt lat="35.1121665" lon="-118.4780055"><ele>1304.41</ele><time>2026-04-25T13:54:24-07:00</time><course>263.9212</course><roll>-13.58261</roll><pitch>-3.856033</pitch><mode /></trkpt><trkpt lat="35.1121661" lon="-118.4780251"><ele>1304.46</ele><time>2026-04-25T13:54:24-07:00</time><course>264.0756</course><roll>-15.04684</roll><pitch>-4.022263</pitch><mode /></trkpt><trkpt lat="35.1121664" lon="-118.4780443"><ele>1304.69</ele><time>2026-04-25T13:54:24-07:00</time><course>263.1074</course><roll>-15.72285</roll><pitch>-4.159543</pitch><mode /></trkpt><trkpt lat="35.112167" lon="-118.4780635"><ele>1304.99</ele><time>2026-04-25T13:54:24-07:00</time><course>264.2563</course><roll>-13.36658</roll><pitch>-3.869999</pitch><mode /></trkpt><trkpt lat="35.112168" lon="-118.4780834"><ele>1305.18</ele><time>2026-04-25T13:54:24-07:00</time><course>268.1233</course><roll>-12.13784</roll><pitch>-2.771087</pitch><mode /></trkpt><trkpt lat="35.1121693" lon="-118.4781032"><ele>1305.23</ele><time>2026-04-25T13:54:25-07:00</time><course>269.1364</course><roll>-9.05798</roll><pitch>-3.361736</pitch><mode /></trkpt><trkpt lat="35.1121708" lon="-118.478122"><ele>1305.44</ele><time>2026-04-25T13:54:25-07:00</time><course>269.9946</course><roll>-8.765478</roll><pitch>-3.589936</pitch><mode /></trkpt><trkpt lat="35.1121726" lon="-118.4781401"><ele>1305.84</ele><time>2026-04-25T13:54:25-07:00</time><course>270.0687</course><roll>-6.898624</roll><pitch>-2.858399</pitch><mode /></trkpt><trkpt lat="35.1121748" lon="-118.4781599"><ele>1305.95</ele><time>2026-04-25T13:54:25-07:00</time><course>270.9131</course><roll>-7.816908</roll><pitch>-1.759849</pitch><mode /></trkpt><trkpt lat="35.1121774" lon="-118.4781776"><ele>1306.22</ele><time>2026-04-25T13:54:25-07:00</time><course>269.4378</course><roll>-6.117248</roll><pitch>-1.579122</pitch><mode /></trkpt><trkpt lat="35.1121803" lon="-118.4781958"><ele>1306.27</ele><time>2026-04-25T13:54:26-07:00</time><course>269.1407</course><roll>-10.25158</roll><pitch>-1.259021</pitch><mode /></trkpt><trkpt lat="35.1121836" lon="-118.4782141"><ele>1306.19</ele><time>2026-04-25T13:54:26-07:00</time><course>268.4741</course><roll>-10.5685</roll><pitch>-2.094024</pitch><mode /></trkpt><trkpt lat="35.1121872" lon="-118.478233"><ele>1306.01</ele><time>2026-04-25T13:54:26-07:00</time><course>268.8398</course><roll>-10.54824</roll><pitch>-1.878126</pitch><mode /></trkpt><trkpt lat="35.1121908" lon="-118.4782508"><ele>1305.96</ele><time>2026-04-25T13:54:26-07:00</time><course>271.9033</course><roll>-11.91946</roll><pitch>-1.116544</pitch><mode /></trkpt><trkpt lat="35.1121953" lon="-118.4782697"><ele>1305.85</ele><time>2026-04-25T13:54:26-07:00</time><course>271.6569</course><roll>-15.62215</roll><pitch>-1.800854</pitch><mode /></trkpt><trkpt lat="35.1122005" lon="-118.4782886"><ele>1305.68</ele><time>2026-04-25T13:54:27-07:00</time><course>271.0696</course><roll>-16.61403</roll><pitch>-2.431795</pitch><mode /></trkpt><trkpt lat="35.1122063" lon="-118.4783074"><ele>1305.55</ele><time>2026-04-25T13:54:27-07:00</time><course>270.8409</course><roll>-12.37529</roll><pitch>-3.282354</pitch><mode /></trkpt><trkpt lat="35.1122123" lon="-118.4783259"><ele>1305.43</ele><time>2026-04-25T13:54:27-07:00</time><course>271.7557</course><roll>-14.34113</roll><pitch>-3.175037</pitch><mode /></trkpt><trkpt lat="35.1122187" lon="-118.4783452"><ele>1305.19</ele><time>2026-04-25T13:54:27-07:00</time><course>274.5121</course><roll>-15.73049</roll><pitch>-2.561357</pitch><mode /></trkpt><trkpt lat="35.1122258" lon="-118.4783645"><ele>1304.87</ele><time>2026-04-25T13:54:27-07:00</time><course>275.7152</course><roll>-18.16919</roll><pitch>-3.708124</pitch><mode /></trkpt><trkpt lat="35.1122335" lon="-118.4783826"><ele>1304.73</ele><time>2026-04-25T13:54:28-07:00</time><course>276.8795</course><roll>-15.03258</roll><pitch>-3.957077</pitch><mode /></trkpt><trkpt lat="35.1122411" lon="-118.4784002"><ele>1304.56</ele><time>2026-04-25T13:54:28-07:00</time><course>280.0907</course><roll>-13.44705</roll><pitch>-3.915017</pitch><mode /></trkpt><trkpt lat="35.1122489" lon="-118.4784163"><ele>1304.44</ele><time>2026-04-25T13:54:28-07:00</time><course>281.3134</course><roll>-5.398041</roll><pitch>-4.92465</pitch><mode /></trkpt><trkpt lat="35.1122574" lon="-118.4784332"><ele>1304.45</ele><time>2026-04-25T13:54:28-07:00</time><course>282.896</course><roll>0.5940211</roll><pitch>-4.524349</pitch><mode /></trkpt><trkpt lat="35.1122658" lon="-118.4784505"><ele>1304.49</ele><time>2026-04-25T13:54:28-07:00</time><course>284.7827</course><roll>-2.722046</roll><pitch>-3.992466</pitch><mode /></trkpt><trkpt lat="35.1122738" lon="-118.478467"><ele>1304.5</ele><time>2026-04-25T13:54:29-07:00</time><course>285.304</course><roll>0.3058807</roll><pitch>-3.429351</pitch><mode /></trkpt><trkpt lat="35.1122816" lon="-118.4784838"><ele>1304.47</ele><time>2026-04-25T13:54:29-07:00</time><course>286.921</course><roll>-1.144936</roll><pitch>-3.165902</pitch><mode /></trkpt><trkpt lat="35.1122893" lon="-118.4784992"><ele>1304.6</ele><time>2026-04-25T13:54:29-07:00</time><course>287.9303</course><roll>-4.50544</roll><pitch>-2.973106</pitch><mode /></trkpt><trkpt lat="35.1122976" lon="-118.4785154"><ele>1304.59</ele><time>2026-04-25T13:54:29-07:00</time><course>286.1176</course><roll>-7.132401</roll><pitch>-2.976533</pitch><mode /></trkpt><trkpt lat="35.1123066" lon="-118.4785328"><ele>1304.44</ele><time>2026-04-25T13:54:29-07:00</time><course>282.8614</course><roll>-7.454891</roll><pitch>-3.758719</pitch><mode /></trkpt><trkpt lat="35.1123156" lon="-118.4785493"><ele>1304.43</ele><time>2026-04-25T13:54:30-07:00</time><course>285.0974</course><roll>-13.62196</roll><pitch>-2.478151</pitch><mode /></trkpt><trkpt lat="35.1123245" lon="-118.4785666"><ele>1304.27</ele><time>2026-04-25T13:54:30-07:00</time><course>289.6375</course><roll>-13.57964</roll><pitch>-2.084623</pitch><mode /></trkpt><trkpt lat="35.1123337" lon="-118.4785844"><ele>1304.06</ele><time>2026-04-25T13:54:30-07:00</time><course>293.0154</course><roll>-9.096241</roll><pitch>-3.057256</pitch><mode /></trkpt><trkpt lat="35.1123431" lon="-118.4786007"><ele>1304.19</ele><time>2026-04-25T13:54:30-07:00</time><course>298.5146</course><roll>-10.2695</roll><pitch>-2.324607</pitch><mode /></trkpt><trkpt lat="35.1123536" lon="-118.4786173"><ele>1304.43</ele><time>2026-04-25T13:54:30-07:00</time><course>298.4045</course><roll>-8.589137</roll><pitch>-2.523911</pitch><mode /></trkpt><trkpt lat="35.112365" lon="-118.4786325"><ele>1304.75</ele><time>2026-04-25T13:54:31-07:00</time><course>293.0942</course><roll>-4.712152</roll><pitch>-4.040066</pitch><mode /></trkpt><trkpt lat="35.1123772" lon="-118.4786495"><ele>1304.86</ele><time>2026-04-25T13:54:31-07:00</time><course>293.2894</course><roll>-6.097756</roll><pitch>-3.523201</pitch><mode /></trkpt><trkpt lat="35.1123891" lon="-118.4786665"><ele>1304.96</ele><time>2026-04-25T13:54:31-07:00</time><course>294.4681</course><roll>-11.32962</roll><pitch>-2.590869</pitch><mode /></trkpt><trkpt lat="35.1124014" lon="-118.4786824"><ele>1305.12</ele><time>2026-04-25T13:54:31-07:00</time><course>294.6584</course><roll>-9.952238</roll><pitch>-1.55939</pitch><mode /></trkpt><trkpt lat="35.1124134" lon="-118.4786984"><ele>1305.42</ele><time>2026-04-25T13:54:31-07:00</time><course>302.7672</course><roll>-13.90291</roll><pitch>0.8728777</pitch><mode /></trkpt><trkpt lat="35.1124259" lon="-118.4787141"><ele>1305.81</ele><time>2026-04-25T13:54:32-07:00</time><course>303.3907</course><roll>-18.39216</roll><pitch>-0.7663745</pitch><mode /></trkpt><trkpt lat="35.1124406" lon="-118.478729"><ele>1306.14</ele><time>2026-04-25T13:54:32-07:00</time><course>298.7828</course><roll>-17.57345</roll><pitch>-3.498843</pitch><mode /></trkpt><trkpt lat="35.1124568" lon="-118.4787445"><ele>1306.39</ele><time>2026-04-25T13:54:32-07:00</time><course>295.9997</course><roll>-20.99049</roll><pitch>-3.471488</pitch><mode /></trkpt><trkpt lat="35.1124732" lon="-118.4787597"><ele>1306.57</ele><time>2026-04-25T13:54:32-07:00</time><course>294.3776</course><roll>-23.20481</roll><pitch>-2.816475</pitch><mode /></trkpt><trkpt lat="35.1124897" lon="-118.4787741"><ele>1306.66</ele><time>2026-04-25T13:54:32-07:00</time><course>295.9337</course><roll>-25.9193</roll><pitch>-1.745816</pitch><mode /></trkpt><trkpt lat="35.1125066" lon="-118.478789"><ele>1306.55</ele><time>2026-04-25T13:54:33-07:00</time><course>303.1139</course><roll>-21.08366</roll><pitch>-0.5350142</pitch><mode /></trkpt><trkpt lat="35.1125244" lon="-118.4788029"><ele>1306.55</ele><time>2026-04-25T13:54:33-07:00</time><course>307.4973</course><roll>-24.36575</roll><pitch>-0.9391325</pitch><mode /></trkpt><trkpt lat="35.1125441" lon="-118.4788159"><ele>1306.59</ele><time>2026-04-25T13:54:33-07:00</time><course>310.3986</course><roll>-23.98176</roll><pitch>-3.352201</pitch><mode /></trkpt><trkpt lat="35.1125649" lon="-118.478828"><ele>1306.48</ele><time>2026-04-25T13:54:33-07:00</time><course>311.2785</course><roll>-20.60032</roll><pitch>-7.545329</pitch><mode /></trkpt><trkpt lat="35.1125861" lon="-118.4788373"><ele>1306.62</ele><time>2026-04-25T13:54:33-07:00</time><course>314.5706</course><roll>-24.21799</roll><pitch>-9.513956</pitch><mode /></trkpt><trkpt lat="35.1126079" lon="-118.4788448"><ele>1306.97</ele><time>2026-04-25T13:54:34-07:00</time><course>317.1252</course><roll>-26.7865</roll><pitch>-11.56942</pitch><mode /></trkpt><trkpt lat="35.1126305" lon="-118.4788516"><ele>1307.21</ele><time>2026-04-25T13:54:34-07:00</time><course>317.9323</course><roll>-24.5781</roll><pitch>-12.83309</pitch><mode /></trkpt><trkpt lat="35.1126533" lon="-118.4788558"><ele>1307.54</ele><time>2026-04-25T13:54:34-07:00</time><course>318.5412</course><roll>-21.0019</roll><pitch>-14.5316</pitch><mode /></trkpt><trkpt lat="35.1126762" lon="-118.4788589"><ele>1307.74</ele><time>2026-04-25T13:54:34-07:00</time><course>317.3491</course><roll>-16.757</roll><pitch>-16.95606</pitch><mode /></trkpt><trkpt lat="35.1126987" lon="-118.4788598"><ele>1308.02</ele><time>2026-04-25T13:54:34-07:00</time><course>316.1178</course><roll>-13.4865</roll><pitch>-17.05442</pitch><mode /></trkpt><trkpt lat="35.1127213" lon="-118.4788586"><ele>1308.65</ele><time>2026-04-25T13:54:35-07:00</time><course>318.2333</course><roll>-11.86177</roll><pitch>-15.55637</pitch><mode /></trkpt><trkpt lat="35.1127435" lon="-118.4788582"><ele>1308.87</ele><time>2026-04-25T13:54:35-07:00</time><course>317.3904</course><roll>-10.8545</roll><pitch>-15.34877</pitch><mode /></trkpt><trkpt lat="35.1127655" lon="-118.4788565"><ele>1309.19</ele><time>2026-04-25T13:54:35-07:00</time><course>316.9931</course><roll>-6.174973</roll><pitch>-15.09304</pitch><mode /></trkpt><trkpt lat="35.1127872" lon="-118.4788546"><ele>1309.54</ele><time>2026-04-25T13:54:35-07:00</time><course>319.8579</course><roll>-3.406523</roll><pitch>-13.96887</pitch><mode /></trkpt><trkpt lat="35.1128092" lon="-118.4788537"><ele>1309.75</ele><time>2026-04-25T13:54:35-07:00</time><course>320.846</course><roll>-1.385446</roll><pitch>-13.656</pitch><mode /></trkpt><trkpt lat="35.1128311" lon="-118.4788531"><ele>1309.77</ele><time>2026-04-25T13:54:36-07:00</time><course>320.1143</course><roll>1.236631</roll><pitch>-14.09507</pitch><mode /></trkpt><trkpt lat="35.1128528" lon="-118.4788528"><ele>1309.77</ele><time>2026-04-25T13:54:36-07:00</time><course>321.5758</course><roll>-0.9858814</roll><pitch>-14.19533</pitch><mode /></trkpt><trkpt lat="35.1128741" lon="-118.4788522"><ele>1310.03</ele><time>2026-04-25T13:54:36-07:00</time><course>323.194</course><roll>-8.891701</roll><pitch>-14.00082</pitch><mode /></trkpt><trkpt lat="35.1128955" lon="-118.4788515"><ele>1310.17</ele><time>2026-04-25T13:54:36-07:00</time><course>320.9535</course><roll>-6.852852</roll><pitch>-14.65425</pitch><mode /></trkpt><trkpt lat="35.1129168" lon="-118.4788505"><ele>1310.42</ele><time>2026-04-25T13:54:36-07:00</time><course>322.3533</course><roll>-6.441376</roll><pitch>-14.31193</pitch><mode /></trkpt><trkpt lat="35.1129378" lon="-118.4788497"><ele>1310.72</ele><time>2026-04-25T13:54:37-07:00</time><course>323.6789</course><roll>-7.232946</roll><pitch>-14.11564</pitch><mode /></trkpt><trkpt lat="35.1129591" lon="-118.4788488"><ele>1311.02</ele><time>2026-04-25T13:54:37-07:00</time><course>322.6122</course><roll>-6.021577</roll><pitch>-13.96647</pitch><mode /></trkpt><trkpt lat="35.1129802" lon="-118.4788478"><ele>1311.37</ele><time>2026-04-25T13:54:37-07:00</time><course>322.6936</course><roll>-1.384775</roll><pitch>-12.37081</pitch><mode /></trkpt><trkpt lat="35.1130011" lon="-118.4788473"><ele>1311.71</ele><time>2026-04-25T13:54:37-07:00</time><course>325.3326</course><roll>-1.793584</roll><pitch>-11.23901</pitch><mode /></trkpt><trkpt lat="35.1130223" lon="-118.4788471"><ele>1311.97</ele><time>2026-04-25T13:54:37-07:00</time><course>325.9781</course><roll>-4.052021</roll><pitch>-10.72364</pitch><mode /></trkpt><trkpt lat="35.1130435" lon="-118.4788468"><ele>1312.2</ele><time>2026-04-25T13:54:38-07:00</time><course>324.8017</course><roll>-2.890817</roll><pitch>-10.09066</pitch><mode /></trkpt><trkpt lat="35.1130645" lon="-118.4788467"><ele>1312.46</ele><time>2026-04-25T13:54:38-07:00</time><course>327.3724</course><roll>-5.779213</roll><pitch>-9.353362</pitch><mode /></trkpt><trkpt lat="35.1130863" lon="-118.4788469"><ele>1312.78</ele><time>2026-04-25T13:54:38-07:00</time><course>328.6518</course><roll>-9.733375</roll><pitch>-8.561125</pitch><mode /></trkpt><trkpt lat="35.1131085" lon="-118.4788468"><ele>1312.99</ele><time>2026-04-25T13:54:38-07:00</time><course>327.2227</course><roll>-7.500266</roll><pitch>-9.311029</pitch><mode /></trkpt><trkpt lat="35.1131304" lon="-118.4788458"><ele>1313.19</ele><time>2026-04-25T13:54:38-07:00</time><course>324.1419</course><roll>-6.641898</roll><pitch>-10.36633</pitch><mode /></trkpt><trkpt lat="35.1131523" lon="-118.4788449"><ele>1313.41</ele><time>2026-04-25T13:54:39-07:00</time><course>324.4251</course><roll>-9.379255</roll><pitch>-9.333747</pitch><mode /></trkpt><trkpt lat="35.1131746" lon="-118.4788435"><ele>1313.77</ele><time>2026-04-25T13:54:39-07:00</time><course>322.8251</course><roll>-7.965147</roll><pitch>-8.972623</pitch><mode /></trkpt><trkpt lat="35.1131973" lon="-118.4788424"><ele>1314.03</ele><time>2026-04-25T13:54:39-07:00</time><course>322.4421</course><roll>-7.295189</roll><pitch>-8.165341</pitch><mode /></trkpt><trkpt lat="35.1132199" lon="-118.4788415"><ele>1314.28</ele><time>2026-04-25T13:54:39-07:00</time><course>322.5619</course><roll>-7.737795</roll><pitch>-7.867746</pitch><mode /></trkpt><trkpt lat="35.1132428" lon="-118.4788405"><ele>1314.5</ele><time>2026-04-25T13:54:39-07:00</time><course>322.8647</course><roll>-7.787757</roll><pitch>-6.535064</pitch><mode /></trkpt><trkpt lat="35.113266" lon="-118.4788389"><ele>1314.73</ele><time>2026-04-25T13:54:40-07:00</time><course>322.4904</course><roll>-6.984896</roll><pitch>-5.971209</pitch><mode /></trkpt><trkpt lat="35.1132894" lon="-118.4788373"><ele>1314.87</ele><time>2026-04-25T13:54:40-07:00</time><course>322.933</course><roll>-7.481361</roll><pitch>-5.65262</pitch><mode /></trkpt><trkpt lat="35.1133129" lon="-118.4788358"><ele>1314.97</ele><time>2026-04-25T13:54:40-07:00</time><course>323.4882</course><roll>-8.816157</roll><pitch>-5.786692</pitch><mode /></trkpt><trkpt lat="35.1133367" lon="-118.4788347"><ele>1314.91</ele><time>2026-04-25T13:54:40-07:00</time><course>323.9477</course><roll>-9.550571</roll><pitch>-5.683113</pitch><mode /></trkpt><trkpt lat="35.1133605" lon="-118.4788328"><ele>1314.85</ele><time>2026-04-25T13:54:40-07:00</time><course>321.7936</course><roll>-7.868932</roll><pitch>-6.027468</pitch><mode /></trkpt><trkpt lat="35.1133843" lon="-118.4788302"><ele>1314.92</ele><time>2026-04-25T13:54:41-07:00</time><course>324.7794</course><roll>-9.171135</roll><pitch>-5.410349</pitch><mode /></trkpt><trkpt lat="35.1134082" lon="-118.4788283"><ele>1314.85</ele><time>2026-04-25T13:54:41-07:00</time><course>326.4953</course><roll>-9.045662</roll><pitch>-5.460001</pitch><mode /></trkpt><trkpt lat="35.1134324" lon="-118.478826"><ele>1314.72</ele><time>2026-04-25T13:54:41-07:00</time><course>324.7115</course><roll>-8.607345</roll><pitch>-6.188243</pitch><mode /></trkpt><trkpt lat="35.1134567" lon="-118.4788234"><ele>1314.61</ele><time>2026-04-25T13:54:41-07:00</time><course>324.437</course><roll>-7.895767</roll><pitch>-5.462865</pitch><mode /></trkpt><trkpt lat="35.1134808" lon="-118.4788204"><ele>1314.64</ele><time>2026-04-25T13:54:41-07:00</time><course>328.9057</course><roll>-12.27706</roll><pitch>-4.494379</pitch><mode /></trkpt><trkpt lat="35.1135051" lon="-118.4788166"><ele>1314.59</ele><time>2026-04-25T13:54:42-07:00</time><course>327.5999</course><roll>-12.49511</roll><pitch>-6.23616</pitch><mode /></trkpt><trkpt lat="35.1135299" lon="-118.4788125"><ele>1314.38</ele><time>2026-04-25T13:54:42-07:00</time><course>325.5362</course><roll>-7.210868</roll><pitch>-6.931061</pitch><mode /></trkpt><trkpt lat="35.1135547" lon="-118.4788089"><ele>1314.29</ele><time>2026-04-25T13:54:42-07:00</time><course>329.9162</course><roll>-2.511324</roll><pitch>-4.859012</pitch><mode /></trkpt><trkpt lat="35.1135795" lon="-118.478806"><ele>1314.25</ele><time>2026-04-25T13:54:42-07:00</time><course>334.0439</course><roll>-4.342113</roll><pitch>-3.735278</pitch><mode /></trkpt><trkpt lat="35.1136046" lon="-118.4788029"><ele>1314.29</ele><time>2026-04-25T13:54:42-07:00</time><course>336.1853</course><roll>-4.579124</roll><pitch>-4.078114</pitch><mode /></trkpt><trkpt lat="35.1136305" lon="-118.4787998"><ele>1314.33</ele><time>2026-04-25T13:54:43-07:00</time><course>334.5732</course><roll>-5.280101</roll><pitch>-4.77304</pitch><mode /></trkpt><trkpt lat="35.1136566" lon="-118.4787967"><ele>1314.29</ele><time>2026-04-25T13:54:43-07:00</time><course>332.4419</course><roll>-5.439255</roll><pitch>-4.598321</pitch><mode /></trkpt><trkpt lat="35.1136827" lon="-118.4787936"><ele>1314.26</ele><time>2026-04-25T13:54:43-07:00</time><course>332.1953</course><roll>-7.326296</roll><pitch>-3.707448</pitch><mode /></trkpt><trkpt lat="35.1137089" lon="-118.4787897"><ele>1314.42</ele><time>2026-04-25T13:54:43-07:00</time><course>333.6333</course><roll>-5.756514</roll><pitch>-3.05428</pitch><mode /></trkpt><trkpt lat="35.1137354" lon="-118.4787865"><ele>1314.53</ele><time>2026-04-25T13:54:43-07:00</time><course>335.4615</course><roll>-5.297642</roll><pitch>-2.45193</pitch><mode /></trkpt><trkpt lat="35.1137622" lon="-118.4787832"><ele>1314.76</ele><time>2026-04-25T13:54:44-07:00</time><course>337.8408</course><roll>-8.412034</roll><pitch>-1.834472</pitch><mode /></trkpt><trkpt lat="35.1137893" lon="-118.4787795"><ele>1314.94</ele><time>2026-04-25T13:54:44-07:00</time><course>336.557</course><roll>-8.795067</roll><pitch>-2.025915</pitch><mode /></trkpt><trkpt lat="35.1138167" lon="-118.478775"><ele>1315.04</ele><time>2026-04-25T13:54:44-07:00</time><course>333.3405</course><roll>-8.715908</roll><pitch>-2.516984</pitch><mode /></trkpt><trkpt lat="35.1138446" lon="-118.4787705"><ele>1315.1</ele><time>2026-04-25T13:54:44-07:00</time><course>331.5915</course><roll>-7.765311</roll><pitch>-2.48738</pitch><mode /></trkpt><trkpt lat="35.1138728" lon="-118.4787661"><ele>1315.03</ele><time>2026-04-25T13:54:44-07:00</time><course>331.8312</course><roll>-7.387073</roll><pitch>-1.947501</pitch><mode /></trkpt><trkpt lat="35.1139008" lon="-118.4787614"><ele>1314.9</ele><time>2026-04-25T13:54:45-07:00</time><course>335.0671</course><roll>-9.289587</roll><pitch>-2.471636</pitch><mode /></trkpt><trkpt lat="35.1139286" lon="-118.4787564"><ele>1314.75</ele><time>2026-04-25T13:54:45-07:00</time><course>336.7982</course><roll>-9.824011</roll><pitch>-2.634305</pitch><mode /></trkpt><trkpt lat="35.1139563" lon="-118.4787507"><ele>1314.7</ele><time>2026-04-25T13:54:45-07:00</time><course>340.3034</course><roll>-8.486873</roll><pitch>-2.979362</pitch><mode /></trkpt><trkpt lat="35.1139839" lon="-118.4787447"><ele>1314.52</ele><time>2026-04-25T13:54:45-07:00</time><course>339.2339</course><roll>-8.76616</roll><pitch>-4.270752</pitch><mode /></trkpt><trkpt lat="35.1140114" lon="-118.4787377"><ele>1314.55</ele><time>2026-04-25T13:54:45-07:00</time><course>340.958</course><roll>-6.71645</roll><pitch>-4.176965</pitch><mode /></trkpt><trkpt lat="35.1140381" lon="-118.4787308"><ele>1314.67</ele><time>2026-04-25T13:54:46-07:00</time><course>346.1703</course><roll>-7.388565</roll><pitch>-2.683645</pitch><mode /></trkpt><trkpt lat="35.1140645" lon="-118.4787224"><ele>1315.05</ele><time>2026-04-25T13:54:46-07:00</time><course>348.0254</course><roll>-5.2264</roll><pitch>-2.142742</pitch><mode /></trkpt><trkpt lat="35.1140907" lon="-118.4787139"><ele>1315.12</ele><time>2026-04-25T13:54:46-07:00</time><course>344.8499</course><roll>-10.4941</roll><pitch>-3.339008</pitch><mode /></trkpt><trkpt lat="35.1141169" lon="-118.4787053"><ele>1315.05</ele><time>2026-04-25T13:54:46-07:00</time><course>343.7063</course><roll>-13.64691</roll><pitch>-3.725444</pitch><mode /></trkpt><trkpt lat="35.1141429" lon="-118.478697"><ele>1314.95</ele><time>2026-04-25T13:54:46-07:00</time><course>344.0833</course><roll>-10.79103</roll><pitch>-3.96862</pitch><mode /></trkpt><trkpt lat="35.1141686" lon="-118.478688"><ele>1314.92</ele><time>2026-04-25T13:54:47-07:00</time><course>343.3</course><roll>-7.679143</roll><pitch>-4.062921</pitch><mode /></trkpt><trkpt lat="35.1141945" lon="-118.4786785"><ele>1315.09</ele><time>2026-04-25T13:54:47-07:00</time><course>344.8187</course><roll>-12.52369</roll><pitch>-3.834004</pitch><mode /></trkpt><trkpt lat="35.1142208" lon="-118.4786687"><ele>1315.15</ele><time>2026-04-25T13:54:47-07:00</time><course>340.5951</course><roll>-9.377166</roll><pitch>-5.221801</pitch><mode /></trkpt><trkpt lat="35.1142471" lon="-118.4786592"><ele>1315.02</ele><time>2026-04-25T13:54:47-07:00</time><course>341.2269</course><roll>-7.100097</roll><pitch>-3.734337</pitch><mode /></trkpt><trkpt lat="35.1142729" lon="-118.4786496"><ele>1315.16</ele><time>2026-04-25T13:54:47-07:00</time><course>345.7409</course><roll>-5.061769</roll><pitch>-2.778468</pitch><mode /></trkpt><trkpt lat="35.1142984" lon="-118.4786406"><ele>1315.37</ele><time>2026-04-25T13:54:48-07:00</time><course>351.169</course><roll>-3.85651</roll><pitch>-1.170346</pitch><mode /></trkpt><trkpt lat="35.1143247" lon="-118.4786315"><ele>1315.86</ele><time>2026-04-25T13:54:48-07:00</time><course>356.0317</course><roll>-4.514641</roll><pitch>0.5442219</pitch><mode /></trkpt><trkpt lat="35.1143517" lon="-118.4786223"><ele>1315.91</ele><time>2026-04-25T13:54:48-07:00</time><course>349.8817</course><roll>0.8386785</roll><pitch>0.4704809</pitch><mode /></trkpt><trkpt lat="35.1143788" lon="-118.4786125"><ele>1315.8</ele><time>2026-04-25T13:54:48-07:00</time><course>344.7915</course><roll>1.92251</roll><pitch>0.4158188</pitch><mode /></trkpt><trkpt lat="35.114406" lon="-118.4786034"><ele>1315.7</ele><time>2026-04-25T13:54:48-07:00</time><course>344.0891</course><roll>1.191772</roll><pitch>0.3513695</pitch><mode /></trkpt><trkpt lat="35.1144332" lon="-118.4785954"><ele>1315.41</ele><time>2026-04-25T13:54:49-07:00</time><course>344.839</course><roll>1.149547</roll><pitch>-1.134047</pitch><mode /></trkpt><trkpt lat="35.1144608" lon="-118.4785875"><ele>1315.2</ele><time>2026-04-25T13:54:49-07:00</time><course>340.1042</course><roll>0.7648768</roll><pitch>-1.92595</pitch><mode /></trkpt><trkpt lat="35.1144884" lon="-118.47858"><ele>1315.26</ele><time>2026-04-25T13:54:49-07:00</time><course>342.9218</course><roll>-5.665508</roll><pitch>-1.13205</pitch><mode /></trkpt><trkpt lat="35.1145161" lon="-118.4785726"><ele>1315.44</ele><time>2026-04-25T13:54:49-07:00</time><course>341.3621</course><roll>-4.503749</roll><pitch>-0.9618729</pitch><mode /></trkpt><trkpt lat="35.1145446" lon="-118.4785646"><ele>1315.64</ele><time>2026-04-25T13:54:49-07:00</time><course>341.6843</course><roll>-0.6958461</roll><pitch>0.7782317</pitch><mode /></trkpt><trkpt lat="35.1145725" lon="-118.4785577"><ele>1315.51</ele><time>2026-04-25T13:54:50-07:00</time><course>345.0602</course><roll>-1.073637</roll><pitch>0.3951039</pitch><mode /></trkpt><trkpt lat="35.1145999" lon="-118.4785505"><ele>1315.35</ele><time>2026-04-25T13:54:50-07:00</time><course>346.3842</course><roll>-3.868634</roll><pitch>-0.3711188</pitch><mode /></trkpt><trkpt lat="35.114628" lon="-118.4785434"><ele>1315.08</ele><time>2026-04-25T13:54:50-07:00</time><course>345.1044</course><roll>-5.761054</roll><pitch>-2.026297</pitch><mode /></trkpt><trkpt lat="35.1146558" lon="-118.4785361"><ele>1314.87</ele><time>2026-04-25T13:54:50-07:00</time><course>344.3409</course><roll>-4.35012</roll><pitch>-3.106384</pitch><mode /></trkpt><trkpt lat="35.1146838" lon="-118.4785281"><ele>1314.75</ele><time>2026-04-25T13:54:50-07:00</time><course>341.6931</course><roll>-5.363505</roll><pitch>-3.240553</pitch><mode /></trkpt><trkpt lat="35.1147117" lon="-118.4785202"><ele>1314.59</ele><time>2026-04-25T13:54:51-07:00</time><course>341.4397</course><roll>-6.63921</roll><pitch>-3.667628</pitch><mode /></trkpt><trkpt lat="35.1147395" lon="-118.4785131"><ele>1314.27</ele><time>2026-04-25T13:54:51-07:00</time><course>340.8859</course><roll>-7.269273</roll><pitch>-4.126213</pitch><mode /></trkpt><trkpt lat="35.1147674" lon="-118.4785052"><ele>1314.16</ele><time>2026-04-25T13:54:51-07:00</time><course>341.286</course><roll>-7.39478</roll><pitch>-4.484367</pitch><mode /></trkpt><trkpt lat="35.1147952" lon="-118.4784975"><ele>1313.91</ele><time>2026-04-25T13:54:51-07:00</time><course>341.6078</course><roll>-6.842073</roll><pitch>-5.40165</pitch><mode /></trkpt><trkpt lat="35.1148226" lon="-118.4784895"><ele>1313.64</ele><time>2026-04-25T13:54:51-07:00</time><course>342.0529</course><roll>-6.717619</roll><pitch>-6.229387</pitch><mode /></trkpt><trkpt lat="35.1148498" lon="-118.4784811"><ele>1313.45</ele><time>2026-04-25T13:54:52-07:00</time><course>342.4887</course><roll>-4.769796</roll><pitch>-6.61997</pitch><mode /></trkpt><trkpt lat="35.1148768" lon="-118.4784723"><ele>1313.31</ele><time>2026-04-25T13:54:52-07:00</time><course>343.2933</course><roll>-5.030005</roll><pitch>-6.384145</pitch><mode /></trkpt><trkpt lat="35.1149037" lon="-118.4784631"><ele>1313.24</ele><time>2026-04-25T13:54:52-07:00</time><course>343.4651</course><roll>-3.242679</roll><pitch>-6.596356</pitch><mode /></trkpt><trkpt lat="35.1149304" lon="-118.4784538"><ele>1313.22</ele><time>2026-04-25T13:54:52-07:00</time><course>342.7401</course><roll>-2.613418</roll><pitch>-5.927924</pitch><mode /></trkpt><trkpt lat="35.1149571" lon="-118.4784441"><ele>1313.31</ele><time>2026-04-25T13:54:52-07:00</time><course>343.8341</course><roll>-4.378651</roll><pitch>-5.423825</pitch><mode /></trkpt><trkpt lat="35.114984" lon="-118.4784343"><ele>1313.38</ele><time>2026-04-25T13:54:53-07:00</time><course>343.9648</course><roll>-5.041517</roll><pitch>-5.193289</pitch><mode /></trkpt><trkpt lat="35.1150108" lon="-118.4784246"><ele>1313.35</ele><time>2026-04-25T13:54:53-07:00</time><course>343.8878</course><roll>-4.807907</roll><pitch>-5.534946</pitch><mode /></trkpt><trkpt lat="35.1150378" lon="-118.4784145"><ele>1313.4</ele><time>2026-04-25T13:54:53-07:00</time><course>345.1151</course><roll>-6.72735</roll><pitch>-5.827403</pitch><mode /></trkpt><trkpt lat="35.1150649" lon="-118.4784049"><ele>1313.3</ele><time>2026-04-25T13:54:53-07:00</time><course>344.5164</course><roll>-6.659837</roll><pitch>-6.348261</pitch><mode /></trkpt><trkpt lat="35.1150916" lon="-118.4783944"><ele>1313.17</ele><time>2026-04-25T13:54:53-07:00</time><course>342.8865</course><roll>-6.553129</roll><pitch>-7.244319</pitch><mode /></trkpt><trkpt lat="35.1151186" lon="-118.4783837"><ele>1313.29</ele><time>2026-04-25T13:54:54-07:00</time><course>343.7659</course><roll>-5.710011</roll><pitch>-6.457569</pitch><mode /></trkpt><trkpt lat="35.1151457" lon="-118.4783735"><ele>1313.32</ele><time>2026-04-25T13:54:54-07:00</time><course>346.13</course><roll>-8.199424</roll><pitch>-5.831005</pitch><mode /></trkpt><trkpt lat="35.115173" lon="-118.4783627"><ele>1313.24</ele><time>2026-04-25T13:54:54-07:00</time><course>344.9894</course><roll>-7.73229</roll><pitch>-6.723935</pitch><mode /></trkpt><trkpt lat="35.1152002" lon="-118.4783517"><ele>1313.14</ele><time>2026-04-25T13:54:54-07:00</time><course>345.2634</course><roll>-8.84339</roll><pitch>-7.057231</pitch><mode /></trkpt><trkpt lat="35.1152274" lon="-118.4783406"><ele>1313.2</ele><time>2026-04-25T13:54:54-07:00</time><course>356.5696</course><roll>-23.33132</roll><pitch>-5.881259</pitch><mode /></trkpt><trkpt lat="35.1152543" lon="-118.4783279"><ele>1313.31</ele><time>2026-04-25T13:54:55-07:00</time><course>0.1138919</course><roll>-33.93613</roll><pitch>-7.254642</pitch><mode /></trkpt><trkpt lat="35.1152814" lon="-118.4783114"><ele>1313.51</ele><time>2026-04-25T13:54:55-07:00</time><course>0.2325382</course><roll>-38.40862</roll><pitch>-9.714659</pitch><mode /></trkpt><trkpt lat="35.1153085" lon="-118.4782923"><ele>1313.62</ele><time>2026-04-25T13:54:55-07:00</time><course>3.636546</course><roll>-43.59873</roll><pitch>-8.507545</pitch><mode /></trkpt><trkpt lat="35.1153355" lon="-118.4782711"><ele>1313.67</ele><time>2026-04-25T13:54:55-07:00</time><course>8.268062</course><roll>-45.58519</roll><pitch>-8.170001</pitch><mode /></trkpt><trkpt lat="35.1153621" lon="-118.478247"><ele>1313.66</ele><time>2026-04-25T13:54:55-07:00</time><course>13.78291</course><roll>-45.73515</roll><pitch>-7.585335</pitch><mode /></trkpt><trkpt lat="35.1153882" lon="-118.4782199"><ele>1313.67</ele><time>2026-04-25T13:54:56-07:00</time><course>20.89992</course><roll>-46.55831</roll><pitch>-6.71326</pitch><mode /></trkpt><trkpt lat="35.1154135" lon="-118.4781898"><ele>1313.68</ele><time>2026-04-25T13:54:56-07:00</time><course>28.6354</course><roll>-48.6787</roll><pitch>-7.472429</pitch><mode /></trkpt><trkpt lat="35.1154369" lon="-118.4781571"><ele>1313.4</ele><time>2026-04-25T13:54:56-07:00</time><course>35.97689</course><roll>-50.29216</roll><pitch>-8.747933</pitch><mode /></trkpt><trkpt lat="35.1154582" lon="-118.4781212"><ele>1313.03</ele><time>2026-04-25T13:54:56-07:00</time><course>44.81514</course><roll>-50.37629</roll><pitch>-8.797474</pitch><mode /></trkpt><trkpt lat="35.1154771" lon="-118.4780812"><ele>1313.05</ele><time>2026-04-25T13:54:56-07:00</time><course>51.3767</course><roll>-49.2692</roll><pitch>-10.5657</pitch><mode /></trkpt><trkpt lat="35.1154931" lon="-118.4780389"><ele>1312.97</ele><time>2026-04-25T13:54:57-07:00</time><course>58.20733</course><roll>-50.15303</roll><pitch>-10.2529</pitch><mode /></trkpt><trkpt lat="35.1155067" lon="-118.4779948"><ele>1312.76</ele><time>2026-04-25T13:54:57-07:00</time><course>66.51525</course><roll>-51.53563</roll><pitch>-8.023254</pitch><mode /></trkpt><trkpt lat="35.1155179" lon="-118.477949"><ele>1312.56</ele><time>2026-04-25T13:54:57-07:00</time><course>73.93892</course><roll>-50.7677</roll><pitch>-8.200343</pitch><mode /></trkpt><trkpt lat="35.1155262" lon="-118.4779025"><ele>1312.25</ele><time>2026-04-25T13:54:57-07:00</time><course>83.6764</course><roll>-53.00408</roll><pitch>-6.833126</pitch><mode /></trkpt><trkpt lat="35.1155313" lon="-118.4778555"><ele>1312</ele><time>2026-04-25T13:54:57-07:00</time><course>92.08328</course><roll>-53.04485</roll><pitch>-7.261425</pitch><mode /></trkpt><trkpt lat="35.1155323" lon="-118.4778085"><ele>1311.67</ele><time>2026-04-25T13:54:58-07:00</time><course>99.49879</course><roll>-51.57949</roll><pitch>-9.305745</pitch><mode /></trkpt><trkpt lat="35.1155299" lon="-118.4777632"><ele>1311.08</ele><time>2026-04-25T13:54:58-07:00</time><course>107.9237</course><roll>-50.85163</roll><pitch>-9.459248</pitch><mode /></trkpt><trkpt lat="35.1155239" lon="-118.477718"><ele>1311.2</ele><time>2026-04-25T13:54:58-07:00</time><course>115.0496</course><roll>-50.38794</roll><pitch>-9.567361</pitch><mode /></trkpt><trkpt lat="35.1155148" lon="-118.4776757"><ele>1310.95</ele><time>2026-04-25T13:54:58-07:00</time><course>123.2737</course><roll>-51.22116</roll><pitch>-9.44709</pitch><mode /></trkpt><trkpt lat="35.1155034" lon="-118.4776358"><ele>1310.63</ele><time>2026-04-25T13:54:58-07:00</time><course>132.0193</course><roll>-50.71697</roll><pitch>-8.380627</pitch><mode /></trkpt><trkpt lat="35.1154899" lon="-118.4775984"><ele>1310.35</ele><time>2026-04-25T13:54:59-07:00</time><course>140.3966</course><roll>-50.94354</roll><pitch>-10.35315</pitch><mode /></trkpt><trkpt lat="35.1154741" lon="-118.4775642"><ele>1310.15</ele><time>2026-04-25T13:54:59-07:00</time><course>147.8493</course><roll>-51.42171</roll><pitch>-11.73975</pitch><mode /></trkpt><trkpt lat="35.1154557" lon="-118.4775336"><ele>1310.07</ele><time>2026-04-25T13:54:59-07:00</time><course>153.6045</course><roll>-50.54899</roll><pitch>-13.58781</pitch><mode /></trkpt><trkpt lat="35.115436" lon="-118.4775064"><ele>1309.94</ele><time>2026-04-25T13:54:59-07:00</time><course>159.606</course><roll>-45.89376</roll><pitch>-12.41133</pitch><mode /></trkpt><trkpt lat="35.1154157" lon="-118.4774814"><ele>1309.76</ele><time>2026-04-25T13:54:59-07:00</time><course>168.2839</course><roll>-47.70803</roll><pitch>-7.991937</pitch><mode /></trkpt><trkpt lat="35.1153946" lon="-118.4774593"><ele>1309.5</ele><time>2026-04-25T13:55:00-07:00</time><course>175.7127</course><roll>-50.05511</roll><pitch>-7.820047</pitch><mode /></trkpt><trkpt lat="35.1153728" lon="-118.4774414"><ele>1309.29</ele><time>2026-04-25T13:55:00-07:00</time><course>180.4099</course><roll>-47.85865</roll><pitch>-11.05321</pitch><mode /></trkpt><trkpt lat="35.1153507" lon="-118.4774269"><ele>1308.99</ele><time>2026-04-25T13:55:00-07:00</time><course>185.5953</course><roll>-45.44342</roll><pitch>-12.57788</pitch><mode /></trkpt><trkpt lat="35.1153291" lon="-118.4774149"><ele>1308.88</ele><time>2026-04-25T13:55:00-07:00</time><course>192.3454</course><roll>-44.77517</roll><pitch>-10.9111</pitch><mode /></trkpt><trkpt lat="35.115308" lon="-118.4774056"><ele>1308.62</ele><time>2026-04-25T13:55:00-07:00</time><course>199.0542</course><roll>-43.38676</roll><pitch>-9.785691</pitch><mode /></trkpt><trkpt lat="35.115288" lon="-118.4773987"><ele>1308.5</ele><time>2026-04-25T13:55:01-07:00</time><course>205.0119</course><roll>-38.70045</roll><pitch>-9.391526</pitch><mode /></trkpt><trkpt lat="35.1152688" lon="-118.4773945"><ele>1308.31</ele><time>2026-04-25T13:55:01-07:00</time><course>208.4732</course><roll>-35.61878</roll><pitch>-11.57214</pitch><mode /></trkpt><trkpt lat="35.1152508" lon="-118.4773924"><ele>1308.42</ele><time>2026-04-25T13:55:01-07:00</time><course>209.4677</course><roll>-31.6023</roll><pitch>-13.36557</pitch><mode /></trkpt><trkpt lat="35.115234" lon="-118.477393"><ele>1308.5</ele><time>2026-04-25T13:55:01-07:00</time><course>211.1281</course><roll>-27.59756</roll><pitch>-11.85042</pitch><mode /></trkpt><trkpt lat="35.1152185" lon="-118.4773942"><ele>1308.72</ele><time>2026-04-25T13:55:01-07:00</time><course>212.8796</course><roll>-23.84869</roll><pitch>-9.465377</pitch><mode /></trkpt><trkpt lat="35.1152032" lon="-118.4773961"><ele>1308.74</ele><time>2026-04-25T13:55:02-07:00</time><course>216.4996</course><roll>-20.5564</roll><pitch>-6.997777</pitch><mode /></trkpt><trkpt lat="35.1151884" lon="-118.4773982"><ele>1308.78</ele><time>2026-04-25T13:55:02-07:00</time><course>219.9679</course><roll>-21.33047</roll><pitch>-5.891303</pitch><mode /></trkpt><trkpt lat="35.1151739" lon="-118.4774011"><ele>1308.78</ele><time>2026-04-25T13:55:02-07:00</time><course>221.6507</course><roll>-19.08279</roll><pitch>-5.759279</pitch><mode /></trkpt><trkpt lat="35.1151597" lon="-118.4774048"><ele>1308.7</ele><time>2026-04-25T13:55:02-07:00</time><course>223.4711</course><roll>-15.26089</roll><pitch>-6.259819</pitch><mode /></trkpt><trkpt lat="35.1151456" lon="-118.4774089"><ele>1308.77</ele><time>2026-04-25T13:55:02-07:00</time><course>226.1455</course><roll>-16.59212</roll><pitch>-5.646578</pitch><mode /></trkpt><trkpt lat="35.1151319" lon="-118.4774137"><ele>1308.83</ele><time>2026-04-25T13:55:03-07:00</time><course>229.1086</course><roll>-16.72121</roll><pitch>-5.793677</pitch><mode /></trkpt><trkpt lat="35.1151186" lon="-118.4774194"><ele>1308.85</ele><time>2026-04-25T13:55:03-07:00</time><course>229.7659</course><roll>-14.83804</roll><pitch>-7.313765</pitch><mode /></trkpt><trkpt lat="35.1151058" lon="-118.4774256"><ele>1309.05</ele><time>2026-04-25T13:55:03-07:00</time><course>230.3187</course><roll>-12.36379</roll><pitch>-7.197748</pitch><mode /></trkpt><trkpt lat="35.1150929" lon="-118.4774321"><ele>1309.1</ele><time>2026-04-25T13:55:03-07:00</time><course>233.2638</course><roll>-10.3915</roll><pitch>-5.969961</pitch><mode /></trkpt><trkpt lat="35.11508" lon="-118.4774385"><ele>1309.17</ele><time>2026-04-25T13:55:03-07:00</time><course>235.3518</course><roll>-9.834656</roll><pitch>-5.956442</pitch><mode /></trkpt><trkpt lat="35.1150674" lon="-118.477446"><ele>1309.08</ele><time>2026-04-25T13:55:04-07:00</time><course>235.1465</course><roll>-7.689891</roll><pitch>-6.984548</pitch><mode /></trkpt><trkpt lat="35.1150549" lon="-118.4774534"><ele>1309.18</ele><time>2026-04-25T13:55:04-07:00</time><course>235.4021</course><roll>-5.732992</roll><pitch>-7.272365</pitch><mode /></trkpt><trkpt lat="35.1150423" lon="-118.4774608"><ele>1309.25</ele><time>2026-04-25T13:55:04-07:00</time><course>237.1425</course><roll>-5.76957</roll><pitch>-7.413361</pitch><mode /></trkpt><trkpt lat="35.1150303" lon="-118.477469"><ele>1309.29</ele><time>2026-04-25T13:55:04-07:00</time><course>234.4053</course><roll>-5.911278</roll><pitch>-8.036688</pitch><mode /></trkpt><trkpt lat="35.1150182" lon="-118.4774768"><ele>1309.42</ele><time>2026-04-25T13:55:04-07:00</time><course>235.5708</course><roll>-5.496537</roll><pitch>-7.633306</pitch><mode /></trkpt><trkpt lat="35.1150061" lon="-118.4774849"><ele>1309.43</ele><time>2026-04-25T13:55:05-07:00</time><course>235.507</course><roll>-6.603401</roll><pitch>-8.190411</pitch><mode /></trkpt><trkpt lat="35.1149946" lon="-118.4774935"><ele>1309.55</ele><time>2026-04-25T13:55:05-07:00</time><course>234.0996</course><roll>-8.458411</roll><pitch>-8.737522</pitch><mode /></trkpt><trkpt lat="35.1149835" lon="-118.4775021"><ele>1309.62</ele><time>2026-04-25T13:55:05-07:00</time><course>232.3922</course><roll>-11.46934</roll><pitch>-9.240884</pitch><mode /></trkpt><trkpt lat="35.1149723" lon="-118.4775105"><ele>1309.7</ele><time>2026-04-25T13:55:05-07:00</time><course>231.7937</course><roll>-6.956362</roll><pitch>-9.175205</pitch><mode /></trkpt><trkpt lat="35.114961" lon="-118.4775189"><ele>1309.82</ele><time>2026-04-25T13:55:05-07:00</time><course>234.4434</course><roll>-8.557056</roll><pitch>-8.816636</pitch><mode /></trkpt><trkpt lat="35.1149496" lon="-118.4775265"><ele>1310.06</ele><time>2026-04-25T13:55:06-07:00</time><course>236.2941</course><roll>-9.459039</roll><pitch>-8.407385</pitch><mode /></trkpt><trkpt lat="35.1149385" lon="-118.4775349"><ele>1310.21</ele><time>2026-04-25T13:55:06-07:00</time><course>237.7314</course><roll>-9.782113</roll><pitch>-8.491726</pitch><mode /></trkpt><trkpt lat="35.1149277" lon="-118.4775436"><ele>1310.38</ele><time>2026-04-25T13:55:06-07:00</time><course>237.7156</course><roll>-9.676546</roll><pitch>-8.808225</pitch><mode /></trkpt><trkpt lat="35.1149174" lon="-118.4775535"><ele>1310.42</ele><time>2026-04-25T13:55:06-07:00</time><course>237.5729</course><roll>-8.44993</roll><pitch>-8.844773</pitch><mode /></trkpt><trkpt lat="35.1149069" lon="-118.4775628"><ele>1310.56</ele><time>2026-04-25T13:55:06-07:00</time><course>237.6832</course><roll>-8.823042</roll><pitch>-8.598045</pitch><mode /></trkpt><trkpt lat="35.1148963" lon="-118.4775719"><ele>1310.69</ele><time>2026-04-25T13:55:07-07:00</time><course>238.583</course><roll>-7.726955</roll><pitch>-8.164853</pitch><mode /></trkpt><trkpt lat="35.1148861" lon="-118.4775811"><ele>1310.81</ele><time>2026-04-25T13:55:07-07:00</time><course>239.7466</course><roll>-5.74788</roll><pitch>-8.339888</pitch><mode /></trkpt><trkpt lat="35.1148758" lon="-118.4775904"><ele>1310.9</ele><time>2026-04-25T13:55:07-07:00</time><course>242.6399</course><roll>-4.693451</roll><pitch>-8.350786</pitch><mode /></trkpt><trkpt lat="35.1148653" lon="-118.4775993"><ele>1311.04</ele><time>2026-04-25T13:55:07-07:00</time><course>243.8197</course><roll>-3.967458</roll><pitch>-8.786168</pitch><mode /></trkpt><trkpt lat="35.1148551" lon="-118.477609"><ele>1311.11</ele><time>2026-04-25T13:55:07-07:00</time><course>243.0927</course><roll>-4.428595</roll><pitch>-9.061814</pitch><mode /></trkpt><trkpt lat="35.1148447" lon="-118.4776181"><ele>1311.28</ele><time>2026-04-25T13:55:08-07:00</time><course>243.0654</course><roll>-6.04424</roll><pitch>-9.070418</pitch><mode /></trkpt><trkpt lat="35.1148344" lon="-118.4776278"><ele>1311.29</ele><time>2026-04-25T13:55:08-07:00</time><course>242.3613</course><roll>-4.142402</roll><pitch>-9.325253</pitch><mode /></trkpt><trkpt lat="35.1148238" lon="-118.4776372"><ele>1311.38</ele><time>2026-04-25T13:55:08-07:00</time><course>242.9308</course><roll>-3.557208</roll><pitch>-9.417526</pitch><mode /></trkpt><trkpt lat="35.114813" lon="-118.4776466"><ele>1311.53</ele><time>2026-04-25T13:55:08-07:00</time><course>244.4605</course><roll>-3.284627</roll><pitch>-9.707338</pitch><mode /></trkpt><trkpt lat="35.1148028" lon="-118.477657"><ele>1311.68</ele><time>2026-04-25T13:55:08-07:00</time><course>244.1301</course><roll>-6.08604</roll><pitch>-9.689557</pitch><mode /></trkpt><trkpt lat="35.1147928" lon="-118.4776673"><ele>1311.97</ele><time>2026-04-25T13:55:09-07:00</time><course>241.1482</course><roll>-4.762889</roll><pitch>-9.360762</pitch><mode /></trkpt><trkpt lat="35.1147828" lon="-118.4776773"><ele>1312.3</ele><time>2026-04-25T13:55:09-07:00</time><course>239.8599</course><roll>-2.911145</roll><pitch>-8.078309</pitch><mode /></trkpt><trkpt lat="35.1147724" lon="-118.4776883"><ele>1312.43</ele><time>2026-04-25T13:55:09-07:00</time><course>241.4296</course><roll>-4.701208</roll><pitch>-7.045342</pitch><mode /></trkpt><trkpt lat="35.1147618" lon="-118.477699"><ele>1312.68</ele><time>2026-04-25T13:55:09-07:00</time><course>242.1445</course><roll>-6.008279</roll><pitch>-6.485168</pitch><mode /></trkpt><trkpt lat="35.1147513" lon="-118.4777096"><ele>1312.97</ele><time>2026-04-25T13:55:09-07:00</time><course>242.5957</course><roll>-8.508711</roll><pitch>-6.558304</pitch><mode /></trkpt><trkpt lat="35.1147414" lon="-118.4777208"><ele>1313.19</ele><time>2026-04-25T13:55:10-07:00</time><course>237.1152</course><roll>-6.414066</roll><pitch>-6.84629</pitch><mode /></trkpt><trkpt lat="35.1147312" lon="-118.4777312"><ele>1313.51</ele><time>2026-04-25T13:55:10-07:00</time><course>235.0945</course><roll>-5.831848</roll><pitch>-6.488942</pitch><mode /></trkpt><trkpt lat="35.1147209" lon="-118.4777434"><ele>1313.56</ele><time>2026-04-25T13:55:10-07:00</time><course>235.558</course><roll>-5.054533</roll><pitch>-5.589008</pitch><mode /></trkpt><trkpt lat="35.1147102" lon="-118.477755"><ele>1313.63</ele><time>2026-04-25T13:55:10-07:00</time><course>236.8505</course><roll>-3.522297</roll><pitch>-5.591913</pitch><mode /></trkpt><trkpt lat="35.1146994" lon="-118.4777667"><ele>1313.7</ele><time>2026-04-25T13:55:10-07:00</time><course>235.2283</course><roll>-0.9569022</roll><pitch>-5.920052</pitch><mode /></trkpt><trkpt lat="35.1146885" lon="-118.4777789"><ele>1313.77</ele><time>2026-04-25T13:55:11-07:00</time><course>236.5337</course><roll>-5.876269</roll><pitch>-5.406606</pitch><mode /></trkpt><trkpt lat="35.1146775" lon="-118.4777908"><ele>1313.88</ele><time>2026-04-25T13:55:11-07:00</time><course>236.4999</course><roll>-6.287726</roll><pitch>-5.43719</pitch><mode /></trkpt><trkpt lat="35.1146663" lon="-118.4778028"><ele>1314.02</ele><time>2026-04-25T13:55:11-07:00</time><course>235.7012</course><roll>-4.443526</roll><pitch>-4.999273</pitch><mode /></trkpt><trkpt lat="35.1146548" lon="-118.4778148"><ele>1314.15</ele><time>2026-04-25T13:55:11-07:00</time><course>236.929</course><roll>-5.217807</roll><pitch>-5.258941</pitch><mode /></trkpt><trkpt lat="35.1146433" lon="-118.4778269"><ele>1314.29</ele><time>2026-04-25T13:55:11-07:00</time><course>236.6452</course><roll>-5.582519</roll><pitch>-5.827894</pitch><mode /></trkpt><trkpt lat="35.114632" lon="-118.4778392"><ele>1314.42</ele><time>2026-04-25T13:55:12-07:00</time><course>234.9853</course><roll>-3.460706</roll><pitch>-5.488229</pitch><mode /></trkpt><trkpt lat="35.1146205" lon="-118.477852"><ele>1314.44</ele><time>2026-04-25T13:55:12-07:00</time><course>235.2555</course><roll>-4.260654</roll><pitch>-5.022427</pitch><mode /></trkpt><trkpt lat="35.1146086" lon="-118.4778644"><ele>1314.49</ele><time>2026-04-25T13:55:12-07:00</time><course>237.1716</course><roll>-9.72159</roll><pitch>-4.852924</pitch><mode /></trkpt><trkpt lat="35.1145969" lon="-118.4778781"><ele>1314.36</ele><time>2026-04-25T13:55:12-07:00</time><course>237.0716</course><roll>-5.984664</roll><pitch>-5.423224</pitch><mode /></trkpt><trkpt lat="35.114585" lon="-118.4778919"><ele>1314.31</ele><time>2026-04-25T13:55:12-07:00</time><course>237.5946</course><roll>-4.833516</roll><pitch>-5.878459</pitch><mode /></trkpt><trkpt lat="35.1145729" lon="-118.4779052"><ele>1314.44</ele><time>2026-04-25T13:55:13-07:00</time><course>237.8853</course><roll>-5.58196</roll><pitch>-6.543454</pitch><mode /></trkpt><trkpt lat="35.1145613" lon="-118.4779192"><ele>1314.53</ele><time>2026-04-25T13:55:13-07:00</time><course>236.8109</course><roll>-4.236798</roll><pitch>-6.367585</pitch><mode /></trkpt><trkpt lat="35.1145498" lon="-118.4779331"><ele>1314.74</ele><time>2026-04-25T13:55:13-07:00</time><course>235.5714</course><roll>-4.017665</roll><pitch>-5.455075</pitch><mode /></trkpt><trkpt lat="35.1145382" lon="-118.4779478"><ele>1314.75</ele><time>2026-04-25T13:55:13-07:00</time><course>237.5582</course><roll>-5.273033</roll><pitch>-4.716311</pitch><mode /></trkpt><trkpt lat="35.1145266" lon="-118.477962"><ele>1314.83</ele><time>2026-04-25T13:55:13-07:00</time><course>234.7454</course><roll>-3.909278</roll><pitch>-4.534951</pitch><mode /></trkpt><trkpt lat="35.1145148" lon="-118.4779762"><ele>1314.92</ele><time>2026-04-25T13:55:14-07:00</time><course>236.4023</course><roll>-5.489558</roll><pitch>-3.796978</pitch><mode /></trkpt><trkpt lat="35.1145027" lon="-118.4779902"><ele>1315.01</ele><time>2026-04-25T13:55:14-07:00</time><course>236.631</course><roll>-7.214262</roll><pitch>-3.643025</pitch><mode /></trkpt><trkpt lat="35.1144908" lon="-118.478004"><ele>1315.1</ele><time>2026-04-25T13:55:14-07:00</time><course>235.6652</course><roll>-5.477968</roll><pitch>-3.467794</pitch><mode /></trkpt><trkpt lat="35.114479" lon="-118.4780184"><ele>1315.13</ele><time>2026-04-25T13:55:14-07:00</time><course>234.5496</course><roll>-2.818708</roll><pitch>-3.07035</pitch><mode /></trkpt><trkpt lat="35.1144669" lon="-118.4780327"><ele>1315.11</ele><time>2026-04-25T13:55:14-07:00</time><course>236.5376</course><roll>-2.432115</roll><pitch>-3.188231</pitch><mode /></trkpt><trkpt lat="35.1144547" lon="-118.478046"><ele>1315.15</ele><time>2026-04-25T13:55:15-07:00</time><course>235.1315</course><roll>-0.6770477</roll><pitch>-3.299069</pitch><mode /></trkpt><trkpt lat="35.1144425" lon="-118.4780597"><ele>1315.14</ele><time>2026-04-25T13:55:15-07:00</time><course>235.7068</course><roll>-0.8143051</roll><pitch>-2.797386</pitch><mode /></trkpt><trkpt lat="35.1144304" lon="-118.4780739"><ele>1315.15</ele><time>2026-04-25T13:55:15-07:00</time><course>233.6661</course><roll>-0.6072574</roll><pitch>-2.517782</pitch><mode /></trkpt><trkpt lat="35.1144179" lon="-118.478088"><ele>1315.16</ele><time>2026-04-25T13:55:15-07:00</time><course>235.0347</course><roll>0.7786713</roll><pitch>-1.7716</pitch><mode /></trkpt><trkpt lat="35.1144052" lon="-118.4781011"><ele>1315.24</ele><time>2026-04-25T13:55:15-07:00</time><course>234.1341</course><roll>-1.063626</roll><pitch>-2.358312</pitch><mode /></trkpt><trkpt lat="35.1143926" lon="-118.4781155"><ele>1315.16</ele><time>2026-04-25T13:55:16-07:00</time><course>230.3625</course><roll>1.917609</roll><pitch>-1.802948</pitch><mode /></trkpt><trkpt lat="35.1143796" lon="-118.4781291"><ele>1315.18</ele><time>2026-04-25T13:55:16-07:00</time><course>228.9672</course><roll>1.894222</roll><pitch>-2.180419</pitch><mode /></trkpt><trkpt lat="35.1143663" lon="-118.4781422"><ele>1315.42</ele><time>2026-04-25T13:55:16-07:00</time><course>225.3941</course><roll>1.596431</roll><pitch>-1.732507</pitch><mode /></trkpt><trkpt lat="35.1143528" lon="-118.4781559"><ele>1315.63</ele><time>2026-04-25T13:55:16-07:00</time><course>223.691</course><roll>7.087344</roll><pitch>-0.09952088</pitch><mode /></trkpt><trkpt lat="35.1143388" lon="-118.4781683"><ele>1315.8</ele><time>2026-04-25T13:55:16-07:00</time><course>224.9527</course><roll>3.108009</roll><pitch>-0.23768</pitch><mode /></trkpt><trkpt lat="35.1143244" lon="-118.4781803"><ele>1315.95</ele><time>2026-04-25T13:55:17-07:00</time><course>222.9349</course><roll>2.580173</roll><pitch>0.6250269</pitch><mode /></trkpt><trkpt lat="35.1143097" lon="-118.4781914"><ele>1316.1</ele><time>2026-04-25T13:55:17-07:00</time><course>221.959</course><roll>2.560215</roll><pitch>1.239216</pitch><mode /></trkpt><trkpt lat="35.1142947" lon="-118.4782023"><ele>1316.11</ele><time>2026-04-25T13:55:17-07:00</time><course>221.7334</course><roll>2.559854</roll><pitch>1.16458</pitch><mode /></trkpt><trkpt lat="35.1142792" lon="-118.4782132"><ele>1316.09</ele><time>2026-04-25T13:55:17-07:00</time><course>221.7761</course><roll>0.4078756</roll><pitch>0.498246</pitch><mode /></trkpt><trkpt lat="35.1142637" lon="-118.4782238"><ele>1316.01</ele><time>2026-04-25T13:55:17-07:00</time><course>221.6541</course><roll>-4.163507</roll><pitch>0.6820284</pitch><mode /></trkpt><trkpt lat="35.1142483" lon="-118.4782333"><ele>1315.95</ele><time>2026-04-25T13:55:18-07:00</time><course>221.322</course><roll>-0.5910631</roll><pitch>0.7252247</pitch><mode /></trkpt><trkpt lat="35.1142329" lon="-118.4782423"><ele>1316</ele><time>2026-04-25T13:55:18-07:00</time><course>220.4837</course><roll>1.061974</roll><pitch>0.5726493</pitch><mode /></trkpt><trkpt lat="35.1142175" lon="-118.4782514"><ele>1316.06</ele><time>2026-04-25T13:55:18-07:00</time><course>220.2088</course><roll>1.261524</roll><pitch>1.071323</pitch><mode /></trkpt><trkpt lat="35.1142017" lon="-118.4782605"><ele>1316.03</ele><time>2026-04-25T13:55:18-07:00</time><course>219.4662</course><roll>2.341573</roll><pitch>1.828475</pitch><mode /></trkpt><trkpt lat="35.1141853" lon="-118.4782681"><ele>1316.07</ele><time>2026-04-25T13:55:18-07:00</time><course>220.0323</course><roll>5.452076</roll><pitch>2.225171</pitch><mode /></trkpt><trkpt lat="35.1141685" lon="-118.4782762"><ele>1315.99</ele><time>2026-04-25T13:55:19-07:00</time><course>220.1921</course><roll>5.23357</roll><pitch>2.090008</pitch><mode /></trkpt><trkpt lat="35.1141514" lon="-118.4782838"><ele>1315.98</ele><time>2026-04-25T13:55:19-07:00</time><course>218.9627</course><roll>5.722634</roll><pitch>1.86763</pitch><mode /></trkpt><trkpt lat="35.1141336" lon="-118.4782913"><ele>1315.95</ele><time>2026-04-25T13:55:19-07:00</time><course>217.72</course><roll>5.981572</roll><pitch>2.08298</pitch><mode /></trkpt><trkpt lat="35.1141152" lon="-118.4782977"><ele>1315.95</ele><time>2026-04-25T13:55:19-07:00</time><course>217.8931</course><roll>5.890481</roll><pitch>2.171738</pitch><mode /></trkpt><trkpt lat="35.1140965" lon="-118.4783043"><ele>1315.81</ele><time>2026-04-25T13:55:19-07:00</time><course>217.4361</course><roll>5.846816</roll><pitch>1.92512</pitch><mode /></trkpt><trkpt lat="35.1140773" lon="-118.4783109"><ele>1315.63</ele><time>2026-04-25T13:55:20-07:00</time><course>215.1468</course><roll>5.780763</roll><pitch>2.444504</pitch><mode /></trkpt><trkpt lat="35.114058" lon="-118.4783172"><ele>1315.38</ele><time>2026-04-25T13:55:20-07:00</time><course>214.8933</course><roll>4.708455</roll><pitch>2.520931</pitch><mode /></trkpt><trkpt lat="35.1140384" lon="-118.4783228"><ele>1315.09</ele><time>2026-04-25T13:55:20-07:00</time><course>214.5893</course><roll>4.947015</roll><pitch>1.734395</pitch><mode /></trkpt><trkpt lat="35.1140185" lon="-118.4783284"><ele>1314.77</ele><time>2026-04-25T13:55:20-07:00</time><course>213.4553</course><roll>3.201348</roll><pitch>0.9143962</pitch><mode /></trkpt><trkpt lat="35.1139981" lon="-118.4783333"><ele>1314.59</ele><time>2026-04-25T13:55:20-07:00</time><course>211.4667</course><roll>2.500203</roll><pitch>0.2367933</pitch><mode /></trkpt><trkpt lat="35.1139775" lon="-118.478338"><ele>1314.43</ele><time>2026-04-25T13:55:21-07:00</time><course>210.1431</course><roll>2.268018</roll><pitch>-0.5996527</pitch><mode /></trkpt><trkpt lat="35.1139565" lon="-118.4783421"><ele>1314.35</ele><time>2026-04-25T13:55:21-07:00</time><course>210.6951</course><roll>1.845358</roll><pitch>-0.3236499</pitch><mode /></trkpt><trkpt lat="35.1139356" lon="-118.4783463"><ele>1314.14</ele><time>2026-04-25T13:55:21-07:00</time><course>210.914</course><roll>0.8381799</roll><pitch>0.007745968</pitch><mode /></trkpt><trkpt lat="35.1139143" lon="-118.4783502"><ele>1313.95</ele><time>2026-04-25T13:55:21-07:00</time><course>212.3205</course><roll>1.712404</roll><pitch>-0.6464196</pitch><mode /></trkpt><trkpt lat="35.113893" lon="-118.4783543"><ele>1313.79</ele><time>2026-04-25T13:55:21-07:00</time><course>209.8924</course><roll>1.466276</roll><pitch>-1.297699</pitch><mode /></trkpt><trkpt lat="35.1138721" lon="-118.4783579"><ele>1313.74</ele><time>2026-04-25T13:55:22-07:00</time><course>208.9271</course><roll>-0.6231629</roll><pitch>-1.381554</pitch><mode /></trkpt><trkpt lat="35.1138508" lon="-118.4783605"><ele>1313.83</ele><time>2026-04-25T13:55:22-07:00</time><course>208.5819</course><roll>-2.238643</roll><pitch>-1.304747</pitch><mode /></trkpt><trkpt lat="35.1138297" lon="-118.4783629"><ele>1313.95</ele><time>2026-04-25T13:55:22-07:00</time><course>208.0123</course><roll>-0.6721594</roll><pitch>-1.182689</pitch><mode /></trkpt><trkpt lat="35.1138089" lon="-118.4783654"><ele>1313.91</ele><time>2026-04-25T13:55:22-07:00</time><course>206.886</course><roll>0.7409095</roll><pitch>-1.384348</pitch><mode /></trkpt><trkpt lat="35.1137881" lon="-118.4783677"><ele>1313.9</ele><time>2026-04-25T13:55:22-07:00</time><course>206.7744</course><roll>1.733258</roll><pitch>-1.197487</pitch><mode /></trkpt><trkpt lat="35.1137669" lon="-118.4783699"><ele>1313.77</ele><time>2026-04-25T13:55:23-07:00</time><course>207.0985</course><roll>0.4543476</roll><pitch>-1.402748</pitch><mode /></trkpt><trkpt lat="35.1137455" lon="-118.478372"><ele>1313.56</ele><time>2026-04-25T13:55:23-07:00</time><course>206.1473</course><roll>-3.020683</roll><pitch>-1.924102</pitch><mode /></trkpt><trkpt lat="35.1137246" lon="-118.478374"><ele>1313.41</ele><time>2026-04-25T13:55:23-07:00</time><course>206.4632</course><roll>-3.035226</roll><pitch>-2.343483</pitch><mode /></trkpt><trkpt lat="35.1137043" lon="-118.4783756"><ele>1313.27</ele><time>2026-04-25T13:55:23-07:00</time><course>208.0875</course><roll>-4.059402</roll><pitch>-2.122065</pitch><mode /></trkpt><trkpt lat="35.1136842" lon="-118.4783771"><ele>1313.19</ele><time>2026-04-25T13:55:23-07:00</time><course>208.8611</course><roll>-5.267374</roll><pitch>-2.740389</pitch><mode /></trkpt><trkpt lat="35.1136641" lon="-118.4783787"><ele>1313.21</ele><time>2026-04-25T13:55:24-07:00</time><course>208.1638</course><roll>-5.222658</roll><pitch>-3.358727</pitch><mode /></trkpt><trkpt lat="35.1136439" lon="-118.4783805"><ele>1313.2</ele><time>2026-04-25T13:55:24-07:00</time><course>207.538</course><roll>-4.23868</roll><pitch>-3.235857</pitch><mode /></trkpt><trkpt lat="35.113624" lon="-118.4783821"><ele>1313.21</ele><time>2026-04-25T13:55:24-07:00</time><course>208.4654</course><roll>-5.925858</roll><pitch>-2.992149</pitch><mode /></trkpt><trkpt lat="35.1136045" lon="-118.4783839"><ele>1313.17</ele><time>2026-04-25T13:55:24-07:00</time><course>207.8098</course><roll>-6.672371</roll><pitch>-3.019842</pitch><mode /></trkpt><trkpt lat="35.1135854" lon="-118.4783855"><ele>1313.19</ele><time>2026-04-25T13:55:24-07:00</time><course>208.7497</course><roll>-7.008679</roll><pitch>-2.407195</pitch><mode /></trkpt><trkpt lat="35.1135663" lon="-118.4783871"><ele>1313.29</ele><time>2026-04-25T13:55:25-07:00</time><course>208.1355</course><roll>-7.973756</roll><pitch>-3.089132</pitch><mode /></trkpt><trkpt lat="35.1135472" lon="-118.4783891"><ele>1313.41</ele><time>2026-04-25T13:55:25-07:00</time><course>206.8728</course><roll>-5.812313</roll><pitch>-3.055129</pitch><mode /></trkpt><trkpt lat="35.1135279" lon="-118.4783912"><ele>1313.55</ele><time>2026-04-25T13:55:25-07:00</time><course>208.0097</course><roll>-6.899808</roll><pitch>-2.395887</pitch><mode /></trkpt><trkpt lat="35.1135086" lon="-118.4783931"><ele>1313.53</ele><time>2026-04-25T13:55:25-07:00</time><course>209.6201</course><roll>-7.734113</roll><pitch>-2.460642</pitch><mode /></trkpt><trkpt lat="35.1134899" lon="-118.4783953"><ele>1313.59</ele><time>2026-04-25T13:55:25-07:00</time><course>208.2205</course><roll>-8.070989</roll><pitch>-3.383922</pitch><mode /></trkpt><trkpt lat="35.1134714" lon="-118.4783983"><ele>1313.76</ele><time>2026-04-25T13:55:26-07:00</time><course>206.7379</course><roll>-7.261656</roll><pitch>-2.594051</pitch><mode /></trkpt><trkpt lat="35.1134527" lon="-118.4784011"><ele>1314.01</ele><time>2026-04-25T13:55:26-07:00</time><course>207.4286</course><roll>-7.641438</roll><pitch>-1.496612</pitch><mode /></trkpt><trkpt lat="35.1134337" lon="-118.4784041"><ele>1314.04</ele><time>2026-04-25T13:55:26-07:00</time><course>208.1618</course><roll>-6.42093</roll><pitch>-0.3822962</pitch><mode /></trkpt><trkpt lat="35.1134145" lon="-118.4784071"><ele>1314.15</ele><time>2026-04-25T13:55:26-07:00</time><course>208.9256</course><roll>-3.790905</roll><pitch>-0.5628623</pitch><mode /></trkpt><trkpt lat="35.113395" lon="-118.4784103"><ele>1314.2</ele><time>2026-04-25T13:55:26-07:00</time><course>210.1404</course><roll>-3.020543</roll><pitch>-1.342088</pitch><mode /></trkpt><trkpt lat="35.1133761" lon="-118.4784135"><ele>1314.16</ele><time>2026-04-25T13:55:27-07:00</time><course>210.751</course><roll>-2.268177</roll><pitch>-1.273483</pitch><mode /></trkpt><trkpt lat="35.1133577" lon="-118.4784168"><ele>1314.09</ele><time>2026-04-25T13:55:27-07:00</time><course>210.06</course><roll>-1.944906</roll><pitch>-1.425261</pitch><mode /></trkpt><trkpt lat="35.1133389" lon="-118.4784199"><ele>1314.05</ele><time>2026-04-25T13:55:27-07:00</time><course>209.232</course><roll>-1.42448</roll><pitch>-1.225715</pitch><mode /></trkpt><trkpt lat="35.1133198" lon="-118.4784225"><ele>1314.08</ele><time>2026-04-25T13:55:27-07:00</time><course>209.2752</course><roll>1.448397</roll><pitch>-0.1287711</pitch><mode /></trkpt><trkpt lat="35.1133001" lon="-118.4784249"><ele>1314.08</ele><time>2026-04-25T13:55:27-07:00</time><course>210.0008</course><roll>1.70952</roll><pitch>-0.1662539</pitch><mode /></trkpt><trkpt lat="35.1132803" lon="-118.4784268"><ele>1314.17</ele><time>2026-04-25T13:55:28-07:00</time><course>210.9064</course><roll>-2.264461</roll><pitch>-0.2959724</pitch><mode /></trkpt><trkpt lat="35.1132606" lon="-118.4784289"><ele>1314.29</ele><time>2026-04-25T13:55:28-07:00</time><course>210.1082</course><roll>-2.926738</roll><pitch>-0.1658283</pitch><mode /></trkpt><trkpt lat="35.1132411" lon="-118.4784313"><ele>1314.32</ele><time>2026-04-25T13:55:28-07:00</time><course>209.8608</course><roll>-5.310206</roll><pitch>-0.5295711</pitch><mode /></trkpt><trkpt lat="35.1132216" lon="-118.4784333"><ele>1314.45</ele><time>2026-04-25T13:55:28-07:00</time><course>208.8048</course><roll>-6.67329</roll><pitch>-0.6303985</pitch><mode /></trkpt><trkpt lat="35.1132018" lon="-118.4784358"><ele>1314.58</ele><time>2026-04-25T13:55:28-07:00</time><course>208.2938</course><roll>-9.144153</roll><pitch>0.02119365</pitch><mode /></trkpt><trkpt lat="35.1131814" lon="-118.478439"><ele>1314.59</ele><time>2026-04-25T13:55:29-07:00</time><course>209.5569</course><roll>-7.577481</roll><pitch>0.8124263</pitch><mode /></trkpt><trkpt lat="35.1131611" lon="-118.4784427"><ele>1314.42</ele><time>2026-04-25T13:55:29-07:00</time><course>209.8001</course><roll>-7.01901</roll><pitch>0.03334537</pitch><mode /></trkpt><trkpt lat="35.1131411" lon="-118.4784463"><ele>1314.27</ele><time>2026-04-25T13:55:29-07:00</time><course>209.9241</course><roll>-6.468896</roll><pitch>-1.023491</pitch><mode /></trkpt><trkpt lat="35.113121" lon="-118.4784496"><ele>1314.23</ele><time>2026-04-25T13:55:29-07:00</time><course>210.2218</course><roll>-5.579599</roll><pitch>-1.717906</pitch><mode /></trkpt><trkpt lat="35.1131013" lon="-118.4784533"><ele>1314.17</ele><time>2026-04-25T13:55:29-07:00</time><course>210.1552</course><roll>-5.777648</roll><pitch>-1.876372</pitch><mode /></trkpt><trkpt lat="35.1130817" lon="-118.4784573"><ele>1314.06</ele><time>2026-04-25T13:55:30-07:00</time><course>210.4518</course><roll>-7.574368</roll><pitch>-0.9729044</pitch><mode /></trkpt><trkpt lat="35.1130621" lon="-118.4784616"><ele>1313.92</ele><time>2026-04-25T13:55:30-07:00</time><course>209.7918</course><roll>-6.034721</roll><pitch>-0.1915359</pitch><mode /></trkpt><trkpt lat="35.1130425" lon="-118.4784657"><ele>1313.71</ele><time>2026-04-25T13:55:30-07:00</time><course>209.2442</course><roll>-5.946076</roll><pitch>-0.5942242</pitch><mode /></trkpt><trkpt lat="35.1130228" lon="-118.4784697"><ele>1313.55</ele><time>2026-04-25T13:55:30-07:00</time><course>209.3397</course><roll>-4.560471</roll><pitch>-0.7231857</pitch><mode /></trkpt><trkpt lat="35.113003" lon="-118.4784735"><ele>1313.28</ele><time>2026-04-25T13:55:30-07:00</time><course>210.1324</course><roll>-3.442931</roll><pitch>-1.728018</pitch><mode /></trkpt><trkpt lat="35.1129837" lon="-118.478477"><ele>1313.05</ele><time>2026-04-25T13:55:31-07:00</time><course>210.2435</course><roll>-3.393783</roll><pitch>-2.58493</pitch><mode /></trkpt><trkpt lat="35.1129645" lon="-118.4784804"><ele>1312.89</ele><time>2026-04-25T13:55:31-07:00</time><course>211.1143</course><roll>-3.142845</roll><pitch>-2.761187</pitch><mode /></trkpt><trkpt lat="35.1129453" lon="-118.4784837"><ele>1312.82</ele><time>2026-04-25T13:55:31-07:00</time><course>210.93</course><roll>-1.65884</roll><pitch>-2.756292</pitch><mode /></trkpt><trkpt lat="35.1129261" lon="-118.478487"><ele>1312.79</ele><time>2026-04-25T13:55:31-07:00</time><course>211.1538</course><roll>-1.618643</roll><pitch>-2.692607</pitch><mode /></trkpt><trkpt lat="35.1129064" lon="-118.4784898"><ele>1312.81</ele><time>2026-04-25T13:55:31-07:00</time><course>211.2458</course><roll>-3.838617</roll><pitch>-2.450484</pitch><mode /></trkpt><trkpt lat="35.1128869" lon="-118.4784922"><ele>1312.91</ele><time>2026-04-25T13:55:32-07:00</time><course>210.5105</course><roll>-1.471021</roll><pitch>-2.287993</pitch><mode /></trkpt><trkpt lat="35.1128676" lon="-118.4784946"><ele>1312.87</ele><time>2026-04-25T13:55:32-07:00</time><course>210.2704</course><roll>-5.240427</roll><pitch>-2.734626</pitch><mode /></trkpt><trkpt lat="35.1128483" lon="-118.4784974"><ele>1312.75</ele><time>2026-04-25T13:55:32-07:00</time><course>209.7195</course><roll>-4.891346</roll><pitch>-2.67516</pitch><mode /></trkpt><trkpt lat="35.112829" lon="-118.4785003"><ele>1312.68</ele><time>2026-04-25T13:55:32-07:00</time><course>209.4388</course><roll>-4.234869</roll><pitch>-2.765527</pitch><mode /></trkpt><trkpt lat="35.1128097" lon="-118.4785026"><ele>1312.71</ele><time>2026-04-25T13:55:32-07:00</time><course>208.229</course><roll>-3.499433</roll><pitch>-3.317258</pitch><mode /></trkpt><trkpt lat="35.1127906" lon="-118.4785052"><ele>1312.6</ele><time>2026-04-25T13:55:33-07:00</time><course>209.9629</course><roll>-0.617981</roll><pitch>-2.537459</pitch><mode /></trkpt><trkpt lat="35.1127717" lon="-118.4785072"><ele>1312.51</ele><time>2026-04-25T13:55:33-07:00</time><course>211.7243</course><roll>-1.762249</roll><pitch>-2.458002</pitch><mode /></trkpt><trkpt lat="35.1127526" lon="-118.478509"><ele>1312.38</ele><time>2026-04-25T13:55:33-07:00</time><course>210.4652</course><roll>-4.524982</roll><pitch>-3.536323</pitch><mode /></trkpt><trkpt lat="35.112734" lon="-118.4785111"><ele>1312.3</ele><time>2026-04-25T13:55:33-07:00</time><course>209.552</course><roll>-4.631629</roll><pitch>-4.044161</pitch><mode /></trkpt><trkpt lat="35.1127154" lon="-118.478513"><ele>1312.29</ele><time>2026-04-25T13:55:33-07:00</time><course>210.1649</course><roll>-4.427746</roll><pitch>-3.965111</pitch><mode /></trkpt><trkpt lat="35.1126965" lon="-118.4785149"><ele>1312.24</ele><time>2026-04-25T13:55:34-07:00</time><course>210.6467</course><roll>-6.674027</roll><pitch>-4.306293</pitch><mode /></trkpt><trkpt lat="35.1126774" lon="-118.4785162"><ele>1312.37</ele><time>2026-04-25T13:55:34-07:00</time><course>210.1342</course><roll>-8.770602</roll><pitch>-4.545858</pitch><mode /></trkpt><trkpt lat="35.1126585" lon="-118.4785185"><ele>1312.21</ele><time>2026-04-25T13:55:34-07:00</time><course>211.1321</course><roll>-7.387089</roll><pitch>-4.24406</pitch><mode /></trkpt><trkpt lat="35.1126404" lon="-118.4785207"><ele>1312.15</ele><time>2026-04-25T13:55:34-07:00</time><course>210.7076</course><roll>-7.602466</roll><pitch>-4.864669</pitch><mode /></trkpt><trkpt lat="35.112622" lon="-118.4785229"><ele>1312.18</ele><time>2026-04-25T13:55:34-07:00</time><course>211.1134</course><roll>-5.605983</roll><pitch>-4.916593</pitch><mode /></trkpt><trkpt lat="35.1126039" lon="-118.4785247"><ele>1312.31</ele><time>2026-04-25T13:55:35-07:00</time><course>212.635</course><roll>-5.891227</roll><pitch>-5.311994</pitch><mode /></trkpt><trkpt lat="35.1125857" lon="-118.4785266"><ele>1312.39</ele><time>2026-04-25T13:55:35-07:00</time><course>212.8459</course><roll>-6.55198</roll><pitch>-5.305336</pitch><mode /></trkpt><trkpt lat="35.1125676" lon="-118.4785287"><ele>1312.56</ele><time>2026-04-25T13:55:35-07:00</time><course>212.6501</course><roll>-4.638371</roll><pitch>-4.399679</pitch><mode /></trkpt><trkpt lat="35.1125499" lon="-118.4785307"><ele>1312.66</ele><time>2026-04-25T13:55:35-07:00</time><course>214.4572</course><roll>-4.983741</roll><pitch>-4.316999</pitch><mode /></trkpt><trkpt lat="35.1125321" lon="-118.4785332"><ele>1312.62</ele><time>2026-04-25T13:55:35-07:00</time><course>214.664</course><roll>-4.788455</roll><pitch>-4.591233</pitch><mode /></trkpt><trkpt lat="35.1125145" lon="-118.4785353"><ele>1312.73</ele><time>2026-04-25T13:55:36-07:00</time><course>215.2715</course><roll>-6.009845</roll><pitch>-4.815752</pitch><mode /></trkpt><trkpt lat="35.1124972" lon="-118.4785377"><ele>1312.65</ele><time>2026-04-25T13:55:36-07:00</time><course>214.8783</course><roll>-4.062334</roll><pitch>-4.698</pitch><mode /></trkpt><trkpt lat="35.1124802" lon="-118.4785403"><ele>1312.71</ele><time>2026-04-25T13:55:36-07:00</time><course>214.3718</course><roll>-5.959436</roll><pitch>-4.941057</pitch><mode /></trkpt><trkpt lat="35.1124629" lon="-118.4785429"><ele>1312.78</ele><time>2026-04-25T13:55:36-07:00</time><course>214.4968</course><roll>-6.983739</roll><pitch>-4.364335</pitch><mode /></trkpt><trkpt lat="35.1124456" lon="-118.4785454"><ele>1312.93</ele><time>2026-04-25T13:55:36-07:00</time><course>214.7261</course><roll>-6.893831</roll><pitch>-3.836593</pitch><mode /></trkpt><trkpt lat="35.1124283" lon="-118.4785482"><ele>1312.94</ele><time>2026-04-25T13:55:37-07:00</time><course>214.8295</course><roll>-4.787083</roll><pitch>-3.852649</pitch><mode /></trkpt><trkpt lat="35.112411" lon="-118.4785511"><ele>1312.91</ele><time>2026-04-25T13:55:37-07:00</time><course>215.4459</course><roll>-4.482633</roll><pitch>-4.59635</pitch><mode /></trkpt><trkpt lat="35.1123935" lon="-118.4785542"><ele>1312.8</ele><time>2026-04-25T13:55:37-07:00</time><course>214.4402</course><roll>-3.125612</roll><pitch>-5.464968</pitch><mode /></trkpt><trkpt lat="35.112376" lon="-118.4785569"><ele>1312.89</ele><time>2026-04-25T13:55:37-07:00</time><course>215.614</course><roll>3.614398</roll><pitch>-4.860407</pitch><mode /></trkpt><trkpt lat="35.1123578" lon="-118.4785597"><ele>1312.91</ele><time>2026-04-25T13:55:37-07:00</time><course>217.2165</course><roll>3.250233</roll><pitch>-4.507898</pitch><mode /></trkpt><trkpt lat="35.1123393" lon="-118.478562"><ele>1312.96</ele><time>2026-04-25T13:55:38-07:00</time><course>217.1699</course><roll>-0.3474706</roll><pitch>-4.628258</pitch><mode /></trkpt><trkpt lat="35.112321" lon="-118.4785644"><ele>1312.97</ele><time>2026-04-25T13:55:38-07:00</time><course>214.0468</course><roll>-3.902219</roll><pitch>-4.713187</pitch><mode /></trkpt><trkpt lat="35.1123028" lon="-118.4785677"><ele>1312.98</ele><time>2026-04-25T13:55:38-07:00</time><course>209.262</course><roll>-4.164969</roll><pitch>-4.963755</pitch><mode /></trkpt><trkpt lat="35.1122848" lon="-118.4785707"><ele>1313.19</ele><time>2026-04-25T13:55:38-07:00</time><course>205.4789</course><roll>0.2511535</roll><pitch>-4.760705</pitch><mode /></trkpt><trkpt lat="35.1122666" lon="-118.4785741"><ele>1313.27</ele><time>2026-04-25T13:55:38-07:00</time><course>205.6851</course><roll>1.39079</roll><pitch>-3.491791</pitch><mode /></trkpt><trkpt lat="35.1122479" lon="-118.4785772"><ele>1313.33</ele><time>2026-04-25T13:55:39-07:00</time><course>207.9562</course><roll>0.122907</roll><pitch>-3.288765</pitch><mode /></trkpt><trkpt lat="35.1122289" lon="-118.4785805"><ele>1313.26</ele><time>2026-04-25T13:55:39-07:00</time><course>207.5135</course><roll>-2.905778</roll><pitch>-3.559011</pitch><mode /></trkpt><trkpt lat="35.11221" lon="-118.4785836"><ele>1313.33</ele><time>2026-04-25T13:55:39-07:00</time><course>206.1362</course><roll>-5.043249</roll><pitch>-2.891104</pitch><mode /></trkpt><trkpt lat="35.1121907" lon="-118.4785863"><ele>1313.49</ele><time>2026-04-25T13:55:39-07:00</time><course>209.0732</course><roll>-9.66048</roll><pitch>-2.579629</pitch><mode /></trkpt><trkpt lat="35.1121715" lon="-118.4785898"><ele>1313.49</ele><time>2026-04-25T13:55:39-07:00</time><course>207.2094</course><roll>-12.11534</roll><pitch>-3.474619</pitch><mode /></trkpt><trkpt lat="35.1121527" lon="-118.4785936"><ele>1313.5</ele><time>2026-04-25T13:55:40-07:00</time><course>207.138</course><roll>-11.05779</roll><pitch>-3.906452</pitch><mode /></trkpt><trkpt lat="35.1121339" lon="-118.4785975"><ele>1313.53</ele><time>2026-04-25T13:55:40-07:00</time><course>206.5688</course><roll>-8.193899</roll><pitch>-3.869053</pitch><mode /></trkpt><trkpt lat="35.1121155" lon="-118.4786017"><ele>1313.64</ele><time>2026-04-25T13:55:40-07:00</time><course>205.4495</course><roll>-6.870036</roll><pitch>-3.097232</pitch><mode /></trkpt><trkpt lat="35.112097" lon="-118.4786062"><ele>1313.71</ele><time>2026-04-25T13:55:40-07:00</time><course>206.5012</course><roll>-1.2842</roll><pitch>-1.891963</pitch><mode /></trkpt><trkpt lat="35.1120784" lon="-118.4786104"><ele>1313.8</ele><time>2026-04-25T13:55:40-07:00</time><course>208.4831</course><roll>0.1915547</roll><pitch>-1.055059</pitch><mode /></trkpt><trkpt lat="35.1120593" lon="-118.4786144"><ele>1313.92</ele><time>2026-04-25T13:55:41-07:00</time><course>207.1393</course><roll>-1.41</roll><pitch>-0.2067309</pitch><mode /></trkpt><trkpt lat="35.1120398" lon="-118.4786185"><ele>1314.17</ele><time>2026-04-25T13:55:41-07:00</time><course>206.3467</course><roll>-1.71613</roll><pitch>1.008405</pitch><mode /></trkpt><trkpt lat="35.1120199" lon="-118.4786229"><ele>1314.18</ele><time>2026-04-25T13:55:41-07:00</time><course>207.9934</course><roll>-4.488676</roll><pitch>1.774006</pitch><mode /></trkpt><trkpt lat="35.1119998" lon="-118.4786273"><ele>1314.1</ele><time>2026-04-25T13:55:41-07:00</time><course>206.4924</course><roll>-2.870215</roll><pitch>1.314829</pitch><mode /></trkpt><trkpt lat="35.1119793" lon="-118.4786317"><ele>1313.96</ele><time>2026-04-25T13:55:41-07:00</time><course>207.2941</course><roll>-2.046607</roll><pitch>0.04675775</pitch><mode /></trkpt><trkpt lat="35.111959" lon="-118.4786356"><ele>1313.9</ele><time>2026-04-25T13:55:42-07:00</time><course>208.4278</course><roll>-4.245856</roll><pitch>-0.7213783</pitch><mode /></trkpt><trkpt lat="35.1119389" lon="-118.4786399"><ele>1313.82</ele><time>2026-04-25T13:55:42-07:00</time><course>207.5893</course><roll>-4.858753</roll><pitch>-1.106872</pitch><mode /></trkpt><trkpt lat="35.1119187" lon="-118.4786442"><ele>1313.73</ele><time>2026-04-25T13:55:42-07:00</time><course>208.4624</course><roll>-3.481569</roll><pitch>-0.6555873</pitch><mode /></trkpt><trkpt lat="35.1118981" lon="-118.4786483"><ele>1313.59</ele><time>2026-04-25T13:55:42-07:00</time><course>209.1932</course><roll>-4.080637</roll><pitch>-1.357934</pitch><mode /></trkpt><trkpt lat="35.1118776" lon="-118.4786525"><ele>1313.55</ele><time>2026-04-25T13:55:42-07:00</time><course>207.257</course><roll>-4.609305</roll><pitch>-2.154649</pitch><mode /></trkpt><trkpt lat="35.1118576" lon="-118.4786568"><ele>1313.58</ele><time>2026-04-25T13:55:43-07:00</time><course>205.8937</course><roll>-0.2949005</roll><pitch>-1.591054</pitch><mode /></trkpt><trkpt lat="35.1118371" lon="-118.4786609"><ele>1313.48</ele><time>2026-04-25T13:55:43-07:00</time><course>210.8331</course><roll>-1.576049</roll><pitch>-0.7466847</pitch><mode /></trkpt><trkpt lat="35.1118167" lon="-118.4786643"><ele>1313.46</ele><time>2026-04-25T13:55:43-07:00</time><course>211.0605</course><roll>-1.033971</roll><pitch>-0.7937245</pitch><mode /></trkpt><trkpt lat="35.1117959" lon="-118.4786683"><ele>1313.28</ele><time>2026-04-25T13:55:43-07:00</time><course>209.5628</course><roll>-1.846101</roll><pitch>-0.03988494</pitch><mode /></trkpt><trkpt lat="35.1117753" lon="-118.4786719"><ele>1313.21</ele><time>2026-04-25T13:55:43-07:00</time><course>210.6723</course><roll>-1.392949</roll><pitch>-0.2463544</pitch><mode /></trkpt><trkpt lat="35.1117544" lon="-118.4786752"><ele>1313.18</ele><time>2026-04-25T13:55:44-07:00</time><course>210.0577</course><roll>-0.5608925</roll><pitch>-0.2788221</pitch><mode /></trkpt><trkpt lat="35.1117338" lon="-118.4786785"><ele>1313.31</ele><time>2026-04-25T13:55:44-07:00</time><course>209.2804</course><roll>-1.778814</roll><pitch>-0.3994439</pitch><mode /></trkpt><trkpt lat="35.1117127" lon="-118.4786821"><ele>1313.46</ele><time>2026-04-25T13:55:44-07:00</time><course>209.7809</course><roll>-6.034455</roll><pitch>0.3634664</pitch><mode /></trkpt><trkpt lat="35.1116908" lon="-118.4786851"><ele>1313.49</ele><time>2026-04-25T13:55:44-07:00</time><course>209.3919</course><roll>-11.26109</roll><pitch>1.04894</pitch><mode /></trkpt><trkpt lat="35.1116687" lon="-118.4786884"><ele>1313.33</ele><time>2026-04-25T13:55:44-07:00</time><course>207.5474</course><roll>-11.57203</roll><pitch>0.2783662</pitch><mode /></trkpt><trkpt lat="35.1116477" lon="-118.4786926"><ele>1313.14</ele><time>2026-04-25T13:55:45-07:00</time><course>208.0299</course><roll>-9.806758</roll><pitch>0.1552629</pitch><mode /></trkpt><trkpt lat="35.1116269" lon="-118.4786969"><ele>1312.95</ele><time>2026-04-25T13:55:45-07:00</time><course>208.5834</course><roll>-7.966395</roll><pitch>-0.5281053</pitch><mode /></trkpt><trkpt lat="35.1116059" lon="-118.4787015"><ele>1312.7</ele><time>2026-04-25T13:55:45-07:00</time><course>209.4607</course><roll>-6.020816</roll><pitch>-1.074484</pitch><mode /></trkpt><trkpt lat="35.1115849" lon="-118.478706"><ele>1312.58</ele><time>2026-04-25T13:55:45-07:00</time><course>210.7451</course><roll>-8.736502</roll><pitch>-1.272282</pitch><mode /></trkpt><trkpt lat="35.1115638" lon="-118.4787107"><ele>1312.42</ele><time>2026-04-25T13:55:45-07:00</time><course>210.2169</course><roll>-7.066363</roll><pitch>-1.491658</pitch><mode /></trkpt><trkpt lat="35.1115429" lon="-118.4787149"><ele>1312.3</ele><time>2026-04-25T13:55:46-07:00</time><course>211.4912</course><roll>-3.855248</roll><pitch>-1.629142</pitch><mode /></trkpt><trkpt lat="35.111522" lon="-118.4787194"><ele>1312.2</ele><time>2026-04-25T13:55:46-07:00</time><course>211.3514</course><roll>-1.29782</roll><pitch>-2.323836</pitch><mode /></trkpt><trkpt lat="35.1115008" lon="-118.4787245"><ele>1312.15</ele><time>2026-04-25T13:55:46-07:00</time><course>207.052</course><roll>6.78373</roll><pitch>-2.184558</pitch><mode /></trkpt><trkpt lat="35.1114794" lon="-118.4787296"><ele>1312.27</ele><time>2026-04-25T13:55:46-07:00</time><course>201.3445</course><roll>5.114065</roll><pitch>-1.177981</pitch><mode /></trkpt><trkpt lat="35.111457" lon="-118.4787337"><ele>1312.32</ele><time>2026-04-25T13:55:46-07:00</time><course>202.7052</course><roll>3.59275</roll><pitch>0.1091852</pitch><mode /></trkpt><trkpt lat="35.1114342" lon="-118.478737"><ele>1312.45</ele><time>2026-04-25T13:55:47-07:00</time><course>200.6644</course><roll>0.1894991</roll><pitch>0.5125102</pitch><mode /></trkpt><trkpt lat="35.1114111" lon="-118.4787406"><ele>1312.56</ele><time>2026-04-25T13:55:47-07:00</time><course>193.148</course><roll>8.01025</roll><pitch>2.355426</pitch><mode /></trkpt><trkpt lat="35.1113874" lon="-118.4787431"><ele>1312.61</ele><time>2026-04-25T13:55:47-07:00</time><course>191.2382</course><roll>15.90112</roll><pitch>4.887321</pitch><mode /></trkpt><trkpt lat="35.1113633" lon="-118.4787437"><ele>1312.47</ele><time>2026-04-25T13:55:47-07:00</time><course>190.0901</course><roll>22.8535</roll><pitch>4.431145</pitch><mode /></trkpt><trkpt lat="35.1113387" lon="-118.4787417"><ele>1312.45</ele><time>2026-04-25T13:55:47-07:00</time><course>188.738</course><roll>28.30532</roll><pitch>0.9864588</pitch><mode /></trkpt><trkpt lat="35.1113129" lon="-118.4787364"><ele>1312.54</ele><time>2026-04-25T13:55:48-07:00</time><course>184.5532</course><roll>31.79082</roll><pitch>0.05236771</pitch><mode /></trkpt><trkpt lat="35.1112868" lon="-118.4787282"><ele>1312.52</ele><time>2026-04-25T13:55:48-07:00</time><course>179.8813</course><roll>35.10897</roll><pitch>-0.2376809</pitch><mode /></trkpt><trkpt lat="35.1112605" lon="-118.478716"><ele>1312.64</ele><time>2026-04-25T13:55:48-07:00</time><course>174.6245</course><roll>38.77393</roll><pitch>0.783168</pitch><mode /></trkpt><trkpt lat="35.1112333" lon="-118.4787004"><ele>1312.72</ele><time>2026-04-25T13:55:48-07:00</time><course>171.2065</course><roll>40.97743</roll><pitch>0.04093367</pitch><mode /></trkpt><trkpt lat="35.1112062" lon="-118.4786818"><ele>1312.61</ele><time>2026-04-25T13:55:48-07:00</time><course>166.3681</course><roll>42.08595</roll><pitch>-0.3297174</pitch><mode /></trkpt><trkpt lat="35.1111797" lon="-118.4786607"><ele>1312.34</ele><time>2026-04-25T13:55:49-07:00</time><course>158.6428</course><roll>43.56434</roll><pitch>1.057395</pitch><mode /></trkpt><trkpt lat="35.1111541" lon="-118.4786359"><ele>1312.11</ele><time>2026-04-25T13:55:49-07:00</time><course>151.2715</course><roll>47.02885</roll><pitch>1.353503</pitch><mode /></trkpt><trkpt lat="35.1111298" lon="-118.4786068"><ele>1311.9</ele><time>2026-04-25T13:55:49-07:00</time><course>142.7415</course><roll>52.52075</roll><pitch>2.53928</pitch><mode /></trkpt><trkpt lat="35.1111071" lon="-118.4785744"><ele>1311.59</ele><time>2026-04-25T13:55:49-07:00</time><course>132.7764</course><roll>51.07105</roll><pitch>1.866301</pitch><mode /></trkpt><trkpt lat="35.1110875" lon="-118.4785369"><ele>1311.43</ele><time>2026-04-25T13:55:49-07:00</time><course>123.1977</course><roll>50.77945</roll><pitch>1.04352</pitch><mode /></trkpt><trkpt lat="35.1110714" lon="-118.4784948"><ele>1311.3</ele><time>2026-04-25T13:55:50-07:00</time><course>115.5317</course><roll>48.5799</roll><pitch>-1.33654</pitch><mode /></trkpt><trkpt lat="35.1110585" lon="-118.4784503"><ele>1311.19</ele><time>2026-04-25T13:55:50-07:00</time><course>104.8972</course><roll>52.08092</roll><pitch>0.758346</pitch><mode /></trkpt><trkpt lat="35.11105" lon="-118.4784044"><ele>1311.09</ele><time>2026-04-25T13:55:50-07:00</time><course>96.88557</course><roll>52.20309</roll><pitch>-0.08881567</pitch><mode /></trkpt><trkpt lat="35.1110462" lon="-118.4783567"><ele>1310.94</ele><time>2026-04-25T13:55:50-07:00</time><course>87.38293</course><roll>46.26595</roll><pitch>-0.5599627</pitch><mode /></trkpt><trkpt lat="35.1110464" lon="-118.4783086"><ele>1310.82</ele><time>2026-04-25T13:55:50-07:00</time><course>77.50884</course><roll>45.95025</roll><pitch>0.4358503</pitch><mode /></trkpt><trkpt lat="35.1110496" lon="-118.4782616"><ele>1310.57</ele><time>2026-04-25T13:55:51-07:00</time><course>67.18271</course><roll>44.44874</roll><pitch>0.4982041</pitch><mode /></trkpt><trkpt lat="35.111057" lon="-118.478216"><ele>1310.59</ele><time>2026-04-25T13:55:51-07:00</time><course>59.38468</course><roll>45.9762</roll><pitch>0.8432176</pitch><mode /></trkpt><trkpt lat="35.1110686" lon="-118.4781721"><ele>1310.62</ele><time>2026-04-25T13:55:51-07:00</time><course>51.15265</course><roll>43.21552</roll><pitch>-0.545523</pitch><mode /></trkpt><trkpt lat="35.1110827" lon="-118.4781324"><ele>1310.38</ele><time>2026-04-25T13:55:51-07:00</time><course>39.93103</course><roll>43.24446</roll><pitch>1.916303</pitch><mode /></trkpt><trkpt lat="35.1110997" lon="-118.4780965"><ele>1310.09</ele><time>2026-04-25T13:55:51-07:00</time><course>32.20234</course><roll>44.83716</roll><pitch>0.1505754</pitch><mode /></trkpt><trkpt lat="35.1111203" lon="-118.4780631"><ele>1310.05</ele><time>2026-04-25T13:55:52-07:00</time><course>25.72648</course><roll>46.03936</roll><pitch>-1.785672</pitch><mode /></trkpt><trkpt lat="35.111144" lon="-118.4780334"><ele>1310.17</ele><time>2026-04-25T13:55:52-07:00</time><course>19.63702</course><roll>44.42629</roll><pitch>-2.666977</pitch><mode /></trkpt><trkpt lat="35.1111697" lon="-118.4780061"><ele>1310.33</ele><time>2026-04-25T13:55:52-07:00</time><course>13.98163</course><roll>38.72345</roll><pitch>-2.727814</pitch><mode /></trkpt><trkpt lat="35.1111953" lon="-118.4779806"><ele>1310.17</ele><time>2026-04-25T13:55:52-07:00</time><course>6.195042</course><roll>40.25626</roll><pitch>-1.188026</pitch><mode /></trkpt><trkpt lat="35.1112208" lon="-118.4779581"><ele>1309.91</ele><time>2026-04-25T13:55:52-07:00</time><course>1.308268</course><roll>44.23689</roll><pitch>-2.470085</pitch><mode /></trkpt><trkpt lat="35.1112473" lon="-118.4779406"><ele>1309.69</ele><time>2026-04-25T13:55:53-07:00</time><course>351.2782</course><roll>54.24225</roll><pitch>-4.222047</pitch><mode /></trkpt><trkpt lat="35.1112735" lon="-118.4779292"><ele>1309.5</ele><time>2026-04-25T13:55:53-07:00</time><course>341.5158</course><roll>53.02679</roll><pitch>-6.284376</pitch><mode /></trkpt><trkpt lat="35.1112986" lon="-118.4779244"><ele>1309.31</ele><time>2026-04-25T13:55:53-07:00</time><course>331.4662</course><roll>48.315</roll><pitch>-10.95868</pitch><mode /></trkpt><trkpt lat="35.1113215" lon="-118.4779254"><ele>1309.42</ele><time>2026-04-25T13:55:53-07:00</time><course>323.7291</course><roll>37.84684</roll><pitch>-13.64078</pitch><mode /></trkpt><trkpt lat="35.1113418" lon="-118.4779303"><ele>1309.58</ele><time>2026-04-25T13:55:53-07:00</time><course>318.8448</course><roll>26.83776</roll><pitch>-10.2295</pitch><mode /></trkpt><trkpt lat="35.1113609" lon="-118.4779362"><ele>1310.01</ele><time>2026-04-25T13:55:54-07:00</time><course>316.9389</course><roll>18.57604</roll><pitch>-3.043096</pitch><mode /></trkpt><trkpt lat="35.11138" lon="-118.4779437"><ele>1309.86</ele><time>2026-04-25T13:55:54-07:00</time><course>316.6421</course><roll>14.29436</roll><pitch>-0.09904086</pitch><mode /></trkpt><trkpt lat="35.1113988" lon="-118.4779513"><ele>1309.63</ele><time>2026-04-25T13:55:54-07:00</time><course>314.7426</course><roll>9.571374</roll><pitch>1.760657</pitch><mode /></trkpt><trkpt lat="35.1114177" lon="-118.4779597"><ele>1309.32</ele><time>2026-04-25T13:55:54-07:00</time><course>313.4328</course><roll>3.253789</roll><pitch>2.078698</pitch><mode /></trkpt><trkpt lat="35.1114366" lon="-118.4779691"><ele>1308.92</ele><time>2026-04-25T13:55:54-07:00</time><course>312.5294</course><roll>4.50647</roll><pitch>1.696875</pitch><mode /></trkpt><trkpt lat="35.1114553" lon="-118.4779786"><ele>1308.89</ele><time>2026-04-25T13:55:55-07:00</time><course>310.2173</course><roll>4.414869</roll><pitch>0.9514895</pitch><mode /></trkpt><trkpt lat="35.1114741" lon="-118.4779892"><ele>1308.83</ele><time>2026-04-25T13:55:55-07:00</time><course>310.567</course><roll>2.681513</roll><pitch>0.9929545</pitch><mode /></trkpt><trkpt lat="35.1114925" lon="-118.4780007"><ele>1308.92</ele><time>2026-04-25T13:55:55-07:00</time><course>311.4851</course><roll>2.740813</roll><pitch>0.7369647</pitch><mode /></trkpt><trkpt lat="35.1115105" lon="-118.4780121"><ele>1309.04</ele><time>2026-04-25T13:55:55-07:00</time><course>310.8626</course><roll>0.6701332</roll><pitch>0.4846438</pitch><mode /></trkpt><trkpt lat="35.1115288" lon="-118.4780236"><ele>1309.1</ele><time>2026-04-25T13:55:55-07:00</time><course>309.1346</course><roll>1.741879</roll><pitch>0.2467895</pitch><mode /></trkpt><trkpt lat="35.111547" lon="-118.4780357"><ele>1309.03</ele><time>2026-04-25T13:55:56-07:00</time><course>308.4959</course><roll>1.060203</roll><pitch>-0.8059691</pitch><mode /></trkpt><trkpt lat="35.1115654" lon="-118.4780487"><ele>1308.7</ele><time>2026-04-25T13:55:56-07:00</time><course>306.5516</course><roll>1.49614</roll><pitch>-1.49243</pitch><mode /></trkpt><trkpt lat="35.1115829" lon="-118.4780603"><ele>1308.68</ele><time>2026-04-25T13:55:56-07:00</time><course>302.8566</course><roll>-0.06190088</roll><pitch>-2.335798</pitch><mode /></trkpt><trkpt lat="35.1116005" lon="-118.4780719"><ele>1308.5</ele><time>2026-04-25T13:55:56-07:00</time><course>299.9825</course><roll>-0.480559</roll><pitch>-2.92116</pitch><mode /></trkpt><trkpt lat="35.111618" lon="-118.4780832"><ele>1308.43</ele><time>2026-04-25T13:55:56-07:00</time><course>298.0089</course><roll>-4.719094</roll><pitch>-3.206704</pitch><mode /></trkpt><trkpt lat="35.1116347" lon="-118.4780934"><ele>1308.6</ele><time>2026-04-25T13:55:57-07:00</time><course>296.2775</course><roll>-4.280711</roll><pitch>-3.107274</pitch><mode /></trkpt><trkpt lat="35.1116516" lon="-118.4781042"><ele>1308.64</ele><time>2026-04-25T13:55:57-07:00</time><course>293.4229</course><roll>-5.550925</roll><pitch>-3.679458</pitch><mode /></trkpt><trkpt lat="35.1116688" lon="-118.4781152"><ele>1308.51</ele><time>2026-04-25T13:55:57-07:00</time><course>292.4169</course><roll>-1.347759</roll><pitch>-3.538391</pitch><mode /></trkpt><trkpt lat="35.1116851" lon="-118.4781258"><ele>1308.45</ele><time>2026-04-25T13:55:57-07:00</time><course>296.0243</course><roll>-2.836739</roll><pitch>-3.549188</pitch><mode /></trkpt><trkpt lat="35.1117011" lon="-118.4781362"><ele>1308.31</ele><time>2026-04-25T13:55:57-07:00</time><course>295.503</course><roll>0.5230284</roll><pitch>-3.245989</pitch><mode /></trkpt><trkpt lat="35.1117162" lon="-118.4781457"><ele>1308.38</ele><time>2026-04-25T13:55:58-07:00</time><course>296.4251</course><roll>4.208781</roll><pitch>-3.811497</pitch><mode /></trkpt><trkpt lat="35.1117316" lon="-118.4781563"><ele>1308.39</ele><time>2026-04-25T13:55:58-07:00</time><course>294.945</course><roll>5.810008</roll><pitch>-3.697438</pitch><mode /></trkpt><trkpt lat="35.1117471" lon="-118.4781672"><ele>1308.43</ele><time>2026-04-25T13:55:58-07:00</time><course>292.1866</course><roll>2.025798</roll><pitch>-3.221918</pitch><mode /></trkpt><trkpt lat="35.1117621" lon="-118.4781786"><ele>1308.4</ele><time>2026-04-25T13:55:58-07:00</time><course>290.8156</course><roll>3.059928</roll><pitch>-2.643875</pitch><mode /></trkpt><trkpt lat="35.1117762" lon="-118.47819"><ele>1308.45</ele><time>2026-04-25T13:55:58-07:00</time><course>292.7388</course><roll>1.169591</roll><pitch>-2.548038</pitch><mode /></trkpt><trkpt lat="35.1117905" lon="-118.4782024"><ele>1308.43</ele><time>2026-04-25T13:55:59-07:00</time><course>293.2009</course><roll>-1.912925</roll><pitch>-3.064917</pitch><mode /></trkpt><trkpt lat="35.111805" lon="-118.4782153"><ele>1308.32</ele><time>2026-04-25T13:55:59-07:00</time><course>293.2882</course><roll>-4.308543</roll><pitch>-3.639966</pitch><mode /></trkpt><trkpt lat="35.1118194" lon="-118.4782278"><ele>1308.26</ele><time>2026-04-25T13:55:59-07:00</time><course>291.1556</course><roll>-2.252333</roll><pitch>-4.055194</pitch><mode /></trkpt><trkpt lat="35.1118338" lon="-118.4782409"><ele>1308.13</ele><time>2026-04-25T13:55:59-07:00</time><course>289.9001</course><roll>-1.324919</roll><pitch>-4.162948</pitch><mode /></trkpt><trkpt lat="35.1118476" lon="-118.4782526"><ele>1308.21</ele><time>2026-04-25T13:55:59-07:00</time><course>289.4582</course><roll>-6.270725</roll><pitch>-4.524293</pitch><mode /></trkpt><trkpt lat="35.1118611" lon="-118.4782644"><ele>1308.32</ele><time>2026-04-25T13:56:00-07:00</time><course>289.6044</course><roll>-6.768877</roll><pitch>-4.081971</pitch><mode /></trkpt><trkpt lat="35.1118746" lon="-118.4782765"><ele>1308.37</ele><time>2026-04-25T13:56:00-07:00</time><course>290.4814</course><roll>-5.587247</roll><pitch>-3.592976</pitch><mode /></trkpt><trkpt lat="35.1118883" lon="-118.4782891"><ele>1308.41</ele><time>2026-04-25T13:56:00-07:00</time><course>291.2637</course><roll>-2.777885</roll><pitch>-4.020893</pitch><mode /></trkpt><trkpt lat="35.1119016" lon="-118.478302"><ele>1308.39</ele><time>2026-04-25T13:56:00-07:00</time><course>294.1703</course><roll>-1.898452</roll><pitch>-3.724429</pitch><mode /></trkpt><trkpt lat="35.1119148" lon="-118.4783139"><ele>1308.56</ele><time>2026-04-25T13:56:00-07:00</time><course>293.4292</course><roll>-5.608052</roll><pitch>-4.116581</pitch><mode /></trkpt><trkpt lat="35.1119283" lon="-118.4783255"><ele>1308.81</ele><time>2026-04-25T13:56:01-07:00</time><course>291.7438</course><roll>-8.371572</roll><pitch>-3.361768</pitch><mode /></trkpt><trkpt lat="35.1119417" lon="-118.4783381"><ele>1309</ele><time>2026-04-25T13:56:01-07:00</time><course>295.6879</course><roll>-9.753263</roll><pitch>-1.849471</pitch><mode /></trkpt><trkpt lat="35.1119556" lon="-118.4783511"><ele>1309.19</ele><time>2026-04-25T13:56:01-07:00</time><course>296.2936</course><roll>-10.00428</roll><pitch>-2.05587</pitch><mode /></trkpt><trkpt lat="35.1119704" lon="-118.4783641"><ele>1309.31</ele><time>2026-04-25T13:56:01-07:00</time><course>295.5012</course><roll>-11.14196</roll><pitch>-2.181219</pitch><mode /></trkpt><trkpt lat="35.1119855" lon="-118.4783769"><ele>1309.41</ele><time>2026-04-25T13:56:01-07:00</time><course>293.1563</course><roll>-9.242965</roll><pitch>-2.683951</pitch><mode /></trkpt><trkpt lat="35.1120009" lon="-118.4783897"><ele>1309.44</ele><time>2026-04-25T13:56:02-07:00</time><course>294.6791</course><roll>-10.63861</roll><pitch>-1.654504</pitch><mode /></trkpt><trkpt lat="35.1120167" lon="-118.4784023"><ele>1309.52</ele><time>2026-04-25T13:56:02-07:00</time><course>295.7917</course><roll>-12.00135</roll><pitch>-1.553611</pitch><mode /></trkpt><trkpt lat="35.1120325" lon="-118.4784154"><ele>1309.43</ele><time>2026-04-25T13:56:02-07:00</time><course>297.115</course><roll>-10.38933</roll><pitch>-1.470867</pitch><mode /></trkpt><trkpt lat="35.1120484" lon="-118.4784285"><ele>1309.16</ele><time>2026-04-25T13:56:02-07:00</time><course>299.101</course><roll>-11.2207</roll><pitch>-1.477415</pitch><mode /></trkpt><trkpt lat="35.1120647" lon="-118.4784409"><ele>1308.86</ele><time>2026-04-25T13:56:02-07:00</time><course>300.9022</course><roll>-14.3396</roll><pitch>-2.657429</pitch><mode /></trkpt><trkpt lat="35.1120819" lon="-118.4784524"><ele>1308.65</ele><time>2026-04-25T13:56:03-07:00</time><course>300.6602</course><roll>-17.84163</roll><pitch>-4.722077</pitch><mode /></trkpt><trkpt lat="35.1121001" lon="-118.4784639"><ele>1308.43</ele><time>2026-04-25T13:56:03-07:00</time><course>301.9322</course><roll>-17.70371</roll><pitch>-5.45599</pitch><mode /></trkpt><trkpt lat="35.1121184" lon="-118.4784744"><ele>1308.29</ele><time>2026-04-25T13:56:03-07:00</time><course>304.9409</course><roll>-17.39852</roll><pitch>-5.830567</pitch><mode /></trkpt><trkpt lat="35.1121374" lon="-118.4784845"><ele>1308.12</ele><time>2026-04-25T13:56:03-07:00</time><course>306.7724</course><roll>-18.20511</roll><pitch>-6.599885</pitch><mode /></trkpt><trkpt lat="35.112157" lon="-118.4784932"><ele>1308.01</ele><time>2026-04-25T13:56:03-07:00</time><course>307.8252</course><roll>-16.83529</roll><pitch>-7.050334</pitch><mode /></trkpt><trkpt lat="35.1121772" lon="-118.478501"><ele>1307.92</ele><time>2026-04-25T13:56:04-07:00</time><course>309.1702</course><roll>-15.44382</roll><pitch>-6.7656</pitch><mode /></trkpt><trkpt lat="35.1121976" lon="-118.478508"><ele>1307.87</ele><time>2026-04-25T13:56:04-07:00</time><course>311.2833</course><roll>-16.06906</roll><pitch>-6.453057</pitch><mode /></trkpt><trkpt lat="35.1122183" lon="-118.4785141"><ele>1307.83</ele><time>2026-04-25T13:56:04-07:00</time><course>313.898</course><roll>-16.64967</roll><pitch>-6.285471</pitch><mode /></trkpt><trkpt lat="35.1122393" lon="-118.4785196"><ele>1307.76</ele><time>2026-04-25T13:56:04-07:00</time><course>314.7045</course><roll>-16.35478</roll><pitch>-6.564805</pitch><mode /></trkpt><trkpt lat="35.1122609" lon="-118.4785249"><ele>1307.66</ele><time>2026-04-25T13:56:04-07:00</time><course>316.8767</course><roll>-10.7663</roll><pitch>-6.109031</pitch><mode /></trkpt><trkpt lat="35.1122832" lon="-118.4785299"><ele>1307.48</ele><time>2026-04-25T13:56:05-07:00</time><course>315.8413</course><roll>-11.72141</roll><pitch>-7.124308</pitch><mode /></trkpt><trkpt lat="35.1123055" lon="-118.4785337"><ele>1307.4</ele><time>2026-04-25T13:56:05-07:00</time><course>317.4544</course><roll>-12.89177</roll><pitch>-6.378619</pitch><mode /></trkpt><trkpt lat="35.1123277" lon="-118.4785377"><ele>1307.2</ele><time>2026-04-25T13:56:05-07:00</time><course>321.5521</course><roll>-14.60311</roll><pitch>-5.888299</pitch><mode /></trkpt><trkpt lat="35.1123502" lon="-118.478541"><ele>1306.93</ele><time>2026-04-25T13:56:05-07:00</time><course>322.5838</course><roll>-14.64281</roll><pitch>-7.013385</pitch><mode /></trkpt><trkpt lat="35.1123731" lon="-118.4785435"><ele>1306.7</ele><time>2026-04-25T13:56:05-07:00</time><course>323.9696</course><roll>-14.18807</roll><pitch>-8.295722</pitch><mode /></trkpt><trkpt lat="35.1123963" lon="-118.4785451"><ele>1306.53</ele><time>2026-04-25T13:56:06-07:00</time><course>326.1113</course><roll>-14.42258</roll><pitch>-8.502254</pitch><mode /></trkpt><trkpt lat="35.1124196" lon="-118.478546"><ele>1306.4</ele><time>2026-04-25T13:56:06-07:00</time><course>327.2557</course><roll>-15.23242</roll><pitch>-8.833247</pitch><mode /></trkpt><trkpt lat="35.1124433" lon="-118.4785461"><ele>1306.22</ele><time>2026-04-25T13:56:06-07:00</time><course>327.7253</course><roll>-16.34666</roll><pitch>-9.898126</pitch><mode /></trkpt><trkpt lat="35.1124671" lon="-118.4785458"><ele>1306</ele><time>2026-04-25T13:56:06-07:00</time><course>329.9395</course><roll>-19.81899</roll><pitch>-10.15061</pitch><mode /></trkpt><trkpt lat="35.1124912" lon="-118.4785443"><ele>1305.88</ele><time>2026-04-25T13:56:06-07:00</time><course>331.0408</course><roll>-23.58633</roll><pitch>-11.94083</pitch><mode /></trkpt><trkpt lat="35.1125156" lon="-118.4785417"><ele>1305.63</ele><time>2026-04-25T13:56:07-07:00</time><course>328.2792</course><roll>-17.06929</roll><pitch>-14.29064</pitch><mode /></trkpt><trkpt lat="35.1125403" lon="-118.4785374"><ele>1305.61</ele><time>2026-04-25T13:56:07-07:00</time><course>328.1279</course><roll>-15.19957</roll><pitch>-14.39294</pitch><mode /></trkpt><trkpt lat="35.1125643" lon="-118.4785338"><ele>1305.43</ele><time>2026-04-25T13:56:07-07:00</time><course>332.8319</course><roll>-12.59893</roll><pitch>-12.14805</pitch><mode /></trkpt><trkpt lat="35.1125885" lon="-118.4785291"><ele>1305.41</ele><time>2026-04-25T13:56:07-07:00</time><course>332.709</course><roll>-12.58914</roll><pitch>-11.17909</pitch><mode /></trkpt><trkpt lat="35.1126128" lon="-118.4785239"><ele>1305.3</ele><time>2026-04-25T13:56:07-07:00</time><course>331.2837</course><roll>-10.69636</roll><pitch>-11.17787</pitch><mode /></trkpt><trkpt lat="35.1126369" lon="-118.4785179"><ele>1305.28</ele><time>2026-04-25T13:56:08-07:00</time><course>332.4498</course><roll>-8.1634</roll><pitch>-10.5915</pitch><mode /></trkpt><trkpt lat="35.1126609" lon="-118.4785126"><ele>1304.95</ele><time>2026-04-25T13:56:08-07:00</time><course>334.3787</course><roll>-8.409663</roll><pitch>-10.12561</pitch><mode /></trkpt><trkpt lat="35.1126851" lon="-118.4785079"><ele>1304.65</ele><time>2026-04-25T13:56:08-07:00</time><course>337.1505</course><roll>-6.808984</roll><pitch>-10.14125</pitch><mode /></trkpt><trkpt lat="35.1127096" lon="-118.4785021"><ele>1304.64</ele><time>2026-04-25T13:56:08-07:00</time><course>338.4119</course><roll>-6.316428</roll><pitch>-10.17525</pitch><mode /></trkpt><trkpt lat="35.1127342" lon="-118.4784963"><ele>1304.62</ele><time>2026-04-25T13:56:08-07:00</time><course>340.4049</course><roll>-6.395082</roll><pitch>-9.917011</pitch><mode /></trkpt><trkpt lat="35.1127585" lon="-118.4784913"><ele>1304.42</ele><time>2026-04-25T13:56:09-07:00</time><course>343.4275</course><roll>-8.557876</roll><pitch>-9.465801</pitch><mode /></trkpt><trkpt lat="35.1127829" lon="-118.478485"><ele>1304.52</ele><time>2026-04-25T13:56:09-07:00</time><course>342.6598</course><roll>-10.33127</roll><pitch>-9.894874</pitch><mode /></trkpt><trkpt lat="35.1128077" lon="-118.4784782"><ele>1304.66</ele><time>2026-04-25T13:56:09-07:00</time><course>340.0963</course><roll>-10.51092</roll><pitch>-10.17225</pitch><mode /></trkpt><trkpt lat="35.1128327" lon="-118.4784717"><ele>1304.72</ele><time>2026-04-25T13:56:09-07:00</time><course>341.3069</course><roll>-11.67459</roll><pitch>-10.04304</pitch><mode /></trkpt><trkpt lat="35.1128577" lon="-118.4784643"><ele>1304.96</ele><time>2026-04-25T13:56:09-07:00</time><course>341.825</course><roll>-9.165129</roll><pitch>-10.30389</pitch><mode /></trkpt><trkpt lat="35.1128826" lon="-118.4784572"><ele>1305.08</ele><time>2026-04-25T13:56:10-07:00</time><course>342.4489</course><roll>-5.037866</roll><pitch>-8.709329</pitch><mode /></trkpt><trkpt lat="35.1129077" lon="-118.47845"><ele>1305.22</ele><time>2026-04-25T13:56:10-07:00</time><course>343.1255</course><roll>-5.262198</roll><pitch>-7.724716</pitch><mode /></trkpt><trkpt lat="35.1129329" lon="-118.4784429"><ele>1305.27</ele><time>2026-04-25T13:56:10-07:00</time><course>341.8165</course><roll>-4.426368</roll><pitch>-7.050551</pitch><mode /></trkpt><trkpt lat="35.1129586" lon="-118.4784359"><ele>1305.28</ele><time>2026-04-25T13:56:10-07:00</time><course>342.6803</course><roll>-4.130851</roll><pitch>-6.700914</pitch><mode /></trkpt><trkpt lat="35.1129843" lon="-118.478429"><ele>1305.28</ele><time>2026-04-25T13:56:10-07:00</time><course>346.501</course><roll>-6.301702</roll><pitch>-6.106663</pitch><mode /></trkpt><trkpt lat="35.1130094" lon="-118.4784217"><ele>1305.29</ele><time>2026-04-25T13:56:11-07:00</time><course>344.192</course><roll>-4.69697</roll><pitch>-6.296289</pitch><mode /></trkpt><trkpt lat="35.1130351" lon="-118.4784144"><ele>1305.42</ele><time>2026-04-25T13:56:11-07:00</time><course>347.7063</course><roll>-3.939057</roll><pitch>-5.620083</pitch><mode /></trkpt><trkpt lat="35.1130606" lon="-118.4784081"><ele>1305.34</ele><time>2026-04-25T13:56:11-07:00</time><course>350.0513</course><roll>-7.082326</roll><pitch>-5.833828</pitch><mode /></trkpt><trkpt lat="35.113086" lon="-118.4784007"><ele>1305.46</ele><time>2026-04-25T13:56:11-07:00</time><course>348.0091</course><roll>-6.734077</roll><pitch>-5.994926</pitch><mode /></trkpt><trkpt lat="35.1131121" lon="-118.4783924"><ele>1305.86</ele><time>2026-04-25T13:56:11-07:00</time><course>346.0734</course><roll>-6.475344</roll><pitch>-4.827102</pitch><mode /></trkpt><trkpt lat="35.1131381" lon="-118.4783847"><ele>1306.12</ele><time>2026-04-25T13:56:12-07:00</time><course>349.6652</course><roll>-5.169778</roll><pitch>-2.593226</pitch><mode /></trkpt><trkpt lat="35.1131636" lon="-118.4783776"><ele>1306.2</ele><time>2026-04-25T13:56:12-07:00</time><course>350.3906</course><roll>-8.221422</roll><pitch>-2.100497</pitch><mode /></trkpt><trkpt lat="35.1131896" lon="-118.4783699"><ele>1306.15</ele><time>2026-04-25T13:56:12-07:00</time><course>340.8133</course><roll>-3.465814</roll><pitch>-3.314965</pitch><mode /></trkpt><trkpt lat="35.113216" lon="-118.4783621"><ele>1305.95</ele><time>2026-04-25T13:56:12-07:00</time><course>339.1808</course><roll>-0.8754286</roll><pitch>-2.715837</pitch><mode /></trkpt><trkpt lat="35.1132419" lon="-118.4783543"><ele>1305.82</ele><time>2026-04-25T13:56:12-07:00</time><course>340.8747</course><roll>-2.486415</roll><pitch>-1.968357</pitch><mode /></trkpt><trkpt lat="35.1132682" lon="-118.4783472"><ele>1305.76</ele><time>2026-04-25T13:56:13-07:00</time><course>345.1996</course><roll>-3.590369</roll><pitch>-2.183322</pitch><mode /></trkpt><trkpt lat="35.1132939" lon="-118.4783398"><ele>1305.7</ele><time>2026-04-25T13:56:13-07:00</time><course>344.9995</course><roll>-3.119417</roll><pitch>-2.902068</pitch><mode /></trkpt><trkpt lat="35.1133193" lon="-118.4783321"><ele>1305.58</ele><time>2026-04-25T13:56:13-07:00</time><course>343.5363</course><roll>-4.938569</roll><pitch>-2.778</pitch><mode /></trkpt><trkpt lat="35.113345" lon="-118.4783245"><ele>1305.48</ele><time>2026-04-25T13:56:13-07:00</time><course>343.374</course><roll>-3.090509</roll><pitch>-2.391129</pitch><mode /></trkpt><trkpt lat="35.1133706" lon="-118.4783171"><ele>1305.39</ele><time>2026-04-25T13:56:13-07:00</time><course>344.9916</course><roll>-2.378436</roll><pitch>-1.655153</pitch><mode /></trkpt><trkpt lat="35.1133962" lon="-118.4783104"><ele>1305.13</ele><time>2026-04-25T13:56:14-07:00</time><course>347.1367</course><roll>-2.172166</roll><pitch>-1.881706</pitch><mode /></trkpt><trkpt lat="35.113422" lon="-118.4783042"><ele>1304.76</ele><time>2026-04-25T13:56:14-07:00</time><course>346.0878</course><roll>-3.730884</roll><pitch>-2.111036</pitch><mode /></trkpt><trkpt lat="35.1134477" lon="-118.4782964"><ele>1304.75</ele><time>2026-04-25T13:56:14-07:00</time><course>344.7581</course><roll>-2.895855</roll><pitch>-1.7134</pitch><mode /></trkpt><trkpt lat="35.1134732" lon="-118.4782888"><ele>1304.55</ele><time>2026-04-25T13:56:14-07:00</time><course>345.1849</course><roll>-2.355794</roll><pitch>-1.872779</pitch><mode /></trkpt><trkpt lat="35.1134986" lon="-118.4782824"><ele>1304.11</ele><time>2026-04-25T13:56:14-07:00</time><course>345.5231</course><roll>-4.039786</roll><pitch>-2.327861</pitch><mode /></trkpt><trkpt lat="35.1135232" lon="-118.4782739"><ele>1304.27</ele><time>2026-04-25T13:56:15-07:00</time><course>344.8088</course><roll>-3.434925</roll><pitch>-1.987628</pitch><mode /></trkpt><trkpt lat="35.1135485" lon="-118.4782656"><ele>1304.26</ele><time>2026-04-25T13:56:15-07:00</time><course>343.7798</course><roll>-3.979356</roll><pitch>-2.192367</pitch><mode /></trkpt><trkpt lat="35.1135735" lon="-118.4782579"><ele>1304.06</ele><time>2026-04-25T13:56:15-07:00</time><course>342.8731</course><roll>-2.049882</roll><pitch>-2.041541</pitch><mode /></trkpt><trkpt lat="35.113599" lon="-118.4782506"><ele>1303.81</ele><time>2026-04-25T13:56:15-07:00</time><course>344.1591</course><roll>-0.6096367</roll><pitch>-2.12466</pitch><mode /></trkpt><trkpt lat="35.1136246" lon="-118.4782436"><ele>1303.57</ele><time>2026-04-25T13:56:15-07:00</time><course>344.5975</course><roll>0.4309931</roll><pitch>-2.092846</pitch><mode /></trkpt><trkpt lat="35.1136508" lon="-118.4782365"><ele>1303.49</ele><time>2026-04-25T13:56:16-07:00</time><course>346.7701</course><roll>-1.453086</roll><pitch>-2.44343</pitch><mode /></trkpt><trkpt lat="35.1136762" lon="-118.4782293"><ele>1303.33</ele><time>2026-04-25T13:56:16-07:00</time><course>346.8112</course><roll>0.7897275</roll><pitch>-2.654565</pitch><mode /></trkpt><trkpt lat="35.1137015" lon="-118.478221"><ele>1303.53</ele><time>2026-04-25T13:56:16-07:00</time><course>347.0248</course><roll>-1.212651</roll><pitch>-3.160105</pitch><mode /></trkpt><trkpt lat="35.1137269" lon="-118.4782152"><ele>1303.05</ele><time>2026-04-25T13:56:16-07:00</time><course>346.4648</course><roll>-6.146516</roll><pitch>-3.140898</pitch><mode /></trkpt><trkpt lat="35.1137516" lon="-118.478208"><ele>1302.92</ele><time>2026-04-25T13:56:16-07:00</time><course>345.5432</course><roll>-5.356175</roll><pitch>-3.092826</pitch><mode /></trkpt><trkpt lat="35.1137764" lon="-118.4782002"><ele>1302.98</ele><time>2026-04-25T13:56:17-07:00</time><course>345.8128</course><roll>-3.756848</roll><pitch>-2.847674</pitch><mode /></trkpt><trkpt lat="35.1138018" lon="-118.478194"><ele>1302.67</ele><time>2026-04-25T13:56:17-07:00</time><course>346.1133</course><roll>-3.914847</roll><pitch>-3.299295</pitch><mode /></trkpt><trkpt lat="35.113827" lon="-118.4781863"><ele>1302.82</ele><time>2026-04-25T13:56:17-07:00</time><course>348.0789</course><roll>-3.262839</roll><pitch>-2.987828</pitch><mode /></trkpt><trkpt lat="35.1138527" lon="-118.4781787"><ele>1303.04</ele><time>2026-04-25T13:56:17-07:00</time><course>347.522</course><roll>-2.168647</roll><pitch>-2.238596</pitch><mode /></trkpt><trkpt lat="35.1138789" lon="-118.4781727"><ele>1302.63</ele><time>2026-04-25T13:56:17-07:00</time><course>347.4006</course><roll>-3.431038</roll><pitch>-1.944294</pitch><mode /></trkpt><trkpt lat="35.1139048" lon="-118.4781655"><ele>1302.41</ele><time>2026-04-25T13:56:18-07:00</time><course>346.4953</course><roll>-4.159598</roll><pitch>-2.504014</pitch><mode /></trkpt><trkpt lat="35.1139306" lon="-118.4781571"><ele>1302.41</ele><time>2026-04-25T13:56:18-07:00</time><course>345.5521</course><roll>-5.130948</roll><pitch>-3.395606</pitch><mode /></trkpt><trkpt lat="35.113956" lon="-118.4781494"><ele>1302.24</ele><time>2026-04-25T13:56:18-07:00</time><course>344.6728</course><roll>-6.069141</roll><pitch>-3.921587</pitch><mode /></trkpt><trkpt lat="35.1139815" lon="-118.4781408"><ele>1302.24</ele><time>2026-04-25T13:56:18-07:00</time><course>341.2835</course><roll>-7.625746</roll><pitch>-4.280372</pitch><mode /></trkpt><trkpt lat="35.1140082" lon="-118.4781323"><ele>1302.24</ele><time>2026-04-25T13:56:18-07:00</time><course>339.4137</course><roll>-5.359469</roll><pitch>-4.650425</pitch><mode /></trkpt><trkpt lat="35.1140346" lon="-118.4781248"><ele>1302.04</ele><time>2026-04-25T13:56:19-07:00</time><course>343.0084</course><roll>-5.06992</roll><pitch>-4.013782</pitch><mode /></trkpt><trkpt lat="35.1140604" lon="-118.4781171"><ele>1301.79</ele><time>2026-04-25T13:56:19-07:00</time><course>343.3068</course><roll>-4.048658</roll><pitch>-4.298847</pitch><mode /></trkpt><trkpt lat="35.114086" lon="-118.4781085"><ele>1301.72</ele><time>2026-04-25T13:56:19-07:00</time><course>342.4681</course><roll>-2.055411</roll><pitch>-4.346905</pitch><mode /></trkpt><trkpt lat="35.1141117" lon="-118.4780999"><ele>1301.76</ele><time>2026-04-25T13:56:19-07:00</time><course>342.7662</course><roll>3.187134</roll><pitch>-3.177761</pitch><mode /></trkpt><trkpt lat="35.1141378" lon="-118.4780928"><ele>1301.59</ele><time>2026-04-25T13:56:19-07:00</time><course>346.1696</course><roll>-0.3701293</roll><pitch>-3.377879</pitch><mode /></trkpt><trkpt lat="35.1141638" lon="-118.4780853"><ele>1301.5</ele><time>2026-04-25T13:56:20-07:00</time><course>344.4067</course><roll>-0.5553891</roll><pitch>-3.632799</pitch><mode /></trkpt><trkpt lat="35.1141899" lon="-118.4780775"><ele>1301.5</ele><time>2026-04-25T13:56:20-07:00</time><course>342.96</course><roll>-1.433226</roll><pitch>-4.782493</pitch><mode /></trkpt><trkpt lat="35.1142153" lon="-118.4780697"><ele>1301.55</ele><time>2026-04-25T13:56:20-07:00</time><course>343.7917</course><roll>-1.855068</roll><pitch>-6.341421</pitch><mode /></trkpt><trkpt lat="35.1142405" lon="-118.478063"><ele>1301.37</ele><time>2026-04-25T13:56:20-07:00</time><course>343.0562</course><roll>-2.713176</roll><pitch>-7.96738</pitch><mode /></trkpt><trkpt lat="35.1142658" lon="-118.4780555"><ele>1301.46</ele><time>2026-04-25T13:56:20-07:00</time><course>341.1357</course><roll>-2.38572</roll><pitch>-9.306482</pitch><mode /></trkpt><trkpt lat="35.1142906" lon="-118.4780479"><ele>1301.61</ele><time>2026-04-25T13:56:21-07:00</time><course>340.5254</course><roll>-1.745627</roll><pitch>-10.37682</pitch><mode /></trkpt><trkpt lat="35.114315" lon="-118.4780401"><ele>1301.96</ele><time>2026-04-25T13:56:21-07:00</time><course>340.7182</course><roll>-1.969398</roll><pitch>-11.55565</pitch><mode /></trkpt><trkpt lat="35.1143388" lon="-118.4780324"><ele>1302.31</ele><time>2026-04-25T13:56:21-07:00</time><course>340.7199</course><roll>-2.295069</roll><pitch>-12.64904</pitch><mode /></trkpt><trkpt lat="35.1143624" lon="-118.4780241"><ele>1302.81</ele><time>2026-04-25T13:56:21-07:00</time><course>339.3315</course><roll>-1.3543</roll><pitch>-13.53225</pitch><mode /></trkpt><trkpt lat="35.1143858" lon="-118.4780156"><ele>1303.37</ele><time>2026-04-25T13:56:21-07:00</time><course>339.7407</course><roll>-2.17135</roll><pitch>-13.64535</pitch><mode /></trkpt><trkpt lat="35.1144087" lon="-118.478008"><ele>1303.72</ele><time>2026-04-25T13:56:22-07:00</time><course>338.9656</course><roll>-2.597511</roll><pitch>-14.33882</pitch><mode /></trkpt><trkpt lat="35.1144312" lon="-118.4779997"><ele>1304.16</ele><time>2026-04-25T13:56:22-07:00</time><course>337.0508</course><roll>-1.029912</roll><pitch>-14.41517</pitch><mode /></trkpt><trkpt lat="35.1144534" lon="-118.4779919"><ele>1304.57</ele><time>2026-04-25T13:56:22-07:00</time><course>336.355</course><roll>0.2148307</roll><pitch>-13.89227</pitch><mode /></trkpt><trkpt lat="35.1144751" lon="-118.4779848"><ele>1304.96</ele><time>2026-04-25T13:56:22-07:00</time><course>337.0853</course><roll>1.064374</roll><pitch>-12.92916</pitch><mode /></trkpt><trkpt lat="35.1144966" lon="-118.4779784"><ele>1305.31</ele><time>2026-04-25T13:56:22-07:00</time><course>335.5284</course><roll>0.5237038</roll><pitch>-11.94951</pitch><mode /></trkpt><trkpt lat="35.1145179" lon="-118.4779715"><ele>1305.87</ele><time>2026-04-25T13:56:23-07:00</time><course>336.1052</course><roll>-0.8978063</roll><pitch>-10.54687</pitch><mode /></trkpt><trkpt lat="35.1145396" lon="-118.477966"><ele>1306.2</ele><time>2026-04-25T13:56:23-07:00</time><course>337.6332</course><roll>-1.200948</roll><pitch>-9.430241</pitch><mode /></trkpt><trkpt lat="35.1145613" lon="-118.4779604"><ele>1306.48</ele><time>2026-04-25T13:56:23-07:00</time><course>337.222</course><roll>-0.7283727</roll><pitch>-9.297585</pitch><mode /></trkpt><trkpt lat="35.1145829" lon="-118.4779545"><ele>1306.79</ele><time>2026-04-25T13:56:23-07:00</time><course>335.2277</course><roll>-0.7645988</roll><pitch>-8.790387</pitch><mode /></trkpt><trkpt lat="35.1146044" lon="-118.4779492"><ele>1306.95</ele><time>2026-04-25T13:56:23-07:00</time><course>333.1983</course><roll>-0.4947599</roll><pitch>-8.706833</pitch><mode /></trkpt><trkpt lat="35.1146258" lon="-118.4779438"><ele>1307.22</ele><time>2026-04-25T13:56:24-07:00</time><course>333.024</course><roll>-1.422635</roll><pitch>-8.164854</pitch><mode /></trkpt><trkpt lat="35.1146475" lon="-118.4779394"><ele>1307.28</ele><time>2026-04-25T13:56:24-07:00</time><course>332.7004</course><roll>-2.175159</roll><pitch>-7.710811</pitch><mode /></trkpt><trkpt lat="35.1146691" lon="-118.477935"><ele>1307.42</ele><time>2026-04-25T13:56:24-07:00</time><course>334.164</course><roll>-2.905894</roll><pitch>-6.995149</pitch><mode /></trkpt><trkpt lat="35.1146908" lon="-118.4779306"><ele>1307.66</ele><time>2026-04-25T13:56:24-07:00</time><course>333.7766</course><roll>-4.025001</roll><pitch>-6.910623</pitch><mode /></trkpt><trkpt lat="35.1147124" lon="-118.477926"><ele>1307.97</ele><time>2026-04-25T13:56:24-07:00</time><course>333.598</course><roll>-4.891782</roll><pitch>-6.281168</pitch><mode /></trkpt><trkpt lat="35.1147339" lon="-118.4779217"><ele>1308.2</ele><time>2026-04-25T13:56:25-07:00</time><course>333.681</course><roll>-5.611187</roll><pitch>-6.024485</pitch><mode /></trkpt><trkpt lat="35.1147556" lon="-118.4779176"><ele>1308.3</ele><time>2026-04-25T13:56:25-07:00</time><course>333.0185</course><roll>-4.066072</roll><pitch>-6.243566</pitch><mode /></trkpt><trkpt lat="35.1147773" lon="-118.4779139"><ele>1308.27</ele><time>2026-04-25T13:56:25-07:00</time><course>332.2209</course><roll>-4.173272</roll><pitch>-6.129788</pitch><mode /></trkpt><trkpt lat="35.1147985" lon="-118.4779098"><ele>1308.36</ele><time>2026-04-25T13:56:25-07:00</time><course>333.3517</course><roll>-3.394557</roll><pitch>-5.310356</pitch><mode /></trkpt><trkpt lat="35.1148198" lon="-118.4779055"><ele>1308.63</ele><time>2026-04-25T13:56:25-07:00</time><course>334.5552</course><roll>-4.81194</roll><pitch>-4.466477</pitch><mode /></trkpt><trkpt lat="35.1148408" lon="-118.4779026"><ele>1308.37</ele><time>2026-04-25T13:56:26-07:00</time><course>336.247</course><roll>-4.756713</roll><pitch>-4.021085</pitch><mode /></trkpt><trkpt lat="35.1148614" lon="-118.4778994"><ele>1307.99</ele><time>2026-04-25T13:56:26-07:00</time><course>337.701</course><roll>-5.860133</roll><pitch>-4.106345</pitch><mode /></trkpt><trkpt lat="35.1148822" lon="-118.4778964"><ele>1307.49</ele><time>2026-04-25T13:56:26-07:00</time><course>337.0121</course><roll>-5.328884</roll><pitch>-4.856695</pitch><mode /></trkpt><trkpt lat="35.1149032" lon="-118.4778933"><ele>1307.12</ele><time>2026-04-25T13:56:26-07:00</time><course>336.8362</course><roll>-3.803512</roll><pitch>-4.063173</pitch><mode /></trkpt><trkpt lat="35.1149243" lon="-118.4778901"><ele>1306.87</ele><time>2026-04-25T13:56:26-07:00</time><course>338.8252</course><roll>-3.384633</roll><pitch>-3.206076</pitch><mode /></trkpt><trkpt lat="35.1149454" lon="-118.477887"><ele>1306.47</ele><time>2026-04-25T13:56:27-07:00</time><course>338.1829</course><roll>-4.640038</roll><pitch>-3.157819</pitch><mode /></trkpt><trkpt lat="35.1149663" lon="-118.4778836"><ele>1305.99</ele><time>2026-04-25T13:56:27-07:00</time><course>335.8435</course><roll>-3.277961</roll><pitch>-3.369454</pitch><mode /></trkpt><trkpt lat="35.1149877" lon="-118.4778798"><ele>1305.66</ele><time>2026-04-25T13:56:27-07:00</time><course>336.6624</course><roll>-3.546225</roll><pitch>-2.356995</pitch><mode /></trkpt><trkpt lat="35.1150094" lon="-118.4778763"><ele>1305.39</ele><time>2026-04-25T13:56:27-07:00</time><course>337.1591</course><roll>-4.711478</roll><pitch>-2.281722</pitch><mode /></trkpt><trkpt lat="35.115031" lon="-118.4778729"><ele>1305.05</ele><time>2026-04-25T13:56:27-07:00</time><course>337.0891</course><roll>-5.306986</roll><pitch>-2.420267</pitch><mode /></trkpt><trkpt lat="35.1150528" lon="-118.4778681"><ele>1305.08</ele><time>2026-04-25T13:56:28-07:00</time><course>336.7701</course><roll>-6.050002</roll><pitch>-2.79129</pitch><mode /></trkpt><trkpt lat="35.1150739" lon="-118.4778641"><ele>1304.83</ele><time>2026-04-25T13:56:28-07:00</time><course>346.3119</course><roll>-19.97146</roll><pitch>-2.933688</pitch><mode /></trkpt><trkpt lat="35.1150949" lon="-118.4778584"><ele>1304.67</ele><time>2026-04-25T13:56:28-07:00</time><course>347.0387</course><roll>-29.02749</roll><pitch>-3.975778</pitch><mode /></trkpt><trkpt lat="35.1151169" lon="-118.4778489"><ele>1304.89</ele><time>2026-04-25T13:56:28-07:00</time><course>346.4302</course><roll>-32.02214</roll><pitch>-6.027656</pitch><mode /></trkpt><trkpt lat="35.1151389" lon="-118.477838"><ele>1304.97</ele><time>2026-04-25T13:56:28-07:00</time><course>349.8344</course><roll>-34.7299</roll><pitch>-4.91644</pitch><mode /></trkpt><trkpt lat="35.1151607" lon="-118.4778264"><ele>1304.62</ele><time>2026-04-25T13:56:29-07:00</time><course>353.8526</course><roll>-34.55873</roll><pitch>-5.609663</pitch><mode /></trkpt><trkpt lat="35.115182" lon="-118.4778124"><ele>1304.19</ele><time>2026-04-25T13:56:29-07:00</time><course>357.112</course><roll>-34.40349</roll><pitch>-5.814259</pitch><mode /></trkpt><trkpt lat="35.1152033" lon="-118.4777951"><ele>1304.03</ele><time>2026-04-25T13:56:29-07:00</time><course>0.9493767</course><roll>-34.00281</roll><pitch>-5.989393</pitch><mode /></trkpt><trkpt lat="35.115225" lon="-118.4777749"><ele>1304</ele><time>2026-04-25T13:56:29-07:00</time><course>5.248449</course><roll>-33.12102</roll><pitch>-5.365641</pitch><mode /></trkpt><trkpt lat="35.1152465" lon="-118.4777527"><ele>1303.89</ele><time>2026-04-25T13:56:29-07:00</time><course>9.681633</course><roll>-32.08393</roll><pitch>-4.877458</pitch><mode /></trkpt><trkpt lat="35.1152673" lon="-118.4777291"><ele>1303.57</ele><time>2026-04-25T13:56:30-07:00</time><course>14.54058</course><roll>-34.0736</roll><pitch>-4.523864</pitch><mode /></trkpt><trkpt lat="35.1152878" lon="-118.4777032"><ele>1303.36</ele><time>2026-04-25T13:56:30-07:00</time><course>17.9494</course><roll>-36.16201</roll><pitch>-5.077219</pitch><mode /></trkpt><trkpt lat="35.1153075" lon="-118.4776753"><ele>1302.9</ele><time>2026-04-25T13:56:30-07:00</time><course>22.67585</course><roll>-39.06835</roll><pitch>-6.006867</pitch><mode /></trkpt><trkpt lat="35.1153266" lon="-118.477644"><ele>1302.74</ele><time>2026-04-25T13:56:30-07:00</time><course>27.78161</course><roll>-40.62199</roll><pitch>-6.787587</pitch><mode /></trkpt><trkpt lat="35.1153445" lon="-118.4776107"><ele>1302.51</ele><time>2026-04-25T13:56:30-07:00</time><course>33.71568</course><roll>-43.18294</roll><pitch>-7.419233</pitch><mode /></trkpt><trkpt lat="35.115361" lon="-118.4775747"><ele>1302.28</ele><time>2026-04-25T13:56:31-07:00</time><course>39.9427</course><roll>-44.14762</roll><pitch>-8.117647</pitch><mode /></trkpt><trkpt lat="35.115376" lon="-118.4775355"><ele>1302.31</ele><time>2026-04-25T13:56:31-07:00</time><course>45.5406</course><roll>-45.02893</roll><pitch>-8.309709</pitch><mode /></trkpt><trkpt lat="35.1153883" lon="-118.4774945"><ele>1302.08</ele><time>2026-04-25T13:56:31-07:00</time><course>51.29092</course><roll>-45.77601</roll><pitch>-8.476723</pitch><mode /></trkpt><trkpt lat="35.1153984" lon="-118.477451"><ele>1302.01</ele><time>2026-04-25T13:56:31-07:00</time><course>58.17923</course><roll>-46.95811</roll><pitch>-7.759904</pitch><mode /></trkpt><trkpt lat="35.1154066" lon="-118.4774059"><ele>1301.85</ele><time>2026-04-25T13:56:31-07:00</time><course>65.38058</course><roll>-46.74282</roll><pitch>-7.526562</pitch><mode /></trkpt><trkpt lat="35.115412" lon="-118.4773588"><ele>1301.85</ele><time>2026-04-25T13:56:32-07:00</time><course>73.48048</course><roll>-47.41194</roll><pitch>-8.61951</pitch><mode /></trkpt><trkpt lat="35.1154141" lon="-118.477311"><ele>1301.55</ele><time>2026-04-25T13:56:32-07:00</time><course>78.64897</course><roll>-47.67548</roll><pitch>-9.698533</pitch><mode /></trkpt><trkpt lat="35.1154129" lon="-118.4772626"><ele>1301.39</ele><time>2026-04-25T13:56:32-07:00</time><course>84.95045</course><roll>-46.29528</roll><pitch>-10.10527</pitch><mode /></trkpt><trkpt lat="35.1154084" lon="-118.4772137"><ele>1301.35</ele><time>2026-04-25T13:56:32-07:00</time><course>91.66306</course><roll>-46.01473</roll><pitch>-8.188728</pitch><mode /></trkpt><trkpt lat="35.115401" lon="-118.4771647"><ele>1301.33</ele><time>2026-04-25T13:56:32-07:00</time><course>97.97218</course><roll>-46.68617</roll><pitch>-7.285771</pitch><mode /></trkpt><trkpt lat="35.1153915" lon="-118.4771157"><ele>1301.36</ele><time>2026-04-25T13:56:33-07:00</time><course>107.1925</course><roll>-45.13889</roll><pitch>-5.400633</pitch><mode /></trkpt><trkpt lat="35.1153793" lon="-118.4770679"><ele>1301.08</ele><time>2026-04-25T13:56:33-07:00</time><course>114.154</course><roll>-46.06423</roll><pitch>-4.444388</pitch><mode /></trkpt><trkpt lat="35.1153643" lon="-118.4770208"><ele>1300.8</ele><time>2026-04-25T13:56:33-07:00</time><course>119.7293</course><roll>-45.69345</roll><pitch>-7.69529</pitch><mode /></trkpt><trkpt lat="35.1153466" lon="-118.4769757"><ele>1300.47</ele><time>2026-04-25T13:56:33-07:00</time><course>126.4459</course><roll>-45.77132</roll><pitch>-9.084605</pitch><mode /></trkpt><trkpt lat="35.1153263" lon="-118.4769327"><ele>1300.27</ele><time>2026-04-25T13:56:33-07:00</time><course>133.0063</course><roll>-46.96838</roll><pitch>-7.996684</pitch><mode /></trkpt><trkpt lat="35.1153038" lon="-118.476892"><ele>1300.06</ele><time>2026-04-25T13:56:34-07:00</time><course>140.853</course><roll>-47.08612</roll><pitch>-7.904566</pitch><mode /></trkpt><trkpt lat="35.1152795" lon="-118.476854"><ele>1299.85</ele><time>2026-04-25T13:56:34-07:00</time><course>147.454</course><roll>-47.70248</roll><pitch>-7.354607</pitch><mode /></trkpt><trkpt lat="35.115254" lon="-118.4768195"><ele>1299.68</ele><time>2026-04-25T13:56:34-07:00</time><course>156.6461</course><roll>-48.42298</roll><pitch>-5.318555</pitch><mode /></trkpt><trkpt lat="35.1152262" lon="-118.4767891"><ele>1299.49</ele><time>2026-04-25T13:56:34-07:00</time><course>164.7498</course><roll>-49.86854</roll><pitch>-5.737704</pitch><mode /></trkpt><trkpt lat="35.1151965" lon="-118.4767623"><ele>1299.36</ele><time>2026-04-25T13:56:34-07:00</time><course>172.926</course><roll>-50.18367</roll><pitch>-7.327417</pitch><mode /></trkpt><trkpt lat="35.1151665" lon="-118.4767405"><ele>1299.36</ele><time>2026-04-25T13:56:35-07:00</time><course>182.3375</course><roll>-46.68859</roll><pitch>-9.241436</pitch><mode /></trkpt><trkpt lat="35.115137" lon="-118.4767232"><ele>1299.67</ele><time>2026-04-25T13:56:35-07:00</time><course>188.9126</course><roll>-47.65973</roll><pitch>-8.655407</pitch><mode /></trkpt><trkpt lat="35.1151079" lon="-118.4767095"><ele>1299.9</ele><time>2026-04-25T13:56:35-07:00</time><course>195.5944</course><roll>-48.07204</roll><pitch>-10.13496</pitch><mode /></trkpt><trkpt lat="35.1150798" lon="-118.4766991"><ele>1299.96</ele><time>2026-04-25T13:56:35-07:00</time><course>202.1033</course><roll>-47.63778</roll><pitch>-11.24338</pitch><mode /></trkpt><trkpt lat="35.1150526" lon="-118.476692"><ele>1299.93</ele><time>2026-04-25T13:56:35-07:00</time><course>209.4916</course><roll>-46.95526</roll><pitch>-11.18517</pitch><mode /></trkpt><trkpt lat="35.115027" lon="-118.4766878"><ele>1299.96</ele><time>2026-04-25T13:56:36-07:00</time><course>216.723</course><roll>-44.53972</roll><pitch>-12.5646</pitch><mode /></trkpt><trkpt lat="35.1150036" lon="-118.4766864"><ele>1300.12</ele><time>2026-04-25T13:56:36-07:00</time><course>220.2182</course><roll>-43.9834</roll><pitch>-14.36903</pitch><mode /></trkpt><trkpt lat="35.114983" lon="-118.4766884"><ele>1300.26</ele><time>2026-04-25T13:56:36-07:00</time><course>224.0363</course><roll>-40.06323</roll><pitch>-15.95396</pitch><mode /></trkpt><trkpt lat="35.1149639" lon="-118.4766919"><ele>1300.54</ele><time>2026-04-25T13:56:36-07:00</time><course>228.3527</course><roll>-36.45258</roll><pitch>-16.10217</pitch><mode /></trkpt><trkpt lat="35.1149464" lon="-118.4766959"><ele>1300.8</ele><time>2026-04-25T13:56:36-07:00</time><course>230.7651</course><roll>-31.25603</roll><pitch>-15.88443</pitch><mode /></trkpt><trkpt lat="35.1149302" lon="-118.4767"><ele>1301.06</ele><time>2026-04-25T13:56:37-07:00</time><course>235.6351</course><roll>-26.96694</roll><pitch>-13.39403</pitch><mode /></trkpt><trkpt lat="35.1149139" lon="-118.4767031"><ele>1301.43</ele><time>2026-04-25T13:56:37-07:00</time><course>238.4084</course><roll>-24.75092</roll><pitch>-12.1632</pitch><mode /></trkpt><trkpt lat="35.1148989" lon="-118.4767073"><ele>1301.85</ele><time>2026-04-25T13:56:37-07:00</time><course>239.2439</course><roll>-20.19593</roll><pitch>-11.05304</pitch><mode /></trkpt><trkpt lat="35.1148859" lon="-118.476714"><ele>1302.23</ele><time>2026-04-25T13:56:37-07:00</time><course>240.6449</course><roll>-17.47189</roll><pitch>-9.678106</pitch><mode /></trkpt><trkpt lat="35.1148732" lon="-118.4767212"><ele>1302.59</ele><time>2026-04-25T13:56:37-07:00</time><course>243.1852</course><roll>-14.15909</roll><pitch>-7.965055</pitch><mode /></trkpt><trkpt lat="35.1148602" lon="-118.4767281"><ele>1303.03</ele><time>2026-04-25T13:56:38-07:00</time><course>246.0288</course><roll>-14.74074</roll><pitch>-5.230735</pitch><mode /></trkpt><trkpt lat="35.1148474" lon="-118.476735"><ele>1303.4</ele><time>2026-04-25T13:56:38-07:00</time><course>245.8537</course><roll>-17.78458</roll><pitch>-5.187482</pitch><mode /></trkpt><trkpt lat="35.1148352" lon="-118.4767425"><ele>1303.65</ele><time>2026-04-25T13:56:38-07:00</time><course>244.468</course><roll>-14.35722</roll><pitch>-6.354092</pitch><mode /></trkpt><trkpt lat="35.1148231" lon="-118.4767501"><ele>1303.96</ele><time>2026-04-25T13:56:38-07:00</time><course>246.4777</course><roll>-13.73424</roll><pitch>-6.147417</pitch><mode /></trkpt><trkpt lat="35.1148115" lon="-118.4767587"><ele>1304.16</ele><time>2026-04-25T13:56:38-07:00</time><course>248.0534</course><roll>-12.60892</roll><pitch>-5.177803</pitch><mode /></trkpt><trkpt lat="35.1148001" lon="-118.4767676"><ele>1304.51</ele><time>2026-04-25T13:56:39-07:00</time><course>248.0047</course><roll>-9.33057</roll><pitch>-4.882234</pitch><mode /></trkpt><trkpt lat="35.1147892" lon="-118.4767776"><ele>1304.78</ele><time>2026-04-25T13:56:39-07:00</time><course>248.1936</course><roll>-7.825025</roll><pitch>-3.971254</pitch><mode /></trkpt><trkpt lat="35.114778" lon="-118.476788"><ele>1304.99</ele><time>2026-04-25T13:56:39-07:00</time><course>248.3695</course><roll>-6.889477</roll><pitch>-3.38337</pitch><mode /></trkpt><trkpt lat="35.1147666" lon="-118.4767987"><ele>1305.22</ele><time>2026-04-25T13:56:39-07:00</time><course>249.0987</course><roll>-6.406086</roll><pitch>-2.982949</pitch><mode /></trkpt><trkpt lat="35.1147549" lon="-118.4768088"><ele>1305.75</ele><time>2026-04-25T13:56:39-07:00</time><course>249.6756</course><roll>-7.284673</roll><pitch>-2.667164</pitch><mode /></trkpt><trkpt lat="35.1147435" lon="-118.4768207"><ele>1306.04</ele><time>2026-04-25T13:56:40-07:00</time><course>247.419</course><roll>-5.715778</roll><pitch>-1.77497</pitch><mode /></trkpt><trkpt lat="35.1147318" lon="-118.4768333"><ele>1306.26</ele><time>2026-04-25T13:56:40-07:00</time><course>248.6774</course><roll>-2.00519</roll><pitch>-0.8109716</pitch><mode /></trkpt><trkpt lat="35.1147199" lon="-118.4768461"><ele>1306.47</ele><time>2026-04-25T13:56:40-07:00</time><course>251.156</course><roll>-1.508141</roll><pitch>-0.4898855</pitch><mode /></trkpt><trkpt lat="35.114708" lon="-118.4768604"><ele>1306.43</ele><time>2026-04-25T13:56:40-07:00</time><course>250.521</course><roll>-2.918119</roll><pitch>-0.7341869</pitch><mode /></trkpt><trkpt lat="35.114696" lon="-118.4768742"><ele>1306.69</ele><time>2026-04-25T13:56:40-07:00</time><course>247.1101</course><roll>-2.606493</roll><pitch>-1.014987</pitch><mode /></trkpt><trkpt lat="35.1146838" lon="-118.4768886"><ele>1306.78</ele><time>2026-04-25T13:56:41-07:00</time><course>247.2455</course><roll>-4.45082</roll><pitch>-0.5693223</pitch><mode /></trkpt><trkpt lat="35.1146711" lon="-118.4769022"><ele>1306.96</ele><time>2026-04-25T13:56:41-07:00</time><course>248.1742</course><roll>-3.180624</roll><pitch>-0.5560148</pitch><mode /></trkpt><trkpt lat="35.1146586" lon="-118.4769163"><ele>1307.1</ele><time>2026-04-25T13:56:41-07:00</time><course>246.7477</course><roll>0.004752525</roll><pitch>-0.3022451</pitch><mode /></trkpt><trkpt lat="35.114646" lon="-118.4769308"><ele>1307.29</ele><time>2026-04-25T13:56:41-07:00</time><course>244.8719</course><roll>-1.487669</roll><pitch>-0.4193848</pitch><mode /></trkpt><trkpt lat="35.1146331" lon="-118.4769458"><ele>1307.32</ele><time>2026-04-25T13:56:41-07:00</time><course>242.4902</course><roll>-1.556444</roll><pitch>-0.479226</pitch><mode /></trkpt><trkpt lat="35.1146202" lon="-118.4769607"><ele>1307.55</ele><time>2026-04-25T13:56:42-07:00</time><course>242.2054</course><roll>1.372107</roll><pitch>0.438071</pitch><mode /></trkpt><trkpt lat="35.1146065" lon="-118.4769755"><ele>1307.87</ele><time>2026-04-25T13:56:42-07:00</time><course>242.64</course><roll>-1.020915</roll><pitch>0.671551</pitch><mode /></trkpt><trkpt lat="35.1145924" lon="-118.47699"><ele>1308.16</ele><time>2026-04-25T13:56:42-07:00</time><course>242.9816</course><roll>-2.700063</roll><pitch>1.158863</pitch><mode /></trkpt><trkpt lat="35.1145789" lon="-118.4770052"><ele>1308.33</ele><time>2026-04-25T13:56:42-07:00</time><course>242.3014</course><roll>-4.405452</roll><pitch>0.7855741</pitch><mode /></trkpt><trkpt lat="35.1145652" lon="-118.4770205"><ele>1308.49</ele><time>2026-04-25T13:56:42-07:00</time><course>242.913</course><roll>-5.751883</roll><pitch>0.4982792</pitch><mode /></trkpt><trkpt lat="35.1145515" lon="-118.477036"><ele>1308.63</ele><time>2026-04-25T13:56:43-07:00</time><course>243.0359</course><roll>-4.526424</roll><pitch>0.551589</pitch><mode /></trkpt><trkpt lat="35.1145381" lon="-118.4770516"><ele>1308.82</ele><time>2026-04-25T13:56:43-07:00</time><course>243.5228</course><roll>-5.878962</roll><pitch>0.9093941</pitch><mode /></trkpt><trkpt lat="35.1145243" lon="-118.4770674"><ele>1308.97</ele><time>2026-04-25T13:56:43-07:00</time><course>247.7366</course><roll>-4.064649</roll><pitch>1.652925</pitch><mode /></trkpt><trkpt lat="35.1145109" lon="-118.477083"><ele>1309.2</ele><time>2026-04-25T13:56:43-07:00</time><course>246.8392</course><roll>-3.777538</roll><pitch>1.088695</pitch><mode /></trkpt><trkpt lat="35.1144976" lon="-118.4770998"><ele>1309.44</ele><time>2026-04-25T13:56:43-07:00</time><course>244.7218</course><roll>-1.524828</roll><pitch>1.424553</pitch><mode /></trkpt><trkpt lat="35.1144844" lon="-118.477116"><ele>1309.68</ele><time>2026-04-25T13:56:44-07:00</time><course>241.4714</course><roll>5.072759</roll><pitch>3.021936</pitch><mode /></trkpt><trkpt lat="35.1144709" lon="-118.4771323"><ele>1309.78</ele><time>2026-04-25T13:56:44-07:00</time><course>241.7337</course><roll>7.206179</roll><pitch>4.11751</pitch><mode /></trkpt><trkpt lat="35.1144565" lon="-118.4771472"><ele>1309.88</ele><time>2026-04-25T13:56:44-07:00</time><course>243.5119</course><roll>12.19087</roll><pitch>4.639035</pitch><mode /></trkpt><trkpt lat="35.1144418" lon="-118.4771638"><ele>1309.67</ele><time>2026-04-25T13:56:44-07:00</time><course>241.9073</course><roll>14.022</roll><pitch>4.703005</pitch><mode /></trkpt><trkpt lat="35.1144269" lon="-118.477181"><ele>1309.29</ele><time>2026-04-25T13:56:44-07:00</time><course>238.1425</course><roll>12.9993</roll><pitch>4.773294</pitch><mode /></trkpt><trkpt lat="35.1144109" lon="-118.4771965"><ele>1309.06</ele><time>2026-04-25T13:56:45-07:00</time><course>236.819</course><roll>10.91457</roll><pitch>4.498398</pitch><mode /></trkpt><trkpt lat="35.1143939" lon="-118.4772114"><ele>1308.85</ele><time>2026-04-25T13:56:45-07:00</time><course>235.9351</course><roll>9.10665</roll><pitch>4.031557</pitch><mode /></trkpt><trkpt lat="35.1143763" lon="-118.4772266"><ele>1308.51</ele><time>2026-04-25T13:56:45-07:00</time><course>232.238</course><roll>8.350578</roll><pitch>2.886084</pitch><mode /></trkpt><trkpt lat="35.1143579" lon="-118.4772397"><ele>1308.35</ele><time>2026-04-25T13:56:45-07:00</time><course>230.6404</course><roll>9.124354</roll><pitch>2.497561</pitch><mode /></trkpt><trkpt lat="35.1143388" lon="-118.4772541"><ele>1308.15</ele><time>2026-04-25T13:56:45-07:00</time><course>228.0656</course><roll>6.434768</roll><pitch>1.464444</pitch><mode /></trkpt><trkpt lat="35.1143189" lon="-118.4772674"><ele>1308.05</ele><time>2026-04-25T13:56:46-07:00</time><course>227.5849</course><roll>7.01241</roll><pitch>2.369213</pitch><mode /></trkpt><trkpt lat="35.1142986" lon="-118.4772809"><ele>1307.79</ele><time>2026-04-25T13:56:46-07:00</time><course>229.1125</course><roll>5.407787</roll><pitch>1.483788</pitch><mode /></trkpt><trkpt lat="35.1142782" lon="-118.477292"><ele>1307.7</ele><time>2026-04-25T13:56:46-07:00</time><course>226.1068</course><roll>5.361931</roll><pitch>2.135441</pitch><mode /></trkpt><trkpt lat="35.1142572" lon="-118.4773027"><ele>1307.67</ele><time>2026-04-25T13:56:46-07:00</time><course>226.9785</course><roll>5.984284</roll><pitch>2.558484</pitch><mode /></trkpt><trkpt lat="35.1142358" lon="-118.4773135"><ele>1307.51</ele><time>2026-04-25T13:56:46-07:00</time><course>227.4633</course><roll>4.09235</roll><pitch>1.577333</pitch><mode /></trkpt><trkpt lat="35.1142144" lon="-118.4773235"><ele>1307.5</ele><time>2026-04-25T13:56:47-07:00</time><course>225.4968</course><roll>5.556082</roll><pitch>0.792222</pitch><mode /></trkpt><trkpt lat="35.1141929" lon="-118.4773351"><ele>1307.39</ele><time>2026-04-25T13:56:47-07:00</time><course>226.4815</course><roll>6.543868</roll><pitch>0.5473665</pitch><mode /></trkpt><trkpt lat="35.1141712" lon="-118.4773438"><ele>1307.52</ele><time>2026-04-25T13:56:47-07:00</time><course>225.9415</course><roll>4.616731</roll><pitch>-0.7148876</pitch><mode /></trkpt><trkpt lat="35.1141494" lon="-118.4773552"><ele>1307.54</ele><time>2026-04-25T13:56:47-07:00</time><course>220.398</course><roll>6.689529</roll><pitch>-0.08755586</pitch><mode /></trkpt><trkpt lat="35.1141272" lon="-118.4773659"><ele>1307.59</ele><time>2026-04-25T13:56:47-07:00</time><course>220.2226</course><roll>9.110103</roll><pitch>0.7584846</pitch><mode /></trkpt><trkpt lat="35.1141045" lon="-118.4773757"><ele>1307.57</ele><time>2026-04-25T13:56:48-07:00</time><course>219.6196</course><roll>3.051548</roll><pitch>1.119821</pitch><mode /></trkpt><trkpt lat="35.1140817" lon="-118.4773856"><ele>1307.46</ele><time>2026-04-25T13:56:48-07:00</time><course>219.2521</course><roll>2.25606</roll><pitch>1.363531</pitch><mode /></trkpt><trkpt lat="35.1140585" lon="-118.4773951"><ele>1307.32</ele><time>2026-04-25T13:56:48-07:00</time><course>220.2336</course><roll>4.777145</roll><pitch>1.786848</pitch><mode /></trkpt><trkpt lat="35.1140355" lon="-118.4774033"><ele>1307.21</ele><time>2026-04-25T13:56:48-07:00</time><course>219.6713</course><roll>6.397707</roll><pitch>0.9109706</pitch><mode /></trkpt><trkpt lat="35.1140124" lon="-118.4774104"><ele>1307.17</ele><time>2026-04-25T13:56:48-07:00</time><course>218.646</course><roll>1.081074</roll><pitch>0.5149103</pitch><mode /></trkpt><trkpt lat="35.1139892" lon="-118.4774178"><ele>1307.14</ele><time>2026-04-25T13:56:49-07:00</time><course>218.6418</course><roll>0.5713153</roll><pitch>-0.08404612</pitch><mode /></trkpt><trkpt lat="35.1139661" lon="-118.4774252"><ele>1307.17</ele><time>2026-04-25T13:56:49-07:00</time><course>217.8909</course><roll>-3.716862</roll><pitch>0.1543038</pitch><mode /></trkpt><trkpt lat="35.1139433" lon="-118.4774331"><ele>1307.21</ele><time>2026-04-25T13:56:49-07:00</time><course>215.6242</course><roll>-5.079976</roll><pitch>1.054597</pitch><mode /></trkpt><trkpt lat="35.1139206" lon="-118.477441"><ele>1307.2</ele><time>2026-04-25T13:56:49-07:00</time><course>215.4228</course><roll>-5.549401</roll><pitch>1.664584</pitch><mode /></trkpt><trkpt lat="35.1138981" lon="-118.477449"><ele>1307.09</ele><time>2026-04-25T13:56:49-07:00</time><course>215.0615</course><roll>-5.320604</roll><pitch>1.561904</pitch><mode /></trkpt><trkpt lat="35.1138756" lon="-118.4774568"><ele>1307.02</ele><time>2026-04-25T13:56:50-07:00</time><course>216.0924</course><roll>-5.362493</roll><pitch>1.372941</pitch><mode /></trkpt><trkpt lat="35.1138535" lon="-118.4774644"><ele>1306.93</ele><time>2026-04-25T13:56:50-07:00</time><course>216.2005</course><roll>-1.518539</roll><pitch>0.9940554</pitch><mode /></trkpt><trkpt lat="35.1138317" lon="-118.4774727"><ele>1306.78</ele><time>2026-04-25T13:56:50-07:00</time><course>215.9967</course><roll>0.3407284</roll><pitch>1.679609</pitch><mode /></trkpt><trkpt lat="35.1138101" lon="-118.4774804"><ele>1306.77</ele><time>2026-04-25T13:56:50-07:00</time><course>215.3204</course><roll>-0.3441261</roll><pitch>2.235093</pitch><mode /></trkpt><trkpt lat="35.1137886" lon="-118.4774877"><ele>1306.72</ele><time>2026-04-25T13:56:50-07:00</time><course>215.0849</course><roll>-0.263767</roll><pitch>3.829072</pitch><mode /></trkpt><trkpt lat="35.1137675" lon="-118.4774951"><ele>1306.51</ele><time>2026-04-25T13:56:51-07:00</time><course>213.3831</course><roll>5.273107</roll><pitch>4.776318</pitch><mode /></trkpt><trkpt lat="35.1137465" lon="-118.4775026"><ele>1306.2</ele><time>2026-04-25T13:56:51-07:00</time><course>213.9606</course><roll>1.497179</roll><pitch>5.886409</pitch><mode /></trkpt><trkpt lat="35.1137253" lon="-118.4775101"><ele>1305.82</ele><time>2026-04-25T13:56:51-07:00</time><course>212.5059</course><roll>-2.307621</roll><pitch>7.013495</pitch><mode /></trkpt><trkpt lat="35.113704" lon="-118.4775179"><ele>1305.32</ele><time>2026-04-25T13:56:51-07:00</time><course>212.4205</course><roll>-1.080042</roll><pitch>8.298452</pitch><mode /></trkpt><trkpt lat="35.1136823" lon="-118.4775249"><ele>1304.81</ele><time>2026-04-25T13:56:51-07:00</time><course>216.3439</course><roll>-0.4320021</roll><pitch>8.136899</pitch><mode /></trkpt><trkpt lat="35.1136609" lon="-118.4775316"><ele>1304.39</ele><time>2026-04-25T13:56:52-07:00</time><course>214.6733</course><roll>1.892096</roll><pitch>6.647172</pitch><mode /></trkpt><trkpt lat="35.1136392" lon="-118.4775384"><ele>1304.07</ele><time>2026-04-25T13:56:52-07:00</time><course>211.7151</course><roll>2.293661</roll><pitch>5.51389</pitch><mode /></trkpt><trkpt lat="35.1136172" lon="-118.4775448"><ele>1303.8</ele><time>2026-04-25T13:56:52-07:00</time><course>209.3168</course><roll>6.936978</roll><pitch>5.786789</pitch><mode /></trkpt><trkpt lat="35.1135947" lon="-118.4775506"><ele>1303.52</ele><time>2026-04-25T13:56:52-07:00</time><course>209.002</course><roll>10.32843</roll><pitch>5.067715</pitch><mode /></trkpt><trkpt lat="35.1135713" lon="-118.4775555"><ele>1303.23</ele><time>2026-04-25T13:56:52-07:00</time><course>209.3732</course><roll>10.69149</roll><pitch>3.78035</pitch><mode /></trkpt><trkpt lat="35.1135473" lon="-118.4775594"><ele>1303.03</ele><time>2026-04-25T13:56:53-07:00</time><course>206.7387</course><roll>12.08229</roll><pitch>3.444933</pitch><mode /></trkpt><trkpt lat="35.1135225" lon="-118.4775625"><ele>1302.85</ele><time>2026-04-25T13:56:53-07:00</time><course>203.7832</course><roll>14.37241</roll><pitch>3.736032</pitch><mode /></trkpt><trkpt lat="35.1134971" lon="-118.4775645"><ele>1302.66</ele><time>2026-04-25T13:56:53-07:00</time><course>200.7114</course><roll>14.99919</roll><pitch>2.754028</pitch><mode /></trkpt><trkpt lat="35.1134714" lon="-118.4775649"><ele>1302.48</ele><time>2026-04-25T13:56:53-07:00</time><course>198.8929</course><roll>17.98509</roll><pitch>1.982555</pitch><mode /></trkpt><trkpt lat="35.113445" lon="-118.4775634"><ele>1302.3</ele><time>2026-04-25T13:56:53-07:00</time><course>198.0779</course><roll>19.68497</roll><pitch>0.7211146</pitch><mode /></trkpt><trkpt lat="35.1134183" lon="-118.4775606"><ele>1302.09</ele><time>2026-04-25T13:56:54-07:00</time><course>196.4661</course><roll>14.04975</roll><pitch>-0.5961679</pitch><mode /></trkpt><trkpt lat="35.1133915" lon="-118.4775565"><ele>1301.91</ele><time>2026-04-25T13:56:54-07:00</time><course>194.4548</course><roll>14.1785</roll><pitch>-0.8230352</pitch><mode /></trkpt><trkpt lat="35.1133642" lon="-118.4775506"><ele>1301.83</ele><time>2026-04-25T13:56:54-07:00</time><course>190.9326</course><roll>13.17135</roll><pitch>-0.400621</pitch><mode /></trkpt><trkpt lat="35.1133368" lon="-118.4775435"><ele>1301.73</ele><time>2026-04-25T13:56:54-07:00</time><course>190.7894</course><roll>14.34474</roll><pitch>-1.091402</pitch><mode /></trkpt><trkpt lat="35.1133099" lon="-118.4775352"><ele>1301.63</ele><time>2026-04-25T13:56:54-07:00</time><course>188.2686</course><roll>13.40453</roll><pitch>-0.8170559</pitch><mode /></trkpt><trkpt lat="35.1132825" lon="-118.4775256"><ele>1301.59</ele><time>2026-04-25T13:56:55-07:00</time><course>186.5317</course><roll>11.36549</roll><pitch>-0.7493051</pitch><mode /></trkpt><trkpt lat="35.1132542" lon="-118.4775149"><ele>1301.61</ele><time>2026-04-25T13:56:55-07:00</time><course>181.7235</course><roll>13.08649</roll><pitch>-0.8878541</pitch><mode /></trkpt><trkpt lat="35.1132262" lon="-118.4775027"><ele>1301.71</ele><time>2026-04-25T13:56:55-07:00</time><course>179.0499</course><roll>8.552028</roll><pitch>-1.218047</pitch><mode /></trkpt><trkpt lat="35.113198" lon="-118.4774886"><ele>1301.9</ele><time>2026-04-25T13:56:55-07:00</time><course>181.621</course><roll>2.250648</roll><pitch>-0.7443081</pitch><mode /></trkpt><trkpt lat="35.1131697" lon="-118.4774741"><ele>1302.04</ele><time>2026-04-25T13:56:55-07:00</time><course>184.4832</course><roll>0.7544364</roll><pitch>-0.2194636</pitch><mode /></trkpt><trkpt lat="35.1131417" lon="-118.4774595"><ele>1302.08</ele><time>2026-04-25T13:56:56-07:00</time><course>184.3297</course><roll>-2.96175</roll><pitch>-0.8376989</pitch><mode /></trkpt><trkpt lat="35.1131136" lon="-118.4774456"><ele>1302.09</ele><time>2026-04-25T13:56:56-07:00</time><course>182.5778</course><roll>-10.18088</roll><pitch>-1.261703</pitch><mode /></trkpt><trkpt lat="35.1130851" lon="-118.4774326"><ele>1301.93</ele><time>2026-04-25T13:56:56-07:00</time><course>183.3059</course><roll>-10.73202</roll><pitch>-1.106106</pitch><mode /></trkpt><trkpt lat="35.1130565" lon="-118.4774199"><ele>1301.81</ele><time>2026-04-25T13:56:56-07:00</time><course>184.9411</course><roll>-11.29215</roll><pitch>-0.986985</pitch><mode /></trkpt><trkpt lat="35.1130282" lon="-118.4774077"><ele>1301.67</ele><time>2026-04-25T13:56:56-07:00</time><course>187.4695</course><roll>-21.49945</roll><pitch>-1.698578</pitch><mode /></trkpt><trkpt lat="35.1130004" lon="-118.4773976"><ele>1301.54</ele><time>2026-04-25T13:56:57-07:00</time><course>187.163</course><roll>-33.09801</roll><pitch>-3.858651</pitch><mode /></trkpt><trkpt lat="35.1129732" lon="-118.4773903"><ele>1301.62</ele><time>2026-04-25T13:56:57-07:00</time><course>188.5846</course><roll>-30.59854</roll><pitch>-5.379729</pitch><mode /></trkpt><trkpt lat="35.1129464" lon="-118.4773852"><ele>1301.71</ele><time>2026-04-25T13:56:57-07:00</time><course>190.5681</course><roll>-26.27115</roll><pitch>-5.520532</pitch><mode /></trkpt><trkpt lat="35.1129202" lon="-118.4773811"><ele>1301.85</ele><time>2026-04-25T13:56:57-07:00</time><course>195.0066</course><roll>-21.88951</roll><pitch>-3.521428</pitch><mode /></trkpt><trkpt lat="35.1128944" lon="-118.4773788"><ele>1301.86</ele><time>2026-04-25T13:56:57-07:00</time><course>197.2046</course><roll>-16.21595</roll><pitch>-3.085245</pitch><mode /></trkpt><trkpt lat="35.1128689" lon="-118.4773774"><ele>1302.11</ele><time>2026-04-25T13:56:58-07:00</time><course>198.8866</course><roll>-14.63408</roll><pitch>-1.718156</pitch><mode /></trkpt><trkpt lat="35.1128439" lon="-118.4773771"><ele>1302.31</ele><time>2026-04-25T13:56:58-07:00</time><course>202.1084</course><roll>-14.78715</roll><pitch>1.083775</pitch><mode /></trkpt><trkpt lat="35.1128193" lon="-118.477377"><ele>1302.28</ele><time>2026-04-25T13:56:58-07:00</time><course>200.267</course><roll>-12.62898</roll><pitch>-0.4486496</pitch><mode /></trkpt><trkpt lat="35.112795" lon="-118.4773777"><ele>1302.33</ele><time>2026-04-25T13:56:58-07:00</time><course>196.8963</course><roll>-16.56097</roll><pitch>-1.478572</pitch><mode /></trkpt><trkpt lat="35.1127706" lon="-118.4773793"><ele>1302.31</ele><time>2026-04-25T13:56:58-07:00</time><course>201.964</course><roll>-20.83805</roll><pitch>0.7589842</pitch><mode /></trkpt><trkpt lat="35.1127463" lon="-118.4773806"><ele>1302.35</ele><time>2026-04-25T13:56:59-07:00</time><course>205.9191</course><roll>-19.3081</roll><pitch>0.6353959</pitch><mode /></trkpt><trkpt lat="35.1127224" lon="-118.4773838"><ele>1302.38</ele><time>2026-04-25T13:56:59-07:00</time><course>207.8329</course><roll>-18.72762</roll><pitch>-0.09079985</pitch><mode /></trkpt><trkpt lat="35.1126995" lon="-118.4773885"><ele>1302.48</ele><time>2026-04-25T13:56:59-07:00</time><course>209.2044</course><roll>-16.16918</roll><pitch>-0.1434065</pitch><mode /></trkpt><trkpt lat="35.1126773" lon="-118.4773938"><ele>1302.55</ele><time>2026-04-25T13:56:59-07:00</time><course>211.8798</course><roll>-15.48981</roll><pitch>0.3154391</pitch><mode /></trkpt><trkpt lat="35.1126554" lon="-118.4773991"><ele>1302.61</ele><time>2026-04-25T13:56:59-07:00</time><course>213.4989</course><roll>-12.70384</roll><pitch>0.5553625</pitch><mode /></trkpt><trkpt lat="35.1126341" lon="-118.4774044"><ele>1302.55</ele><time>2026-04-25T13:57:00-07:00</time><course>215.7468</course><roll>-14.91486</roll><pitch>0.1061914</pitch><mode /></trkpt><trkpt lat="35.1126131" lon="-118.47741"><ele>1302.45</ele><time>2026-04-25T13:57:00-07:00</time><course>217.5355</course><roll>-17.53815</roll><pitch>-0.3580229</pitch><mode /></trkpt><trkpt lat="35.1125931" lon="-118.4774159"><ele>1302.37</ele><time>2026-04-25T13:57:00-07:00</time><course>218.6841</course><roll>-19.25774</roll><pitch>-1.122316</pitch><mode /></trkpt><trkpt lat="35.1125737" lon="-118.4774229"><ele>1302.27</ele><time>2026-04-25T13:57:00-07:00</time><course>222.1928</course><roll>-20.78839</roll><pitch>-0.7146484</pitch><mode /></trkpt><trkpt lat="35.1125546" lon="-118.4774301"><ele>1302.37</ele><time>2026-04-25T13:57:00-07:00</time><course>222.9084</course><roll>-17.70885</roll><pitch>-2.013198</pitch><mode /></trkpt><trkpt lat="35.1125364" lon="-118.4774381"><ele>1302.49</ele><time>2026-04-25T13:57:01-07:00</time><course>224.6675</course><roll>-17.87462</roll><pitch>-1.934376</pitch><mode /></trkpt><trkpt lat="35.1125192" lon="-118.4774471"><ele>1302.39</ele><time>2026-04-25T13:57:01-07:00</time><course>226.0757</course><roll>-15.50492</roll><pitch>-1.56763</pitch><mode /></trkpt><trkpt lat="35.1125026" lon="-118.4774556"><ele>1302.52</ele><time>2026-04-25T13:57:01-07:00</time><course>228.6658</course><roll>-14.76307</roll><pitch>-0.8860751</pitch><mode /></trkpt><trkpt lat="35.1124868" lon="-118.4774654"><ele>1302.5</ele><time>2026-04-25T13:57:01-07:00</time><course>230.0201</course><roll>-17.24348</roll><pitch>-1.557074</pitch><mode /></trkpt><trkpt lat="35.1124716" lon="-118.4774758"><ele>1302.53</ele><time>2026-04-25T13:57:01-07:00</time><course>230.6176</course><roll>-16.53684</roll><pitch>-1.73698</pitch><mode /></trkpt><trkpt lat="35.1124568" lon="-118.4774866"><ele>1302.48</ele><time>2026-04-25T13:57:02-07:00</time><course>234.4377</course><roll>-11.95173</roll><pitch>-0.8114674</pitch><mode /></trkpt><trkpt lat="35.112442" lon="-118.4774975"><ele>1302.48</ele><time>2026-04-25T13:57:02-07:00</time><course>236.4011</course><roll>-9.177129</roll><pitch>-1.132994</pitch><mode /></trkpt><trkpt lat="35.1124284" lon="-118.4775079"><ele>1302.62</ele><time>2026-04-25T13:57:02-07:00</time><course>232.4388</course><roll>-7.032613</roll><pitch>-1.895282</pitch><mode /></trkpt><trkpt lat="35.1124152" lon="-118.4775193"><ele>1302.67</ele><time>2026-04-25T13:57:02-07:00</time><course>233.3073</course><roll>-7.961325</roll><pitch>-0.602775</pitch><mode /></trkpt><trkpt lat="35.1124016" lon="-118.477531"><ele>1302.64</ele><time>2026-04-25T13:57:02-07:00</time><course>233.0813</course><roll>-10.90561</roll><pitch>-0.7085865</pitch><mode /></trkpt><trkpt lat="35.1123888" lon="-118.4775435"><ele>1302.49</ele><time>2026-04-25T13:57:03-07:00</time><course>229.7445</course><roll>-15.99228</roll><pitch>-2.136146</pitch><mode /></trkpt><trkpt lat="35.1123763" lon="-118.4775569"><ele>1302.41</ele><time>2026-04-25T13:57:03-07:00</time><course>226.7833</course><roll>-17.06055</roll><pitch>-3.145146</pitch><mode /></trkpt><trkpt lat="35.1123644" lon="-118.4775712"><ele>1302.45</ele><time>2026-04-25T13:57:03-07:00</time><course>227.6004</course><roll>-17.79394</roll><pitch>-2.573565</pitch><mode /></trkpt><trkpt lat="35.112353" lon="-118.4775854"><ele>1302.64</ele><time>2026-04-25T13:57:03-07:00</time><course>228.9479</course><roll>-16.44209</roll><pitch>-2.217099</pitch><mode /></trkpt><trkpt lat="35.1123421" lon="-118.4776001"><ele>1302.86</ele><time>2026-04-25T13:57:03-07:00</time><course>233.502</course><roll>-13.7211</roll><pitch>-0.2927609</pitch><mode /></trkpt><trkpt lat="35.11233" lon="-118.4776174"><ele>1302.54</ele><time>2026-04-25T13:57:04-07:00</time><course>235.0441</course><roll>-6.279302</roll><pitch>-0.4206645</pitch><mode /></trkpt><trkpt lat="35.1123173" lon="-118.4776319"><ele>1302.56</ele><time>2026-04-25T13:57:04-07:00</time><course>235.6271</course><roll>-6.392606</roll><pitch>-0.6235825</pitch><mode /></trkpt><trkpt lat="35.1123062" lon="-118.477647"><ele>1302.67</ele><time>2026-04-25T13:57:04-07:00</time><course>237.4617</course><roll>-6.048517</roll><pitch>-0.06040683</pitch><mode /></trkpt><trkpt lat="35.1122955" lon="-118.4776636"><ele>1302.71</ele><time>2026-04-25T13:57:04-07:00</time><course>240.9656</course><roll>-16.63336</roll><pitch>0.7581548</pitch><mode /></trkpt><trkpt lat="35.1122853" lon="-118.4776812"><ele>1302.59</ele><time>2026-04-25T13:57:04-07:00</time><course>237.5103</course><roll>-13.44186</roll><pitch>-0.8728035</pitch><mode /></trkpt><trkpt lat="35.1122754" lon="-118.4776982"><ele>1302.59</ele><time>2026-04-25T13:57:05-07:00</time><course>237.3729</course><roll>-10.40995</roll><pitch>-0.4727131</pitch><mode /></trkpt><trkpt lat="35.1122654" lon="-118.4777163"><ele>1302.37</ele><time>2026-04-25T13:57:05-07:00</time><course>238.0958</course><roll>-15.33453</roll><pitch>-1.396736</pitch><mode /></trkpt><trkpt lat="35.1122566" lon="-118.4777339"><ele>1302.31</ele><time>2026-04-25T13:57:05-07:00</time><course>238.8871</course><roll>-14.28765</roll><pitch>-0.7191129</pitch><mode /></trkpt><trkpt lat="35.1122481" lon="-118.4777518"><ele>1302.29</ele><time>2026-04-25T13:57:05-07:00</time><course>247.2206</course><roll>-17.0941</roll><pitch>1.840922</pitch><mode /></trkpt><trkpt lat="35.11224" lon="-118.4777695"><ele>1302.06</ele><time>2026-04-25T13:57:05-07:00</time><course>246.547</course><roll>-17.88376</roll><pitch>-0.7144469</pitch><mode /></trkpt><trkpt lat="35.1122328" lon="-118.4777868"><ele>1301.75</ele><time>2026-04-25T13:57:06-07:00</time><course>247.3291</course><roll>-16.0807</roll><pitch>-2.525188</pitch><mode /></trkpt><trkpt lat="35.1122259" lon="-118.4778048"><ele>1301.52</ele><time>2026-04-25T13:57:06-07:00</time><course>249.558</course><roll>-22.18216</roll><pitch>-3.093646</pitch><mode /></trkpt><trkpt lat="35.1122211" lon="-118.4778225"><ele>1301.58</ele><time>2026-04-25T13:57:06-07:00</time><course>246.1176</course><roll>-22.18272</roll><pitch>-6.101752</pitch><mode /></trkpt><trkpt lat="35.1122175" lon="-118.4778401"><ele>1301.83</ele><time>2026-04-25T13:57:06-07:00</time><course>246.9245</course><roll>-16.8576</roll><pitch>-5.163803</pitch><mode /></trkpt><trkpt lat="35.1122145" lon="-118.4778574"><ele>1302.17</ele><time>2026-04-25T13:57:06-07:00</time><course>248.7337</course><roll>-17.43662</roll><pitch>-3.584808</pitch><mode /></trkpt><trkpt lat="35.1122117" lon="-118.4778751"><ele>1302.39</ele><time>2026-04-25T13:57:07-07:00</time><course>252.6327</course><roll>-15.43959</roll><pitch>-1.924996</pitch><mode /></trkpt><trkpt lat="35.1122092" lon="-118.4778935"><ele>1302.54</ele><time>2026-04-25T13:57:07-07:00</time><course>253.1541</course><roll>-18.97707</roll><pitch>-2.198108</pitch><mode /></trkpt><trkpt lat="35.1122078" lon="-118.4779114"><ele>1302.77</ele><time>2026-04-25T13:57:07-07:00</time><course>251.9238</course><roll>-12.46353</roll><pitch>-1.563444</pitch><mode /></trkpt><trkpt lat="35.1122068" lon="-118.4779294"><ele>1302.97</ele><time>2026-04-25T13:57:07-07:00</time><course>255.9667</course><roll>-7.991885</roll><pitch>0.5275362</pitch><mode /></trkpt><trkpt lat="35.112206" lon="-118.4779469"><ele>1303.2</ele><time>2026-04-25T13:57:07-07:00</time><course>257.0656</course><roll>-4.163569</roll><pitch>1.611151</pitch><mode /></trkpt><trkpt lat="35.1122055" lon="-118.4779641"><ele>1303.46</ele><time>2026-04-25T13:57:08-07:00</time><course>254.4884</course><roll>-4.001718</roll><pitch>2.04429</pitch><mode /></trkpt><trkpt lat="35.1122049" lon="-118.4779811"><ele>1303.64</ele><time>2026-04-25T13:57:08-07:00</time><course>254.8287</course><roll>-3.836938</roll><pitch>2.866139</pitch><mode /></trkpt><trkpt lat="35.1122041" lon="-118.4779977"><ele>1303.67</ele><time>2026-04-25T13:57:08-07:00</time><course>257.681</course><roll>-5.561897</roll><pitch>3.422093</pitch><mode /></trkpt><trkpt lat="35.1122031" lon="-118.478014"><ele>1303.57</ele><time>2026-04-25T13:57:08-07:00</time><course>257.9521</course><roll>-13.16066</roll><pitch>3.144514</pitch><mode /></trkpt><trkpt lat="35.1122026" lon="-118.478031"><ele>1303.37</ele><time>2026-04-25T13:57:08-07:00</time><course>257.4645</course><roll>-16.20816</roll><pitch>2.218338</pitch><mode /></trkpt><trkpt lat="35.1122022" lon="-118.4780487"><ele>1303.12</ele><time>2026-04-25T13:57:09-07:00</time><course>260.537</course><roll>-13.53797</roll><pitch>1.745649</pitch><mode /></trkpt><trkpt lat="35.1122025" lon="-118.4780662"><ele>1302.84</ele><time>2026-04-25T13:57:09-07:00</time><course>260.6097</course><roll>-9.913176</roll><pitch>0.1724335</pitch><mode /></trkpt><trkpt lat="35.1122033" lon="-118.4780846"><ele>1302.63</ele><time>2026-04-25T13:57:09-07:00</time><course>259.0947</course><roll>-9.305705</roll><pitch>-0.4542708</pitch><mode /></trkpt><trkpt lat="35.1122041" lon="-118.478103"><ele>1302.42</ele><time>2026-04-25T13:57:09-07:00</time><course>259.9915</course><roll>-7.610476</roll><pitch>-0.2065237</pitch><mode /></trkpt><trkpt lat="35.1122051" lon="-118.4781207"><ele>1302.27</ele><time>2026-04-25T13:57:09-07:00</time><course>260.7141</course><roll>-7.329015</roll><pitch>0.3904498</pitch><mode /></trkpt><trkpt lat="35.1122063" lon="-118.478138"><ele>1302.17</ele><time>2026-04-25T13:57:10-07:00</time><course>262.6343</course><roll>-5.855915</roll><pitch>0.9231811</pitch><mode /></trkpt><trkpt lat="35.112208" lon="-118.4781559"><ele>1302.08</ele><time>2026-04-25T13:57:10-07:00</time><course>259.5755</course><roll>-8.315661</roll><pitch>-0.6087098</pitch><mode /></trkpt><trkpt lat="35.1122099" lon="-118.4781743"><ele>1301.84</ele><time>2026-04-25T13:57:10-07:00</time><course>259.6979</course><roll>-8.788585</roll><pitch>0.2420286</pitch><mode /></trkpt><trkpt lat="35.1122118" lon="-118.4781926"><ele>1301.5</ele><time>2026-04-25T13:57:10-07:00</time><course>260.8172</course><roll>-7.949471</roll><pitch>-0.1035089</pitch><mode /></trkpt><trkpt lat="35.1122137" lon="-118.4782104"><ele>1301.31</ele><time>2026-04-25T13:57:10-07:00</time><course>263.1378</course><roll>-5.579889</roll><pitch>-0.2898175</pitch><mode /></trkpt><trkpt lat="35.1122156" lon="-118.4782282"><ele>1301.12</ele><time>2026-04-25T13:57:11-07:00</time><course>263.4236</course><roll>-10.1559</roll><pitch>-1.305889</pitch><mode /></trkpt><trkpt lat="35.1122181" lon="-118.4782439"><ele>1301.11</ele><time>2026-04-25T13:57:11-07:00</time><course>262.3908</course><roll>-8.402959</roll><pitch>-1.961729</pitch><mode /></trkpt><trkpt lat="35.1122212" lon="-118.4782611"><ele>1301.01</ele><time>2026-04-25T13:57:11-07:00</time><course>261.3912</course><roll>-3.954471</roll><pitch>-2.319154</pitch><mode /></trkpt><trkpt lat="35.1122244" lon="-118.4782771"><ele>1301.13</ele><time>2026-04-25T13:57:11-07:00</time><course>262.6765</course><roll>-2.987374</roll><pitch>-1.539193</pitch><mode /></trkpt><trkpt lat="35.1122273" lon="-118.478293"><ele>1301.3</ele><time>2026-04-25T13:57:11-07:00</time><course>264.8833</course><roll>-6.535941</roll><pitch>-1.054118</pitch><mode /></trkpt><trkpt lat="35.1122306" lon="-118.4783093"><ele>1301.38</ele><time>2026-04-25T13:57:12-07:00</time><course>263.8248</course><roll>-9.343254</roll><pitch>-0.6696429</pitch><mode /></trkpt><trkpt lat="35.1122349" lon="-118.478325"><ele>1301.42</ele><time>2026-04-25T13:57:12-07:00</time><course>262.3972</course><roll>-11.05743</roll><pitch>-0.7019839</pitch><mode /></trkpt><trkpt lat="35.1122392" lon="-118.4783406"><ele>1301.43</ele><time>2026-04-25T13:57:12-07:00</time><course>263.1256</course><roll>-9.730952</roll><pitch>-0.852111</pitch><mode /></trkpt><trkpt lat="35.112244" lon="-118.4783558"><ele>1301.55</ele><time>2026-04-25T13:57:12-07:00</time><course>262.3686</course><roll>-6.894695</roll><pitch>-0.6480662</pitch><mode /></trkpt><trkpt lat="35.1122487" lon="-118.4783721"><ele>1301.51</ele><time>2026-04-25T13:57:12-07:00</time><course>267.6617</course><roll>-9.521261</roll><pitch>0.5815414</pitch><mode /></trkpt><trkpt lat="35.1122533" lon="-118.478387"><ele>1301.6</ele><time>2026-04-25T13:57:13-07:00</time><course>273.256</course><roll>-5.236803</roll><pitch>1.071163</pitch><mode /></trkpt><trkpt lat="35.112258" lon="-118.4784027"><ele>1301.59</ele><time>2026-04-25T13:57:13-07:00</time><course>274.5014</course><roll>-8.882886</roll><pitch>0.5656174</pitch><mode /></trkpt><trkpt lat="35.1122631" lon="-118.4784176"><ele>1301.55</ele><time>2026-04-25T13:57:13-07:00</time><course>273.6974</course><roll>-15.12154</roll><pitch>-1.075645</pitch><mode /></trkpt><trkpt lat="35.1122686" lon="-118.4784329"><ele>1301.47</ele><time>2026-04-25T13:57:13-07:00</time><course>272.9778</course><roll>-13.45037</roll><pitch>-2.781554</pitch><mode /></trkpt><trkpt lat="35.112275" lon="-118.4784481"><ele>1301.49</ele><time>2026-04-25T13:57:13-07:00</time><course>274.9479</course><roll>-7.995742</roll><pitch>-2.150598</pitch><mode /></trkpt><trkpt lat="35.1122809" lon="-118.4784627"><ele>1301.56</ele><time>2026-04-25T13:57:14-07:00</time><course>281.0617</course><roll>-10.67299</roll><pitch>-0.6948707</pitch><mode /></trkpt><trkpt lat="35.1122863" lon="-118.4784781"><ele>1301.4</ele><time>2026-04-25T13:57:14-07:00</time><course>286.2887</course><roll>-11.67712</roll><pitch>0.2242619</pitch><mode /></trkpt><trkpt lat="35.1122919" lon="-118.4784937"><ele>1301.13</ele><time>2026-04-25T13:57:14-07:00</time><course>289.8575</course><roll>-12.23165</roll><pitch>-0.1987381</pitch><mode /></trkpt><trkpt lat="35.1122984" lon="-118.478508"><ele>1300.95</ele><time>2026-04-25T13:57:14-07:00</time><course>288.6925</course><roll>-12.81407</roll><pitch>-2.805454</pitch><mode /></trkpt><trkpt lat="35.1123057" lon="-118.478523"><ele>1300.72</ele><time>2026-04-25T13:57:14-07:00</time><course>288.4521</course><roll>-13.17702</roll><pitch>-4.014761</pitch><mode /></trkpt><trkpt lat="35.1123132" lon="-118.4785381"><ele>1300.57</ele><time>2026-04-25T13:57:15-07:00</time><course>292.3025</course><roll>-12.21727</roll><pitch>-3.530885</pitch><mode /></trkpt><trkpt lat="35.1123211" lon="-118.4785528"><ele>1300.47</ele><time>2026-04-25T13:57:15-07:00</time><course>293.4967</course><roll>-7.789371</roll><pitch>-3.713278</pitch><mode /></trkpt><trkpt lat="35.1123296" lon="-118.4785675"><ele>1300.38</ele><time>2026-04-25T13:57:15-07:00</time><course>294.0095</course><roll>-7.674366</roll><pitch>-4.467804</pitch><mode /></trkpt><trkpt lat="35.1123382" lon="-118.4785821"><ele>1300.27</ele><time>2026-04-25T13:57:15-07:00</time><course>295.2656</course><roll>-10.02561</roll><pitch>-4.996071</pitch><mode /></trkpt><trkpt lat="35.1123471" lon="-118.4785962"><ele>1300.23</ele><time>2026-04-25T13:57:15-07:00</time><course>295.6184</course><roll>-9.109177</roll><pitch>-5.323634</pitch><mode /></trkpt><trkpt lat="35.1123563" lon="-118.4786109"><ele>1300.14</ele><time>2026-04-25T13:57:16-07:00</time><course>298.9421</course><roll>-4.817539</roll><pitch>-5.206528</pitch><mode /></trkpt><trkpt lat="35.1123652" lon="-118.4786244"><ele>1300.19</ele><time>2026-04-25T13:57:16-07:00</time><course>299.2991</course><roll>-4.412444</roll><pitch>-5.362226</pitch><mode /></trkpt><trkpt lat="35.1123744" lon="-118.4786376"><ele>1300.31</ele><time>2026-04-25T13:57:16-07:00</time><course>297.8739</course><roll>4.452454</roll><pitch>-5.80412</pitch><mode /></trkpt><trkpt lat="35.1123834" lon="-118.4786512"><ele>1300.46</ele><time>2026-04-25T13:57:16-07:00</time><course>299.7953</course><roll>8.654999</roll><pitch>-7.932252</pitch><mode /></trkpt><trkpt lat="35.112392" lon="-118.4786659"><ele>1300.57</ele><time>2026-04-25T13:57:16-07:00</time><course>301.9518</course><roll>3.856721</roll><pitch>-11.22407</pitch><mode /></trkpt><trkpt lat="35.1124001" lon="-118.4786799"><ele>1300.9</ele><time>2026-04-25T13:57:17-07:00</time><course>299.929</course><roll>-4.369518</roll><pitch>-9.633463</pitch><mode /></trkpt><trkpt lat="35.1124086" lon="-118.4786935"><ele>1301.27</ele><time>2026-04-25T13:57:17-07:00</time><course>296.062</course><roll>-6.416999</roll><pitch>-6.955703</pitch><mode /></trkpt><trkpt lat="35.1124176" lon="-118.4787078"><ele>1301.47</ele><time>2026-04-25T13:57:17-07:00</time><course>293.4126</course><roll>-6.847804</roll><pitch>-4.585643</pitch><mode /></trkpt><trkpt lat="35.1124261" lon="-118.4787227"><ele>1301.55</ele><time>2026-04-25T13:57:17-07:00</time><course>298.1907</course><roll>-13.97185</roll><pitch>-1.967839</pitch><mode /></trkpt><trkpt lat="35.1124348" lon="-118.478737"><ele>1301.51</ele><time>2026-04-25T13:57:17-07:00</time><course>299.2787</course><roll>-15.83159</roll><pitch>-2.010523</pitch><mode /></trkpt><trkpt lat="35.1124447" lon="-118.4787507"><ele>1301.55</ele><time>2026-04-25T13:57:18-07:00</time><course>300.9743</course><roll>-15.12306</roll><pitch>-2.549155</pitch><mode /></trkpt><trkpt lat="35.1124551" lon="-118.478765"><ele>1301.6</ele><time>2026-04-25T13:57:18-07:00</time><course>303.4126</course><roll>-20.121</roll><pitch>-2.421686</pitch><mode /></trkpt><trkpt lat="35.1124666" lon="-118.4787781"><ele>1301.82</ele><time>2026-04-25T13:57:18-07:00</time><course>303.4919</course><roll>-20.85126</roll><pitch>-4.237408</pitch><mode /></trkpt><trkpt lat="35.1124798" lon="-118.4787915"><ele>1301.89</ele><time>2026-04-25T13:57:18-07:00</time><course>300.5598</course><roll>-19.0417</roll><pitch>-5.61036</pitch><mode /></trkpt><trkpt lat="35.1124936" lon="-118.4788036"><ele>1302.12</ele><time>2026-04-25T13:57:18-07:00</time><course>304.1272</course><roll>-16.35872</roll><pitch>-3.101063</pitch><mode /></trkpt><trkpt lat="35.1125076" lon="-118.4788148"><ele>1302.38</ele><time>2026-04-25T13:57:19-07:00</time><course>307.1337</course><roll>-16.26793</roll><pitch>-2.747082</pitch><mode /></trkpt><trkpt lat="35.1125228" lon="-118.4788254"><ele>1302.51</ele><time>2026-04-25T13:57:19-07:00</time><course>303.1445</course><roll>-17.08598</roll><pitch>-4.895723</pitch><mode /></trkpt><trkpt lat="35.1125391" lon="-118.4788364"><ele>1302.39</ele><time>2026-04-25T13:57:19-07:00</time><course>300.7149</course><roll>-18.89838</roll><pitch>-5.415202</pitch><mode /></trkpt><trkpt lat="35.1125549" lon="-118.4788457"><ele>1302.46</ele><time>2026-04-25T13:57:19-07:00</time><course>303.402</course><roll>-18.9213</roll><pitch>-3.968525</pitch><mode /></trkpt><trkpt lat="35.1125712" lon="-118.4788547"><ele>1302.42</ele><time>2026-04-25T13:57:19-07:00</time><course>306.4521</course><roll>-18.79501</roll><pitch>-3.704562</pitch><mode /></trkpt><trkpt lat="35.1125885" lon="-118.4788632"><ele>1302.38</ele><time>2026-04-25T13:57:20-07:00</time><course>309.6105</course><roll>-19.62697</roll><pitch>-4.449463</pitch><mode /></trkpt><trkpt lat="35.1126065" lon="-118.4788712"><ele>1302.29</ele><time>2026-04-25T13:57:20-07:00</time><course>310.4625</course><roll>-18.12663</roll><pitch>-4.668758</pitch><mode /></trkpt><trkpt lat="35.1126251" lon="-118.4788785"><ele>1302.18</ele><time>2026-04-25T13:57:20-07:00</time><course>310.9694</course><roll>-17.72034</roll><pitch>-5.673038</pitch><mode /></trkpt><trkpt lat="35.1126442" lon="-118.4788857"><ele>1301.98</ele><time>2026-04-25T13:57:20-07:00</time><course>313.1262</course><roll>-18.33394</roll><pitch>-5.768687</pitch><mode /></trkpt><trkpt lat="35.1126638" lon="-118.4788925"><ele>1301.69</ele><time>2026-04-25T13:57:20-07:00</time><course>314.8004</course><roll>-17.00346</roll><pitch>-6.094325</pitch><mode /></trkpt><trkpt lat="35.1126835" lon="-118.4788991"><ele>1301.29</ele><time>2026-04-25T13:57:21-07:00</time><course>320.2698</course><roll>-18.16253</roll><pitch>-5.823881</pitch><mode /></trkpt><trkpt lat="35.1127036" lon="-118.4789053"><ele>1300.81</ele><time>2026-04-25T13:57:21-07:00</time><course>322.6702</course><roll>-16.8091</roll><pitch>-7.054517</pitch><mode /></trkpt><trkpt lat="35.1127242" lon="-118.4789105"><ele>1300.29</ele><time>2026-04-25T13:57:21-07:00</time><course>325.7151</course><roll>-16.00896</roll><pitch>-8.194051</pitch><mode /></trkpt><trkpt lat="35.1127444" lon="-118.4789136"><ele>1300.08</ele><time>2026-04-25T13:57:21-07:00</time><course>329.5361</course><roll>-6.469551</roll><pitch>-8.78357</pitch><mode /></trkpt><trkpt lat="35.1127654" lon="-118.4789163"><ele>1300.18</ele><time>2026-04-25T13:57:21-07:00</time><course>334.947</course><roll>-14.29327</roll><pitch>-8.526662</pitch><mode /></trkpt><trkpt lat="35.1127875" lon="-118.4789188"><ele>1300.36</ele><time>2026-04-25T13:57:22-07:00</time><course>334.5681</course><roll>-18.53558</roll><pitch>-9.321172</pitch><mode /></trkpt><trkpt lat="35.1128096" lon="-118.4789202"><ele>1300.62</ele><time>2026-04-25T13:57:22-07:00</time><course>335.8736</course><roll>-20.23134</roll><pitch>-8.613063</pitch><mode /></trkpt><trkpt lat="35.1128323" lon="-118.4789206"><ele>1301.02</ele><time>2026-04-25T13:57:22-07:00</time><course>336.263</course><roll>-17.40589</roll><pitch>-7.393138</pitch><mode /></trkpt><trkpt lat="35.1128558" lon="-118.4789209"><ele>1301.25</ele><time>2026-04-25T13:57:22-07:00</time><course>339.3334</course><roll>-19.80973</roll><pitch>-5.300629</pitch><mode /></trkpt><trkpt lat="35.1128797" lon="-118.4789206"><ele>1301.44</ele><time>2026-04-25T13:57:22-07:00</time><course>341.7666</course><roll>-21.01193</roll><pitch>-5.363085</pitch><mode /></trkpt><trkpt lat="35.1129038" lon="-118.4789186"><ele>1301.63</ele><time>2026-04-25T13:57:23-07:00</time><course>342.5132</course><roll>-22.40847</roll><pitch>-6.518716</pitch><mode /></trkpt><trkpt lat="35.1129281" lon="-118.478915"><ele>1301.86</ele><time>2026-04-25T13:57:23-07:00</time><course>343.7156</course><roll>-21.03955</roll><pitch>-6.403915</pitch><mode /></trkpt><trkpt lat="35.1129524" lon="-118.4789108"><ele>1301.95</ele><time>2026-04-25T13:57:23-07:00</time><course>347.6193</course><roll>-17.54126</roll><pitch>-4.882549</pitch><mode /></trkpt><trkpt lat="35.1129778" lon="-118.4789053"><ele>1302.18</ele><time>2026-04-25T13:57:23-07:00</time><course>348.6354</course><roll>-20.8049</roll><pitch>-5.587093</pitch><mode /></trkpt><trkpt lat="35.1130035" lon="-118.4788979"><ele>1302.45</ele><time>2026-04-25T13:57:23-07:00</time><course>349.1922</course><roll>-21.53309</roll><pitch>-5.941545</pitch><mode /></trkpt><trkpt lat="35.1130291" lon="-118.4788898"><ele>1302.56</ele><time>2026-04-25T13:57:24-07:00</time><course>351.4107</course><roll>-21.9136</roll><pitch>-5.276731</pitch><mode /></trkpt><trkpt lat="35.113055" lon="-118.4788802"><ele>1302.71</ele><time>2026-04-25T13:57:24-07:00</time><course>352.3211</course><roll>-20.14867</roll><pitch>-5.825727</pitch><mode /></trkpt><trkpt lat="35.113081" lon="-118.4788679"><ele>1303.11</ele><time>2026-04-25T13:57:24-07:00</time><course>349.9243</course><roll>-21.07384</roll><pitch>-7.028692</pitch><mode /></trkpt><trkpt lat="35.1131073" lon="-118.4788547"><ele>1303.4</ele><time>2026-04-25T13:57:24-07:00</time><course>350.7955</course><roll>-20.77273</roll><pitch>-5.19826</pitch><mode /></trkpt><trkpt lat="35.1131339" lon="-118.4788427"><ele>1303.16</ele><time>2026-04-25T13:57:24-07:00</time><course>358.3371</course><roll>-24.12593</roll><pitch>-2.158174</pitch><mode /></trkpt><trkpt lat="35.1131605" lon="-118.4788296"><ele>1302.75</ele><time>2026-04-25T13:57:25-07:00</time><course>359.4089</course><roll>-27.04966</roll><pitch>-5.293819</pitch><mode /></trkpt><trkpt lat="35.1131865" lon="-118.4788127"><ele>1302.64</ele><time>2026-04-25T13:57:25-07:00</time><course>359.7331</course><roll>-23.29598</roll><pitch>-7.273659</pitch><mode /></trkpt><trkpt lat="35.1132121" lon="-118.4787953"><ele>1302.47</ele><time>2026-04-25T13:57:25-07:00</time><course>8.611191</course><roll>-24.66615</roll><pitch>-3.536434</pitch><mode /></trkpt><trkpt lat="35.1132373" lon="-118.4787768"><ele>1302.35</ele><time>2026-04-25T13:57:25-07:00</time><course>14.61437</course><roll>-28.79729</roll><pitch>-3.582431</pitch><mode /></trkpt><trkpt lat="35.1132613" lon="-118.4787557"><ele>1302.13</ele><time>2026-04-25T13:57:25-07:00</time><course>17.79222</course><roll>-30.69315</roll><pitch>-7.180461</pitch><mode /></trkpt><trkpt lat="35.1132836" lon="-118.478732"><ele>1302.01</ele><time>2026-04-25T13:57:26-07:00</time><course>21.23817</course><roll>-30.68186</roll><pitch>-9.210964</pitch><mode /></trkpt><trkpt lat="35.1133044" lon="-118.4787061"><ele>1302.07</ele><time>2026-04-25T13:57:26-07:00</time><course>24.78844</course><roll>-30.86422</roll><pitch>-7.97758</pitch><mode /></trkpt><trkpt lat="35.1133241" lon="-118.4786777"><ele>1302.34</ele><time>2026-04-25T13:57:26-07:00</time><course>25.81116</course><roll>-30.09166</roll><pitch>-8.863402</pitch><mode /></trkpt><trkpt lat="35.1133426" lon="-118.4786493"><ele>1302.24</ele><time>2026-04-25T13:57:26-07:00</time><course>29.899</course><roll>-29.07357</roll><pitch>-7.437082</pitch><mode /></trkpt><trkpt lat="35.1133609" lon="-118.4786193"><ele>1302.37</ele><time>2026-04-25T13:57:26-07:00</time><course>34.01466</course><roll>-27.97353</roll><pitch>-6.323314</pitch><mode /></trkpt><trkpt lat="35.1133776" lon="-118.4785871"><ele>1302.62</ele><time>2026-04-25T13:57:27-07:00</time><course>35.14067</course><roll>-22.91211</roll><pitch>-7.24458</pitch><mode /></trkpt><trkpt lat="35.1133924" lon="-118.4785542"><ele>1302.86</ele><time>2026-04-25T13:57:27-07:00</time><course>37.39713</course><roll>-21.8984</roll><pitch>-5.621669</pitch><mode /></trkpt><trkpt lat="35.1134069" lon="-118.4785206"><ele>1303.17</ele><time>2026-04-25T13:57:27-07:00</time><course>40.4977</course><roll>-23.96218</roll><pitch>-4.254681</pitch><mode /></trkpt><trkpt lat="35.1134194" lon="-118.4784877"><ele>1302.9</ele><time>2026-04-25T13:57:27-07:00</time><course>41.27626</course><roll>-23.03995</roll><pitch>-4.775301</pitch><mode /></trkpt><trkpt lat="35.1134315" lon="-118.4784529"><ele>1302.93</ele><time>2026-04-25T13:57:27-07:00</time><course>42.01941</course><roll>-20.88922</roll><pitch>-4.160784</pitch><mode /></trkpt><trkpt lat="35.1134434" lon="-118.4784171"><ele>1303.07</ele><time>2026-04-25T13:57:28-07:00</time><course>45.79056</course><roll>-21.72143</roll><pitch>-2.172425</pitch><mode /></trkpt><trkpt lat="35.1134548" lon="-118.4783809"><ele>1302.99</ele><time>2026-04-25T13:57:28-07:00</time><course>47.57912</course><roll>-25.65061</roll><pitch>-2.729693</pitch><mode /></trkpt><trkpt lat="35.1134648" lon="-118.4783434"><ele>1302.83</ele><time>2026-04-25T13:57:28-07:00</time><course>46.60863</course><roll>-27.09476</roll><pitch>-5.474988</pitch><mode /></trkpt><trkpt lat="35.1134739" lon="-118.4783046"><ele>1302.77</ele><time>2026-04-25T13:57:28-07:00</time><course>50.49007</course><roll>-27.47549</roll><pitch>-3.842517</pitch><mode /></trkpt><trkpt lat="35.1134826" lon="-118.478266"><ele>1302.57</ele><time>2026-04-25T13:57:28-07:00</time><course>57.56231</course><roll>-29.59697</roll><pitch>-2.420588</pitch><mode /></trkpt><trkpt lat="35.1134899" lon="-118.4782259"><ele>1302.47</ele><time>2026-04-25T13:57:29-07:00</time><course>61.39554</course><roll>-30.2221</roll><pitch>-4.829181</pitch><mode /></trkpt><trkpt lat="35.1134948" lon="-118.4781851"><ele>1302.11</ele><time>2026-04-25T13:57:29-07:00</time><course>63.26149</course><roll>-30.33785</roll><pitch>-5.647617</pitch><mode /></trkpt><trkpt lat="35.1134978" lon="-118.478144"><ele>1301.74</ele><time>2026-04-25T13:57:29-07:00</time><course>66.80036</course><roll>-31.86584</roll><pitch>-5.221224</pitch><mode /></trkpt><trkpt lat="35.1134996" lon="-118.4781033"><ele>1301.06</ele><time>2026-04-25T13:57:29-07:00</time><course>70.78343</course><roll>-31.75039</roll><pitch>-4.994721</pitch><mode /></trkpt><trkpt lat="35.1135007" lon="-118.4780599"><ele>1301.01</ele><time>2026-04-25T13:57:29-07:00</time><course>76.33455</course><roll>-33.83277</roll><pitch>-4.837197</pitch><mode /></trkpt><trkpt lat="35.1134992" lon="-118.4780169"><ele>1300.78</ele><time>2026-04-25T13:57:30-07:00</time><course>80.782</course><roll>-31.57533</roll><pitch>-4.963737</pitch><mode /></trkpt><trkpt lat="35.1134959" lon="-118.4779727"><ele>1301.11</ele><time>2026-04-25T13:57:30-07:00</time><course>86.64319</course><roll>-31.3893</roll><pitch>-3.063984</pitch><mode /></trkpt><trkpt lat="35.1134905" lon="-118.4779294"><ele>1301.02</ele><time>2026-04-25T13:57:30-07:00</time><course>92.45306</course><roll>-37.86375</roll><pitch>-2.603938</pitch><mode /></trkpt><trkpt lat="35.1134818" lon="-118.4778879"><ele>1300.55</ele><time>2026-04-25T13:57:30-07:00</time><course>92.5562</course><roll>-38.80765</roll><pitch>-7.598971</pitch><mode /></trkpt><trkpt lat="35.1134711" lon="-118.4778469"><ele>1300.22</ele><time>2026-04-25T13:57:30-07:00</time><course>99.56695</course><roll>-39.07734</roll><pitch>-4.449721</pitch><mode /></trkpt><trkpt lat="35.1134593" lon="-118.4778058"><ele>1299.8</ele><time>2026-04-25T13:57:31-07:00</time><course>104.2798</course><roll>-37.00476</roll><pitch>-4.345958</pitch><mode /></trkpt><trkpt lat="35.1134453" lon="-118.4777635"><ele>1299.87</ele><time>2026-04-25T13:57:31-07:00</time><course>107.2903</course><roll>-36.17457</roll><pitch>-5.968989</pitch><mode /></trkpt><trkpt lat="35.113429" lon="-118.4777227"><ele>1299.9</ele><time>2026-04-25T13:57:31-07:00</time><course>111.1824</course><roll>-35.54675</roll><pitch>-5.218754</pitch><mode /></trkpt><trkpt lat="35.113411" lon="-118.4776836"><ele>1299.7</ele><time>2026-04-25T13:57:31-07:00</time><course>115.8941</course><roll>-40.62153</roll><pitch>-3.60568</pitch><mode /></trkpt><trkpt lat="35.113392" lon="-118.4776441"><ele>1299.74</ele><time>2026-04-25T13:57:31-07:00</time><course>120.5187</course><roll>-40.33666</roll><pitch>-4.190706</pitch><mode /></trkpt><trkpt lat="35.1133715" lon="-118.4776062"><ele>1299.63</ele><time>2026-04-25T13:57:32-07:00</time><course>127.8613</course><roll>-39.10453</roll><pitch>-2.97455</pitch><mode /></trkpt><trkpt lat="35.1133491" lon="-118.4775703"><ele>1299.45</ele><time>2026-04-25T13:57:32-07:00</time><course>132.1863</course><roll>-38.10712</roll><pitch>-3.798666</pitch><mode /></trkpt><trkpt lat="35.1133247" lon="-118.4775371"><ele>1299.17</ele><time>2026-04-25T13:57:32-07:00</time><course>135.7346</course><roll>-37.10782</roll><pitch>-5.841518</pitch><mode /></trkpt><trkpt lat="35.1132989" lon="-118.4775061"><ele>1299.19</ele><time>2026-04-25T13:57:32-07:00</time><course>138.3826</course><roll>-36.31021</roll><pitch>-5.88396</pitch><mode /></trkpt><trkpt lat="35.1132712" lon="-118.4774772"><ele>1299.06</ele><time>2026-04-25T13:57:32-07:00</time><course>142.6945</course><roll>-37.41224</roll><pitch>-4.483784</pitch><mode /></trkpt><trkpt lat="35.113243" lon="-118.4774497"><ele>1298.82</ele><time>2026-04-25T13:57:33-07:00</time><course>147.204</course><roll>-36.74891</roll><pitch>-4.00536</pitch><mode /></trkpt><trkpt lat="35.1132147" lon="-118.4774241"><ele>1298.45</ele><time>2026-04-25T13:57:33-07:00</time><course>151.2655</course><roll>-37.20229</roll><pitch>-4.999001</pitch><mode /></trkpt><trkpt lat="35.1131857" lon="-118.4774009"><ele>1298.29</ele><time>2026-04-25T13:57:33-07:00</time><course>156.1668</course><roll>-36.88211</roll><pitch>-5.084362</pitch><mode /></trkpt><trkpt lat="35.1131551" lon="-118.4773812"><ele>1298.23</ele><time>2026-04-25T13:57:33-07:00</time><course>162.5453</course><roll>-28.17375</roll><pitch>-3.290076</pitch><mode /></trkpt><trkpt lat="35.1131239" lon="-118.4773632"><ele>1298.53</ele><time>2026-04-25T13:57:33-07:00</time><course>170.2106</course><roll>-28.59936</roll><pitch>0.9328328</pitch><mode /></trkpt><trkpt lat="35.1130924" lon="-118.4773465"><ele>1298.76</ele><time>2026-04-25T13:57:34-07:00</time><course>177.0795</course><roll>-31.07037</roll><pitch>1.952755</pitch><mode /></trkpt><trkpt lat="35.1130602" lon="-118.4773314"><ele>1299.02</ele><time>2026-04-25T13:57:34-07:00</time><course>180.8917</course><roll>-28.11292</roll><pitch>1.126966</pitch><mode /></trkpt><trkpt lat="35.1130278" lon="-118.4773181"><ele>1299.24</ele><time>2026-04-25T13:57:34-07:00</time><course>184.0934</course><roll>-28.44926</roll><pitch>-0.3328496</pitch><mode /></trkpt><trkpt lat="35.1129957" lon="-118.4773067"><ele>1299.47</ele><time>2026-04-25T13:57:34-07:00</time><course>185.1998</course><roll>-32.92065</roll><pitch>-2.675457</pitch><mode /></trkpt><trkpt lat="35.1129642" lon="-118.4772993"><ele>1299.74</ele><time>2026-04-25T13:57:34-07:00</time><course>185.0353</course><roll>-28.18279</roll><pitch>-4.228628</pitch><mode /></trkpt><trkpt lat="35.1129331" lon="-118.4772938"><ele>1300.14</ele><time>2026-04-25T13:57:35-07:00</time><course>190.1196</course><roll>-16.25149</roll><pitch>-0.01016787</pitch><mode /></trkpt><trkpt lat="35.112902" lon="-118.4772882"><ele>1300.38</ele><time>2026-04-25T13:57:35-07:00</time><course>194.7726</course><roll>-14.72359</roll><pitch>1.553422</pitch><mode /></trkpt><trkpt lat="35.1128714" lon="-118.4772831"><ele>1300.4</ele><time>2026-04-25T13:57:35-07:00</time><course>196.2032</course><roll>-16.40834</roll><pitch>-0.1136369</pitch><mode /></trkpt><trkpt lat="35.1128412" lon="-118.4772795"><ele>1300.25</ele><time>2026-04-25T13:57:35-07:00</time><course>195.7431</course><roll>-17.42248</roll><pitch>-1.4482</pitch><mode /></trkpt><trkpt lat="35.1128114" lon="-118.4772765"><ele>1300.22</ele><time>2026-04-25T13:57:35-07:00</time><course>197.439</course><roll>-16.83263</roll><pitch>-1.937661</pitch><mode /></trkpt><trkpt lat="35.1127823" lon="-118.4772742"><ele>1300.19</ele><time>2026-04-25T13:57:36-07:00</time><course>199.7266</course><roll>-13.14958</roll><pitch>-1.469414</pitch><mode /></trkpt><trkpt lat="35.1127538" lon="-118.477273"><ele>1300.33</ele><time>2026-04-25T13:57:36-07:00</time><course>196.5696</course><roll>-4.048825</roll><pitch>-1.582245</pitch><mode /></trkpt><trkpt lat="35.1127255" lon="-118.4772722"><ele>1300.3</ele><time>2026-04-25T13:57:36-07:00</time><course>199.257</course><roll>0.293517</roll><pitch>-0.01000414</pitch><mode /></trkpt><trkpt lat="35.112697" lon="-118.4772708"><ele>1300.17</ele><time>2026-04-25T13:57:36-07:00</time><course>198.0776</course><roll>8.096429</roll><pitch>0.2886366</pitch><mode /></trkpt><trkpt lat="35.1126682" lon="-118.4772694"><ele>1300.16</ele><time>2026-04-25T13:57:36-07:00</time><course>192.8506</course><roll>14.15266</roll><pitch>1.567948</pitch><mode /></trkpt><trkpt lat="35.1126392" lon="-118.4772669"><ele>1300.15</ele><time>2026-04-25T13:57:37-07:00</time><course>190.366</course><roll>21.31281</roll><pitch>1.349128</pitch><mode /></trkpt><trkpt lat="35.1126096" lon="-118.4772626"><ele>1300.17</ele><time>2026-04-25T13:57:37-07:00</time><course>186.7069</course><roll>19.74192</roll><pitch>0.8228594</pitch><mode /></trkpt><trkpt lat="35.1125793" lon="-118.4772562"><ele>1300.17</ele><time>2026-04-25T13:57:37-07:00</time><course>180.9125</course><roll>25.79224</roll><pitch>0.9734847</pitch><mode /></trkpt><trkpt lat="35.112549" lon="-118.4772473"><ele>1300.45</ele><time>2026-04-25T13:57:37-07:00</time><course>175.3813</course><roll>27.17238</roll><pitch>1.202786</pitch><mode /></trkpt><trkpt lat="35.1125177" lon="-118.4772364"><ele>1300.48</ele><time>2026-04-25T13:57:37-07:00</time><course>170.2287</course><roll>29.44898</roll><pitch>0.8207009</pitch><mode /></trkpt><trkpt lat="35.1124868" lon="-118.4772222"><ele>1300.83</ele><time>2026-04-25T13:57:38-07:00</time><course>163.5537</course><roll>31.32703</roll><pitch>0.6414834</pitch><mode /></trkpt><trkpt lat="35.1124561" lon="-118.4772053"><ele>1301</ele><time>2026-04-25T13:57:38-07:00</time><course>158.5058</course><roll>29.24823</roll><pitch>-1.836593</pitch><mode /></trkpt><trkpt lat="35.1124262" lon="-118.477185"><ele>1301.2</ele><time>2026-04-25T13:57:38-07:00</time><course>155.3114</course><roll>32.10074</roll><pitch>-3.324191</pitch><mode /></trkpt><trkpt lat="35.1123977" lon="-118.4771619"><ele>1301.4</ele><time>2026-04-25T13:57:38-07:00</time><course>151.4139</course><roll>30.45397</roll><pitch>-3.61576</pitch><mode /></trkpt><trkpt lat="35.1123701" lon="-118.4771365"><ele>1301.57</ele><time>2026-04-25T13:57:38-07:00</time><course>145.9892</course><roll>32.25052</roll><pitch>-1.332165</pitch><mode /></trkpt><trkpt lat="35.112343" lon="-118.4771087"><ele>1301.66</ele><time>2026-04-25T13:57:39-07:00</time><course>142.6849</course><roll>33.78971</roll><pitch>-2.312902</pitch><mode /></trkpt><trkpt lat="35.1123168" lon="-118.4770792"><ele>1301.54</ele><time>2026-04-25T13:57:39-07:00</time><course>134.8048</course><roll>36.45722</roll><pitch>-0.2966434</pitch><mode /></trkpt><trkpt lat="35.1122923" lon="-118.477047"><ele>1301.59</ele><time>2026-04-25T13:57:39-07:00</time><course>126.3508</course><roll>43.19502</roll><pitch>0.5791568</pitch><mode /></trkpt><trkpt lat="35.1122703" lon="-118.4770112"><ele>1301.52</ele><time>2026-04-25T13:57:39-07:00</time><course>119.368</course><roll>48.23229</roll><pitch>-0.3583913</pitch><mode /></trkpt><trkpt lat="35.1122516" lon="-118.4769718"><ele>1301.51</ele><time>2026-04-25T13:57:39-07:00</time><course>112.1969</course><roll>50.72634</roll><pitch>-3.480447</pitch><mode /></trkpt><trkpt lat="35.1122368" lon="-118.4769297"><ele>1301.47</ele><time>2026-04-25T13:57:40-07:00</time><course>102.4476</course><roll>56.21666</roll><pitch>-3.711496</pitch><mode /></trkpt><trkpt lat="35.1122261" lon="-118.4768853"><ele>1301.46</ele><time>2026-04-25T13:57:40-07:00</time><course>91.61492</course><roll>53.85629</roll><pitch>-3.937538</pitch><mode /></trkpt><trkpt lat="35.1122189" lon="-118.4768396"><ele>1301.37</ele><time>2026-04-25T13:57:40-07:00</time><course>83.3746</course><roll>44.07675</roll><pitch>-6.687276</pitch><mode /></trkpt><trkpt lat="35.1122162" lon="-118.476794"><ele>1301.2</ele><time>2026-04-25T13:57:40-07:00</time><course>78.19616</course><roll>41.63221</roll><pitch>-6.567357</pitch><mode /></trkpt><trkpt lat="35.112217" lon="-118.4767488"><ele>1301.12</ele><time>2026-04-25T13:57:40-07:00</time><course>69.86024</course><roll>41.30937</roll><pitch>-3.681199</pitch><mode /></trkpt><trkpt lat="35.1122204" lon="-118.4767045"><ele>1301.02</ele><time>2026-04-25T13:57:41-07:00</time><course>59.83529</course><roll>43.16216</roll><pitch>0.5576933</pitch><mode /></trkpt><trkpt lat="35.1122274" lon="-118.4766607"><ele>1300.97</ele><time>2026-04-25T13:57:41-07:00</time><course>57.54053</course><roll>43.59249</roll><pitch>-2.355117</pitch><mode /></trkpt><trkpt lat="35.1122376" lon="-118.4766191"><ele>1300.87</ele><time>2026-04-25T13:57:41-07:00</time><course>53.18202</course><roll>37.29244</roll><pitch>-3.60607</pitch><mode /></trkpt><trkpt lat="35.1122515" lon="-118.47658"><ele>1300.77</ele><time>2026-04-25T13:57:41-07:00</time><course>49.90181</course><roll>34.93709</roll><pitch>-3.681406</pitch><mode /></trkpt><trkpt lat="35.1122674" lon="-118.4765422"><ele>1300.7</ele><time>2026-04-25T13:57:41-07:00</time><course>42.38269</course><roll>37.24947</roll><pitch>-0.5279581</pitch><mode /></trkpt><trkpt lat="35.1122852" lon="-118.4765071"><ele>1300.57</ele><time>2026-04-25T13:57:42-07:00</time><course>37.21619</course><roll>39.57838</roll><pitch>0.5730715</pitch><mode /></trkpt><trkpt lat="35.1123053" lon="-118.4764746"><ele>1300.49</ele><time>2026-04-25T13:57:42-07:00</time><course>30.85355</course><roll>40.6613</roll><pitch>0.2556956</pitch><mode /></trkpt><trkpt lat="35.1123275" lon="-118.4764446"><ele>1300.49</ele><time>2026-04-25T13:57:42-07:00</time><course>23.26878</course><roll>35.38445</roll><pitch>1.274353</pitch><mode /></trkpt><trkpt lat="35.1123513" lon="-118.476417"><ele>1300.66</ele><time>2026-04-25T13:57:42-07:00</time><course>15.67635</course><roll>31.18535</roll><pitch>1.879959</pitch><mode /></trkpt><trkpt lat="35.112376" lon="-118.4763935"><ele>1300.54</ele><time>2026-04-25T13:57:42-07:00</time><course>9.548129</course><roll>26.02231</roll><pitch>3.657865</pitch><mode /></trkpt><trkpt lat="35.1124016" lon="-118.4763726"><ele>1300.48</ele><time>2026-04-25T13:57:43-07:00</time><course>4.424534</course><roll>23.61782</roll><pitch>2.889048</pitch><mode /></trkpt><trkpt lat="35.1124277" lon="-118.4763541"><ele>1300.37</ele><time>2026-04-25T13:57:43-07:00</time><course>358.1769</course><roll>30.15158</roll><pitch>4.367646</pitch><mode /></trkpt><trkpt lat="35.1124544" lon="-118.4763379"><ele>1300.45</ele><time>2026-04-25T13:57:43-07:00</time><course>350.9529</course><roll>35.98781</roll><pitch>6.769595</pitch><mode /></trkpt><trkpt lat="35.1124813" lon="-118.476326"><ele>1300.45</ele><time>2026-04-25T13:57:43-07:00</time><course>349.2541</course><roll>38.86605</roll><pitch>4.593022</pitch><mode /></trkpt><trkpt lat="35.1125085" lon="-118.4763178"><ele>1300.32</ele><time>2026-04-25T13:57:43-07:00</time><course>338.7307</course><roll>34.83204</roll><pitch>6.78793</pitch><mode /></trkpt><trkpt lat="35.1125358" lon="-118.4763114"><ele>1300.24</ele><time>2026-04-25T13:57:44-07:00</time><course>331.6544</course><roll>30.41073</roll><pitch>8.271051</pitch><mode /></trkpt><trkpt lat="35.1125622" lon="-118.4763078"><ele>1300.34</ele><time>2026-04-25T13:57:44-07:00</time><course>326.6885</course><roll>30.77518</roll><pitch>8.148714</pitch><mode /></trkpt><trkpt lat="35.1125873" lon="-118.4763087"><ele>1300.75</ele><time>2026-04-25T13:57:44-07:00</time><course>328.6989</course><roll>24.81824</roll><pitch>5.44846</pitch><mode /></trkpt><trkpt lat="35.1126115" lon="-118.4763137"><ele>1301.21</ele><time>2026-04-25T13:57:44-07:00</time><course>333.6477</course><roll>30.7492</roll><pitch>2.789787</pitch><mode /></trkpt><trkpt lat="35.1126353" lon="-118.4763204"><ele>1301.53</ele><time>2026-04-25T13:57:44-07:00</time><course>332.539</course><roll>27.19866</roll><pitch>3.706058</pitch><mode /></trkpt><trkpt lat="35.1126588" lon="-118.4763269"><ele>1301.64</ele><time>2026-04-25T13:57:45-07:00</time><course>330.4863</course><roll>24.76018</roll><pitch>6.134172</pitch><mode /></trkpt><trkpt lat="35.1126817" lon="-118.4763345"><ele>1301.46</ele><time>2026-04-25T13:57:45-07:00</time><course>337.904</course><roll>14.88438</roll><pitch>6.14636</pitch><mode /></trkpt><trkpt lat="35.1127041" lon="-118.476343"><ele>1301.05</ele><time>2026-04-25T13:57:45-07:00</time><course>337.0107</course><roll>11.13884</roll><pitch>10.27399</pitch><mode /></trkpt><trkpt lat="35.1127258" lon="-118.4763497"><ele>1300.51</ele><time>2026-04-25T13:57:45-07:00</time><course>330.0087</course><roll>8.605545</roll><pitch>13.60391</pitch><mode /></trkpt><trkpt lat="35.112747" lon="-118.4763564"><ele>1299.94</ele><time>2026-04-25T13:57:45-07:00</time><course>322.4056</course><roll>8.258787</roll><pitch>14.72928</pitch><mode /></trkpt><trkpt lat="35.1127682" lon="-118.4763635"><ele>1299.49</ele><time>2026-04-25T13:57:46-07:00</time><course>313.264</course><roll>6.966763</roll><pitch>14.19894</pitch><mode /></trkpt><trkpt lat="35.1127888" lon="-118.4763715"><ele>1298.75</ele><time>2026-04-25T13:57:46-07:00</time><course>311.5384</course><roll>17.45323</roll><pitch>12.05944</pitch><mode /></trkpt><trkpt lat="35.1128079" lon="-118.4763809"><ele>1298.04</ele><time>2026-04-25T13:57:46-07:00</time><course>313.539</course><roll>19.55308</roll><pitch>8.244218</pitch><mode /></trkpt><trkpt lat="35.1128254" lon="-118.4763911"><ele>1297.57</ele><time>2026-04-25T13:57:46-07:00</time><course>310.9357</course><roll>15.84249</roll><pitch>7.145927</pitch><mode /></trkpt><trkpt lat="35.1128421" lon="-118.4764022"><ele>1297.19</ele><time>2026-04-25T13:57:46-07:00</time><course>301.8239</course><roll>17.26951</roll><pitch>8.333163</pitch><mode /></trkpt><trkpt lat="35.1128574" lon="-118.4764159"><ele>1296.76</ele><time>2026-04-25T13:57:47-07:00</time><course>302.5661</course><roll>23.92401</roll><pitch>8.24734</pitch><mode /></trkpt><trkpt lat="35.1128708" lon="-118.4764296"><ele>1296.5</ele><time>2026-04-25T13:57:47-07:00</time><course>301.5128</course><roll>23.08616</roll><pitch>6.835344</pitch><mode /></trkpt><trkpt lat="35.1128822" lon="-118.4764447"><ele>1296.28</ele><time>2026-04-25T13:57:47-07:00</time><course>306.8721</course><roll>16.00682</roll><pitch>5.655051</pitch><mode /></trkpt><trkpt lat="35.112892" lon="-118.4764599"><ele>1296.22</ele><time>2026-04-25T13:57:47-07:00</time><course>304.465</course><roll>12.2149</roll><pitch>8.870047</pitch><mode /></trkpt><trkpt lat="35.1129027" lon="-118.4764756"><ele>1295.86</ele><time>2026-04-25T13:57:47-07:00</time><course>300.0392</course><roll>8.604732</roll><pitch>10.63272</pitch><mode /></trkpt><trkpt lat="35.1129126" lon="-118.4764913"><ele>1295.44</ele><time>2026-04-25T13:57:48-07:00</time><course>299.542</course><roll>8.239148</roll><pitch>12.20905</pitch><mode /></trkpt><trkpt lat="35.1129214" lon="-118.4765056"><ele>1295.18</ele><time>2026-04-25T13:57:48-07:00</time><course>298.6493</course><roll>6.778067</roll><pitch>12.45388</pitch><mode /></trkpt><trkpt lat="35.11293" lon="-118.4765206"><ele>1294.73</ele><time>2026-04-25T13:57:48-07:00</time><course>302.638</course><roll>7.608977</roll><pitch>11.11542</pitch><mode /></trkpt><trkpt lat="35.1129383" lon="-118.476537"><ele>1294.06</ele><time>2026-04-25T13:57:48-07:00</time><course>303.1667</course><roll>3.023223</roll><pitch>10.88222</pitch><mode /></trkpt><trkpt lat="35.1129469" lon="-118.476553"><ele>1293.64</ele><time>2026-04-25T13:57:48-07:00</time><course>298.2611</course><roll>1.427181</roll><pitch>9.593424</pitch><mode /></trkpt><trkpt lat="35.1129555" lon="-118.4765702"><ele>1293.14</ele><time>2026-04-25T13:57:49-07:00</time><course>298.9579</course><roll>-0.4624201</roll><pitch>6.20674</pitch><mode /></trkpt><trkpt lat="35.1129633" lon="-118.4765867"><ele>1292.91</ele><time>2026-04-25T13:57:49-07:00</time><course>297.7953</course><roll>-1.061683</roll><pitch>5.696477</pitch><mode /></trkpt><trkpt lat="35.1129718" lon="-118.4766036"><ele>1292.64</ele><time>2026-04-25T13:57:49-07:00</time><course>292.4543</course><roll>-1.332353</roll><pitch>6.312141</pitch><mode /></trkpt><trkpt lat="35.1129802" lon="-118.4766208"><ele>1292.17</ele><time>2026-04-25T13:57:49-07:00</time><course>290.7396</course><roll>2.530156</roll><pitch>6.620011</pitch><mode /></trkpt><trkpt lat="35.1129876" lon="-118.4766377"><ele>1291.76</ele><time>2026-04-25T13:57:49-07:00</time><course>293.0072</course><roll>4.781934</roll><pitch>5.044505</pitch><mode /></trkpt><trkpt lat="35.1129942" lon="-118.4766545"><ele>1291.25</ele><time>2026-04-25T13:57:50-07:00</time><course>293.3361</course><roll>5.918872</roll><pitch>5.541268</pitch><mode /></trkpt><trkpt lat="35.113001" lon="-118.4766716"><ele>1290.83</ele><time>2026-04-25T13:57:50-07:00</time><course>289.2263</course><roll>6.23391</roll><pitch>6.199513</pitch><mode /></trkpt><trkpt lat="35.1130074" lon="-118.4766888"><ele>1290.39</ele><time>2026-04-25T13:57:50-07:00</time><course>288.3634</course><roll>5.26672</roll><pitch>4.308389</pitch><mode /></trkpt><trkpt lat="35.1130127" lon="-118.476706"><ele>1290.02</ele><time>2026-04-25T13:57:50-07:00</time><course>292.962</course><roll>6.50761</roll><pitch>2.511246</pitch><mode /></trkpt><trkpt lat="35.1130177" lon="-118.4767237"><ele>1289.72</ele><time>2026-04-25T13:57:50-07:00</time><course>294.2809</course><roll>4.638313</roll><pitch>0.549135</pitch><mode /></trkpt><trkpt lat="35.1130223" lon="-118.476741"><ele>1289.5</ele><time>2026-04-25T13:57:51-07:00</time><course>294.5387</course><roll>-0.7226601</roll><pitch>-1.02143</pitch><mode /></trkpt><trkpt lat="35.113027" lon="-118.476758"><ele>1289.36</ele><time>2026-04-25T13:57:51-07:00</time><course>290.4861</course><roll>-2.710628</roll><pitch>-0.4771096</pitch><mode /></trkpt><trkpt lat="35.1130319" lon="-118.4767751"><ele>1289.35</ele><time>2026-04-25T13:57:51-07:00</time><course>290.5725</course><roll>2.006186</roll><pitch>1.12883</pitch><mode /></trkpt><trkpt lat="35.1130363" lon="-118.4767922"><ele>1289.43</ele><time>2026-04-25T13:57:51-07:00</time><course>291.1712</course><roll>1.63294</roll><pitch>1.763883</pitch><mode /></trkpt><trkpt lat="35.1130405" lon="-118.4768091"><ele>1289.42</ele><time>2026-04-25T13:57:51-07:00</time><course>290.4887</course><roll>0.2880999</roll><pitch>2.874673</pitch><mode /></trkpt><trkpt lat="35.113045" lon="-118.4768266"><ele>1289.23</ele><time>2026-04-25T13:57:52-07:00</time><course>288.8167</course><roll>-1.929317</roll><pitch>3.97065</pitch><mode /></trkpt><trkpt lat="35.1130494" lon="-118.4768435"><ele>1288.96</ele><time>2026-04-25T13:57:52-07:00</time><course>287.2952</course><roll>-3.207002</roll><pitch>3.927613</pitch><mode /></trkpt><trkpt lat="35.1130535" lon="-118.4768595"><ele>1288.8</ele><time>2026-04-25T13:57:52-07:00</time><course>286.7348</course><roll>-2.998136</roll><pitch>3.060922</pitch><mode /></trkpt><trkpt lat="35.1130578" lon="-118.4768766"><ele>1288.68</ele><time>2026-04-25T13:57:52-07:00</time><course>287.0588</course><roll>-3.639155</roll><pitch>1.898292</pitch><mode /></trkpt><trkpt lat="35.1130616" lon="-118.4768929"><ele>1288.75</ele><time>2026-04-25T13:57:52-07:00</time><course>292.4205</course><roll>-7.725283</roll><pitch>1.924214</pitch><mode /></trkpt><trkpt lat="35.1130649" lon="-118.476909"><ele>1288.78</ele><time>2026-04-25T13:57:53-07:00</time><course>294.1412</course><roll>-8.636964</roll><pitch>-0.04312611</pitch><mode /></trkpt><trkpt lat="35.1130689" lon="-118.4769247"><ele>1288.75</ele><time>2026-04-25T13:57:53-07:00</time><course>291.5199</course><roll>-5.179574</roll><pitch>0.9065093</pitch><mode /></trkpt><trkpt lat="35.1130735" lon="-118.4769406"><ele>1288.66</ele><time>2026-04-25T13:57:53-07:00</time><course>290.39</course><roll>-2.289839</roll><pitch>3.590422</pitch><mode /></trkpt><trkpt lat="35.1130773" lon="-118.4769553"><ele>1288.49</ele><time>2026-04-25T13:57:53-07:00</time><course>288.4655</course><roll>1.781388</roll><pitch>3.832629</pitch><mode /></trkpt><trkpt lat="35.113081" lon="-118.4769707"><ele>1288.07</ele><time>2026-04-25T13:57:53-07:00</time><course>288.9165</course><roll>4.096712</roll><pitch>4.501791</pitch><mode /></trkpt><trkpt lat="35.1130845" lon="-118.4769867"><ele>1287.69</ele><time>2026-04-25T13:57:54-07:00</time><course>289.1992</course><roll>5.105148</roll><pitch>3.561805</pitch><mode /></trkpt><trkpt lat="35.1130874" lon="-118.4770031"><ele>1287.35</ele><time>2026-04-25T13:57:54-07:00</time><course>290.499</course><roll>2.977932</roll><pitch>2.280429</pitch><mode /></trkpt><trkpt lat="35.1130897" lon="-118.4770192"><ele>1287.09</ele><time>2026-04-25T13:57:54-07:00</time><course>290.971</course><roll>-1.821807</roll><pitch>0.8378999</pitch><mode /></trkpt><trkpt lat="35.113092" lon="-118.477035"><ele>1286.93</ele><time>2026-04-25T13:57:54-07:00</time><course>290.9073</course><roll>-6.814424</roll><pitch>0.7894019</pitch><mode /></trkpt><trkpt lat="35.1130949" lon="-118.4770515"><ele>1286.65</ele><time>2026-04-25T13:57:54-07:00</time><course>288.9469</course><roll>-6.746856</roll><pitch>0.3850536</pitch><mode /></trkpt><trkpt lat="35.1130979" lon="-118.4770672"><ele>1286.48</ele><time>2026-04-25T13:57:55-07:00</time><course>286.1982</course><roll>-3.840086</roll><pitch>0.460396</pitch><mode /></trkpt><trkpt lat="35.1131008" lon="-118.4770821"><ele>1286.4</ele><time>2026-04-25T13:57:55-07:00</time><course>285.9508</course><roll>-1.813063</roll><pitch>0.7259846</pitch><mode /></trkpt><trkpt lat="35.1131033" lon="-118.4770971"><ele>1286.24</ele><time>2026-04-25T13:57:55-07:00</time><course>287.9465</course><roll>-2.203624</roll><pitch>0.8051514</pitch><mode /></trkpt><trkpt lat="35.1131053" lon="-118.4771118"><ele>1286.12</ele><time>2026-04-25T13:57:55-07:00</time><course>290.9581</course><roll>0.8282028</roll><pitch>0.8432015</pitch><mode /></trkpt><trkpt lat="35.1131076" lon="-118.4771267"><ele>1286</ele><time>2026-04-25T13:57:55-07:00</time><course>290.8661</course><roll>0.4957184</roll><pitch>0.6021171</pitch><mode /></trkpt><trkpt lat="35.1131103" lon="-118.4771416"><ele>1285.9</ele><time>2026-04-25T13:57:56-07:00</time><course>287.4464</course><roll>0.6457572</roll><pitch>0.5497489</pitch><mode /></trkpt><trkpt lat="35.1131127" lon="-118.4771564"><ele>1285.74</ele><time>2026-04-25T13:57:56-07:00</time><course>287.6516</course><roll>2.356268</roll><pitch>0.3809498</pitch><mode /></trkpt><trkpt lat="35.1131142" lon="-118.4771706"><ele>1285.71</ele><time>2026-04-25T13:57:56-07:00</time><course>290.3198</course><roll>-0.7650629</roll><pitch>-0.2928131</pitch><mode /></trkpt><trkpt lat="35.1131157" lon="-118.477185"><ele>1285.62</ele><time>2026-04-25T13:57:56-07:00</time><course>290.1798</course><roll>-4.653238</roll><pitch>0.4194664</pitch><mode /></trkpt><trkpt lat="35.1131175" lon="-118.4771992"><ele>1285.48</ele><time>2026-04-25T13:57:56-07:00</time><course>291.1825</course><roll>-9.63161</roll><pitch>0.4810945</pitch><mode /></trkpt><trkpt lat="35.1131198" lon="-118.4772142"><ele>1285.15</ele><time>2026-04-25T13:57:57-07:00</time><course>293.0594</course><roll>-13.78774</roll><pitch>1.389737</pitch><mode /></trkpt><trkpt lat="35.1131227" lon="-118.4772278"><ele>1284.88</ele><time>2026-04-25T13:57:57-07:00</time><course>291.1887</course><roll>-12.4871</roll><pitch>0.7803118</pitch><mode /></trkpt><trkpt lat="35.1131261" lon="-118.4772405"><ele>1284.69</ele><time>2026-04-25T13:57:57-07:00</time><course>288.7007</course><roll>-6.480076</roll><pitch>0.2056333</pitch><mode /></trkpt><trkpt lat="35.1131294" lon="-118.4772537"><ele>1284.52</ele><time>2026-04-25T13:57:57-07:00</time><course>290.4853</course><roll>-4.617423</roll><pitch>0.3770199</pitch><mode /></trkpt><trkpt lat="35.1131323" lon="-118.4772656"><ele>1284.63</ele><time>2026-04-25T13:57:57-07:00</time><course>290.1909</course><roll>-3.605651</roll><pitch>-0.4244618</pitch><mode /></trkpt><trkpt lat="35.1131361" lon="-118.4772782"><ele>1284.65</ele><time>2026-04-25T13:57:58-07:00</time><course>283.2007</course><roll>5.360938</roll><pitch>-0.9383865</pitch><mode /></trkpt><trkpt lat="35.1131397" lon="-118.4772905"><ele>1284.69</ele><time>2026-04-25T13:57:58-07:00</time><course>280.9653</course><roll>11.04977</roll><pitch>0.4780802</pitch><mode /></trkpt><trkpt lat="35.1131426" lon="-118.4773035"><ele>1284.7</ele><time>2026-04-25T13:57:58-07:00</time><course>279.976</course><roll>11.95744</roll><pitch>1.283018</pitch><mode /></trkpt><trkpt lat="35.1131447" lon="-118.4773175"><ele>1284.66</ele><time>2026-04-25T13:57:58-07:00</time><course>283.1066</course><roll>1.479172</roll><pitch>0.5147189</pitch><mode /></trkpt><trkpt lat="35.1131461" lon="-118.4773323"><ele>1284.65</ele><time>2026-04-25T13:57:58-07:00</time><course>285.7828</course><roll>-6.125171</roll><pitch>-0.5644828</pitch><mode /></trkpt><trkpt lat="35.1131483" lon="-118.4773476"><ele>1284.57</ele><time>2026-04-25T13:57:59-07:00</time><course>283.6016</course><roll>-11.0933</roll><pitch>-0.01383366</pitch><mode /></trkpt><trkpt lat="35.1131511" lon="-118.477362"><ele>1284.53</ele><time>2026-04-25T13:57:59-07:00</time><course>279.4023</course><roll>-8.898002</roll><pitch>-0.5522828</pitch><mode /></trkpt><trkpt lat="35.1131541" lon="-118.4773766"><ele>1284.37</ele><time>2026-04-25T13:57:59-07:00</time><course>278.0313</course><roll>-7.640064</roll><pitch>-0.91034</pitch><mode /></trkpt><trkpt lat="35.1131566" lon="-118.4773906"><ele>1284.21</ele><time>2026-04-25T13:57:59-07:00</time><course>281.3307</course><roll>-8.130363</roll><pitch>0.2005036</pitch><mode /></trkpt><trkpt lat="35.1131588" lon="-118.4774043"><ele>1284.02</ele><time>2026-04-25T13:57:59-07:00</time><course>286.9644</course><roll>-6.101145</roll><pitch>0.2576376</pitch><mode /></trkpt><trkpt lat="35.1131612" lon="-118.4774175"><ele>1283.9</ele><time>2026-04-25T13:58:00-07:00</time><course>284.9552</course><roll>1.407813</roll><pitch>0.2857523</pitch><mode /></trkpt><trkpt lat="35.1131639" lon="-118.4774307"><ele>1283.74</ele><time>2026-04-25T13:58:00-07:00</time><course>280.551</course><roll>9.456653</roll><pitch>1.17005</pitch><mode /></trkpt><trkpt lat="35.1131656" lon="-118.4774444"><ele>1283.55</ele><time>2026-04-25T13:58:00-07:00</time><course>285.884</course><roll>11.04416</roll><pitch>0.4146138</pitch><mode /></trkpt><trkpt lat="35.1131662" lon="-118.4774582"><ele>1283.46</ele><time>2026-04-25T13:58:00-07:00</time><course>289.6718</course><roll>0.79853</roll><pitch>-0.6752436</pitch><mode /></trkpt><trkpt lat="35.1131668" lon="-118.4774716"><ele>1283.55</ele><time>2026-04-25T13:58:00-07:00</time><course>287.892</course><roll>-5.140171</roll><pitch>-0.8494438</pitch><mode /></trkpt><trkpt lat="35.1131677" lon="-118.4774856"><ele>1283.59</ele><time>2026-04-25T13:58:01-07:00</time><course>285.0619</course><roll>-5.60364</roll><pitch>-0.2514116</pitch><mode /></trkpt><trkpt lat="35.1131688" lon="-118.4774997"><ele>1283.54</ele><time>2026-04-25T13:58:01-07:00</time><course>284.2749</course><roll>-7.252936</roll><pitch>0.8379136</pitch><mode /></trkpt><trkpt lat="35.1131702" lon="-118.4775138"><ele>1283.41</ele><time>2026-04-25T13:58:01-07:00</time><course>284.0442</course><roll>-8.071982</roll><pitch>0.9694736</pitch><mode /></trkpt><trkpt lat="35.1131717" lon="-118.4775281"><ele>1283.07</ele><time>2026-04-25T13:58:01-07:00</time><course>284.8519</course><roll>-8.341063</roll><pitch>0.9542897</pitch><mode /></trkpt><trkpt lat="35.1131729" lon="-118.4775424"><ele>1282.68</ele><time>2026-04-25T13:58:01-07:00</time><course>291.5615</course><roll>-13.37186</roll><pitch>1.853808</pitch><mode /></trkpt><trkpt lat="35.1131747" lon="-118.4775559"><ele>1282.4</ele><time>2026-04-25T13:58:02-07:00</time><course>293.1052</course><roll>-13.63185</roll><pitch>-0.009555597</pitch><mode /></trkpt><trkpt lat="35.1131777" lon="-118.4775692"><ele>1282.13</ele><time>2026-04-25T13:58:02-07:00</time><course>293.1495</course><roll>-8.646401</roll><pitch>-0.8615088</pitch><mode /></trkpt><trkpt lat="35.1131806" lon="-118.4775811"><ele>1281.98</ele><time>2026-04-25T13:58:02-07:00</time><course>294.6593</course><roll>-6.591372</roll><pitch>-2.18261</pitch><mode /></trkpt><trkpt lat="35.1131833" lon="-118.4775929"><ele>1281.8</ele><time>2026-04-25T13:58:02-07:00</time><course>295.2412</course><roll>-0.8401036</roll><pitch>-2.495186</pitch><mode /></trkpt><trkpt lat="35.1131858" lon="-118.4776055"><ele>1281.63</ele><time>2026-04-25T13:58:02-07:00</time><course>297.2482</course><roll>4.005422</roll><pitch>-2.105723</pitch><mode /></trkpt><trkpt lat="35.1131884" lon="-118.4776183"><ele>1281.58</ele><time>2026-04-25T13:58:03-07:00</time><course>294.4375</course><roll>1.125814</roll><pitch>-0.8403968</pitch><mode /></trkpt><trkpt lat="35.1131909" lon="-118.4776307"><ele>1281.45</ele><time>2026-04-25T13:58:03-07:00</time><course>294.421</course><roll>2.163704</roll><pitch>-0.894769</pitch><mode /></trkpt><trkpt lat="35.113193" lon="-118.4776433"><ele>1281.38</ele><time>2026-04-25T13:58:03-07:00</time><course>294.2451</course><roll>1.731464</roll><pitch>-0.2194294</pitch><mode /></trkpt><trkpt lat="35.1131952" lon="-118.4776563"><ele>1281.38</ele><time>2026-04-25T13:58:03-07:00</time><course>293.6326</course><roll>0.1531505</roll><pitch>1.182207</pitch><mode /></trkpt><trkpt lat="35.1131971" lon="-118.4776703"><ele>1281.18</ele><time>2026-04-25T13:58:03-07:00</time><course>295.9937</course><roll>-1.286263</roll><pitch>-0.5920491</pitch><mode /></trkpt><trkpt lat="35.1131985" lon="-118.4776835"><ele>1281.2</ele><time>2026-04-25T13:58:04-07:00</time><course>297.1504</course><roll>-7.810053</roll><pitch>-0.543191</pitch><mode /></trkpt><trkpt lat="35.1132008" lon="-118.4776964"><ele>1281.12</ele><time>2026-04-25T13:58:04-07:00</time><course>291.5028</course><roll>-5.521675</roll><pitch>-1.876563</pitch><mode /></trkpt><trkpt lat="35.1132031" lon="-118.477708"><ele>1281.08</ele><time>2026-04-25T13:58:04-07:00</time><course>290.1896</course><roll>-3.11725</roll><pitch>-1.708176</pitch><mode /></trkpt><trkpt lat="35.1132045" lon="-118.4777201"><ele>1280.98</ele><time>2026-04-25T13:58:04-07:00</time><course>292.4058</course><roll>-3.326032</roll><pitch>-0.7763658</pitch><mode /></trkpt><trkpt lat="35.1132062" lon="-118.4777321"><ele>1280.87</ele><time>2026-04-25T13:58:04-07:00</time><course>286.2676</course><roll>2.196691</roll><pitch>-0.6584673</pitch><mode /></trkpt><trkpt lat="35.1132081" lon="-118.4777433"><ele>1280.88</ele><time>2026-04-25T13:58:05-07:00</time><course>283.696</course><roll>-1.137523</roll><pitch>-0.5334325</pitch><mode /></trkpt><trkpt lat="35.1132097" lon="-118.4777552"><ele>1280.88</ele><time>2026-04-25T13:58:05-07:00</time><course>284.1395</course><roll>-3.080044</roll><pitch>-0.01056356</pitch><mode /></trkpt><trkpt lat="35.1132109" lon="-118.477767"><ele>1280.82</ele><time>2026-04-25T13:58:05-07:00</time><course>285.8448</course><roll>0.1727152</roll><pitch>0.9408454</pitch><mode /></trkpt><trkpt lat="35.1132122" lon="-118.4777787"><ele>1280.66</ele><time>2026-04-25T13:58:05-07:00</time><course>285.9362</course><roll>3.347134</roll><pitch>1.014797</pitch><mode /></trkpt><trkpt lat="35.1132132" lon="-118.4777898"><ele>1280.48</ele><time>2026-04-25T13:58:05-07:00</time><course>283.2591</course><roll>4.451793</roll><pitch>0.4140193</pitch><mode /></trkpt><trkpt lat="35.1132139" lon="-118.4778007"><ele>1280.26</ele><time>2026-04-25T13:58:06-07:00</time><course>283.4966</course><roll>5.106892</roll><pitch>-1.42854</pitch><mode /></trkpt><trkpt lat="35.1132142" lon="-118.4778122"><ele>1280.05</ele><time>2026-04-25T13:58:06-07:00</time><course>286.3127</course><roll>5.638585</roll><pitch>-3.352309</pitch><mode /></trkpt><trkpt lat="35.1132136" lon="-118.4778231"><ele>1279.97</ele><time>2026-04-25T13:58:06-07:00</time><course>290.1519</course><roll>4.170149</roll><pitch>-4.475756</pitch><mode /></trkpt><trkpt lat="35.1132122" lon="-118.4778339"><ele>1279.91</ele><time>2026-04-25T13:58:06-07:00</time><course>297.5749</course><roll>-3.492512</roll><pitch>-3.462749</pitch><mode /></trkpt><trkpt lat="35.1132106" lon="-118.4778436"><ele>1279.93</ele><time>2026-04-25T13:58:06-07:00</time><course>304.4017</course><roll>-17.13052</roll><pitch>-0.7115294</pitch><mode /></trkpt><trkpt lat="35.1132103" lon="-118.4778531"><ele>1279.77</ele><time>2026-04-25T13:58:07-07:00</time><course>302.1672</course><roll>-18.36306</roll><pitch>-3.511177</pitch><mode /></trkpt><trkpt lat="35.1132116" lon="-118.4778607"><ele>1279.64</ele><time>2026-04-25T13:58:07-07:00</time><course>295.0917</course><roll>-16.14802</roll><pitch>-6.314487</pitch><mode /></trkpt><trkpt lat="35.1132135" lon="-118.477868"><ele>1279.35</ele><time>2026-04-25T13:58:07-07:00</time><course>289.4996</course><roll>-11.5128</roll><pitch>-6.137935</pitch><mode /></trkpt><trkpt lat="35.113215" lon="-118.4778751"><ele>1279.1</ele><time>2026-04-25T13:58:07-07:00</time><course>292.3127</course><roll>-5.918388</roll><pitch>-6.500361</pitch><mode /></trkpt><trkpt lat="35.1132167" lon="-118.4778817"><ele>1279.02</ele><time>2026-04-25T13:58:07-07:00</time><course>293.4179</course><roll>-2.670123</roll><pitch>-6.129634</pitch><mode /></trkpt><trkpt lat="35.1132182" lon="-118.477888"><ele>1278.95</ele><time>2026-04-25T13:58:08-07:00</time><course>293.4547</course><roll>-4.236641</roll><pitch>-6.447756</pitch><mode /></trkpt><trkpt lat="35.1132195" lon="-118.4778945"><ele>1278.83</ele><time>2026-04-25T13:58:08-07:00</time><course>293.9172</course><roll>-4.903328</roll><pitch>-6.512047</pitch><mode /></trkpt><trkpt lat="35.1132209" lon="-118.4779013"><ele>1278.62</ele><time>2026-04-25T13:58:08-07:00</time><course>293.9099</course><roll>-1.30594</roll><pitch>-6.614567</pitch><mode /></trkpt><trkpt lat="35.1132221" lon="-118.477908"><ele>1278.46</ele><time>2026-04-25T13:58:08-07:00</time><course>294.1975</course><roll>-0.9021939</roll><pitch>-8.0646</pitch><mode /></trkpt><trkpt lat="35.1132237" lon="-118.4779148"><ele>1278.31</ele><time>2026-04-25T13:58:08-07:00</time><course>290.3745</course><roll>0.6309202</roll><pitch>-8.049817</pitch><mode /></trkpt><trkpt lat="35.1132247" lon="-118.4779213"><ele>1278.18</ele><time>2026-04-25T13:58:09-07:00</time><course>291.2015</course><roll>-0.9615303</roll><pitch>-8.768659</pitch><mode /></trkpt><trkpt lat="35.1132249" lon="-118.4779279"><ele>1278.15</ele><time>2026-04-25T13:58:09-07:00</time><course>297.9521</course><roll>-3.256062</roll><pitch>-8.910753</pitch><mode /></trkpt><trkpt lat="35.1132253" lon="-118.4779351"><ele>1278.09</ele><time>2026-04-25T13:58:09-07:00</time><course>302.8525</course><roll>-13.70622</roll><pitch>-8.340945</pitch><mode /></trkpt><trkpt lat="35.113227" lon="-118.4779417"><ele>1277.92</ele><time>2026-04-25T13:58:09-07:00</time><course>296.9366</course><roll>-16.07737</roll><pitch>-8.761093</pitch><mode /></trkpt><trkpt lat="35.1132295" lon="-118.4779479"><ele>1277.69</ele><time>2026-04-25T13:58:09-07:00</time><course>287.5289</course><roll>-3.796081</roll><pitch>-11.88583</pitch><mode /></trkpt><trkpt lat="35.1132316" lon="-118.4779538"><ele>1277.61</ele><time>2026-04-25T13:58:10-07:00</time><course>287.3854</course><roll>3.164337</roll><pitch>-9.960238</pitch><mode /></trkpt><trkpt lat="35.1132327" lon="-118.4779602"><ele>1277.5</ele><time>2026-04-25T13:58:10-07:00</time><course>291.8979</course><roll>9.400978</roll><pitch>-4.855554</pitch><mode /></trkpt><trkpt lat="35.1132339" lon="-118.4779678"><ele>1277.32</ele><time>2026-04-25T13:58:10-07:00</time><course>295.0516</course><roll>17.26921</roll><pitch>-0.5322988</pitch><mode /></trkpt><trkpt lat="35.1132357" lon="-118.4779717"><ele>1277.43</ele><time>2026-04-25T13:58:10-07:00</time><course>313.1358</course><roll>10.72911</roll><pitch>-1.429602</pitch><mode /></trkpt><trkpt lat="35.1132387" lon="-118.477974"><ele>1277.27</ele><time>2026-04-25T13:58:10-07:00</time><course>332.6956</course><roll>23.67766</roll><pitch>-2.508385</pitch><mode /></trkpt><trkpt lat="35.1132421" lon="-118.4779739"><ele>1277.17</ele><time>2026-04-25T13:58:11-07:00</time><course>352.244</course><roll>44.92807</roll><pitch>-17.39598</pitch><mode /></trkpt><trkpt lat="35.113245" lon="-118.477973"><ele>1277.27</ele><time>2026-04-25T13:58:11-07:00</time><course>9.385847</course><roll>41.171</roll><pitch>-25.64157</pitch><mode /></trkpt><trkpt lat="35.113247" lon="-118.4779738"><ele>1277.51</ele><time>2026-04-25T13:58:11-07:00</time><course>37.84267</course><roll>17.92779</roll><pitch>-23.90411</pitch><mode /></trkpt><trkpt lat="35.1132485" lon="-118.4779766"><ele>1277.61</ele><time>2026-04-25T13:58:11-07:00</time><course>43.86906</course><roll>9.373696</roll><pitch>-7.110204</pitch><mode /></trkpt><trkpt lat="35.1132496" lon="-118.4779778"><ele>1278.05</ele><time>2026-04-25T13:58:11-07:00</time><course>35.41526</course><roll>6.027553</roll><pitch>3.301827</pitch><mode /></trkpt><trkpt lat="35.1132507" lon="-118.4779802"><ele>1278.15</ele><time>2026-04-25T13:58:12-07:00</time><course>27.54298</course><roll>2.76211</roll><pitch>0.2573653</pitch><mode /></trkpt><trkpt lat="35.1132518" lon="-118.4779822"><ele>1278.25</ele><time>2026-04-25T13:58:12-07:00</time><course>24.2142</course><roll>-4.29847</roll><pitch>-2.144951</pitch><mode /></trkpt><trkpt lat="35.1132536" lon="-118.4779842"><ele>1278.19</ele><time>2026-04-25T13:58:12-07:00</time><course>18.12301</course><roll>-6.469962</roll><pitch>-0.2356038</pitch><mode /></trkpt><trkpt lat="35.113255" lon="-118.4779865"><ele>1278.2</ele><time>2026-04-25T13:58:12-07:00</time><course>7.68806</course><roll>-4.679137</roll><pitch>9.236858</pitch><mode /></trkpt><trkpt lat="35.1132566" lon="-118.4779886"><ele>1278.06</ele><time>2026-04-25T13:58:12-07:00</time><course>359.1341</course><roll>-3.158024</roll><pitch>9.835106</pitch><mode /></trkpt><trkpt lat="35.113259" lon="-118.4779901"><ele>1277.96</ele><time>2026-04-25T13:58:13-07:00</time><course>353.4568</course><roll>2.620227</roll><pitch>-0.2242742</pitch><mode /></trkpt><trkpt lat="35.1132613" lon="-118.4779915"><ele>1277.96</ele><time>2026-04-25T13:58:13-07:00</time><course>352.2295</course><roll>3.44631</roll><pitch>-5.763033</pitch><mode /></trkpt><trkpt lat="35.1132634" lon="-118.4779932"><ele>1277.93</ele><time>2026-04-25T13:58:13-07:00</time><course>350.9567</course><roll>-6.684623</roll><pitch>-8.470033</pitch><mode /></trkpt><trkpt lat="35.1132653" lon="-118.4779954"><ele>1277.91</ele><time>2026-04-25T13:58:13-07:00</time><course>344.3748</course><roll>-13.03427</roll><pitch>-4.301425</pitch><mode /></trkpt><trkpt lat="35.1132665" lon="-118.4779973"><ele>1277.99</ele><time>2026-04-25T13:58:13-07:00</time><course>334.1552</course><roll>-9.206914</roll><pitch>1.795681</pitch><mode /></trkpt><trkpt lat="35.1132681" lon="-118.4779999"><ele>1277.79</ele><time>2026-04-25T13:58:14-07:00</time><course>327.5713</course><roll>-5.726525</roll><pitch>6.225761</pitch><mode /></trkpt><trkpt lat="35.1132707" lon="-118.4780032"><ele>1277.58</ele><time>2026-04-25T13:58:14-07:00</time><course>329.7465</course><roll>1.400814</roll><pitch>1.575925</pitch><mode /></trkpt><trkpt lat="35.1132726" lon="-118.4780059"><ele>1277.61</ele><time>2026-04-25T13:58:14-07:00</time><course>330.3916</course><roll>-2.089669</roll><pitch>-1.022901</pitch><mode /></trkpt><trkpt lat="35.1132743" lon="-118.4780084"><ele>1277.67</ele><time>2026-04-25T13:58:14-07:00</time><course>327.6376</course><roll>-6.794209</roll><pitch>-2.334985</pitch><mode /></trkpt><trkpt lat="35.1132757" lon="-118.4780105"><ele>1277.83</ele><time>2026-04-25T13:58:14-07:00</time><course>321.0326</course><roll>-6.888806</roll><pitch>-1.55706</pitch><mode /></trkpt><trkpt lat="35.113277" lon="-118.4780128"><ele>1277.77</ele><time>2026-04-25T13:58:15-07:00</time><course>317.8311</course><roll>-6.970325</roll><pitch>-0.7398735</pitch><mode /></trkpt><trkpt lat="35.1132785" lon="-118.4780153"><ele>1277.65</ele><time>2026-04-25T13:58:15-07:00</time><course>318.3164</course><roll>-2.389848</roll><pitch>-0.899114</pitch><mode /></trkpt><trkpt lat="35.1132798" lon="-118.4780173"><ele>1277.66</ele><time>2026-04-25T13:58:15-07:00</time><course>322.3195</course><roll>-2.443862</roll><pitch>-4.913136</pitch><mode /></trkpt><trkpt lat="35.1132815" lon="-118.4780198"><ele>1277.56</ele><time>2026-04-25T13:58:15-07:00</time><course>327.1036</course><roll>-7.304842</roll><pitch>-6.819446</pitch><mode /></trkpt><trkpt lat="35.1132828" lon="-118.4780221"><ele>1277.48</ele><time>2026-04-25T13:58:15-07:00</time><course>323.6346</course><roll>-11.23906</roll><pitch>-6.884542</pitch><mode /></trkpt><trkpt lat="35.113284" lon="-118.4780237"><ele>1277.42</ele><time>2026-04-25T13:58:16-07:00</time><course>320.6064</course><roll>-8.030309</roll><pitch>-5.390138</pitch><mode /></trkpt><trkpt lat="35.1132852" lon="-118.4780256"><ele>1277.32</ele><time>2026-04-25T13:58:16-07:00</time><course>319.3554</course><roll>-5.307246</roll><pitch>-5.659183</pitch><mode /></trkpt><trkpt lat="35.1132862" lon="-118.4780281"><ele>1277.17</ele><time>2026-04-25T13:58:16-07:00</time><course>316.8617</course><roll>-9.049303</roll><pitch>-7.424217</pitch><mode /></trkpt><trkpt lat="35.1132876" lon="-118.4780311"><ele>1277</ele><time>2026-04-25T13:58:16-07:00</time><course>314.0543</course><roll>-13.52871</roll><pitch>-9.663017</pitch><mode /></trkpt><trkpt lat="35.1132883" lon="-118.478033"><ele>1277.05</ele><time>2026-04-25T13:58:16-07:00</time><course>309.3519</course><roll>-16.41258</roll><pitch>-10.08963</pitch><mode /></trkpt><trkpt lat="35.1132877" lon="-118.4780353"><ele>1276.87</ele><time>2026-04-25T13:58:17-07:00</time><course>303.7225</course><roll>-5.544297</roll><pitch>-2.149456</pitch><mode /></trkpt><trkpt lat="35.1132873" lon="-118.4780375"><ele>1276.67</ele><time>2026-04-25T13:58:17-07:00</time><course>302.2438</course><roll>-2.402175</roll><pitch>0.9140294</pitch><mode /></trkpt><trkpt lat="35.1132874" lon="-118.4780398"><ele>1276.43</ele><time>2026-04-25T13:58:17-07:00</time><course>301.2592</course><roll>-3.498965</roll><pitch>1.053389</pitch><mode /></trkpt><trkpt lat="35.1132871" lon="-118.4780418"><ele>1276.18</ele><time>2026-04-25T13:58:17-07:00</time><course>301.0524</course><roll>-3.197302</roll><pitch>0.6846601</pitch><mode /></trkpt><trkpt lat="35.1132867" lon="-118.4780419"><ele>1275.98</ele><time>2026-04-25T13:58:17-07:00</time><course>301.8641</course><roll>-4.420275</roll><pitch>1.70392</pitch><mode /></trkpt><trkpt lat="35.1132873" lon="-118.4780436"><ele>1275.66</ele><time>2026-04-25T13:58:18-07:00</time><course>294.2743</course><roll>4.5051</roll><pitch>0.9140327</pitch><mode /></trkpt><trkpt lat="35.1132895" lon="-118.4780482"><ele>1275.49</ele><time>2026-04-25T13:58:18-07:00</time><course>292.2845</course><roll>-7.680808</roll><pitch>3.374882</pitch><mode /></trkpt><trkpt lat="35.1132912" lon="-118.4780515"><ele>1275.34</ele><time>2026-04-25T13:58:18-07:00</time><course>291.7955</course><roll>-7.844332</roll><pitch>7.192316</pitch><mode /></trkpt><trkpt lat="35.113291" lon="-118.4780517"><ele>1275.1</ele><time>2026-04-25T13:58:18-07:00</time><course>294.2688</course><roll>-3.172217</roll><pitch>3.954024</pitch><mode /></trkpt><trkpt lat="35.1132902" lon="-118.4780518"><ele>1274.86</ele><time>2026-04-25T13:58:19-07:00</time><course>296.6156</course><roll>-2.895504</roll><pitch>1.334257</pitch><mode /></trkpt><trkpt lat="35.1132901" lon="-118.478052"><ele>1274.73</ele><time>2026-04-25T13:58:19-07:00</time><course>299.0088</course><roll>1.496464</roll><pitch>-2.039344</pitch><mode /></trkpt><trkpt lat="35.1132903" lon="-118.4780484"><ele>1275.04</ele><time>2026-04-25T13:58:19-07:00</time><course>297.8751</course><roll>2.164059</roll><pitch>-2.658698</pitch><mode /></trkpt><trkpt lat="35.1132898" lon="-118.4780469"><ele>1275.05</ele><time>2026-04-25T13:58:19-07:00</time><course>297.6905</course><roll>2.136475</roll><pitch>-2.676195</pitch><mode /></trkpt><trkpt lat="35.1132896" lon="-118.4780468"><ele>1275.08</ele><time>2026-04-25T13:58:20-07:00</time><course>297.6278</course><roll>2.188582</roll><pitch>-2.720319</pitch><mode /></trkpt><trkpt lat="35.1132874" lon="-118.4780459"><ele>1275.09</ele><time>2026-04-25T13:58:20-07:00</time><course>298.2677</course><roll>1.573837</roll><pitch>-2.291488</pitch><mode /></trkpt><trkpt lat="35.1132872" lon="-118.4780438"><ele>1275.3</ele><time>2026-04-25T13:58:20-07:00</time><course>297.5222</course><roll>1.571726</roll><pitch>-2.327825</pitch><mode /></trkpt><trkpt lat="35.1132893" lon="-118.4780439"><ele>1275.18</ele><time>2026-04-25T13:58:21-07:00</time><course>297.7183</course><roll>1.371915</roll><pitch>-1.805457</pitch><mode /></trkpt><trkpt lat="35.1132905" lon="-118.4780432"><ele>1275.15</ele><time>2026-04-25T13:58:21-07:00</time><course>297.7884</course><roll>1.369688</roll><pitch>-1.639206</pitch><mode /></trkpt><trkpt lat="35.1132908" lon="-118.4780426"><ele>1275.26</ele><time>2026-04-25T13:58:21-07:00</time><course>298.1906</course><roll>1.298524</roll><pitch>-1.291001</pitch><mode /></trkpt><trkpt lat="35.1132913" lon="-118.4780427"><ele>1275.34</ele><time>2026-04-25T13:58:21-07:00</time><course>298.2181</course><roll>1.1691</roll><pitch>-1.250656</pitch><mode /></trkpt><trkpt lat="35.1132918" lon="-118.4780436"><ele>1275.24</ele><time>2026-04-25T13:58:21-07:00</time><course>298.3958</course><roll>1.262569</roll><pitch>-1.079056</pitch><mode /></trkpt><trkpt lat="35.1132923" lon="-118.4780447"><ele>1275.04</ele><time>2026-04-25T13:58:22-07:00</time><course>297.8439</course><roll>1.364935</roll><pitch>-1.550213</pitch><mode /></trkpt><trkpt lat="35.113293" lon="-118.4780468"><ele>1274.4</ele><time>2026-04-25T13:58:22-07:00</time><course>297.0212</course><roll>1.648637</roll><pitch>-2.519912</pitch><mode /></trkpt><trkpt lat="35.1132933" lon="-118.4780461"><ele>1274.68</ele><time>2026-04-25T13:58:22-07:00</time><course>296.6049</course><roll>1.690257</roll><pitch>-2.68105</pitch><mode /></trkpt><trkpt lat="35.1132936" lon="-118.4780481"><ele>1273.98</ele><time>2026-04-25T13:58:22-07:00</time><course>294.2415</course><roll>2.037127</roll><pitch>-3.703625</pitch><mode /></trkpt><trkpt lat="35.1132934" lon="-118.4780469"><ele>1274.35</ele><time>2026-04-25T13:58:22-07:00</time><course>294.6964</course><roll>1.603018</roll><pitch>-1.751653</pitch><mode /></trkpt></trkseg></trk><wpt lat="35.113203" lon="-118.4781125"><name>0</name></wpt><wpt lat="35.1132029" lon="-118.4781122"><name>1</name></wpt><wpt lat="35.1132028" lon="-118.4781117"><name>2</name></wpt><wpt lat="35.1132035" lon="-118.4781111"><name>3</name></wpt><wpt lat="35.1132047" lon="-118.4781104"><name>4</name></wpt><wpt lat="35.1132048" lon="-118.4781098"><name>5</name></wpt><wpt lat="35.1132045" lon="-118.4781095"><name>6</name></wpt><wpt lat="35.113204" lon="-118.4781092"><name>7</name></wpt><wpt lat="35.1132042" lon="-118.4781089"><name>8</name></wpt><wpt lat="35.1132048" lon="-118.4781082"><name>9</name></wpt><wpt lat="35.1132053" lon="-118.4781074"><name>10</name></wpt><wpt lat="35.1132052" lon="-118.4781073"><name>11</name></wpt><wpt lat="35.1132049" lon="-118.4781068"><name>12</name></wpt><wpt lat="35.1132052" lon="-118.4781082"><name>13</name></wpt><wpt lat="35.1132051" lon="-118.4781087"><name>14</name></wpt><wpt lat="35.1132048" lon="-118.4781084"><name>15</name></wpt><wpt lat="35.1132052" lon="-118.4781093"><name>16</name></wpt><wpt lat="35.1132046" lon="-118.4781096"><name>17</name></wpt><wpt lat="35.1132047" lon="-118.4781105"><name>18</name></wpt><wpt lat="35.1132052" lon="-118.4781107"><name>19</name></wpt><wpt lat="35.1132053" lon="-118.4781113"><name>20</name></wpt><wpt lat="35.1132054" lon="-118.4781116"><name>21</name></wpt><wpt lat="35.113206" lon="-118.4781122"><name>22</name></wpt><wpt lat="35.1132064" lon="-118.478113"><name>23</name></wpt><wpt lat="35.1132062" lon="-118.4781138"><name>24</name></wpt><wpt lat="35.1132061" lon="-118.4781136"><name>25</name></wpt><wpt lat="35.1132063" lon="-118.4781138"><name>26</name></wpt><wpt lat="35.1132057" lon="-118.4781141"><name>27</name></wpt><wpt lat="35.1132054" lon="-118.4781144"><name>28</name></wpt><wpt lat="35.1132051" lon="-118.4781143"><name>29</name></wpt><wpt lat="35.1132055" lon="-118.4781138"><name>30</name></wpt><wpt lat="35.1132054" lon="-118.4781139"><name>31</name></wpt><wpt lat="35.1132053" lon="-118.4781142"><name>32</name></wpt><wpt lat="35.1132051" lon="-118.4781141"><name>33</name></wpt><wpt lat="35.1132059" lon="-118.4781135"><name>34</name></wpt><wpt lat="35.1132064" lon="-118.478113"><name>35</name></wpt><wpt lat="35.1132063" lon="-118.4781131"><name>36</name></wpt><wpt lat="35.1132069" lon="-118.4781124"><name>37</name></wpt><wpt lat="35.1132076" lon="-118.4781123"><name>38</name></wpt><wpt lat="35.1132083" lon="-118.4781117"><name>39</name></wpt><wpt lat="35.1132093" lon="-118.4781116"><name>40</name></wpt><wpt lat="35.1132099" lon="-118.4781112"><name>41</name></wpt><wpt lat="35.1132103" lon="-118.4781109"><name>42</name></wpt><wpt lat="35.1132105" lon="-118.4781103"><name>43</name></wpt><wpt lat="35.113211" lon="-118.4781092"><name>44</name></wpt><wpt lat="35.1132118" lon="-118.4781089"><name>45</name></wpt><wpt lat="35.1132123" lon="-118.4781084"><name>46</name></wpt><wpt lat="35.1132125" lon="-118.4781082"><name>47</name></wpt><wpt lat="35.113213" lon="-118.4781076"><name>48</name></wpt><wpt lat="35.1132136" lon="-118.4781071"><name>49</name></wpt><wpt lat="35.1132141" lon="-118.4781064"><name>50</name></wpt><wpt lat="35.1132146" lon="-118.4781052"><name>51</name></wpt><wpt lat="35.1132155" lon="-118.4781049"><name>52</name></wpt><wpt lat="35.1132163" lon="-118.4781043"><name>53</name></wpt><wpt lat="35.1132169" lon="-118.478104"><name>54</name></wpt><wpt lat="35.1132171" lon="-118.4781036"><name>55</name></wpt><wpt lat="35.1132176" lon="-118.4781032"><name>56</name></wpt><wpt lat="35.113218" lon="-118.4781033"><name>57</name></wpt><wpt lat="35.1132181" lon="-118.4781032"><name>58</name></wpt><wpt lat="35.1132177" lon="-118.4781038"><name>59</name></wpt><wpt lat="35.113217" lon="-118.4781052"><name>60</name></wpt><wpt lat="35.1132154" lon="-118.4781078"><name>61</name></wpt><wpt lat="35.1132119" lon="-118.4781125"><name>62</name></wpt><wpt lat="35.1132049" lon="-118.4781213"><name>63</name></wpt><wpt lat="35.1131952" lon="-118.4781339"><name>64</name></wpt><wpt lat="35.113185" lon="-118.4781481"><name>65</name></wpt><wpt lat="35.1131748" lon="-118.4781627"><name>66</name></wpt><wpt lat="35.1131647" lon="-118.4781775"><name>67</name></wpt><wpt lat="35.113154" lon="-118.4781932"><name>68</name></wpt><wpt lat="35.1131434" lon="-118.4782096"><name>69</name></wpt><wpt lat="35.1131331" lon="-118.478227"><name>70</name></wpt><wpt lat="35.1131227" lon="-118.4782441"><name>71</name></wpt><wpt lat="35.1131121" lon="-118.4782628"><name>72</name></wpt><wpt lat="35.1130999" lon="-118.4782814"><name>73</name></wpt><wpt lat="35.1130874" lon="-118.4783006"><name>74</name></wpt><wpt lat="35.1130747" lon="-118.4783203"><name>75</name></wpt><wpt lat="35.1130616" lon="-118.4783393"><name>76</name></wpt><wpt lat="35.1130481" lon="-118.4783583"><name>77</name></wpt><wpt lat="35.1130349" lon="-118.4783773"><name>78</name></wpt><wpt lat="35.1130219" lon="-118.4783953"><name>79</name></wpt><wpt lat="35.113009" lon="-118.4784136"><name>80</name></wpt><wpt lat="35.1129961" lon="-118.4784316"><name>81</name></wpt><wpt lat="35.1129828" lon="-118.4784496"><name>82</name></wpt><wpt lat="35.1129696" lon="-118.4784682"><name>83</name></wpt><wpt lat="35.1129558" lon="-118.4784848"><name>84</name></wpt><wpt lat="35.1129407" lon="-118.4785"><name>85</name></wpt><wpt lat="35.1129248" lon="-118.4785139"><name>86</name></wpt><wpt lat="35.1129087" lon="-118.4785266"><name>87</name></wpt><wpt lat="35.1128911" lon="-118.4785378"><name>88</name></wpt><wpt lat="35.1128725" lon="-118.4785471"><name>89</name></wpt><wpt lat="35.1128535" lon="-118.4785543"><name>90</name></wpt><wpt lat="35.1128342" lon="-118.478561"><name>91</name></wpt><wpt lat="35.1128134" lon="-118.4785638"><name>92</name></wpt><wpt lat="35.1127912" lon="-118.4785614"><name>93</name></wpt><wpt lat="35.1127709" lon="-118.4785592"><name>94</name></wpt><wpt lat="35.112751" lon="-118.478554"><name>95</name></wpt><wpt lat="35.1127309" lon="-118.4785469"><name>96</name></wpt><wpt lat="35.1127099" lon="-118.4785377"><name>97</name></wpt><wpt lat="35.1126895" lon="-118.4785264"><name>98</name></wpt><wpt lat="35.1126699" lon="-118.4785118"><name>99</name></wpt><wpt lat="35.1126513" lon="-118.4784933"><name>100</name></wpt><wpt lat="35.1126341" lon="-118.4784724"><name>101</name></wpt><wpt lat="35.1126172" lon="-118.4784495"><name>102</name></wpt><wpt lat="35.1126002" lon="-118.4784264"><name>103</name></wpt><wpt lat="35.112583" lon="-118.4784019"><name>104</name></wpt><wpt lat="35.1125658" lon="-118.4783759"><name>105</name></wpt><wpt lat="35.1125491" lon="-118.4783477"><name>106</name></wpt><wpt lat="35.1125334" lon="-118.478318"><name>107</name></wpt><wpt lat="35.1125182" lon="-118.4782869"><name>108</name></wpt><wpt lat="35.1125046" lon="-118.4782536"><name>109</name></wpt><wpt lat="35.1124923" lon="-118.4782189"><name>110</name></wpt><wpt lat="35.1124817" lon="-118.4781825"><name>111</name></wpt><wpt lat="35.112473" lon="-118.4781445"><name>112</name></wpt><wpt lat="35.1124665" lon="-118.4781055"><name>113</name></wpt><wpt lat="35.1124624" lon="-118.4780655"><name>114</name></wpt><wpt lat="35.1124595" lon="-118.4780253"><name>115</name></wpt><wpt lat="35.1124575" lon="-118.4779851"><name>116</name></wpt><wpt lat="35.1124555" lon="-118.4779447"><name>117</name></wpt><wpt lat="35.1124529" lon="-118.4779033"><name>118</name></wpt><wpt lat="35.1124506" lon="-118.4778607"><name>119</name></wpt><wpt lat="35.1124477" lon="-118.477817"><name>120</name></wpt><wpt lat="35.1124451" lon="-118.4777727"><name>121</name></wpt><wpt lat="35.1124434" lon="-118.4777278"><name>122</name></wpt><wpt lat="35.1124432" lon="-118.4776828"><name>123</name></wpt><wpt lat="35.1124438" lon="-118.4776382"><name>124</name></wpt><wpt lat="35.1124449" lon="-118.4775949"><name>125</name></wpt><wpt lat="35.1124464" lon="-118.477553"><name>126</name></wpt><wpt lat="35.1124493" lon="-118.4775116"><name>127</name></wpt><wpt lat="35.1124557" lon="-118.4774704"><name>128</name></wpt><wpt lat="35.1124658" lon="-118.4774283"><name>129</name></wpt><wpt lat="35.1124783" lon="-118.4773872"><name>130</name></wpt><wpt lat="35.1124932" lon="-118.4773481"><name>131</name></wpt><wpt lat="35.1125117" lon="-118.477311"><name>132</name></wpt><wpt lat="35.1125327" lon="-118.4772765"><name>133</name></wpt><wpt lat="35.1125554" lon="-118.4772449"><name>134</name></wpt><wpt lat="35.1125797" lon="-118.4772169"><name>135</name></wpt><wpt lat="35.1126057" lon="-118.4771937"><name>136</name></wpt><wpt lat="35.1126334" lon="-118.4771757"><name>137</name></wpt><wpt lat="35.1126627" lon="-118.4771603"><name>138</name></wpt><wpt lat="35.1126925" lon="-118.4771469"><name>139</name></wpt><wpt lat="35.1127221" lon="-118.4771376"><name>140</name></wpt><wpt lat="35.1127511" lon="-118.477132"><name>141</name></wpt><wpt lat="35.1127795" lon="-118.4771308"><name>142</name></wpt><wpt lat="35.1128068" lon="-118.477133"><name>143</name></wpt><wpt lat="35.1128342" lon="-118.4771363"><name>144</name></wpt><wpt lat="35.1128617" lon="-118.4771404"><name>145</name></wpt><wpt lat="35.1128883" lon="-118.4771463"><name>146</name></wpt><wpt lat="35.1129144" lon="-118.4771533"><name>147</name></wpt><wpt lat="35.11294" lon="-118.4771627"><name>148</name></wpt><wpt lat="35.1129647" lon="-118.4771741"><name>149</name></wpt><wpt lat="35.1129891" lon="-118.4771871"><name>150</name></wpt><wpt lat="35.1130131" lon="-118.4772012"><name>151</name></wpt><wpt lat="35.1130364" lon="-118.477215"><name>152</name></wpt><wpt lat="35.1130594" lon="-118.4772305"><name>153</name></wpt><wpt lat="35.1130826" lon="-118.4772475"><name>154</name></wpt><wpt lat="35.1131064" lon="-118.477265"><name>155</name></wpt><wpt lat="35.11313" lon="-118.4772813"><name>156</name></wpt><wpt lat="35.1131531" lon="-118.4772985"><name>157</name></wpt><wpt lat="35.1131762" lon="-118.4773158"><name>158</name></wpt><wpt lat="35.1131998" lon="-118.4773336"><name>159</name></wpt><wpt lat="35.1132229" lon="-118.4773506"><name>160</name></wpt><wpt lat="35.1132453" lon="-118.4773676"><name>161</name></wpt><wpt lat="35.1132671" lon="-118.4773842"><name>162</name></wpt><wpt lat="35.1132889" lon="-118.4773998"><name>163</name></wpt><wpt lat="35.1133111" lon="-118.4774147"><name>164</name></wpt><wpt lat="35.1133325" lon="-118.4774295"><name>165</name></wpt><wpt lat="35.1133526" lon="-118.4774428"><name>166</name></wpt><wpt lat="35.1133729" lon="-118.477456"><name>167</name></wpt><wpt lat="35.1133935" lon="-118.4774708"><name>168</name></wpt><wpt lat="35.1134139" lon="-118.4774851"><name>169</name></wpt><wpt lat="35.1134334" lon="-118.4774984"><name>170</name></wpt><wpt lat="35.1134522" lon="-118.4775107"><name>171</name></wpt><wpt lat="35.1134708" lon="-118.4775227"><name>172</name></wpt><wpt lat="35.1134883" lon="-118.4775329"><name>173</name></wpt><wpt lat="35.1135059" lon="-118.4775447"><name>174</name></wpt><wpt lat="35.1135247" lon="-118.4775576"><name>175</name></wpt><wpt lat="35.1135435" lon="-118.4775683"><name>176</name></wpt><wpt lat="35.1135606" lon="-118.4775783"><name>177</name></wpt><wpt lat="35.1135761" lon="-118.4775866"><name>178</name></wpt><wpt lat="35.1135922" lon="-118.4775976"><name>179</name></wpt><wpt lat="35.113607" lon="-118.4776043"><name>180</name></wpt><wpt lat="35.1136211" lon="-118.4776099"><name>181</name></wpt><wpt lat="35.1136343" lon="-118.4776136"><name>182</name></wpt><wpt lat="35.1136495" lon="-118.4776233"><name>183</name></wpt><wpt lat="35.1136658" lon="-118.4776361"><name>184</name></wpt><wpt lat="35.1136817" lon="-118.4776483"><name>185</name></wpt><wpt lat="35.1136978" lon="-118.4776611"><name>186</name></wpt><wpt lat="35.1137143" lon="-118.4776755"><name>187</name></wpt><wpt lat="35.113731" lon="-118.4776904"><name>188</name></wpt><wpt lat="35.1137473" lon="-118.4777032"><name>189</name></wpt><wpt lat="35.1137638" lon="-118.4777167"><name>190</name></wpt><wpt lat="35.1137799" lon="-118.4777309"><name>191</name></wpt><wpt lat="35.1137951" lon="-118.4777433"><name>192</name></wpt><wpt lat="35.1138116" lon="-118.4777595"><name>193</name></wpt><wpt lat="35.1138294" lon="-118.4777781"><name>194</name></wpt><wpt lat="35.1138484" lon="-118.4777978"><name>195</name></wpt><wpt lat="35.113867" lon="-118.4778161"><name>196</name></wpt><wpt lat="35.1138845" lon="-118.4778348"><name>197</name></wpt><wpt lat="35.1139" lon="-118.4778495"><name>198</name></wpt><wpt lat="35.1139147" lon="-118.4778628"><name>199</name></wpt><wpt lat="35.1139288" lon="-118.4778759"><name>200</name></wpt><wpt lat="35.1139423" lon="-118.4778886"><name>201</name></wpt><wpt lat="35.1139561" lon="-118.4779016"><name>202</name></wpt><wpt lat="35.1139704" lon="-118.4779162"><name>203</name></wpt><wpt lat="35.1139844" lon="-118.477933"><name>204</name></wpt><wpt lat="35.1139991" lon="-118.4779499"><name>205</name></wpt><wpt lat="35.1140138" lon="-118.4779665"><name>206</name></wpt><wpt lat="35.1140286" lon="-118.4779837"><name>207</name></wpt><wpt lat="35.1140443" lon="-118.4780011"><name>208</name></wpt><wpt lat="35.1140603" lon="-118.4780191"><name>209</name></wpt><wpt lat="35.1140765" lon="-118.4780379"><name>210</name></wpt><wpt lat="35.114093" lon="-118.4780578"><name>211</name></wpt><wpt lat="35.11411" lon="-118.4780777"><name>212</name></wpt><wpt lat="35.1141275" lon="-118.4780975"><name>213</name></wpt><wpt lat="35.1141454" lon="-118.4781174"><name>214</name></wpt><wpt lat="35.1141636" lon="-118.4781369"><name>215</name></wpt><wpt lat="35.1141818" lon="-118.4781557"><name>216</name></wpt><wpt lat="35.1142003" lon="-118.4781752"><name>217</name></wpt><wpt lat="35.1142193" lon="-118.4781941"><name>218</name></wpt><wpt lat="35.1142388" lon="-118.4782122"><name>219</name></wpt><wpt lat="35.1142582" lon="-118.4782294"><name>220</name></wpt><wpt lat="35.1142773" lon="-118.4782452"><name>221</name></wpt><wpt lat="35.1142961" lon="-118.478261"><name>222</name></wpt><wpt lat="35.1143144" lon="-118.478276"><name>223</name></wpt><wpt lat="35.1143321" lon="-118.4782895"><name>224</name></wpt><wpt lat="35.1143495" lon="-118.478302"><name>225</name></wpt><wpt lat="35.1143669" lon="-118.4783145"><name>226</name></wpt><wpt lat="35.1143843" lon="-118.478327"><name>227</name></wpt><wpt lat="35.1144017" lon="-118.4783385"><name>228</name></wpt><wpt lat="35.1144187" lon="-118.4783488"><name>229</name></wpt><wpt lat="35.1144358" lon="-118.4783598"><name>230</name></wpt><wpt lat="35.1144527" lon="-118.4783696"><name>231</name></wpt><wpt lat="35.1144696" lon="-118.478379"><name>232</name></wpt><wpt lat="35.1144864" lon="-118.4783889"><name>233</name></wpt><wpt lat="35.1145033" lon="-118.4783999"><name>234</name></wpt><wpt lat="35.1145201" lon="-118.4784103"><name>235</name></wpt><wpt lat="35.1145373" lon="-118.4784227"><name>236</name></wpt><wpt lat="35.1145548" lon="-118.4784365"><name>237</name></wpt><wpt lat="35.1145726" lon="-118.478452"><name>238</name></wpt><wpt lat="35.1145909" lon="-118.478469"><name>239</name></wpt><wpt lat="35.1146092" lon="-118.4784844"><name>240</name></wpt><wpt lat="35.1146266" lon="-118.4785007"><name>241</name></wpt><wpt lat="35.1146423" lon="-118.4785179"><name>242</name></wpt><wpt lat="35.1146565" lon="-118.4785355"><name>243</name></wpt><wpt lat="35.1146687" lon="-118.4785537"><name>244</name></wpt><wpt lat="35.1146784" lon="-118.4785729"><name>245</name></wpt><wpt lat="35.1146858" lon="-118.4785935"><name>246</name></wpt><wpt lat="35.1146907" lon="-118.4786152"><name>247</name></wpt><wpt lat="35.1146934" lon="-118.4786365"><name>248</name></wpt><wpt lat="35.1146941" lon="-118.4786583"><name>249</name></wpt><wpt lat="35.1146934" lon="-118.478682"><name>250</name></wpt><wpt lat="35.11469" lon="-118.478705"><name>251</name></wpt><wpt lat="35.1146829" lon="-118.4787257"><name>252</name></wpt><wpt lat="35.114673" lon="-118.478747"><name>253</name></wpt><wpt lat="35.1146605" lon="-118.4787683"><name>254</name></wpt><wpt lat="35.1146455" lon="-118.4787883"><name>255</name></wpt><wpt lat="35.114629" lon="-118.4788063"><name>256</name></wpt><wpt lat="35.1146112" lon="-118.4788247"><name>257</name></wpt><wpt lat="35.1145922" lon="-118.4788423"><name>258</name></wpt><wpt lat="35.114572" lon="-118.47886"><name>259</name></wpt><wpt lat="35.1145506" lon="-118.4788763"><name>260</name></wpt><wpt lat="35.1145286" lon="-118.4788911"><name>261</name></wpt><wpt lat="35.1145063" lon="-118.4789068"><name>262</name></wpt><wpt lat="35.1144834" lon="-118.4789205"><name>263</name></wpt><wpt lat="35.1144597" lon="-118.4789334"><name>264</name></wpt><wpt lat="35.1144356" lon="-118.478944"><name>265</name></wpt><wpt lat="35.1144111" lon="-118.4789541"><name>266</name></wpt><wpt lat="35.114386" lon="-118.4789645"><name>267</name></wpt><wpt lat="35.1143605" lon="-118.4789731"><name>268</name></wpt><wpt lat="35.1143351" lon="-118.4789821"><name>269</name></wpt><wpt lat="35.1143091" lon="-118.4789884"><name>270</name></wpt><wpt lat="35.1142824" lon="-118.4789934"><name>271</name></wpt><wpt lat="35.1142555" lon="-118.4789978"><name>272</name></wpt><wpt lat="35.1142283" lon="-118.4790019"><name>273</name></wpt><wpt lat="35.1142008" lon="-118.4790045"><name>274</name></wpt><wpt lat="35.1141731" lon="-118.4790061"><name>275</name></wpt><wpt lat="35.1141448" lon="-118.4790069"><name>276</name></wpt><wpt lat="35.1141161" lon="-118.479007"><name>277</name></wpt><wpt lat="35.1140874" lon="-118.4790069"><name>278</name></wpt><wpt lat="35.1140586" lon="-118.4790058"><name>279</name></wpt><wpt lat="35.1140296" lon="-118.4790039"><name>280</name></wpt><wpt lat="35.1140007" lon="-118.4790013"><name>281</name></wpt><wpt lat="35.1139719" lon="-118.4789994"><name>282</name></wpt><wpt lat="35.1139434" lon="-118.4789973"><name>283</name></wpt><wpt lat="35.1139153" lon="-118.4789948"><name>284</name></wpt><wpt lat="35.1138872" lon="-118.4789922"><name>285</name></wpt><wpt lat="35.1138588" lon="-118.4789894"><name>286</name></wpt><wpt lat="35.1138305" lon="-118.4789866"><name>287</name></wpt><wpt lat="35.1138022" lon="-118.4789836"><name>288</name></wpt><wpt lat="35.1137739" lon="-118.4789804"><name>289</name></wpt><wpt lat="35.1137453" lon="-118.4789773"><name>290</name></wpt><wpt lat="35.1137168" lon="-118.4789739"><name>291</name></wpt><wpt lat="35.1136883" lon="-118.4789703"><name>292</name></wpt><wpt lat="35.1136595" lon="-118.4789666"><name>293</name></wpt><wpt lat="35.1136312" lon="-118.4789632"><name>294</name></wpt><wpt lat="35.1136031" lon="-118.47896"><name>295</name></wpt><wpt lat="35.1135749" lon="-118.4789574"><name>296</name></wpt><wpt lat="35.1135465" lon="-118.4789543"><name>297</name></wpt><wpt lat="35.1135183" lon="-118.4789512"><name>298</name></wpt><wpt lat="35.1134907" lon="-118.4789485"><name>299</name></wpt><wpt lat="35.113463" lon="-118.4789459"><name>300</name></wpt><wpt lat="35.1134354" lon="-118.4789438"><name>301</name></wpt><wpt lat="35.113408" lon="-118.4789416"><name>302</name></wpt><wpt lat="35.1133808" lon="-118.4789393"><name>303</name></wpt><wpt lat="35.1133536" lon="-118.478937"><name>304</name></wpt><wpt lat="35.1133261" lon="-118.4789348"><name>305</name></wpt><wpt lat="35.1132986" lon="-118.4789331"><name>306</name></wpt><wpt lat="35.1132712" lon="-118.4789317"><name>307</name></wpt><wpt lat="35.1132438" lon="-118.4789307"><name>308</name></wpt><wpt lat="35.1132163" lon="-118.4789303"><name>309</name></wpt><wpt lat="35.1131891" lon="-118.4789301"><name>310</name></wpt><wpt lat="35.1131618" lon="-118.47893"><name>311</name></wpt><wpt lat="35.1131345" lon="-118.4789304"><name>312</name></wpt><wpt lat="35.1131073" lon="-118.4789313"><name>313</name></wpt><wpt lat="35.11308" lon="-118.4789321"><name>314</name></wpt><wpt lat="35.1130526" lon="-118.4789331"><name>315</name></wpt><wpt lat="35.1130251" lon="-118.4789342"><name>316</name></wpt><wpt lat="35.1129978" lon="-118.4789358"><name>317</name></wpt><wpt lat="35.1129709" lon="-118.4789375"><name>318</name></wpt><wpt lat="35.1129436" lon="-118.4789391"><name>319</name></wpt><wpt lat="35.1129169" lon="-118.4789408"><name>320</name></wpt><wpt lat="35.1128903" lon="-118.4789422"><name>321</name></wpt><wpt lat="35.1128631" lon="-118.4789439"><name>322</name></wpt><wpt lat="35.1128358" lon="-118.4789452"><name>323</name></wpt><wpt lat="35.1128085" lon="-118.4789464"><name>324</name></wpt><wpt lat="35.112781" lon="-118.4789481"><name>325</name></wpt><wpt lat="35.1127531" lon="-118.4789495"><name>326</name></wpt><wpt lat="35.112725" lon="-118.4789507"><name>327</name></wpt><wpt lat="35.1126693" lon="-118.4789479"><name>328</name></wpt><wpt lat="35.1126408" lon="-118.4789422"><name>329</name></wpt><wpt lat="35.1126124" lon="-118.4789326"><name>330</name></wpt><wpt lat="35.1125836" lon="-118.4789189"><name>331</name></wpt><wpt lat="35.1125554" lon="-118.4789015"><name>332</name></wpt><wpt lat="35.1125283" lon="-118.4788801"><name>333</name></wpt><wpt lat="35.1125021" lon="-118.4788566"><name>334</name></wpt><wpt lat="35.1124768" lon="-118.4788305"><name>335</name></wpt><wpt lat="35.1124525" lon="-118.478801"><name>336</name></wpt><wpt lat="35.1124301" lon="-118.4787684"><name>337</name></wpt><wpt lat="35.1124093" lon="-118.4787332"><name>338</name></wpt><wpt lat="35.1123909" lon="-118.4786953"><name>339</name></wpt><wpt lat="35.1123757" lon="-118.4786551"><name>340</name></wpt><wpt lat="35.1123637" lon="-118.478613"><name>341</name></wpt><wpt lat="35.1123554" lon="-118.4785691"><name>342</name></wpt><wpt lat="35.1123501" lon="-118.478525"><name>343</name></wpt><wpt lat="35.1123484" lon="-118.4784801"><name>344</name></wpt><wpt lat="35.1123527" lon="-118.4784353"><name>345</name></wpt><wpt lat="35.1123606" lon="-118.4783914"><name>346</name></wpt><wpt lat="35.1123719" lon="-118.4783481"><name>347</name></wpt><wpt lat="35.1123871" lon="-118.4783061"><name>348</name></wpt><wpt lat="35.1124049" lon="-118.4782657"><name>349</name></wpt><wpt lat="35.1124263" lon="-118.4782278"><name>350</name></wpt><wpt lat="35.1124509" lon="-118.4781934"><name>351</name></wpt><wpt lat="35.1124785" lon="-118.4781632"><name>352</name></wpt><wpt lat="35.1125083" lon="-118.4781361"><name>353</name></wpt><wpt lat="35.1125392" lon="-118.4781108"><name>354</name></wpt><wpt lat="35.1125716" lon="-118.4780879"><name>355</name></wpt><wpt lat="35.112605" lon="-118.4780676"><name>356</name></wpt><wpt lat="35.1126391" lon="-118.4780501"><name>357</name></wpt><wpt lat="35.1126738" lon="-118.4780378"><name>358</name></wpt><wpt lat="35.112709" lon="-118.4780306"><name>359</name></wpt><wpt lat="35.1127441" lon="-118.4780268"><name>360</name></wpt><wpt lat="35.1127783" lon="-118.4780258"><name>361</name></wpt><wpt lat="35.1128114" lon="-118.4780282"><name>362</name></wpt><wpt lat="35.1128444" lon="-118.4780322"><name>363</name></wpt><wpt lat="35.1128772" lon="-118.4780368"><name>364</name></wpt><wpt lat="35.1129094" lon="-118.4780431"><name>365</name></wpt><wpt lat="35.1129398" lon="-118.4780508"><name>366</name></wpt><wpt lat="35.1129691" lon="-118.4780593"><name>367</name></wpt><wpt lat="35.1129976" lon="-118.4780683"><name>368</name></wpt><wpt lat="35.1130255" lon="-118.4780782"><name>369</name></wpt><wpt lat="35.1130529" lon="-118.478089"><name>370</name></wpt><wpt lat="35.1130796" lon="-118.4781002"><name>371</name></wpt><wpt lat="35.1131056" lon="-118.4781118"><name>372</name></wpt><wpt lat="35.1131315" lon="-118.4781231"><name>373</name></wpt><wpt lat="35.1131577" lon="-118.4781345"><name>374</name></wpt><wpt lat="35.1131832" lon="-118.4781451"><name>375</name></wpt><wpt lat="35.1132083" lon="-118.4781557"><name>376</name></wpt><wpt lat="35.1132339" lon="-118.4781666"><name>377</name></wpt><wpt lat="35.1132593" lon="-118.478176"><name>378</name></wpt><wpt lat="35.1132843" lon="-118.4781846"><name>379</name></wpt><wpt lat="35.1133095" lon="-118.4781932"><name>380</name></wpt><wpt lat="35.1133343" lon="-118.478201"><name>381</name></wpt><wpt lat="35.1133594" lon="-118.4782086"><name>382</name></wpt><wpt lat="35.1133845" lon="-118.4782149"><name>383</name></wpt><wpt lat="35.11341" lon="-118.4782206"><name>384</name></wpt><wpt lat="35.1134359" lon="-118.4782256"><name>385</name></wpt><wpt lat="35.1134615" lon="-118.4782305"><name>386</name></wpt><wpt lat="35.1134872" lon="-118.4782352"><name>387</name></wpt><wpt lat="35.1135135" lon="-118.4782394"><name>388</name></wpt><wpt lat="35.1135399" lon="-118.478243"><name>389</name></wpt><wpt lat="35.1135664" lon="-118.4782461"><name>390</name></wpt><wpt lat="35.1135928" lon="-118.4782474"><name>391</name></wpt><wpt lat="35.1136193" lon="-118.4782488"><name>392</name></wpt><wpt lat="35.1136459" lon="-118.4782505"><name>393</name></wpt><wpt lat="35.1136724" lon="-118.4782512"><name>394</name></wpt><wpt lat="35.1136993" lon="-118.4782513"><name>395</name></wpt><wpt lat="35.1137261" lon="-118.4782501"><name>396</name></wpt><wpt lat="35.113753" lon="-118.4782484"><name>397</name></wpt><wpt lat="35.1137793" lon="-118.4782458"><name>398</name></wpt><wpt lat="35.1138058" lon="-118.4782429"><name>399</name></wpt><wpt lat="35.1138327" lon="-118.4782383"><name>400</name></wpt><wpt lat="35.1138591" lon="-118.4782325"><name>401</name></wpt><wpt lat="35.1138852" lon="-118.4782266"><name>402</name></wpt><wpt lat="35.1139119" lon="-118.4782181"><name>403</name></wpt><wpt lat="35.1139396" lon="-118.4782064"><name>404</name></wpt><wpt lat="35.113967" lon="-118.4781917"><name>405</name></wpt><wpt lat="35.113994" lon="-118.478175"><name>406</name></wpt><wpt lat="35.1140201" lon="-118.4781538"><name>407</name></wpt><wpt lat="35.1140447" lon="-118.4781294"><name>408</name></wpt><wpt lat="35.1140681" lon="-118.478103"><name>409</name></wpt><wpt lat="35.1140904" lon="-118.4780742"><name>410</name></wpt><wpt lat="35.1141114" lon="-118.4780432"><name>411</name></wpt><wpt lat="35.1141305" lon="-118.4780094"><name>412</name></wpt><wpt lat="35.1141476" lon="-118.477973"><name>413</name></wpt><wpt lat="35.1141623" lon="-118.4779347"><name>414</name></wpt><wpt lat="35.1141754" lon="-118.4778948"><name>415</name></wpt><wpt lat="35.1141871" lon="-118.4778531"><name>416</name></wpt><wpt lat="35.1141961" lon="-118.4778104"><name>417</name></wpt><wpt lat="35.1142014" lon="-118.4777663"><name>418</name></wpt><wpt lat="35.1142037" lon="-118.4777214"><name>419</name></wpt><wpt lat="35.1142031" lon="-118.477676"><name>420</name></wpt><wpt lat="35.1141994" lon="-118.4776309"><name>421</name></wpt><wpt lat="35.1141916" lon="-118.4775832"><name>422</name></wpt><wpt lat="35.1141815" lon="-118.4775391"><name>423</name></wpt><wpt lat="35.1141681" lon="-118.4774977"><name>424</name></wpt><wpt lat="35.1141521" lon="-118.4774593"><name>425</name></wpt><wpt lat="35.1141337" lon="-118.4774239"><name>426</name></wpt><wpt lat="35.1141135" lon="-118.477391"><name>427</name></wpt><wpt lat="35.1140916" lon="-118.4773611"><name>428</name></wpt><wpt lat="35.1140674" lon="-118.4773344"><name>429</name></wpt><wpt lat="35.1140415" lon="-118.477311"><name>430</name></wpt><wpt lat="35.1140134" lon="-118.4772906"><name>431</name></wpt><wpt lat="35.1139858" lon="-118.4772728"><name>432</name></wpt><wpt lat="35.1139586" lon="-118.4772578"><name>433</name></wpt><wpt lat="35.113931" lon="-118.4772453"><name>434</name></wpt><wpt lat="35.1139036" lon="-118.4772346"><name>435</name></wpt><wpt lat="35.1138766" lon="-118.4772245"><name>436</name></wpt><wpt lat="35.1138495" lon="-118.4772154"><name>437</name></wpt><wpt lat="35.1138221" lon="-118.4772084"><name>438</name></wpt><wpt lat="35.1137939" lon="-118.4772028"><name>439</name></wpt><wpt lat="35.1137652" lon="-118.4771984"><name>440</name></wpt><wpt lat="35.1137361" lon="-118.4771957"><name>441</name></wpt><wpt lat="35.1137064" lon="-118.4771946"><name>442</name></wpt><wpt lat="35.1136485" lon="-118.4771947"><name>443</name></wpt><wpt lat="35.1136201" lon="-118.4771955"><name>444</name></wpt><wpt lat="35.1135913" lon="-118.477196"><name>445</name></wpt><wpt lat="35.1135617" lon="-118.4771968"><name>446</name></wpt><wpt lat="35.1135315" lon="-118.4771975"><name>447</name></wpt><wpt lat="35.1135018" lon="-118.477198"><name>448</name></wpt><wpt lat="35.1134727" lon="-118.4771983"><name>449</name></wpt><wpt lat="35.1134153" lon="-118.477198"><name>450</name></wpt><wpt lat="35.1133866" lon="-118.4771969"><name>451</name></wpt><wpt lat="35.1133584" lon="-118.4771956"><name>452</name></wpt><wpt lat="35.1133299" lon="-118.4771944"><name>453</name></wpt><wpt lat="35.1133003" lon="-118.4771929"><name>454</name></wpt><wpt lat="35.1132709" lon="-118.4771916"><name>455</name></wpt><wpt lat="35.1132414" lon="-118.4771907"><name>456</name></wpt><wpt lat="35.1132122" lon="-118.4771903"><name>457</name></wpt><wpt lat="35.1131831" lon="-118.4771898"><name>458</name></wpt><wpt lat="35.1131539" lon="-118.4771892"><name>459</name></wpt><wpt lat="35.1131252" lon="-118.4771893"><name>460</name></wpt><wpt lat="35.1130979" lon="-118.4771903"><name>461</name></wpt><wpt lat="35.1130703" lon="-118.4771921"><name>462</name></wpt><wpt lat="35.1130423" lon="-118.4771946"><name>463</name></wpt><wpt lat="35.1130152" lon="-118.4771977"><name>464</name></wpt><wpt lat="35.1129884" lon="-118.4772011"><name>465</name></wpt><wpt lat="35.112962" lon="-118.4772051"><name>466</name></wpt><wpt lat="35.1129361" lon="-118.4772097"><name>467</name></wpt><wpt lat="35.1129106" lon="-118.4772148"><name>468</name></wpt><wpt lat="35.1128856" lon="-118.4772201"><name>469</name></wpt><wpt lat="35.1128609" lon="-118.4772261"><name>470</name></wpt><wpt lat="35.112837" lon="-118.4772334"><name>471</name></wpt><wpt lat="35.1128131" lon="-118.4772412"><name>472</name></wpt><wpt lat="35.1127896" lon="-118.4772485"><name>473</name></wpt><wpt lat="35.112767" lon="-118.4772565"><name>474</name></wpt><wpt lat="35.1127444" lon="-118.4772662"><name>475</name></wpt><wpt lat="35.1127217" lon="-118.4772779"><name>476</name></wpt><wpt lat="35.1126991" lon="-118.47729"><name>477</name></wpt><wpt lat="35.1126766" lon="-118.4773018"><name>478</name></wpt><wpt lat="35.1126535" lon="-118.4773141"><name>479</name></wpt><wpt lat="35.1126306" lon="-118.4773273"><name>480</name></wpt><wpt lat="35.112608" lon="-118.4773412"><name>481</name></wpt><wpt lat="35.1125854" lon="-118.4773556"><name>482</name></wpt><wpt lat="35.1125634" lon="-118.4773708"><name>483</name></wpt><wpt lat="35.1125422" lon="-118.4773872"><name>484</name></wpt><wpt lat="35.1125213" lon="-118.4774031"><name>485</name></wpt><wpt lat="35.112501" lon="-118.4774193"><name>486</name></wpt><wpt lat="35.1124817" lon="-118.4774358"><name>487</name></wpt><wpt lat="35.112462" lon="-118.4774516"><name>488</name></wpt><wpt lat="35.1124429" lon="-118.477467"><name>489</name></wpt><wpt lat="35.1124257" lon="-118.4774832"><name>490</name></wpt><wpt lat="35.1124097" lon="-118.4775002"><name>491</name></wpt><wpt lat="35.1123947" lon="-118.4775175"><name>492</name></wpt><wpt lat="35.11238" lon="-118.4775347"><name>493</name></wpt><wpt lat="35.112366" lon="-118.4775525"><name>494</name></wpt><wpt lat="35.1123528" lon="-118.4775707"><name>495</name></wpt><wpt lat="35.1123409" lon="-118.4775894"><name>496</name></wpt><wpt lat="35.1123281" lon="-118.4776066"><name>497</name></wpt><wpt lat="35.1123156" lon="-118.4776253"><name>498</name></wpt><wpt lat="35.1123043" lon="-118.4776464"><name>499</name></wpt><wpt lat="35.1122934" lon="-118.4776669"><name>500</name></wpt><wpt lat="35.1122831" lon="-118.4776871"><name>501</name></wpt><wpt lat="35.1122733" lon="-118.4777064"><name>502</name></wpt><wpt lat="35.1122642" lon="-118.4777272"><name>503</name></wpt><wpt lat="35.1122555" lon="-118.4777485"><name>504</name></wpt><wpt lat="35.1122471" lon="-118.4777688"><name>505</name></wpt><wpt lat="35.1122388" lon="-118.47779"><name>506</name></wpt><wpt lat="35.1122316" lon="-118.4778109"><name>507</name></wpt><wpt lat="35.1122247" lon="-118.4778329"><name>508</name></wpt><wpt lat="35.1122182" lon="-118.4778566"><name>509</name></wpt><wpt lat="35.1122129" lon="-118.4778801"><name>510</name></wpt><wpt lat="35.1122084" lon="-118.4779034"><name>511</name></wpt><wpt lat="35.1122022" lon="-118.4779285"><name>512</name></wpt><wpt lat="35.1121969" lon="-118.4779516"><name>513</name></wpt><wpt lat="35.1121939" lon="-118.4779751"><name>514</name></wpt><wpt lat="35.1121924" lon="-118.4779993"><name>515</name></wpt><wpt lat="35.1121906" lon="-118.4780245"><name>516</name></wpt><wpt lat="35.1121894" lon="-118.4780491"><name>517</name></wpt><wpt lat="35.1121889" lon="-118.4780741"><name>518</name></wpt><wpt lat="35.1121894" lon="-118.4780979"><name>519</name></wpt><wpt lat="35.112191" lon="-118.4781219"><name>520</name></wpt><wpt lat="35.1121938" lon="-118.4781456"><name>521</name></wpt><wpt lat="35.112197" lon="-118.478169"><name>522</name></wpt><wpt lat="35.1122003" lon="-118.4781916"><name>523</name></wpt><wpt lat="35.1122043" lon="-118.478213"><name>524</name></wpt><wpt lat="35.1122089" lon="-118.4782344"><name>525</name></wpt><wpt lat="35.112214" lon="-118.4782553"><name>526</name></wpt><wpt lat="35.1122199" lon="-118.4782761"><name>527</name></wpt><wpt lat="35.1122264" lon="-118.4782972"><name>528</name></wpt><wpt lat="35.1122332" lon="-118.4783171"><name>529</name></wpt><wpt lat="35.1122398" lon="-118.4783358"><name>530</name></wpt><wpt lat="35.1122467" lon="-118.4783557"><name>531</name></wpt><wpt lat="35.1122539" lon="-118.4783755"><name>532</name></wpt><wpt lat="35.1122611" lon="-118.4783949"><name>533</name></wpt><wpt lat="35.1122688" lon="-118.478414"><name>534</name></wpt><wpt lat="35.112277" lon="-118.4784336"><name>535</name></wpt><wpt lat="35.1122858" lon="-118.4784541"><name>536</name></wpt><wpt lat="35.1122947" lon="-118.478474"><name>537</name></wpt><wpt lat="35.1123038" lon="-118.4784921"><name>538</name></wpt><wpt lat="35.1123134" lon="-118.4785115"><name>539</name></wpt><wpt lat="35.1123233" lon="-118.4785292"><name>540</name></wpt><wpt lat="35.1123338" lon="-118.4785473"><name>541</name></wpt><wpt lat="35.1123448" lon="-118.4785643"><name>542</name></wpt><wpt lat="35.1123562" lon="-118.4785807"><name>543</name></wpt><wpt lat="35.1123677" lon="-118.4785964"><name>544</name></wpt><wpt lat="35.1123797" lon="-118.4786113"><name>545</name></wpt><wpt lat="35.1123919" lon="-118.4786263"><name>546</name></wpt><wpt lat="35.1124049" lon="-118.4786409"><name>547</name></wpt><wpt lat="35.1124189" lon="-118.4786549"><name>548</name></wpt><wpt lat="35.1124331" lon="-118.4786679"><name>549</name></wpt><wpt lat="35.1124476" lon="-118.4786816"><name>550</name></wpt><wpt lat="35.1124621" lon="-118.4786935"><name>551</name></wpt><wpt lat="35.1124775" lon="-118.4787061"><name>552</name></wpt><wpt lat="35.1124936" lon="-118.4787182"><name>553</name></wpt><wpt lat="35.1125093" lon="-118.4787286"><name>554</name></wpt><wpt lat="35.1125255" lon="-118.478739"><name>555</name></wpt><wpt lat="35.1125418" lon="-118.4787485"><name>556</name></wpt><wpt lat="35.1125589" lon="-118.478758"><name>557</name></wpt><wpt lat="35.1125766" lon="-118.4787669"><name>558</name></wpt><wpt lat="35.1125942" lon="-118.4787758"><name>559</name></wpt><wpt lat="35.1126126" lon="-118.4787854"><name>560</name></wpt><wpt lat="35.1126315" lon="-118.4787939"><name>561</name></wpt><wpt lat="35.1126497" lon="-118.4788001"><name>562</name></wpt><wpt lat="35.1126682" lon="-118.4788069"><name>563</name></wpt><wpt lat="35.1126872" lon="-118.4788153"><name>564</name></wpt><wpt lat="35.1127066" lon="-118.4788244"><name>565</name></wpt><wpt lat="35.112727" lon="-118.478834"><name>566</name></wpt><wpt lat="35.1127478" lon="-118.4788422"><name>567</name></wpt><wpt lat="35.1127686" lon="-118.4788494"><name>568</name></wpt><wpt lat="35.1127906" lon="-118.4788583"><name>569</name></wpt><wpt lat="35.1128135" lon="-118.478865"><name>570</name></wpt><wpt lat="35.1128373" lon="-118.4788721"><name>571</name></wpt><wpt lat="35.1128611" lon="-118.4788774"><name>572</name></wpt><wpt lat="35.1128857" lon="-118.4788801"><name>573</name></wpt><wpt lat="35.1129114" lon="-118.478881"><name>574</name></wpt><wpt lat="35.1129379" lon="-118.4788795"><name>575</name></wpt><wpt lat="35.1129647" lon="-118.4788772"><name>576</name></wpt><wpt lat="35.1129913" lon="-118.4788734"><name>577</name></wpt><wpt lat="35.1130176" lon="-118.4788666"><name>578</name></wpt><wpt lat="35.1130441" lon="-118.478858"><name>579</name></wpt><wpt lat="35.1130714" lon="-118.4788492"><name>580</name></wpt><wpt lat="35.1130986" lon="-118.4788386"><name>581</name></wpt><wpt lat="35.1131258" lon="-118.478826"><name>582</name></wpt><wpt lat="35.1131533" lon="-118.4788116"><name>583</name></wpt><wpt lat="35.1131814" lon="-118.4787966"><name>584</name></wpt><wpt lat="35.1132086" lon="-118.478779"><name>585</name></wpt><wpt lat="35.1132361" lon="-118.4787605"><name>586</name></wpt><wpt lat="35.1132627" lon="-118.4787376"><name>587</name></wpt><wpt lat="35.1132885" lon="-118.4787127"><name>588</name></wpt><wpt lat="35.1133135" lon="-118.4786857"><name>589</name></wpt><wpt lat="35.1133381" lon="-118.4786583"><name>590</name></wpt><wpt lat="35.113361" lon="-118.4786278"><name>591</name></wpt><wpt lat="35.1133829" lon="-118.4785948"><name>592</name></wpt><wpt lat="35.1134056" lon="-118.4785628"><name>593</name></wpt><wpt lat="35.1134271" lon="-118.4785283"><name>594</name></wpt><wpt lat="35.1134469" lon="-118.4784923"><name>595</name></wpt><wpt lat="35.1134645" lon="-118.4784519"><name>596</name></wpt><wpt lat="35.1134808" lon="-118.4784108"><name>597</name></wpt><wpt lat="35.1134954" lon="-118.4783672"><name>598</name></wpt><wpt lat="35.1135082" lon="-118.4783224"><name>599</name></wpt><wpt lat="35.1135188" lon="-118.4782766"><name>600</name></wpt><wpt lat="35.1135275" lon="-118.47823"><name>601</name></wpt><wpt lat="35.1135332" lon="-118.4781819"><name>602</name></wpt><wpt lat="35.1135361" lon="-118.478134"><name>603</name></wpt><wpt lat="35.1135366" lon="-118.4780859"><name>604</name></wpt><wpt lat="35.1135346" lon="-118.4780382"><name>605</name></wpt><wpt lat="35.1135304" lon="-118.4779915"><name>606</name></wpt><wpt lat="35.1135239" lon="-118.4779453"><name>607</name></wpt><wpt lat="35.1135146" lon="-118.4779001"><name>608</name></wpt><wpt lat="35.1135027" lon="-118.4778572"><name>609</name></wpt><wpt lat="35.1134885" lon="-118.4778157"><name>610</name></wpt><wpt lat="35.1134726" lon="-118.4777761"><name>611</name></wpt><wpt lat="35.1134554" lon="-118.4777376"><name>612</name></wpt><wpt lat="35.113437" lon="-118.4777002"><name>613</name></wpt><wpt lat="35.1134181" lon="-118.4776642"><name>614</name></wpt><wpt lat="35.1133975" lon="-118.477629"><name>615</name></wpt><wpt lat="35.1133763" lon="-118.4775952"><name>616</name></wpt><wpt lat="35.1133547" lon="-118.4775634"><name>617</name></wpt><wpt lat="35.1133315" lon="-118.4775325"><name>618</name></wpt><wpt lat="35.1133083" lon="-118.4775023"><name>619</name></wpt><wpt lat="35.1132848" lon="-118.4774738"><name>620</name></wpt><wpt lat="35.1132594" lon="-118.4774473"><name>621</name></wpt><wpt lat="35.1132334" lon="-118.4774227"><name>622</name></wpt><wpt lat="35.1132071" lon="-118.4774004"><name>623</name></wpt><wpt lat="35.1131803" lon="-118.4773805"><name>624</name></wpt><wpt lat="35.1131532" lon="-118.4773627"><name>625</name></wpt><wpt lat="35.1131257" lon="-118.4773473"><name>626</name></wpt><wpt lat="35.1130979" lon="-118.4773337"><name>627</name></wpt><wpt lat="35.1130703" lon="-118.4773216"><name>628</name></wpt><wpt lat="35.1130425" lon="-118.4773103"><name>629</name></wpt><wpt lat="35.1130145" lon="-118.4772999"><name>630</name></wpt><wpt lat="35.1129864" lon="-118.4772901"><name>631</name></wpt><wpt lat="35.1129585" lon="-118.4772814"><name>632</name></wpt><wpt lat="35.1129315" lon="-118.4772749"><name>633</name></wpt><wpt lat="35.1129048" lon="-118.4772702"><name>634</name></wpt><wpt lat="35.1128783" lon="-118.4772669"><name>635</name></wpt><wpt lat="35.1128517" lon="-118.4772651"><name>636</name></wpt><wpt lat="35.1128255" lon="-118.4772641"><name>637</name></wpt><wpt lat="35.1128" lon="-118.4772639"><name>638</name></wpt><wpt lat="35.1127742" lon="-118.4772649"><name>639</name></wpt><wpt lat="35.1127489" lon="-118.4772671"><name>640</name></wpt><wpt lat="35.1127241" lon="-118.4772696"><name>641</name></wpt><wpt lat="35.1126998" lon="-118.4772727"><name>642</name></wpt><wpt lat="35.1126766" lon="-118.4772774"><name>643</name></wpt><wpt lat="35.112654" lon="-118.4772834"><name>644</name></wpt><wpt lat="35.1126319" lon="-118.4772902"><name>645</name></wpt><wpt lat="35.1126107" lon="-118.4772981"><name>646</name></wpt><wpt lat="35.1125903" lon="-118.4773073"><name>647</name></wpt><wpt lat="35.112571" lon="-118.4773166"><name>648</name></wpt><wpt lat="35.1125526" lon="-118.477326"><name>649</name></wpt><wpt lat="35.1125348" lon="-118.4773357"><name>650</name></wpt><wpt lat="35.1125173" lon="-118.4773459"><name>651</name></wpt><wpt lat="35.1125001" lon="-118.4773565"><name>652</name></wpt><wpt lat="35.1124838" lon="-118.4773673"><name>653</name></wpt><wpt lat="35.1124684" lon="-118.4773786"><name>654</name></wpt><wpt lat="35.1124537" lon="-118.4773907"><name>655</name></wpt><wpt lat="35.1124397" lon="-118.477403"><name>656</name></wpt><wpt lat="35.112426" lon="-118.4774157"><name>657</name></wpt><wpt lat="35.1124129" lon="-118.4774289"><name>658</name></wpt><wpt lat="35.1123999" lon="-118.4774422"><name>659</name></wpt><wpt lat="35.1123875" lon="-118.4774553"><name>660</name></wpt><wpt lat="35.1123757" lon="-118.4774683"><name>661</name></wpt><wpt lat="35.1123641" lon="-118.4774824"><name>662</name></wpt><wpt lat="35.1123525" lon="-118.4774967"><name>663</name></wpt><wpt lat="35.1123414" lon="-118.4775117"><name>664</name></wpt><wpt lat="35.1123303" lon="-118.4775274"><name>665</name></wpt><wpt lat="35.1123191" lon="-118.477543"><name>666</name></wpt><wpt lat="35.1123081" lon="-118.4775597"><name>667</name></wpt><wpt lat="35.1122974" lon="-118.4775773"><name>668</name></wpt><wpt lat="35.1122879" lon="-118.4775953"><name>669</name></wpt><wpt lat="35.1122796" lon="-118.477614"><name>670</name></wpt><wpt lat="35.1122717" lon="-118.4776335"><name>671</name></wpt><wpt lat="35.1122639" lon="-118.4776532"><name>672</name></wpt><wpt lat="35.1122578" lon="-118.4776736"><name>673</name></wpt><wpt lat="35.1122538" lon="-118.477696"><name>674</name></wpt><wpt lat="35.1122511" lon="-118.4777178"><name>675</name></wpt><wpt lat="35.1122492" lon="-118.4777403"><name>676</name></wpt><wpt lat="35.1122479" lon="-118.4777636"><name>677</name></wpt><wpt lat="35.1122486" lon="-118.4777882"><name>678</name></wpt><wpt lat="35.1122502" lon="-118.4778108"><name>679</name></wpt><wpt lat="35.1122513" lon="-118.4778331"><name>680</name></wpt><wpt lat="35.1122523" lon="-118.4778552"><name>681</name></wpt><wpt lat="35.1122534" lon="-118.4778776"><name>682</name></wpt><wpt lat="35.1122541" lon="-118.4779012"><name>683</name></wpt><wpt lat="35.1122544" lon="-118.4779238"><name>684</name></wpt><wpt lat="35.1122554" lon="-118.4779455"><name>685</name></wpt><wpt lat="35.1122561" lon="-118.4779704"><name>686</name></wpt><wpt lat="35.112256" lon="-118.4779939"><name>687</name></wpt><wpt lat="35.1122559" lon="-118.4780181"><name>688</name></wpt><wpt lat="35.1122557" lon="-118.4780655"><name>689</name></wpt><wpt lat="35.1122552" lon="-118.4780922"><name>690</name></wpt><wpt lat="35.112255" lon="-118.4781153"><name>691</name></wpt><wpt lat="35.1122542" lon="-118.4781373"><name>692</name></wpt><wpt lat="35.1122535" lon="-118.47816"><name>693</name></wpt><wpt lat="35.1122528" lon="-118.4781825"><name>694</name></wpt><wpt lat="35.1122515" lon="-118.4782029"><name>695</name></wpt><wpt lat="35.1122494" lon="-118.4782273"><name>696</name></wpt><wpt lat="35.1122466" lon="-118.478253"><name>697</name></wpt><wpt lat="35.112245" lon="-118.4782755"><name>698</name></wpt><wpt lat="35.1122454" lon="-118.4783161"><name>699</name></wpt><wpt lat="35.1122467" lon="-118.4783377"><name>700</name></wpt><wpt lat="35.1122492" lon="-118.4783599"><name>701</name></wpt><wpt lat="35.1122537" lon="-118.4783821"><name>702</name></wpt><wpt lat="35.1122598" lon="-118.478405"><name>703</name></wpt><wpt lat="35.1122681" lon="-118.4784263"><name>704</name></wpt><wpt lat="35.1122786" lon="-118.4784494"><name>705</name></wpt><wpt lat="35.1122912" lon="-118.4784703"><name>706</name></wpt><wpt lat="35.1123054" lon="-118.4784891"><name>707</name></wpt><wpt lat="35.1123194" lon="-118.4785055"><name>708</name></wpt><wpt lat="35.1123327" lon="-118.478522"><name>709</name></wpt><wpt lat="35.1123467" lon="-118.4785376"><name>710</name></wpt><wpt lat="35.1123613" lon="-118.4785533"><name>711</name></wpt><wpt lat="35.1123752" lon="-118.4785693"><name>712</name></wpt><wpt lat="35.1123894" lon="-118.4785846"><name>713</name></wpt><wpt lat="35.112404" lon="-118.4786007"><name>714</name></wpt><wpt lat="35.1124183" lon="-118.4786167"><name>715</name></wpt><wpt lat="35.1124325" lon="-118.4786332"><name>716</name></wpt><wpt lat="35.1124473" lon="-118.4786495"><name>717</name></wpt><wpt lat="35.112463" lon="-118.4786652"><name>718</name></wpt><wpt lat="35.1124792" lon="-118.4786808"><name>719</name></wpt><wpt lat="35.1124958" lon="-118.4786978"><name>720</name></wpt><wpt lat="35.1125125" lon="-118.4787136"><name>721</name></wpt><wpt lat="35.1125299" lon="-118.4787281"><name>722</name></wpt><wpt lat="35.1125482" lon="-118.4787422"><name>723</name></wpt><wpt lat="35.1125674" lon="-118.4787555"><name>724</name></wpt><wpt lat="35.1125871" lon="-118.4787679"><name>725</name></wpt><wpt lat="35.1126069" lon="-118.4787799"><name>726</name></wpt><wpt lat="35.1126272" lon="-118.4787918"><name>727</name></wpt><wpt lat="35.1126483" lon="-118.4788028"><name>728</name></wpt><wpt lat="35.1126705" lon="-118.4788132"><name>729</name></wpt><wpt lat="35.112693" lon="-118.4788229"><name>730</name></wpt><wpt lat="35.1127163" lon="-118.478833"><name>731</name></wpt><wpt lat="35.1127403" lon="-118.4788426"><name>732</name></wpt><wpt lat="35.1127653" lon="-118.4788511"><name>733</name></wpt><wpt lat="35.1127907" lon="-118.4788606"><name>734</name></wpt><wpt lat="35.1128158" lon="-118.4788685"><name>735</name></wpt><wpt lat="35.1128423" lon="-118.4788742"><name>736</name></wpt><wpt lat="35.1128691" lon="-118.4788771"><name>737</name></wpt><wpt lat="35.1128962" lon="-118.4788782"><name>738</name></wpt><wpt lat="35.1129239" lon="-118.4788765"><name>739</name></wpt><wpt lat="35.1129509" lon="-118.4788742"><name>740</name></wpt><wpt lat="35.1129778" lon="-118.4788709"><name>741</name></wpt><wpt lat="35.1130054" lon="-118.4788651"><name>742</name></wpt><wpt lat="35.1130327" lon="-118.4788573"><name>743</name></wpt><wpt lat="35.1130604" lon="-118.4788486"><name>744</name></wpt><wpt lat="35.113088" lon="-118.478838"><name>745</name></wpt><wpt lat="35.1131158" lon="-118.478826"><name>746</name></wpt><wpt lat="35.1131436" lon="-118.4788117"><name>747</name></wpt><wpt lat="35.1131712" lon="-118.4787952"><name>748</name></wpt><wpt lat="35.1131988" lon="-118.4787769"><name>749</name></wpt><wpt lat="35.1132264" lon="-118.4787565"><name>750</name></wpt><wpt lat="35.1132536" lon="-118.4787346"><name>751</name></wpt><wpt lat="35.1132808" lon="-118.4787113"><name>752</name></wpt><wpt lat="35.1133074" lon="-118.4786884"><name>753</name></wpt><wpt lat="35.1133326" lon="-118.4786646"><name>754</name></wpt><wpt lat="35.1133572" lon="-118.4786388"><name>755</name></wpt><wpt lat="35.1133816" lon="-118.4786094"><name>756</name></wpt><wpt lat="35.1134061" lon="-118.4785792"><name>757</name></wpt><wpt lat="35.1134301" lon="-118.4785469"><name>758</name></wpt><wpt lat="35.1134531" lon="-118.4785131"><name>759</name></wpt><wpt lat="35.1134744" lon="-118.4784749"><name>760</name></wpt><wpt lat="35.1134938" lon="-118.4784352"><name>761</name></wpt><wpt lat="35.1135104" lon="-118.4783932"><name>762</name></wpt><wpt lat="35.1135241" lon="-118.4783499"><name>763</name></wpt><wpt lat="35.1135357" lon="-118.4783068"><name>764</name></wpt><wpt lat="35.113545" lon="-118.4782619"><name>765</name></wpt><wpt lat="35.1135513" lon="-118.4782152"><name>766</name></wpt><wpt lat="35.1135547" lon="-118.4781685"><name>767</name></wpt><wpt lat="35.113555" lon="-118.4781202"><name>768</name></wpt><wpt lat="35.1135525" lon="-118.4780716"><name>769</name></wpt><wpt lat="35.1135476" lon="-118.4780242"><name>770</name></wpt><wpt lat="35.1135413" lon="-118.4779781"><name>771</name></wpt><wpt lat="35.1135321" lon="-118.4779331"><name>772</name></wpt><wpt lat="35.1135196" lon="-118.4778899"><name>773</name></wpt><wpt lat="35.1135048" lon="-118.4778486"><name>774</name></wpt><wpt lat="35.1134885" lon="-118.4778096"><name>775</name></wpt><wpt lat="35.1134709" lon="-118.4777723"><name>776</name></wpt><wpt lat="35.1134528" lon="-118.4777362"><name>777</name></wpt><wpt lat="35.1134341" lon="-118.4777001"><name>778</name></wpt><wpt lat="35.113415" lon="-118.4776651"><name>779</name></wpt><wpt lat="35.1133952" lon="-118.4776305"><name>780</name></wpt><wpt lat="35.1133742" lon="-118.4775974"><name>781</name></wpt><wpt lat="35.113352" lon="-118.4775666"><name>782</name></wpt><wpt lat="35.1133285" lon="-118.4775375"><name>783</name></wpt><wpt lat="35.1133046" lon="-118.4775096"><name>784</name></wpt><wpt lat="35.1132804" lon="-118.4774841"><name>785</name></wpt><wpt lat="35.1132558" lon="-118.4774612"><name>786</name></wpt><wpt lat="35.1132308" lon="-118.4774411"><name>787</name></wpt><wpt lat="35.1132058" lon="-118.4774232"><name>788</name></wpt><wpt lat="35.1131811" lon="-118.4774063"><name>789</name></wpt><wpt lat="35.1131565" lon="-118.4773898"><name>790</name></wpt><wpt lat="35.113132" lon="-118.4773738"><name>791</name></wpt><wpt lat="35.1131076" lon="-118.4773593"><name>792</name></wpt><wpt lat="35.1130818" lon="-118.4773467"><name>793</name></wpt><wpt lat="35.1130552" lon="-118.477335"><name>794</name></wpt><wpt lat="35.1130279" lon="-118.4773238"><name>795</name></wpt><wpt lat="35.1130006" lon="-118.4773125"><name>796</name></wpt><wpt lat="35.1129734" lon="-118.4773022"><name>797</name></wpt><wpt lat="35.1129464" lon="-118.4772947"><name>798</name></wpt><wpt lat="35.1129194" lon="-118.4772892"><name>799</name></wpt><wpt lat="35.1128921" lon="-118.4772852"><name>800</name></wpt><wpt lat="35.1128656" lon="-118.4772827"><name>801</name></wpt><wpt lat="35.1128402" lon="-118.4772819"><name>802</name></wpt><wpt lat="35.1128157" lon="-118.4772827"><name>803</name></wpt><wpt lat="35.112792" lon="-118.4772846"><name>804</name></wpt><wpt lat="35.1127686" lon="-118.4772871"><name>805</name></wpt><wpt lat="35.1127449" lon="-118.4772894"><name>806</name></wpt><wpt lat="35.1127209" lon="-118.4772915"><name>807</name></wpt><wpt lat="35.1126978" lon="-118.4772944"><name>808</name></wpt><wpt lat="35.1126752" lon="-118.4772985"><name>809</name></wpt><wpt lat="35.112653" lon="-118.4773031"><name>810</name></wpt><wpt lat="35.1126315" lon="-118.4773094"><name>811</name></wpt><wpt lat="35.1126106" lon="-118.4773174"><name>812</name></wpt><wpt lat="35.1125904" lon="-118.4773268"><name>813</name></wpt><wpt lat="35.112571" lon="-118.4773365"><name>814</name></wpt><wpt lat="35.1125512" lon="-118.4773454"><name>815</name></wpt><wpt lat="35.1125319" lon="-118.4773538"><name>816</name></wpt><wpt lat="35.1125128" lon="-118.4773628"><name>817</name></wpt><wpt lat="35.1124932" lon="-118.4773713"><name>818</name></wpt><wpt lat="35.1124743" lon="-118.4773801"><name>819</name></wpt><wpt lat="35.1124564" lon="-118.4773903"><name>820</name></wpt><wpt lat="35.1124403" lon="-118.477402"><name>821</name></wpt><wpt lat="35.1124257" lon="-118.4774153"><name>822</name></wpt><wpt lat="35.1124124" lon="-118.4774296"><name>823</name></wpt><wpt lat="35.1123997" lon="-118.4774442"><name>824</name></wpt><wpt lat="35.1123885" lon="-118.4774607"><name>825</name></wpt><wpt lat="35.1123827" lon="-118.4774813"><name>826</name></wpt><wpt lat="35.1123803" lon="-118.4775029"><name>827</name></wpt><wpt lat="35.1123785" lon="-118.477524"><name>828</name></wpt><wpt lat="35.1123795" lon="-118.4775452"><name>829</name></wpt><wpt lat="35.1123851" lon="-118.4775669"><name>830</name></wpt><wpt lat="35.1123949" lon="-118.4775865"><name>831</name></wpt><wpt lat="35.112406" lon="-118.477608"><name>832</name></wpt><wpt lat="35.1124191" lon="-118.4776271"><name>833</name></wpt><wpt lat="35.1124342" lon="-118.477646"><name>834</name></wpt><wpt lat="35.1124494" lon="-118.4776643"><name>835</name></wpt><wpt lat="35.1124639" lon="-118.4776833"><name>836</name></wpt><wpt lat="35.1124787" lon="-118.4777025"><name>837</name></wpt><wpt lat="35.1124939" lon="-118.4777215"><name>838</name></wpt><wpt lat="35.1125092" lon="-118.4777414"><name>839</name></wpt><wpt lat="35.1125237" lon="-118.4777612"><name>840</name></wpt><wpt lat="35.1125385" lon="-118.4777805"><name>841</name></wpt><wpt lat="35.112553" lon="-118.4777997"><name>842</name></wpt><wpt lat="35.1125658" lon="-118.4778171"><name>843</name></wpt><wpt lat="35.1125794" lon="-118.4778355"><name>844</name></wpt><wpt lat="35.1125932" lon="-118.4778536"><name>845</name></wpt><wpt lat="35.1126063" lon="-118.4778733"><name>846</name></wpt><wpt lat="35.1126193" lon="-118.4778933"><name>847</name></wpt><wpt lat="35.1126323" lon="-118.4779135"><name>848</name></wpt><wpt lat="35.1126452" lon="-118.4779334"><name>849</name></wpt><wpt lat="35.1126583" lon="-118.4779535"><name>850</name></wpt><wpt lat="35.1126714" lon="-118.4779754"><name>851</name></wpt><wpt lat="35.112684" lon="-118.4779967"><name>852</name></wpt><wpt lat="35.1126965" lon="-118.4780182"><name>853</name></wpt><wpt lat="35.1127086" lon="-118.4780399"><name>854</name></wpt><wpt lat="35.1127202" lon="-118.4780615"><name>855</name></wpt><wpt lat="35.1127318" lon="-118.4780834"><name>856</name></wpt><wpt lat="35.1127433" lon="-118.4781025"><name>857</name></wpt><wpt lat="35.1127561" lon="-118.478123"><name>858</name></wpt><wpt lat="35.1127678" lon="-118.4781433"><name>859</name></wpt><wpt lat="35.1127783" lon="-118.4781638"><name>860</name></wpt><wpt lat="35.112788" lon="-118.4781847"><name>861</name></wpt><wpt lat="35.1127962" lon="-118.4782052"><name>862</name></wpt><wpt lat="35.112802" lon="-118.4782262"><name>863</name></wpt><wpt lat="35.1128043" lon="-118.4782466"><name>864</name></wpt><wpt lat="35.112803" lon="-118.4782661"><name>865</name></wpt><wpt lat="35.1127982" lon="-118.4782855"><name>866</name></wpt><wpt lat="35.1127893" lon="-118.4783042"><name>867</name></wpt><wpt lat="35.1127764" lon="-118.4783203"><name>868</name></wpt><wpt lat="35.1127602" lon="-118.4783353"><name>869</name></wpt><wpt lat="35.1127408" lon="-118.4783477"><name>870</name></wpt><wpt lat="35.1127183" lon="-118.4783571"><name>871</name></wpt><wpt lat="35.1126938" lon="-118.4783629"><name>872</name></wpt><wpt lat="35.1126686" lon="-118.478366"><name>873</name></wpt><wpt lat="35.1126423" lon="-118.4783646"><name>874</name></wpt><wpt lat="35.1126158" lon="-118.4783576"><name>875</name></wpt><wpt lat="35.1125907" lon="-118.4783433"><name>876</name></wpt><wpt lat="35.1125666" lon="-118.4783227"><name>877</name></wpt><wpt lat="35.1125444" lon="-118.4782968"><name>878</name></wpt><wpt lat="35.1125259" lon="-118.4782653"><name>879</name></wpt><wpt lat="35.11251" lon="-118.4782314"><name>880</name></wpt><wpt lat="35.1124976" lon="-118.4781932"><name>881</name></wpt><wpt lat="35.1124893" lon="-118.4781528"><name>882</name></wpt><wpt lat="35.1124842" lon="-118.4781111"><name>883</name></wpt><wpt lat="35.1124802" lon="-118.4780684"><name>884</name></wpt><wpt lat="35.1124781" lon="-118.4780256"><name>885</name></wpt><wpt lat="35.1124777" lon="-118.4779826"><name>886</name></wpt><wpt lat="35.1124792" lon="-118.4779387"><name>887</name></wpt><wpt lat="35.1124825" lon="-118.4778949"><name>888</name></wpt><wpt lat="35.112487" lon="-118.4778506"><name>889</name></wpt><wpt lat="35.1124925" lon="-118.4778061"><name>890</name></wpt><wpt lat="35.1124983" lon="-118.4777612"><name>891</name></wpt><wpt lat="35.1125041" lon="-118.4777163"><name>892</name></wpt><wpt lat="35.1125118" lon="-118.4776722"><name>893</name></wpt><wpt lat="35.1125222" lon="-118.4776284"><name>894</name></wpt><wpt lat="35.1125355" lon="-118.4775856"><name>895</name></wpt><wpt lat="35.1125517" lon="-118.4775448"><name>896</name></wpt><wpt lat="35.1125715" lon="-118.4775071"><name>897</name></wpt><wpt lat="35.112594" lon="-118.4774725"><name>898</name></wpt><wpt lat="35.1126185" lon="-118.4774411"><name>899</name></wpt><wpt lat="35.1126447" lon="-118.4774127"><name>900</name></wpt><wpt lat="35.1126718" lon="-118.4773888"><name>901</name></wpt><wpt lat="35.1126993" lon="-118.4773715"><name>902</name></wpt><wpt lat="35.1127273" lon="-118.4773579"><name>903</name></wpt><wpt lat="35.1127555" lon="-118.477348"><name>904</name></wpt><wpt lat="35.1127838" lon="-118.4773406"><name>905</name></wpt><wpt lat="35.1128124" lon="-118.4773349"><name>906</name></wpt><wpt lat="35.1128409" lon="-118.4773312"><name>907</name></wpt><wpt lat="35.1128693" lon="-118.477327"><name>908</name></wpt><wpt lat="35.1128972" lon="-118.4773255"><name>909</name></wpt><wpt lat="35.1129246" lon="-118.4773271"><name>910</name></wpt><wpt lat="35.1129513" lon="-118.4773328"><name>911</name></wpt><wpt lat="35.1129769" lon="-118.477342"><name>912</name></wpt><wpt lat="35.1130009" lon="-118.4773535"><name>913</name></wpt><wpt lat="35.1130226" lon="-118.4773677"><name>914</name></wpt><wpt lat="35.1130423" lon="-118.4773852"><name>915</name></wpt><wpt lat="35.1130598" lon="-118.4774057"><name>916</name></wpt><wpt lat="35.1130743" lon="-118.4774273"><name>917</name></wpt><wpt lat="35.1130856" lon="-118.4774509"><name>918</name></wpt><wpt lat="35.1130944" lon="-118.4774746"><name>919</name></wpt><wpt lat="35.1131034" lon="-118.4774993"><name>920</name></wpt><wpt lat="35.1131113" lon="-118.4775237"><name>921</name></wpt><wpt lat="35.1131175" lon="-118.4775491"><name>922</name></wpt><wpt lat="35.1131218" lon="-118.4775751"><name>923</name></wpt><wpt lat="35.1131235" lon="-118.4776013"><name>924</name></wpt><wpt lat="35.1131226" lon="-118.4776278"><name>925</name></wpt><wpt lat="35.1131196" lon="-118.4776541"><name>926</name></wpt><wpt lat="35.1131143" lon="-118.4776807"><name>927</name></wpt><wpt lat="35.1131076" lon="-118.4777068"><name>928</name></wpt><wpt lat="35.1131003" lon="-118.4777338"><name>929</name></wpt><wpt lat="35.1130923" lon="-118.4777595"><name>930</name></wpt><wpt lat="35.1130838" lon="-118.4777839"><name>931</name></wpt><wpt lat="35.1130749" lon="-118.4778083"><name>932</name></wpt><wpt lat="35.1130656" lon="-118.477831"><name>933</name></wpt><wpt lat="35.1130573" lon="-118.4778518"><name>934</name></wpt><wpt lat="35.1130495" lon="-118.4778712"><name>935</name></wpt><wpt lat="35.1130419" lon="-118.4778896"><name>936</name></wpt><wpt lat="35.1130355" lon="-118.4779081"><name>937</name></wpt><wpt lat="35.1130297" lon="-118.4779253"><name>938</name></wpt><wpt lat="35.113024" lon="-118.4779403"><name>939</name></wpt><wpt lat="35.113019" lon="-118.4779541"><name>940</name></wpt><wpt lat="35.1130143" lon="-118.4779662"><name>941</name></wpt><wpt lat="35.1130094" lon="-118.4779777"><name>942</name></wpt><wpt lat="35.1130054" lon="-118.4779882"><name>943</name></wpt><wpt lat="35.1130021" lon="-118.477998"><name>944</name></wpt><wpt lat="35.1129987" lon="-118.4780071"><name>945</name></wpt><wpt lat="35.1129959" lon="-118.4780163"><name>946</name></wpt><wpt lat="35.1129935" lon="-118.4780248"><name>947</name></wpt><wpt lat="35.1129916" lon="-118.4780336"><name>948</name></wpt><wpt lat="35.1129896" lon="-118.4780422"><name>949</name></wpt><wpt lat="35.1129878" lon="-118.4780508"><name>950</name></wpt><wpt lat="35.1129862" lon="-118.4780584"><name>951</name></wpt><wpt lat="35.1129847" lon="-118.4780666"><name>952</name></wpt><wpt lat="35.1129828" lon="-118.4780746"><name>953</name></wpt><wpt lat="35.1129805" lon="-118.478082"><name>954</name></wpt><wpt lat="35.1129781" lon="-118.4780892"><name>955</name></wpt><wpt lat="35.1129765" lon="-118.4780952"><name>956</name></wpt><wpt lat="35.1129748" lon="-118.4781008"><name>957</name></wpt><wpt lat="35.1129727" lon="-118.4781083"><name>958</name></wpt><wpt lat="35.1129706" lon="-118.4781139"><name>959</name></wpt><wpt lat="35.1129685" lon="-118.4781195"><name>960</name></wpt><wpt lat="35.112966" lon="-118.478125"><name>961</name></wpt><wpt lat="35.1129631" lon="-118.4781293"><name>962</name></wpt><wpt lat="35.1129605" lon="-118.478134"><name>963</name></wpt><wpt lat="35.1129579" lon="-118.4781387"><name>964</name></wpt><wpt lat="35.112955" lon="-118.4781442"><name>965</name></wpt><wpt lat="35.1129524" lon="-118.4781492"><name>966</name></wpt><wpt lat="35.1129508" lon="-118.4781538"><name>967</name></wpt><wpt lat="35.1129503" lon="-118.478158"><name>968</name></wpt><wpt lat="35.1129497" lon="-118.4781631"><name>969</name></wpt><wpt lat="35.112949" lon="-118.4781676"><name>970</name></wpt><wpt lat="35.1129491" lon="-118.478173"><name>971</name></wpt><wpt lat="35.1129502" lon="-118.4781775"><name>972</name></wpt><wpt lat="35.112952" lon="-118.4781804"><name>973</name></wpt><wpt lat="35.1129544" lon="-118.4781844"><name>974</name></wpt><wpt lat="35.1129576" lon="-118.4781876"><name>975</name></wpt><wpt lat="35.1129612" lon="-118.4781909"><name>976</name></wpt><wpt lat="35.1129651" lon="-118.4781944"><name>977</name></wpt><wpt lat="35.1129695" lon="-118.4781963"><name>978</name></wpt><wpt lat="35.1129741" lon="-118.4781991"><name>979</name></wpt><wpt lat="35.1129783" lon="-118.4782007"><name>980</name></wpt><wpt lat="35.1129817" lon="-118.4782055"><name>981</name></wpt><wpt lat="35.1129846" lon="-118.4782099"><name>982</name></wpt><wpt lat="35.1129875" lon="-118.4782151"><name>983</name></wpt><wpt lat="35.1129902" lon="-118.4782206"><name>984</name></wpt><wpt lat="35.112992" lon="-118.4782278"><name>985</name></wpt><wpt lat="35.1129931" lon="-118.4782338"><name>986</name></wpt><wpt lat="35.1129935" lon="-118.4782414"><name>987</name></wpt><wpt lat="35.112994" lon="-118.4782481"><name>988</name></wpt><wpt lat="35.1129949" lon="-118.4782554"><name>989</name></wpt><wpt lat="35.112996" lon="-118.4782639"><name>990</name></wpt><wpt lat="35.1129963" lon="-118.4782728"><name>991</name></wpt><wpt lat="35.1129946" lon="-118.4782828"><name>992</name></wpt><wpt lat="35.1129911" lon="-118.4782908"><name>993</name></wpt><wpt lat="35.1129868" lon="-118.4782993"><name>994</name></wpt><wpt lat="35.1129819" lon="-118.4783075"><name>995</name></wpt><wpt lat="35.1129771" lon="-118.4783155"><name>996</name></wpt><wpt lat="35.1129714" lon="-118.4783261"><name>997</name></wpt><wpt lat="35.1129651" lon="-118.4783368"><name>998</name></wpt><wpt lat="35.1129581" lon="-118.478347"><name>999</name></wpt><wpt lat="35.1129515" lon="-118.4783565"><name>1000</name></wpt><wpt lat="35.1129447" lon="-118.4783675"><name>1001</name></wpt><wpt lat="35.1129377" lon="-118.4783791"><name>1002</name></wpt><wpt lat="35.1129308" lon="-118.4783928"><name>1003</name></wpt><wpt lat="35.1129246" lon="-118.4784013"><name>1004</name></wpt><wpt lat="35.1129176" lon="-118.4784108"><name>1005</name></wpt><wpt lat="35.1129104" lon="-118.4784251"><name>1006</name></wpt><wpt lat="35.1129032" lon="-118.4784403"><name>1007</name></wpt><wpt lat="35.1128959" lon="-118.4784549"><name>1008</name></wpt><wpt lat="35.1128895" lon="-118.4784691"><name>1009</name></wpt><wpt lat="35.1128831" lon="-118.4784858"><name>1010</name></wpt><wpt lat="35.1128766" lon="-118.478501"><name>1011</name></wpt><wpt lat="35.1128713" lon="-118.4785165"><name>1012</name></wpt><wpt lat="35.1128672" lon="-118.4785328"><name>1013</name></wpt><wpt lat="35.1128641" lon="-118.4785453"><name>1014</name></wpt><wpt lat="35.1128613" lon="-118.4785599"><name>1015</name></wpt><wpt lat="35.1128576" lon="-118.4785751"><name>1016</name></wpt><wpt lat="35.112854" lon="-118.4785904"><name>1017</name></wpt><wpt lat="35.1128508" lon="-118.4786064"><name>1018</name></wpt><wpt lat="35.1128485" lon="-118.478623"><name>1019</name></wpt><wpt lat="35.1128458" lon="-118.4786394"><name>1020</name></wpt><wpt lat="35.1128426" lon="-118.4786563"><name>1021</name></wpt><wpt lat="35.1128391" lon="-118.4786745"><name>1022</name></wpt><wpt lat="35.1128358" lon="-118.4786927"><name>1023</name></wpt><wpt lat="35.1128319" lon="-118.4787106"><name>1024</name></wpt><wpt lat="35.1128268" lon="-118.4787279"><name>1025</name></wpt><wpt lat="35.1128213" lon="-118.4787439"><name>1026</name></wpt><wpt lat="35.1128147" lon="-118.4787578"><name>1027</name></wpt><wpt lat="35.1128072" lon="-118.478771"><name>1028</name></wpt><wpt lat="35.1127989" lon="-118.4787844"><name>1029</name></wpt><wpt lat="35.1127894" lon="-118.4787972"><name>1030</name></wpt><wpt lat="35.1127784" lon="-118.4788089"><name>1031</name></wpt><wpt lat="35.1127666" lon="-118.4788187"><name>1032</name></wpt><wpt lat="35.1127537" lon="-118.4788283"><name>1033</name></wpt><wpt lat="35.1127395" lon="-118.4788359"><name>1034</name></wpt><wpt lat="35.1127248" lon="-118.4788435"><name>1035</name></wpt><wpt lat="35.1127093" lon="-118.4788485"><name>1036</name></wpt><wpt lat="35.1126935" lon="-118.4788504"><name>1037</name></wpt><wpt lat="35.1126771" lon="-118.4788519"><name>1038</name></wpt><wpt lat="35.1126596" lon="-118.4788523"><name>1039</name></wpt><wpt lat="35.1126428" lon="-118.4788493"><name>1040</name></wpt><wpt lat="35.1126256" lon="-118.478846"><name>1041</name></wpt><wpt lat="35.1126077" lon="-118.4788403"><name>1042</name></wpt><wpt lat="35.11259" lon="-118.4788315"><name>1043</name></wpt><wpt lat="35.112572" lon="-118.4788218"><name>1044</name></wpt><wpt lat="35.1125543" lon="-118.4788092"><name>1045</name></wpt><wpt lat="35.1125366" lon="-118.4787934"><name>1046</name></wpt><wpt lat="35.112518" lon="-118.4787757"><name>1047</name></wpt><wpt lat="35.1125028" lon="-118.4787551"><name>1048</name></wpt><wpt lat="35.1124881" lon="-118.4787306"><name>1049</name></wpt><wpt lat="35.1124746" lon="-118.4787021"><name>1050</name></wpt><wpt lat="35.1124643" lon="-118.4786715"><name>1051</name></wpt><wpt lat="35.1124557" lon="-118.478639"><name>1052</name></wpt><wpt lat="35.1124479" lon="-118.4786053"><name>1053</name></wpt><wpt lat="35.1124413" lon="-118.4785709"><name>1054</name></wpt><wpt lat="35.1124372" lon="-118.4785354"><name>1055</name></wpt><wpt lat="35.1124354" lon="-118.4784988"><name>1056</name></wpt><wpt lat="35.1124373" lon="-118.4784255"><name>1057</name></wpt><wpt lat="35.1124394" lon="-118.4783881"><name>1058</name></wpt><wpt lat="35.1124412" lon="-118.478349"><name>1059</name></wpt><wpt lat="35.1124434" lon="-118.4783087"><name>1060</name></wpt><wpt lat="35.1124458" lon="-118.4782672"><name>1061</name></wpt><wpt lat="35.1124491" lon="-118.4782242"><name>1062</name></wpt><wpt lat="35.1124523" lon="-118.4781811"><name>1063</name></wpt><wpt lat="35.1124554" lon="-118.4781376"><name>1064</name></wpt><wpt lat="35.1124585" lon="-118.4780934"><name>1065</name></wpt><wpt lat="35.1124613" lon="-118.4780491"><name>1066</name></wpt><wpt lat="35.1124644" lon="-118.4780042"><name>1067</name></wpt><wpt lat="35.1124679" lon="-118.4779594"><name>1068</name></wpt><wpt lat="35.1124727" lon="-118.4779146"><name>1069</name></wpt><wpt lat="35.1124794" lon="-118.4778693"><name>1070</name></wpt><wpt lat="35.1124873" lon="-118.477824"><name>1071</name></wpt><wpt lat="35.1124967" lon="-118.4777803"><name>1072</name></wpt><wpt lat="35.1125094" lon="-118.4777383"><name>1073</name></wpt><wpt lat="35.1125256" lon="-118.4776985"><name>1074</name></wpt><wpt lat="35.1125451" lon="-118.4776609"><name>1075</name></wpt><wpt lat="35.112568" lon="-118.477627"><name>1076</name></wpt><wpt lat="35.1125935" lon="-118.4775989"><name>1077</name></wpt><wpt lat="35.1126198" lon="-118.4775761"><name>1078</name></wpt><wpt lat="35.1126468" lon="-118.4775554"><name>1079</name></wpt><wpt lat="35.1126744" lon="-118.4775379"><name>1080</name></wpt><wpt lat="35.1127021" lon="-118.4775259"><name>1081</name></wpt><wpt lat="35.1127288" lon="-118.4775185"><name>1082</name></wpt><wpt lat="35.1127547" lon="-118.4775155"><name>1083</name></wpt><wpt lat="35.1127798" lon="-118.477517"><name>1084</name></wpt><wpt lat="35.1128025" lon="-118.4775227"><name>1085</name></wpt><wpt lat="35.1128229" lon="-118.4775329"><name>1086</name></wpt><wpt lat="35.1128406" lon="-118.4775455"><name>1087</name></wpt><wpt lat="35.1128543" lon="-118.4775612"><name>1088</name></wpt><wpt lat="35.1128641" lon="-118.4775793"><name>1089</name></wpt><wpt lat="35.1128709" lon="-118.4775984"><name>1090</name></wpt><wpt lat="35.1128743" lon="-118.4776183"><name>1091</name></wpt><wpt lat="35.1128735" lon="-118.477638"><name>1092</name></wpt><wpt lat="35.1128688" lon="-118.4776577"><name>1093</name></wpt><wpt lat="35.112862" lon="-118.4776759"><name>1094</name></wpt><wpt lat="35.1128546" lon="-118.4776925"><name>1095</name></wpt><wpt lat="35.1128462" lon="-118.4777096"><name>1096</name></wpt><wpt lat="35.1128371" lon="-118.4777242"><name>1097</name></wpt><wpt lat="35.1128285" lon="-118.4777424"><name>1098</name></wpt><wpt lat="35.1128194" lon="-118.47776"><name>1099</name></wpt><wpt lat="35.1128099" lon="-118.477778"><name>1100</name></wpt><wpt lat="35.1128" lon="-118.4777952"><name>1101</name></wpt><wpt lat="35.1127901" lon="-118.4778128"><name>1102</name></wpt><wpt lat="35.1127798" lon="-118.477831"><name>1103</name></wpt><wpt lat="35.1127693" lon="-118.4778509"><name>1104</name></wpt><wpt lat="35.1127582" lon="-118.4778687"><name>1105</name></wpt><wpt lat="35.1127461" lon="-118.4778873"><name>1106</name></wpt><wpt lat="35.1127339" lon="-118.4779071"><name>1107</name></wpt><wpt lat="35.112722" lon="-118.4779265"><name>1108</name></wpt><wpt lat="35.1127106" lon="-118.477947"><name>1109</name></wpt><wpt lat="35.1127" lon="-118.4779653"><name>1110</name></wpt><wpt lat="35.1126915" lon="-118.4779857"><name>1111</name></wpt><wpt lat="35.1126854" lon="-118.4780057"><name>1112</name></wpt><wpt lat="35.1126807" lon="-118.4780288"><name>1113</name></wpt><wpt lat="35.1126777" lon="-118.4780517"><name>1114</name></wpt><wpt lat="35.1126772" lon="-118.4780742"><name>1115</name></wpt><wpt lat="35.1126793" lon="-118.4780973"><name>1116</name></wpt><wpt lat="35.1126839" lon="-118.4781207"><name>1117</name></wpt><wpt lat="35.1126924" lon="-118.4781434"><name>1118</name></wpt><wpt lat="35.1127043" lon="-118.4781653"><name>1119</name></wpt><wpt lat="35.1127188" lon="-118.4781844"><name>1120</name></wpt><wpt lat="35.1127367" lon="-118.478201"><name>1121</name></wpt><wpt lat="35.1127578" lon="-118.4782135"><name>1122</name></wpt><wpt lat="35.1127795" lon="-118.4782229"><name>1123</name></wpt><wpt lat="35.1128" lon="-118.4782337"><name>1124</name></wpt><wpt lat="35.1128224" lon="-118.4782426"><name>1125</name></wpt><wpt lat="35.112846" lon="-118.4782496"><name>1126</name></wpt><wpt lat="35.1128696" lon="-118.4782567"><name>1127</name></wpt><wpt lat="35.1128939" lon="-118.4782628"><name>1128</name></wpt><wpt lat="35.1129186" lon="-118.4782693"><name>1129</name></wpt><wpt lat="35.1129435" lon="-118.4782741"><name>1130</name></wpt><wpt lat="35.1129679" lon="-118.4782796"><name>1131</name></wpt><wpt lat="35.1129924" lon="-118.4782849"><name>1132</name></wpt><wpt lat="35.1130163" lon="-118.478289"><name>1133</name></wpt><wpt lat="35.1130402" lon="-118.4782938"><name>1134</name></wpt><wpt lat="35.1130636" lon="-118.4782996"><name>1135</name></wpt><wpt lat="35.1130863" lon="-118.4783047"><name>1136</name></wpt><wpt lat="35.1131094" lon="-118.478311"><name>1137</name></wpt><wpt lat="35.113133" lon="-118.478317"><name>1138</name></wpt><wpt lat="35.1131563" lon="-118.4783242"><name>1139</name></wpt><wpt lat="35.1131786" lon="-118.4783317"><name>1140</name></wpt><wpt lat="35.1131996" lon="-118.47834"><name>1141</name></wpt><wpt lat="35.1132196" lon="-118.4783499"><name>1142</name></wpt><wpt lat="35.1132383" lon="-118.4783588"><name>1143</name></wpt><wpt lat="35.1132563" lon="-118.4783677"><name>1144</name></wpt><wpt lat="35.1132737" lon="-118.478378"><name>1145</name></wpt><wpt lat="35.1132893" lon="-118.4783903"><name>1146</name></wpt><wpt lat="35.1133037" lon="-118.4784044"><name>1147</name></wpt><wpt lat="35.1133174" lon="-118.4784187"><name>1148</name></wpt><wpt lat="35.1133304" lon="-118.4784335"><name>1149</name></wpt><wpt lat="35.113342" lon="-118.4784453"><name>1150</name></wpt><wpt lat="35.1133532" lon="-118.4784604"><name>1151</name></wpt><wpt lat="35.113364" lon="-118.4784749"><name>1152</name></wpt><wpt lat="35.1133741" lon="-118.4784893"><name>1153</name></wpt><wpt lat="35.1133836" lon="-118.4785042"><name>1154</name></wpt><wpt lat="35.1133929" lon="-118.4785197"><name>1155</name></wpt><wpt lat="35.1134016" lon="-118.4785339"><name>1156</name></wpt><wpt lat="35.1134096" lon="-118.478548"><name>1157</name></wpt><wpt lat="35.1134173" lon="-118.4785633"><name>1158</name></wpt><wpt lat="35.1134245" lon="-118.4785786"><name>1159</name></wpt><wpt lat="35.1134301" lon="-118.4785889"><name>1160</name></wpt><wpt lat="35.1134365" lon="-118.4786045"><name>1161</name></wpt><wpt lat="35.1134438" lon="-118.47862"><name>1162</name></wpt><wpt lat="35.1134532" lon="-118.4786341"><name>1163</name></wpt><wpt lat="35.113465" lon="-118.4786474"><name>1164</name></wpt><wpt lat="35.1134781" lon="-118.4786589"><name>1165</name></wpt><wpt lat="35.1134919" lon="-118.4786658"><name>1166</name></wpt><wpt lat="35.1135081" lon="-118.4786729"><name>1167</name></wpt><wpt lat="35.1135261" lon="-118.4786761"><name>1168</name></wpt><wpt lat="35.1135457" lon="-118.4786773"><name>1169</name></wpt><wpt lat="35.1135668" lon="-118.4786771"><name>1170</name></wpt><wpt lat="35.1135886" lon="-118.4786729"><name>1171</name></wpt><wpt lat="35.1136106" lon="-118.4786674"><name>1172</name></wpt><wpt lat="35.1136328" lon="-118.478657"><name>1173</name></wpt><wpt lat="35.1136551" lon="-118.4786441"><name>1174</name></wpt><wpt lat="35.1136772" lon="-118.47863"><name>1175</name></wpt><wpt lat="35.1136996" lon="-118.4786123"><name>1176</name></wpt><wpt lat="35.1137217" lon="-118.4785914"><name>1177</name></wpt><wpt lat="35.1137431" lon="-118.4785681"><name>1178</name></wpt><wpt lat="35.1137637" lon="-118.4785419"><name>1179</name></wpt><wpt lat="35.1137838" lon="-118.4785143"><name>1180</name></wpt><wpt lat="35.1138032" lon="-118.4784839"><name>1181</name></wpt><wpt lat="35.1138218" lon="-118.4784521"><name>1182</name></wpt><wpt lat="35.1138392" lon="-118.478419"><name>1183</name></wpt><wpt lat="35.1138549" lon="-118.4783834"><name>1184</name></wpt><wpt lat="35.1138688" lon="-118.4783463"><name>1185</name></wpt><wpt lat="35.1138814" lon="-118.4783085"><name>1186</name></wpt><wpt lat="35.1138924" lon="-118.47827"><name>1187</name></wpt><wpt lat="35.1139021" lon="-118.4782313"><name>1188</name></wpt><wpt lat="35.1139099" lon="-118.4781902"><name>1189</name></wpt><wpt lat="35.1139155" lon="-118.4781486"><name>1190</name></wpt><wpt lat="35.1139192" lon="-118.478106"><name>1191</name></wpt><wpt lat="35.1139212" lon="-118.478063"><name>1192</name></wpt><wpt lat="35.1139213" lon="-118.4780197"><name>1193</name></wpt><wpt lat="35.1139198" lon="-118.4779771"><name>1194</name></wpt><wpt lat="35.1139166" lon="-118.477933"><name>1195</name></wpt><wpt lat="35.1139117" lon="-118.4778903"><name>1196</name></wpt><wpt lat="35.1139046" lon="-118.477848"><name>1197</name></wpt><wpt lat="35.1138953" lon="-118.4778063"><name>1198</name></wpt><wpt lat="35.1138836" lon="-118.4777655"><name>1199</name></wpt><wpt lat="35.1138695" lon="-118.4777268"><name>1200</name></wpt><wpt lat="35.1138524" lon="-118.4776908"><name>1201</name></wpt><wpt lat="35.1138333" lon="-118.4776573"><name>1202</name></wpt><wpt lat="35.113814" lon="-118.4776252"><name>1203</name></wpt><wpt lat="35.1137937" lon="-118.4775947"><name>1204</name></wpt><wpt lat="35.1137715" lon="-118.4775676"><name>1205</name></wpt><wpt lat="35.1137489" lon="-118.4775441"><name>1206</name></wpt><wpt lat="35.1137265" lon="-118.4775229"><name>1207</name></wpt><wpt lat="35.1137035" lon="-118.477503"><name>1208</name></wpt><wpt lat="35.1136811" lon="-118.4774828"><name>1209</name></wpt><wpt lat="35.1136585" lon="-118.4774629"><name>1210</name></wpt><wpt lat="35.1136353" lon="-118.4774427"><name>1211</name></wpt><wpt lat="35.1136118" lon="-118.4774222"><name>1212</name></wpt><wpt lat="35.1135877" lon="-118.477401"><name>1213</name></wpt><wpt lat="35.1135629" lon="-118.4773791"><name>1214</name></wpt><wpt lat="35.113537" lon="-118.4773576"><name>1215</name></wpt><wpt lat="35.1135105" lon="-118.4773377"><name>1216</name></wpt><wpt lat="35.1134837" lon="-118.4773188"><name>1217</name></wpt><wpt lat="35.1134569" lon="-118.4773004"><name>1218</name></wpt><wpt lat="35.1134303" lon="-118.4772828"><name>1219</name></wpt><wpt lat="35.1134033" lon="-118.4772665"><name>1220</name></wpt><wpt lat="35.1133761" lon="-118.4772513"><name>1221</name></wpt><wpt lat="35.1133488" lon="-118.4772375"><name>1222</name></wpt><wpt lat="35.1133215" lon="-118.4772249"><name>1223</name></wpt><wpt lat="35.1132942" lon="-118.477214"><name>1224</name></wpt><wpt lat="35.1132667" lon="-118.4772047"><name>1225</name></wpt><wpt lat="35.113239" lon="-118.4771965"><name>1226</name></wpt><wpt lat="35.1132114" lon="-118.4771896"><name>1227</name></wpt><wpt lat="35.1131834" lon="-118.4771839"><name>1228</name></wpt><wpt lat="35.1131555" lon="-118.4771793"><name>1229</name></wpt><wpt lat="35.1131276" lon="-118.4771759"><name>1230</name></wpt><wpt lat="35.1130996" lon="-118.4771737"><name>1231</name></wpt><wpt lat="35.1130718" lon="-118.4771724"><name>1232</name></wpt><wpt lat="35.113044" lon="-118.4771719"><name>1233</name></wpt><wpt lat="35.1130165" lon="-118.477172"><name>1234</name></wpt><wpt lat="35.1129892" lon="-118.4771731"><name>1235</name></wpt><wpt lat="35.1129624" lon="-118.4771753"><name>1236</name></wpt><wpt lat="35.1129361" lon="-118.4771779"><name>1237</name></wpt><wpt lat="35.1129105" lon="-118.477181"><name>1238</name></wpt><wpt lat="35.1128848" lon="-118.4771842"><name>1239</name></wpt><wpt lat="35.1128595" lon="-118.477188"><name>1240</name></wpt><wpt lat="35.1128345" lon="-118.4771928"><name>1241</name></wpt><wpt lat="35.1128097" lon="-118.4771982"><name>1242</name></wpt><wpt lat="35.1127853" lon="-118.4772045"><name>1243</name></wpt><wpt lat="35.1127616" lon="-118.477211"><name>1244</name></wpt><wpt lat="35.1127384" lon="-118.4772182"><name>1245</name></wpt><wpt lat="35.1127155" lon="-118.4772261"><name>1246</name></wpt><wpt lat="35.112693" lon="-118.4772348"><name>1247</name></wpt><wpt lat="35.1126711" lon="-118.4772444"><name>1248</name></wpt><wpt lat="35.1126493" lon="-118.477254"><name>1249</name></wpt><wpt lat="35.1126274" lon="-118.4772643"><name>1250</name></wpt><wpt lat="35.1126065" lon="-118.4772744"><name>1251</name></wpt><wpt lat="35.1125866" lon="-118.4772846"><name>1252</name></wpt><wpt lat="35.1125672" lon="-118.4772953"><name>1253</name></wpt><wpt lat="35.1125493" lon="-118.4773061"><name>1254</name></wpt><wpt lat="35.1125331" lon="-118.4773179"><name>1255</name></wpt><wpt lat="35.1125173" lon="-118.4773298"><name>1256</name></wpt><wpt lat="35.1125022" lon="-118.4773417"><name>1257</name></wpt><wpt lat="35.1124875" lon="-118.4773535"><name>1258</name></wpt><wpt lat="35.1124737" lon="-118.4773656"><name>1259</name></wpt><wpt lat="35.1124607" lon="-118.477378"><name>1260</name></wpt><wpt lat="35.112448" lon="-118.4773916"><name>1261</name></wpt><wpt lat="35.1124356" lon="-118.477405"><name>1262</name></wpt><wpt lat="35.1124236" lon="-118.4774181"><name>1263</name></wpt><wpt lat="35.1124122" lon="-118.4774323"><name>1264</name></wpt><wpt lat="35.1124008" lon="-118.4774465"><name>1265</name></wpt><wpt lat="35.1123889" lon="-118.477461"><name>1266</name></wpt><wpt lat="35.1123773" lon="-118.4774752"><name>1267</name></wpt><wpt lat="35.1123662" lon="-118.4774897"><name>1268</name></wpt><wpt lat="35.112356" lon="-118.477505"><name>1269</name></wpt><wpt lat="35.1123463" lon="-118.4775199"><name>1270</name></wpt><wpt lat="35.1123367" lon="-118.4775367"><name>1271</name></wpt><wpt lat="35.1123268" lon="-118.4775523"><name>1272</name></wpt><wpt lat="35.112317" lon="-118.4775683"><name>1273</name></wpt><wpt lat="35.1123081" lon="-118.477583"><name>1274</name></wpt><wpt lat="35.1123002" lon="-118.4775997"><name>1275</name></wpt><wpt lat="35.1122922" lon="-118.477617"><name>1276</name></wpt><wpt lat="35.1122846" lon="-118.4776346"><name>1277</name></wpt><wpt lat="35.1122768" lon="-118.4776524"><name>1278</name></wpt><wpt lat="35.1122682" lon="-118.4776697"><name>1279</name></wpt><wpt lat="35.1122596" lon="-118.4776879"><name>1280</name></wpt><wpt lat="35.1122512" lon="-118.4777056"><name>1281</name></wpt><wpt lat="35.1122431" lon="-118.477724"><name>1282</name></wpt><wpt lat="35.1122355" lon="-118.4777438"><name>1283</name></wpt><wpt lat="35.1122285" lon="-118.4777621"><name>1284</name></wpt><wpt lat="35.1122219" lon="-118.4777803"><name>1285</name></wpt><wpt lat="35.1122158" lon="-118.4777997"><name>1286</name></wpt><wpt lat="35.11221" lon="-118.4778193"><name>1287</name></wpt><wpt lat="35.1122052" lon="-118.4778387"><name>1288</name></wpt><wpt lat="35.1122007" lon="-118.4778577"><name>1289</name></wpt><wpt lat="35.1121966" lon="-118.4778767"><name>1290</name></wpt><wpt lat="35.1121931" lon="-118.4778947"><name>1291</name></wpt><wpt lat="35.11219" lon="-118.477912"><name>1292</name></wpt><wpt lat="35.1121877" lon="-118.4779295"><name>1293</name></wpt><wpt lat="35.1121858" lon="-118.4779477"><name>1294</name></wpt><wpt lat="35.112184" lon="-118.4779688"><name>1295</name></wpt><wpt lat="35.1121823" lon="-118.4779874"><name>1296</name></wpt><wpt lat="35.1121815" lon="-118.4780053"><name>1297</name></wpt><wpt lat="35.1121811" lon="-118.4780233"><name>1298</name></wpt><wpt lat="35.1121814" lon="-118.4780418"><name>1299</name></wpt><wpt lat="35.1121817" lon="-118.4780618"><name>1300</name></wpt><wpt lat="35.1121822" lon="-118.4780795"><name>1301</name></wpt><wpt lat="35.1121826" lon="-118.478098"><name>1302</name></wpt><wpt lat="35.1121834" lon="-118.4781173"><name>1303</name></wpt><wpt lat="35.1121848" lon="-118.4781369"><name>1304</name></wpt><wpt lat="35.112186" lon="-118.4781564"><name>1305</name></wpt><wpt lat="35.1121882" lon="-118.4781752"><name>1306</name></wpt><wpt lat="35.1121916" lon="-118.4781919"><name>1307</name></wpt><wpt lat="35.1121953" lon="-118.4782089"><name>1308</name></wpt><wpt lat="35.1121995" lon="-118.4782249"><name>1309</name></wpt><wpt lat="35.1122035" lon="-118.4782431"><name>1310</name></wpt><wpt lat="35.1122081" lon="-118.4782617"><name>1311</name></wpt><wpt lat="35.1122133" lon="-118.4782786"><name>1312</name></wpt><wpt lat="35.1122189" lon="-118.4782951"><name>1313</name></wpt><wpt lat="35.1122246" lon="-118.4783146"><name>1314</name></wpt><wpt lat="35.1122308" lon="-118.4783308"><name>1315</name></wpt><wpt lat="35.1122374" lon="-118.478348"><name>1316</name></wpt><wpt lat="35.1122439" lon="-118.4783652"><name>1317</name></wpt><wpt lat="35.112251" lon="-118.478383"><name>1318</name></wpt><wpt lat="35.1122584" lon="-118.4783997"><name>1319</name></wpt><wpt lat="35.1122656" lon="-118.4784161"><name>1320</name></wpt><wpt lat="35.1122732" lon="-118.4784328"><name>1321</name></wpt><wpt lat="35.1122815" lon="-118.4784477"><name>1322</name></wpt><wpt lat="35.1122894" lon="-118.478462"><name>1323</name></wpt><wpt lat="35.1122974" lon="-118.478477"><name>1324</name></wpt><wpt lat="35.1123057" lon="-118.4784921"><name>1325</name></wpt><wpt lat="35.1123138" lon="-118.4785063"><name>1326</name></wpt><wpt lat="35.1123219" lon="-118.4785212"><name>1327</name></wpt><wpt lat="35.1123314" lon="-118.4785375"><name>1328</name></wpt><wpt lat="35.1123415" lon="-118.4785526"><name>1329</name></wpt><wpt lat="35.1123507" lon="-118.478567"><name>1330</name></wpt><wpt lat="35.1123611" lon="-118.4785813"><name>1331</name></wpt><wpt lat="35.1123724" lon="-118.4785963"><name>1332</name></wpt><wpt lat="35.1123837" lon="-118.4786113"><name>1333</name></wpt><wpt lat="35.1123956" lon="-118.4786276"><name>1334</name></wpt><wpt lat="35.1124078" lon="-118.4786434"><name>1335</name></wpt><wpt lat="35.1124204" lon="-118.4786586"><name>1336</name></wpt><wpt lat="35.112433" lon="-118.4786732"><name>1337</name></wpt><wpt lat="35.1124461" lon="-118.4786873"><name>1338</name></wpt><wpt lat="35.1124603" lon="-118.4787015"><name>1339</name></wpt><wpt lat="35.1124745" lon="-118.4787134"><name>1340</name></wpt><wpt lat="35.1124892" lon="-118.4787262"><name>1341</name></wpt><wpt lat="35.1125043" lon="-118.4787375"><name>1342</name></wpt><wpt lat="35.1125202" lon="-118.478749"><name>1343</name></wpt><wpt lat="35.1125366" lon="-118.4787621"><name>1344</name></wpt><wpt lat="35.1125533" lon="-118.4787759"><name>1345</name></wpt><wpt lat="35.1125705" lon="-118.4787892"><name>1346</name></wpt><wpt lat="35.1125885" lon="-118.4788013"><name>1347</name></wpt><wpt lat="35.1126074" lon="-118.4788137"><name>1348</name></wpt><wpt lat="35.1126267" lon="-118.4788251"><name>1349</name></wpt><wpt lat="35.1126474" lon="-118.4788363"><name>1350</name></wpt><wpt lat="35.1126686" lon="-118.4788456"><name>1351</name></wpt><wpt lat="35.1126907" lon="-118.4788541"><name>1352</name></wpt><wpt lat="35.1127139" lon="-118.4788613"><name>1353</name></wpt><wpt lat="35.1127378" lon="-118.4788686"><name>1354</name></wpt><wpt lat="35.1127613" lon="-118.478873"><name>1355</name></wpt><wpt lat="35.1127858" lon="-118.4788771"><name>1356</name></wpt><wpt lat="35.1128108" lon="-118.4788799"><name>1357</name></wpt><wpt lat="35.1128358" lon="-118.4788811"><name>1358</name></wpt><wpt lat="35.1128611" lon="-118.4788809"><name>1359</name></wpt><wpt lat="35.112887" lon="-118.4788786"><name>1360</name></wpt><wpt lat="35.112913" lon="-118.4788747"><name>1361</name></wpt><wpt lat="35.1129389" lon="-118.4788701"><name>1362</name></wpt><wpt lat="35.1129649" lon="-118.4788644"><name>1363</name></wpt><wpt lat="35.1129916" lon="-118.4788581"><name>1364</name></wpt><wpt lat="35.1130183" lon="-118.4788503"><name>1365</name></wpt><wpt lat="35.1130452" lon="-118.4788403"><name>1366</name></wpt><wpt lat="35.1130729" lon="-118.4788291"><name>1367</name></wpt><wpt lat="35.1131008" lon="-118.4788169"><name>1368</name></wpt><wpt lat="35.1131284" lon="-118.4788035"><name>1369</name></wpt><wpt lat="35.1131557" lon="-118.4787875"><name>1370</name></wpt><wpt lat="35.113184" lon="-118.4787698"><name>1371</name></wpt><wpt lat="35.1132123" lon="-118.4787511"><name>1372</name></wpt><wpt lat="35.1132403" lon="-118.4787302"><name>1373</name></wpt><wpt lat="35.1132686" lon="-118.4787085"><name>1374</name></wpt><wpt lat="35.1132959" lon="-118.4786846"><name>1375</name></wpt><wpt lat="35.1133223" lon="-118.4786573"><name>1376</name></wpt><wpt lat="35.1133482" lon="-118.4786277"><name>1377</name></wpt><wpt lat="35.1133732" lon="-118.4785964"><name>1378</name></wpt><wpt lat="35.1133978" lon="-118.4785651"><name>1379</name></wpt><wpt lat="35.1134204" lon="-118.4785302"><name>1380</name></wpt><wpt lat="35.1134416" lon="-118.4784937"><name>1381</name></wpt><wpt lat="35.1134612" lon="-118.4784551"><name>1382</name></wpt><wpt lat="35.1134783" lon="-118.478415"><name>1383</name></wpt><wpt lat="35.1134934" lon="-118.4783738"><name>1384</name></wpt><wpt lat="35.1135063" lon="-118.4783309"><name>1385</name></wpt><wpt lat="35.1135161" lon="-118.4782865"><name>1386</name></wpt><wpt lat="35.1135234" lon="-118.478242"><name>1387</name></wpt><wpt lat="35.1135291" lon="-118.478198"><name>1388</name></wpt><wpt lat="35.1135324" lon="-118.4781545"><name>1389</name></wpt><wpt lat="35.1135333" lon="-118.4781105"><name>1390</name></wpt><wpt lat="35.1135328" lon="-118.4780665"><name>1391</name></wpt><wpt lat="35.1135301" lon="-118.4780227"><name>1392</name></wpt><wpt lat="35.1135254" lon="-118.4779797"><name>1393</name></wpt><wpt lat="35.1135187" lon="-118.4779385"><name>1394</name></wpt><wpt lat="35.1135099" lon="-118.4778984"><name>1395</name></wpt><wpt lat="35.1135005" lon="-118.4778575"><name>1396</name></wpt><wpt lat="35.11349" lon="-118.4778183"><name>1397</name></wpt><wpt lat="35.1134777" lon="-118.4777806"><name>1398</name></wpt><wpt lat="35.1134633" lon="-118.4777444"><name>1399</name></wpt><wpt lat="35.1134477" lon="-118.4777091"><name>1400</name></wpt><wpt lat="35.1134309" lon="-118.4776747"><name>1401</name></wpt><wpt lat="35.1134131" lon="-118.4776416"><name>1402</name></wpt><wpt lat="35.1133948" lon="-118.4776088"><name>1403</name></wpt><wpt lat="35.1133753" lon="-118.4775773"><name>1404</name></wpt><wpt lat="35.1133549" lon="-118.4775472"><name>1405</name></wpt><wpt lat="35.113333" lon="-118.4775185"><name>1406</name></wpt><wpt lat="35.1133104" lon="-118.4774903"><name>1407</name></wpt><wpt lat="35.1132875" lon="-118.4774636"><name>1408</name></wpt><wpt lat="35.1132636" lon="-118.4774393"><name>1409</name></wpt><wpt lat="35.113239" lon="-118.4774157"><name>1410</name></wpt><wpt lat="35.1132138" lon="-118.4773933"><name>1411</name></wpt><wpt lat="35.1131879" lon="-118.4773724"><name>1412</name></wpt><wpt lat="35.1131608" lon="-118.4773532"><name>1413</name></wpt><wpt lat="35.1131336" lon="-118.4773355"><name>1414</name></wpt><wpt lat="35.1131069" lon="-118.4773195"><name>1415</name></wpt><wpt lat="35.1130803" lon="-118.477305"><name>1416</name></wpt><wpt lat="35.1130538" lon="-118.4772924"><name>1417</name></wpt><wpt lat="35.1130277" lon="-118.4772817"><name>1418</name></wpt><wpt lat="35.1130021" lon="-118.4772724"><name>1419</name></wpt><wpt lat="35.1129765" lon="-118.4772643"><name>1420</name></wpt><wpt lat="35.1129512" lon="-118.4772574"><name>1421</name></wpt><wpt lat="35.1129261" lon="-118.4772516"><name>1422</name></wpt><wpt lat="35.1129016" lon="-118.4772472"><name>1423</name></wpt><wpt lat="35.1128774" lon="-118.4772441"><name>1424</name></wpt><wpt lat="35.1128534" lon="-118.4772419"><name>1425</name></wpt><wpt lat="35.1128302" lon="-118.4772408"><name>1426</name></wpt><wpt lat="35.1128079" lon="-118.4772409"><name>1427</name></wpt><wpt lat="35.1127863" lon="-118.477242"><name>1428</name></wpt><wpt lat="35.1127648" lon="-118.4772436"><name>1429</name></wpt><wpt lat="35.1127436" lon="-118.4772457"><name>1430</name></wpt><wpt lat="35.1127228" lon="-118.4772484"><name>1431</name></wpt><wpt lat="35.1127025" lon="-118.4772521"><name>1432</name></wpt><wpt lat="35.1126831" lon="-118.4772565"><name>1433</name></wpt><wpt lat="35.1126644" lon="-118.4772613"><name>1434</name></wpt><wpt lat="35.1126466" lon="-118.4772664"><name>1435</name></wpt><wpt lat="35.1126294" lon="-118.4772721"><name>1436</name></wpt><wpt lat="35.1126129" lon="-118.4772782"><name>1437</name></wpt><wpt lat="35.1125972" lon="-118.4772849"><name>1438</name></wpt><wpt lat="35.1125819" lon="-118.4772924"><name>1439</name></wpt><wpt lat="35.1125678" lon="-118.4772997"><name>1440</name></wpt><wpt lat="35.1125538" lon="-118.4773074"><name>1441</name></wpt><wpt lat="35.1125402" lon="-118.4773162"><name>1442</name></wpt><wpt lat="35.1125272" lon="-118.4773251"><name>1443</name></wpt><wpt lat="35.1125153" lon="-118.4773344"><name>1444</name></wpt><wpt lat="35.1125041" lon="-118.4773437"><name>1445</name></wpt><wpt lat="35.1124928" lon="-118.4773531"><name>1446</name></wpt><wpt lat="35.1124814" lon="-118.4773632"><name>1447</name></wpt><wpt lat="35.1124705" lon="-118.4773736"><name>1448</name></wpt><wpt lat="35.1124597" lon="-118.477383"><name>1449</name></wpt><wpt lat="35.1124489" lon="-118.4773922"><name>1450</name></wpt><wpt lat="35.1124384" lon="-118.4774025"><name>1451</name></wpt><wpt lat="35.112428" lon="-118.4774127"><name>1452</name></wpt><wpt lat="35.1124179" lon="-118.4774242"><name>1453</name></wpt><wpt lat="35.1124081" lon="-118.4774353"><name>1454</name></wpt><wpt lat="35.1123985" lon="-118.4774465"><name>1455</name></wpt><wpt lat="35.1123892" lon="-118.4774586"><name>1456</name></wpt><wpt lat="35.1123798" lon="-118.4774698"><name>1457</name></wpt><wpt lat="35.1123708" lon="-118.4774813"><name>1458</name></wpt><wpt lat="35.112362" lon="-118.477493"><name>1459</name></wpt><wpt lat="35.1123532" lon="-118.4775044"><name>1460</name></wpt><wpt lat="35.1123446" lon="-118.4775173"><name>1461</name></wpt><wpt lat="35.1123358" lon="-118.4775306"><name>1462</name></wpt><wpt lat="35.1123269" lon="-118.4775434"><name>1463</name></wpt><wpt lat="35.1123182" lon="-118.4775565"><name>1464</name></wpt><wpt lat="35.1123098" lon="-118.4775698"><name>1465</name></wpt><wpt lat="35.1123015" lon="-118.477584"><name>1466</name></wpt><wpt lat="35.1122933" lon="-118.4775983"><name>1467</name></wpt><wpt lat="35.1122858" lon="-118.4776114"><name>1468</name></wpt><wpt lat="35.1122787" lon="-118.4776253"><name>1469</name></wpt><wpt lat="35.112272" lon="-118.4776391"><name>1470</name></wpt><wpt lat="35.1122656" lon="-118.4776532"><name>1471</name></wpt><wpt lat="35.1122594" lon="-118.4776671"><name>1472</name></wpt><wpt lat="35.1122534" lon="-118.4776809"><name>1473</name></wpt><wpt lat="35.1122476" lon="-118.4776943"><name>1474</name></wpt><wpt lat="35.1122421" lon="-118.4777079"><name>1475</name></wpt><wpt lat="35.1122373" lon="-118.4777219"><name>1476</name></wpt><wpt lat="35.1122328" lon="-118.4777355"><name>1477</name></wpt><wpt lat="35.1122285" lon="-118.4777488"><name>1478</name></wpt><wpt lat="35.1122242" lon="-118.4777626"><name>1479</name></wpt><wpt lat="35.1122202" lon="-118.4777771"><name>1480</name></wpt><wpt lat="35.1122166" lon="-118.4777911"><name>1481</name></wpt><wpt lat="35.1122132" lon="-118.4778045"><name>1482</name></wpt><wpt lat="35.11221" lon="-118.4778184"><name>1483</name></wpt><wpt lat="35.1122071" lon="-118.4778333"><name>1484</name></wpt><wpt lat="35.1122043" lon="-118.4778479"><name>1485</name></wpt><wpt lat="35.1122019" lon="-118.477863"><name>1486</name></wpt><wpt lat="35.1121995" lon="-118.4778781"><name>1487</name></wpt><wpt lat="35.1121972" lon="-118.4778932"><name>1488</name></wpt><wpt lat="35.1121947" lon="-118.4779082"><name>1489</name></wpt><wpt lat="35.1121926" lon="-118.4779233"><name>1490</name></wpt><wpt lat="35.1121914" lon="-118.477938"><name>1491</name></wpt><wpt lat="35.1121903" lon="-118.4779539"><name>1492</name></wpt><wpt lat="35.1121886" lon="-118.4779684"><name>1493</name></wpt><wpt lat="35.1121873" lon="-118.477984"><name>1494</name></wpt><wpt lat="35.1121865" lon="-118.4780006"><name>1495</name></wpt><wpt lat="35.1121861" lon="-118.4780159"><name>1496</name></wpt><wpt lat="35.112186" lon="-118.478031"><name>1497</name></wpt><wpt lat="35.1121863" lon="-118.478045"><name>1498</name></wpt><wpt lat="35.1121869" lon="-118.4780596"><name>1499</name></wpt><wpt lat="35.1121879" lon="-118.4780739"><name>1500</name></wpt><wpt lat="35.1121887" lon="-118.4780893"><name>1501</name></wpt><wpt lat="35.1121899" lon="-118.4781041"><name>1502</name></wpt><wpt lat="35.1121913" lon="-118.4781193"><name>1503</name></wpt><wpt lat="35.1121931" lon="-118.478133"><name>1504</name></wpt><wpt lat="35.1121944" lon="-118.4781487"><name>1505</name></wpt><wpt lat="35.1121959" lon="-118.4781631"><name>1506</name></wpt><wpt lat="35.1121977" lon="-118.4781774"><name>1507</name></wpt><wpt lat="35.1121996" lon="-118.4781922"><name>1508</name></wpt><wpt lat="35.1122013" lon="-118.4782059"><name>1509</name></wpt><wpt lat="35.1122032" lon="-118.4782181"><name>1510</name></wpt><wpt lat="35.112206" lon="-118.4782326"><name>1511</name></wpt><wpt lat="35.1122079" lon="-118.4782456"><name>1512</name></wpt><wpt lat="35.1122093" lon="-118.4782601"><name>1513</name></wpt><wpt lat="35.1122123" lon="-118.4782753"><name>1514</name></wpt><wpt lat="35.1122179" lon="-118.4782911"><name>1515</name></wpt><wpt lat="35.1122252" lon="-118.4783057"><name>1516</name></wpt><wpt lat="35.1122333" lon="-118.4783213"><name>1517</name></wpt><wpt lat="35.1122432" lon="-118.478336"><name>1518</name></wpt><wpt lat="35.1122561" lon="-118.4783509"><name>1519</name></wpt><wpt lat="35.1122715" lon="-118.4783647"><name>1520</name></wpt><wpt lat="35.1122882" lon="-118.4783768"><name>1521</name></wpt><wpt lat="35.1123059" lon="-118.4783879"><name>1522</name></wpt><wpt lat="35.112324" lon="-118.4783976"><name>1523</name></wpt><wpt lat="35.1123424" lon="-118.4784077"><name>1524</name></wpt><wpt lat="35.1123612" lon="-118.4784169"><name>1525</name></wpt><wpt lat="35.1123802" lon="-118.4784256"><name>1526</name></wpt><wpt lat="35.1123995" lon="-118.4784353"><name>1527</name></wpt><wpt lat="35.1124197" lon="-118.4784452"><name>1528</name></wpt><wpt lat="35.1124406" lon="-118.478455"><name>1529</name></wpt><wpt lat="35.1124619" lon="-118.478465"><name>1530</name></wpt><wpt lat="35.112484" lon="-118.4784747"><name>1531</name></wpt><wpt lat="35.1125072" lon="-118.4784834"><name>1532</name></wpt><wpt lat="35.1125313" lon="-118.4784911"><name>1533</name></wpt><wpt lat="35.1125564" lon="-118.4784968"><name>1534</name></wpt><wpt lat="35.1125831" lon="-118.4785014"><name>1535</name></wpt><wpt lat="35.1126108" lon="-118.478502"><name>1536</name></wpt><wpt lat="35.1126399" lon="-118.4784995"><name>1537</name></wpt><wpt lat="35.1126696" lon="-118.4784932"><name>1538</name></wpt><wpt lat="35.1126989" lon="-118.4784844"><name>1539</name></wpt><wpt lat="35.1127283" lon="-118.4784729"><name>1540</name></wpt><wpt lat="35.1127582" lon="-118.4784584"><name>1541</name></wpt><wpt lat="35.112788" lon="-118.4784406"><name>1542</name></wpt><wpt lat="35.1128174" lon="-118.4784198"><name>1543</name></wpt><wpt lat="35.1128454" lon="-118.4783967"><name>1544</name></wpt><wpt lat="35.1128715" lon="-118.4783696"><name>1545</name></wpt><wpt lat="35.1128966" lon="-118.4783402"><name>1546</name></wpt><wpt lat="35.1129205" lon="-118.4783079"><name>1547</name></wpt><wpt lat="35.1129418" lon="-118.4782728"><name>1548</name></wpt><wpt lat="35.112961" lon="-118.4782357"><name>1549</name></wpt><wpt lat="35.1129776" lon="-118.4781962"><name>1550</name></wpt><wpt lat="35.1129919" lon="-118.4781557"><name>1551</name></wpt><wpt lat="35.1130042" lon="-118.4781146"><name>1552</name></wpt><wpt lat="35.1130149" lon="-118.4780725"><name>1553</name></wpt><wpt lat="35.1130241" lon="-118.4780306"><name>1554</name></wpt><wpt lat="35.1130317" lon="-118.4779876"><name>1555</name></wpt><wpt lat="35.1130377" lon="-118.4779436"><name>1556</name></wpt><wpt lat="35.1130431" lon="-118.4778999"><name>1557</name></wpt><wpt lat="35.1130483" lon="-118.4778574"><name>1558</name></wpt><wpt lat="35.1130529" lon="-118.4778144"><name>1559</name></wpt><wpt lat="35.1130559" lon="-118.4777711"><name>1560</name></wpt><wpt lat="35.1130558" lon="-118.4777275"><name>1561</name></wpt><wpt lat="35.1130532" lon="-118.4776849"><name>1562</name></wpt><wpt lat="35.1130479" lon="-118.4776423"><name>1563</name></wpt><wpt lat="35.1130399" lon="-118.4776012"><name>1564</name></wpt><wpt lat="35.1130294" lon="-118.4775616"><name>1565</name></wpt><wpt lat="35.1130157" lon="-118.4775248"><name>1566</name></wpt><wpt lat="35.1129982" lon="-118.4774919"><name>1567</name></wpt><wpt lat="35.1129787" lon="-118.4774654"><name>1568</name></wpt><wpt lat="35.1129584" lon="-118.4774439"><name>1569</name></wpt><wpt lat="35.1129386" lon="-118.4774228"><name>1570</name></wpt><wpt lat="35.1129187" lon="-118.4774018"><name>1571</name></wpt><wpt lat="35.1128978" lon="-118.4773831"><name>1572</name></wpt><wpt lat="35.1128767" lon="-118.4773659"><name>1573</name></wpt><wpt lat="35.1128551" lon="-118.4773511"><name>1574</name></wpt><wpt lat="35.1128339" lon="-118.4773386"><name>1575</name></wpt><wpt lat="35.112813" lon="-118.4773268"><name>1576</name></wpt><wpt lat="35.1127918" lon="-118.4773163"><name>1577</name></wpt><wpt lat="35.1127715" lon="-118.4773075"><name>1578</name></wpt><wpt lat="35.112752" lon="-118.4773002"><name>1579</name></wpt><wpt lat="35.1127327" lon="-118.4772944"><name>1580</name></wpt><wpt lat="35.1127135" lon="-118.4772896"><name>1581</name></wpt><wpt lat="35.1126949" lon="-118.477286"><name>1582</name></wpt><wpt lat="35.1126767" lon="-118.4772837"><name>1583</name></wpt><wpt lat="35.112659" lon="-118.4772828"><name>1584</name></wpt><wpt lat="35.1126422" lon="-118.4772834"><name>1585</name></wpt><wpt lat="35.1126265" lon="-118.4772852"><name>1586</name></wpt><wpt lat="35.1126113" lon="-118.4772874"><name>1587</name></wpt><wpt lat="35.1125961" lon="-118.4772906"><name>1588</name></wpt><wpt lat="35.1125813" lon="-118.4772945"><name>1589</name></wpt><wpt lat="35.1125665" lon="-118.4772987"><name>1590</name></wpt><wpt lat="35.1125518" lon="-118.4773034"><name>1591</name></wpt><wpt lat="35.1125375" lon="-118.4773089"><name>1592</name></wpt><wpt lat="35.1125236" lon="-118.4773152"><name>1593</name></wpt><wpt lat="35.1125096" lon="-118.4773221"><name>1594</name></wpt><wpt lat="35.1124957" lon="-118.4773293"><name>1595</name></wpt><wpt lat="35.1124822" lon="-118.4773371"><name>1596</name></wpt><wpt lat="35.1124686" lon="-118.4773446"><name>1597</name></wpt><wpt lat="35.1124555" lon="-118.4773532"><name>1598</name></wpt><wpt lat="35.1124432" lon="-118.4773631"><name>1599</name></wpt><wpt lat="35.1124305" lon="-118.4773735"><name>1600</name></wpt><wpt lat="35.1124187" lon="-118.4773837"><name>1601</name></wpt><wpt lat="35.1124071" lon="-118.4773945"><name>1602</name></wpt><wpt lat="35.1123956" lon="-118.4774056"><name>1603</name></wpt><wpt lat="35.1123854" lon="-118.4774165"><name>1604</name></wpt><wpt lat="35.1123761" lon="-118.4774281"><name>1605</name></wpt><wpt lat="35.1123677" lon="-118.4774402"><name>1606</name></wpt><wpt lat="35.112359" lon="-118.4774524"><name>1607</name></wpt><wpt lat="35.1123502" lon="-118.4774642"><name>1608</name></wpt><wpt lat="35.112342" lon="-118.4774757"><name>1609</name></wpt><wpt lat="35.1123345" lon="-118.4774882"><name>1610</name></wpt><wpt lat="35.1123272" lon="-118.4775003"><name>1611</name></wpt><wpt lat="35.1123204" lon="-118.4775129"><name>1612</name></wpt><wpt lat="35.1123142" lon="-118.4775263"><name>1613</name></wpt><wpt lat="35.112308" lon="-118.4775394"><name>1614</name></wpt><wpt lat="35.112302" lon="-118.4775524"><name>1615</name></wpt><wpt lat="35.1122959" lon="-118.4775653"><name>1616</name></wpt><wpt lat="35.1122898" lon="-118.4775788"><name>1617</name></wpt><wpt lat="35.1122835" lon="-118.477593"><name>1618</name></wpt><wpt lat="35.1122775" lon="-118.4776089"><name>1619</name></wpt><wpt lat="35.1122716" lon="-118.4776229"><name>1620</name></wpt><wpt lat="35.1122658" lon="-118.477637"><name>1621</name></wpt><wpt lat="35.11226" lon="-118.4776512"><name>1622</name></wpt><wpt lat="35.1122545" lon="-118.4776658"><name>1623</name></wpt><wpt lat="35.1122492" lon="-118.4776801"><name>1624</name></wpt><wpt lat="35.1122438" lon="-118.4776952"><name>1625</name></wpt><wpt lat="35.112238" lon="-118.4777101"><name>1626</name></wpt><wpt lat="35.1122324" lon="-118.4777262"><name>1627</name></wpt><wpt lat="35.1122271" lon="-118.4777418"><name>1628</name></wpt><wpt lat="35.112222" lon="-118.4777562"><name>1629</name></wpt><wpt lat="35.1122169" lon="-118.4777714"><name>1630</name></wpt><wpt lat="35.1122118" lon="-118.477787"><name>1631</name></wpt><wpt lat="35.1122071" lon="-118.4778019"><name>1632</name></wpt><wpt lat="35.1122025" lon="-118.4778171"><name>1633</name></wpt><wpt lat="35.1121973" lon="-118.4778327"><name>1634</name></wpt><wpt lat="35.112192" lon="-118.4778469"><name>1635</name></wpt><wpt lat="35.1121876" lon="-118.4778655"><name>1636</name></wpt><wpt lat="35.1121836" lon="-118.4778824"><name>1637</name></wpt><wpt lat="35.1121798" lon="-118.4778975"><name>1638</name></wpt><wpt lat="35.1121761" lon="-118.4779155"><name>1639</name></wpt><wpt lat="35.1121729" lon="-118.4779323"><name>1640</name></wpt><wpt lat="35.1121703" lon="-118.4779491"><name>1641</name></wpt><wpt lat="35.1121687" lon="-118.477967"><name>1642</name></wpt><wpt lat="35.1121675" lon="-118.4779861"><name>1643</name></wpt><wpt lat="35.1121665" lon="-118.4780055"><name>1644</name></wpt><wpt lat="35.1121661" lon="-118.4780251"><name>1645</name></wpt><wpt lat="35.1121664" lon="-118.4780443"><name>1646</name></wpt><wpt lat="35.112167" lon="-118.4780635"><name>1647</name></wpt><wpt lat="35.112168" lon="-118.4780834"><name>1648</name></wpt><wpt lat="35.1121693" lon="-118.4781032"><name>1649</name></wpt><wpt lat="35.1121708" lon="-118.478122"><name>1650</name></wpt><wpt lat="35.1121726" lon="-118.4781401"><name>1651</name></wpt><wpt lat="35.1121748" lon="-118.4781599"><name>1652</name></wpt><wpt lat="35.1121774" lon="-118.4781776"><name>1653</name></wpt><wpt lat="35.1121803" lon="-118.4781958"><name>1654</name></wpt><wpt lat="35.1121836" lon="-118.4782141"><name>1655</name></wpt><wpt lat="35.1121872" lon="-118.478233"><name>1656</name></wpt><wpt lat="35.1121908" lon="-118.4782508"><name>1657</name></wpt><wpt lat="35.1121953" lon="-118.4782697"><name>1658</name></wpt><wpt lat="35.1122005" lon="-118.4782886"><name>1659</name></wpt><wpt lat="35.1122063" lon="-118.4783074"><name>1660</name></wpt><wpt lat="35.1122123" lon="-118.4783259"><name>1661</name></wpt><wpt lat="35.1122187" lon="-118.4783452"><name>1662</name></wpt><wpt lat="35.1122258" lon="-118.4783645"><name>1663</name></wpt><wpt lat="35.1122335" lon="-118.4783826"><name>1664</name></wpt><wpt lat="35.1122411" lon="-118.4784002"><name>1665</name></wpt><wpt lat="35.1122489" lon="-118.4784163"><name>1666</name></wpt><wpt lat="35.1122574" lon="-118.4784332"><name>1667</name></wpt><wpt lat="35.1122658" lon="-118.4784505"><name>1668</name></wpt><wpt lat="35.1122738" lon="-118.478467"><name>1669</name></wpt><wpt lat="35.1122816" lon="-118.4784838"><name>1670</name></wpt><wpt lat="35.1122893" lon="-118.4784992"><name>1671</name></wpt><wpt lat="35.1122976" lon="-118.4785154"><name>1672</name></wpt><wpt lat="35.1123066" lon="-118.4785328"><name>1673</name></wpt><wpt lat="35.1123156" lon="-118.4785493"><name>1674</name></wpt><wpt lat="35.1123245" lon="-118.4785666"><name>1675</name></wpt><wpt lat="35.1123337" lon="-118.4785844"><name>1676</name></wpt><wpt lat="35.1123431" lon="-118.4786007"><name>1677</name></wpt><wpt lat="35.1123536" lon="-118.4786173"><name>1678</name></wpt><wpt lat="35.112365" lon="-118.4786325"><name>1679</name></wpt><wpt lat="35.1123772" lon="-118.4786495"><name>1680</name></wpt><wpt lat="35.1123891" lon="-118.4786665"><name>1681</name></wpt><wpt lat="35.1124014" lon="-118.4786824"><name>1682</name></wpt><wpt lat="35.1124134" lon="-118.4786984"><name>1683</name></wpt><wpt lat="35.1124259" lon="-118.4787141"><name>1684</name></wpt><wpt lat="35.1124406" lon="-118.478729"><name>1685</name></wpt><wpt lat="35.1124568" lon="-118.4787445"><name>1686</name></wpt><wpt lat="35.1124732" lon="-118.4787597"><name>1687</name></wpt><wpt lat="35.1124897" lon="-118.4787741"><name>1688</name></wpt><wpt lat="35.1125066" lon="-118.478789"><name>1689</name></wpt><wpt lat="35.1125244" lon="-118.4788029"><name>1690</name></wpt><wpt lat="35.1125441" lon="-118.4788159"><name>1691</name></wpt><wpt lat="35.1125649" lon="-118.478828"><name>1692</name></wpt><wpt lat="35.1125861" lon="-118.4788373"><name>1693</name></wpt><wpt lat="35.1126079" lon="-118.4788448"><name>1694</name></wpt><wpt lat="35.1126305" lon="-118.4788516"><name>1695</name></wpt><wpt lat="35.1126533" lon="-118.4788558"><name>1696</name></wpt><wpt lat="35.1126762" lon="-118.4788589"><name>1697</name></wpt><wpt lat="35.1126987" lon="-118.4788598"><name>1698</name></wpt><wpt lat="35.1127213" lon="-118.4788586"><name>1699</name></wpt><wpt lat="35.1127435" lon="-118.4788582"><name>1700</name></wpt><wpt lat="35.1127655" lon="-118.4788565"><name>1701</name></wpt><wpt lat="35.1127872" lon="-118.4788546"><name>1702</name></wpt><wpt lat="35.1128092" lon="-118.4788537"><name>1703</name></wpt><wpt lat="35.1128311" lon="-118.4788531"><name>1704</name></wpt><wpt lat="35.1128528" lon="-118.4788528"><name>1705</name></wpt><wpt lat="35.1128741" lon="-118.4788522"><name>1706</name></wpt><wpt lat="35.1128955" lon="-118.4788515"><name>1707</name></wpt><wpt lat="35.1129168" lon="-118.4788505"><name>1708</name></wpt><wpt lat="35.1129378" lon="-118.4788497"><name>1709</name></wpt><wpt lat="35.1129591" lon="-118.4788488"><name>1710</name></wpt><wpt lat="35.1129802" lon="-118.4788478"><name>1711</name></wpt><wpt lat="35.1130011" lon="-118.4788473"><name>1712</name></wpt><wpt lat="35.1130223" lon="-118.4788471"><name>1713</name></wpt><wpt lat="35.1130435" lon="-118.4788468"><name>1714</name></wpt><wpt lat="35.1130645" lon="-118.4788467"><name>1715</name></wpt><wpt lat="35.1130863" lon="-118.4788469"><name>1716</name></wpt><wpt lat="35.1131085" lon="-118.4788468"><name>1717</name></wpt><wpt lat="35.1131304" lon="-118.4788458"><name>1718</name></wpt><wpt lat="35.1131523" lon="-118.4788449"><name>1719</name></wpt><wpt lat="35.1131746" lon="-118.4788435"><name>1720</name></wpt><wpt lat="35.1131973" lon="-118.4788424"><name>1721</name></wpt><wpt lat="35.1132199" lon="-118.4788415"><name>1722</name></wpt><wpt lat="35.1132428" lon="-118.4788405"><name>1723</name></wpt><wpt lat="35.113266" lon="-118.4788389"><name>1724</name></wpt><wpt lat="35.1132894" lon="-118.4788373"><name>1725</name></wpt><wpt lat="35.1133129" lon="-118.4788358"><name>1726</name></wpt><wpt lat="35.1133367" lon="-118.4788347"><name>1727</name></wpt><wpt lat="35.1133605" lon="-118.4788328"><name>1728</name></wpt><wpt lat="35.1133843" lon="-118.4788302"><name>1729</name></wpt><wpt lat="35.1134082" lon="-118.4788283"><name>1730</name></wpt><wpt lat="35.1134324" lon="-118.478826"><name>1731</name></wpt><wpt lat="35.1134567" lon="-118.4788234"><name>1732</name></wpt><wpt lat="35.1134808" lon="-118.4788204"><name>1733</name></wpt><wpt lat="35.1135051" lon="-118.4788166"><name>1734</name></wpt><wpt lat="35.1135299" lon="-118.4788125"><name>1735</name></wpt><wpt lat="35.1135547" lon="-118.4788089"><name>1736</name></wpt><wpt lat="35.1135795" lon="-118.478806"><name>1737</name></wpt><wpt lat="35.1136046" lon="-118.4788029"><name>1738</name></wpt><wpt lat="35.1136305" lon="-118.4787998"><name>1739</name></wpt><wpt lat="35.1136566" lon="-118.4787967"><name>1740</name></wpt><wpt lat="35.1136827" lon="-118.4787936"><name>1741</name></wpt><wpt lat="35.1137089" lon="-118.4787897"><name>1742</name></wpt><wpt lat="35.1137354" lon="-118.4787865"><name>1743</name></wpt><wpt lat="35.1137622" lon="-118.4787832"><name>1744</name></wpt><wpt lat="35.1137893" lon="-118.4787795"><name>1745</name></wpt><wpt lat="35.1138167" lon="-118.478775"><name>1746</name></wpt><wpt lat="35.1138446" lon="-118.4787705"><name>1747</name></wpt><wpt lat="35.1138728" lon="-118.4787661"><name>1748</name></wpt><wpt lat="35.1139008" lon="-118.4787614"><name>1749</name></wpt><wpt lat="35.1139286" lon="-118.4787564"><name>1750</name></wpt><wpt lat="35.1139563" lon="-118.4787507"><name>1751</name></wpt><wpt lat="35.1139839" lon="-118.4787447"><name>1752</name></wpt><wpt lat="35.1140114" lon="-118.4787377"><name>1753</name></wpt><wpt lat="35.1140381" lon="-118.4787308"><name>1754</name></wpt><wpt lat="35.1140645" lon="-118.4787224"><name>1755</name></wpt><wpt lat="35.1140907" lon="-118.4787139"><name>1756</name></wpt><wpt lat="35.1141169" lon="-118.4787053"><name>1757</name></wpt><wpt lat="35.1141429" lon="-118.478697"><name>1758</name></wpt><wpt lat="35.1141686" lon="-118.478688"><name>1759</name></wpt><wpt lat="35.1141945" lon="-118.4786785"><name>1760</name></wpt><wpt lat="35.1142208" lon="-118.4786687"><name>1761</name></wpt><wpt lat="35.1142471" lon="-118.4786592"><name>1762</name></wpt><wpt lat="35.1142729" lon="-118.4786496"><name>1763</name></wpt><wpt lat="35.1142984" lon="-118.4786406"><name>1764</name></wpt><wpt lat="35.1143247" lon="-118.4786315"><name>1765</name></wpt><wpt lat="35.1143517" lon="-118.4786223"><name>1766</name></wpt><wpt lat="35.1143788" lon="-118.4786125"><name>1767</name></wpt><wpt lat="35.114406" lon="-118.4786034"><name>1768</name></wpt><wpt lat="35.1144332" lon="-118.4785954"><name>1769</name></wpt><wpt lat="35.1144608" lon="-118.4785875"><name>1770</name></wpt><wpt lat="35.1144884" lon="-118.47858"><name>1771</name></wpt><wpt lat="35.1145161" lon="-118.4785726"><name>1772</name></wpt><wpt lat="35.1145446" lon="-118.4785646"><name>1773</name></wpt><wpt lat="35.1145725" lon="-118.4785577"><name>1774</name></wpt><wpt lat="35.1145999" lon="-118.4785505"><name>1775</name></wpt><wpt lat="35.114628" lon="-118.4785434"><name>1776</name></wpt><wpt lat="35.1146558" lon="-118.4785361"><name>1777</name></wpt><wpt lat="35.1146838" lon="-118.4785281"><name>1778</name></wpt><wpt lat="35.1147117" lon="-118.4785202"><name>1779</name></wpt><wpt lat="35.1147395" lon="-118.4785131"><name>1780</name></wpt><wpt lat="35.1147674" lon="-118.4785052"><name>1781</name></wpt><wpt lat="35.1147952" lon="-118.4784975"><name>1782</name></wpt><wpt lat="35.1148226" lon="-118.4784895"><name>1783</name></wpt><wpt lat="35.1148498" lon="-118.4784811"><name>1784</name></wpt><wpt lat="35.1148768" lon="-118.4784723"><name>1785</name></wpt><wpt lat="35.1149037" lon="-118.4784631"><name>1786</name></wpt><wpt lat="35.1149304" lon="-118.4784538"><name>1787</name></wpt><wpt lat="35.1149571" lon="-118.4784441"><name>1788</name></wpt><wpt lat="35.114984" lon="-118.4784343"><name>1789</name></wpt><wpt lat="35.1150108" lon="-118.4784246"><name>1790</name></wpt><wpt lat="35.1150378" lon="-118.4784145"><name>1791</name></wpt><wpt lat="35.1150649" lon="-118.4784049"><name>1792</name></wpt><wpt lat="35.1150916" lon="-118.4783944"><name>1793</name></wpt><wpt lat="35.1151186" lon="-118.4783837"><name>1794</name></wpt><wpt lat="35.1151457" lon="-118.4783735"><name>1795</name></wpt><wpt lat="35.115173" lon="-118.4783627"><name>1796</name></wpt><wpt lat="35.1152002" lon="-118.4783517"><name>1797</name></wpt><wpt lat="35.1152274" lon="-118.4783406"><name>1798</name></wpt><wpt lat="35.1152543" lon="-118.4783279"><name>1799</name></wpt><wpt lat="35.1152814" lon="-118.4783114"><name>1800</name></wpt><wpt lat="35.1153085" lon="-118.4782923"><name>1801</name></wpt><wpt lat="35.1153355" lon="-118.4782711"><name>1802</name></wpt><wpt lat="35.1153621" lon="-118.478247"><name>1803</name></wpt><wpt lat="35.1153882" lon="-118.4782199"><name>1804</name></wpt><wpt lat="35.1154135" lon="-118.4781898"><name>1805</name></wpt><wpt lat="35.1154369" lon="-118.4781571"><name>1806</name></wpt><wpt lat="35.1154582" lon="-118.4781212"><name>1807</name></wpt><wpt lat="35.1154771" lon="-118.4780812"><name>1808</name></wpt><wpt lat="35.1154931" lon="-118.4780389"><name>1809</name></wpt><wpt lat="35.1155067" lon="-118.4779948"><name>1810</name></wpt><wpt lat="35.1155179" lon="-118.477949"><name>1811</name></wpt><wpt lat="35.1155262" lon="-118.4779025"><name>1812</name></wpt><wpt lat="35.1155313" lon="-118.4778555"><name>1813</name></wpt><wpt lat="35.1155323" lon="-118.4778085"><name>1814</name></wpt><wpt lat="35.1155299" lon="-118.4777632"><name>1815</name></wpt><wpt lat="35.1155239" lon="-118.477718"><name>1816</name></wpt><wpt lat="35.1155148" lon="-118.4776757"><name>1817</name></wpt><wpt lat="35.1155034" lon="-118.4776358"><name>1818</name></wpt><wpt lat="35.1154899" lon="-118.4775984"><name>1819</name></wpt><wpt lat="35.1154741" lon="-118.4775642"><name>1820</name></wpt><wpt lat="35.1154557" lon="-118.4775336"><name>1821</name></wpt><wpt lat="35.115436" lon="-118.4775064"><name>1822</name></wpt><wpt lat="35.1154157" lon="-118.4774814"><name>1823</name></wpt><wpt lat="35.1153946" lon="-118.4774593"><name>1824</name></wpt><wpt lat="35.1153728" lon="-118.4774414"><name>1825</name></wpt><wpt lat="35.1153507" lon="-118.4774269"><name>1826</name></wpt><wpt lat="35.1153291" lon="-118.4774149"><name>1827</name></wpt><wpt lat="35.115308" lon="-118.4774056"><name>1828</name></wpt><wpt lat="35.115288" lon="-118.4773987"><name>1829</name></wpt><wpt lat="35.1152688" lon="-118.4773945"><name>1830</name></wpt><wpt lat="35.1152508" lon="-118.4773924"><name>1831</name></wpt><wpt lat="35.115234" lon="-118.477393"><name>1832</name></wpt><wpt lat="35.1152185" lon="-118.4773942"><name>1833</name></wpt><wpt lat="35.1152032" lon="-118.4773961"><name>1834</name></wpt><wpt lat="35.1151884" lon="-118.4773982"><name>1835</name></wpt><wpt lat="35.1151739" lon="-118.4774011"><name>1836</name></wpt><wpt lat="35.1151597" lon="-118.4774048"><name>1837</name></wpt><wpt lat="35.1151456" lon="-118.4774089"><name>1838</name></wpt><wpt lat="35.1151319" lon="-118.4774137"><name>1839</name></wpt><wpt lat="35.1151186" lon="-118.4774194"><name>1840</name></wpt><wpt lat="35.1151058" lon="-118.4774256"><name>1841</name></wpt><wpt lat="35.1150929" lon="-118.4774321"><name>1842</name></wpt><wpt lat="35.11508" lon="-118.4774385"><name>1843</name></wpt><wpt lat="35.1150674" lon="-118.477446"><name>1844</name></wpt><wpt lat="35.1150549" lon="-118.4774534"><name>1845</name></wpt><wpt lat="35.1150423" lon="-118.4774608"><name>1846</name></wpt><wpt lat="35.1150303" lon="-118.477469"><name>1847</name></wpt><wpt lat="35.1150182" lon="-118.4774768"><name>1848</name></wpt><wpt lat="35.1150061" lon="-118.4774849"><name>1849</name></wpt><wpt lat="35.1149946" lon="-118.4774935"><name>1850</name></wpt><wpt lat="35.1149835" lon="-118.4775021"><name>1851</name></wpt><wpt lat="35.1149723" lon="-118.4775105"><name>1852</name></wpt><wpt lat="35.114961" lon="-118.4775189"><name>1853</name></wpt><wpt lat="35.1149496" lon="-118.4775265"><name>1854</name></wpt><wpt lat="35.1149385" lon="-118.4775349"><name>1855</name></wpt><wpt lat="35.1149277" lon="-118.4775436"><name>1856</name></wpt><wpt lat="35.1149174" lon="-118.4775535"><name>1857</name></wpt><wpt lat="35.1149069" lon="-118.4775628"><name>1858</name></wpt><wpt lat="35.1148963" lon="-118.4775719"><name>1859</name></wpt><wpt lat="35.1148861" lon="-118.4775811"><name>1860</name></wpt><wpt lat="35.1148758" lon="-118.4775904"><name>1861</name></wpt><wpt lat="35.1148653" lon="-118.4775993"><name>1862</name></wpt><wpt lat="35.1148551" lon="-118.477609"><name>1863</name></wpt><wpt lat="35.1148447" lon="-118.4776181"><name>1864</name></wpt><wpt lat="35.1148344" lon="-118.4776278"><name>1865</name></wpt><wpt lat="35.1148238" lon="-118.4776372"><name>1866</name></wpt><wpt lat="35.114813" lon="-118.4776466"><name>1867</name></wpt><wpt lat="35.1148028" lon="-118.477657"><name>1868</name></wpt><wpt lat="35.1147928" lon="-118.4776673"><name>1869</name></wpt><wpt lat="35.1147828" lon="-118.4776773"><name>1870</name></wpt><wpt lat="35.1147724" lon="-118.4776883"><name>1871</name></wpt><wpt lat="35.1147618" lon="-118.477699"><name>1872</name></wpt><wpt lat="35.1147513" lon="-118.4777096"><name>1873</name></wpt><wpt lat="35.1147414" lon="-118.4777208"><name>1874</name></wpt><wpt lat="35.1147312" lon="-118.4777312"><name>1875</name></wpt><wpt lat="35.1147209" lon="-118.4777434"><name>1876</name></wpt><wpt lat="35.1147102" lon="-118.477755"><name>1877</name></wpt><wpt lat="35.1146994" lon="-118.4777667"><name>1878</name></wpt><wpt lat="35.1146885" lon="-118.4777789"><name>1879</name></wpt><wpt lat="35.1146775" lon="-118.4777908"><name>1880</name></wpt><wpt lat="35.1146663" lon="-118.4778028"><name>1881</name></wpt><wpt lat="35.1146548" lon="-118.4778148"><name>1882</name></wpt><wpt lat="35.1146433" lon="-118.4778269"><name>1883</name></wpt><wpt lat="35.114632" lon="-118.4778392"><name>1884</name></wpt><wpt lat="35.1146205" lon="-118.477852"><name>1885</name></wpt><wpt lat="35.1146086" lon="-118.4778644"><name>1886</name></wpt><wpt lat="35.1145969" lon="-118.4778781"><name>1887</name></wpt><wpt lat="35.114585" lon="-118.4778919"><name>1888</name></wpt><wpt lat="35.1145729" lon="-118.4779052"><name>1889</name></wpt><wpt lat="35.1145613" lon="-118.4779192"><name>1890</name></wpt><wpt lat="35.1145498" lon="-118.4779331"><name>1891</name></wpt><wpt lat="35.1145382" lon="-118.4779478"><name>1892</name></wpt><wpt lat="35.1145266" lon="-118.477962"><name>1893</name></wpt><wpt lat="35.1145148" lon="-118.4779762"><name>1894</name></wpt><wpt lat="35.1145027" lon="-118.4779902"><name>1895</name></wpt><wpt lat="35.1144908" lon="-118.478004"><name>1896</name></wpt><wpt lat="35.114479" lon="-118.4780184"><name>1897</name></wpt><wpt lat="35.1144669" lon="-118.4780327"><name>1898</name></wpt><wpt lat="35.1144547" lon="-118.478046"><name>1899</name></wpt><wpt lat="35.1144425" lon="-118.4780597"><name>1900</name></wpt><wpt lat="35.1144304" lon="-118.4780739"><name>1901</name></wpt><wpt lat="35.1144179" lon="-118.478088"><name>1902</name></wpt><wpt lat="35.1144052" lon="-118.4781011"><name>1903</name></wpt><wpt lat="35.1143926" lon="-118.4781155"><name>1904</name></wpt><wpt lat="35.1143796" lon="-118.4781291"><name>1905</name></wpt><wpt lat="35.1143663" lon="-118.4781422"><name>1906</name></wpt><wpt lat="35.1143528" lon="-118.4781559"><name>1907</name></wpt><wpt lat="35.1143388" lon="-118.4781683"><name>1908</name></wpt><wpt lat="35.1143244" lon="-118.4781803"><name>1909</name></wpt><wpt lat="35.1143097" lon="-118.4781914"><name>1910</name></wpt><wpt lat="35.1142947" lon="-118.4782023"><name>1911</name></wpt><wpt lat="35.1142792" lon="-118.4782132"><name>1912</name></wpt><wpt lat="35.1142637" lon="-118.4782238"><name>1913</name></wpt><wpt lat="35.1142483" lon="-118.4782333"><name>1914</name></wpt><wpt lat="35.1142329" lon="-118.4782423"><name>1915</name></wpt><wpt lat="35.1142175" lon="-118.4782514"><name>1916</name></wpt><wpt lat="35.1142017" lon="-118.4782605"><name>1917</name></wpt><wpt lat="35.1141853" lon="-118.4782681"><name>1918</name></wpt><wpt lat="35.1141685" lon="-118.4782762"><name>1919</name></wpt><wpt lat="35.1141514" lon="-118.4782838"><name>1920</name></wpt><wpt lat="35.1141336" lon="-118.4782913"><name>1921</name></wpt><wpt lat="35.1141152" lon="-118.4782977"><name>1922</name></wpt><wpt lat="35.1140965" lon="-118.4783043"><name>1923</name></wpt><wpt lat="35.1140773" lon="-118.4783109"><name>1924</name></wpt><wpt lat="35.114058" lon="-118.4783172"><name>1925</name></wpt><wpt lat="35.1140384" lon="-118.4783228"><name>1926</name></wpt><wpt lat="35.1140185" lon="-118.4783284"><name>1927</name></wpt><wpt lat="35.1139981" lon="-118.4783333"><name>1928</name></wpt><wpt lat="35.1139775" lon="-118.478338"><name>1929</name></wpt><wpt lat="35.1139565" lon="-118.4783421"><name>1930</name></wpt><wpt lat="35.1139356" lon="-118.4783463"><name>1931</name></wpt><wpt lat="35.1139143" lon="-118.4783502"><name>1932</name></wpt><wpt lat="35.113893" lon="-118.4783543"><name>1933</name></wpt><wpt lat="35.1138721" lon="-118.4783579"><name>1934</name></wpt><wpt lat="35.1138508" lon="-118.4783605"><name>1935</name></wpt><wpt lat="35.1138297" lon="-118.4783629"><name>1936</name></wpt><wpt lat="35.1138089" lon="-118.4783654"><name>1937</name></wpt><wpt lat="35.1137881" lon="-118.4783677"><name>1938</name></wpt><wpt lat="35.1137669" lon="-118.4783699"><name>1939</name></wpt><wpt lat="35.1137455" lon="-118.478372"><name>1940</name></wpt><wpt lat="35.1137246" lon="-118.478374"><name>1941</name></wpt><wpt lat="35.1137043" lon="-118.4783756"><name>1942</name></wpt><wpt lat="35.1136842" lon="-118.4783771"><name>1943</name></wpt><wpt lat="35.1136641" lon="-118.4783787"><name>1944</name></wpt><wpt lat="35.1136439" lon="-118.4783805"><name>1945</name></wpt><wpt lat="35.113624" lon="-118.4783821"><name>1946</name></wpt><wpt lat="35.1136045" lon="-118.4783839"><name>1947</name></wpt><wpt lat="35.1135854" lon="-118.4783855"><name>1948</name></wpt><wpt lat="35.1135663" lon="-118.4783871"><name>1949</name></wpt><wpt lat="35.1135472" lon="-118.4783891"><name>1950</name></wpt><wpt lat="35.1135279" lon="-118.4783912"><name>1951</name></wpt><wpt lat="35.1135086" lon="-118.4783931"><name>1952</name></wpt><wpt lat="35.1134899" lon="-118.4783953"><name>1953</name></wpt><wpt lat="35.1134714" lon="-118.4783983"><name>1954</name></wpt><wpt lat="35.1134527" lon="-118.4784011"><name>1955</name></wpt><wpt lat="35.1134337" lon="-118.4784041"><name>1956</name></wpt><wpt lat="35.1134145" lon="-118.4784071"><name>1957</name></wpt><wpt lat="35.113395" lon="-118.4784103"><name>1958</name></wpt><wpt lat="35.1133761" lon="-118.4784135"><name>1959</name></wpt><wpt lat="35.1133577" lon="-118.4784168"><name>1960</name></wpt><wpt lat="35.1133389" lon="-118.4784199"><name>1961</name></wpt><wpt lat="35.1133198" lon="-118.4784225"><name>1962</name></wpt><wpt lat="35.1133001" lon="-118.4784249"><name>1963</name></wpt><wpt lat="35.1132803" lon="-118.4784268"><name>1964</name></wpt><wpt lat="35.1132606" lon="-118.4784289"><name>1965</name></wpt><wpt lat="35.1132411" lon="-118.4784313"><name>1966</name></wpt><wpt lat="35.1132216" lon="-118.4784333"><name>1967</name></wpt><wpt lat="35.1132018" lon="-118.4784358"><name>1968</name></wpt><wpt lat="35.1131814" lon="-118.478439"><name>1969</name></wpt><wpt lat="35.1131611" lon="-118.4784427"><name>1970</name></wpt><wpt lat="35.1131411" lon="-118.4784463"><name>1971</name></wpt><wpt lat="35.113121" lon="-118.4784496"><name>1972</name></wpt><wpt lat="35.1131013" lon="-118.4784533"><name>1973</name></wpt><wpt lat="35.1130817" lon="-118.4784573"><name>1974</name></wpt><wpt lat="35.1130621" lon="-118.4784616"><name>1975</name></wpt><wpt lat="35.1130425" lon="-118.4784657"><name>1976</name></wpt><wpt lat="35.1130228" lon="-118.4784697"><name>1977</name></wpt><wpt lat="35.113003" lon="-118.4784735"><name>1978</name></wpt><wpt lat="35.1129837" lon="-118.478477"><name>1979</name></wpt><wpt lat="35.1129645" lon="-118.4784804"><name>1980</name></wpt><wpt lat="35.1129453" lon="-118.4784837"><name>1981</name></wpt><wpt lat="35.1129261" lon="-118.478487"><name>1982</name></wpt><wpt lat="35.1129064" lon="-118.4784898"><name>1983</name></wpt><wpt lat="35.1128869" lon="-118.4784922"><name>1984</name></wpt><wpt lat="35.1128676" lon="-118.4784946"><name>1985</name></wpt><wpt lat="35.1128483" lon="-118.4784974"><name>1986</name></wpt><wpt lat="35.112829" lon="-118.4785003"><name>1987</name></wpt><wpt lat="35.1128097" lon="-118.4785026"><name>1988</name></wpt><wpt lat="35.1127906" lon="-118.4785052"><name>1989</name></wpt><wpt lat="35.1127717" lon="-118.4785072"><name>1990</name></wpt><wpt lat="35.1127526" lon="-118.478509"><name>1991</name></wpt><wpt lat="35.112734" lon="-118.4785111"><name>1992</name></wpt><wpt lat="35.1127154" lon="-118.478513"><name>1993</name></wpt><wpt lat="35.1126965" lon="-118.4785149"><name>1994</name></wpt><wpt lat="35.1126774" lon="-118.4785162"><name>1995</name></wpt><wpt lat="35.1126585" lon="-118.4785185"><name>1996</name></wpt><wpt lat="35.1126404" lon="-118.4785207"><name>1997</name></wpt><wpt lat="35.112622" lon="-118.4785229"><name>1998</name></wpt><wpt lat="35.1126039" lon="-118.4785247"><name>1999</name></wpt><wpt lat="35.1125857" lon="-118.4785266"><name>2000</name></wpt><wpt lat="35.1125676" lon="-118.4785287"><name>2001</name></wpt><wpt lat="35.1125499" lon="-118.4785307"><name>2002</name></wpt><wpt lat="35.1125321" lon="-118.4785332"><name>2003</name></wpt><wpt lat="35.1125145" lon="-118.4785353"><name>2004</name></wpt><wpt lat="35.1124972" lon="-118.4785377"><name>2005</name></wpt><wpt lat="35.1124802" lon="-118.4785403"><name>2006</name></wpt><wpt lat="35.1124629" lon="-118.4785429"><name>2007</name></wpt><wpt lat="35.1124456" lon="-118.4785454"><name>2008</name></wpt><wpt lat="35.1124283" lon="-118.4785482"><name>2009</name></wpt><wpt lat="35.112411" lon="-118.4785511"><name>2010</name></wpt><wpt lat="35.1123935" lon="-118.4785542"><name>2011</name></wpt><wpt lat="35.112376" lon="-118.4785569"><name>2012</name></wpt><wpt lat="35.1123578" lon="-118.4785597"><name>2013</name></wpt><wpt lat="35.1123393" lon="-118.478562"><name>2014</name></wpt><wpt lat="35.112321" lon="-118.4785644"><name>2015</name></wpt><wpt lat="35.1123028" lon="-118.4785677"><name>2016</name></wpt><wpt lat="35.1122848" lon="-118.4785707"><name>2017</name></wpt><wpt lat="35.1122666" lon="-118.4785741"><name>2018</name></wpt><wpt lat="35.1122479" lon="-118.4785772"><name>2019</name></wpt><wpt lat="35.1122289" lon="-118.4785805"><name>2020</name></wpt><wpt lat="35.11221" lon="-118.4785836"><name>2021</name></wpt><wpt lat="35.1121907" lon="-118.4785863"><name>2022</name></wpt><wpt lat="35.1121715" lon="-118.4785898"><name>2023</name></wpt><wpt lat="35.1121527" lon="-118.4785936"><name>2024</name></wpt><wpt lat="35.1121339" lon="-118.4785975"><name>2025</name></wpt><wpt lat="35.1121155" lon="-118.4786017"><name>2026</name></wpt><wpt lat="35.112097" lon="-118.4786062"><name>2027</name></wpt><wpt lat="35.1120784" lon="-118.4786104"><name>2028</name></wpt><wpt lat="35.1120593" lon="-118.4786144"><name>2029</name></wpt><wpt lat="35.1120398" lon="-118.4786185"><name>2030</name></wpt><wpt lat="35.1120199" lon="-118.4786229"><name>2031</name></wpt><wpt lat="35.1119998" lon="-118.4786273"><name>2032</name></wpt><wpt lat="35.1119793" lon="-118.4786317"><name>2033</name></wpt><wpt lat="35.111959" lon="-118.4786356"><name>2034</name></wpt><wpt lat="35.1119389" lon="-118.4786399"><name>2035</name></wpt><wpt lat="35.1119187" lon="-118.4786442"><name>2036</name></wpt><wpt lat="35.1118981" lon="-118.4786483"><name>2037</name></wpt><wpt lat="35.1118776" lon="-118.4786525"><name>2038</name></wpt><wpt lat="35.1118576" lon="-118.4786568"><name>2039</name></wpt><wpt lat="35.1118371" lon="-118.4786609"><name>2040</name></wpt><wpt lat="35.1118167" lon="-118.4786643"><name>2041</name></wpt><wpt lat="35.1117959" lon="-118.4786683"><name>2042</name></wpt><wpt lat="35.1117753" lon="-118.4786719"><name>2043</name></wpt><wpt lat="35.1117544" lon="-118.4786752"><name>2044</name></wpt><wpt lat="35.1117338" lon="-118.4786785"><name>2045</name></wpt><wpt lat="35.1117127" lon="-118.4786821"><name>2046</name></wpt><wpt lat="35.1116908" lon="-118.4786851"><name>2047</name></wpt><wpt lat="35.1116687" lon="-118.4786884"><name>2048</name></wpt><wpt lat="35.1116477" lon="-118.4786926"><name>2049</name></wpt><wpt lat="35.1116269" lon="-118.4786969"><name>2050</name></wpt><wpt lat="35.1116059" lon="-118.4787015"><name>2051</name></wpt><wpt lat="35.1115849" lon="-118.478706"><name>2052</name></wpt><wpt lat="35.1115638" lon="-118.4787107"><name>2053</name></wpt><wpt lat="35.1115429" lon="-118.4787149"><name>2054</name></wpt><wpt lat="35.111522" lon="-118.4787194"><name>2055</name></wpt><wpt lat="35.1115008" lon="-118.4787245"><name>2056</name></wpt><wpt lat="35.1114794" lon="-118.4787296"><name>2057</name></wpt><wpt lat="35.111457" lon="-118.4787337"><name>2058</name></wpt><wpt lat="35.1114342" lon="-118.478737"><name>2059</name></wpt><wpt lat="35.1114111" lon="-118.4787406"><name>2060</name></wpt><wpt lat="35.1113874" lon="-118.4787431"><name>2061</name></wpt><wpt lat="35.1113633" lon="-118.4787437"><name>2062</name></wpt><wpt lat="35.1113387" lon="-118.4787417"><name>2063</name></wpt><wpt lat="35.1113129" lon="-118.4787364"><name>2064</name></wpt><wpt lat="35.1112868" lon="-118.4787282"><name>2065</name></wpt><wpt lat="35.1112605" lon="-118.478716"><name>2066</name></wpt><wpt lat="35.1112333" lon="-118.4787004"><name>2067</name></wpt><wpt lat="35.1112062" lon="-118.4786818"><name>2068</name></wpt><wpt lat="35.1111797" lon="-118.4786607"><name>2069</name></wpt><wpt lat="35.1111541" lon="-118.4786359"><name>2070</name></wpt><wpt lat="35.1111298" lon="-118.4786068"><name>2071</name></wpt><wpt lat="35.1111071" lon="-118.4785744"><name>2072</name></wpt><wpt lat="35.1110875" lon="-118.4785369"><name>2073</name></wpt><wpt lat="35.1110714" lon="-118.4784948"><name>2074</name></wpt><wpt lat="35.1110585" lon="-118.4784503"><name>2075</name></wpt><wpt lat="35.11105" lon="-118.4784044"><name>2076</name></wpt><wpt lat="35.1110462" lon="-118.4783567"><name>2077</name></wpt><wpt lat="35.1110464" lon="-118.4783086"><name>2078</name></wpt><wpt lat="35.1110496" lon="-118.4782616"><name>2079</name></wpt><wpt lat="35.111057" lon="-118.478216"><name>2080</name></wpt><wpt lat="35.1110686" lon="-118.4781721"><name>2081</name></wpt><wpt lat="35.1110827" lon="-118.4781324"><name>2082</name></wpt><wpt lat="35.1110997" lon="-118.4780965"><name>2083</name></wpt><wpt lat="35.1111203" lon="-118.4780631"><name>2084</name></wpt><wpt lat="35.111144" lon="-118.4780334"><name>2085</name></wpt><wpt lat="35.1111697" lon="-118.4780061"><name>2086</name></wpt><wpt lat="35.1111953" lon="-118.4779806"><name>2087</name></wpt><wpt lat="35.1112208" lon="-118.4779581"><name>2088</name></wpt><wpt lat="35.1112473" lon="-118.4779406"><name>2089</name></wpt><wpt lat="35.1112735" lon="-118.4779292"><name>2090</name></wpt><wpt lat="35.1112986" lon="-118.4779244"><name>2091</name></wpt><wpt lat="35.1113215" lon="-118.4779254"><name>2092</name></wpt><wpt lat="35.1113418" lon="-118.4779303"><name>2093</name></wpt><wpt lat="35.1113609" lon="-118.4779362"><name>2094</name></wpt><wpt lat="35.11138" lon="-118.4779437"><name>2095</name></wpt><wpt lat="35.1113988" lon="-118.4779513"><name>2096</name></wpt><wpt lat="35.1114177" lon="-118.4779597"><name>2097</name></wpt><wpt lat="35.1114366" lon="-118.4779691"><name>2098</name></wpt><wpt lat="35.1114553" lon="-118.4779786"><name>2099</name></wpt><wpt lat="35.1114741" lon="-118.4779892"><name>2100</name></wpt><wpt lat="35.1114925" lon="-118.4780007"><name>2101</name></wpt><wpt lat="35.1115105" lon="-118.4780121"><name>2102</name></wpt><wpt lat="35.1115288" lon="-118.4780236"><name>2103</name></wpt><wpt lat="35.111547" lon="-118.4780357"><name>2104</name></wpt><wpt lat="35.1115654" lon="-118.4780487"><name>2105</name></wpt><wpt lat="35.1115829" lon="-118.4780603"><name>2106</name></wpt><wpt lat="35.1116005" lon="-118.4780719"><name>2107</name></wpt><wpt lat="35.111618" lon="-118.4780832"><name>2108</name></wpt><wpt lat="35.1116347" lon="-118.4780934"><name>2109</name></wpt><wpt lat="35.1116516" lon="-118.4781042"><name>2110</name></wpt><wpt lat="35.1116688" lon="-118.4781152"><name>2111</name></wpt><wpt lat="35.1116851" lon="-118.4781258"><name>2112</name></wpt><wpt lat="35.1117011" lon="-118.4781362"><name>2113</name></wpt><wpt lat="35.1117162" lon="-118.4781457"><name>2114</name></wpt><wpt lat="35.1117316" lon="-118.4781563"><name>2115</name></wpt><wpt lat="35.1117471" lon="-118.4781672"><name>2116</name></wpt><wpt lat="35.1117621" lon="-118.4781786"><name>2117</name></wpt><wpt lat="35.1117762" lon="-118.47819"><name>2118</name></wpt><wpt lat="35.1117905" lon="-118.4782024"><name>2119</name></wpt><wpt lat="35.111805" lon="-118.4782153"><name>2120</name></wpt><wpt lat="35.1118194" lon="-118.4782278"><name>2121</name></wpt><wpt lat="35.1118338" lon="-118.4782409"><name>2122</name></wpt><wpt lat="35.1118476" lon="-118.4782526"><name>2123</name></wpt><wpt lat="35.1118611" lon="-118.4782644"><name>2124</name></wpt><wpt lat="35.1118746" lon="-118.4782765"><name>2125</name></wpt><wpt lat="35.1118883" lon="-118.4782891"><name>2126</name></wpt><wpt lat="35.1119016" lon="-118.478302"><name>2127</name></wpt><wpt lat="35.1119148" lon="-118.4783139"><name>2128</name></wpt><wpt lat="35.1119283" lon="-118.4783255"><name>2129</name></wpt><wpt lat="35.1119417" lon="-118.4783381"><name>2130</name></wpt><wpt lat="35.1119556" lon="-118.4783511"><name>2131</name></wpt><wpt lat="35.1119704" lon="-118.4783641"><name>2132</name></wpt><wpt lat="35.1119855" lon="-118.4783769"><name>2133</name></wpt><wpt lat="35.1120009" lon="-118.4783897"><name>2134</name></wpt><wpt lat="35.1120167" lon="-118.4784023"><name>2135</name></wpt><wpt lat="35.1120325" lon="-118.4784154"><name>2136</name></wpt><wpt lat="35.1120484" lon="-118.4784285"><name>2137</name></wpt><wpt lat="35.1120647" lon="-118.4784409"><name>2138</name></wpt><wpt lat="35.1120819" lon="-118.4784524"><name>2139</name></wpt><wpt lat="35.1121001" lon="-118.4784639"><name>2140</name></wpt><wpt lat="35.1121184" lon="-118.4784744"><name>2141</name></wpt><wpt lat="35.1121374" lon="-118.4784845"><name>2142</name></wpt><wpt lat="35.112157" lon="-118.4784932"><name>2143</name></wpt><wpt lat="35.1121772" lon="-118.478501"><name>2144</name></wpt><wpt lat="35.1121976" lon="-118.478508"><name>2145</name></wpt><wpt lat="35.1122183" lon="-118.4785141"><name>2146</name></wpt><wpt lat="35.1122393" lon="-118.4785196"><name>2147</name></wpt><wpt lat="35.1122609" lon="-118.4785249"><name>2148</name></wpt><wpt lat="35.1122832" lon="-118.4785299"><name>2149</name></wpt><wpt lat="35.1123055" lon="-118.4785337"><name>2150</name></wpt><wpt lat="35.1123277" lon="-118.4785377"><name>2151</name></wpt><wpt lat="35.1123502" lon="-118.478541"><name>2152</name></wpt><wpt lat="35.1123731" lon="-118.4785435"><name>2153</name></wpt><wpt lat="35.1123963" lon="-118.4785451"><name>2154</name></wpt><wpt lat="35.1124196" lon="-118.478546"><name>2155</name></wpt><wpt lat="35.1124433" lon="-118.4785461"><name>2156</name></wpt><wpt lat="35.1124671" lon="-118.4785458"><name>2157</name></wpt><wpt lat="35.1124912" lon="-118.4785443"><name>2158</name></wpt><wpt lat="35.1125156" lon="-118.4785417"><name>2159</name></wpt><wpt lat="35.1125403" lon="-118.4785374"><name>2160</name></wpt><wpt lat="35.1125643" lon="-118.4785338"><name>2161</name></wpt><wpt lat="35.1125885" lon="-118.4785291"><name>2162</name></wpt><wpt lat="35.1126128" lon="-118.4785239"><name>2163</name></wpt><wpt lat="35.1126369" lon="-118.4785179"><name>2164</name></wpt><wpt lat="35.1126609" lon="-118.4785126"><name>2165</name></wpt><wpt lat="35.1126851" lon="-118.4785079"><name>2166</name></wpt><wpt lat="35.1127096" lon="-118.4785021"><name>2167</name></wpt><wpt lat="35.1127342" lon="-118.4784963"><name>2168</name></wpt><wpt lat="35.1127585" lon="-118.4784913"><name>2169</name></wpt><wpt lat="35.1127829" lon="-118.478485"><name>2170</name></wpt><wpt lat="35.1128077" lon="-118.4784782"><name>2171</name></wpt><wpt lat="35.1128327" lon="-118.4784717"><name>2172</name></wpt><wpt lat="35.1128577" lon="-118.4784643"><name>2173</name></wpt><wpt lat="35.1128826" lon="-118.4784572"><name>2174</name></wpt><wpt lat="35.1129077" lon="-118.47845"><name>2175</name></wpt><wpt lat="35.1129329" lon="-118.4784429"><name>2176</name></wpt><wpt lat="35.1129586" lon="-118.4784359"><name>2177</name></wpt><wpt lat="35.1129843" lon="-118.478429"><name>2178</name></wpt><wpt lat="35.1130094" lon="-118.4784217"><name>2179</name></wpt><wpt lat="35.1130351" lon="-118.4784144"><name>2180</name></wpt><wpt lat="35.1130606" lon="-118.4784081"><name>2181</name></wpt><wpt lat="35.113086" lon="-118.4784007"><name>2182</name></wpt><wpt lat="35.1131121" lon="-118.4783924"><name>2183</name></wpt><wpt lat="35.1131381" lon="-118.4783847"><name>2184</name></wpt><wpt lat="35.1131636" lon="-118.4783776"><name>2185</name></wpt><wpt lat="35.1131896" lon="-118.4783699"><name>2186</name></wpt><wpt lat="35.113216" lon="-118.4783621"><name>2187</name></wpt><wpt lat="35.1132419" lon="-118.4783543"><name>2188</name></wpt><wpt lat="35.1132682" lon="-118.4783472"><name>2189</name></wpt><wpt lat="35.1132939" lon="-118.4783398"><name>2190</name></wpt><wpt lat="35.1133193" lon="-118.4783321"><name>2191</name></wpt><wpt lat="35.113345" lon="-118.4783245"><name>2192</name></wpt><wpt lat="35.1133706" lon="-118.4783171"><name>2193</name></wpt><wpt lat="35.1133962" lon="-118.4783104"><name>2194</name></wpt><wpt lat="35.113422" lon="-118.4783042"><name>2195</name></wpt><wpt lat="35.1134477" lon="-118.4782964"><name>2196</name></wpt><wpt lat="35.1134732" lon="-118.4782888"><name>2197</name></wpt><wpt lat="35.1134986" lon="-118.4782824"><name>2198</name></wpt><wpt lat="35.1135232" lon="-118.4782739"><name>2199</name></wpt><wpt lat="35.1135485" lon="-118.4782656"><name>2200</name></wpt><wpt lat="35.1135735" lon="-118.4782579"><name>2201</name></wpt><wpt lat="35.113599" lon="-118.4782506"><name>2202</name></wpt><wpt lat="35.1136246" lon="-118.4782436"><name>2203</name></wpt><wpt lat="35.1136508" lon="-118.4782365"><name>2204</name></wpt><wpt lat="35.1136762" lon="-118.4782293"><name>2205</name></wpt><wpt lat="35.1137015" lon="-118.478221"><name>2206</name></wpt><wpt lat="35.1137269" lon="-118.4782152"><name>2207</name></wpt><wpt lat="35.1137516" lon="-118.478208"><name>2208</name></wpt><wpt lat="35.1137764" lon="-118.4782002"><name>2209</name></wpt><wpt lat="35.1138018" lon="-118.478194"><name>2210</name></wpt><wpt lat="35.113827" lon="-118.4781863"><name>2211</name></wpt><wpt lat="35.1138527" lon="-118.4781787"><name>2212</name></wpt><wpt lat="35.1138789" lon="-118.4781727"><name>2213</name></wpt><wpt lat="35.1139048" lon="-118.4781655"><name>2214</name></wpt><wpt lat="35.1139306" lon="-118.4781571"><name>2215</name></wpt><wpt lat="35.113956" lon="-118.4781494"><name>2216</name></wpt><wpt lat="35.1139815" lon="-118.4781408"><name>2217</name></wpt><wpt lat="35.1140082" lon="-118.4781323"><name>2218</name></wpt><wpt lat="35.1140346" lon="-118.4781248"><name>2219</name></wpt><wpt lat="35.1140604" lon="-118.4781171"><name>2220</name></wpt><wpt lat="35.114086" lon="-118.4781085"><name>2221</name></wpt><wpt lat="35.1141117" lon="-118.4780999"><name>2222</name></wpt><wpt lat="35.1141378" lon="-118.4780928"><name>2223</name></wpt><wpt lat="35.1141638" lon="-118.4780853"><name>2224</name></wpt><wpt lat="35.1141899" lon="-118.4780775"><name>2225</name></wpt><wpt lat="35.1142153" lon="-118.4780697"><name>2226</name></wpt><wpt lat="35.1142405" lon="-118.478063"><name>2227</name></wpt><wpt lat="35.1142658" lon="-118.4780555"><name>2228</name></wpt><wpt lat="35.1142906" lon="-118.4780479"><name>2229</name></wpt><wpt lat="35.114315" lon="-118.4780401"><name>2230</name></wpt><wpt lat="35.1143388" lon="-118.4780324"><name>2231</name></wpt><wpt lat="35.1143624" lon="-118.4780241"><name>2232</name></wpt><wpt lat="35.1143858" lon="-118.4780156"><name>2233</name></wpt><wpt lat="35.1144087" lon="-118.478008"><name>2234</name></wpt><wpt lat="35.1144312" lon="-118.4779997"><name>2235</name></wpt><wpt lat="35.1144534" lon="-118.4779919"><name>2236</name></wpt><wpt lat="35.1144751" lon="-118.4779848"><name>2237</name></wpt><wpt lat="35.1144966" lon="-118.4779784"><name>2238</name></wpt><wpt lat="35.1145179" lon="-118.4779715"><name>2239</name></wpt><wpt lat="35.1145396" lon="-118.477966"><name>2240</name></wpt><wpt lat="35.1145613" lon="-118.4779604"><name>2241</name></wpt><wpt lat="35.1145829" lon="-118.4779545"><name>2242</name></wpt><wpt lat="35.1146044" lon="-118.4779492"><name>2243</name></wpt><wpt lat="35.1146258" lon="-118.4779438"><name>2244</name></wpt><wpt lat="35.1146475" lon="-118.4779394"><name>2245</name></wpt><wpt lat="35.1146691" lon="-118.477935"><name>2246</name></wpt><wpt lat="35.1146908" lon="-118.4779306"><name>2247</name></wpt><wpt lat="35.1147124" lon="-118.477926"><name>2248</name></wpt><wpt lat="35.1147339" lon="-118.4779217"><name>2249</name></wpt><wpt lat="35.1147556" lon="-118.4779176"><name>2250</name></wpt><wpt lat="35.1147773" lon="-118.4779139"><name>2251</name></wpt><wpt lat="35.1147985" lon="-118.4779098"><name>2252</name></wpt><wpt lat="35.1148198" lon="-118.4779055"><name>2253</name></wpt><wpt lat="35.1148408" lon="-118.4779026"><name>2254</name></wpt><wpt lat="35.1148614" lon="-118.4778994"><name>2255</name></wpt><wpt lat="35.1148822" lon="-118.4778964"><name>2256</name></wpt><wpt lat="35.1149032" lon="-118.4778933"><name>2257</name></wpt><wpt lat="35.1149243" lon="-118.4778901"><name>2258</name></wpt><wpt lat="35.1149454" lon="-118.477887"><name>2259</name></wpt><wpt lat="35.1149663" lon="-118.4778836"><name>2260</name></wpt><wpt lat="35.1149877" lon="-118.4778798"><name>2261</name></wpt><wpt lat="35.1150094" lon="-118.4778763"><name>2262</name></wpt><wpt lat="35.115031" lon="-118.4778729"><name>2263</name></wpt><wpt lat="35.1150528" lon="-118.4778681"><name>2264</name></wpt><wpt lat="35.1150739" lon="-118.4778641"><name>2265</name></wpt><wpt lat="35.1150949" lon="-118.4778584"><name>2266</name></wpt><wpt lat="35.1151169" lon="-118.4778489"><name>2267</name></wpt><wpt lat="35.1151389" lon="-118.477838"><name>2268</name></wpt><wpt lat="35.1151607" lon="-118.4778264"><name>2269</name></wpt><wpt lat="35.115182" lon="-118.4778124"><name>2270</name></wpt><wpt lat="35.1152033" lon="-118.4777951"><name>2271</name></wpt><wpt lat="35.115225" lon="-118.4777749"><name>2272</name></wpt><wpt lat="35.1152465" lon="-118.4777527"><name>2273</name></wpt><wpt lat="35.1152673" lon="-118.4777291"><name>2274</name></wpt><wpt lat="35.1152878" lon="-118.4777032"><name>2275</name></wpt><wpt lat="35.1153075" lon="-118.4776753"><name>2276</name></wpt><wpt lat="35.1153266" lon="-118.477644"><name>2277</name></wpt><wpt lat="35.1153445" lon="-118.4776107"><name>2278</name></wpt><wpt lat="35.115361" lon="-118.4775747"><name>2279</name></wpt><wpt lat="35.115376" lon="-118.4775355"><name>2280</name></wpt><wpt lat="35.1153883" lon="-118.4774945"><name>2281</name></wpt><wpt lat="35.1153984" lon="-118.477451"><name>2282</name></wpt><wpt lat="35.1154066" lon="-118.4774059"><name>2283</name></wpt><wpt lat="35.115412" lon="-118.4773588"><name>2284</name></wpt><wpt lat="35.1154141" lon="-118.477311"><name>2285</name></wpt><wpt lat="35.1154129" lon="-118.4772626"><name>2286</name></wpt><wpt lat="35.1154084" lon="-118.4772137"><name>2287</name></wpt><wpt lat="35.115401" lon="-118.4771647"><name>2288</name></wpt><wpt lat="35.1153915" lon="-118.4771157"><name>2289</name></wpt><wpt lat="35.1153793" lon="-118.4770679"><name>2290</name></wpt><wpt lat="35.1153643" lon="-118.4770208"><name>2291</name></wpt><wpt lat="35.1153466" lon="-118.4769757"><name>2292</name></wpt><wpt lat="35.1153263" lon="-118.4769327"><name>2293</name></wpt><wpt lat="35.1153038" lon="-118.476892"><name>2294</name></wpt><wpt lat="35.1152795" lon="-118.476854"><name>2295</name></wpt><wpt lat="35.115254" lon="-118.4768195"><name>2296</name></wpt><wpt lat="35.1152262" lon="-118.4767891"><name>2297</name></wpt><wpt lat="35.1151965" lon="-118.4767623"><name>2298</name></wpt><wpt lat="35.1151665" lon="-118.4767405"><name>2299</name></wpt><wpt lat="35.115137" lon="-118.4767232"><name>2300</name></wpt><wpt lat="35.1151079" lon="-118.4767095"><name>2301</name></wpt><wpt lat="35.1150798" lon="-118.4766991"><name>2302</name></wpt><wpt lat="35.1150526" lon="-118.476692"><name>2303</name></wpt><wpt lat="35.115027" lon="-118.4766878"><name>2304</name></wpt><wpt lat="35.1150036" lon="-118.4766864"><name>2305</name></wpt><wpt lat="35.114983" lon="-118.4766884"><name>2306</name></wpt><wpt lat="35.1149639" lon="-118.4766919"><name>2307</name></wpt><wpt lat="35.1149464" lon="-118.4766959"><name>2308</name></wpt><wpt lat="35.1149302" lon="-118.4767"><name>2309</name></wpt><wpt lat="35.1149139" lon="-118.4767031"><name>2310</name></wpt><wpt lat="35.1148989" lon="-118.4767073"><name>2311</name></wpt><wpt lat="35.1148859" lon="-118.476714"><name>2312</name></wpt><wpt lat="35.1148732" lon="-118.4767212"><name>2313</name></wpt><wpt lat="35.1148602" lon="-118.4767281"><name>2314</name></wpt><wpt lat="35.1148474" lon="-118.476735"><name>2315</name></wpt><wpt lat="35.1148352" lon="-118.4767425"><name>2316</name></wpt><wpt lat="35.1148231" lon="-118.4767501"><name>2317</name></wpt><wpt lat="35.1148115" lon="-118.4767587"><name>2318</name></wpt><wpt lat="35.1148001" lon="-118.4767676"><name>2319</name></wpt><wpt lat="35.1147892" lon="-118.4767776"><name>2320</name></wpt><wpt lat="35.114778" lon="-118.476788"><name>2321</name></wpt><wpt lat="35.1147666" lon="-118.4767987"><name>2322</name></wpt><wpt lat="35.1147549" lon="-118.4768088"><name>2323</name></wpt><wpt lat="35.1147435" lon="-118.4768207"><name>2324</name></wpt><wpt lat="35.1147318" lon="-118.4768333"><name>2325</name></wpt><wpt lat="35.1147199" lon="-118.4768461"><name>2326</name></wpt><wpt lat="35.114708" lon="-118.4768604"><name>2327</name></wpt><wpt lat="35.114696" lon="-118.4768742"><name>2328</name></wpt><wpt lat="35.1146838" lon="-118.4768886"><name>2329</name></wpt><wpt lat="35.1146711" lon="-118.4769022"><name>2330</name></wpt><wpt lat="35.1146586" lon="-118.4769163"><name>2331</name></wpt><wpt lat="35.114646" lon="-118.4769308"><name>2332</name></wpt><wpt lat="35.1146331" lon="-118.4769458"><name>2333</name></wpt><wpt lat="35.1146202" lon="-118.4769607"><name>2334</name></wpt><wpt lat="35.1146065" lon="-118.4769755"><name>2335</name></wpt><wpt lat="35.1145924" lon="-118.47699"><name>2336</name></wpt><wpt lat="35.1145789" lon="-118.4770052"><name>2337</name></wpt><wpt lat="35.1145652" lon="-118.4770205"><name>2338</name></wpt><wpt lat="35.1145515" lon="-118.477036"><name>2339</name></wpt><wpt lat="35.1145381" lon="-118.4770516"><name>2340</name></wpt><wpt lat="35.1145243" lon="-118.4770674"><name>2341</name></wpt><wpt lat="35.1145109" lon="-118.477083"><name>2342</name></wpt><wpt lat="35.1144976" lon="-118.4770998"><name>2343</name></wpt><wpt lat="35.1144844" lon="-118.477116"><name>2344</name></wpt><wpt lat="35.1144709" lon="-118.4771323"><name>2345</name></wpt><wpt lat="35.1144565" lon="-118.4771472"><name>2346</name></wpt><wpt lat="35.1144418" lon="-118.4771638"><name>2347</name></wpt><wpt lat="35.1144269" lon="-118.477181"><name>2348</name></wpt><wpt lat="35.1144109" lon="-118.4771965"><name>2349</name></wpt><wpt lat="35.1143939" lon="-118.4772114"><name>2350</name></wpt><wpt lat="35.1143763" lon="-118.4772266"><name>2351</name></wpt><wpt lat="35.1143579" lon="-118.4772397"><name>2352</name></wpt><wpt lat="35.1143388" lon="-118.4772541"><name>2353</name></wpt><wpt lat="35.1143189" lon="-118.4772674"><name>2354</name></wpt><wpt lat="35.1142986" lon="-118.4772809"><name>2355</name></wpt><wpt lat="35.1142782" lon="-118.477292"><name>2356</name></wpt><wpt lat="35.1142572" lon="-118.4773027"><name>2357</name></wpt><wpt lat="35.1142358" lon="-118.4773135"><name>2358</name></wpt><wpt lat="35.1142144" lon="-118.4773235"><name>2359</name></wpt><wpt lat="35.1141929" lon="-118.4773351"><name>2360</name></wpt><wpt lat="35.1141712" lon="-118.4773438"><name>2361</name></wpt><wpt lat="35.1141494" lon="-118.4773552"><name>2362</name></wpt><wpt lat="35.1141272" lon="-118.4773659"><name>2363</name></wpt><wpt lat="35.1141045" lon="-118.4773757"><name>2364</name></wpt><wpt lat="35.1140817" lon="-118.4773856"><name>2365</name></wpt><wpt lat="35.1140585" lon="-118.4773951"><name>2366</name></wpt><wpt lat="35.1140355" lon="-118.4774033"><name>2367</name></wpt><wpt lat="35.1140124" lon="-118.4774104"><name>2368</name></wpt><wpt lat="35.1139892" lon="-118.4774178"><name>2369</name></wpt><wpt lat="35.1139661" lon="-118.4774252"><name>2370</name></wpt><wpt lat="35.1139433" lon="-118.4774331"><name>2371</name></wpt><wpt lat="35.1139206" lon="-118.477441"><name>2372</name></wpt><wpt lat="35.1138981" lon="-118.477449"><name>2373</name></wpt><wpt lat="35.1138756" lon="-118.4774568"><name>2374</name></wpt><wpt lat="35.1138535" lon="-118.4774644"><name>2375</name></wpt><wpt lat="35.1138317" lon="-118.4774727"><name>2376</name></wpt><wpt lat="35.1138101" lon="-118.4774804"><name>2377</name></wpt><wpt lat="35.1137886" lon="-118.4774877"><name>2378</name></wpt><wpt lat="35.1137675" lon="-118.4774951"><name>2379</name></wpt><wpt lat="35.1137465" lon="-118.4775026"><name>2380</name></wpt><wpt lat="35.1137253" lon="-118.4775101"><name>2381</name></wpt><wpt lat="35.113704" lon="-118.4775179"><name>2382</name></wpt><wpt lat="35.1136823" lon="-118.4775249"><name>2383</name></wpt><wpt lat="35.1136609" lon="-118.4775316"><name>2384</name></wpt><wpt lat="35.1136392" lon="-118.4775384"><name>2385</name></wpt><wpt lat="35.1136172" lon="-118.4775448"><name>2386</name></wpt><wpt lat="35.1135947" lon="-118.4775506"><name>2387</name></wpt><wpt lat="35.1135713" lon="-118.4775555"><name>2388</name></wpt><wpt lat="35.1135473" lon="-118.4775594"><name>2389</name></wpt><wpt lat="35.1135225" lon="-118.4775625"><name>2390</name></wpt><wpt lat="35.1134971" lon="-118.4775645"><name>2391</name></wpt><wpt lat="35.1134714" lon="-118.4775649"><name>2392</name></wpt><wpt lat="35.113445" lon="-118.4775634"><name>2393</name></wpt><wpt lat="35.1134183" lon="-118.4775606"><name>2394</name></wpt><wpt lat="35.1133915" lon="-118.4775565"><name>2395</name></wpt><wpt lat="35.1133642" lon="-118.4775506"><name>2396</name></wpt><wpt lat="35.1133368" lon="-118.4775435"><name>2397</name></wpt><wpt lat="35.1133099" lon="-118.4775352"><name>2398</name></wpt><wpt lat="35.1132825" lon="-118.4775256"><name>2399</name></wpt><wpt lat="35.1132542" lon="-118.4775149"><name>2400</name></wpt><wpt lat="35.1132262" lon="-118.4775027"><name>2401</name></wpt><wpt lat="35.113198" lon="-118.4774886"><name>2402</name></wpt><wpt lat="35.1131697" lon="-118.4774741"><name>2403</name></wpt><wpt lat="35.1131417" lon="-118.4774595"><name>2404</name></wpt><wpt lat="35.1131136" lon="-118.4774456"><name>2405</name></wpt><wpt lat="35.1130851" lon="-118.4774326"><name>2406</name></wpt><wpt lat="35.1130565" lon="-118.4774199"><name>2407</name></wpt><wpt lat="35.1130282" lon="-118.4774077"><name>2408</name></wpt><wpt lat="35.1130004" lon="-118.4773976"><name>2409</name></wpt><wpt lat="35.1129732" lon="-118.4773903"><name>2410</name></wpt><wpt lat="35.1129464" lon="-118.4773852"><name>2411</name></wpt><wpt lat="35.1129202" lon="-118.4773811"><name>2412</name></wpt><wpt lat="35.1128944" lon="-118.4773788"><name>2413</name></wpt><wpt lat="35.1128689" lon="-118.4773774"><name>2414</name></wpt><wpt lat="35.1128439" lon="-118.4773771"><name>2415</name></wpt><wpt lat="35.1128193" lon="-118.477377"><name>2416</name></wpt><wpt lat="35.112795" lon="-118.4773777"><name>2417</name></wpt><wpt lat="35.1127706" lon="-118.4773793"><name>2418</name></wpt><wpt lat="35.1127463" lon="-118.4773806"><name>2419</name></wpt><wpt lat="35.1127224" lon="-118.4773838"><name>2420</name></wpt><wpt lat="35.1126995" lon="-118.4773885"><name>2421</name></wpt><wpt lat="35.1126773" lon="-118.4773938"><name>2422</name></wpt><wpt lat="35.1126554" lon="-118.4773991"><name>2423</name></wpt><wpt lat="35.1126341" lon="-118.4774044"><name>2424</name></wpt><wpt lat="35.1126131" lon="-118.47741"><name>2425</name></wpt><wpt lat="35.1125931" lon="-118.4774159"><name>2426</name></wpt><wpt lat="35.1125737" lon="-118.4774229"><name>2427</name></wpt><wpt lat="35.1125546" lon="-118.4774301"><name>2428</name></wpt><wpt lat="35.1125364" lon="-118.4774381"><name>2429</name></wpt><wpt lat="35.1125192" lon="-118.4774471"><name>2430</name></wpt><wpt lat="35.1125026" lon="-118.4774556"><name>2431</name></wpt><wpt lat="35.1124868" lon="-118.4774654"><name>2432</name></wpt><wpt lat="35.1124716" lon="-118.4774758"><name>2433</name></wpt><wpt lat="35.1124568" lon="-118.4774866"><name>2434</name></wpt><wpt lat="35.112442" lon="-118.4774975"><name>2435</name></wpt><wpt lat="35.1124284" lon="-118.4775079"><name>2436</name></wpt><wpt lat="35.1124152" lon="-118.4775193"><name>2437</name></wpt><wpt lat="35.1124016" lon="-118.477531"><name>2438</name></wpt><wpt lat="35.1123888" lon="-118.4775435"><name>2439</name></wpt><wpt lat="35.1123763" lon="-118.4775569"><name>2440</name></wpt><wpt lat="35.1123644" lon="-118.4775712"><name>2441</name></wpt><wpt lat="35.112353" lon="-118.4775854"><name>2442</name></wpt><wpt lat="35.1123421" lon="-118.4776001"><name>2443</name></wpt><wpt lat="35.11233" lon="-118.4776174"><name>2444</name></wpt><wpt lat="35.1123173" lon="-118.4776319"><name>2445</name></wpt><wpt lat="35.1123062" lon="-118.477647"><name>2446</name></wpt><wpt lat="35.1122955" lon="-118.4776636"><name>2447</name></wpt><wpt lat="35.1122853" lon="-118.4776812"><name>2448</name></wpt><wpt lat="35.1122754" lon="-118.4776982"><name>2449</name></wpt><wpt lat="35.1122654" lon="-118.4777163"><name>2450</name></wpt><wpt lat="35.1122566" lon="-118.4777339"><name>2451</name></wpt><wpt lat="35.1122481" lon="-118.4777518"><name>2452</name></wpt><wpt lat="35.11224" lon="-118.4777695"><name>2453</name></wpt><wpt lat="35.1122328" lon="-118.4777868"><name>2454</name></wpt><wpt lat="35.1122259" lon="-118.4778048"><name>2455</name></wpt><wpt lat="35.1122211" lon="-118.4778225"><name>2456</name></wpt><wpt lat="35.1122175" lon="-118.4778401"><name>2457</name></wpt><wpt lat="35.1122145" lon="-118.4778574"><name>2458</name></wpt><wpt lat="35.1122117" lon="-118.4778751"><name>2459</name></wpt><wpt lat="35.1122092" lon="-118.4778935"><name>2460</name></wpt><wpt lat="35.1122078" lon="-118.4779114"><name>2461</name></wpt><wpt lat="35.1122068" lon="-118.4779294"><name>2462</name></wpt><wpt lat="35.112206" lon="-118.4779469"><name>2463</name></wpt><wpt lat="35.1122055" lon="-118.4779641"><name>2464</name></wpt><wpt lat="35.1122049" lon="-118.4779811"><name>2465</name></wpt><wpt lat="35.1122041" lon="-118.4779977"><name>2466</name></wpt><wpt lat="35.1122031" lon="-118.478014"><name>2467</name></wpt><wpt lat="35.1122026" lon="-118.478031"><name>2468</name></wpt><wpt lat="35.1122022" lon="-118.4780487"><name>2469</name></wpt><wpt lat="35.1122025" lon="-118.4780662"><name>2470</name></wpt><wpt lat="35.1122033" lon="-118.4780846"><name>2471</name></wpt><wpt lat="35.1122041" lon="-118.478103"><name>2472</name></wpt><wpt lat="35.1122051" lon="-118.4781207"><name>2473</name></wpt><wpt lat="35.1122063" lon="-118.478138"><name>2474</name></wpt><wpt lat="35.112208" lon="-118.4781559"><name>2475</name></wpt><wpt lat="35.1122099" lon="-118.4781743"><name>2476</name></wpt><wpt lat="35.1122118" lon="-118.4781926"><name>2477</name></wpt><wpt lat="35.1122137" lon="-118.4782104"><name>2478</name></wpt><wpt lat="35.1122156" lon="-118.4782282"><name>2479</name></wpt><wpt lat="35.1122181" lon="-118.4782439"><name>2480</name></wpt><wpt lat="35.1122212" lon="-118.4782611"><name>2481</name></wpt><wpt lat="35.1122244" lon="-118.4782771"><name>2482</name></wpt><wpt lat="35.1122273" lon="-118.478293"><name>2483</name></wpt><wpt lat="35.1122306" lon="-118.4783093"><name>2484</name></wpt><wpt lat="35.1122349" lon="-118.478325"><name>2485</name></wpt><wpt lat="35.1122392" lon="-118.4783406"><name>2486</name></wpt><wpt lat="35.112244" lon="-118.4783558"><name>2487</name></wpt><wpt lat="35.1122487" lon="-118.4783721"><name>2488</name></wpt><wpt lat="35.1122533" lon="-118.478387"><name>2489</name></wpt><wpt lat="35.112258" lon="-118.4784027"><name>2490</name></wpt><wpt lat="35.1122631" lon="-118.4784176"><name>2491</name></wpt><wpt lat="35.1122686" lon="-118.4784329"><name>2492</name></wpt><wpt lat="35.112275" lon="-118.4784481"><name>2493</name></wpt><wpt lat="35.1122809" lon="-118.4784627"><name>2494</name></wpt><wpt lat="35.1122863" lon="-118.4784781"><name>2495</name></wpt><wpt lat="35.1122919" lon="-118.4784937"><name>2496</name></wpt><wpt lat="35.1122984" lon="-118.478508"><name>2497</name></wpt><wpt lat="35.1123057" lon="-118.478523"><name>2498</name></wpt><wpt lat="35.1123132" lon="-118.4785381"><name>2499</name></wpt><wpt lat="35.1123211" lon="-118.4785528"><name>2500</name></wpt><wpt lat="35.1123296" lon="-118.4785675"><name>2501</name></wpt><wpt lat="35.1123382" lon="-118.4785821"><name>2502</name></wpt><wpt lat="35.1123471" lon="-118.4785962"><name>2503</name></wpt><wpt lat="35.1123563" lon="-118.4786109"><name>2504</name></wpt><wpt lat="35.1123652" lon="-118.4786244"><name>2505</name></wpt><wpt lat="35.1123744" lon="-118.4786376"><name>2506</name></wpt><wpt lat="35.1123834" lon="-118.4786512"><name>2507</name></wpt><wpt lat="35.112392" lon="-118.4786659"><name>2508</name></wpt><wpt lat="35.1124001" lon="-118.4786799"><name>2509</name></wpt><wpt lat="35.1124086" lon="-118.4786935"><name>2510</name></wpt><wpt lat="35.1124176" lon="-118.4787078"><name>2511</name></wpt><wpt lat="35.1124261" lon="-118.4787227"><name>2512</name></wpt><wpt lat="35.1124348" lon="-118.478737"><name>2513</name></wpt><wpt lat="35.1124447" lon="-118.4787507"><name>2514</name></wpt><wpt lat="35.1124551" lon="-118.478765"><name>2515</name></wpt><wpt lat="35.1124666" lon="-118.4787781"><name>2516</name></wpt><wpt lat="35.1124798" lon="-118.4787915"><name>2517</name></wpt><wpt lat="35.1124936" lon="-118.4788036"><name>2518</name></wpt><wpt lat="35.1125076" lon="-118.4788148"><name>2519</name></wpt><wpt lat="35.1125228" lon="-118.4788254"><name>2520</name></wpt><wpt lat="35.1125391" lon="-118.4788364"><name>2521</name></wpt><wpt lat="35.1125549" lon="-118.4788457"><name>2522</name></wpt><wpt lat="35.1125712" lon="-118.4788547"><name>2523</name></wpt><wpt lat="35.1125885" lon="-118.4788632"><name>2524</name></wpt><wpt lat="35.1126065" lon="-118.4788712"><name>2525</name></wpt><wpt lat="35.1126251" lon="-118.4788785"><name>2526</name></wpt><wpt lat="35.1126442" lon="-118.4788857"><name>2527</name></wpt><wpt lat="35.1126638" lon="-118.4788925"><name>2528</name></wpt><wpt lat="35.1126835" lon="-118.4788991"><name>2529</name></wpt><wpt lat="35.1127036" lon="-118.4789053"><name>2530</name></wpt><wpt lat="35.1127242" lon="-118.4789105"><name>2531</name></wpt><wpt lat="35.1127444" lon="-118.4789136"><name>2532</name></wpt><wpt lat="35.1127654" lon="-118.4789163"><name>2533</name></wpt><wpt lat="35.1127875" lon="-118.4789188"><name>2534</name></wpt><wpt lat="35.1128096" lon="-118.4789202"><name>2535</name></wpt><wpt lat="35.1128323" lon="-118.4789206"><name>2536</name></wpt><wpt lat="35.1128558" lon="-118.4789209"><name>2537</name></wpt><wpt lat="35.1128797" lon="-118.4789206"><name>2538</name></wpt><wpt lat="35.1129038" lon="-118.4789186"><name>2539</name></wpt><wpt lat="35.1129281" lon="-118.478915"><name>2540</name></wpt><wpt lat="35.1129524" lon="-118.4789108"><name>2541</name></wpt><wpt lat="35.1129778" lon="-118.4789053"><name>2542</name></wpt><wpt lat="35.1130035" lon="-118.4788979"><name>2543</name></wpt><wpt lat="35.1130291" lon="-118.4788898"><name>2544</name></wpt><wpt lat="35.113055" lon="-118.4788802"><name>2545</name></wpt><wpt lat="35.113081" lon="-118.4788679"><name>2546</name></wpt><wpt lat="35.1131073" lon="-118.4788547"><name>2547</name></wpt><wpt lat="35.1131339" lon="-118.4788427"><name>2548</name></wpt><wpt lat="35.1131605" lon="-118.4788296"><name>2549</name></wpt><wpt lat="35.1131865" lon="-118.4788127"><name>2550</name></wpt><wpt lat="35.1132121" lon="-118.4787953"><name>2551</name></wpt><wpt lat="35.1132373" lon="-118.4787768"><name>2552</name></wpt><wpt lat="35.1132613" lon="-118.4787557"><name>2553</name></wpt><wpt lat="35.1132836" lon="-118.478732"><name>2554</name></wpt><wpt lat="35.1133044" lon="-118.4787061"><name>2555</name></wpt><wpt lat="35.1133241" lon="-118.4786777"><name>2556</name></wpt><wpt lat="35.1133426" lon="-118.4786493"><name>2557</name></wpt><wpt lat="35.1133609" lon="-118.4786193"><name>2558</name></wpt><wpt lat="35.1133776" lon="-118.4785871"><name>2559</name></wpt><wpt lat="35.1133924" lon="-118.4785542"><name>2560</name></wpt><wpt lat="35.1134069" lon="-118.4785206"><name>2561</name></wpt><wpt lat="35.1134194" lon="-118.4784877"><name>2562</name></wpt><wpt lat="35.1134315" lon="-118.4784529"><name>2563</name></wpt><wpt lat="35.1134434" lon="-118.4784171"><name>2564</name></wpt><wpt lat="35.1134548" lon="-118.4783809"><name>2565</name></wpt><wpt lat="35.1134648" lon="-118.4783434"><name>2566</name></wpt><wpt lat="35.1134739" lon="-118.4783046"><name>2567</name></wpt><wpt lat="35.1134826" lon="-118.478266"><name>2568</name></wpt><wpt lat="35.1134899" lon="-118.4782259"><name>2569</name></wpt><wpt lat="35.1134948" lon="-118.4781851"><name>2570</name></wpt><wpt lat="35.1134978" lon="-118.478144"><name>2571</name></wpt><wpt lat="35.1134996" lon="-118.4781033"><name>2572</name></wpt><wpt lat="35.1135007" lon="-118.4780599"><name>2573</name></wpt><wpt lat="35.1134992" lon="-118.4780169"><name>2574</name></wpt><wpt lat="35.1134959" lon="-118.4779727"><name>2575</name></wpt><wpt lat="35.1134905" lon="-118.4779294"><name>2576</name></wpt><wpt lat="35.1134818" lon="-118.4778879"><name>2577</name></wpt><wpt lat="35.1134711" lon="-118.4778469"><name>2578</name></wpt><wpt lat="35.1134593" lon="-118.4778058"><name>2579</name></wpt><wpt lat="35.1134453" lon="-118.4777635"><name>2580</name></wpt><wpt lat="35.113429" lon="-118.4777227"><name>2581</name></wpt><wpt lat="35.113411" lon="-118.4776836"><name>2582</name></wpt><wpt lat="35.113392" lon="-118.4776441"><name>2583</name></wpt><wpt lat="35.1133715" lon="-118.4776062"><name>2584</name></wpt><wpt lat="35.1133491" lon="-118.4775703"><name>2585</name></wpt><wpt lat="35.1133247" lon="-118.4775371"><name>2586</name></wpt><wpt lat="35.1132989" lon="-118.4775061"><name>2587</name></wpt><wpt lat="35.1132712" lon="-118.4774772"><name>2588</name></wpt><wpt lat="35.113243" lon="-118.4774497"><name>2589</name></wpt><wpt lat="35.1132147" lon="-118.4774241"><name>2590</name></wpt><wpt lat="35.1131857" lon="-118.4774009"><name>2591</name></wpt><wpt lat="35.1131551" lon="-118.4773812"><name>2592</name></wpt><wpt lat="35.1131239" lon="-118.4773632"><name>2593</name></wpt><wpt lat="35.1130924" lon="-118.4773465"><name>2594</name></wpt><wpt lat="35.1130602" lon="-118.4773314"><name>2595</name></wpt><wpt lat="35.1130278" lon="-118.4773181"><name>2596</name></wpt><wpt lat="35.1129957" lon="-118.4773067"><name>2597</name></wpt><wpt lat="35.1129642" lon="-118.4772993"><name>2598</name></wpt><wpt lat="35.1129331" lon="-118.4772938"><name>2599</name></wpt><wpt lat="35.112902" lon="-118.4772882"><name>2600</name></wpt><wpt lat="35.1128714" lon="-118.4772831"><name>2601</name></wpt><wpt lat="35.1128412" lon="-118.4772795"><name>2602</name></wpt><wpt lat="35.1128114" lon="-118.4772765"><name>2603</name></wpt><wpt lat="35.1127823" lon="-118.4772742"><name>2604</name></wpt><wpt lat="35.1127538" lon="-118.477273"><name>2605</name></wpt><wpt lat="35.1127255" lon="-118.4772722"><name>2606</name></wpt><wpt lat="35.112697" lon="-118.4772708"><name>2607</name></wpt><wpt lat="35.1126682" lon="-118.4772694"><name>2608</name></wpt><wpt lat="35.1126392" lon="-118.4772669"><name>2609</name></wpt><wpt lat="35.1126096" lon="-118.4772626"><name>2610</name></wpt><wpt lat="35.1125793" lon="-118.4772562"><name>2611</name></wpt><wpt lat="35.112549" lon="-118.4772473"><name>2612</name></wpt><wpt lat="35.1125177" lon="-118.4772364"><name>2613</name></wpt><wpt lat="35.1124868" lon="-118.4772222"><name>2614</name></wpt><wpt lat="35.1124561" lon="-118.4772053"><name>2615</name></wpt><wpt lat="35.1124262" lon="-118.477185"><name>2616</name></wpt><wpt lat="35.1123977" lon="-118.4771619"><name>2617</name></wpt><wpt lat="35.1123701" lon="-118.4771365"><name>2618</name></wpt><wpt lat="35.112343" lon="-118.4771087"><name>2619</name></wpt><wpt lat="35.1123168" lon="-118.4770792"><name>2620</name></wpt><wpt lat="35.1122923" lon="-118.477047"><name>2621</name></wpt><wpt lat="35.1122703" lon="-118.4770112"><name>2622</name></wpt><wpt lat="35.1122516" lon="-118.4769718"><name>2623</name></wpt><wpt lat="35.1122368" lon="-118.4769297"><name>2624</name></wpt><wpt lat="35.1122261" lon="-118.4768853"><name>2625</name></wpt><wpt lat="35.1122189" lon="-118.4768396"><name>2626</name></wpt><wpt lat="35.1122162" lon="-118.476794"><name>2627</name></wpt><wpt lat="35.112217" lon="-118.4767488"><name>2628</name></wpt><wpt lat="35.1122204" lon="-118.4767045"><name>2629</name></wpt><wpt lat="35.1122274" lon="-118.4766607"><name>2630</name></wpt><wpt lat="35.1122376" lon="-118.4766191"><name>2631</name></wpt><wpt lat="35.1122515" lon="-118.47658"><name>2632</name></wpt><wpt lat="35.1122674" lon="-118.4765422"><name>2633</name></wpt><wpt lat="35.1122852" lon="-118.4765071"><name>2634</name></wpt><wpt lat="35.1123053" lon="-118.4764746"><name>2635</name></wpt><wpt lat="35.1123275" lon="-118.4764446"><name>2636</name></wpt><wpt lat="35.1123513" lon="-118.476417"><name>2637</name></wpt><wpt lat="35.112376" lon="-118.4763935"><name>2638</name></wpt><wpt lat="35.1124016" lon="-118.4763726"><name>2639</name></wpt><wpt lat="35.1124277" lon="-118.4763541"><name>2640</name></wpt><wpt lat="35.1124544" lon="-118.4763379"><name>2641</name></wpt><wpt lat="35.1124813" lon="-118.476326"><name>2642</name></wpt><wpt lat="35.1125085" lon="-118.4763178"><name>2643</name></wpt><wpt lat="35.1125358" lon="-118.4763114"><name>2644</name></wpt><wpt lat="35.1125622" lon="-118.4763078"><name>2645</name></wpt><wpt lat="35.1125873" lon="-118.4763087"><name>2646</name></wpt><wpt lat="35.1126115" lon="-118.4763137"><name>2647</name></wpt><wpt lat="35.1126353" lon="-118.4763204"><name>2648</name></wpt><wpt lat="35.1126588" lon="-118.4763269"><name>2649</name></wpt><wpt lat="35.1126817" lon="-118.4763345"><name>2650</name></wpt><wpt lat="35.1127041" lon="-118.476343"><name>2651</name></wpt><wpt lat="35.1127258" lon="-118.4763497"><name>2652</name></wpt><wpt lat="35.112747" lon="-118.4763564"><name>2653</name></wpt><wpt lat="35.1127682" lon="-118.4763635"><name>2654</name></wpt><wpt lat="35.1127888" lon="-118.4763715"><name>2655</name></wpt><wpt lat="35.1128079" lon="-118.4763809"><name>2656</name></wpt><wpt lat="35.1128254" lon="-118.4763911"><name>2657</name></wpt><wpt lat="35.1128421" lon="-118.4764022"><name>2658</name></wpt><wpt lat="35.1128574" lon="-118.4764159"><name>2659</name></wpt><wpt lat="35.1128708" lon="-118.4764296"><name>2660</name></wpt><wpt lat="35.1128822" lon="-118.4764447"><name>2661</name></wpt><wpt lat="35.112892" lon="-118.4764599"><name>2662</name></wpt><wpt lat="35.1129027" lon="-118.4764756"><name>2663</name></wpt><wpt lat="35.1129126" lon="-118.4764913"><name>2664</name></wpt><wpt lat="35.1129214" lon="-118.4765056"><name>2665</name></wpt><wpt lat="35.11293" lon="-118.4765206"><name>2666</name></wpt><wpt lat="35.1129383" lon="-118.476537"><name>2667</name></wpt><wpt lat="35.1129469" lon="-118.476553"><name>2668</name></wpt><wpt lat="35.1129555" lon="-118.4765702"><name>2669</name></wpt><wpt lat="35.1129633" lon="-118.4765867"><name>2670</name></wpt><wpt lat="35.1129718" lon="-118.4766036"><name>2671</name></wpt><wpt lat="35.1129802" lon="-118.4766208"><name>2672</name></wpt><wpt lat="35.1129876" lon="-118.4766377"><name>2673</name></wpt><wpt lat="35.1129942" lon="-118.4766545"><name>2674</name></wpt><wpt lat="35.113001" lon="-118.4766716"><name>2675</name></wpt><wpt lat="35.1130074" lon="-118.4766888"><name>2676</name></wpt><wpt lat="35.1130127" lon="-118.476706"><name>2677</name></wpt><wpt lat="35.1130177" lon="-118.4767237"><name>2678</name></wpt><wpt lat="35.1130223" lon="-118.476741"><name>2679</name></wpt><wpt lat="35.113027" lon="-118.476758"><name>2680</name></wpt><wpt lat="35.1130319" lon="-118.4767751"><name>2681</name></wpt><wpt lat="35.1130363" lon="-118.4767922"><name>2682</name></wpt><wpt lat="35.1130405" lon="-118.4768091"><name>2683</name></wpt><wpt lat="35.113045" lon="-118.4768266"><name>2684</name></wpt><wpt lat="35.1130494" lon="-118.4768435"><name>2685</name></wpt><wpt lat="35.1130535" lon="-118.4768595"><name>2686</name></wpt><wpt lat="35.1130578" lon="-118.4768766"><name>2687</name></wpt><wpt lat="35.1130616" lon="-118.4768929"><name>2688</name></wpt><wpt lat="35.1130649" lon="-118.476909"><name>2689</name></wpt><wpt lat="35.1130689" lon="-118.4769247"><name>2690</name></wpt><wpt lat="35.1130735" lon="-118.4769406"><name>2691</name></wpt><wpt lat="35.1130773" lon="-118.4769553"><name>2692</name></wpt><wpt lat="35.113081" lon="-118.4769707"><name>2693</name></wpt><wpt lat="35.1130845" lon="-118.4769867"><name>2694</name></wpt><wpt lat="35.1130874" lon="-118.4770031"><name>2695</name></wpt><wpt lat="35.1130897" lon="-118.4770192"><name>2696</name></wpt><wpt lat="35.113092" lon="-118.477035"><name>2697</name></wpt><wpt lat="35.1130949" lon="-118.4770515"><name>2698</name></wpt><wpt lat="35.1130979" lon="-118.4770672"><name>2699</name></wpt><wpt lat="35.1131008" lon="-118.4770821"><name>2700</name></wpt><wpt lat="35.1131033" lon="-118.4770971"><name>2701</name></wpt><wpt lat="35.1131053" lon="-118.4771118"><name>2702</name></wpt><wpt lat="35.1131076" lon="-118.4771267"><name>2703</name></wpt><wpt lat="35.1131103" lon="-118.4771416"><name>2704</name></wpt><wpt lat="35.1131127" lon="-118.4771564"><name>2705</name></wpt><wpt lat="35.1131142" lon="-118.4771706"><name>2706</name></wpt><wpt lat="35.1131157" lon="-118.477185"><name>2707</name></wpt><wpt lat="35.1131175" lon="-118.4771992"><name>2708</name></wpt><wpt lat="35.1131198" lon="-118.4772142"><name>2709</name></wpt><wpt lat="35.1131227" lon="-118.4772278"><name>2710</name></wpt><wpt lat="35.1131261" lon="-118.4772405"><name>2711</name></wpt><wpt lat="35.1131294" lon="-118.4772537"><name>2712</name></wpt><wpt lat="35.1131323" lon="-118.4772656"><name>2713</name></wpt><wpt lat="35.1131361" lon="-118.4772782"><name>2714</name></wpt><wpt lat="35.1131397" lon="-118.4772905"><name>2715</name></wpt><wpt lat="35.1131426" lon="-118.4773035"><name>2716</name></wpt><wpt lat="35.1131447" lon="-118.4773175"><name>2717</name></wpt><wpt lat="35.1131461" lon="-118.4773323"><name>2718</name></wpt><wpt lat="35.1131483" lon="-118.4773476"><name>2719</name></wpt><wpt lat="35.1131511" lon="-118.477362"><name>2720</name></wpt><wpt lat="35.1131541" lon="-118.4773766"><name>2721</name></wpt><wpt lat="35.1131566" lon="-118.4773906"><name>2722</name></wpt><wpt lat="35.1131588" lon="-118.4774043"><name>2723</name></wpt><wpt lat="35.1131612" lon="-118.4774175"><name>2724</name></wpt><wpt lat="35.1131639" lon="-118.4774307"><name>2725</name></wpt><wpt lat="35.1131656" lon="-118.4774444"><name>2726</name></wpt><wpt lat="35.1131662" lon="-118.4774582"><name>2727</name></wpt><wpt lat="35.1131668" lon="-118.4774716"><name>2728</name></wpt><wpt lat="35.1131677" lon="-118.4774856"><name>2729</name></wpt><wpt lat="35.1131688" lon="-118.4774997"><name>2730</name></wpt><wpt lat="35.1131702" lon="-118.4775138"><name>2731</name></wpt><wpt lat="35.1131717" lon="-118.4775281"><name>2732</name></wpt><wpt lat="35.1131729" lon="-118.4775424"><name>2733</name></wpt><wpt lat="35.1131747" lon="-118.4775559"><name>2734</name></wpt><wpt lat="35.1131777" lon="-118.4775692"><name>2735</name></wpt><wpt lat="35.1131806" lon="-118.4775811"><name>2736</name></wpt><wpt lat="35.1131833" lon="-118.4775929"><name>2737</name></wpt><wpt lat="35.1131858" lon="-118.4776055"><name>2738</name></wpt><wpt lat="35.1131884" lon="-118.4776183"><name>2739</name></wpt><wpt lat="35.1131909" lon="-118.4776307"><name>2740</name></wpt><wpt lat="35.113193" lon="-118.4776433"><name>2741</name></wpt><wpt lat="35.1131952" lon="-118.4776563"><name>2742</name></wpt><wpt lat="35.1131971" lon="-118.4776703"><name>2743</name></wpt><wpt lat="35.1131985" lon="-118.4776835"><name>2744</name></wpt><wpt lat="35.1132008" lon="-118.4776964"><name>2745</name></wpt><wpt lat="35.1132031" lon="-118.477708"><name>2746</name></wpt><wpt lat="35.1132045" lon="-118.4777201"><name>2747</name></wpt><wpt lat="35.1132062" lon="-118.4777321"><name>2748</name></wpt><wpt lat="35.1132081" lon="-118.4777433"><name>2749</name></wpt><wpt lat="35.1132097" lon="-118.4777552"><name>2750</name></wpt><wpt lat="35.1132109" lon="-118.477767"><name>2751</name></wpt><wpt lat="35.1132122" lon="-118.4777787"><name>2752</name></wpt><wpt lat="35.1132132" lon="-118.4777898"><name>2753</name></wpt><wpt lat="35.1132139" lon="-118.4778007"><name>2754</name></wpt><wpt lat="35.1132142" lon="-118.4778122"><name>2755</name></wpt><wpt lat="35.1132136" lon="-118.4778231"><name>2756</name></wpt><wpt lat="35.1132122" lon="-118.4778339"><name>2757</name></wpt><wpt lat="35.1132106" lon="-118.4778436"><name>2758</name></wpt><wpt lat="35.1132103" lon="-118.4778531"><name>2759</name></wpt><wpt lat="35.1132116" lon="-118.4778607"><name>2760</name></wpt><wpt lat="35.1132135" lon="-118.477868"><name>2761</name></wpt><wpt lat="35.113215" lon="-118.4778751"><name>2762</name></wpt><wpt lat="35.1132167" lon="-118.4778817"><name>2763</name></wpt><wpt lat="35.1132182" lon="-118.477888"><name>2764</name></wpt><wpt lat="35.1132195" lon="-118.4778945"><name>2765</name></wpt><wpt lat="35.1132209" lon="-118.4779013"><name>2766</name></wpt><wpt lat="35.1132221" lon="-118.477908"><name>2767</name></wpt><wpt lat="35.1132237" lon="-118.4779148"><name>2768</name></wpt><wpt lat="35.1132247" lon="-118.4779213"><name>2769</name></wpt><wpt lat="35.1132249" lon="-118.4779279"><name>2770</name></wpt><wpt lat="35.1132253" lon="-118.4779351"><name>2771</name></wpt><wpt lat="35.113227" lon="-118.4779417"><name>2772</name></wpt><wpt lat="35.1132295" lon="-118.4779479"><name>2773</name></wpt><wpt lat="35.1132316" lon="-118.4779538"><name>2774</name></wpt><wpt lat="35.1132327" lon="-118.4779602"><name>2775</name></wpt><wpt lat="35.1132339" lon="-118.4779678"><name>2776</name></wpt><wpt lat="35.1132357" lon="-118.4779717"><name>2777</name></wpt><wpt lat="35.1132387" lon="-118.477974"><name>2778</name></wpt><wpt lat="35.1132421" lon="-118.4779739"><name>2779</name></wpt><wpt lat="35.113245" lon="-118.477973"><name>2780</name></wpt><wpt lat="35.113247" lon="-118.4779738"><name>2781</name></wpt><wpt lat="35.1132485" lon="-118.4779766"><name>2782</name></wpt><wpt lat="35.1132496" lon="-118.4779778"><name>2783</name></wpt><wpt lat="35.1132507" lon="-118.4779802"><name>2784</name></wpt><wpt lat="35.1132518" lon="-118.4779822"><name>2785</name></wpt><wpt lat="35.1132536" lon="-118.4779842"><name>2786</name></wpt><wpt lat="35.113255" lon="-118.4779865"><name>2787</name></wpt><wpt lat="35.1132566" lon="-118.4779886"><name>2788</name></wpt><wpt lat="35.113259" lon="-118.4779901"><name>2789</name></wpt><wpt lat="35.1132613" lon="-118.4779915"><name>2790</name></wpt><wpt lat="35.1132634" lon="-118.4779932"><name>2791</name></wpt><wpt lat="35.1132653" lon="-118.4779954"><name>2792</name></wpt><wpt lat="35.1132665" lon="-118.4779973"><name>2793</name></wpt><wpt lat="35.1132681" lon="-118.4779999"><name>2794</name></wpt><wpt lat="35.1132707" lon="-118.4780032"><name>2795</name></wpt><wpt lat="35.1132726" lon="-118.4780059"><name>2796</name></wpt><wpt lat="35.1132743" lon="-118.4780084"><name>2797</name></wpt><wpt lat="35.1132757" lon="-118.4780105"><name>2798</name></wpt><wpt lat="35.113277" lon="-118.4780128"><name>2799</name></wpt><wpt lat="35.1132785" lon="-118.4780153"><name>2800</name></wpt><wpt lat="35.1132798" lon="-118.4780173"><name>2801</name></wpt><wpt lat="35.1132815" lon="-118.4780198"><name>2802</name></wpt><wpt lat="35.1132828" lon="-118.4780221"><name>2803</name></wpt><wpt lat="35.113284" lon="-118.4780237"><name>2804</name></wpt><wpt lat="35.1132852" lon="-118.4780256"><name>2805</name></wpt><wpt lat="35.1132862" lon="-118.4780281"><name>2806</name></wpt><wpt lat="35.1132876" lon="-118.4780311"><name>2807</name></wpt><wpt lat="35.1132883" lon="-118.478033"><name>2808</name></wpt><wpt lat="35.1132877" lon="-118.4780353"><name>2809</name></wpt><wpt lat="35.1132873" lon="-118.4780375"><name>2810</name></wpt><wpt lat="35.1132874" lon="-118.4780398"><name>2811</name></wpt><wpt lat="35.1132871" lon="-118.4780418"><name>2812</name></wpt><wpt lat="35.1132867" lon="-118.4780419"><name>2813</name></wpt><wpt lat="35.1132873" lon="-118.4780436"><name>2814</name></wpt><wpt lat="35.1132895" lon="-118.4780482"><name>2815</name></wpt><wpt lat="35.1132912" lon="-118.4780515"><name>2816</name></wpt><wpt lat="35.113291" lon="-118.4780517"><name>2817</name></wpt><wpt lat="35.1132902" lon="-118.4780518"><name>2818</name></wpt><wpt lat="35.1132901" lon="-118.478052"><name>2819</name></wpt><wpt lat="35.1132903" lon="-118.4780484"><name>2820</name></wpt><wpt lat="35.1132898" lon="-118.4780469"><name>2821</name></wpt><wpt lat="35.1132896" lon="-118.4780468"><name>2822</name></wpt><wpt lat="35.1132874" lon="-118.4780459"><name>2823</name></wpt><wpt lat="35.1132872" lon="-118.4780438"><name>2824</name></wpt><wpt lat="35.1132893" lon="-118.4780439"><name>2825</name></wpt><wpt lat="35.1132905" lon="-118.4780432"><name>2826</name></wpt><wpt lat="35.1132908" lon="-118.4780426"><name>2827</name></wpt><wpt lat="35.1132913" lon="-118.4780427"><name>2828</name></wpt><wpt lat="35.1132918" lon="-118.4780436"><name>2829</name></wpt><wpt lat="35.1132923" lon="-118.4780447"><name>2830</name></wpt><wpt lat="35.113293" lon="-118.4780468"><name>2831</name></wpt><wpt lat="35.1132933" lon="-118.4780461"><name>2832</name></wpt><wpt lat="35.1132936" lon="-118.4780481"><name>2833</name></wpt><wpt lat="35.1132934" lon="-118.4780469"><name>2834</name></wpt></gpx>