<gpx creator="Mission Planner" xmlns="http://www.topografix.com/GPX/1/1"><trk><trkseg><trkpt lat="35.1135821" lon="-118.4780774"><ele>1285.73</ele><time>2026-04-25T12:35:12-07:00</time><course>260.7133</course><roll>-0.8960224</roll><pitch>-2.635709</pitch><mode /></trkpt><trkpt lat="35.113583" lon="-118.4780764"><ele>1286.02</ele><time>2026-04-25T12:35:12-07:00</time><course>260.7198</course><roll>-1.081878</roll><pitch>-2.942173</pitch><mode /></trkpt><trkpt lat="35.1135854" lon="-118.4780746"><ele>1286.25</ele><time>2026-04-25T12:35:12-07:00</time><course>260.7418</course><roll>-0.9839369</roll><pitch>-2.655483</pitch><mode /></trkpt><trkpt lat="35.1135884" lon="-118.478071"><ele>1286.9</ele><time>2026-04-25T12:35:12-07:00</time><course>260.7408</course><roll>-0.8351352</roll><pitch>-2.715258</pitch><mode /></trkpt><trkpt lat="35.1135885" lon="-118.4780708"><ele>1287.08</ele><time>2026-04-25T12:35:12-07:00</time><course>260.7587</course><roll>-0.8028094</roll><pitch>-2.873146</pitch><mode /></trkpt><trkpt lat="35.113588" lon="-118.4780705"><ele>1287.06</ele><time>2026-04-25T12:35:13-07:00</time><course>260.7678</course><roll>-0.2170662</roll><pitch>-2.757753</pitch><mode /></trkpt><trkpt lat="35.1135884" lon="-118.4780699"><ele>1287.08</ele><time>2026-04-25T12:35:13-07:00</time><course>260.8254</course><roll>-0.6396212</roll><pitch>-3.528942</pitch><mode /></trkpt><trkpt lat="35.1135892" lon="-118.4780696"><ele>1287.27</ele><time>2026-04-25T12:35:13-07:00</time><course>260.8543</course><roll>-0.60134</roll><pitch>-3.330694</pitch><mode /></trkpt><trkpt lat="35.1135895" lon="-118.4780695"><ele>1287.16</ele><time>2026-04-25T12:35:13-07:00</time><course>260.882</course><roll>-0.4167789</roll><pitch>-3.274101</pitch><mode /></trkpt><trkpt lat="35.1135944" lon="-118.4780636"><ele>1287.87</ele><time>2026-04-25T12:35:14-07:00</time><course>260.9266</course><roll>-0.3850773</roll><pitch>-3.429325</pitch><mode /></trkpt><trkpt lat="35.1135947" lon="-118.4780637"><ele>1287.88</ele><time>2026-04-25T12:35:14-07:00</time><course>260.9658</course><roll>-0.3509033</roll><pitch>-3.257839</pitch><mode /></trkpt><trkpt lat="35.1135984" lon="-118.4780634"><ele>1287.72</ele><time>2026-04-25T12:35:14-07:00</time><course>260.9777</course><roll>-0.3275572</roll><pitch>-3.08235</pitch><mode /></trkpt><trkpt lat="35.1135992" lon="-118.4780636"><ele>1287.46</ele><time>2026-04-25T12:35:14-07:00</time><course>261.606</course><roll>-0.3025524</roll><pitch>-3.023088</pitch><mode /></trkpt><trkpt lat="35.1135997" lon="-118.4780634"><ele>1287.46</ele><time>2026-04-25T12:35:14-07:00</time><course>261.242</course><roll>-0.7893732</roll><pitch>-3.233418</pitch><mode /></trkpt><trkpt lat="35.1135998" lon="-118.4780654"><ele>1287.26</ele><time>2026-04-25T12:35:15-07:00</time><course>261.6959</course><roll>-0.8971449</roll><pitch>-3.732892</pitch><mode /></trkpt><trkpt lat="35.113599" lon="-118.4780677"><ele>1287.22</ele><time>2026-04-25T12:35:15-07:00</time><course>261.0422</course><roll>-0.4659658</roll><pitch>-2.658858</pitch><mode /></trkpt><trkpt lat="35.1135999" lon="-118.4780675"><ele>1287.64</ele><time>2026-04-25T12:35:15-07:00</time><course>261.3927</course><roll>-1.017815</roll><pitch>-3.965357</pitch><mode /></trkpt><trkpt lat="35.1136026" lon="-118.4780641"><ele>1288.06</ele><time>2026-04-25T12:35:15-07:00</time><course>261.4735</course><roll>-1.443268</roll><pitch>-3.888543</pitch><mode /></trkpt><trkpt lat="35.1136039" lon="-118.478063"><ele>1288.25</ele><time>2026-04-25T12:35:16-07:00</time><course>261.5102</course><roll>-1.064554</roll><pitch>-3.46853</pitch><mode /></trkpt><trkpt lat="35.113607" lon="-118.4780577"><ele>1289.12</ele><time>2026-04-25T12:35:16-07:00</time><course>261.5393</course><roll>-1.138063</roll><pitch>-3.771499</pitch><mode /></trkpt><trkpt lat="35.1136103" lon="-118.4780533"><ele>1290.21</ele><time>2026-04-25T12:35:16-07:00</time><course>261.528</course><roll>-0.2068154</roll><pitch>-3.027285</pitch><mode /></trkpt><trkpt lat="35.1136123" lon="-118.4780534"><ele>1290.57</ele><time>2026-04-25T12:35:16-07:00</time><course>261.5658</course><roll>-0.7630621</roll><pitch>-2.428895</pitch><mode /></trkpt><trkpt lat="35.1136135" lon="-118.4780531"><ele>1291.22</ele><time>2026-04-25T12:35:16-07:00</time><course>261.5545</course><roll>-1.110574</roll><pitch>-2.331585</pitch><mode /></trkpt><trkpt lat="35.1136169" lon="-118.4780476"><ele>1292.12</ele><time>2026-04-25T12:35:17-07:00</time><course>261.5003</course><roll>-0.4379482</roll><pitch>-2.561019</pitch><mode /></trkpt><trkpt lat="35.1136173" lon="-118.478047"><ele>1292.25</ele><time>2026-04-25T12:35:17-07:00</time><course>261.5035</course><roll>-0.5914122</roll><pitch>-2.940226</pitch><mode /></trkpt><trkpt lat="35.1136169" lon="-118.4780463"><ele>1292.95</ele><time>2026-04-25T12:35:17-07:00</time><course>261.5095</course><roll>-0.1740277</roll><pitch>-2.583014</pitch><mode /></trkpt><trkpt lat="35.1136172" lon="-118.4780449"><ele>1293.14</ele><time>2026-04-25T12:35:17-07:00</time><course>261.5226</course><roll>-0.1797588</roll><pitch>-2.702147</pitch><mode /></trkpt><trkpt lat="35.1136173" lon="-118.4780442"><ele>1293.56</ele><time>2026-04-25T12:35:17-07:00</time><course>261.5388</course><roll>-0.164388</roll><pitch>-2.700688</pitch><mode /></trkpt><trkpt lat="35.1136172" lon="-118.4780429"><ele>1293.87</ele><time>2026-04-25T12:35:18-07:00</time><course>261.5419</course><roll>-0.182054</roll><pitch>-2.76349</pitch><mode /></trkpt><trkpt lat="35.1136177" lon="-118.4780417"><ele>1294.04</ele><time>2026-04-25T12:35:18-07:00</time><course>261.5284</course><roll>0.001825525</roll><pitch>-2.908218</pitch><mode /></trkpt><trkpt lat="35.1136189" lon="-118.4780399"><ele>1293.89</ele><time>2026-04-25T12:35:18-07:00</time><course>261.5797</course><roll>-0.4278411</roll><pitch>-2.882292</pitch><mode /></trkpt><trkpt lat="35.1136194" lon="-118.4780382"><ele>1293.81</ele><time>2026-04-25T12:35:18-07:00</time><course>261.59</course><roll>-0.2861122</roll><pitch>-2.946756</pitch><mode /></trkpt><trkpt lat="35.1136197" lon="-118.4780385"><ele>1293.62</ele><time>2026-04-25T12:35:18-07:00</time><course>261.5944</course><roll>-0.1853157</roll><pitch>-2.796573</pitch><mode /></trkpt><trkpt lat="35.1136223" lon="-118.4780348"><ele>1293.76</ele><time>2026-04-25T12:35:19-07:00</time><course>261.6225</course><roll>-0.5400388</roll><pitch>-3.037547</pitch><mode /></trkpt><trkpt lat="35.1136229" lon="-118.4780325"><ele>1293.35</ele><time>2026-04-25T12:35:19-07:00</time><course>261.6156</course><roll>-0.4900975</roll><pitch>-3.030172</pitch><mode /></trkpt><trkpt lat="35.1136238" lon="-118.4780304"><ele>1293.09</ele><time>2026-04-25T12:35:19-07:00</time><course>261.6313</course><roll>-0.5573893</roll><pitch>-3.195142</pitch><mode /></trkpt><trkpt lat="35.1136256" lon="-118.47803"><ele>1293.06</ele><time>2026-04-25T12:35:19-07:00</time><course>261.6647</course><roll>-0.4334813</roll><pitch>-3.111275</pitch><mode /></trkpt><trkpt lat="35.1136259" lon="-118.4780296"><ele>1293.13</ele><time>2026-04-25T12:35:19-07:00</time><course>261.6888</course><roll>-0.5331914</roll><pitch>-3.077731</pitch><mode /></trkpt><trkpt lat="35.1136277" lon="-118.4780255"><ele>1292.99</ele><time>2026-04-25T12:35:20-07:00</time><course>261.7103</course><roll>-0.472656</roll><pitch>-3.216785</pitch><mode /></trkpt><trkpt lat="35.1136289" lon="-118.4780221"><ele>1292.97</ele><time>2026-04-25T12:35:20-07:00</time><course>261.7213</course><roll>-0.4276261</roll><pitch>-3.250466</pitch><mode /></trkpt><trkpt lat="35.1136297" lon="-118.478021"><ele>1292.72</ele><time>2026-04-25T12:35:20-07:00</time><course>261.7335</course><roll>-0.5285209</roll><pitch>-3.121461</pitch><mode /></trkpt><trkpt lat="35.1136305" lon="-118.4780192"><ele>1292.54</ele><time>2026-04-25T12:35:20-07:00</time><course>261.7844</course><roll>-0.881555</roll><pitch>-3.43565</pitch><mode /></trkpt><trkpt lat="35.1136318" lon="-118.4780167"><ele>1292.49</ele><time>2026-04-25T12:35:20-07:00</time><course>261.8046</course><roll>-0.6356102</roll><pitch>-3.242391</pitch><mode /></trkpt><trkpt lat="35.1136337" lon="-118.4780137"><ele>1292.39</ele><time>2026-04-25T12:35:21-07:00</time><course>261.8403</course><roll>-0.7213412</roll><pitch>-3.421054</pitch><mode /></trkpt><trkpt lat="35.1136338" lon="-118.4780118"><ele>1292.24</ele><time>2026-04-25T12:35:21-07:00</time><course>261.8846</course><roll>-0.6592633</roll><pitch>-3.244996</pitch><mode /></trkpt><trkpt lat="35.1136329" lon="-118.4780121"><ele>1292.27</ele><time>2026-04-25T12:35:21-07:00</time><course>261.8811</course><roll>-0.5543749</roll><pitch>-3.206559</pitch><mode /></trkpt><trkpt lat="35.1136326" lon="-118.4780118"><ele>1292.18</ele><time>2026-04-25T12:35:21-07:00</time><course>261.8708</course><roll>-0.1563761</roll><pitch>-3.200016</pitch><mode /></trkpt><trkpt lat="35.1136324" lon="-118.4780109"><ele>1292.19</ele><time>2026-04-25T12:35:22-07:00</time><course>261.9356</course><roll>-0.8861496</roll><pitch>-3.452146</pitch><mode /></trkpt><trkpt lat="35.1136311" lon="-118.4780113"><ele>1292.23</ele><time>2026-04-25T12:35:22-07:00</time><course>261.957</course><roll>-0.7831282</roll><pitch>-3.320702</pitch><mode /></trkpt><trkpt lat="35.1136305" lon="-118.4780115"><ele>1292.26</ele><time>2026-04-25T12:35:22-07:00</time><course>261.9362</course><roll>0.05454329</roll><pitch>-2.994731</pitch><mode /></trkpt><trkpt lat="35.1136307" lon="-118.4780112"><ele>1292.4</ele><time>2026-04-25T12:35:22-07:00</time><course>261.9595</course><roll>-0.3658374</roll><pitch>-3.015115</pitch><mode /></trkpt><trkpt lat="35.1136309" lon="-118.4780105"><ele>1292.51</ele><time>2026-04-25T12:35:23-07:00</time><course>261.9889</course><roll>-0.7166206</roll><pitch>-3.809436</pitch><mode /></trkpt><trkpt lat="35.1136306" lon="-118.47801"><ele>1292.54</ele><time>2026-04-25T12:35:23-07:00</time><course>262.0127</course><roll>-0.4730091</roll><pitch>-3.719159</pitch><mode /></trkpt><trkpt lat="35.1136299" lon="-118.4780106"><ele>1292.56</ele><time>2026-04-25T12:35:23-07:00</time><course>262.0524</course><roll>-0.4502029</roll><pitch>-3.42311</pitch><mode /></trkpt><trkpt lat="35.1136288" lon="-118.4780111"><ele>1292.69</ele><time>2026-04-25T12:35:23-07:00</time><course>262.0961</course><roll>-0.4129743</roll><pitch>-3.352272</pitch><mode /></trkpt><trkpt lat="35.1136285" lon="-118.4780128"><ele>1292.66</ele><time>2026-04-25T12:35:24-07:00</time><course>262.1078</course><roll>-0.1864136</roll><pitch>-3.373443</pitch><mode /></trkpt><trkpt lat="35.113629" lon="-118.4780138"><ele>1292.8</ele><time>2026-04-25T12:35:24-07:00</time><course>262.1715</course><roll>-0.5807966</roll><pitch>-3.235334</pitch><mode /></trkpt><trkpt lat="35.1136297" lon="-118.478013"><ele>1292.71</ele><time>2026-04-25T12:35:24-07:00</time><course>262.2098</course><roll>-0.8236027</roll><pitch>-3.469336</pitch><mode /></trkpt><trkpt lat="35.1136306" lon="-118.4780129"><ele>1292.55</ele><time>2026-04-25T12:35:24-07:00</time><course>262.2118</course><roll>-0.5540684</roll><pitch>-3.545444</pitch><mode /></trkpt><trkpt lat="35.1136308" lon="-118.4780136"><ele>1292.6</ele><time>2026-04-25T12:35:24-07:00</time><course>262.2536</course><roll>-0.6105763</roll><pitch>-3.452705</pitch><mode /></trkpt><trkpt lat="35.1136312" lon="-118.4780129"><ele>1292.47</ele><time>2026-04-25T12:35:25-07:00</time><course>262.2777</course><roll>-0.6165268</roll><pitch>-3.191992</pitch><mode /></trkpt><trkpt lat="35.1136315" lon="-118.4780118"><ele>1292.44</ele><time>2026-04-25T12:35:25-07:00</time><course>262.2888</course><roll>-0.5341192</roll><pitch>-3.366287</pitch><mode /></trkpt><trkpt lat="35.1136311" lon="-118.478011"><ele>1292.32</ele><time>2026-04-25T12:35:25-07:00</time><course>262.297</course><roll>-0.4857629</roll><pitch>-3.508368</pitch><mode /></trkpt><trkpt lat="35.113631" lon="-118.4780093"><ele>1292.46</ele><time>2026-04-25T12:35:25-07:00</time><course>262.326</course><roll>-0.5982041</roll><pitch>-3.230966</pitch><mode /></trkpt><trkpt lat="35.1136308" lon="-118.4780085"><ele>1292.56</ele><time>2026-04-25T12:35:26-07:00</time><course>262.3514</course><roll>-0.6780729</roll><pitch>-3.494333</pitch><mode /></trkpt><trkpt lat="35.11363" lon="-118.478008"><ele>1292.51</ele><time>2026-04-25T12:35:26-07:00</time><course>262.3741</course><roll>-0.9769438</roll><pitch>-3.30309</pitch><mode /></trkpt><trkpt lat="35.1136296" lon="-118.4780077"><ele>1292.43</ele><time>2026-04-25T12:35:26-07:00</time><course>262.3346</course><roll>-0.3935398</roll><pitch>-3.395518</pitch><mode /></trkpt><trkpt lat="35.1136295" lon="-118.4780076"><ele>1292.31</ele><time>2026-04-25T12:35:26-07:00</time><course>262.3623</course><roll>-0.7321417</roll><pitch>-3.617814</pitch><mode /></trkpt><trkpt lat="35.11363" lon="-118.4780067"><ele>1292.34</ele><time>2026-04-25T12:35:27-07:00</time><course>262.3387</course><roll>-0.4008743</roll><pitch>-3.440569</pitch><mode /></trkpt><trkpt lat="35.1136302" lon="-118.4780059"><ele>1292.34</ele><time>2026-04-25T12:35:27-07:00</time><course>262.3489</course><roll>-0.487459</roll><pitch>-3.372673</pitch><mode /></trkpt><trkpt lat="35.1136306" lon="-118.478004"><ele>1292.17</ele><time>2026-04-25T12:35:27-07:00</time><course>262.3585</course><roll>-0.4832617</roll><pitch>-3.353292</pitch><mode /></trkpt><trkpt lat="35.1136308" lon="-118.4780017"><ele>1292.15</ele><time>2026-04-25T12:35:28-07:00</time><course>262.3784</course><roll>-0.4208169</roll><pitch>-3.421914</pitch><mode /></trkpt><trkpt lat="35.113631" lon="-118.4780009"><ele>1292.14</ele><time>2026-04-25T12:35:28-07:00</time><course>262.3947</course><roll>-0.542967</roll><pitch>-3.441679</pitch><mode /></trkpt><trkpt lat="35.1136305" lon="-118.4780009"><ele>1291.97</ele><time>2026-04-25T12:35:28-07:00</time><course>262.4038</course><roll>-0.3986509</roll><pitch>-3.365071</pitch><mode /></trkpt><trkpt lat="35.1136286" lon="-118.4780007"><ele>1291.86</ele><time>2026-04-25T12:35:29-07:00</time><course>262.3952</course><roll>-0.6458335</roll><pitch>-3.140857</pitch><mode /></trkpt><trkpt lat="35.1136279" lon="-118.4780003"><ele>1291.77</ele><time>2026-04-25T12:35:29-07:00</time><course>262.377</course><roll>-0.6141932</roll><pitch>-3.077204</pitch><mode /></trkpt><trkpt lat="35.1136277" lon="-118.4779984"><ele>1291.65</ele><time>2026-04-25T12:35:29-07:00</time><course>262.2437</course><roll>-0.9510856</roll><pitch>-3.056793</pitch><mode /></trkpt><trkpt lat="35.1136268" lon="-118.4779976"><ele>1291.9</ele><time>2026-04-25T12:35:31-07:00</time><course>262.2369</course><roll>-0.9010607</roll><pitch>-3.116497</pitch><mode /></trkpt><trkpt lat="35.1136261" lon="-118.4779974"><ele>1291.75</ele><time>2026-04-25T12:35:32-07:00</time><course>262.1907</course><roll>-0.9551617</roll><pitch>-2.962475</pitch><mode /></trkpt><trkpt lat="35.1136256" lon="-118.4779962"><ele>1291.74</ele><time>2026-04-25T12:35:32-07:00</time><course>262.1786</course><roll>-1.130421</roll><pitch>-2.825906</pitch><mode /></trkpt><trkpt lat="35.1136251" lon="-118.4779957"><ele>1291.59</ele><time>2026-04-25T12:35:32-07:00</time><course>262.1553</course><roll>-0.8247769</roll><pitch>-3.031864</pitch><mode /></trkpt><trkpt lat="35.1136247" lon="-118.4779958"><ele>1291.62</ele><time>2026-04-25T12:35:32-07:00</time><course>262.1607</course><roll>-0.8774496</roll><pitch>-3.102743</pitch><mode /></trkpt><trkpt lat="35.1136234" lon="-118.477996"><ele>1291.45</ele><time>2026-04-25T12:35:33-07:00</time><course>262.1734</course><roll>-1.104094</roll><pitch>-2.833618</pitch><mode /></trkpt><trkpt lat="35.1136228" lon="-118.4779962"><ele>1291.4</ele><time>2026-04-25T12:35:33-07:00</time><course>262.1592</course><roll>-1.146537</roll><pitch>-2.875798</pitch><mode /></trkpt><trkpt lat="35.1136223" lon="-118.4779965"><ele>1291.13</ele><time>2026-04-25T12:35:33-07:00</time><course>262.1207</course><roll>-1.003786</roll><pitch>-2.881662</pitch><mode /></trkpt><trkpt lat="35.1136222" lon="-118.4779967"><ele>1291.02</ele><time>2026-04-25T12:35:33-07:00</time><course>262.0801</course><roll>-0.8059037</roll><pitch>-2.934506</pitch><mode /></trkpt><trkpt lat="35.1136225" lon="-118.4779972"><ele>1290.88</ele><time>2026-04-25T12:35:33-07:00</time><course>261.4727</course><roll>-1.05736</roll><pitch>-2.963254</pitch><mode /></trkpt><trkpt lat="35.1136223" lon="-118.4779982"><ele>1291.05</ele><time>2026-04-25T12:35:34-07:00</time><course>261.4769</course><roll>-1.101975</roll><pitch>-2.979367</pitch><mode /></trkpt><trkpt lat="35.1136216" lon="-118.477999"><ele>1290.84</ele><time>2026-04-25T12:35:34-07:00</time><course>261.4714</course><roll>-1.065382</roll><pitch>-2.998409</pitch><mode /></trkpt><trkpt lat="35.1136219" lon="-118.4779991"><ele>1290.88</ele><time>2026-04-25T12:35:34-07:00</time><course>261.4811</course><roll>-1.056042</roll><pitch>-2.912152</pitch><mode /></trkpt><trkpt lat="35.1136216" lon="-118.4779986"><ele>1290.88</ele><time>2026-04-25T12:35:34-07:00</time><course>261.4755</course><roll>-0.9983869</roll><pitch>-2.910454</pitch><mode /></trkpt><trkpt lat="35.1136219" lon="-118.4779987"><ele>1291.07</ele><time>2026-04-25T12:35:35-07:00</time><course>261.4791</course><roll>-1.093643</roll><pitch>-3.002536</pitch><mode /></trkpt><trkpt lat="35.1136223" lon="-118.4779982"><ele>1291.18</ele><time>2026-04-25T12:35:35-07:00</time><course>261.4682</course><roll>-1.041991</roll><pitch>-2.997951</pitch><mode /></trkpt><trkpt lat="35.1136224" lon="-118.477998"><ele>1291.21</ele><time>2026-04-25T12:35:35-07:00</time><course>261.4656</course><roll>-1.071329</roll><pitch>-2.991535</pitch><mode /></trkpt><trkpt lat="35.113623" lon="-118.4779973"><ele>1291.18</ele><time>2026-04-25T12:35:35-07:00</time><course>261.4652</course><roll>-1.120545</roll><pitch>-2.997128</pitch><mode /></trkpt><trkpt lat="35.1136232" lon="-118.4779969"><ele>1291.17</ele><time>2026-04-25T12:35:35-07:00</time><course>261.4671</course><roll>-1.111311</roll><pitch>-3.008185</pitch><mode /></trkpt><trkpt lat="35.1136231" lon="-118.4779966"><ele>1291.11</ele><time>2026-04-25T12:35:36-07:00</time><course>261.464</course><roll>-1.10624</roll><pitch>-3.008012</pitch><mode /></trkpt><trkpt lat="35.1136232" lon="-118.477996"><ele>1291.02</ele><time>2026-04-25T12:35:36-07:00</time><course>261.4634</course><roll>-1.109879</roll><pitch>-3.00624</pitch><mode /></trkpt><trkpt lat="35.1136229" lon="-118.4779942"><ele>1290.83</ele><time>2026-04-25T12:35:36-07:00</time><course>261.4654</course><roll>-1.109929</roll><pitch>-3.012063</pitch><mode /></trkpt><trkpt lat="35.1136228" lon="-118.4779931"><ele>1290.7</ele><time>2026-04-25T12:35:36-07:00</time><course>261.4706</course><roll>-1.155779</roll><pitch>-3.062223</pitch><mode /></trkpt><trkpt lat="35.1136225" lon="-118.4779929"><ele>1290.61</ele><time>2026-04-25T12:35:36-07:00</time><course>261.4673</course><roll>-1.143208</roll><pitch>-3.073882</pitch><mode /></trkpt><trkpt lat="35.1136221" lon="-118.4779921"><ele>1290.68</ele><time>2026-04-25T12:35:37-07:00</time><course>261.4621</course><roll>-1.125083</roll><pitch>-3.070723</pitch><mode /></trkpt><trkpt lat="35.1136214" lon="-118.477991"><ele>1290.68</ele><time>2026-04-25T12:35:37-07:00</time><course>261.463</course><roll>-1.111423</roll><pitch>-3.071802</pitch><mode /></trkpt><trkpt lat="35.113621" lon="-118.4779909"><ele>1290.75</ele><time>2026-04-25T12:35:37-07:00</time><course>261.462</course><roll>-1.087961</roll><pitch>-3.072623</pitch><mode /></trkpt><trkpt lat="35.1136205" lon="-118.4779906"><ele>1290.8</ele><time>2026-04-25T12:35:38-07:00</time><course>261.4596</course><roll>-1.063198</roll><pitch>-3.057278</pitch><mode /></trkpt><trkpt lat="35.1136202" lon="-118.4779905"><ele>1290.73</ele><time>2026-04-25T12:35:38-07:00</time><course>261.4612</course><roll>-1.017419</roll><pitch>-3.044152</pitch><mode /></trkpt><trkpt lat="35.113619" lon="-118.4779904"><ele>1290.58</ele><time>2026-04-25T12:35:38-07:00</time><course>261.4647</course><roll>-1.054125</roll><pitch>-3.041592</pitch><mode /></trkpt><trkpt lat="35.1136189" lon="-118.4779903"><ele>1290.57</ele><time>2026-04-25T12:35:38-07:00</time><course>261.4685</course><roll>-1.028773</roll><pitch>-3.030205</pitch><mode /></trkpt><trkpt lat="35.1136183" lon="-118.4779898"><ele>1290.44</ele><time>2026-04-25T12:35:38-07:00</time><course>261.4778</course><roll>-1.046479</roll><pitch>-3.027133</pitch><mode /></trkpt><trkpt lat="35.1136185" lon="-118.4779892"><ele>1290.38</ele><time>2026-04-25T12:35:39-07:00</time><course>261.4792</course><roll>-1.030177</roll><pitch>-3.032092</pitch><mode /></trkpt><trkpt lat="35.1136182" lon="-118.4779888"><ele>1290.24</ele><time>2026-04-25T12:35:39-07:00</time><course>261.4833</course><roll>-1.010417</roll><pitch>-3.047442</pitch><mode /></trkpt><trkpt lat="35.113618" lon="-118.4779892"><ele>1290.27</ele><time>2026-04-25T12:35:39-07:00</time><course>261.4904</course><roll>-0.9827089</roll><pitch>-3.028434</pitch><mode /></trkpt><trkpt lat="35.1136183" lon="-118.4779887"><ele>1290.19</ele><time>2026-04-25T12:35:39-07:00</time><course>261.5029</course><roll>-1.01845</roll><pitch>-3.033049</pitch><mode /></trkpt><trkpt lat="35.1136188" lon="-118.4779873"><ele>1290.18</ele><time>2026-04-25T12:35:40-07:00</time><course>261.5107</course><roll>-1.024173</roll><pitch>-3.022553</pitch><mode /></trkpt><trkpt lat="35.1136195" lon="-118.4779872"><ele>1290.16</ele><time>2026-04-25T12:35:40-07:00</time><course>261.5133</course><roll>-1.026138</roll><pitch>-3.019924</pitch><mode /></trkpt><trkpt lat="35.1136199" lon="-118.4779877"><ele>1290.22</ele><time>2026-04-25T12:35:40-07:00</time><course>261.5141</course><roll>-1.099332</roll><pitch>-3.001224</pitch><mode /></trkpt><trkpt lat="35.1136201" lon="-118.4779881"><ele>1290.2</ele><time>2026-04-25T12:35:40-07:00</time><course>261.5078</course><roll>-1.031872</roll><pitch>-2.973655</pitch><mode /></trkpt><trkpt lat="35.1136202" lon="-118.4779882"><ele>1290.27</ele><time>2026-04-25T12:35:40-07:00</time><course>261.5078</course><roll>-1.059254</roll><pitch>-2.957819</pitch><mode /></trkpt><trkpt lat="35.1136213" lon="-118.4779875"><ele>1290.23</ele><time>2026-04-25T12:35:41-07:00</time><course>261.4996</course><roll>-1.035936</roll><pitch>-2.918604</pitch><mode /></trkpt><trkpt lat="35.1136216" lon="-118.4779865"><ele>1290.16</ele><time>2026-04-25T12:35:41-07:00</time><course>261.4903</course><roll>-1.005449</roll><pitch>-2.882123</pitch><mode /></trkpt><trkpt lat="35.1136209" lon="-118.4779859"><ele>1290.13</ele><time>2026-04-25T12:35:41-07:00</time><course>261.4803</course><roll>-1.000578</roll><pitch>-2.886383</pitch><mode /></trkpt><trkpt lat="35.1136205" lon="-118.4779853"><ele>1290.13</ele><time>2026-04-25T12:35:41-07:00</time><course>261.4763</course><roll>-0.9866719</roll><pitch>-2.931481</pitch><mode /></trkpt><trkpt lat="35.113621" lon="-118.4779846"><ele>1290.16</ele><time>2026-04-25T12:35:42-07:00</time><course>261.4781</course><roll>-0.9406114</roll><pitch>-2.970908</pitch><mode /></trkpt><trkpt lat="35.1136214" lon="-118.4779844"><ele>1290.15</ele><time>2026-04-25T12:35:42-07:00</time><course>261.4774</course><roll>-1.014699</roll><pitch>-2.988222</pitch><mode /></trkpt><trkpt lat="35.1136222" lon="-118.4779843"><ele>1290.28</ele><time>2026-04-25T12:35:42-07:00</time><course>261.4646</course><roll>-1.336579</roll><pitch>-3.026479</pitch><mode /></trkpt><trkpt lat="35.1136233" lon="-118.4779841"><ele>1290.34</ele><time>2026-04-25T12:35:42-07:00</time><course>261.4563</course><roll>-1.298753</roll><pitch>-2.985348</pitch><mode /></trkpt><trkpt lat="35.1136231" lon="-118.4779846"><ele>1290.3</ele><time>2026-04-25T12:35:42-07:00</time><course>261.4277</course><roll>-1.130303</roll><pitch>-2.349382</pitch><mode /></trkpt><trkpt lat="35.1136235" lon="-118.4779842"><ele>1290.39</ele><time>2026-04-25T12:35:43-07:00</time><course>261.3416</course><roll>-1.226108</roll><pitch>-1.347365</pitch><mode /></trkpt><trkpt lat="35.1136238" lon="-118.477983"><ele>1290.57</ele><time>2026-04-25T12:35:43-07:00</time><course>261.3495</course><roll>-1.11533</roll><pitch>-1.538738</pitch><mode /></trkpt><trkpt lat="35.1136237" lon="-118.4779825"><ele>1290.89</ele><time>2026-04-25T12:35:43-07:00</time><course>261.2499</course><roll>-1.16097</roll><pitch>-1.298584</pitch><mode /></trkpt><trkpt lat="35.1136233" lon="-118.4779832"><ele>1290.96</ele><time>2026-04-25T12:35:43-07:00</time><course>261.2549</course><roll>-1.086327</roll><pitch>-2.218314</pitch><mode /></trkpt><trkpt lat="35.1136234" lon="-118.4779843"><ele>1290.91</ele><time>2026-04-25T12:35:43-07:00</time><course>261.3127</course><roll>-1.297303</roll><pitch>-3.097991</pitch><mode /></trkpt><trkpt lat="35.113623" lon="-118.4779842"><ele>1290.94</ele><time>2026-04-25T12:35:44-07:00</time><course>261.3247</course><roll>-1.285077</roll><pitch>-3.039025</pitch><mode /></trkpt><trkpt lat="35.1136222" lon="-118.477984"><ele>1290.93</ele><time>2026-04-25T12:35:44-07:00</time><course>261.3342</course><roll>-1.339999</roll><pitch>-3.060744</pitch><mode /></trkpt><trkpt lat="35.1136217" lon="-118.4779848"><ele>1290.75</ele><time>2026-04-25T12:35:44-07:00</time><course>261.3381</course><roll>-1.42098</roll><pitch>-3.073297</pitch><mode /></trkpt><trkpt lat="35.1136216" lon="-118.4779856"><ele>1290.61</ele><time>2026-04-25T12:35:44-07:00</time><course>261.3324</course><roll>-1.34828</roll><pitch>-3.033296</pitch><mode /></trkpt><trkpt lat="35.1136218" lon="-118.4779858"><ele>1290.5</ele><time>2026-04-25T12:35:44-07:00</time><course>261.3379</course><roll>-1.380275</roll><pitch>-3.01564</pitch><mode /></trkpt><trkpt lat="35.1136222" lon="-118.4779847"><ele>1290.55</ele><time>2026-04-25T12:35:45-07:00</time><course>261.3412</course><roll>-1.436084</roll><pitch>-3.011555</pitch><mode /></trkpt><trkpt lat="35.1136215" lon="-118.4779848"><ele>1290.57</ele><time>2026-04-25T12:35:45-07:00</time><course>261.3393</course><roll>-1.433771</roll><pitch>-3.018108</pitch><mode /></trkpt><trkpt lat="35.1136209" lon="-118.4779858"><ele>1290.48</ele><time>2026-04-25T12:35:45-07:00</time><course>261.335</course><roll>-1.455423</roll><pitch>-3.013203</pitch><mode /></trkpt><trkpt lat="35.1136204" lon="-118.4779864"><ele>1290.43</ele><time>2026-04-25T12:35:45-07:00</time><course>261.3296</course><roll>-1.415181</roll><pitch>-3.060306</pitch><mode /></trkpt><trkpt lat="35.1136199" lon="-118.4779874"><ele>1290.43</ele><time>2026-04-25T12:35:45-07:00</time><course>261.3275</course><roll>-1.364921</roll><pitch>-3.034201</pitch><mode /></trkpt><trkpt lat="35.1136196" lon="-118.4779881"><ele>1290.34</ele><time>2026-04-25T12:35:46-07:00</time><course>261.338</course><roll>-1.520134</roll><pitch>-3.03301</pitch><mode /></trkpt><trkpt lat="35.1136179" lon="-118.477989"><ele>1290.09</ele><time>2026-04-25T12:35:46-07:00</time><course>261.3369</course><roll>-1.526974</roll><pitch>-3.025592</pitch><mode /></trkpt><trkpt lat="35.1136166" lon="-118.4779901"><ele>1289.86</ele><time>2026-04-25T12:35:46-07:00</time><course>261.3331</course><roll>-1.5063</roll><pitch>-3.004766</pitch><mode /></trkpt><trkpt lat="35.1136164" lon="-118.4779905"><ele>1289.73</ele><time>2026-04-25T12:35:46-07:00</time><course>261.3239</course><roll>-1.469144</roll><pitch>-2.974475</pitch><mode /></trkpt><trkpt lat="35.1136091" lon="-118.4779944"><ele>1288.77</ele><time>2026-04-25T12:35:48-07:00</time><course>261.2718</course><roll>-1.303173</roll><pitch>-2.850063</pitch><mode /></trkpt><trkpt lat="35.1136083" lon="-118.4779957"><ele>1288.7</ele><time>2026-04-25T12:35:48-07:00</time><course>261.2675</course><roll>-1.327348</roll><pitch>-2.862816</pitch><mode /></trkpt><trkpt lat="35.1136081" lon="-118.4779961"><ele>1288.68</ele><time>2026-04-25T12:35:48-07:00</time><course>261.2617</course><roll>-1.290117</roll><pitch>-2.83839</pitch><mode /></trkpt><trkpt lat="35.1136082" lon="-118.4779975"><ele>1288.67</ele><time>2026-04-25T12:35:48-07:00</time><course>261.257</course><roll>-1.255409</roll><pitch>-2.823666</pitch><mode /></trkpt><trkpt lat="35.1136083" lon="-118.4780012"><ele>1288.56</ele><time>2026-04-25T12:35:49-07:00</time><course>261.2533</course><roll>-1.25664</roll><pitch>-2.824913</pitch><mode /></trkpt><trkpt lat="35.1136093" lon="-118.4780025"><ele>1288.63</ele><time>2026-04-25T12:35:49-07:00</time><course>261.2496</course><roll>-1.284276</roll><pitch>-2.822735</pitch><mode /></trkpt><trkpt lat="35.1136086" lon="-118.4780024"><ele>1288.42</ele><time>2026-04-25T12:35:49-07:00</time><course>261.2525</course><roll>-1.287259</roll><pitch>-2.796562</pitch><mode /></trkpt><trkpt lat="35.1136083" lon="-118.4780022"><ele>1288.27</ele><time>2026-04-25T12:35:49-07:00</time><course>261.2492</course><roll>-1.249149</roll><pitch>-2.788729</pitch><mode /></trkpt><trkpt lat="35.1136087" lon="-118.4780023"><ele>1288.16</ele><time>2026-04-25T12:35:50-07:00</time><course>261.253</course><roll>-1.317999</roll><pitch>-2.794554</pitch><mode /></trkpt><trkpt lat="35.1136091" lon="-118.478003"><ele>1288.12</ele><time>2026-04-25T12:35:50-07:00</time><course>261.2519</course><roll>-1.278595</roll><pitch>-2.790185</pitch><mode /></trkpt><trkpt lat="35.1136092" lon="-118.4780033"><ele>1288.1</ele><time>2026-04-25T12:35:50-07:00</time><course>261.2541</course><roll>-1.391095</roll><pitch>-2.822333</pitch><mode /></trkpt><trkpt lat="35.113609" lon="-118.4780036"><ele>1288.05</ele><time>2026-04-25T12:35:50-07:00</time><course>261.255</course><roll>-1.347488</roll><pitch>-2.802352</pitch><mode /></trkpt><trkpt lat="35.1136083" lon="-118.4780046"><ele>1288.07</ele><time>2026-04-25T12:35:50-07:00</time><course>261.2521</course><roll>-1.325946</roll><pitch>-2.796591</pitch><mode /></trkpt><trkpt lat="35.1136079" lon="-118.4780044"><ele>1288.12</ele><time>2026-04-25T12:35:51-07:00</time><course>261.2489</course><roll>-1.420157</roll><pitch>-2.805494</pitch><mode /></trkpt><trkpt lat="35.1136071" lon="-118.478007"><ele>1288.14</ele><time>2026-04-25T12:35:51-07:00</time><course>261.2376</course><roll>-1.330494</roll><pitch>-2.786367</pitch><mode /></trkpt><trkpt lat="35.1136081" lon="-118.4780085"><ele>1288.01</ele><time>2026-04-25T12:35:51-07:00</time><course>261.2292</course><roll>-1.563836</roll><pitch>-2.812037</pitch><mode /></trkpt><trkpt lat="35.1136076" lon="-118.478011"><ele>1287.96</ele><time>2026-04-25T12:35:52-07:00</time><course>261.215</course><roll>-1.523198</roll><pitch>-2.794235</pitch><mode /></trkpt><trkpt lat="35.1136083" lon="-118.4780113"><ele>1287.9</ele><time>2026-04-25T12:35:52-07:00</time><course>261.2056</course><roll>-1.483153</roll><pitch>-2.76989</pitch><mode /></trkpt><trkpt lat="35.1136087" lon="-118.4780109"><ele>1287.98</ele><time>2026-04-25T12:35:52-07:00</time><course>261.1908</course><roll>-1.474869</roll><pitch>-2.758868</pitch><mode /></trkpt><trkpt lat="35.1136089" lon="-118.4780107"><ele>1287.89</ele><time>2026-04-25T12:35:52-07:00</time><course>261.1766</course><roll>-1.460648</roll><pitch>-2.735649</pitch><mode /></trkpt><trkpt lat="35.1136088" lon="-118.4780121"><ele>1288.03</ele><time>2026-04-25T12:35:52-07:00</time><course>261.1699</course><roll>-1.480602</roll><pitch>-2.736745</pitch><mode /></trkpt><trkpt lat="35.1136086" lon="-118.4780135"><ele>1288.15</ele><time>2026-04-25T12:35:53-07:00</time><course>261.1423</course><roll>-1.477365</roll><pitch>-2.730812</pitch><mode /></trkpt><trkpt lat="35.113609" lon="-118.478014"><ele>1288.12</ele><time>2026-04-25T12:35:53-07:00</time><course>261.134</course><roll>-1.445432</roll><pitch>-2.724949</pitch><mode /></trkpt><trkpt lat="35.1136099" lon="-118.4780145"><ele>1288.11</ele><time>2026-04-25T12:35:53-07:00</time><course>261.126</course><roll>-1.456378</roll><pitch>-2.728785</pitch><mode /></trkpt><trkpt lat="35.1136102" lon="-118.4780148"><ele>1287.98</ele><time>2026-04-25T12:35:53-07:00</time><course>261.1195</course><roll>-1.474004</roll><pitch>-2.718086</pitch><mode /></trkpt><trkpt lat="35.1136103" lon="-118.4780149"><ele>1287.86</ele><time>2026-04-25T12:35:54-07:00</time><course>261.1005</course><roll>-1.464871</roll><pitch>-2.719659</pitch><mode /></trkpt><trkpt lat="35.1136097" lon="-118.4780158"><ele>1287.93</ele><time>2026-04-25T12:35:54-07:00</time><course>261.0872</course><roll>-1.426674</roll><pitch>-2.688776</pitch><mode /></trkpt><trkpt lat="35.1136093" lon="-118.4780171"><ele>1287.8</ele><time>2026-04-25T12:35:54-07:00</time><course>261.0767</course><roll>-1.49017</roll><pitch>-2.699774</pitch><mode /></trkpt><trkpt lat="35.1136097" lon="-118.4780169"><ele>1287.63</ele><time>2026-04-25T12:35:54-07:00</time><course>261.065</course><roll>-1.495705</roll><pitch>-2.701465</pitch><mode /></trkpt><trkpt lat="35.1136096" lon="-118.4780165"><ele>1287.65</ele><time>2026-04-25T12:35:55-07:00</time><course>261.0558</course><roll>-1.539979</roll><pitch>-2.693255</pitch><mode /></trkpt><trkpt lat="35.1136099" lon="-118.4780159"><ele>1287.6</ele><time>2026-04-25T12:35:55-07:00</time><course>261.053</course><roll>-1.569706</roll><pitch>-2.700061</pitch><mode /></trkpt><trkpt lat="35.1136095" lon="-118.4780152"><ele>1287.48</ele><time>2026-04-25T12:35:55-07:00</time><course>261.0473</course><roll>-1.600451</roll><pitch>-2.716017</pitch><mode /></trkpt><trkpt lat="35.1136088" lon="-118.4780159"><ele>1287.46</ele><time>2026-04-25T12:35:56-07:00</time><course>261.0403</course><roll>-1.636969</roll><pitch>-2.730725</pitch><mode /></trkpt><trkpt lat="35.1136081" lon="-118.4780156"><ele>1287.48</ele><time>2026-04-25T12:35:56-07:00</time><course>261.038</course><roll>-1.6182</roll><pitch>-2.742149</pitch><mode /></trkpt><trkpt lat="35.1136078" lon="-118.4780158"><ele>1287.5</ele><time>2026-04-25T12:35:56-07:00</time><course>261.0254</course><roll>-1.601389</roll><pitch>-2.730953</pitch><mode /></trkpt><trkpt lat="35.1136072" lon="-118.4780168"><ele>1287.45</ele><time>2026-04-25T12:35:56-07:00</time><course>261.0115</course><roll>-1.468069</roll><pitch>-2.694104</pitch><mode /></trkpt><trkpt lat="35.1136071" lon="-118.4780166"><ele>1287.38</ele><time>2026-04-25T12:35:56-07:00</time><course>260.9921</course><roll>-1.282843</roll><pitch>-2.494772</pitch><mode /></trkpt><trkpt lat="35.1136068" lon="-118.4780184"><ele>1287.23</ele><time>2026-04-25T12:35:57-07:00</time><course>260.9639</course><roll>-1.161898</roll><pitch>-2.039543</pitch><mode /></trkpt><trkpt lat="35.1136064" lon="-118.4780191"><ele>1287.21</ele><time>2026-04-25T12:35:57-07:00</time><course>260.9704</course><roll>-1.139178</roll><pitch>-2.259308</pitch><mode /></trkpt><trkpt lat="35.1136051" lon="-118.478021"><ele>1287.14</ele><time>2026-04-25T12:35:57-07:00</time><course>260.9655</course><roll>-1.131276</roll><pitch>-2.359577</pitch><mode /></trkpt><trkpt lat="35.1136047" lon="-118.4780223"><ele>1287.1</ele><time>2026-04-25T12:35:58-07:00</time><course>260.9644</course><roll>-1.199476</roll><pitch>-2.610941</pitch><mode /></trkpt><trkpt lat="35.1136039" lon="-118.4780241"><ele>1287.07</ele><time>2026-04-25T12:35:58-07:00</time><course>260.9417</course><roll>-1.095761</roll><pitch>-2.512596</pitch><mode /></trkpt><trkpt lat="35.1136034" lon="-118.4780252"><ele>1287.08</ele><time>2026-04-25T12:35:58-07:00</time><course>260.9345</course><roll>-1.11495</roll><pitch>-2.430846</pitch><mode /></trkpt><trkpt lat="35.1136033" lon="-118.4780269"><ele>1286.98</ele><time>2026-04-25T12:35:58-07:00</time><course>260.9324</course><roll>-0.9893836</roll><pitch>-2.300786</pitch><mode /></trkpt><trkpt lat="35.1136021" lon="-118.478028"><ele>1286.77</ele><time>2026-04-25T12:35:59-07:00</time><course>260.9298</course><roll>-1.07862</roll><pitch>-2.3819</pitch><mode /></trkpt><trkpt lat="35.1136014" lon="-118.4780285"><ele>1286.79</ele><time>2026-04-25T12:35:59-07:00</time><course>260.916</course><roll>-0.9450648</roll><pitch>-1.974493</pitch><mode /></trkpt><trkpt lat="35.1136013" lon="-118.47803"><ele>1286.76</ele><time>2026-04-25T12:35:59-07:00</time><course>260.8893</course><roll>-0.931645</roll><pitch>-1.139809</pitch><mode /></trkpt><trkpt lat="35.1136014" lon="-118.4780307"><ele>1286.69</ele><time>2026-04-25T12:35:59-07:00</time><course>260.9035</course><roll>-0.9020156</roll><pitch>-1.867719</pitch><mode /></trkpt><trkpt lat="35.1136006" lon="-118.4780315"><ele>1286.87</ele><time>2026-04-25T12:35:59-07:00</time><course>260.8949</course><roll>-0.8999541</roll><pitch>-1.543414</pitch><mode /></trkpt><trkpt lat="35.1136009" lon="-118.478031"><ele>1287.31</ele><time>2026-04-25T12:36:00-07:00</time><course>260.9188</course><roll>-1.031142</roll><pitch>-2.281944</pitch><mode /></trkpt><trkpt lat="35.1136013" lon="-118.4780296"><ele>1287.41</ele><time>2026-04-25T12:36:00-07:00</time><course>260.9187</course><roll>-1.014346</roll><pitch>-2.377152</pitch><mode /></trkpt><trkpt lat="35.1136014" lon="-118.4780304"><ele>1287.35</ele><time>2026-04-25T12:36:00-07:00</time><course>260.8992</course><roll>-1.025798</roll><pitch>-2.018495</pitch><mode /></trkpt><trkpt lat="35.1136012" lon="-118.4780309"><ele>1287.42</ele><time>2026-04-25T12:36:00-07:00</time><course>260.8902</course><roll>-0.913882</roll><pitch>-1.771269</pitch><mode /></trkpt><trkpt lat="35.1136015" lon="-118.4780312"><ele>1287.3</ele><time>2026-04-25T12:36:00-07:00</time><course>260.8836</course><roll>-0.9021261</roll><pitch>-1.683772</pitch><mode /></trkpt><trkpt lat="35.1136016" lon="-118.4780323"><ele>1287.44</ele><time>2026-04-25T12:36:01-07:00</time><course>260.8696</course><roll>-0.8623394</roll><pitch>-1.45563</pitch><mode /></trkpt><trkpt lat="35.1136026" lon="-118.4780322"><ele>1287.49</ele><time>2026-04-25T12:36:01-07:00</time><course>260.8647</course><roll>-0.894725</roll><pitch>-1.490431</pitch><mode /></trkpt><trkpt lat="35.1136027" lon="-118.4780333"><ele>1287.56</ele><time>2026-04-25T12:36:01-07:00</time><course>260.8546</course><roll>-0.8938309</roll><pitch>-1.333582</pitch><mode /></trkpt><trkpt lat="35.1136028" lon="-118.4780342"><ele>1287.6</ele><time>2026-04-25T12:36:01-07:00</time><course>260.8513</course><roll>-0.9376976</roll><pitch>-1.199527</pitch><mode /></trkpt><trkpt lat="35.1136023" lon="-118.4780349"><ele>1287.6</ele><time>2026-04-25T12:36:01-07:00</time><course>260.8507</course><roll>-0.9565431</roll><pitch>-1.148238</pitch><mode /></trkpt><trkpt lat="35.1136029" lon="-118.4780339"><ele>1287.65</ele><time>2026-04-25T12:36:02-07:00</time><course>260.8492</course><roll>-0.9375632</roll><pitch>-1.251999</pitch><mode /></trkpt><trkpt lat="35.1136019" lon="-118.4780359"><ele>1287.59</ele><time>2026-04-25T12:36:02-07:00</time><course>260.8277</course><roll>-1.047775</roll><pitch>-0.7843648</pitch><mode /></trkpt><trkpt lat="35.1136009" lon="-118.4780371"><ele>1287.56</ele><time>2026-04-25T12:36:02-07:00</time><course>260.8387</course><roll>-0.9537745</roll><pitch>-1.27187</pitch><mode /></trkpt><trkpt lat="35.1135997" lon="-118.4780386"><ele>1287.51</ele><time>2026-04-25T12:36:02-07:00</time><course>260.8257</course><roll>-0.9286614</roll><pitch>-1.127994</pitch><mode /></trkpt><trkpt lat="35.1135993" lon="-118.4780407"><ele>1287.46</ele><time>2026-04-25T12:36:02-07:00</time><course>260.8198</course><roll>-0.950058</roll><pitch>-1.150462</pitch><mode /></trkpt><trkpt lat="35.1135967" lon="-118.4780448"><ele>1287.5</ele><time>2026-04-25T12:36:03-07:00</time><course>260.8018</course><roll>-0.9869429</roll><pitch>-0.8764836</pitch><mode /></trkpt><trkpt lat="35.1135965" lon="-118.4780459"><ele>1287.52</ele><time>2026-04-25T12:36:03-07:00</time><course>260.7979</course><roll>-0.9572707</roll><pitch>-0.965508</pitch><mode /></trkpt><trkpt lat="35.1135955" lon="-118.4780501"><ele>1287.57</ele><time>2026-04-25T12:36:03-07:00</time><course>260.7922</course><roll>-1.001572</roll><pitch>-0.7726908</pitch><mode /></trkpt><trkpt lat="35.1135936" lon="-118.4780543"><ele>1287.56</ele><time>2026-04-25T12:36:03-07:00</time><course>260.8004</course><roll>-0.9601197</roll><pitch>-0.9661255</pitch><mode /></trkpt><trkpt lat="35.1135926" lon="-118.478058"><ele>1287.57</ele><time>2026-04-25T12:36:03-07:00</time><course>260.7966</course><roll>-0.9712635</roll><pitch>-0.9521323</pitch><mode /></trkpt><trkpt lat="35.1135899" lon="-118.4780633"><ele>1287.73</ele><time>2026-04-25T12:36:04-07:00</time><course>260.7758</course><roll>-1.029351</roll><pitch>-0.4658985</pitch><mode /></trkpt><trkpt lat="35.1135889" lon="-118.4780643"><ele>1287.79</ele><time>2026-04-25T12:36:04-07:00</time><course>260.7807</course><roll>-0.9554433</roll><pitch>-0.7162461</pitch><mode /></trkpt><trkpt lat="35.1135865" lon="-118.4780673"><ele>1287.75</ele><time>2026-04-25T12:36:04-07:00</time><course>260.7766</course><roll>-0.9006205</roll><pitch>-0.5953648</pitch><mode /></trkpt><trkpt lat="35.1135848" lon="-118.4780698"><ele>1287.76</ele><time>2026-04-25T12:36:04-07:00</time><course>260.7717</course><roll>-0.8930835</roll><pitch>-0.4056733</pitch><mode /></trkpt><trkpt lat="35.1135832" lon="-118.4780735"><ele>1287.71</ele><time>2026-04-25T12:36:05-07:00</time><course>260.7685</course><roll>-0.8120856</roll><pitch>-0.5682569</pitch><mode /></trkpt><trkpt lat="35.1135827" lon="-118.4780751"><ele>1287.71</ele><time>2026-04-25T12:36:05-07:00</time><course>260.7522</course><roll>-0.8689605</roll><pitch>-0.2010917</pitch><mode /></trkpt><trkpt lat="35.1135831" lon="-118.4780738"><ele>1287.65</ele><time>2026-04-25T12:36:05-07:00</time><course>260.7612</course><roll>-0.7143715</roll><pitch>-0.6922593</pitch><mode /></trkpt><trkpt lat="35.1135834" lon="-118.4780753"><ele>1287.45</ele><time>2026-04-25T12:36:05-07:00</time><course>260.7455</course><roll>-0.7789312</roll><pitch>-0.4314319</pitch><mode /></trkpt><trkpt lat="35.1135837" lon="-118.4780748"><ele>1287.45</ele><time>2026-04-25T12:36:05-07:00</time><course>260.7432</course><roll>-0.8152745</roll><pitch>-0.3254323</pitch><mode /></trkpt><trkpt lat="35.1135816" lon="-118.478078"><ele>1287.31</ele><time>2026-04-25T12:36:06-07:00</time><course>260.7214</course><roll>-0.8359758</roll><pitch>0.09463044</pitch><mode /></trkpt><trkpt lat="35.1135814" lon="-118.4780781"><ele>1287.08</ele><time>2026-04-25T12:36:06-07:00</time><course>260.7253</course><roll>-0.7752395</roll><pitch>-0.5336626</pitch><mode /></trkpt><trkpt lat="35.1135815" lon="-118.4780771"><ele>1287.3</ele><time>2026-04-25T12:36:06-07:00</time><course>260.7048</course><roll>-0.7797846</roll><pitch>-0.2095842</pitch><mode /></trkpt><trkpt lat="35.1135825" lon="-118.4780757"><ele>1287.36</ele><time>2026-04-25T12:36:06-07:00</time><course>260.6986</course><roll>-0.7864071</roll><pitch>-0.02845719</pitch><mode /></trkpt><trkpt lat="35.1135827" lon="-118.4780754"><ele>1287.3</ele><time>2026-04-25T12:36:07-07:00</time><course>260.6499</course><roll>-1.057187</roll><pitch>0.5431431</pitch><mode /></trkpt><trkpt lat="35.1135819" lon="-118.4780773"><ele>1287.13</ele><time>2026-04-25T12:36:07-07:00</time><course>260.6968</course><roll>-0.7868017</roll><pitch>-0.6492826</pitch><mode /></trkpt><trkpt lat="35.1135826" lon="-118.4780766"><ele>1286.99</ele><time>2026-04-25T12:36:07-07:00</time><course>260.6751</course><roll>-0.9296556</roll><pitch>-1.054893</pitch><mode /></trkpt><trkpt lat="35.1135842" lon="-118.4780726"><ele>1287.06</ele><time>2026-04-25T12:36:07-07:00</time><course>260.6578</course><roll>-1.119954</roll><pitch>-0.1933561</pitch><mode /></trkpt><trkpt lat="35.1135849" lon="-118.4780711"><ele>1287.09</ele><time>2026-04-25T12:36:07-07:00</time><course>260.6503</course><roll>-1.14789</roll><pitch>-0.3323316</pitch><mode /></trkpt><trkpt lat="35.1135852" lon="-118.4780687"><ele>1287.03</ele><time>2026-04-25T12:36:08-07:00</time><course>260.6545</course><roll>-1.205502</roll><pitch>-0.6549522</pitch><mode /></trkpt><trkpt lat="35.1135865" lon="-118.4780674"><ele>1287.07</ele><time>2026-04-25T12:36:08-07:00</time><course>260.6764</course><roll>-1.131959</roll><pitch>-1.32543</pitch><mode /></trkpt><trkpt lat="35.1135866" lon="-118.4780665"><ele>1287.01</ele><time>2026-04-25T12:36:08-07:00</time><course>260.6655</course><roll>-1.282224</roll><pitch>-0.9864147</pitch><mode /></trkpt><trkpt lat="35.1135869" lon="-118.4780654"><ele>1287.03</ele><time>2026-04-25T12:36:08-07:00</time><course>260.6321</course><roll>-1.347497</roll><pitch>-1.168476</pitch><mode /></trkpt><trkpt lat="35.1135871" lon="-118.4780656"><ele>1286.98</ele><time>2026-04-25T12:36:08-07:00</time><course>260.6312</course><roll>-1.326596</roll><pitch>-1.161011</pitch><mode /></trkpt><trkpt lat="35.1135873" lon="-118.478064"><ele>1287.21</ele><time>2026-04-25T12:36:09-07:00</time><course>260.66</course><roll>-1.326076</roll><pitch>-1.69351</pitch><mode /></trkpt><trkpt lat="35.1135877" lon="-118.478063"><ele>1287.17</ele><time>2026-04-25T12:36:09-07:00</time><course>260.6404</course><roll>-1.381751</roll><pitch>-0.8514933</pitch><mode /></trkpt><trkpt lat="35.1135871" lon="-118.4780633"><ele>1287.31</ele><time>2026-04-25T12:36:09-07:00</time><course>260.6711</course><roll>-1.4016</roll><pitch>-0.7752879</pitch><mode /></trkpt><trkpt lat="35.1135859" lon="-118.478064"><ele>1287.28</ele><time>2026-04-25T12:36:09-07:00</time><course>260.726</course><roll>-1.208173</roll><pitch>-2.062503</pitch><mode /></trkpt><trkpt lat="35.1135849" lon="-118.4780651"><ele>1287.2</ele><time>2026-04-25T12:36:09-07:00</time><course>260.6967</course><roll>-1.336305</roll><pitch>-0.7012979</pitch><mode /></trkpt><trkpt lat="35.1135845" lon="-118.4780659"><ele>1287.08</ele><time>2026-04-25T12:36:10-07:00</time><course>260.6461</course><roll>-1.351604</roll><pitch>-0.1757485</pitch><mode /></trkpt><trkpt lat="35.1135838" lon="-118.4780673"><ele>1286.95</ele><time>2026-04-25T12:36:10-07:00</time><course>260.7116</course><roll>-1.127168</roll><pitch>-1.64937</pitch><mode /></trkpt><trkpt lat="35.1135842" lon="-118.4780656"><ele>1286.62</ele><time>2026-04-25T12:36:10-07:00</time><course>260.9608</course><roll>-1.111305</roll><pitch>-1.967564</pitch><mode /></trkpt><trkpt lat="35.1135843" lon="-118.4780661"><ele>1286.62</ele><time>2026-04-25T12:36:10-07:00</time><course>260.9957</course><roll>-1.139133</roll><pitch>-1.749669</pitch><mode /></trkpt><trkpt lat="35.1135848" lon="-118.4780663"><ele>1286.54</ele><time>2026-04-25T12:36:11-07:00</time><course>261.3808</course><roll>-1.166009</roll><pitch>-2.093778</pitch><mode /></trkpt><trkpt lat="35.113585" lon="-118.4780669"><ele>1286.51</ele><time>2026-04-25T12:36:11-07:00</time><course>261.3813</course><roll>-1.084955</roll><pitch>-2.019023</pitch><mode /></trkpt><trkpt lat="35.1135853" lon="-118.4780674"><ele>1286.37</ele><time>2026-04-25T12:36:11-07:00</time><course>261.2012</course><roll>-1.236299</roll><pitch>-1.916758</pitch><mode /></trkpt><trkpt lat="35.1135851" lon="-118.4780672"><ele>1286.39</ele><time>2026-04-25T12:36:11-07:00</time><course>261.2002</course><roll>-1.153777</roll><pitch>-2.141104</pitch><mode /></trkpt><trkpt lat="35.1135848" lon="-118.478067"><ele>1286.34</ele><time>2026-04-25T12:36:11-07:00</time><course>261.1021</course><roll>-1.186406</roll><pitch>-2.122615</pitch><mode /></trkpt><trkpt lat="35.113585" lon="-118.4780656"><ele>1286.39</ele><time>2026-04-25T12:36:12-07:00</time><course>261.0812</course><roll>-1.092957</roll><pitch>-2.232506</pitch><mode /></trkpt><trkpt lat="35.1135845" lon="-118.478068"><ele>1286.11</ele><time>2026-04-25T12:36:12-07:00</time><course>261.0834</course><roll>-1.10876</roll><pitch>-1.891682</pitch><mode /></trkpt><trkpt lat="35.1135852" lon="-118.478067"><ele>1286.1</ele><time>2026-04-25T12:36:12-07:00</time><course>261.0821</course><roll>-1.060163</roll><pitch>-1.89165</pitch><mode /></trkpt><trkpt lat="35.113586" lon="-118.4780657"><ele>1285.98</ele><time>2026-04-25T12:36:13-07:00</time><course>261.0736</course><roll>-1.119734</roll><pitch>-1.775006</pitch><mode /></trkpt><trkpt lat="35.1135868" lon="-118.4780637"><ele>1285.99</ele><time>2026-04-25T12:36:13-07:00</time><course>261.0614</course><roll>-1.070594</roll><pitch>-1.72344</pitch><mode /></trkpt><trkpt lat="35.1135877" lon="-118.4780636"><ele>1285.75</ele><time>2026-04-25T12:36:13-07:00</time><course>261.0815</course><roll>-1.020952</roll><pitch>-2.348203</pitch><mode /></trkpt><trkpt lat="35.113588" lon="-118.478063"><ele>1285.76</ele><time>2026-04-25T12:36:13-07:00</time><course>261.0734</course><roll>-1.070333</roll><pitch>-1.833175</pitch><mode /></trkpt><trkpt lat="35.1135882" lon="-118.4780618"><ele>1285.8</ele><time>2026-04-25T12:36:13-07:00</time><course>261.0773</course><roll>-0.9960799</roll><pitch>-1.903281</pitch><mode /></trkpt><trkpt lat="35.113589" lon="-118.4780581"><ele>1285.77</ele><time>2026-04-25T12:36:14-07:00</time><course>261.0582</course><roll>-1.063585</roll><pitch>-1.950095</pitch><mode /></trkpt><trkpt lat="35.1135905" lon="-118.4780549"><ele>1285.76</ele><time>2026-04-25T12:36:14-07:00</time><course>261.0531</course><roll>-1.040686</roll><pitch>-1.906216</pitch><mode /></trkpt><trkpt lat="35.1135914" lon="-118.4780521"><ele>1285.75</ele><time>2026-04-25T12:36:14-07:00</time><course>261.0588</course><roll>-0.9792883</roll><pitch>-1.94755</pitch><mode /></trkpt><trkpt lat="35.1135915" lon="-118.4780507"><ele>1286.04</ele><time>2026-04-25T12:36:14-07:00</time><course>261.0853</course><roll>-1.042189</roll><pitch>-2.314387</pitch><mode /></trkpt><trkpt lat="35.1135914" lon="-118.4780504"><ele>1286.02</ele><time>2026-04-25T12:36:15-07:00</time><course>261.0715</course><roll>-1.126181</roll><pitch>-2.037906</pitch><mode /></trkpt><trkpt lat="35.1135911" lon="-118.478051"><ele>1286.02</ele><time>2026-04-25T12:36:15-07:00</time><course>261.0709</course><roll>-1.031892</roll><pitch>-2.159243</pitch><mode /></trkpt><trkpt lat="35.1135926" lon="-118.4780482"><ele>1285.81</ele><time>2026-04-25T12:36:15-07:00</time><course>261.07</course><roll>-1.090933</roll><pitch>-1.950165</pitch><mode /></trkpt><trkpt lat="35.113594" lon="-118.4780455"><ele>1285.51</ele><time>2026-04-25T12:36:15-07:00</time><course>261.0587</course><roll>-1.098354</roll><pitch>-1.949032</pitch><mode /></trkpt><trkpt lat="35.1135938" lon="-118.4780452"><ele>1285.6</ele><time>2026-04-25T12:36:16-07:00</time><course>261.0535</course><roll>-1.176525</roll><pitch>-1.92345</pitch><mode /></trkpt><trkpt lat="35.1135929" lon="-118.4780461"><ele>1285.69</ele><time>2026-04-25T12:36:16-07:00</time><course>261.0432</course><roll>-1.113136</roll><pitch>-1.895985</pitch><mode /></trkpt><trkpt lat="35.1135933" lon="-118.4780449"><ele>1285.67</ele><time>2026-04-25T12:36:16-07:00</time><course>261.0385</course><roll>-1.033337</roll><pitch>-1.784457</pitch><mode /></trkpt><trkpt lat="35.1135942" lon="-118.478043"><ele>1285.75</ele><time>2026-04-25T12:36:16-07:00</time><course>261.0496</course><roll>-1.040653</roll><pitch>-1.979168</pitch><mode /></trkpt><trkpt lat="35.1135945" lon="-118.4780414"><ele>1285.78</ele><time>2026-04-25T12:36:17-07:00</time><course>261.0348</course><roll>-1.072254</roll><pitch>-1.670197</pitch><mode /></trkpt><trkpt lat="35.1135942" lon="-118.4780399"><ele>1285.86</ele><time>2026-04-25T12:36:17-07:00</time><course>261.0424</course><roll>-1.031304</roll><pitch>-1.761576</pitch><mode /></trkpt><trkpt lat="35.1135934" lon="-118.4780398"><ele>1285.78</ele><time>2026-04-25T12:36:17-07:00</time><course>261.036</course><roll>-1.044322</roll><pitch>-1.593251</pitch><mode /></trkpt><trkpt lat="35.113593" lon="-118.4780401"><ele>1285.79</ele><time>2026-04-25T12:36:18-07:00</time><course>261.0223</course><roll>-1.034833</roll><pitch>-1.497161</pitch><mode /></trkpt><trkpt lat="35.1135922" lon="-118.4780411"><ele>1285.9</ele><time>2026-04-25T12:36:18-07:00</time><course>260.9913</course><roll>-0.9728613</roll><pitch>-1.520769</pitch><mode /></trkpt><trkpt lat="35.1135923" lon="-118.4780408"><ele>1285.92</ele><time>2026-04-25T12:36:18-07:00</time><course>260.9914</course><roll>-0.966324</roll><pitch>-1.43704</pitch><mode /></trkpt><trkpt lat="35.1135927" lon="-118.4780403"><ele>1286</ele><time>2026-04-25T12:36:18-07:00</time><course>260.9845</course><roll>-0.9735814</roll><pitch>-1.476732</pitch><mode /></trkpt><trkpt lat="35.1135937" lon="-118.4780386"><ele>1286.06</ele><time>2026-04-25T12:36:19-07:00</time><course>260.9776</course><roll>-0.941782</roll><pitch>-1.276712</pitch><mode /></trkpt><trkpt lat="35.1135947" lon="-118.4780378"><ele>1286.1</ele><time>2026-04-25T12:36:19-07:00</time><course>260.9554</course><roll>-0.9025983</roll><pitch>-1.133924</pitch><mode /></trkpt><trkpt lat="35.1135959" lon="-118.4780368"><ele>1286.01</ele><time>2026-04-25T12:36:19-07:00</time><course>260.952</course><roll>-0.8934219</roll><pitch>-1.107624</pitch><mode /></trkpt><trkpt lat="35.1135967" lon="-118.4780362"><ele>1286.03</ele><time>2026-04-25T12:36:19-07:00</time><course>260.9348</course><roll>-0.7888734</roll><pitch>-0.8112003</pitch><mode /></trkpt><trkpt lat="35.1135973" lon="-118.4780355"><ele>1286.01</ele><time>2026-04-25T12:36:20-07:00</time><course>260.9223</course><roll>-0.8020504</roll><pitch>-0.7305598</pitch><mode /></trkpt><trkpt lat="35.1135984" lon="-118.4780347"><ele>1286.03</ele><time>2026-04-25T12:36:20-07:00</time><course>260.9136</course><roll>-0.7391504</roll><pitch>-0.8178322</pitch><mode /></trkpt><trkpt lat="35.1135993" lon="-118.4780338"><ele>1286</ele><time>2026-04-25T12:36:20-07:00</time><course>260.8911</course><roll>-0.8522689</roll><pitch>-0.2640021</pitch><mode /></trkpt><trkpt lat="35.1135997" lon="-118.4780326"><ele>1286.01</ele><time>2026-04-25T12:36:20-07:00</time><course>260.9003</course><roll>-0.8133798</roll><pitch>-0.6029463</pitch><mode /></trkpt><trkpt lat="35.1136003" lon="-118.4780323"><ele>1285.99</ele><time>2026-04-25T12:36:20-07:00</time><course>260.9088</course><roll>-0.7906508</roll><pitch>-0.634461</pitch><mode /></trkpt><trkpt lat="35.1136013" lon="-118.4780312"><ele>1286.06</ele><time>2026-04-25T12:36:21-07:00</time><course>260.8714</course><roll>-0.8822526</roll><pitch>-0.2122259</pitch><mode /></trkpt><trkpt lat="35.11331" lon="-118.4780959"><ele>1283.22</ele><time>2026-04-25T12:43:27-07:00</time><course>233.2007</course><roll>-3.870081</roll><pitch>-11.10374</pitch><mode /></trkpt><trkpt lat="35.1133091" lon="-118.4780957"><ele>1283.19</ele><time>2026-04-25T12:43:27-07:00</time><course>233.7064</course><roll>-0.7843899</roll><pitch>-11.14407</pitch><mode /></trkpt><trkpt lat="35.113309" lon="-118.4780949"><ele>1283.12</ele><time>2026-04-25T12:43:27-07:00</time><course>233.3071</course><roll>1.480759</roll><pitch>-11.27969</pitch><mode /></trkpt><trkpt lat="35.1133085" lon="-118.4780951"><ele>1283.07</ele><time>2026-04-25T12:43:27-07:00</time><course>233.8968</course><roll>-0.1770047</roll><pitch>-11.64479</pitch><mode /></trkpt><trkpt lat="35.1133081" lon="-118.4780932"><ele>1282.98</ele><time>2026-04-25T12:43:28-07:00</time><course>233.8083</course><roll>-0.2706807</roll><pitch>-10.90264</pitch><mode /></trkpt><trkpt lat="35.1133088" lon="-118.4780922"><ele>1282.83</ele><time>2026-04-25T12:43:28-07:00</time><course>234.2533</course><roll>-0.3829615</roll><pitch>-11.43844</pitch><mode /></trkpt><trkpt lat="35.1133089" lon="-118.4780913"><ele>1282.83</ele><time>2026-04-25T12:43:28-07:00</time><course>235.1054</course><roll>-1.17288</roll><pitch>-13.06864</pitch><mode /></trkpt><trkpt lat="35.113311" lon="-118.4780902"><ele>1282.76</ele><time>2026-04-25T12:43:29-07:00</time><course>234.7792</course><roll>1.495294</roll><pitch>-12.22435</pitch><mode /></trkpt><trkpt lat="35.1133109" lon="-118.4780894"><ele>1282.82</ele><time>2026-04-25T12:43:29-07:00</time><course>234.6768</course><roll>-0.9287277</roll><pitch>-11.49061</pitch><mode /></trkpt><trkpt lat="35.1133107" lon="-118.4780886"><ele>1282.7</ele><time>2026-04-25T12:43:29-07:00</time><course>234.8995</course><roll>0.1227599</roll><pitch>-10.79367</pitch><mode /></trkpt><trkpt lat="35.1133101" lon="-118.4780875"><ele>1282.58</ele><time>2026-04-25T12:43:29-07:00</time><course>234.9258</course><roll>1.077688</roll><pitch>-10.9117</pitch><mode /></trkpt><trkpt lat="35.113309" lon="-118.4780879"><ele>1282.67</ele><time>2026-04-25T12:43:29-07:00</time><course>234.9994</course><roll>0.8167941</roll><pitch>-10.85175</pitch><mode /></trkpt><trkpt lat="35.1133088" lon="-118.4780886"><ele>1282.37</ele><time>2026-04-25T12:43:30-07:00</time><course>235.1502</course><roll>1.098581</roll><pitch>-11.08479</pitch><mode /></trkpt><trkpt lat="35.1133083" lon="-118.478088"><ele>1282.27</ele><time>2026-04-25T12:43:30-07:00</time><course>234.8806</course><roll>-1.262281</roll><pitch>-10.78123</pitch><mode /></trkpt><trkpt lat="35.1133086" lon="-118.4780882"><ele>1281.94</ele><time>2026-04-25T12:43:30-07:00</time><course>234.7316</course><roll>-2.343987</roll><pitch>-10.91833</pitch><mode /></trkpt><trkpt lat="35.1133103" lon="-118.478088"><ele>1281.96</ele><time>2026-04-25T12:43:30-07:00</time><course>233.8227</course><roll>-3.097538</roll><pitch>-10.69999</pitch><mode /></trkpt><trkpt lat="35.1133101" lon="-118.4780871"><ele>1281.77</ele><time>2026-04-25T12:43:30-07:00</time><course>232.7674</course><roll>-1.191536</roll><pitch>-9.193719</pitch><mode /></trkpt><trkpt lat="35.1133102" lon="-118.4780866"><ele>1281.52</ele><time>2026-04-25T12:43:31-07:00</time><course>232.8033</course><roll>-0.06297554</roll><pitch>-9.628912</pitch><mode /></trkpt><trkpt lat="35.1133108" lon="-118.4780875"><ele>1281.4</ele><time>2026-04-25T12:43:31-07:00</time><course>232.9844</course><roll>-0.8953186</roll><pitch>-10.13354</pitch><mode /></trkpt><trkpt lat="35.1133115" lon="-118.4780889"><ele>1281.32</ele><time>2026-04-25T12:43:31-07:00</time><course>232.5573</course><roll>-0.1146944</roll><pitch>-8.846581</pitch><mode /></trkpt><trkpt lat="35.1133129" lon="-118.47809"><ele>1281.19</ele><time>2026-04-25T12:43:31-07:00</time><course>232.895</course><roll>1.312985</roll><pitch>-9.584125</pitch><mode /></trkpt><trkpt lat="35.1133143" lon="-118.4780909"><ele>1280.84</ele><time>2026-04-25T12:43:31-07:00</time><course>233.0453</course><roll>-0.6653041</roll><pitch>-10.17758</pitch><mode /></trkpt><trkpt lat="35.1133147" lon="-118.4780919"><ele>1280.51</ele><time>2026-04-25T12:43:32-07:00</time><course>232.5281</course><roll>-2.826312</roll><pitch>-10.52866</pitch><mode /></trkpt><trkpt lat="35.1133146" lon="-118.4780929"><ele>1280.32</ele><time>2026-04-25T12:43:32-07:00</time><course>232.0898</course><roll>-1.595654</roll><pitch>-9.747206</pitch><mode /></trkpt><trkpt lat="35.1133145" lon="-118.4780935"><ele>1279.95</ele><time>2026-04-25T12:43:32-07:00</time><course>231.7161</course><roll>0.1289087</roll><pitch>-9.041128</pitch><mode /></trkpt><trkpt lat="35.1133144" lon="-118.4780939"><ele>1279.8</ele><time>2026-04-25T12:43:32-07:00</time><course>231.5641</course><roll>3.401277</roll><pitch>-8.747653</pitch><mode /></trkpt><trkpt lat="35.1133147" lon="-118.4780941"><ele>1279.4</ele><time>2026-04-25T12:43:32-07:00</time><course>231.0965</course><roll>4.45973</roll><pitch>-8.106815</pitch><mode /></trkpt><trkpt lat="35.1133145" lon="-118.4780937"><ele>1279.44</ele><time>2026-04-25T12:43:33-07:00</time><course>230.8828</course><roll>2.911955</roll><pitch>-8.461591</pitch><mode /></trkpt><trkpt lat="35.1133144" lon="-118.4780942"><ele>1279.32</ele><time>2026-04-25T12:43:33-07:00</time><course>231.0119</course><roll>3.177307</roll><pitch>-8.969635</pitch><mode /></trkpt><trkpt lat="35.1133142" lon="-118.4780947"><ele>1279.19</ele><time>2026-04-25T12:43:33-07:00</time><course>231.2798</course><roll>3.663303</roll><pitch>-9.361971</pitch><mode /></trkpt><trkpt lat="35.1133144" lon="-118.4780949"><ele>1279.31</ele><time>2026-04-25T12:43:33-07:00</time><course>231.7331</course><roll>3.611547</roll><pitch>-9.351565</pitch><mode /></trkpt><trkpt lat="35.1133148" lon="-118.4780951"><ele>1279.49</ele><time>2026-04-25T12:43:34-07:00</time><course>229.8252</course><roll>-0.4461198</roll><pitch>-9.292883</pitch><mode /></trkpt><trkpt lat="35.1133154" lon="-118.4780949"><ele>1279.51</ele><time>2026-04-25T12:43:34-07:00</time><course>227.6238</course><roll>-0.256496</roll><pitch>-9.360383</pitch><mode /></trkpt><trkpt lat="35.113316" lon="-118.4780943"><ele>1279.63</ele><time>2026-04-25T12:43:34-07:00</time><course>226.519</course><roll>2.733872</roll><pitch>-10.72989</pitch><mode /></trkpt><trkpt lat="35.1133176" lon="-118.4780951"><ele>1279.69</ele><time>2026-04-25T12:43:35-07:00</time><course>225.8756</course><roll>1.69301</roll><pitch>-11.02865</pitch><mode /></trkpt><trkpt lat="35.1133188" lon="-118.4780963"><ele>1279.74</ele><time>2026-04-25T12:43:35-07:00</time><course>225.4646</course><roll>1.077415</roll><pitch>-11.42871</pitch><mode /></trkpt><trkpt lat="35.1133193" lon="-118.4780959"><ele>1279.78</ele><time>2026-04-25T12:43:35-07:00</time><course>225.179</course><roll>1.130084</roll><pitch>-10.55671</pitch><mode /></trkpt><trkpt lat="35.1133196" lon="-118.4780957"><ele>1279.86</ele><time>2026-04-25T12:43:35-07:00</time><course>225.5865</course><roll>3.808659</roll><pitch>-9.953181</pitch><mode /></trkpt><trkpt lat="35.1133195" lon="-118.4780962"><ele>1279.87</ele><time>2026-04-25T12:43:36-07:00</time><course>224.874</course><roll>1.944013</roll><pitch>-12.47496</pitch><mode /></trkpt><trkpt lat="35.1133182" lon="-118.4780978"><ele>1279.89</ele><time>2026-04-25T12:43:36-07:00</time><course>221.3723</course><roll>3.765639</roll><pitch>-14.71711</pitch><mode /></trkpt><trkpt lat="35.1133165" lon="-118.4781001"><ele>1279.99</ele><time>2026-04-25T12:43:36-07:00</time><course>221.1774</course><roll>1.761703</roll><pitch>-14.96953</pitch><mode /></trkpt><trkpt lat="35.1133124" lon="-118.478103"><ele>1280.16</ele><time>2026-04-25T12:43:36-07:00</time><course>226.2958</course><roll>-1.388982</roll><pitch>-14.46489</pitch><mode /></trkpt><trkpt lat="35.1133052" lon="-118.478108"><ele>1280.76</ele><time>2026-04-25T12:43:36-07:00</time><course>228.6713</course><roll>-5.661253</roll><pitch>-14.71693</pitch><mode /></trkpt><trkpt lat="35.1132948" lon="-118.4781175"><ele>1281.24</ele><time>2026-04-25T12:43:37-07:00</time><course>229.038</course><roll>-8.264405</roll><pitch>-7.157277</pitch><mode /></trkpt><trkpt lat="35.1132832" lon="-118.4781275"><ele>1281.72</ele><time>2026-04-25T12:43:37-07:00</time><course>230.4006</course><roll>-12.25096</roll><pitch>-7.586051</pitch><mode /></trkpt><trkpt lat="35.1132723" lon="-118.4781397"><ele>1282.33</ele><time>2026-04-25T12:43:37-07:00</time><course>229.8545</course><roll>-10.93713</roll><pitch>-9.771985</pitch><mode /></trkpt><trkpt lat="35.1132616" lon="-118.4781531"><ele>1283.09</ele><time>2026-04-25T12:43:37-07:00</time><course>231.5395</course><roll>-10.1173</roll><pitch>-7.254503</pitch><mode /></trkpt><trkpt lat="35.1132533" lon="-118.4781682"><ele>1283.29</ele><time>2026-04-25T12:43:37-07:00</time><course>231.4771</course><roll>-12.42638</roll><pitch>-7.029917</pitch><mode /></trkpt><trkpt lat="35.1132437" lon="-118.4781825"><ele>1283.57</ele><time>2026-04-25T12:43:38-07:00</time><course>229.354</course><roll>-10.10624</roll><pitch>-11.38085</pitch><mode /></trkpt><trkpt lat="35.1132343" lon="-118.4781963"><ele>1284.27</ele><time>2026-04-25T12:43:38-07:00</time><course>233.826</course><roll>-10.85355</roll><pitch>-14.6948</pitch><mode /></trkpt><trkpt lat="35.113225" lon="-118.4782114"><ele>1285.28</ele><time>2026-04-25T12:43:38-07:00</time><course>239.255</course><roll>-8.866245</roll><pitch>-12.91015</pitch><mode /></trkpt><trkpt lat="35.1132155" lon="-118.4782281"><ele>1286.01</ele><time>2026-04-25T12:43:38-07:00</time><course>241.4396</course><roll>-6.087722</roll><pitch>-12.2602</pitch><mode /></trkpt><trkpt lat="35.1132072" lon="-118.4782436"><ele>1286.56</ele><time>2026-04-25T12:43:38-07:00</time><course>239.5214</course><roll>-4.91186</roll><pitch>-12.74845</pitch><mode /></trkpt><trkpt lat="35.1131991" lon="-118.4782593"><ele>1287.13</ele><time>2026-04-25T12:43:39-07:00</time><course>238.2084</course><roll>-6.369723</roll><pitch>-15.61226</pitch><mode /></trkpt><trkpt lat="35.1131917" lon="-118.4782744"><ele>1287.91</ele><time>2026-04-25T12:43:39-07:00</time><course>235.434</course><roll>-0.369869</roll><pitch>-18.80441</pitch><mode /></trkpt><trkpt lat="35.1131853" lon="-118.4782867"><ele>1289.05</ele><time>2026-04-25T12:43:39-07:00</time><course>231.6326</course><roll>4.867205</roll><pitch>-20.50414</pitch><mode /></trkpt><trkpt lat="35.1131791" lon="-118.4782973"><ele>1290.45</ele><time>2026-04-25T12:43:39-07:00</time><course>236.0365</course><roll>1.919426</roll><pitch>-18.09433</pitch><mode /></trkpt><trkpt lat="35.1131721" lon="-118.4783081"><ele>1291.61</ele><time>2026-04-25T12:43:39-07:00</time><course>237.9122</course><roll>1.239233</roll><pitch>-12.82473</pitch><mode /></trkpt><trkpt lat="35.1131663" lon="-118.4783202"><ele>1292.19</ele><time>2026-04-25T12:43:40-07:00</time><course>238.2554</course><roll>1.700572</roll><pitch>-8.275277</pitch><mode /></trkpt><trkpt lat="35.1131607" lon="-118.4783328"><ele>1292.39</ele><time>2026-04-25T12:43:40-07:00</time><course>234.4868</course><roll>9.618122</roll><pitch>-8.560398</pitch><mode /></trkpt><trkpt lat="35.1131544" lon="-118.4783448"><ele>1292.79</ele><time>2026-04-25T12:43:40-07:00</time><course>231.5586</course><roll>15.77716</roll><pitch>-11.75424</pitch><mode /></trkpt><trkpt lat="35.1131469" lon="-118.4783565"><ele>1293.16</ele><time>2026-04-25T12:43:40-07:00</time><course>231.1004</course><roll>14.88172</roll><pitch>-10.20355</pitch><mode /></trkpt><trkpt lat="35.1131383" lon="-118.4783668"><ele>1293.86</ele><time>2026-04-25T12:43:40-07:00</time><course>232.4714</course><roll>10.44078</roll><pitch>-7.181557</pitch><mode /></trkpt><trkpt lat="35.1131293" lon="-118.4783783"><ele>1294.27</ele><time>2026-04-25T12:43:41-07:00</time><course>232.1231</course><roll>11.24897</roll><pitch>-3.933601</pitch><mode /></trkpt><trkpt lat="35.1131199" lon="-118.4783903"><ele>1294.52</ele><time>2026-04-25T12:43:41-07:00</time><course>232.2532</course><roll>11.23406</roll><pitch>-3.157644</pitch><mode /></trkpt><trkpt lat="35.1131097" lon="-118.4784017"><ele>1294.61</ele><time>2026-04-25T12:43:41-07:00</time><course>230.4174</course><roll>7.736047</roll><pitch>-7.003018</pitch><mode /></trkpt><trkpt lat="35.1130987" lon="-118.4784133"><ele>1294.77</ele><time>2026-04-25T12:43:41-07:00</time><course>228.9187</course><roll>0.2405691</roll><pitch>-13.71464</pitch><mode /></trkpt><trkpt lat="35.1130875" lon="-118.4784233"><ele>1295.32</ele><time>2026-04-25T12:43:41-07:00</time><course>228.5189</course><roll>-0.2475503</roll><pitch>-17.80178</pitch><mode /></trkpt><trkpt lat="35.1130759" lon="-118.4784318"><ele>1296.28</ele><time>2026-04-25T12:43:42-07:00</time><course>231.463</course><roll>-4.798312</roll><pitch>-15.80161</pitch><mode /></trkpt><trkpt lat="35.1130652" lon="-118.4784422"><ele>1296.92</ele><time>2026-04-25T12:43:42-07:00</time><course>231.0094</course><roll>-11.14862</roll><pitch>-12.63834</pitch><mode /></trkpt><trkpt lat="35.1130551" lon="-118.4784526"><ele>1297.72</ele><time>2026-04-25T12:43:42-07:00</time><course>228.7976</course><roll>-8.273056</roll><pitch>-10.67236</pitch><mode /></trkpt><trkpt lat="35.1130453" lon="-118.4784647"><ele>1298.34</ele><time>2026-04-25T12:43:42-07:00</time><course>228.7275</course><roll>-10.31135</roll><pitch>-12.06884</pitch><mode /></trkpt><trkpt lat="35.1130352" lon="-118.4784767"><ele>1298.98</ele><time>2026-04-25T12:43:42-07:00</time><course>229.3049</course><roll>-6.45576</roll><pitch>-16.21858</pitch><mode /></trkpt><trkpt lat="35.1130251" lon="-118.478484"><ele>1300.54</ele><time>2026-04-25T12:43:43-07:00</time><course>228.0834</course><roll>-5.798644</roll><pitch>-15.50212</pitch><mode /></trkpt><trkpt lat="35.1130159" lon="-118.4784958"><ele>1301.4</ele><time>2026-04-25T12:43:43-07:00</time><course>229.7599</course><roll>-7.391908</roll><pitch>-12.49263</pitch><mode /></trkpt><trkpt lat="35.1130064" lon="-118.4785084"><ele>1302.03</ele><time>2026-04-25T12:43:43-07:00</time><course>232.8892</course><roll>-9.019559</roll><pitch>-8.235699</pitch><mode /></trkpt><trkpt lat="35.1129972" lon="-118.4785225"><ele>1302.13</ele><time>2026-04-25T12:43:43-07:00</time><course>232.503</course><roll>-5.90309</roll><pitch>-7.569201</pitch><mode /></trkpt><trkpt lat="35.1129879" lon="-118.4785354"><ele>1302.34</ele><time>2026-04-25T12:43:43-07:00</time><course>233.479</course><roll>-1.58552</roll><pitch>-9.618741</pitch><mode /></trkpt><trkpt lat="35.1129785" lon="-118.4785484"><ele>1302.52</ele><time>2026-04-25T12:43:44-07:00</time><course>230.3981</course><roll>2.576479</roll><pitch>-15.8828</pitch><mode /></trkpt><trkpt lat="35.1129688" lon="-118.4785591"><ele>1303.18</ele><time>2026-04-25T12:43:44-07:00</time><course>233.6336</course><roll>2.639855</roll><pitch>-20.26711</pitch><mode /></trkpt><trkpt lat="35.1129594" lon="-118.4785683"><ele>1304.07</ele><time>2026-04-25T12:43:44-07:00</time><course>239.3264</course><roll>2.729738</roll><pitch>-20.86271</pitch><mode /></trkpt><trkpt lat="35.1129507" lon="-118.4785762"><ele>1304.95</ele><time>2026-04-25T12:43:44-07:00</time><course>239.592</course><roll>6.32211</roll><pitch>-18.62195</pitch><mode /></trkpt><trkpt lat="35.1129421" lon="-118.4785834"><ele>1305.55</ele><time>2026-04-25T12:43:44-07:00</time><course>237.2672</course><roll>11.93233</roll><pitch>-15.65609</pitch><mode /></trkpt><trkpt lat="35.112933" lon="-118.4785896"><ele>1306.07</ele><time>2026-04-25T12:43:45-07:00</time><course>234.9064</course><roll>15.52286</roll><pitch>-14.52991</pitch><mode /></trkpt><trkpt lat="35.1129225" lon="-118.4785943"><ele>1306.76</ele><time>2026-04-25T12:43:45-07:00</time><course>229.6829</course><roll>22.68334</roll><pitch>-17.17611</pitch><mode /></trkpt><trkpt lat="35.1129109" lon="-118.4785987"><ele>1307.25</ele><time>2026-04-25T12:43:45-07:00</time><course>224.1143</course><roll>29.25594</roll><pitch>-17.25884</pitch><mode /></trkpt><trkpt lat="35.1128983" lon="-118.4786016"><ele>1307.67</ele><time>2026-04-25T12:43:45-07:00</time><course>218.8987</course><roll>40.96222</roll><pitch>-14.11077</pitch><mode /></trkpt><trkpt lat="35.1128836" lon="-118.478602"><ele>1308.27</ele><time>2026-04-25T12:43:45-07:00</time><course>211.8087</course><roll>50.55416</roll><pitch>-12.75179</pitch><mode /></trkpt><trkpt lat="35.1128666" lon="-118.4786004"><ele>1308.65</ele><time>2026-04-25T12:43:46-07:00</time><course>201.691</course><roll>52.33865</roll><pitch>-12.39587</pitch><mode /></trkpt><trkpt lat="35.112847" lon="-118.4785945"><ele>1309.13</ele><time>2026-04-25T12:43:46-07:00</time><course>188.5388</course><roll>54.40977</roll><pitch>-15.55262</pitch><mode /></trkpt><trkpt lat="35.1128258" lon="-118.4785828"><ele>1309.61</ele><time>2026-04-25T12:43:46-07:00</time><course>177.3368</course><roll>57.23679</roll><pitch>-16.34914</pitch><mode /></trkpt><trkpt lat="35.1128041" lon="-118.4785653"><ele>1309.98</ele><time>2026-04-25T12:43:46-07:00</time><course>167.4021</course><roll>54.88842</roll><pitch>-15.93992</pitch><mode /></trkpt><trkpt lat="35.1127825" lon="-118.4785423"><ele>1310.4</ele><time>2026-04-25T12:43:46-07:00</time><course>159.5271</course><roll>53.82283</roll><pitch>-10.83154</pitch><mode /></trkpt><trkpt lat="35.1127613" lon="-118.4785161"><ele>1310.48</ele><time>2026-04-25T12:43:47-07:00</time><course>155.5642</course><roll>52.83996</roll><pitch>-3.495331</pitch><mode /></trkpt><trkpt lat="35.1127393" lon="-118.4784879"><ele>1310.35</ele><time>2026-04-25T12:43:47-07:00</time><course>152.4689</course><roll>48.93329</roll><pitch>1.482703</pitch><mode /></trkpt><trkpt lat="35.1127175" lon="-118.4784578"><ele>1309.99</ele><time>2026-04-25T12:43:47-07:00</time><course>147.2614</course><roll>44.59064</roll><pitch>2.202242</pitch><mode /></trkpt><trkpt lat="35.1126966" lon="-118.4784253"><ele>1309.52</ele><time>2026-04-25T12:43:47-07:00</time><course>140.3542</course><roll>35.13148</roll><pitch>0.07109854</pitch><mode /></trkpt><trkpt lat="35.1126764" lon="-118.4783896"><ele>1308.92</ele><time>2026-04-25T12:43:47-07:00</time><course>133.9631</course><roll>28.84352</roll><pitch>-5.169651</pitch><mode /></trkpt><trkpt lat="35.1126589" lon="-118.47835"><ele>1308.67</ele><time>2026-04-25T12:43:48-07:00</time><course>130.9865</course><roll>29.44089</roll><pitch>-6.379922</pitch><mode /></trkpt><trkpt lat="35.1126432" lon="-118.4783072"><ele>1308.84</ele><time>2026-04-25T12:43:48-07:00</time><course>127.5137</course><roll>25.86181</roll><pitch>-0.6656687</pitch><mode /></trkpt><trkpt lat="35.1126281" lon="-118.4782636"><ele>1308.74</ele><time>2026-04-25T12:43:48-07:00</time><course>124.4956</course><roll>28.7681</roll><pitch>5.636148</pitch><mode /></trkpt><trkpt lat="35.1126133" lon="-118.4782207"><ele>1308.23</ele><time>2026-04-25T12:43:48-07:00</time><course>118.4494</course><roll>33.63165</roll><pitch>3.347791</pitch><mode /></trkpt><trkpt lat="35.1125998" lon="-118.4781766"><ele>1307.49</ele><time>2026-04-25T12:43:48-07:00</time><course>107.1774</course><roll>37.54693</roll><pitch>-1.637695</pitch><mode /></trkpt><trkpt lat="35.1125915" lon="-118.478129"><ele>1307.31</ele><time>2026-04-25T12:43:49-07:00</time><course>102.4815</course><roll>30.50399</roll><pitch>-3.969548</pitch><mode /></trkpt><trkpt lat="35.1125874" lon="-118.4780796"><ele>1307.31</ele><time>2026-04-25T12:43:49-07:00</time><course>100.1039</course><roll>25.89085</roll><pitch>-5.705698</pitch><mode /></trkpt><trkpt lat="35.1125857" lon="-118.4780301"><ele>1307.48</ele><time>2026-04-25T12:43:49-07:00</time><course>97.33928</course><roll>19.31555</roll><pitch>0.1098092</pitch><mode /></trkpt><trkpt lat="35.112585" lon="-118.4779808"><ele>1307.45</ele><time>2026-04-25T12:43:49-07:00</time><course>95.94666</course><roll>11.05001</roll><pitch>5.470557</pitch><mode /></trkpt><trkpt lat="35.1125842" lon="-118.4779313"><ele>1307.01</ele><time>2026-04-25T12:43:49-07:00</time><course>98.89373</course><roll>0.8445329</roll><pitch>8.860745</pitch><mode /></trkpt><trkpt lat="35.1125836" lon="-118.4778817"><ele>1306.35</ele><time>2026-04-25T12:43:50-07:00</time><course>97.8768</course><roll>-1.744447</roll><pitch>5.434552</pitch><mode /></trkpt><trkpt lat="35.1125826" lon="-118.4778309"><ele>1305.94</ele><time>2026-04-25T12:43:50-07:00</time><course>98.95415</course><roll>-6.530104</roll><pitch>-9.912825</pitch><mode /></trkpt><trkpt lat="35.1125809" lon="-118.477781"><ele>1306.18</ele><time>2026-04-25T12:43:50-07:00</time><course>100.1791</course><roll>-9.979317</roll><pitch>-19.65048</pitch><mode /></trkpt><trkpt lat="35.1125783" lon="-118.4777335"><ele>1307.02</ele><time>2026-04-25T12:43:50-07:00</time><course>98.88557</course><roll>-7.794607</roll><pitch>-21.05907</pitch><mode /></trkpt><trkpt lat="35.1125756" lon="-118.4776875"><ele>1307.91</ele><time>2026-04-25T12:43:50-07:00</time><course>100.9141</course><roll>-6.216764</roll><pitch>-16.68482</pitch><mode /></trkpt><trkpt lat="35.1125733" lon="-118.4776423"><ele>1308.3</ele><time>2026-04-25T12:43:51-07:00</time><course>103.2117</course><roll>-1.22497</roll><pitch>-11.68987</pitch><mode /></trkpt><trkpt lat="35.112571" lon="-118.4775967"><ele>1308.45</ele><time>2026-04-25T12:43:51-07:00</time><course>103.7128</course><roll>8.303987</roll><pitch>-6.939967</pitch><mode /></trkpt><trkpt lat="35.112569" lon="-118.4775507"><ele>1308.48</ele><time>2026-04-25T12:43:51-07:00</time><course>103.1962</course><roll>14.56194</roll><pitch>-4.46608</pitch><mode /></trkpt><trkpt lat="35.1125679" lon="-118.4775044"><ele>1308.54</ele><time>2026-04-25T12:43:51-07:00</time><course>99.13282</course><roll>26.8569</roll><pitch>-3.251687</pitch><mode /></trkpt><trkpt lat="35.1125681" lon="-118.4774574"><ele>1308.53</ele><time>2026-04-25T12:43:51-07:00</time><course>90.81544</course><roll>33.63205</roll><pitch>-7.364147</pitch><mode /></trkpt><trkpt lat="35.1125711" lon="-118.4774101"><ele>1308.73</ele><time>2026-04-25T12:43:52-07:00</time><course>77.81648</course><roll>36.08677</roll><pitch>-9.798997</pitch><mode /></trkpt><trkpt lat="35.1125781" lon="-118.4773636"><ele>1309.06</ele><time>2026-04-25T12:43:52-07:00</time><course>70.90013</course><roll>38.00381</roll><pitch>-13.11664</pitch><mode /></trkpt><trkpt lat="35.1125893" lon="-118.4773181"><ele>1309.52</ele><time>2026-04-25T12:43:52-07:00</time><course>64.60527</course><roll>43.49275</roll><pitch>-17.97293</pitch><mode /></trkpt><trkpt lat="35.1126033" lon="-118.4772737"><ele>1310.01</ele><time>2026-04-25T12:43:52-07:00</time><course>54.52882</course><roll>47.5565</roll><pitch>-19.13474</pitch><mode /></trkpt><trkpt lat="35.1126194" lon="-118.4772311"><ele>1310.47</ele><time>2026-04-25T12:43:52-07:00</time><course>43.14266</course><roll>52.54684</roll><pitch>-20.66731</pitch><mode /></trkpt><trkpt lat="35.1126387" lon="-118.4771915"><ele>1310.94</ele><time>2026-04-25T12:43:53-07:00</time><course>27.00994</course><roll>61.73151</roll><pitch>-19.77676</pitch><mode /></trkpt><trkpt lat="35.1126608" lon="-118.4771563"><ele>1311.37</ele><time>2026-04-25T12:43:53-07:00</time><course>12.21874</course><roll>67.92052</roll><pitch>-17.9474</pitch><mode /></trkpt><trkpt lat="35.112685" lon="-118.4771283"><ele>1311.98</ele><time>2026-04-25T12:43:53-07:00</time><course>358.8848</course><roll>70.18945</roll><pitch>-14.09102</pitch><mode /></trkpt><trkpt lat="35.1127105" lon="-118.4771071"><ele>1312.37</ele><time>2026-04-25T12:43:53-07:00</time><course>349.0419</course><roll>65.14075</roll><pitch>-10.93481</pitch><mode /></trkpt><trkpt lat="35.1127361" lon="-118.4770918"><ele>1312.54</ele><time>2026-04-25T12:43:53-07:00</time><course>340.7763</course><roll>59.24362</roll><pitch>-9.028986</pitch><mode /></trkpt><trkpt lat="35.1127614" lon="-118.4770813"><ele>1312.66</ele><time>2026-04-25T12:43:54-07:00</time><course>324.0753</course><roll>57.51506</roll><pitch>-7.923916</pitch><mode /></trkpt><trkpt lat="35.1127847" lon="-118.4770764"><ele>1312.75</ele><time>2026-04-25T12:43:54-07:00</time><course>314.8879</course><roll>59.03295</roll><pitch>-4.952995</pitch><mode /></trkpt><trkpt lat="35.1128051" lon="-118.4770775"><ele>1312.79</ele><time>2026-04-25T12:43:54-07:00</time><course>304.8683</course><roll>57.52014</roll><pitch>-1.4168</pitch><mode /></trkpt><trkpt lat="35.1128225" lon="-118.4770828"><ele>1312.75</ele><time>2026-04-25T12:43:54-07:00</time><course>296.4772</course><roll>57.54151</roll><pitch>1.039042</pitch><mode /></trkpt><trkpt lat="35.112837" lon="-118.4770913"><ele>1312.5</ele><time>2026-04-25T12:43:54-07:00</time><course>286.4584</course><roll>55.79083</roll><pitch>0.9016431</pitch><mode /></trkpt><trkpt lat="35.1128477" lon="-118.4771029"><ele>1312.27</ele><time>2026-04-25T12:43:55-07:00</time><course>277.4998</course><roll>52.77459</roll><pitch>2.337049</pitch><mode /></trkpt><trkpt lat="35.1128546" lon="-118.4771164"><ele>1312.06</ele><time>2026-04-25T12:43:55-07:00</time><course>271.694</course><roll>44.90826</roll><pitch>5.586241</pitch><mode /></trkpt><trkpt lat="35.1128587" lon="-118.4771308"><ele>1311.75</ele><time>2026-04-25T12:43:55-07:00</time><course>268.5956</course><roll>32.32484</roll><pitch>8.396169</pitch><mode /></trkpt><trkpt lat="35.1128606" lon="-118.4771459"><ele>1311.32</ele><time>2026-04-25T12:43:55-07:00</time><course>269.6298</course><roll>9.743279</roll><pitch>10.7293</pitch><mode /></trkpt><trkpt lat="35.1128622" lon="-118.4771618"><ele>1310.74</ele><time>2026-04-25T12:43:55-07:00</time><course>268.3685</course><roll>-14.66415</roll><pitch>8.068821</pitch><mode /></trkpt><trkpt lat="35.1128651" lon="-118.4771788"><ele>1310.21</ele><time>2026-04-25T12:43:56-07:00</time><course>267.9744</course><roll>-20.89402</roll><pitch>3.507258</pitch><mode /></trkpt><trkpt lat="35.112869" lon="-118.4771966"><ele>1309.84</ele><time>2026-04-25T12:43:56-07:00</time><course>272.0774</course><roll>-22.73972</roll><pitch>0.5897784</pitch><mode /></trkpt><trkpt lat="35.1128742" lon="-118.4772149"><ele>1309.47</ele><time>2026-04-25T12:43:56-07:00</time><course>275.7539</course><roll>-26.24799</roll><pitch>2.700618</pitch><mode /></trkpt><trkpt lat="35.112881" lon="-118.4772335"><ele>1309.05</ele><time>2026-04-25T12:43:56-07:00</time><course>275.621</course><roll>-23.40155</roll><pitch>2.742042</pitch><mode /></trkpt><trkpt lat="35.1128893" lon="-118.4772516"><ele>1308.41</ele><time>2026-04-25T12:43:56-07:00</time><course>274.3637</course><roll>-14.45694</roll><pitch>1.278226</pitch><mode /></trkpt><trkpt lat="35.1128983" lon="-118.4772692"><ele>1307.86</ele><time>2026-04-25T12:43:57-07:00</time><course>275.7575</course><roll>-3.956456</roll><pitch>-1.760001</pitch><mode /></trkpt><trkpt lat="35.1129074" lon="-118.4772867"><ele>1307.5</ele><time>2026-04-25T12:43:57-07:00</time><course>278.8326</course><roll>-5.738682</roll><pitch>-5.225921</pitch><mode /></trkpt><trkpt lat="35.1129169" lon="-118.4773041"><ele>1307.5</ele><time>2026-04-25T12:43:57-07:00</time><course>279.7552</course><roll>-11.06941</roll><pitch>-6.737891</pitch><mode /></trkpt><trkpt lat="35.1129271" lon="-118.4773212"><ele>1307.59</ele><time>2026-04-25T12:43:57-07:00</time><course>274.7108</course><roll>-7.763529</roll><pitch>-3.172511</pitch><mode /></trkpt><trkpt lat="35.1129375" lon="-118.4773383"><ele>1307.5</ele><time>2026-04-25T12:43:57-07:00</time><course>268.1215</course><roll>1.971649</roll><pitch>1.933342</pitch><mode /></trkpt><trkpt lat="35.1129469" lon="-118.4773553"><ele>1307.17</ele><time>2026-04-25T12:43:58-07:00</time><course>269.3024</course><roll>11.06391</roll><pitch>6.793213</pitch><mode /></trkpt><trkpt lat="35.112955" lon="-118.4773723"><ele>1306.7</ele><time>2026-04-25T12:43:58-07:00</time><course>271.2973</course><roll>18.83647</roll><pitch>8.157085</pitch><mode /></trkpt><trkpt lat="35.1129619" lon="-118.4773903"><ele>1306.14</ele><time>2026-04-25T12:43:58-07:00</time><course>273.0026</course><roll>20.46989</roll><pitch>7.907168</pitch><mode /></trkpt><trkpt lat="35.1129678" lon="-118.477409"><ele>1305.53</ele><time>2026-04-25T12:43:58-07:00</time><course>270.4473</course><roll>18.66872</roll><pitch>7.821553</pitch><mode /></trkpt><trkpt lat="35.1129726" lon="-118.4774284"><ele>1304.9</ele><time>2026-04-25T12:43:58-07:00</time><course>266.2824</course><roll>18.7268</roll><pitch>8.749942</pitch><mode /></trkpt><trkpt lat="35.112976" lon="-118.4774483"><ele>1304.21</ele><time>2026-04-25T12:43:59-07:00</time><course>265.7213</course><roll>16.31967</roll><pitch>7.828996</pitch><mode /></trkpt><trkpt lat="35.1129783" lon="-118.4774682"><ele>1303.52</ele><time>2026-04-25T12:43:59-07:00</time><course>264.0692</course><roll>19.35055</roll><pitch>7.627149</pitch><mode /></trkpt><trkpt lat="35.1129792" lon="-118.4774883"><ele>1302.9</ele><time>2026-04-25T12:43:59-07:00</time><course>262.3085</course><roll>14.65427</roll><pitch>7.432925</pitch><mode /></trkpt><trkpt lat="35.1129791" lon="-118.4775081"><ele>1302.28</ele><time>2026-04-25T12:43:59-07:00</time><course>260.9544</course><roll>10.41597</roll><pitch>7.769936</pitch><mode /></trkpt><trkpt lat="35.1129787" lon="-118.4775276"><ele>1301.45</ele><time>2026-04-25T12:43:59-07:00</time><course>260.1964</course><roll>7.57339</roll><pitch>7.502812</pitch><mode /></trkpt><trkpt lat="35.1129777" lon="-118.4775467"><ele>1300.56</ele><time>2026-04-25T12:44:00-07:00</time><course>258.2009</course><roll>11.11618</roll><pitch>6.772728</pitch><mode /></trkpt><trkpt lat="35.1129762" lon="-118.4775662"><ele>1299.73</ele><time>2026-04-25T12:44:00-07:00</time><course>255.8216</course><roll>10.02653</roll><pitch>5.645358</pitch><mode /></trkpt><trkpt lat="35.1129739" lon="-118.4775861"><ele>1298.98</ele><time>2026-04-25T12:44:00-07:00</time><course>254.6933</course><roll>10.74094</roll><pitch>4.411169</pitch><mode /></trkpt><trkpt lat="35.1129701" lon="-118.477606"><ele>1298.47</ele><time>2026-04-25T12:44:00-07:00</time><course>254.1182</course><roll>7.398872</roll><pitch>3.012325</pitch><mode /></trkpt><trkpt lat="35.1129652" lon="-118.4776264"><ele>1298.18</ele><time>2026-04-25T12:44:00-07:00</time><course>254.0469</course><roll>8.233199</roll><pitch>2.733424</pitch><mode /></trkpt><trkpt lat="35.1129595" lon="-118.4776467"><ele>1297.89</ele><time>2026-04-25T12:44:01-07:00</time><course>254.2997</course><roll>5.992381</roll><pitch>1.395918</pitch><mode /></trkpt><trkpt lat="35.1129532" lon="-118.4776669"><ele>1297.81</ele><time>2026-04-25T12:44:01-07:00</time><course>252.6498</course><roll>0.6931563</roll><pitch>1.171886</pitch><mode /></trkpt><trkpt lat="35.1129468" lon="-118.4776871"><ele>1297.68</ele><time>2026-04-25T12:44:01-07:00</time><course>250.1037</course><roll>2.178628</roll><pitch>0.359943</pitch><mode /></trkpt><trkpt lat="35.1129402" lon="-118.4777073"><ele>1297.49</ele><time>2026-04-25T12:44:01-07:00</time><course>248.5695</course><roll>1.334359</roll><pitch>0.0390287</pitch><mode /></trkpt><trkpt lat="35.1129333" lon="-118.4777278"><ele>1297.31</ele><time>2026-04-25T12:44:01-07:00</time><course>248.917</course><roll>3.237093</roll><pitch>-0.4605183</pitch><mode /></trkpt><trkpt lat="35.1129258" lon="-118.4777484"><ele>1297.11</ele><time>2026-04-25T12:44:02-07:00</time><course>248.4783</course><roll>6.039594</roll><pitch>-1.283707</pitch><mode /></trkpt><trkpt lat="35.1129175" lon="-118.4777689"><ele>1297.01</ele><time>2026-04-25T12:44:02-07:00</time><course>248.5888</course><roll>4.961625</roll><pitch>-1.223362</pitch><mode /></trkpt><trkpt lat="35.112909" lon="-118.4777891"><ele>1297.06</ele><time>2026-04-25T12:44:02-07:00</time><course>246.7547</course><roll>4.090222</roll><pitch>-1.298724</pitch><mode /></trkpt><trkpt lat="35.1129" lon="-118.477809"><ele>1297.11</ele><time>2026-04-25T12:44:02-07:00</time><course>248.4675</course><roll>0.9813101</roll><pitch>-1.223405</pitch><mode /></trkpt><trkpt lat="35.112891" lon="-118.4778286"><ele>1297.26</ele><time>2026-04-25T12:44:02-07:00</time><course>244.624</course><roll>0.9047385</roll><pitch>-1.630358</pitch><mode /></trkpt><trkpt lat="35.1128824" lon="-118.4778482"><ele>1297.42</ele><time>2026-04-25T12:44:03-07:00</time><course>242.6671</course><roll>-2.017098</roll><pitch>-1.152593</pitch><mode /></trkpt><trkpt lat="35.1128732" lon="-118.4778676"><ele>1297.59</ele><time>2026-04-25T12:44:03-07:00</time><course>244.5832</course><roll>-8.668319</roll><pitch>-0.730397</pitch><mode /></trkpt><trkpt lat="35.1128645" lon="-118.4778874"><ele>1297.64</ele><time>2026-04-25T12:44:03-07:00</time><course>237.3711</course><roll>-6.705334</roll><pitch>-2.354312</pitch><mode /></trkpt><trkpt lat="35.1128562" lon="-118.4779072"><ele>1297.83</ele><time>2026-04-25T12:44:03-07:00</time><course>236.077</course><roll>-8.57422</roll><pitch>-1.589457</pitch><mode /></trkpt><trkpt lat="35.1128474" lon="-118.4779265"><ele>1298.12</ele><time>2026-04-25T12:44:03-07:00</time><course>241.4145</course><roll>-10.05218</roll><pitch>-0.1742229</pitch><mode /></trkpt><trkpt lat="35.1128387" lon="-118.4779456"><ele>1298.12</ele><time>2026-04-25T12:44:04-07:00</time><course>243.5193</course><roll>-9.229615</roll><pitch>-1.362293</pitch><mode /></trkpt><trkpt lat="35.1128305" lon="-118.4779653"><ele>1298.3</ele><time>2026-04-25T12:44:04-07:00</time><course>241.698</course><roll>-6.621519</roll><pitch>-1.458409</pitch><mode /></trkpt><trkpt lat="35.1128222" lon="-118.4779852"><ele>1298.45</ele><time>2026-04-25T12:44:04-07:00</time><course>243.1044</course><roll>-4.734329</roll><pitch>-1.02439</pitch><mode /></trkpt><trkpt lat="35.1128139" lon="-118.4780047"><ele>1298.73</ele><time>2026-04-25T12:44:04-07:00</time><course>241.9657</course><roll>-0.8936004</roll><pitch>-0.07993504</pitch><mode /></trkpt><trkpt lat="35.1128059" lon="-118.4780237"><ele>1298.96</ele><time>2026-04-25T12:44:04-07:00</time><course>241.3645</course><roll>3.28485</roll><pitch>1.386802</pitch><mode /></trkpt><trkpt lat="35.1127973" lon="-118.4780423"><ele>1298.94</ele><time>2026-04-25T12:44:05-07:00</time><course>244.4209</course><roll>0.734111</roll><pitch>1.813043</pitch><mode /></trkpt><trkpt lat="35.1127887" lon="-118.4780607"><ele>1298.78</ele><time>2026-04-25T12:44:05-07:00</time><course>243.1751</course><roll>3.397563</roll><pitch>2.187817</pitch><mode /></trkpt><trkpt lat="35.1127795" lon="-118.4780792"><ele>1298.65</ele><time>2026-04-25T12:44:05-07:00</time><course>247.1175</course><roll>4.982988</roll><pitch>1.46968</pitch><mode /></trkpt><trkpt lat="35.1127697" lon="-118.478098"><ele>1298.69</ele><time>2026-04-25T12:44:05-07:00</time><course>242.274</course><roll>3.851029</roll><pitch>1.152128</pitch><mode /></trkpt><trkpt lat="35.1127602" lon="-118.4781174"><ele>1298.75</ele><time>2026-04-25T12:44:05-07:00</time><course>234.4844</course><roll>6.640671</roll><pitch>1.610268</pitch><mode /></trkpt><trkpt lat="35.1127493" lon="-118.4781363"><ele>1298.68</ele><time>2026-04-25T12:44:06-07:00</time><course>241.3445</course><roll>8.34954</roll><pitch>1.119886</pitch><mode /></trkpt><trkpt lat="35.1127375" lon="-118.4781544"><ele>1298.53</ele><time>2026-04-25T12:44:06-07:00</time><course>241.246</course><roll>8.245472</roll><pitch>0.07769947</pitch><mode /></trkpt><trkpt lat="35.1127257" lon="-118.4781717"><ele>1298.54</ele><time>2026-04-25T12:44:06-07:00</time><course>237.9119</course><roll>8.657904</roll><pitch>0.488842</pitch><mode /></trkpt><trkpt lat="35.1127133" lon="-118.4781877"><ele>1298.59</ele><time>2026-04-25T12:44:06-07:00</time><course>238.6894</course><roll>13.25759</roll><pitch>0.6998399</pitch><mode /></trkpt><trkpt lat="35.1127002" lon="-118.4782035"><ele>1298.41</ele><time>2026-04-25T12:44:06-07:00</time><course>236.6868</course><roll>14.83788</roll><pitch>0.05647828</pitch><mode /></trkpt><trkpt lat="35.1126867" lon="-118.4782184"><ele>1298.58</ele><time>2026-04-25T12:44:07-07:00</time><course>223.3617</course><roll>21.14173</roll><pitch>2.945449</pitch><mode /></trkpt><trkpt lat="35.1126718" lon="-118.4782318"><ele>1298.77</ele><time>2026-04-25T12:44:07-07:00</time><course>225.6532</course><roll>25.53169</roll><pitch>1.600959</pitch><mode /></trkpt><trkpt lat="35.1126556" lon="-118.4782431"><ele>1298.89</ele><time>2026-04-25T12:44:07-07:00</time><course>226.5771</course><roll>27.56497</roll><pitch>0.03363955</pitch><mode /></trkpt><trkpt lat="35.112638" lon="-118.4782535"><ele>1299.07</ele><time>2026-04-25T12:44:07-07:00</time><course>223.1715</course><roll>29.45155</roll><pitch>0.3854616</pitch><mode /></trkpt><trkpt lat="35.1126183" lon="-118.4782625"><ele>1299.19</ele><time>2026-04-25T12:44:07-07:00</time><course>224.0785</course><roll>30.74342</roll><pitch>-1.30736</pitch><mode /></trkpt><trkpt lat="35.1125971" lon="-118.4782701"><ele>1299.26</ele><time>2026-04-25T12:44:08-07:00</time><course>221.8327</course><roll>27.79926</roll><pitch>-1.835256</pitch><mode /></trkpt><trkpt lat="35.1125753" lon="-118.4782767"><ele>1299.24</ele><time>2026-04-25T12:44:08-07:00</time><course>216.9773</course><roll>27.63515</roll><pitch>-0.4728454</pitch><mode /></trkpt><trkpt lat="35.1125525" lon="-118.4782818"><ele>1299.16</ele><time>2026-04-25T12:44:08-07:00</time><course>213.0703</course><roll>28.11761</roll><pitch>0.09444737</pitch><mode /></trkpt><trkpt lat="35.1125293" lon="-118.4782857"><ele>1299.04</ele><time>2026-04-25T12:44:08-07:00</time><course>208.8168</course><roll>23.31168</roll><pitch>-0.1517037</pitch><mode /></trkpt><trkpt lat="35.1125056" lon="-118.4782881"><ele>1298.79</ele><time>2026-04-25T12:44:08-07:00</time><course>205.4499</course><roll>19.11412</roll><pitch>-0.1333255</pitch><mode /></trkpt><trkpt lat="35.112481" lon="-118.4782883"><ele>1298.79</ele><time>2026-04-25T12:44:09-07:00</time><course>201.7754</course><roll>15.3487</roll><pitch>0.5131364</pitch><mode /></trkpt><trkpt lat="35.1124561" lon="-118.4782871"><ele>1298.87</ele><time>2026-04-25T12:44:09-07:00</time><course>200.5311</course><roll>13.34253</roll><pitch>0.2089591</pitch><mode /></trkpt><trkpt lat="35.1124312" lon="-118.4782852"><ele>1298.76</ele><time>2026-04-25T12:44:09-07:00</time><course>199.6324</course><roll>12.25597</roll><pitch>-0.1665266</pitch><mode /></trkpt><trkpt lat="35.1124064" lon="-118.4782824"><ele>1298.75</ele><time>2026-04-25T12:44:09-07:00</time><course>199.5731</course><roll>6.907411</roll><pitch>-1.25922</pitch><mode /></trkpt><trkpt lat="35.1123813" lon="-118.4782788"><ele>1298.75</ele><time>2026-04-25T12:44:09-07:00</time><course>197.3633</course><roll>7.081342</roll><pitch>-0.257093</pitch><mode /></trkpt><trkpt lat="35.1123562" lon="-118.478275"><ele>1298.84</ele><time>2026-04-25T12:44:10-07:00</time><course>195.364</course><roll>7.880067</roll><pitch>-0.53351</pitch><mode /></trkpt><trkpt lat="35.1123313" lon="-118.4782704"><ele>1298.91</ele><time>2026-04-25T12:44:10-07:00</time><course>196.8384</course><roll>11.98615</roll><pitch>-0.9945568</pitch><mode /></trkpt><trkpt lat="35.1123062" lon="-118.4782651"><ele>1299.22</ele><time>2026-04-25T12:44:10-07:00</time><course>194.6813</course><roll>-0.2252336</roll><pitch>-1.711382</pitch><mode /></trkpt><trkpt lat="35.1122817" lon="-118.4782597"><ele>1299.5</ele><time>2026-04-25T12:44:10-07:00</time><course>194.3248</course><roll>-13.15237</roll><pitch>1.577784</pitch><mode /></trkpt><trkpt lat="35.1122577" lon="-118.478254"><ele>1299.57</ele><time>2026-04-25T12:44:10-07:00</time><course>195.3664</course><roll>-16.63251</roll><pitch>3.489662</pitch><mode /></trkpt><trkpt lat="35.1122338" lon="-118.4782487"><ele>1299.23</ele><time>2026-04-25T12:44:11-07:00</time><course>198.155</course><roll>-18.29383</roll><pitch>4.218785</pitch><mode /></trkpt><trkpt lat="35.1122102" lon="-118.4782442"><ele>1298.85</ele><time>2026-04-25T12:44:11-07:00</time><course>200.0179</course><roll>-22.43233</roll><pitch>2.666677</pitch><mode /></trkpt><trkpt lat="35.1121865" lon="-118.4782414"><ele>1298.42</ele><time>2026-04-25T12:44:11-07:00</time><course>201.5061</course><roll>-22.52907</roll><pitch>1.275314</pitch><mode /></trkpt><trkpt lat="35.1121632" lon="-118.4782402"><ele>1298.05</ele><time>2026-04-25T12:44:11-07:00</time><course>203.4605</course><roll>-22.92166</roll><pitch>0.6797077</pitch><mode /></trkpt><trkpt lat="35.1121179" lon="-118.4782424"><ele>1297.66</ele><time>2026-04-25T12:44:12-07:00</time><course>205.8408</course><roll>-17.97518</roll><pitch>-1.166694</pitch><mode /></trkpt><trkpt lat="35.1120958" lon="-118.4782459"><ele>1297.58</ele><time>2026-04-25T12:44:12-07:00</time><course>208.5674</course><roll>-18.17488</roll><pitch>-0.4598682</pitch><mode /></trkpt><trkpt lat="35.1120741" lon="-118.4782503"><ele>1297.32</ele><time>2026-04-25T12:44:12-07:00</time><course>209.2297</course><roll>-17.00165</roll><pitch>-1.730488</pitch><mode /></trkpt><trkpt lat="35.112053" lon="-118.4782554"><ele>1297.12</ele><time>2026-04-25T12:44:12-07:00</time><course>212.1225</course><roll>-18.02589</roll><pitch>-1.713629</pitch><mode /></trkpt><trkpt lat="35.1120322" lon="-118.4782613"><ele>1297.13</ele><time>2026-04-25T12:44:12-07:00</time><course>216.3032</course><roll>-14.17976</roll><pitch>-0.561758</pitch><mode /></trkpt><trkpt lat="35.1120123" lon="-118.4782683"><ele>1297.1</ele><time>2026-04-25T12:44:13-07:00</time><course>216.2408</course><roll>-10.28693</roll><pitch>-1.371908</pitch><mode /></trkpt><trkpt lat="35.1119924" lon="-118.478276"><ele>1297.08</ele><time>2026-04-25T12:44:13-07:00</time><course>218.015</course><roll>-7.688373</roll><pitch>-1.308323</pitch><mode /></trkpt><trkpt lat="35.1119728" lon="-118.4782833"><ele>1296.9</ele><time>2026-04-25T12:44:13-07:00</time><course>220.2669</course><roll>-9.634096</roll><pitch>-1.693698</pitch><mode /></trkpt><trkpt lat="35.1119536" lon="-118.4782912"><ele>1296.7</ele><time>2026-04-25T12:44:13-07:00</time><course>219.5692</course><roll>-11.70247</roll><pitch>-2.918244</pitch><mode /></trkpt><trkpt lat="35.1119352" lon="-118.4782998"><ele>1296.56</ele><time>2026-04-25T12:44:13-07:00</time><course>217.4968</course><roll>-11.46625</roll><pitch>-3.830736</pitch><mode /></trkpt><trkpt lat="35.1119175" lon="-118.4783089"><ele>1296.58</ele><time>2026-04-25T12:44:14-07:00</time><course>221.7734</course><roll>-12.33818</roll><pitch>-1.736893</pitch><mode /></trkpt><trkpt lat="35.1119002" lon="-118.478318"><ele>1296.49</ele><time>2026-04-25T12:44:14-07:00</time><course>223.7587</course><roll>-12.49622</roll><pitch>-1.422017</pitch><mode /></trkpt><trkpt lat="35.1118833" lon="-118.4783277"><ele>1296.36</ele><time>2026-04-25T12:44:14-07:00</time><course>223.8175</course><roll>-12.41932</roll><pitch>-3.190436</pitch><mode /></trkpt><trkpt lat="35.1118669" lon="-118.4783379"><ele>1296.32</ele><time>2026-04-25T12:44:14-07:00</time><course>227.4809</course><roll>-12.48377</roll><pitch>-2.306</pitch><mode /></trkpt><trkpt lat="35.1118509" lon="-118.4783486"><ele>1296.36</ele><time>2026-04-25T12:44:14-07:00</time><course>229.2513</course><roll>-12.94478</roll><pitch>-2.47692</pitch><mode /></trkpt><trkpt lat="35.1118357" lon="-118.4783598"><ele>1296.3</ele><time>2026-04-25T12:44:15-07:00</time><course>229.8736</course><roll>-12.44922</roll><pitch>-3.006785</pitch><mode /></trkpt><trkpt lat="35.1118211" lon="-118.4783713"><ele>1296.34</ele><time>2026-04-25T12:44:15-07:00</time><course>230.9996</course><roll>-11.45823</roll><pitch>-3.244568</pitch><mode /></trkpt><trkpt lat="35.111807" lon="-118.4783828"><ele>1296.38</ele><time>2026-04-25T12:44:15-07:00</time><course>232.6532</course><roll>-11.0521</roll><pitch>-2.736073</pitch><mode /></trkpt><trkpt lat="35.1117934" lon="-118.4783947"><ele>1296.42</ele><time>2026-04-25T12:44:15-07:00</time><course>233.5764</course><roll>-9.496686</roll><pitch>-2.9416</pitch><mode /></trkpt><trkpt lat="35.1117803" lon="-118.4784071"><ele>1296.45</ele><time>2026-04-25T12:44:15-07:00</time><course>234.2139</course><roll>-7.743243</roll><pitch>-2.885654</pitch><mode /></trkpt><trkpt lat="35.1117675" lon="-118.4784199"><ele>1296.46</ele><time>2026-04-25T12:44:16-07:00</time><course>233.5187</course><roll>-5.267811</roll><pitch>-3.78087</pitch><mode /></trkpt><trkpt lat="35.1117549" lon="-118.4784326"><ele>1296.46</ele><time>2026-04-25T12:44:16-07:00</time><course>234.2445</course><roll>-6.440855</roll><pitch>-4.065166</pitch><mode /></trkpt><trkpt lat="35.1117427" lon="-118.4784458"><ele>1296.47</ele><time>2026-04-25T12:44:16-07:00</time><course>231.3301</course><roll>-7.539895</roll><pitch>-5.246205</pitch><mode /></trkpt><trkpt lat="35.111731" lon="-118.4784597"><ele>1296.59</ele><time>2026-04-25T12:44:16-07:00</time><course>228.7776</course><roll>5.062426</roll><pitch>-4.738074</pitch><mode /></trkpt><trkpt lat="35.1117186" lon="-118.4784737"><ele>1296.75</ele><time>2026-04-25T12:44:16-07:00</time><course>232.6301</course><roll>1.876943</roll><pitch>-6.152243</pitch><mode /></trkpt><trkpt lat="35.111706" lon="-118.4784876"><ele>1297.02</ele><time>2026-04-25T12:44:17-07:00</time><course>231.3461</course><roll>-2.685514</roll><pitch>-6.730128</pitch><mode /></trkpt><trkpt lat="35.1116936" lon="-118.4785016"><ele>1297.5</ele><time>2026-04-25T12:44:17-07:00</time><course>233.5598</course><roll>-2.890252</roll><pitch>-3.908438</pitch><mode /></trkpt><trkpt lat="35.1116806" lon="-118.4785154"><ele>1297.85</ele><time>2026-04-25T12:44:17-07:00</time><course>239.788</course><roll>-7.560652</roll><pitch>-1.64128</pitch><mode /></trkpt><trkpt lat="35.1116678" lon="-118.4785299"><ele>1298.02</ele><time>2026-04-25T12:44:17-07:00</time><course>238.7376</course><roll>-11.56638</roll><pitch>-1.617921</pitch><mode /></trkpt><trkpt lat="35.1116554" lon="-118.478545"><ele>1297.93</ele><time>2026-04-25T12:44:17-07:00</time><course>241.0334</course><roll>-23.2967</roll><pitch>-0.447276</pitch><mode /></trkpt><trkpt lat="35.1116439" lon="-118.4785618"><ele>1297.98</ele><time>2026-04-25T12:44:18-07:00</time><course>238.9791</course><roll>-21.44897</roll><pitch>-1.199736</pitch><mode /></trkpt><trkpt lat="35.1116337" lon="-118.47858"><ele>1298.05</ele><time>2026-04-25T12:44:18-07:00</time><course>240.4768</course><roll>-21.17241</roll><pitch>-0.994955</pitch><mode /></trkpt><trkpt lat="35.1116238" lon="-118.4785981"><ele>1298.03</ele><time>2026-04-25T12:44:18-07:00</time><course>245.7145</course><roll>-16.51507</roll><pitch>1.051348</pitch><mode /></trkpt><trkpt lat="35.1116144" lon="-118.4786167"><ele>1297.76</ele><time>2026-04-25T12:44:18-07:00</time><course>248.049</course><roll>-29.16846</roll><pitch>-0.4757706</pitch><mode /></trkpt><trkpt lat="35.1116069" lon="-118.4786354"><ele>1297.44</ele><time>2026-04-25T12:44:18-07:00</time><course>249.6614</course><roll>-25.19896</roll><pitch>-2.501177</pitch><mode /></trkpt><trkpt lat="35.1116015" lon="-118.4786548"><ele>1297.25</ele><time>2026-04-25T12:44:19-07:00</time><course>251.4548</course><roll>-20.0025</roll><pitch>-3.380733</pitch><mode /></trkpt><trkpt lat="35.1115973" lon="-118.478675"><ele>1297.17</ele><time>2026-04-25T12:44:19-07:00</time><course>253.7834</course><roll>-19.03954</roll><pitch>-2.670433</pitch><mode /></trkpt><trkpt lat="35.1115938" lon="-118.4786952"><ele>1297.09</ele><time>2026-04-25T12:44:19-07:00</time><course>257.1858</course><roll>-17.20222</roll><pitch>-1.964953</pitch><mode /></trkpt><trkpt lat="35.111591" lon="-118.4787152"><ele>1296.94</ele><time>2026-04-25T12:44:19-07:00</time><course>258.319</course><roll>-27.25665</roll><pitch>-3.420378</pitch><mode /></trkpt><trkpt lat="35.1115898" lon="-118.478735"><ele>1296.84</ele><time>2026-04-25T12:44:19-07:00</time><course>256.3228</course><roll>-23.694</roll><pitch>-6.191836</pitch><mode /></trkpt><trkpt lat="35.1115901" lon="-118.4787547"><ele>1296.94</ele><time>2026-04-25T12:44:20-07:00</time><course>258.4515</course><roll>-17.85872</roll><pitch>-5.677534</pitch><mode /></trkpt><trkpt lat="35.1115913" lon="-118.4787741"><ele>1297.05</ele><time>2026-04-25T12:44:20-07:00</time><course>259.643</course><roll>-14.43778</roll><pitch>-5.151784</pitch><mode /></trkpt><trkpt lat="35.1115937" lon="-118.4787928"><ele>1297.09</ele><time>2026-04-25T12:44:20-07:00</time><course>259.7522</course><roll>-5.775536</roll><pitch>-3.906501</pitch><mode /></trkpt><trkpt lat="35.1115962" lon="-118.4788112"><ele>1297.24</ele><time>2026-04-25T12:44:20-07:00</time><course>262.1851</course><roll>-5.739781</roll><pitch>-2.452277</pitch><mode /></trkpt><trkpt lat="35.1115987" lon="-118.4788298"><ele>1297.2</ele><time>2026-04-25T12:44:20-07:00</time><course>262.8107</course><roll>-10.00714</roll><pitch>-1.164131</pitch><mode /></trkpt><trkpt lat="35.1116015" lon="-118.4788488"><ele>1297.29</ele><time>2026-04-25T12:44:21-07:00</time><course>261.5655</course><roll>-10.78783</roll><pitch>-0.8840216</pitch><mode /></trkpt><trkpt lat="35.1116045" lon="-118.4788684"><ele>1297.29</ele><time>2026-04-25T12:44:21-07:00</time><course>260.2915</course><roll>-10.3933</roll><pitch>-0.5378305</pitch><mode /></trkpt><trkpt lat="35.1116073" lon="-118.4788881"><ele>1297.06</ele><time>2026-04-25T12:44:21-07:00</time><course>262.2062</course><roll>-8.414104</roll><pitch>-0.5710749</pitch><mode /></trkpt><trkpt lat="35.11161" lon="-118.4789079"><ele>1296.86</ele><time>2026-04-25T12:44:21-07:00</time><course>264.1699</course><roll>-3.11771</roll><pitch>-0.9661762</pitch><mode /></trkpt><trkpt lat="35.1116128" lon="-118.478928"><ele>1296.77</ele><time>2026-04-25T12:44:21-07:00</time><course>265.8808</course><roll>-5.717307</roll><pitch>-1.23539</pitch><mode /></trkpt><trkpt lat="35.1116162" lon="-118.4789487"><ele>1296.69</ele><time>2026-04-25T12:44:22-07:00</time><course>264.2684</course><roll>-4.270717</roll><pitch>-1.554266</pitch><mode /></trkpt><trkpt lat="35.1116196" lon="-118.4789697"><ele>1296.72</ele><time>2026-04-25T12:44:22-07:00</time><course>266.0942</course><roll>-5.010578</roll><pitch>-0.6158197</pitch><mode /></trkpt><trkpt lat="35.1116228" lon="-118.4789909"><ele>1296.7</ele><time>2026-04-25T12:44:22-07:00</time><course>266.6237</course><roll>-7.598821</roll><pitch>-0.6697291</pitch><mode /></trkpt><trkpt lat="35.1116267" lon="-118.4790118"><ele>1296.6</ele><time>2026-04-25T12:44:22-07:00</time><course>264.8744</course><roll>-6.111115</roll><pitch>-1.785284</pitch><mode /></trkpt><trkpt lat="35.1116303" lon="-118.4790326"><ele>1296.57</ele><time>2026-04-25T12:44:22-07:00</time><course>267.0221</course><roll>-9.490528</roll><pitch>-2.065603</pitch><mode /></trkpt><trkpt lat="35.1116347" lon="-118.4790536"><ele>1296.52</ele><time>2026-04-25T12:44:23-07:00</time><course>263.4068</course><roll>-8.778042</roll><pitch>-3.186143</pitch><mode /></trkpt><trkpt lat="35.1116392" lon="-118.479075"><ele>1296.54</ele><time>2026-04-25T12:44:23-07:00</time><course>267.6097</course><roll>-8.274263</roll><pitch>-1.978804</pitch><mode /></trkpt><trkpt lat="35.111644" lon="-118.4790963"><ele>1296.52</ele><time>2026-04-25T12:44:23-07:00</time><course>269.248</course><roll>-11.19136</roll><pitch>-2.242054</pitch><mode /></trkpt><trkpt lat="35.1116498" lon="-118.4791175"><ele>1296.54</ele><time>2026-04-25T12:44:23-07:00</time><course>265.6315</course><roll>-2.401431</roll><pitch>-2.656043</pitch><mode /></trkpt><trkpt lat="35.1116552" lon="-118.4791388"><ele>1296.49</ele><time>2026-04-25T12:44:23-07:00</time><course>268.5364</course><roll>-3.412264</roll><pitch>-2.256009</pitch><mode /></trkpt><trkpt lat="35.1116606" lon="-118.4791602"><ele>1296.45</ele><time>2026-04-25T12:44:24-07:00</time><course>268.4397</course><roll>-6.22694</roll><pitch>-2.008538</pitch><mode /></trkpt><trkpt lat="35.1116668" lon="-118.4791815"><ele>1296.48</ele><time>2026-04-25T12:44:24-07:00</time><course>266.8733</course><roll>-7.795938</roll><pitch>-2.110291</pitch><mode /></trkpt><trkpt lat="35.1116728" lon="-118.4792028"><ele>1296.39</ele><time>2026-04-25T12:44:24-07:00</time><course>271.4304</course><roll>-10.10094</roll><pitch>-1.112659</pitch><mode /></trkpt><trkpt lat="35.1116795" lon="-118.4792239"><ele>1296.2</ele><time>2026-04-25T12:44:24-07:00</time><course>270.1144</course><roll>-18.27318</roll><pitch>-3.83453</pitch><mode /></trkpt><trkpt lat="35.1116872" lon="-118.4792449"><ele>1296.08</ele><time>2026-04-25T12:44:24-07:00</time><course>272.9009</course><roll>-18.68113</roll><pitch>-3.555285</pitch><mode /></trkpt><trkpt lat="35.1116959" lon="-118.4792658"><ele>1296.07</ele><time>2026-04-25T12:44:25-07:00</time><course>275.448</course><roll>-16.0528</roll><pitch>-4.131894</pitch><mode /></trkpt><trkpt lat="35.1117056" lon="-118.4792859"><ele>1296.16</ele><time>2026-04-25T12:44:25-07:00</time><course>277.2714</course><roll>-21.50397</roll><pitch>-7.645747</pitch><mode /></trkpt><trkpt lat="35.1117167" lon="-118.4793053"><ele>1296.41</ele><time>2026-04-25T12:44:25-07:00</time><course>280.9709</course><roll>-28.23493</roll><pitch>-9.871508</pitch><mode /></trkpt><trkpt lat="35.1117297" lon="-118.4793239"><ele>1296.83</ele><time>2026-04-25T12:44:25-07:00</time><course>289.3299</course><roll>-45.54741</roll><pitch>-11.70689</pitch><mode /></trkpt><trkpt lat="35.1117453" lon="-118.4793412"><ele>1297.27</ele><time>2026-04-25T12:44:25-07:00</time><course>297.3834</course><roll>-52.56477</roll><pitch>-11.69858</pitch><mode /></trkpt><trkpt lat="35.111764" lon="-118.4793566"><ele>1297.6</ele><time>2026-04-25T12:44:26-07:00</time><course>305.6216</course><roll>-62.99088</roll><pitch>-10.26332</pitch><mode /></trkpt><trkpt lat="35.1117844" lon="-118.4793711"><ele>1297.78</ele><time>2026-04-25T12:44:26-07:00</time><course>317.2265</course><roll>-69.6863</roll><pitch>-2.787556</pitch><mode /></trkpt><trkpt lat="35.1118069" lon="-118.4793835"><ele>1297.73</ele><time>2026-04-25T12:44:26-07:00</time><course>326.6212</course><roll>-75.53218</roll><pitch>4.695438</pitch><mode /></trkpt><trkpt lat="35.1118331" lon="-118.4793912"><ele>1297.52</ele><time>2026-04-25T12:44:26-07:00</time><course>337.1934</course><roll>-68.44461</roll><pitch>7.677602</pitch><mode /></trkpt><trkpt lat="35.1118622" lon="-118.4793935"><ele>1297.08</ele><time>2026-04-25T12:44:26-07:00</time><course>344.6255</course><roll>-54.46056</roll><pitch>5.33771</pitch><mode /></trkpt><trkpt lat="35.1118929" lon="-118.4793908"><ele>1296.42</ele><time>2026-04-25T12:44:27-07:00</time><course>350.7754</course><roll>-48.06191</roll><pitch>-0.773784</pitch><mode /></trkpt><trkpt lat="35.1119256" lon="-118.4793816"><ele>1296.05</ele><time>2026-04-25T12:44:27-07:00</time><course>355.6923</course><roll>-45.48045</roll><pitch>-5.980919</pitch><mode /></trkpt><trkpt lat="35.1119589" lon="-118.4793669"><ele>1295.71</ele><time>2026-04-25T12:44:27-07:00</time><course>8.026236</course><roll>-48.35752</roll><pitch>-8.678926</pitch><mode /></trkpt><trkpt lat="35.1119922" lon="-118.4793477"><ele>1295.58</ele><time>2026-04-25T12:44:27-07:00</time><course>11.40523</course><roll>-40.06422</roll><pitch>-4.76106</pitch><mode /></trkpt><trkpt lat="35.1120257" lon="-118.4793253"><ele>1295.49</ele><time>2026-04-25T12:44:27-07:00</time><course>16.72899</course><roll>-39.48354</roll><pitch>3.39929</pitch><mode /></trkpt><trkpt lat="35.112059" lon="-118.4793018"><ele>1295.04</ele><time>2026-04-25T12:44:28-07:00</time><course>19.2473</course><roll>-41.0933</roll><pitch>8.062463</pitch><mode /></trkpt><trkpt lat="35.1120929" lon="-118.4792773"><ele>1294.38</ele><time>2026-04-25T12:44:28-07:00</time><course>27.21677</course><roll>-41.13923</roll><pitch>6.673223</pitch><mode /></trkpt><trkpt lat="35.1121261" lon="-118.4792502"><ele>1293.72</ele><time>2026-04-25T12:44:28-07:00</time><course>37.43029</course><roll>-47.07693</roll><pitch>2.559166</pitch><mode /></trkpt><trkpt lat="35.1121567" lon="-118.4792179"><ele>1293.29</ele><time>2026-04-25T12:44:28-07:00</time><course>48.71505</course><roll>-49.8869</roll><pitch>1.258454</pitch><mode /></trkpt><trkpt lat="35.1121835" lon="-118.4791804"><ele>1293.05</ele><time>2026-04-25T12:44:28-07:00</time><course>55.91076</course><roll>-44.10523</roll><pitch>-1.30085</pitch><mode /></trkpt><trkpt lat="35.1122069" lon="-118.479139"><ele>1293.02</ele><time>2026-04-25T12:44:29-07:00</time><course>60.4643</course><roll>-34.00978</roll><pitch>-2.388637</pitch><mode /></trkpt><trkpt lat="35.1122275" lon="-118.4790958"><ele>1292.98</ele><time>2026-04-25T12:44:29-07:00</time><course>60.41074</course><roll>-28.70061</roll><pitch>-5.801404</pitch><mode /></trkpt><trkpt lat="35.1122463" lon="-118.4790517"><ele>1293.08</ele><time>2026-04-25T12:44:29-07:00</time><course>67.20473</course><roll>-20.60799</roll><pitch>-5.933313</pitch><mode /></trkpt><trkpt lat="35.1122637" lon="-118.4790071"><ele>1293.3</ele><time>2026-04-25T12:44:29-07:00</time><course>69.35979</course><roll>-16.48134</roll><pitch>-6.751678</pitch><mode /></trkpt><trkpt lat="35.1122796" lon="-118.4789624"><ele>1293.62</ele><time>2026-04-25T12:44:29-07:00</time><course>72.57957</course><roll>-23.19585</roll><pitch>-6.890882</pitch><mode /></trkpt><trkpt lat="35.1122938" lon="-118.4789179"><ele>1294.14</ele><time>2026-04-25T12:44:30-07:00</time><course>76.97221</course><roll>-30.29876</roll><pitch>-10.92716</pitch><mode /></trkpt><trkpt lat="35.1123071" lon="-118.4788733"><ele>1294.62</ele><time>2026-04-25T12:44:30-07:00</time><course>84.31664</course><roll>-34.27572</roll><pitch>-10.02251</pitch><mode /></trkpt><trkpt lat="35.1123177" lon="-118.4788286"><ele>1295.25</ele><time>2026-04-25T12:44:30-07:00</time><course>87.86703</course><roll>-34.79101</roll><pitch>-9.764819</pitch><mode /></trkpt><trkpt lat="35.1123248" lon="-118.4787843"><ele>1296.01</ele><time>2026-04-25T12:44:30-07:00</time><course>88.51868</course><roll>-35.56121</roll><pitch>-8.990727</pitch><mode /></trkpt><trkpt lat="35.1123308" lon="-118.4787404"><ele>1296.63</ele><time>2026-04-25T12:44:30-07:00</time><course>91.72989</course><roll>-27.97743</roll><pitch>-1.790654</pitch><mode /></trkpt><trkpt lat="35.1123363" lon="-118.4786969"><ele>1296.96</ele><time>2026-04-25T12:44:31-07:00</time><course>88.79995</course><roll>-10.39787</roll><pitch>2.380644</pitch><mode /></trkpt><trkpt lat="35.1123414" lon="-118.4786536"><ele>1297.02</ele><time>2026-04-25T12:44:31-07:00</time><course>89.83831</course><roll>-7.525533</roll><pitch>7.159041</pitch><mode /></trkpt><trkpt lat="35.112347" lon="-118.4786108"><ele>1296.78</ele><time>2026-04-25T12:44:31-07:00</time><course>92.61634</course><roll>-4.663072</roll><pitch>8.274918</pitch><mode /></trkpt><trkpt lat="35.1123526" lon="-118.4785671"><ele>1296.3</ele><time>2026-04-25T12:44:31-07:00</time><course>95.03785</course><roll>-20.2111</roll><pitch>3.214429</pitch><mode /></trkpt><trkpt lat="35.1123563" lon="-118.4785224"><ele>1296.12</ele><time>2026-04-25T12:44:31-07:00</time><course>97.06554</course><roll>-17.12376</roll><pitch>-3.779386</pitch><mode /></trkpt><trkpt lat="35.1123582" lon="-118.4784772"><ele>1296.2</ele><time>2026-04-25T12:44:32-07:00</time><course>100.0932</course><roll>-13.40838</roll><pitch>-1.48246</pitch><mode /></trkpt><trkpt lat="35.1123596" lon="-118.4784319"><ele>1296.27</ele><time>2026-04-25T12:44:32-07:00</time><course>103.0099</course><roll>-7.06025</roll><pitch>2.433005</pitch><mode /></trkpt><trkpt lat="35.1123613" lon="-118.4783863"><ele>1295.94</ele><time>2026-04-25T12:44:32-07:00</time><course>103.4028</course><roll>-1.498936</roll><pitch>6.134557</pitch><mode /></trkpt><trkpt lat="35.1123627" lon="-118.4783403"><ele>1295.32</ele><time>2026-04-25T12:44:32-07:00</time><course>102.5718</course><roll>2.681267</roll><pitch>2.482802</pitch><mode /></trkpt><trkpt lat="35.112364" lon="-118.4782932"><ele>1294.71</ele><time>2026-04-25T12:44:32-07:00</time><course>100.5263</course><roll>3.414244</roll><pitch>-6.109297</pitch><mode /></trkpt><trkpt lat="35.1123659" lon="-118.4782459"><ele>1294.53</ele><time>2026-04-25T12:44:33-07:00</time><course>99.34107</course><roll>3.173455</roll><pitch>-9.886091</pitch><mode /></trkpt><trkpt lat="35.1123684" lon="-118.4781986"><ele>1294.63</ele><time>2026-04-25T12:44:33-07:00</time><course>99.31481</course><roll>-2.752624</roll><pitch>-8.69931</pitch><mode /></trkpt><trkpt lat="35.1123713" lon="-118.4781508"><ele>1294.54</ele><time>2026-04-25T12:44:33-07:00</time><course>98.62215</course><roll>-7.775343</roll><pitch>-4.750774</pitch><mode /></trkpt><trkpt lat="35.112374" lon="-118.4781026"><ele>1294.56</ele><time>2026-04-25T12:44:33-07:00</time><course>96.51852</course><roll>-6.866022</roll><pitch>-0.2017159</pitch><mode /></trkpt><trkpt lat="35.112376" lon="-118.4780537"><ele>1294.57</ele><time>2026-04-25T12:44:33-07:00</time><course>93.82881</course><roll>-3.527905</roll><pitch>3.201413</pitch><mode /></trkpt><trkpt lat="35.1123779" lon="-118.4780041"><ele>1294.29</ele><time>2026-04-25T12:44:34-07:00</time><course>94.20631</course><roll>9.718554</roll><pitch>7.007912</pitch><mode /></trkpt><trkpt lat="35.1123802" lon="-118.4779537"><ele>1293.85</ele><time>2026-04-25T12:44:34-07:00</time><course>91.80546</course><roll>12.60336</roll><pitch>4.434347</pitch><mode /></trkpt><trkpt lat="35.1123833" lon="-118.4779025"><ele>1293.65</ele><time>2026-04-25T12:44:34-07:00</time><course>87.28148</course><roll>30.6147</roll><pitch>-3.312897</pitch><mode /></trkpt><trkpt lat="35.1123892" lon="-118.4778509"><ele>1293.71</ele><time>2026-04-25T12:44:34-07:00</time><course>87.79691</course><roll>37.39317</roll><pitch>-5.087105</pitch><mode /></trkpt><trkpt lat="35.1123989" lon="-118.4777994"><ele>1293.92</ele><time>2026-04-25T12:44:34-07:00</time><course>86.41626</course><roll>26.72068</roll><pitch>0.3697806</pitch><mode /></trkpt><trkpt lat="35.1124096" lon="-118.4777479"><ele>1293.96</ele><time>2026-04-25T12:44:35-07:00</time><course>82.10007</course><roll>15.95121</roll><pitch>1.810587</pitch><mode /></trkpt><trkpt lat="35.112421" lon="-118.4776961"><ele>1293.94</ele><time>2026-04-25T12:44:35-07:00</time><course>78.15887</course><roll>17.28915</roll><pitch>-0.8064706</pitch><mode /></trkpt><trkpt lat="35.112434" lon="-118.4776443"><ele>1294.13</ele><time>2026-04-25T12:44:35-07:00</time><course>71.63788</course><roll>14.98335</roll><pitch>-6.60929</pitch><mode /></trkpt><trkpt lat="35.112449" lon="-118.4775932"><ele>1294.54</ele><time>2026-04-25T12:44:35-07:00</time><course>70.57307</course><roll>14.12615</roll><pitch>-13.18988</pitch><mode /></trkpt><trkpt lat="35.1124654" lon="-118.4775445"><ele>1295.27</ele><time>2026-04-25T12:44:35-07:00</time><course>70.02328</course><roll>16.61138</roll><pitch>-17.96956</pitch><mode /></trkpt><trkpt lat="35.112483" lon="-118.4774971"><ele>1296.11</ele><time>2026-04-25T12:44:36-07:00</time><course>65.82787</course><roll>24.16687</roll><pitch>-18.5824</pitch><mode /></trkpt><trkpt lat="35.1125007" lon="-118.4774516"><ele>1297.08</ele><time>2026-04-25T12:44:36-07:00</time><course>61.45404</course><roll>26.71542</roll><pitch>-21.33255</pitch><mode /></trkpt><trkpt lat="35.1125185" lon="-118.4774095"><ele>1297.98</ele><time>2026-04-25T12:44:36-07:00</time><course>52.64541</course><roll>30.1102</roll><pitch>-20.37049</pitch><mode /></trkpt><trkpt lat="35.1125377" lon="-118.4773702"><ele>1298.82</ele><time>2026-04-25T12:44:36-07:00</time><course>46.17213</course><roll>35.00332</roll><pitch>-20.39378</pitch><mode /></trkpt><trkpt lat="35.112559" lon="-118.4773326"><ele>1299.87</ele><time>2026-04-25T12:44:36-07:00</time><course>40.58178</course><roll>36.5713</roll><pitch>-22.9842</pitch><mode /></trkpt><trkpt lat="35.1125821" lon="-118.4772975"><ele>1300.81</ele><time>2026-04-25T12:44:37-07:00</time><course>34.23562</course><roll>42.63828</roll><pitch>-21.13247</pitch><mode /></trkpt><trkpt lat="35.1126067" lon="-118.4772655"><ele>1301.87</ele><time>2026-04-25T12:44:37-07:00</time><course>27.78547</course><roll>43.22327</roll><pitch>-23.18976</pitch><mode /></trkpt><trkpt lat="35.1126323" lon="-118.4772376"><ele>1302.98</ele><time>2026-04-25T12:44:37-07:00</time><course>17.25003</course><roll>48.31491</roll><pitch>-22.80211</pitch><mode /></trkpt><trkpt lat="35.1126582" lon="-118.4772135"><ele>1303.93</ele><time>2026-04-25T12:44:37-07:00</time><course>5.38113</course><roll>53.87024</roll><pitch>-22.72038</pitch><mode /></trkpt><trkpt lat="35.1126841" lon="-118.4771939"><ele>1304.88</ele><time>2026-04-25T12:44:37-07:00</time><course>359.4715</course><roll>62.31034</roll><pitch>-18.16691</pitch><mode /></trkpt><trkpt lat="35.11271" lon="-118.4771798"><ele>1305.7</ele><time>2026-04-25T12:44:38-07:00</time><course>352.9082</course><roll>69.93542</roll><pitch>-13.26407</pitch><mode /></trkpt><trkpt lat="35.1127367" lon="-118.4771699"><ele>1306.43</ele><time>2026-04-25T12:44:38-07:00</time><course>344.6109</course><roll>68.43434</roll><pitch>-8.950878</pitch><mode /></trkpt><trkpt lat="35.1127627" lon="-118.4771654"><ele>1306.85</ele><time>2026-04-25T12:44:38-07:00</time><course>331.148</course><roll>69.01657</roll><pitch>-4.548169</pitch><mode /></trkpt><trkpt lat="35.112787" lon="-118.4771664"><ele>1307.13</ele><time>2026-04-25T12:44:38-07:00</time><course>316.0237</course><roll>63.72176</roll><pitch>-2.631007</pitch><mode /></trkpt><trkpt lat="35.1128092" lon="-118.477174"><ele>1307.29</ele><time>2026-04-25T12:44:38-07:00</time><course>306.8883</course><roll>59.10277</roll><pitch>0.5678473</pitch><mode /></trkpt><trkpt lat="35.112829" lon="-118.4771867"><ele>1307.33</ele><time>2026-04-25T12:44:39-07:00</time><course>300.3747</course><roll>53.71931</roll><pitch>2.818519</pitch><mode /></trkpt><trkpt lat="35.1128471" lon="-118.4772011"><ele>1307.07</ele><time>2026-04-25T12:44:39-07:00</time><course>296.0702</course><roll>51.68307</roll><pitch>4.958036</pitch><mode /></trkpt><trkpt lat="35.1128641" lon="-118.4772168"><ele>1306.6</ele><time>2026-04-25T12:44:39-07:00</time><course>290.9161</course><roll>44.04473</roll><pitch>5.566323</pitch><mode /></trkpt><trkpt lat="35.112879" lon="-118.4772343"><ele>1306.06</ele><time>2026-04-25T12:44:39-07:00</time><course>280.7397</course><roll>36.8121</roll><pitch>3.919004</pitch><mode /></trkpt><trkpt lat="35.1128908" lon="-118.4772541"><ele>1305.63</ele><time>2026-04-25T12:44:39-07:00</time><course>273.831</course><roll>27.9887</roll><pitch>-0.860491</pitch><mode /></trkpt><trkpt lat="35.1128985" lon="-118.4772755"><ele>1305.37</ele><time>2026-04-25T12:44:40-07:00</time><course>273.9258</course><roll>15.75056</roll><pitch>-6.115812</pitch><mode /></trkpt><trkpt lat="35.1129035" lon="-118.4772964"><ele>1305.43</ele><time>2026-04-25T12:44:40-07:00</time><course>269.1184</course><roll>11.06951</roll><pitch>-3.789423</pitch><mode /></trkpt><trkpt lat="35.1129078" lon="-118.4773164"><ele>1305.58</ele><time>2026-04-25T12:44:40-07:00</time><course>268.9478</course><roll>14.62149</roll><pitch>2.299178</pitch><mode /></trkpt><trkpt lat="35.1129116" lon="-118.4773378"><ele>1305.55</ele><time>2026-04-25T12:44:40-07:00</time><course>268.1463</course><roll>12.47263</roll><pitch>8.125582</pitch><mode /></trkpt><trkpt lat="35.1129156" lon="-118.4773595"><ele>1305.18</ele><time>2026-04-25T12:44:40-07:00</time><course>264.8226</course><roll>2.62236</roll><pitch>12.89375</pitch><mode /></trkpt><trkpt lat="35.1129194" lon="-118.4773809"><ele>1304.5</ele><time>2026-04-25T12:44:41-07:00</time><course>262.0092</course><roll>-5.420419</roll><pitch>11.39879</pitch><mode /></trkpt><trkpt lat="35.1129231" lon="-118.4774027"><ele>1303.73</ele><time>2026-04-25T12:44:41-07:00</time><course>267.6344</course><roll>-10.38965</roll><pitch>5.023272</pitch><mode /></trkpt><trkpt lat="35.1129276" lon="-118.4774248"><ele>1303.25</ele><time>2026-04-25T12:44:41-07:00</time><course>272.2586</course><roll>-17.30593</roll><pitch>-3.205171</pitch><mode /></trkpt><trkpt lat="35.1129341" lon="-118.4774476"><ele>1303.28</ele><time>2026-04-25T12:44:41-07:00</time><course>279.6396</course><roll>-22.63587</roll><pitch>-6.073379</pitch><mode /></trkpt><trkpt lat="35.1129428" lon="-118.4774699"><ele>1303.77</ele><time>2026-04-25T12:44:41-07:00</time><course>279.3243</course><roll>-18.9689</roll><pitch>-9.588123</pitch><mode /></trkpt><trkpt lat="35.1129533" lon="-118.4774913"><ele>1304.24</ele><time>2026-04-25T12:44:42-07:00</time><course>281.5863</course><roll>-16.87487</roll><pitch>-7.896527</pitch><mode /></trkpt><trkpt lat="35.1129647" lon="-118.4775126"><ele>1304.74</ele><time>2026-04-25T12:44:42-07:00</time><course>281.3481</course><roll>-17.27655</roll><pitch>-6.553445</pitch><mode /></trkpt><trkpt lat="35.1129763" lon="-118.4775333"><ele>1305.2</ele><time>2026-04-25T12:44:42-07:00</time><course>282.5977</course><roll>-7.943769</roll><pitch>-3.173748</pitch><mode /></trkpt><trkpt lat="35.1129884" lon="-118.4775531"><ele>1305.59</ele><time>2026-04-25T12:44:42-07:00</time><course>279.6187</course><roll>3.115118</roll><pitch>1.603281</pitch><mode /></trkpt><trkpt lat="35.1129998" lon="-118.4775728"><ele>1305.59</ele><time>2026-04-25T12:44:42-07:00</time><course>279.8317</course><roll>11.2056</roll><pitch>5.815021</pitch><mode /></trkpt><trkpt lat="35.1130099" lon="-118.4775932"><ele>1305.28</ele><time>2026-04-25T12:44:43-07:00</time><course>286.5663</course><roll>14.03008</roll><pitch>9.078914</pitch><mode /></trkpt><trkpt lat="35.11302" lon="-118.4776151"><ele>1304.77</ele><time>2026-04-25T12:44:43-07:00</time><course>285.1173</course><roll>11.01229</roll><pitch>8.645267</pitch><mode /></trkpt><trkpt lat="35.1130304" lon="-118.4776379"><ele>1304.14</ele><time>2026-04-25T12:44:43-07:00</time><course>278.9179</course><roll>16.17815</roll><pitch>4.969855</pitch><mode /></trkpt><trkpt lat="35.1130395" lon="-118.4776621"><ele>1303.59</ele><time>2026-04-25T12:44:43-07:00</time><course>274.0102</course><roll>17.48652</roll><pitch>2.516321</pitch><mode /></trkpt><trkpt lat="35.1130468" lon="-118.4776873"><ele>1303.12</ele><time>2026-04-25T12:44:43-07:00</time><course>272.7058</course><roll>14.08886</roll><pitch>-1.905448</pitch><mode /></trkpt><trkpt lat="35.1130514" lon="-118.4777125"><ele>1303.09</ele><time>2026-04-25T12:44:44-07:00</time><course>274.1993</course><roll>8.955334</roll><pitch>-0.2262175</pitch><mode /></trkpt><trkpt lat="35.1130554" lon="-118.4777381"><ele>1303.01</ele><time>2026-04-25T12:44:44-07:00</time><course>272.6038</course><roll>11.41497</roll><pitch>3.779789</pitch><mode /></trkpt><trkpt lat="35.1130598" lon="-118.477764"><ele>1302.77</ele><time>2026-04-25T12:44:44-07:00</time><course>271.1003</course><roll>12.46009</roll><pitch>10.82687</pitch><mode /></trkpt><trkpt lat="35.1130635" lon="-118.4777896"><ele>1302.26</ele><time>2026-04-25T12:44:44-07:00</time><course>273.1415</course><roll>12.17234</roll><pitch>12.27414</pitch><mode /></trkpt><trkpt lat="35.1130672" lon="-118.4778153"><ele>1301.6</ele><time>2026-04-25T12:44:44-07:00</time><course>270.7755</course><roll>10.21969</roll><pitch>10.11922</pitch><mode /></trkpt><trkpt lat="35.1130705" lon="-118.4778417"><ele>1301.03</ele><time>2026-04-25T12:44:45-07:00</time><course>267.5917</course><roll>11.37657</roll><pitch>8.511535</pitch><mode /></trkpt><trkpt lat="35.1130723" lon="-118.4778694"><ele>1300.48</ele><time>2026-04-25T12:44:45-07:00</time><course>268.9385</course><roll>14.73166</roll><pitch>5.727412</pitch><mode /></trkpt><trkpt lat="35.1130727" lon="-118.4778976"><ele>1300.08</ele><time>2026-04-25T12:44:45-07:00</time><course>268.5448</course><roll>14.07304</roll><pitch>0.7953011</pitch><mode /></trkpt><trkpt lat="35.113072" lon="-118.4779265"><ele>1299.87</ele><time>2026-04-25T12:44:45-07:00</time><course>266.5236</course><roll>8.528686</roll><pitch>-0.2046401</pitch><mode /></trkpt><trkpt lat="35.1130703" lon="-118.4779548"><ele>1299.9</ele><time>2026-04-25T12:44:45-07:00</time><course>265.4244</course><roll>3.698161</roll><pitch>-3.733882</pitch><mode /></trkpt><trkpt lat="35.1130683" lon="-118.4779826"><ele>1300.01</ele><time>2026-04-25T12:44:46-07:00</time><course>269.3687</course><roll>-3.195633</roll><pitch>-5.898007</pitch><mode /></trkpt><trkpt lat="35.1130661" lon="-118.4780092"><ele>1300.29</ele><time>2026-04-25T12:44:46-07:00</time><course>269.5023</course><roll>-2.885751</roll><pitch>-4.288667</pitch><mode /></trkpt><trkpt lat="35.1130639" lon="-118.478035"><ele>1300.45</ele><time>2026-04-25T12:44:46-07:00</time><course>270.3055</course><roll>-6.250721</roll><pitch>0.3155994</pitch><mode /></trkpt><trkpt lat="35.1130618" lon="-118.4780607"><ele>1300.33</ele><time>2026-04-25T12:44:46-07:00</time><course>270.61</course><roll>-3.07759</roll><pitch>1.563443</pitch><mode /></trkpt><trkpt lat="35.1130606" lon="-118.478087"><ele>1300.09</ele><time>2026-04-25T12:44:46-07:00</time><course>265.0425</course><roll>2.820057</roll><pitch>-3.428936</pitch><mode /></trkpt><trkpt lat="35.11306" lon="-118.4781133"><ele>1300.1</ele><time>2026-04-25T12:44:47-07:00</time><course>257.8854</course><roll>7.800421</roll><pitch>-6.96251</pitch><mode /></trkpt><trkpt lat="35.1130586" lon="-118.4781391"><ele>1300.38</ele><time>2026-04-25T12:44:47-07:00</time><course>253.7605</course><roll>11.54404</roll><pitch>-9.340519</pitch><mode /></trkpt><trkpt lat="35.1130557" lon="-118.478163"><ele>1300.82</ele><time>2026-04-25T12:44:47-07:00</time><course>257.1473</course><roll>10.17895</roll><pitch>-7.484038</pitch><mode /></trkpt><trkpt lat="35.1130511" lon="-118.4781855"><ele>1301.24</ele><time>2026-04-25T12:44:47-07:00</time><course>266.7338</course><roll>5.204139</roll><pitch>-4.464374</pitch><mode /></trkpt><trkpt lat="35.113047" lon="-118.4782079"><ele>1301.5</ele><time>2026-04-25T12:44:47-07:00</time><course>262.0313</course><roll>12.38112</roll><pitch>-1.020113</pitch><mode /></trkpt><trkpt lat="35.1130437" lon="-118.478231"><ele>1301.46</ele><time>2026-04-25T12:44:48-07:00</time><course>258.0734</course><roll>9.386812</roll><pitch>4.22253</pitch><mode /></trkpt><trkpt lat="35.1130399" lon="-118.4782541"><ele>1301.15</ele><time>2026-04-25T12:44:48-07:00</time><course>259.4405</course><roll>7.56834</roll><pitch>2.942874</pitch><mode /></trkpt><trkpt lat="35.1130354" lon="-118.4782774"><ele>1300.79</ele><time>2026-04-25T12:44:48-07:00</time><course>258.8396</course><roll>10.07388</roll><pitch>-3.602289</pitch><mode /></trkpt><trkpt lat="35.1130305" lon="-118.4782999"><ele>1300.65</ele><time>2026-04-25T12:44:48-07:00</time><course>256.5069</course><roll>5.826325</roll><pitch>-7.581397</pitch><mode /></trkpt><trkpt lat="35.1130247" lon="-118.4783212"><ele>1300.65</ele><time>2026-04-25T12:44:48-07:00</time><course>256.5485</course><roll>-1.557519</roll><pitch>-9.149542</pitch><mode /></trkpt><trkpt lat="35.1130186" lon="-118.4783407"><ele>1301.12</ele><time>2026-04-25T12:44:49-07:00</time><course>256.3497</course><roll>-10.20971</roll><pitch>-11.42637</pitch><mode /></trkpt><trkpt lat="35.1130133" lon="-118.4783596"><ele>1301.67</ele><time>2026-04-25T12:44:49-07:00</time><course>256.0834</course><roll>-11.17831</roll><pitch>-11.21606</pitch><mode /></trkpt><trkpt lat="35.1130077" lon="-118.4783788"><ele>1302.04</ele><time>2026-04-25T12:44:49-07:00</time><course>260.685</course><roll>-8.870815</roll><pitch>-8.934974</pitch><mode /></trkpt><trkpt lat="35.1130025" lon="-118.4783976"><ele>1302.39</ele><time>2026-04-25T12:44:49-07:00</time><course>264.1339</course><roll>-12.87176</roll><pitch>-7.184699</pitch><mode /></trkpt><trkpt lat="35.1129982" lon="-118.4784157"><ele>1302.74</ele><time>2026-04-25T12:44:49-07:00</time><course>266.267</course><roll>-12.54617</roll><pitch>-10.74168</pitch><mode /></trkpt><trkpt lat="35.1129947" lon="-118.4784341"><ele>1303.15</ele><time>2026-04-25T12:44:50-07:00</time><course>265.5558</course><roll>-11.97221</roll><pitch>-10.54404</pitch><mode /></trkpt><trkpt lat="35.1129918" lon="-118.4784521"><ele>1303.45</ele><time>2026-04-25T12:44:50-07:00</time><course>266.3671</course><roll>-13.80044</roll><pitch>-8.882097</pitch><mode /></trkpt><trkpt lat="35.1129905" lon="-118.4784689"><ele>1303.99</ele><time>2026-04-25T12:44:50-07:00</time><course>259.4552</course><roll>-13.87183</roll><pitch>-7.726312</pitch><mode /></trkpt><trkpt lat="35.1129895" lon="-118.4784847"><ele>1304.32</ele><time>2026-04-25T12:44:50-07:00</time><course>259.5527</course><roll>-12.64463</roll><pitch>-5.805301</pitch><mode /></trkpt><trkpt lat="35.1129873" lon="-118.4785003"><ele>1304.31</ele><time>2026-04-25T12:44:50-07:00</time><course>261.9128</course><roll>-11.49751</roll><pitch>-3.677045</pitch><mode /></trkpt><trkpt lat="35.1129854" lon="-118.4785171"><ele>1304.12</ele><time>2026-04-25T12:44:51-07:00</time><course>262.2049</course><roll>10.47581</roll><pitch>-1.977888</pitch><mode /></trkpt><trkpt lat="35.1129833" lon="-118.4785343"><ele>1304.13</ele><time>2026-04-25T12:44:51-07:00</time><course>263.2331</course><roll>17.34476</roll><pitch>-2.278766</pitch><mode /></trkpt><trkpt lat="35.1129794" lon="-118.4785515"><ele>1304.45</ele><time>2026-04-25T12:44:51-07:00</time><course>259.4679</course><roll>16.40163</roll><pitch>-6.541757</pitch><mode /></trkpt><trkpt lat="35.1129739" lon="-118.4785686"><ele>1305.01</ele><time>2026-04-25T12:44:51-07:00</time><course>253.6612</course><roll>21.15995</roll><pitch>-10.55111</pitch><mode /></trkpt><trkpt lat="35.1129671" lon="-118.4785863"><ele>1305.45</ele><time>2026-04-25T12:44:51-07:00</time><course>247.901</course><roll>30.80814</roll><pitch>-9.702188</pitch><mode /></trkpt><trkpt lat="35.112958" lon="-118.4786028"><ele>1306.01</ele><time>2026-04-25T12:44:52-07:00</time><course>243.9775</course><roll>36.6432</roll><pitch>-10.76015</pitch><mode /></trkpt><trkpt lat="35.1129463" lon="-118.4786183"><ele>1306.52</ele><time>2026-04-25T12:44:52-07:00</time><course>238.7417</course><roll>40.41354</roll><pitch>-12.64093</pitch><mode /></trkpt><trkpt lat="35.1129325" lon="-118.4786311"><ele>1307.2</ele><time>2026-04-25T12:44:52-07:00</time><course>227.1717</course><roll>43.18943</roll><pitch>-13.23363</pitch><mode /></trkpt><trkpt lat="35.1129158" lon="-118.4786408"><ele>1307.98</ele><time>2026-04-25T12:44:52-07:00</time><course>220.7547</course><roll>39.89005</roll><pitch>-13.29271</pitch><mode /></trkpt><trkpt lat="35.1128968" lon="-118.4786468"><ele>1308.88</ele><time>2026-04-25T12:44:52-07:00</time><course>215.7125</course><roll>50.44437</roll><pitch>-13.45365</pitch><mode /></trkpt><trkpt lat="35.112876" lon="-118.4786495"><ele>1309.64</ele><time>2026-04-25T12:44:53-07:00</time><course>205.04</course><roll>47.12567</roll><pitch>-12.95583</pitch><mode /></trkpt><trkpt lat="35.1128541" lon="-118.478648"><ele>1310.6</ele><time>2026-04-25T12:44:53-07:00</time><course>197.8436</course><roll>45.44103</roll><pitch>-12.39658</pitch><mode /></trkpt><trkpt lat="35.1128301" lon="-118.4786429"><ele>1311.39</ele><time>2026-04-25T12:44:53-07:00</time><course>188.5163</course><roll>45.8675</roll><pitch>-11.76113</pitch><mode /></trkpt><trkpt lat="35.1128049" lon="-118.4786341"><ele>1312.14</ele><time>2026-04-25T12:44:53-07:00</time><course>178.8403</course><roll>49.11606</roll><pitch>-11.13534</pitch><mode /></trkpt><trkpt lat="35.1127793" lon="-118.478622"><ele>1312.82</ele><time>2026-04-25T12:44:53-07:00</time><course>169.3306</course><roll>55.14801</roll><pitch>-8.839221</pitch><mode /></trkpt><trkpt lat="35.1127549" lon="-118.4786066"><ele>1313.42</ele><time>2026-04-25T12:44:54-07:00</time><course>160.1831</course><roll>52.71661</roll><pitch>-5.219652</pitch><mode /></trkpt><trkpt lat="35.1127319" lon="-118.4785877"><ele>1313.87</ele><time>2026-04-25T12:44:54-07:00</time><course>153.4104</course><roll>52.82271</roll><pitch>-3.259549</pitch><mode /></trkpt><trkpt lat="35.1127102" lon="-118.4785639"><ele>1314.49</ele><time>2026-04-25T12:44:54-07:00</time><course>144.6228</course><roll>48.8961</roll><pitch>-0.9706009</pitch><mode /></trkpt><trkpt lat="35.1126875" lon="-118.4785354"><ele>1314.77</ele><time>2026-04-25T12:44:54-07:00</time><course>137.0589</course><roll>46.21259</roll><pitch>-2.549972</pitch><mode /></trkpt><trkpt lat="35.1126674" lon="-118.4785021"><ele>1315.01</ele><time>2026-04-25T12:44:54-07:00</time><course>129.0721</course><roll>41.7278</roll><pitch>-2.572064</pitch><mode /></trkpt><trkpt lat="35.1126515" lon="-118.4784647"><ele>1315.49</ele><time>2026-04-25T12:44:55-07:00</time><course>127.3871</course><roll>39.18332</roll><pitch>-2.206476</pitch><mode /></trkpt><trkpt lat="35.1126378" lon="-118.4784248"><ele>1315.86</ele><time>2026-04-25T12:44:55-07:00</time><course>125.7925</course><roll>36.16341</roll><pitch>-1.416736</pitch><mode /></trkpt><trkpt lat="35.1126255" lon="-118.4783833"><ele>1316.26</ele><time>2026-04-25T12:44:55-07:00</time><course>118.6179</course><roll>25.89689</roll><pitch>4.308511</pitch><mode /></trkpt><trkpt lat="35.112616" lon="-118.4783407"><ele>1316.76</ele><time>2026-04-25T12:44:55-07:00</time><course>118.3773</course><roll>31.63679</roll><pitch>7.789084</pitch><mode /></trkpt><trkpt lat="35.1126067" lon="-118.4782979"><ele>1316.9</ele><time>2026-04-25T12:44:55-07:00</time><course>114.4114</course><roll>28.37405</roll><pitch>10.68035</pitch><mode /></trkpt><trkpt lat="35.1125973" lon="-118.4782545"><ele>1316.87</ele><time>2026-04-25T12:44:56-07:00</time><course>111.6031</course><roll>21.46636</roll><pitch>11.72931</pitch><mode /></trkpt><trkpt lat="35.1125891" lon="-118.4782094"><ele>1316.76</ele><time>2026-04-25T12:44:56-07:00</time><course>112.1817</course><roll>11.49752</roll><pitch>9.261545</pitch><mode /></trkpt><trkpt lat="35.1125817" lon="-118.478163"><ele>1316.7</ele><time>2026-04-25T12:44:56-07:00</time><course>109.8558</course><roll>-0.2304083</roll><pitch>3.506341</pitch><mode /></trkpt><trkpt lat="35.1125742" lon="-118.478116"><ele>1317.12</ele><time>2026-04-25T12:44:56-07:00</time><course>106.5061</course><roll>-2.541413</roll><pitch>-4.605687</pitch><mode /></trkpt><trkpt lat="35.1125659" lon="-118.47807"><ele>1317.89</ele><time>2026-04-25T12:44:56-07:00</time><course>102.6158</course><roll>0.3773254</roll><pitch>-10.29022</pitch><mode /></trkpt><trkpt lat="35.1125583" lon="-118.478024"><ele>1319.08</ele><time>2026-04-25T12:44:57-07:00</time><course>107.8479</course><roll>2.644558</roll><pitch>-4.681589</pitch><mode /></trkpt><trkpt lat="35.1125515" lon="-118.4779778"><ele>1319.74</ele><time>2026-04-25T12:44:57-07:00</time><course>113.6713</course><roll>2.181319</roll><pitch>2.513253</pitch><mode /></trkpt><trkpt lat="35.1125438" lon="-118.4779306"><ele>1319.93</ele><time>2026-04-25T12:44:57-07:00</time><course>110.9112</course><roll>-7.381185</roll><pitch>5.760318</pitch><mode /></trkpt><trkpt lat="35.1125344" lon="-118.4778833"><ele>1319.91</ele><time>2026-04-25T12:44:57-07:00</time><course>108.2017</course><roll>-10.83963</roll><pitch>4.501632</pitch><mode /></trkpt><trkpt lat="35.1125246" lon="-118.4778356"><ele>1319.71</ele><time>2026-04-25T12:44:57-07:00</time><course>111.0451</course><roll>-14.77925</roll><pitch>3.717488</pitch><mode /></trkpt><trkpt lat="35.1125147" lon="-118.4777876"><ele>1319.68</ele><time>2026-04-25T12:44:58-07:00</time><course>112.7372</course><roll>-15.90272</roll><pitch>4.958635</pitch><mode /></trkpt><trkpt lat="35.1125038" lon="-118.477739"><ele>1319.56</ele><time>2026-04-25T12:44:58-07:00</time><course>114.016</course><roll>-16.94906</roll><pitch>7.958425</pitch><mode /></trkpt><trkpt lat="35.1124926" lon="-118.4776903"><ele>1319.13</ele><time>2026-04-25T12:44:58-07:00</time><course>112.4641</course><roll>-10.77442</roll><pitch>8.773261</pitch><mode /></trkpt><trkpt lat="35.1124807" lon="-118.4776423"><ele>1318.56</ele><time>2026-04-25T12:44:58-07:00</time><course>113.2212</course><roll>-5.386753</roll><pitch>9.069703</pitch><mode /></trkpt><trkpt lat="35.1124686" lon="-118.4775942"><ele>1317.99</ele><time>2026-04-25T12:44:58-07:00</time><course>114.3759</course><roll>-0.9946055</roll><pitch>7.849848</pitch><mode /></trkpt><trkpt lat="35.1124561" lon="-118.477545"><ele>1317.61</ele><time>2026-04-25T12:44:59-07:00</time><course>114.6222</course><roll>2.183264</roll><pitch>5.680998</pitch><mode /></trkpt><trkpt lat="35.1124435" lon="-118.4774946"><ele>1317.4</ele><time>2026-04-25T12:44:59-07:00</time><course>113.265</course><roll>8.71672</roll><pitch>2.810705</pitch><mode /></trkpt><trkpt lat="35.1124312" lon="-118.477444"><ele>1317.26</ele><time>2026-04-25T12:44:59-07:00</time><course>107.9246</course><roll>12.97325</roll><pitch>-2.91089</pitch><mode /></trkpt><trkpt lat="35.1124205" lon="-118.4773924"><ele>1317.2</ele><time>2026-04-25T12:44:59-07:00</time><course>105.9632</course><roll>13.23285</roll><pitch>-7.271498</pitch><mode /></trkpt><trkpt lat="35.112412" lon="-118.4773401"><ele>1317.31</ele><time>2026-04-25T12:44:59-07:00</time><course>104.2357</course><roll>24.2018</roll><pitch>-11.3822</pitch><mode /></trkpt><trkpt lat="35.1124057" lon="-118.4772882"><ele>1317.98</ele><time>2026-04-25T12:45:00-07:00</time><course>104.0107</course><roll>33.44829</roll><pitch>-10.70859</pitch><mode /></trkpt><trkpt lat="35.1124024" lon="-118.4772354"><ele>1318.54</ele><time>2026-04-25T12:45:00-07:00</time><course>99.90759</course><roll>42.67444</roll><pitch>-7.517065</pitch><mode /></trkpt><trkpt lat="35.1124009" lon="-118.4771823"><ele>1318.96</ele><time>2026-04-25T12:45:00-07:00</time><course>93.01651</course><roll>43.13002</roll><pitch>-7.601653</pitch><mode /></trkpt><trkpt lat="35.112402" lon="-118.4771287"><ele>1319.29</ele><time>2026-04-25T12:45:00-07:00</time><course>83.62988</course><roll>47.90793</roll><pitch>-9.491223</pitch><mode /></trkpt><trkpt lat="35.1124066" lon="-118.4770753"><ele>1319.73</ele><time>2026-04-25T12:45:00-07:00</time><course>75.74453</course><roll>49.07073</roll><pitch>-13.76754</pitch><mode /></trkpt><trkpt lat="35.1124153" lon="-118.4770225"><ele>1319.98</ele><time>2026-04-25T12:45:01-07:00</time><course>66.24097</course><roll>56.24187</roll><pitch>-12.93102</pitch><mode /></trkpt><trkpt lat="35.1124283" lon="-118.4769721"><ele>1320.33</ele><time>2026-04-25T12:45:01-07:00</time><course>54.09253</course><roll>64.91234</roll><pitch>-12.42655</pitch><mode /></trkpt><trkpt lat="35.1124463" lon="-118.4769244"><ele>1320.64</ele><time>2026-04-25T12:45:01-07:00</time><course>44.02608</course><roll>69.66281</roll><pitch>-8.509264</pitch><mode /></trkpt><trkpt lat="35.1124688" lon="-118.4768804"><ele>1320.82</ele><time>2026-04-25T12:45:01-07:00</time><course>34.4591</course><roll>68.20358</roll><pitch>-2.424743</pitch><mode /></trkpt><trkpt lat="35.1124946" lon="-118.4768403"><ele>1320.76</ele><time>2026-04-25T12:45:01-07:00</time><course>25.22098</course><roll>63.67812</roll><pitch>0.2077732</pitch><mode /></trkpt><trkpt lat="35.1125228" lon="-118.4768045"><ele>1320.54</ele><time>2026-04-25T12:45:02-07:00</time><course>13.19846</course><roll>59.88791</roll><pitch>0.2829017</pitch><mode /></trkpt><trkpt lat="35.1125532" lon="-118.4767748"><ele>1320.41</ele><time>2026-04-25T12:45:02-07:00</time><course>0.2666599</course><roll>60.57975</roll><pitch>1.279466</pitch><mode /></trkpt><trkpt lat="35.1125854" lon="-118.4767533"><ele>1320.22</ele><time>2026-04-25T12:45:02-07:00</time><course>350.0881</course><roll>65.59785</roll><pitch>2.619682</pitch><mode /></trkpt><trkpt lat="35.1126178" lon="-118.4767405"><ele>1319.97</ele><time>2026-04-25T12:45:02-07:00</time><course>344.9398</course><roll>62.94074</roll><pitch>-1.001875</pitch><mode /></trkpt><trkpt lat="35.1126491" lon="-118.4767344"><ele>1319.64</ele><time>2026-04-25T12:45:02-07:00</time><course>335.0579</course><roll>55.97613</roll><pitch>0.6156415</pitch><mode /></trkpt><trkpt lat="35.1126783" lon="-118.4767341"><ele>1319.27</ele><time>2026-04-25T12:45:03-07:00</time><course>324.1188</course><roll>52.36681</roll><pitch>2.911833</pitch><mode /></trkpt><trkpt lat="35.1127043" lon="-118.4767402"><ele>1318.98</ele><time>2026-04-25T12:45:03-07:00</time><course>314.5274</course><roll>53.59108</roll><pitch>4.648206</pitch><mode /></trkpt><trkpt lat="35.1127264" lon="-118.4767515"><ele>1318.71</ele><time>2026-04-25T12:45:03-07:00</time><course>305.7809</course><roll>54.42027</roll><pitch>6.151835</pitch><mode /></trkpt><trkpt lat="35.1127448" lon="-118.4767667"><ele>1318.58</ele><time>2026-04-25T12:45:03-07:00</time><course>298.5854</course><roll>58.8065</roll><pitch>9.776015</pitch><mode /></trkpt><trkpt lat="35.1127602" lon="-118.4767843"><ele>1318.27</ele><time>2026-04-25T12:45:03-07:00</time><course>294.5083</course><roll>59.1551</roll><pitch>10.00521</pitch><mode /></trkpt><trkpt lat="35.1127726" lon="-118.4768041"><ele>1317.9</ele><time>2026-04-25T12:45:04-07:00</time><course>288.7095</course><roll>55.99113</roll><pitch>14.69804</pitch><mode /></trkpt><trkpt lat="35.112782" lon="-118.4768254"><ele>1317.39</ele><time>2026-04-25T12:45:04-07:00</time><course>292.0467</course><roll>41.42251</roll><pitch>15.5599</pitch><mode /></trkpt><trkpt lat="35.1127904" lon="-118.4768472"><ele>1316.71</ele><time>2026-04-25T12:45:04-07:00</time><course>289.622</course><roll>25.40521</roll><pitch>20.1944</pitch><mode /></trkpt><trkpt lat="35.1127982" lon="-118.4768686"><ele>1315.77</ele><time>2026-04-25T12:45:04-07:00</time><course>282.208</course><roll>15.59864</roll><pitch>23.435</pitch><mode /></trkpt><trkpt lat="35.1128056" lon="-118.476891"><ele>1314.8</ele><time>2026-04-25T12:45:04-07:00</time><course>280.2834</course><roll>10.75145</roll><pitch>16.54793</pitch><mode /></trkpt><trkpt lat="35.1128124" lon="-118.4769155"><ele>1314.12</ele><time>2026-04-25T12:45:05-07:00</time><course>280.8879</course><roll>9.313903</roll><pitch>0.8262122</pitch><mode /></trkpt><trkpt lat="35.1128178" lon="-118.4769414"><ele>1314.19</ele><time>2026-04-25T12:45:05-07:00</time><course>276.1106</course><roll>2.332217</roll><pitch>-11.19374</pitch><mode /></trkpt><trkpt lat="35.1128208" lon="-118.4769666"><ele>1315.31</ele><time>2026-04-25T12:45:05-07:00</time><course>279.9907</course><roll>-1.294777</roll><pitch>-9.869731</pitch><mode /></trkpt><trkpt lat="35.1128222" lon="-118.4769904"><ele>1316.58</ele><time>2026-04-25T12:45:05-07:00</time><course>285.673</course><roll>-7.686682</roll><pitch>-4.531003</pitch><mode /></trkpt><trkpt lat="35.1128247" lon="-118.4770136"><ele>1317.34</ele><time>2026-04-25T12:45:05-07:00</time><course>277.3245</course><roll>-4.513188</roll><pitch>-2.032055</pitch><mode /></trkpt><trkpt lat="35.1128282" lon="-118.4770359"><ele>1317.87</ele><time>2026-04-25T12:45:06-07:00</time><course>269.9292</course><roll>0.8599136</roll><pitch>4.367955</pitch><mode /></trkpt><trkpt lat="35.1128303" lon="-118.4770582"><ele>1318.12</ele><time>2026-04-25T12:45:06-07:00</time><course>276.7975</course><roll>11.66083</roll><pitch>9.963393</pitch><mode /></trkpt><trkpt lat="35.112832" lon="-118.4770803"><ele>1317.73</ele><time>2026-04-25T12:45:06-07:00</time><course>277.1081</course><roll>11.17998</roll><pitch>12.90405</pitch><mode /></trkpt><trkpt lat="35.1128361" lon="-118.4771016"><ele>1317.14</ele><time>2026-04-25T12:45:06-07:00</time><course>263.1408</course><roll>6.369336</roll><pitch>17.60633</pitch><mode /></trkpt><trkpt lat="35.1128391" lon="-118.477123"><ele>1316.74</ele><time>2026-04-25T12:45:06-07:00</time><course>266.5095</course><roll>4.613993</roll><pitch>18.82666</pitch><mode /></trkpt><trkpt lat="35.1128412" lon="-118.4771455"><ele>1316.06</ele><time>2026-04-25T12:45:07-07:00</time><course>264.8627</course><roll>-4.373804</roll><pitch>16.18972</pitch><mode /></trkpt><trkpt lat="35.1128435" lon="-118.4771674"><ele>1315.11</ele><time>2026-04-25T12:45:07-07:00</time><course>262.151</course><roll>-5.296979</roll><pitch>14.27859</pitch><mode /></trkpt><trkpt lat="35.1128458" lon="-118.4771891"><ele>1314.07</ele><time>2026-04-25T12:45:07-07:00</time><course>261.3785</course><roll>-3.897313</roll><pitch>11.50734</pitch><mode /></trkpt><trkpt lat="35.1128475" lon="-118.4772115"><ele>1312.91</ele><time>2026-04-25T12:45:07-07:00</time><course>260.4626</course><roll>-1.001878</roll><pitch>8.256531</pitch><mode /></trkpt><trkpt lat="35.1128483" lon="-118.4772346"><ele>1312.02</ele><time>2026-04-25T12:45:07-07:00</time><course>260.1109</course><roll>-3.267612</roll><pitch>5.269507</pitch><mode /></trkpt><trkpt lat="35.1128495" lon="-118.4772587"><ele>1311.49</ele><time>2026-04-25T12:45:08-07:00</time><course>257.8177</course><roll>1.097158</roll><pitch>3.306897</pitch><mode /></trkpt><trkpt lat="35.1128504" lon="-118.4772825"><ele>1311.11</ele><time>2026-04-25T12:45:08-07:00</time><course>261.3978</course><roll>7.775491</roll><pitch>2.417867</pitch><mode /></trkpt><trkpt lat="35.1128499" lon="-118.477306"><ele>1310.52</ele><time>2026-04-25T12:45:08-07:00</time><course>262.4524</course><roll>4.513011</roll><pitch>0.5346009</pitch><mode /></trkpt><trkpt lat="35.1128491" lon="-118.4773303"><ele>1310.21</ele><time>2026-04-25T12:45:08-07:00</time><course>257.8019</course><roll>1.274964</roll><pitch>0.5835115</pitch><mode /></trkpt><trkpt lat="35.1128474" lon="-118.477355"><ele>1309.81</ele><time>2026-04-25T12:45:08-07:00</time><course>257.9414</course><roll>4.060886</roll><pitch>-0.08069997</pitch><mode /></trkpt><trkpt lat="35.1128447" lon="-118.4773793"><ele>1309.77</ele><time>2026-04-25T12:45:09-07:00</time><course>258.5046</course><roll>4.359939</roll><pitch>-0.1026214</pitch><mode /></trkpt><trkpt lat="35.1128415" lon="-118.4774035"><ele>1309.85</ele><time>2026-04-25T12:45:09-07:00</time><course>258.739</course><roll>7.598529</roll><pitch>-0.4060547</pitch><mode /></trkpt><trkpt lat="35.1128381" lon="-118.4774276"><ele>1309.95</ele><time>2026-04-25T12:45:09-07:00</time><course>254.5167</course><roll>6.730975</roll><pitch>-0.3981803</pitch><mode /></trkpt><trkpt lat="35.1128339" lon="-118.4774517"><ele>1309.98</ele><time>2026-04-25T12:45:09-07:00</time><course>255.0546</course><roll>4.601832</roll><pitch>-0.6953585</pitch><mode /></trkpt><trkpt lat="35.1128281" lon="-118.4774748"><ele>1310.13</ele><time>2026-04-25T12:45:09-07:00</time><course>258.0957</course><roll>5.306099</roll><pitch>-0.267891</pitch><mode /></trkpt><trkpt lat="35.1128221" lon="-118.4774985"><ele>1310.44</ele><time>2026-04-25T12:45:10-07:00</time><course>258.4146</course><roll>6.069077</roll><pitch>-0.2896654</pitch><mode /></trkpt><trkpt lat="35.1128164" lon="-118.4775219"><ele>1310.67</ele><time>2026-04-25T12:45:10-07:00</time><course>255.8118</course><roll>10.83999</roll><pitch>0.6506478</pitch><mode /></trkpt><trkpt lat="35.1128102" lon="-118.4775445"><ele>1310.86</ele><time>2026-04-25T12:45:10-07:00</time><course>255.8707</course><roll>8.51457</roll><pitch>0.5324042</pitch><mode /></trkpt><trkpt lat="35.1128038" lon="-118.4775666"><ele>1310.85</ele><time>2026-04-25T12:45:10-07:00</time><course>251.7286</course><roll>6.345749</roll><pitch>0.6328679</pitch><mode /></trkpt><trkpt lat="35.112797" lon="-118.4775884"><ele>1310.84</ele><time>2026-04-25T12:45:10-07:00</time><course>252.5178</course><roll>4.54892</roll><pitch>0.8524399</pitch><mode /></trkpt><trkpt lat="35.1127892" lon="-118.4776094"><ele>1311.03</ele><time>2026-04-25T12:45:11-07:00</time><course>254.7136</course><roll>2.809966</roll><pitch>0.5078263</pitch><mode /></trkpt><trkpt lat="35.1127815" lon="-118.4776302"><ele>1311.29</ele><time>2026-04-25T12:45:11-07:00</time><course>253.158</course><roll>0.7575595</roll><pitch>0.3288793</pitch><mode /></trkpt><trkpt lat="35.1127735" lon="-118.4776519"><ele>1311.33</ele><time>2026-04-25T12:45:11-07:00</time><course>252.3854</course><roll>-0.9650661</roll><pitch>-0.8778866</pitch><mode /></trkpt><trkpt lat="35.1127649" lon="-118.4776757"><ele>1311.2</ele><time>2026-04-25T12:45:11-07:00</time><course>249.2183</course><roll>-5.821263</roll><pitch>-1.911817</pitch><mode /></trkpt><trkpt lat="35.1127564" lon="-118.4776987"><ele>1310.89</ele><time>2026-04-25T12:45:11-07:00</time><course>249.5792</course><roll>-12.69287</roll><pitch>-2.302875</pitch><mode /></trkpt><trkpt lat="35.1127481" lon="-118.477719"><ele>1310.76</ele><time>2026-04-25T12:45:12-07:00</time><course>252.1433</course><roll>-10.21797</roll><pitch>-2.765084</pitch><mode /></trkpt><trkpt lat="35.1127402" lon="-118.4777402"><ele>1310.79</ele><time>2026-04-25T12:45:12-07:00</time><course>252.038</course><roll>-9.632327</roll><pitch>-3.820621</pitch><mode /></trkpt><trkpt lat="35.1127331" lon="-118.4777619"><ele>1310.87</ele><time>2026-04-25T12:45:12-07:00</time><course>251.6438</course><roll>-6.633717</roll><pitch>-4.106771</pitch><mode /></trkpt><trkpt lat="35.1127262" lon="-118.4777827"><ele>1310.87</ele><time>2026-04-25T12:45:12-07:00</time><course>252.6375</course><roll>-5.320554</roll><pitch>-4.154378</pitch><mode /></trkpt><trkpt lat="35.1127191" lon="-118.477803"><ele>1310.82</ele><time>2026-04-25T12:45:12-07:00</time><course>250.5236</course><roll>-0.168154</roll><pitch>-4.610481</pitch><mode /></trkpt><trkpt lat="35.1127124" lon="-118.4778232"><ele>1310.74</ele><time>2026-04-25T12:45:13-07:00</time><course>252.5289</course><roll>3.50255</roll><pitch>-4.279327</pitch><mode /></trkpt><trkpt lat="35.1127053" lon="-118.4778423"><ele>1310.59</ele><time>2026-04-25T12:45:13-07:00</time><course>253.9338</course><roll>0.5625518</roll><pitch>-4.74907</pitch><mode /></trkpt><trkpt lat="35.112698" lon="-118.4778616"><ele>1310.63</ele><time>2026-04-25T12:45:13-07:00</time><course>253.3015</course><roll>2.23768</roll><pitch>-4.191904</pitch><mode /></trkpt><trkpt lat="35.1126904" lon="-118.4778805"><ele>1310.73</ele><time>2026-04-25T12:45:13-07:00</time><course>255.3864</course><roll>1.596139</roll><pitch>-3.535641</pitch><mode /></trkpt><trkpt lat="35.1126822" lon="-118.4778991"><ele>1310.86</ele><time>2026-04-25T12:45:13-07:00</time><course>255.8131</course><roll>1.701491</roll><pitch>-3.641606</pitch><mode /></trkpt><trkpt lat="35.1126741" lon="-118.4779178"><ele>1310.94</ele><time>2026-04-25T12:45:14-07:00</time><course>255.4529</course><roll>3.242792</roll><pitch>-3.651526</pitch><mode /></trkpt><trkpt lat="35.1126659" lon="-118.4779357"><ele>1311.08</ele><time>2026-04-25T12:45:14-07:00</time><course>254.834</course><roll>5.568824</roll><pitch>-3.983984</pitch><mode /></trkpt><trkpt lat="35.1126573" lon="-118.4779532"><ele>1311.12</ele><time>2026-04-25T12:45:14-07:00</time><course>251.3666</course><roll>8.140127</roll><pitch>-4.281727</pitch><mode /></trkpt><trkpt lat="35.1126489" lon="-118.4779702"><ele>1311.21</ele><time>2026-04-25T12:45:14-07:00</time><course>248.8512</course><roll>10.56251</roll><pitch>-4.374937</pitch><mode /></trkpt><trkpt lat="35.1126396" lon="-118.4779869"><ele>1311.46</ele><time>2026-04-25T12:45:14-07:00</time><course>244.4699</course><roll>9.725039</roll><pitch>-4.451271</pitch><mode /></trkpt><trkpt lat="35.1126299" lon="-118.4780035"><ele>1311.62</ele><time>2026-04-25T12:45:15-07:00</time><course>238.3196</course><roll>20.62018</roll><pitch>-2.968493</pitch><mode /></trkpt><trkpt lat="35.1126198" lon="-118.4780193"><ele>1311.78</ele><time>2026-04-25T12:45:15-07:00</time><course>239.2595</course><roll>19.103</roll><pitch>-4.159273</pitch><mode /></trkpt><trkpt lat="35.112608" lon="-118.4780344"><ele>1311.93</ele><time>2026-04-25T12:45:15-07:00</time><course>236.8619</course><roll>17.64506</roll><pitch>-4.239785</pitch><mode /></trkpt><trkpt lat="35.1125945" lon="-118.4780477"><ele>1312.38</ele><time>2026-04-25T12:45:15-07:00</time><course>238.0115</course><roll>21.22705</roll><pitch>-3.310058</pitch><mode /></trkpt><trkpt lat="35.1125799" lon="-118.4780594"><ele>1313.08</ele><time>2026-04-25T12:45:15-07:00</time><course>236.9694</course><roll>21.06235</roll><pitch>-3.734407</pitch><mode /></trkpt><trkpt lat="35.112565" lon="-118.4780708"><ele>1313.42</ele><time>2026-04-25T12:45:16-07:00</time><course>229.748</course><roll>19.83596</roll><pitch>-1.557428</pitch><mode /></trkpt><trkpt lat="35.1125502" lon="-118.4780822"><ele>1313.55</ele><time>2026-04-25T12:45:16-07:00</time><course>229.8058</course><roll>19.40938</roll><pitch>-1.308856</pitch><mode /></trkpt><trkpt lat="35.1125346" lon="-118.4780928"><ele>1313.43</ele><time>2026-04-25T12:45:16-07:00</time><course>231.728</course><roll>12.29732</roll><pitch>-3.145939</pitch><mode /></trkpt><trkpt lat="35.1125188" lon="-118.4781029"><ele>1313.1</ele><time>2026-04-25T12:45:16-07:00</time><course>228.6585</course><roll>13.01464</roll><pitch>-3.622228</pitch><mode /></trkpt><trkpt lat="35.1125024" lon="-118.4781126"><ele>1312.93</ele><time>2026-04-25T12:45:16-07:00</time><course>228.9885</course><roll>13.9378</roll><pitch>-4.467174</pitch><mode /></trkpt><trkpt lat="35.1124851" lon="-118.478121"><ele>1312.86</ele><time>2026-04-25T12:45:17-07:00</time><course>223.463</course><roll>16.93264</roll><pitch>-5.211209</pitch><mode /></trkpt><trkpt lat="35.1124682" lon="-118.4781284"><ele>1312.98</ele><time>2026-04-25T12:45:17-07:00</time><course>217.5701</course><roll>14.09669</roll><pitch>-4.195157</pitch><mode /></trkpt><trkpt lat="35.1124498" lon="-118.4781347"><ele>1312.85</ele><time>2026-04-25T12:45:17-07:00</time><course>219.7562</course><roll>5.694685</roll><pitch>-4.907952</pitch><mode /></trkpt><trkpt lat="35.1124307" lon="-118.4781392"><ele>1312.93</ele><time>2026-04-25T12:45:17-07:00</time><course>219.8802</course><roll>3.447257</roll><pitch>-5.106694</pitch><mode /></trkpt><trkpt lat="35.1124121" lon="-118.4781436"><ele>1312.94</ele><time>2026-04-25T12:45:17-07:00</time><course>218.9952</course><roll>0.5090242</roll><pitch>-5.206874</pitch><mode /></trkpt><trkpt lat="35.1123933" lon="-118.4781475"><ele>1312.87</ele><time>2026-04-25T12:45:18-07:00</time><course>220.4751</course><roll>-15.37583</roll><pitch>-6.558811</pitch><mode /></trkpt><trkpt lat="35.1123755" lon="-118.4781517"><ele>1312.77</ele><time>2026-04-25T12:45:18-07:00</time><course>211.9941</course><roll>-15.18458</roll><pitch>-8.138049</pitch><mode /></trkpt><trkpt lat="35.112358" lon="-118.4781561"><ele>1312.7</ele><time>2026-04-25T12:45:18-07:00</time><course>212.2725</course><roll>-6.588137</roll><pitch>-6.577763</pitch><mode /></trkpt><trkpt lat="35.1123399" lon="-118.4781593"><ele>1312.55</ele><time>2026-04-25T12:45:18-07:00</time><course>218.2009</course><roll>-0.7829136</roll><pitch>-6.305638</pitch><mode /></trkpt><trkpt lat="35.1123212" lon="-118.4781623"><ele>1312.68</ele><time>2026-04-25T12:45:18-07:00</time><course>220.7256</course><roll>3.327757</roll><pitch>-5.806564</pitch><mode /></trkpt><trkpt lat="35.1123027" lon="-118.4781658"><ele>1312.49</ele><time>2026-04-25T12:45:19-07:00</time><course>218.6232</course><roll>2.289321</roll><pitch>-6.133577</pitch><mode /></trkpt><trkpt lat="35.112284" lon="-118.4781692"><ele>1312.39</ele><time>2026-04-25T12:45:19-07:00</time><course>217.0905</course><roll>1.351836</roll><pitch>-6.572393</pitch><mode /></trkpt><trkpt lat="35.1122652" lon="-118.4781723"><ele>1312.27</ele><time>2026-04-25T12:45:19-07:00</time><course>214.7808</course><roll>-0.9738981</roll><pitch>-6.875179</pitch><mode /></trkpt><trkpt lat="35.1122464" lon="-118.4781757"><ele>1312.28</ele><time>2026-04-25T12:45:19-07:00</time><course>214.4096</course><roll>-2.426216</roll><pitch>-5.999503</pitch><mode /></trkpt><trkpt lat="35.1122278" lon="-118.4781785"><ele>1312.22</ele><time>2026-04-25T12:45:19-07:00</time><course>214.1931</course><roll>-3.09873</roll><pitch>-6.589369</pitch><mode /></trkpt><trkpt lat="35.1122089" lon="-118.4781816"><ele>1312.13</ele><time>2026-04-25T12:45:20-07:00</time><course>213.8164</course><roll>-4.503001</roll><pitch>-6.949969</pitch><mode /></trkpt><trkpt lat="35.1121902" lon="-118.4781832"><ele>1312.02</ele><time>2026-04-25T12:45:20-07:00</time><course>215.1033</course><roll>-7.821334</roll><pitch>-7.744416</pitch><mode /></trkpt><trkpt lat="35.1121714" lon="-118.4781869"><ele>1311.77</ele><time>2026-04-25T12:45:20-07:00</time><course>210.5238</course><roll>-10.64019</roll><pitch>-9.348989</pitch><mode /></trkpt><trkpt lat="35.1121529" lon="-118.4781933"><ele>1311.91</ele><time>2026-04-25T12:45:20-07:00</time><course>206.119</course><roll>-4.928938</roll><pitch>-8.410087</pitch><mode /></trkpt><trkpt lat="35.1121348" lon="-118.4781977"><ele>1312.15</ele><time>2026-04-25T12:45:20-07:00</time><course>209.3434</course><roll>-2.824993</roll><pitch>-5.554621</pitch><mode /></trkpt><trkpt lat="35.112116" lon="-118.4782025"><ele>1312.27</ele><time>2026-04-25T12:45:21-07:00</time><course>212.4463</course><roll>-4.241476</roll><pitch>-4.771049</pitch><mode /></trkpt><trkpt lat="35.1120964" lon="-118.4782081"><ele>1312.2</ele><time>2026-04-25T12:45:21-07:00</time><course>214.0919</course><roll>-3.596045</roll><pitch>-4.922999</pitch><mode /></trkpt><trkpt lat="35.1120766" lon="-118.4782137"><ele>1312.17</ele><time>2026-04-25T12:45:21-07:00</time><course>215.8174</course><roll>0.822103</roll><pitch>-5.069152</pitch><mode /></trkpt><trkpt lat="35.1120568" lon="-118.4782195"><ele>1312.37</ele><time>2026-04-25T12:45:21-07:00</time><course>218.6461</course><roll>-3.22227</roll><pitch>-5.777409</pitch><mode /></trkpt><trkpt lat="35.1120375" lon="-118.4782253"><ele>1312.59</ele><time>2026-04-25T12:45:21-07:00</time><course>216.6244</course><roll>-4.975466</roll><pitch>-6.309896</pitch><mode /></trkpt><trkpt lat="35.1120183" lon="-118.4782318"><ele>1312.93</ele><time>2026-04-25T12:45:22-07:00</time><course>217.0099</course><roll>-8.032933</roll><pitch>-3.957677</pitch><mode /></trkpt><trkpt lat="35.1119989" lon="-118.4782385"><ele>1313.24</ele><time>2026-04-25T12:45:22-07:00</time><course>220.3284</course><roll>-12.37424</roll><pitch>-2.942669</pitch><mode /></trkpt><trkpt lat="35.1119798" lon="-118.4782462"><ele>1313.58</ele><time>2026-04-25T12:45:22-07:00</time><course>219.2429</course><roll>-13.71127</roll><pitch>-3.199831</pitch><mode /></trkpt><trkpt lat="35.1119616" lon="-118.4782537"><ele>1313.69</ele><time>2026-04-25T12:45:22-07:00</time><course>223.0262</course><roll>-10.65886</roll><pitch>-1.634596</pitch><mode /></trkpt><trkpt lat="35.1119431" lon="-118.4782606"><ele>1313.71</ele><time>2026-04-25T12:45:22-07:00</time><course>234.28</course><roll>-7.413747</roll><pitch>0.1760104</pitch><mode /></trkpt><trkpt lat="35.1119232" lon="-118.4782693"><ele>1314</ele><time>2026-04-25T12:45:23-07:00</time><course>234.3172</course><roll>-10.99003</roll><pitch>-3.887511</pitch><mode /></trkpt><trkpt lat="35.1119043" lon="-118.4782777"><ele>1313.83</ele><time>2026-04-25T12:45:23-07:00</time><course>231.068</course><roll>-12.654</roll><pitch>-6.407478</pitch><mode /></trkpt><trkpt lat="35.1118865" lon="-118.4782878"><ele>1313.9</ele><time>2026-04-25T12:45:23-07:00</time><course>230.2453</course><roll>-12.86373</roll><pitch>-6.266929</pitch><mode /></trkpt><trkpt lat="35.1118694" lon="-118.4782984"><ele>1314.05</ele><time>2026-04-25T12:45:23-07:00</time><course>232.8149</course><roll>-12.99919</roll><pitch>-4.6747</pitch><mode /></trkpt><trkpt lat="35.1118528" lon="-118.4783085"><ele>1314.18</ele><time>2026-04-25T12:45:23-07:00</time><course>236.8263</course><roll>-8.901518</roll><pitch>-3.250539</pitch><mode /></trkpt><trkpt lat="35.1118368" lon="-118.478319"><ele>1314.25</ele><time>2026-04-25T12:45:24-07:00</time><course>236.4647</course><roll>-7.088435</roll><pitch>-5.34318</pitch><mode /></trkpt><trkpt lat="35.1118214" lon="-118.4783303"><ele>1314.53</ele><time>2026-04-25T12:45:24-07:00</time><course>236.4174</course><roll>-12.71411</roll><pitch>-4.798319</pitch><mode /></trkpt><trkpt lat="35.1118054" lon="-118.4783431"><ele>1314.92</ele><time>2026-04-25T12:45:24-07:00</time><course>238.4215</course><roll>-15.16983</roll><pitch>-3.249639</pitch><mode /></trkpt><trkpt lat="35.1117901" lon="-118.4783569"><ele>1315.1</ele><time>2026-04-25T12:45:24-07:00</time><course>238.0469</course><roll>-14.59468</roll><pitch>-2.709894</pitch><mode /></trkpt><trkpt lat="35.1117755" lon="-118.4783699"><ele>1315.02</ele><time>2026-04-25T12:45:24-07:00</time><course>240.4242</course><roll>-15.77575</roll><pitch>-3.205364</pitch><mode /></trkpt><trkpt lat="35.1117613" lon="-118.4783836"><ele>1314.88</ele><time>2026-04-25T12:45:25-07:00</time><course>241.9897</course><roll>-17.9078</roll><pitch>-3.707253</pitch><mode /></trkpt><trkpt lat="35.1117483" lon="-118.4783969"><ele>1315.13</ele><time>2026-04-25T12:45:25-07:00</time><course>244.093</course><roll>-18.45892</roll><pitch>-3.468991</pitch><mode /></trkpt><trkpt lat="35.1117361" lon="-118.4784113"><ele>1315.47</ele><time>2026-04-25T12:45:25-07:00</time><course>245.4143</course><roll>-10.51034</roll><pitch>-3.021178</pitch><mode /></trkpt><trkpt lat="35.1117241" lon="-118.4784261"><ele>1315.58</ele><time>2026-04-25T12:45:25-07:00</time><course>249.3891</course><roll>-12.27944</roll><pitch>-2.183112</pitch><mode /></trkpt><trkpt lat="35.1117125" lon="-118.4784413"><ele>1315.58</ele><time>2026-04-25T12:45:25-07:00</time><course>251.3384</course><roll>-13.74611</roll><pitch>-2.615224</pitch><mode /></trkpt><trkpt lat="35.1117024" lon="-118.4784555"><ele>1315.56</ele><time>2026-04-25T12:45:26-07:00</time><course>253.8322</course><roll>-12.32279</roll><pitch>-2.293943</pitch><mode /></trkpt><trkpt lat="35.1116931" lon="-118.4784695"><ele>1315.57</ele><time>2026-04-25T12:45:26-07:00</time><course>256.1113</course><roll>-10.72421</roll><pitch>-2.355643</pitch><mode /></trkpt><trkpt lat="35.1116841" lon="-118.4784846"><ele>1315.59</ele><time>2026-04-25T12:45:26-07:00</time><course>250.2185</course><roll>-6.209929</roll><pitch>-4.722982</pitch><mode /></trkpt><trkpt lat="35.1116751" lon="-118.4784997"><ele>1315.83</ele><time>2026-04-25T12:45:26-07:00</time><course>251.6836</course><roll>-8.151575</roll><pitch>-3.9433</pitch><mode /></trkpt><trkpt lat="35.1116663" lon="-118.4785165"><ele>1315.86</ele><time>2026-04-25T12:45:26-07:00</time><course>256.322</course><roll>-16.38632</roll><pitch>-2.880374</pitch><mode /></trkpt><trkpt lat="35.1116599" lon="-118.4785314"><ele>1316.01</ele><time>2026-04-25T12:45:27-07:00</time><course>251.6435</course><roll>-12.31365</roll><pitch>-4.539171</pitch><mode /></trkpt><trkpt lat="35.1116547" lon="-118.4785449"><ele>1316.09</ele><time>2026-04-25T12:45:27-07:00</time><course>251.5103</course><roll>-9.790194</roll><pitch>-3.764004</pitch><mode /></trkpt><trkpt lat="35.1116491" lon="-118.478558"><ele>1316.01</ele><time>2026-04-25T12:45:27-07:00</time><course>257.1957</course><roll>-10.56072</roll><pitch>-1.952007</pitch><mode /></trkpt><trkpt lat="35.111644" lon="-118.4785714"><ele>1315.81</ele><time>2026-04-25T12:45:27-07:00</time><course>255.6347</course><roll>-11.22037</roll><pitch>-3.598608</pitch><mode /></trkpt><trkpt lat="35.1116395" lon="-118.4785853"><ele>1315.42</ele><time>2026-04-25T12:45:27-07:00</time><course>254.7945</course><roll>-11.82011</roll><pitch>-4.557179</pitch><mode /></trkpt><trkpt lat="35.1116361" lon="-118.4785987"><ele>1315.03</ele><time>2026-04-25T12:45:28-07:00</time><course>255.7251</course><roll>-11.02669</roll><pitch>-3.433625</pitch><mode /></trkpt><trkpt lat="35.1116323" lon="-118.4786125"><ele>1314.56</ele><time>2026-04-25T12:45:28-07:00</time><course>257.848</course><roll>-11.05878</roll><pitch>-3.948975</pitch><mode /></trkpt><trkpt lat="35.1116291" lon="-118.4786266"><ele>1314.09</ele><time>2026-04-25T12:45:28-07:00</time><course>255.5755</course><roll>-11.62695</roll><pitch>-5.693475</pitch><mode /></trkpt><trkpt lat="35.1116257" lon="-118.4786401"><ele>1313.82</ele><time>2026-04-25T12:45:28-07:00</time><course>257.4415</course><roll>-10.06983</roll><pitch>-5.890256</pitch><mode /></trkpt><trkpt lat="35.1116228" lon="-118.4786533"><ele>1313.38</ele><time>2026-04-25T12:45:28-07:00</time><course>260.0063</course><roll>-9.849325</roll><pitch>-5.639394</pitch><mode /></trkpt><trkpt lat="35.1116205" lon="-118.4786657"><ele>1313.03</ele><time>2026-04-25T12:45:29-07:00</time><course>259.0666</course><roll>-8.205998</roll><pitch>-5.995047</pitch><mode /></trkpt><trkpt lat="35.1116183" lon="-118.4786786"><ele>1312.71</ele><time>2026-04-25T12:45:29-07:00</time><course>259.7698</course><roll>-10.1601</roll><pitch>-5.551966</pitch><mode /></trkpt><trkpt lat="35.1116163" lon="-118.4786913"><ele>1312.47</ele><time>2026-04-25T12:45:29-07:00</time><course>259.5254</course><roll>-9.532285</roll><pitch>-6.10567</pitch><mode /></trkpt><trkpt lat="35.1116147" lon="-118.4787046"><ele>1312.21</ele><time>2026-04-25T12:45:29-07:00</time><course>260.3473</course><roll>-8.987124</roll><pitch>-6.641216</pitch><mode /></trkpt><trkpt lat="35.1116133" lon="-118.4787178"><ele>1311.92</ele><time>2026-04-25T12:45:29-07:00</time><course>262.4664</course><roll>-10.51228</roll><pitch>-6.476774</pitch><mode /></trkpt><trkpt lat="35.1116121" lon="-118.4787304"><ele>1311.76</ele><time>2026-04-25T12:45:30-07:00</time><course>263.668</course><roll>-11.78633</roll><pitch>-7.596762</pitch><mode /></trkpt><trkpt lat="35.1116114" lon="-118.4787428"><ele>1311.65</ele><time>2026-04-25T12:45:30-07:00</time><course>262.1749</course><roll>-7.676282</roll><pitch>-8.313154</pitch><mode /></trkpt><trkpt lat="35.1116112" lon="-118.4787552"><ele>1311.68</ele><time>2026-04-25T12:45:30-07:00</time><course>263.67</course><roll>-5.715317</roll><pitch>-7.468626</pitch><mode /></trkpt><trkpt lat="35.1116111" lon="-118.4787677"><ele>1311.76</ele><time>2026-04-25T12:45:30-07:00</time><course>265.0815</course><roll>-3.665731</roll><pitch>-7.05974</pitch><mode /></trkpt><trkpt lat="35.1116105" lon="-118.4787805"><ele>1311.95</ele><time>2026-04-25T12:45:30-07:00</time><course>267.8622</course><roll>-3.030319</roll><pitch>-6.330445</pitch><mode /></trkpt><trkpt lat="35.11161" lon="-118.478794"><ele>1312.12</ele><time>2026-04-25T12:45:31-07:00</time><course>265.3614</course><roll>-2.775936</roll><pitch>-5.924088</pitch><mode /></trkpt><trkpt lat="35.1116096" lon="-118.4788195"><ele>1312.63</ele><time>2026-04-25T12:45:31-07:00</time><course>264.8584</course><roll>-3.106654</roll><pitch>-4.968571</pitch><mode /></trkpt><trkpt lat="35.1116092" lon="-118.4788327"><ele>1312.81</ele><time>2026-04-25T12:45:31-07:00</time><course>265.5443</course><roll>-3.066005</roll><pitch>-4.888309</pitch><mode /></trkpt><trkpt lat="35.1116085" lon="-118.4788456"><ele>1313</ele><time>2026-04-25T12:45:31-07:00</time><course>265.6124</course><roll>-4.277158</roll><pitch>-5.042033</pitch><mode /></trkpt><trkpt lat="35.1116079" lon="-118.4788593"><ele>1313.11</ele><time>2026-04-25T12:45:32-07:00</time><course>264.2858</course><roll>-3.761778</roll><pitch>-4.49915</pitch><mode /></trkpt><trkpt lat="35.1116075" lon="-118.4788727"><ele>1313.17</ele><time>2026-04-25T12:45:32-07:00</time><course>265.9307</course><roll>-4.658036</roll><pitch>-4.563089</pitch><mode /></trkpt><trkpt lat="35.1116068" lon="-118.4788863"><ele>1313.09</ele><time>2026-04-25T12:45:32-07:00</time><course>266.5235</course><roll>-5.591539</roll><pitch>-4.833215</pitch><mode /></trkpt><trkpt lat="35.1116065" lon="-118.4789007"><ele>1312.95</ele><time>2026-04-25T12:45:32-07:00</time><course>265.3686</course><roll>-4.939417</roll><pitch>-5.368159</pitch><mode /></trkpt><trkpt lat="35.1116062" lon="-118.4789143"><ele>1312.92</ele><time>2026-04-25T12:45:32-07:00</time><course>265.5941</course><roll>-6.569866</roll><pitch>-4.924895</pitch><mode /></trkpt><trkpt lat="35.1116064" lon="-118.4789415"><ele>1312.83</ele><time>2026-04-25T12:45:33-07:00</time><course>267.4343</course><roll>-6.838346</roll><pitch>-5.635322</pitch><mode /></trkpt><trkpt lat="35.1116066" lon="-118.4789557"><ele>1312.75</ele><time>2026-04-25T12:45:33-07:00</time><course>269.2481</course><roll>-6.943933</roll><pitch>-5.114564</pitch><mode /></trkpt><trkpt lat="35.1116074" lon="-118.4789689"><ele>1312.96</ele><time>2026-04-25T12:45:33-07:00</time><course>269.5323</course><roll>-7.901925</roll><pitch>-5.653906</pitch><mode /></trkpt><trkpt lat="35.1116085" lon="-118.4789815"><ele>1313.24</ele><time>2026-04-25T12:45:33-07:00</time><course>268.8578</course><roll>-7.866584</roll><pitch>-5.433836</pitch><mode /></trkpt><trkpt lat="35.1116098" lon="-118.4789946"><ele>1313.53</ele><time>2026-04-25T12:45:34-07:00</time><course>268.8438</course><roll>-6.634058</roll><pitch>-5.272357</pitch><mode /></trkpt><trkpt lat="35.1116111" lon="-118.4790085"><ele>1313.6</ele><time>2026-04-25T12:45:34-07:00</time><course>267.8913</course><roll>-8.036178</roll><pitch>-5.106064</pitch><mode /></trkpt><trkpt lat="35.1116126" lon="-118.479022"><ele>1313.76</ele><time>2026-04-25T12:45:34-07:00</time><course>268.0627</course><roll>-7.199588</roll><pitch>-4.383524</pitch><mode /></trkpt><trkpt lat="35.1116138" lon="-118.4790356"><ele>1313.86</ele><time>2026-04-25T12:45:34-07:00</time><course>270.303</course><roll>-5.866499</roll><pitch>-3.348663</pitch><mode /></trkpt><trkpt lat="35.1116154" lon="-118.4790497"><ele>1313.92</ele><time>2026-04-25T12:45:34-07:00</time><course>272.0688</course><roll>-10.98101</roll><pitch>-3.976825</pitch><mode /></trkpt><trkpt lat="35.1116171" lon="-118.4790631"><ele>1314.08</ele><time>2026-04-25T12:45:35-07:00</time><course>269.3134</course><roll>-6.887045</roll><pitch>-4.588766</pitch><mode /></trkpt><trkpt lat="35.1116194" lon="-118.479077"><ele>1314.29</ele><time>2026-04-25T12:45:35-07:00</time><course>268.2372</course><roll>-5.946145</roll><pitch>-4.057247</pitch><mode /></trkpt><trkpt lat="35.111622" lon="-118.4790915"><ele>1314.36</ele><time>2026-04-25T12:45:35-07:00</time><course>271.3981</course><roll>-5.930297</roll><pitch>-2.944607</pitch><mode /></trkpt><trkpt lat="35.1116248" lon="-118.4791057"><ele>1314.34</ele><time>2026-04-25T12:45:35-07:00</time><course>272.2987</course><roll>-7.409735</roll><pitch>-3.714635</pitch><mode /></trkpt><trkpt lat="35.1116283" lon="-118.47912"><ele>1314.32</ele><time>2026-04-25T12:45:35-07:00</time><course>271.6872</course><roll>-7.933571</roll><pitch>-4.005033</pitch><mode /></trkpt><trkpt lat="35.1116315" lon="-118.479134"><ele>1314.33</ele><time>2026-04-25T12:45:36-07:00</time><course>272.9922</course><roll>-7.679651</roll><pitch>-3.287673</pitch><mode /></trkpt><trkpt lat="35.1116349" lon="-118.4791479"><ele>1314.32</ele><time>2026-04-25T12:45:36-07:00</time><course>273.2754</course><roll>-7.165064</roll><pitch>-2.944902</pitch><mode /></trkpt><trkpt lat="35.1116387" lon="-118.4791629"><ele>1314.06</ele><time>2026-04-25T12:45:36-07:00</time><course>273.8209</course><roll>-7.146902</roll><pitch>-3.545063</pitch><mode /></trkpt><trkpt lat="35.1116421" lon="-118.4791773"><ele>1313.82</ele><time>2026-04-25T12:45:36-07:00</time><course>274.3857</course><roll>-4.779327</roll><pitch>-3.873551</pitch><mode /></trkpt><trkpt lat="35.111646" lon="-118.4791914"><ele>1313.83</ele><time>2026-04-25T12:45:36-07:00</time><course>275.5119</course><roll>-4.820539</roll><pitch>-3.435665</pitch><mode /></trkpt><trkpt lat="35.1116503" lon="-118.4792064"><ele>1313.7</ele><time>2026-04-25T12:45:37-07:00</time><course>276.6299</course><roll>-6.910241</roll><pitch>-3.325552</pitch><mode /></trkpt><trkpt lat="35.1116551" lon="-118.4792213"><ele>1313.69</ele><time>2026-04-25T12:45:37-07:00</time><course>275.7133</course><roll>-7.259942</roll><pitch>-3.552562</pitch><mode /></trkpt><trkpt lat="35.1116599" lon="-118.479236"><ele>1313.78</ele><time>2026-04-25T12:45:37-07:00</time><course>277.9805</course><roll>-9.661732</roll><pitch>-2.851233</pitch><mode /></trkpt><trkpt lat="35.1116646" lon="-118.4792511"><ele>1313.79</ele><time>2026-04-25T12:45:37-07:00</time><course>279.6874</course><roll>-10.80844</roll><pitch>-3.043939</pitch><mode /></trkpt><trkpt lat="35.11167" lon="-118.479266"><ele>1313.83</ele><time>2026-04-25T12:45:37-07:00</time><course>280.0554</course><roll>-9.728137</roll><pitch>-2.708588</pitch><mode /></trkpt><trkpt lat="35.1116756" lon="-118.4792808"><ele>1313.81</ele><time>2026-04-25T12:45:38-07:00</time><course>279.9659</course><roll>-10.26727</roll><pitch>-2.905937</pitch><mode /></trkpt><trkpt lat="35.1116815" lon="-118.4792952"><ele>1313.71</ele><time>2026-04-25T12:45:38-07:00</time><course>279.5261</course><roll>-6.553143</roll><pitch>-3.22252</pitch><mode /></trkpt><trkpt lat="35.1116878" lon="-118.4793097"><ele>1313.47</ele><time>2026-04-25T12:45:38-07:00</time><course>280.4472</course><roll>-7.120721</roll><pitch>-3.616593</pitch><mode /></trkpt><trkpt lat="35.1116942" lon="-118.4793245"><ele>1313.18</ele><time>2026-04-25T12:45:38-07:00</time><course>281.2435</course><roll>-6.375609</roll><pitch>-4.099868</pitch><mode /></trkpt><trkpt lat="35.111701" lon="-118.4793391"><ele>1313.04</ele><time>2026-04-25T12:45:38-07:00</time><course>281.7801</course><roll>-7.496881</roll><pitch>-4.473052</pitch><mode /></trkpt><trkpt lat="35.1117084" lon="-118.4793541"><ele>1312.9</ele><time>2026-04-25T12:45:39-07:00</time><course>281.5121</course><roll>-10.92315</roll><pitch>-5.231802</pitch><mode /></trkpt><trkpt lat="35.1117163" lon="-118.4793687"><ele>1312.87</ele><time>2026-04-25T12:45:39-07:00</time><course>281.7899</course><roll>-9.267471</roll><pitch>-4.746386</pitch><mode /></trkpt><trkpt lat="35.1117243" lon="-118.4793835"><ele>1312.77</ele><time>2026-04-25T12:45:39-07:00</time><course>282.0834</course><roll>-9.919756</roll><pitch>-5.260047</pitch><mode /></trkpt><trkpt lat="35.1117327" lon="-118.479398"><ele>1312.69</ele><time>2026-04-25T12:45:39-07:00</time><course>282.8596</course><roll>-9.886683</roll><pitch>-5.188056</pitch><mode /></trkpt><trkpt lat="35.1117414" lon="-118.4794125"><ele>1312.53</ele><time>2026-04-25T12:45:39-07:00</time><course>283.2934</course><roll>-9.460388</roll><pitch>-5.237932</pitch><mode /></trkpt><trkpt lat="35.1117503" lon="-118.4794261"><ele>1312.5</ele><time>2026-04-25T12:45:40-07:00</time><course>284.5379</course><roll>-9.997902</roll><pitch>-5.958014</pitch><mode /></trkpt><trkpt lat="35.1117599" lon="-118.4794403"><ele>1312.4</ele><time>2026-04-25T12:45:40-07:00</time><course>284.885</course><roll>-10.71291</roll><pitch>-5.650064</pitch><mode /></trkpt><trkpt lat="35.1117696" lon="-118.4794536"><ele>1312.36</ele><time>2026-04-25T12:45:40-07:00</time><course>285.8139</course><roll>-11.44382</roll><pitch>-5.6376</pitch><mode /></trkpt><trkpt lat="35.1117797" lon="-118.4794668"><ele>1312.31</ele><time>2026-04-25T12:45:40-07:00</time><course>287.2498</course><roll>-9.096935</roll><pitch>-5.274214</pitch><mode /></trkpt><trkpt lat="35.1117904" lon="-118.4794794"><ele>1312.27</ele><time>2026-04-25T12:45:40-07:00</time><course>287.2713</course><roll>-9.777682</roll><pitch>-6.595385</pitch><mode /></trkpt><trkpt lat="35.1118015" lon="-118.4794912"><ele>1312.35</ele><time>2026-04-25T12:45:41-07:00</time><course>286.1482</course><roll>-9.189097</roll><pitch>-7.251549</pitch><mode /></trkpt><trkpt lat="35.1118127" lon="-118.479503"><ele>1312.46</ele><time>2026-04-25T12:45:41-07:00</time><course>287.0269</course><roll>-8.081364</roll><pitch>-6.285185</pitch><mode /></trkpt><trkpt lat="35.1118239" lon="-118.479515"><ele>1312.45</ele><time>2026-04-25T12:45:41-07:00</time><course>287.7309</course><roll>-8.591468</roll><pitch>-6.496569</pitch><mode /></trkpt><trkpt lat="35.1118357" lon="-118.4795272"><ele>1312.34</ele><time>2026-04-25T12:45:41-07:00</time><course>287.9823</course><roll>-4.750123</roll><pitch>-6.277809</pitch><mode /></trkpt><trkpt lat="35.1118475" lon="-118.4795394"><ele>1312.26</ele><time>2026-04-25T12:45:41-07:00</time><course>289.2232</course><roll>-4.684285</roll><pitch>-6.088573</pitch><mode /></trkpt><trkpt lat="35.1118593" lon="-118.4795514"><ele>1312.21</ele><time>2026-04-25T12:45:42-07:00</time><course>289.78</course><roll>-6.741689</roll><pitch>-6.162156</pitch><mode /></trkpt><trkpt lat="35.1118713" lon="-118.4795635"><ele>1312.08</ele><time>2026-04-25T12:45:42-07:00</time><course>290.0026</course><roll>-10.39236</roll><pitch>-6.40912</pitch><mode /></trkpt><trkpt lat="35.1118839" lon="-118.4795753"><ele>1311.95</ele><time>2026-04-25T12:45:42-07:00</time><course>290.1652</course><roll>-11.33658</roll><pitch>-6.808011</pitch><mode /></trkpt><trkpt lat="35.1118968" lon="-118.4795876"><ele>1311.81</ele><time>2026-04-25T12:45:42-07:00</time><course>292.5258</course><roll>-10.27343</roll><pitch>-6.614066</pitch><mode /></trkpt><trkpt lat="35.1119102" lon="-118.4796004"><ele>1311.61</ele><time>2026-04-25T12:45:42-07:00</time><course>293.4903</course><roll>-9.154152</roll><pitch>-7.223549</pitch><mode /></trkpt><trkpt lat="35.111924" lon="-118.4796123"><ele>1311.59</ele><time>2026-04-25T12:45:43-07:00</time><course>293.2132</course><roll>-9.503553</roll><pitch>-8.218126</pitch><mode /></trkpt><trkpt lat="35.1119386" lon="-118.4796246"><ele>1311.45</ele><time>2026-04-25T12:45:43-07:00</time><course>292.385</course><roll>-8.790268</roll><pitch>-8.753968</pitch><mode /></trkpt><trkpt lat="35.1119533" lon="-118.4796364"><ele>1311.36</ele><time>2026-04-25T12:45:43-07:00</time><course>293.8166</course><roll>-11.71597</roll><pitch>-8.281218</pitch><mode /></trkpt><trkpt lat="35.1119682" lon="-118.4796476"><ele>1311.33</ele><time>2026-04-25T12:45:43-07:00</time><course>295.6501</course><roll>-15.03522</roll><pitch>-7.668052</pitch><mode /></trkpt><trkpt lat="35.111984" lon="-118.4796591"><ele>1311.15</ele><time>2026-04-25T12:45:43-07:00</time><course>296.7949</course><roll>-16.70312</roll><pitch>-8.053147</pitch><mode /></trkpt><trkpt lat="35.1120004" lon="-118.4796696"><ele>1311.13</ele><time>2026-04-25T12:45:44-07:00</time><course>297.2209</course><roll>-17.07286</roll><pitch>-9.01229</pitch><mode /></trkpt><trkpt lat="35.1120173" lon="-118.47968"><ele>1311.09</ele><time>2026-04-25T12:45:44-07:00</time><course>300.5546</course><roll>-17.74521</roll><pitch>-8.756411</pitch><mode /></trkpt><trkpt lat="35.1120349" lon="-118.4796889"><ele>1311.19</ele><time>2026-04-25T12:45:44-07:00</time><course>300.6801</course><roll>-17.69807</roll><pitch>-10.0755</pitch><mode /></trkpt><trkpt lat="35.1120536" lon="-118.4796966"><ele>1311.33</ele><time>2026-04-25T12:45:44-07:00</time><course>302.383</course><roll>-15.29096</roll><pitch>-9.569088</pitch><mode /></trkpt><trkpt lat="35.1120727" lon="-118.4797042"><ele>1311.34</ele><time>2026-04-25T12:45:44-07:00</time><course>304.582</course><roll>-15.24865</roll><pitch>-8.742267</pitch><mode /></trkpt><trkpt lat="35.112092" lon="-118.4797112"><ele>1311.42</ele><time>2026-04-25T12:45:45-07:00</time><course>306.6496</course><roll>-14.52925</roll><pitch>-8.591981</pitch><mode /></trkpt><trkpt lat="35.1121122" lon="-118.479718"><ele>1311.37</ele><time>2026-04-25T12:45:45-07:00</time><course>307.7285</course><roll>-13.46992</roll><pitch>-9.138687</pitch><mode /></trkpt><trkpt lat="35.1121327" lon="-118.4797241"><ele>1311.24</ele><time>2026-04-25T12:45:45-07:00</time><course>311.1349</course><roll>-17.42295</roll><pitch>-8.675791</pitch><mode /></trkpt><trkpt lat="35.1121541" lon="-118.4797297"><ele>1311.16</ele><time>2026-04-25T12:45:45-07:00</time><course>311.3741</course><roll>-15.35817</roll><pitch>-9.753961</pitch><mode /></trkpt><trkpt lat="35.1121765" lon="-118.4797344"><ele>1311.23</ele><time>2026-04-25T12:45:45-07:00</time><course>312.1858</course><roll>-17.9181</roll><pitch>-9.889047</pitch><mode /></trkpt><trkpt lat="35.1121998" lon="-118.4797387"><ele>1311.2</ele><time>2026-04-25T12:45:46-07:00</time><course>315.2445</course><roll>-25.08385</roll><pitch>-8.883465</pitch><mode /></trkpt><trkpt lat="35.1122234" lon="-118.479742"><ele>1311.27</ele><time>2026-04-25T12:45:46-07:00</time><course>317.42</course><roll>-28.39812</roll><pitch>-9.30638</pitch><mode /></trkpt><trkpt lat="35.1122479" lon="-118.4797442"><ele>1311.33</ele><time>2026-04-25T12:45:46-07:00</time><course>322.6684</course><roll>-29.37886</roll><pitch>-8.50535</pitch><mode /></trkpt><trkpt lat="35.1122733" lon="-118.4797448"><ele>1311.4</ele><time>2026-04-25T12:45:46-07:00</time><course>327.5323</course><roll>-29.9343</roll><pitch>-8.548286</pitch><mode /></trkpt><trkpt lat="35.1122993" lon="-118.4797432"><ele>1311.56</ele><time>2026-04-25T12:45:46-07:00</time><course>331.3165</course><roll>-28.64737</roll><pitch>-9.75854</pitch><mode /></trkpt><trkpt lat="35.1123261" lon="-118.4797392"><ele>1311.79</ele><time>2026-04-25T12:45:47-07:00</time><course>334.624</course><roll>-29.59584</roll><pitch>-9.737007</pitch><mode /></trkpt><trkpt lat="35.1123535" lon="-118.4797332"><ele>1312.02</ele><time>2026-04-25T12:45:47-07:00</time><course>336.1643</course><roll>-31.66887</roll><pitch>-11.14817</pitch><mode /></trkpt><trkpt lat="35.1123814" lon="-118.4797252"><ele>1312.26</ele><time>2026-04-25T12:45:47-07:00</time><course>336.5965</course><roll>-26.57828</roll><pitch>-11.65251</pitch><mode /></trkpt><trkpt lat="35.1124093" lon="-118.4797154"><ele>1312.56</ele><time>2026-04-25T12:45:47-07:00</time><course>340.526</course><roll>-26.99487</roll><pitch>-9.556542</pitch><mode /></trkpt><trkpt lat="35.1124376" lon="-118.479705"><ele>1312.64</ele><time>2026-04-25T12:45:47-07:00</time><course>343.3246</course><roll>-27.23763</roll><pitch>-8.727798</pitch><mode /></trkpt><trkpt lat="35.1124665" lon="-118.4796931"><ele>1312.74</ele><time>2026-04-25T12:45:48-07:00</time><course>345.4332</course><roll>-26.7981</roll><pitch>-8.7489</pitch><mode /></trkpt><trkpt lat="35.1124959" lon="-118.4796791"><ele>1312.92</ele><time>2026-04-25T12:45:48-07:00</time><course>347.7222</course><roll>-29.74056</roll><pitch>-9.099458</pitch><mode /></trkpt><trkpt lat="35.1125252" lon="-118.4796639"><ele>1312.98</ele><time>2026-04-25T12:45:48-07:00</time><course>351.9307</course><roll>-37.62994</roll><pitch>-8.399182</pitch><mode /></trkpt><trkpt lat="35.112555" lon="-118.4796471"><ele>1312.99</ele><time>2026-04-25T12:45:48-07:00</time><course>357.0632</course><roll>-39.61476</roll><pitch>-7.617697</pitch><mode /></trkpt><trkpt lat="35.1125851" lon="-118.4796286"><ele>1312.9</ele><time>2026-04-25T12:45:48-07:00</time><course>2.778872</course><roll>-39.52602</roll><pitch>-7.379566</pitch><mode /></trkpt><trkpt lat="35.1126148" lon="-118.4796071"><ele>1312.96</ele><time>2026-04-25T12:45:49-07:00</time><course>10.02939</course><roll>-38.75598</roll><pitch>-7.695094</pitch><mode /></trkpt><trkpt lat="35.112644" lon="-118.4795825"><ele>1312.92</ele><time>2026-04-25T12:45:49-07:00</time><course>14.87467</course><roll>-40.28251</roll><pitch>-9.772893</pitch><mode /></trkpt><trkpt lat="35.1126721" lon="-118.4795541"><ele>1313.02</ele><time>2026-04-25T12:45:49-07:00</time><course>19.62994</course><roll>-42.48923</roll><pitch>-9.815173</pitch><mode /></trkpt><trkpt lat="35.1126995" lon="-118.4795241"><ele>1313.05</ele><time>2026-04-25T12:45:49-07:00</time><course>25.29951</course><roll>-43.42641</roll><pitch>-8.996945</pitch><mode /></trkpt><trkpt lat="35.1127259" lon="-118.4794919"><ele>1313.11</ele><time>2026-04-25T12:45:49-07:00</time><course>30.59072</course><roll>-45.24991</roll><pitch>-9.665943</pitch><mode /></trkpt><trkpt lat="35.1127509" lon="-118.479457"><ele>1313.11</ele><time>2026-04-25T12:45:50-07:00</time><course>35.51468</course><roll>-40.69801</roll><pitch>-10.97228</pitch><mode /></trkpt><trkpt lat="35.1127747" lon="-118.4794197"><ele>1313.09</ele><time>2026-04-25T12:45:50-07:00</time><course>41.12465</course><roll>-38.46523</roll><pitch>-10.33482</pitch><mode /></trkpt><trkpt lat="35.1127969" lon="-118.4793801"><ele>1313.18</ele><time>2026-04-25T12:45:50-07:00</time><course>45.63779</course><roll>-34.35079</roll><pitch>-8.979645</pitch><mode /></trkpt><trkpt lat="35.1128172" lon="-118.4793391"><ele>1313.31</ele><time>2026-04-25T12:45:50-07:00</time><course>50.30793</course><roll>-35.31404</roll><pitch>-7.292775</pitch><mode /></trkpt><trkpt lat="35.1128357" lon="-118.4792968"><ele>1313.63</ele><time>2026-04-25T12:45:50-07:00</time><course>54.26644</course><roll>-36.23144</roll><pitch>-7.455521</pitch><mode /></trkpt><trkpt lat="35.1128535" lon="-118.4792528"><ele>1313.68</ele><time>2026-04-25T12:45:51-07:00</time><course>58.98276</course><roll>-37.43254</roll><pitch>-6.646111</pitch><mode /></trkpt><trkpt lat="35.1128695" lon="-118.4792076"><ele>1313.69</ele><time>2026-04-25T12:45:51-07:00</time><course>63.71898</course><roll>-41.72566</roll><pitch>-6.818993</pitch><mode /></trkpt><trkpt lat="35.1128838" lon="-118.479161"><ele>1313.54</ele><time>2026-04-25T12:45:51-07:00</time><course>68.25149</course><roll>-40.95501</roll><pitch>-8.568393</pitch><mode /></trkpt><trkpt lat="35.1128968" lon="-118.4791132"><ele>1313.26</ele><time>2026-04-25T12:45:51-07:00</time><course>75.90656</course><roll>-42.31072</roll><pitch>-6.958861</pitch><mode /></trkpt><trkpt lat="35.1129068" lon="-118.4790654"><ele>1313.23</ele><time>2026-04-25T12:45:51-07:00</time><course>82.8728</course><roll>-41.11256</roll><pitch>-7.796834</pitch><mode /></trkpt><trkpt lat="35.1129138" lon="-118.4790176"><ele>1313.09</ele><time>2026-04-25T12:45:52-07:00</time><course>89.7237</course><roll>-40.73429</roll><pitch>-8.959324</pitch><mode /></trkpt><trkpt lat="35.1129175" lon="-118.4789698"><ele>1313.14</ele><time>2026-04-25T12:45:52-07:00</time><course>95.51594</course><roll>-41.35556</roll><pitch>-9.806851</pitch><mode /></trkpt><trkpt lat="35.112918" lon="-118.4789228"><ele>1313.32</ele><time>2026-04-25T12:45:52-07:00</time><course>99.31629</course><roll>-41.325</roll><pitch>-11.88613</pitch><mode /></trkpt><trkpt lat="35.1129159" lon="-118.478877"><ele>1313.67</ele><time>2026-04-25T12:45:52-07:00</time><course>103.4853</course><roll>-39.53978</roll><pitch>-12.0896</pitch><mode /></trkpt><trkpt lat="35.1129127" lon="-118.4788316"><ele>1313.64</ele><time>2026-04-25T12:45:52-07:00</time><course>108.4892</course><roll>-37.55825</roll><pitch>-10.5419</pitch><mode /></trkpt><trkpt lat="35.1129073" lon="-118.4787878"><ele>1313.74</ele><time>2026-04-25T12:45:53-07:00</time><course>112.2366</course><roll>-37.72632</roll><pitch>-10.69023</pitch><mode /></trkpt><trkpt lat="35.1129002" lon="-118.4787446"><ele>1313.66</ele><time>2026-04-25T12:45:53-07:00</time><course>115.1811</course><roll>-35.54759</roll><pitch>-11.60474</pitch><mode /></trkpt><trkpt lat="35.1128914" lon="-118.4787021"><ele>1313.7</ele><time>2026-04-25T12:45:53-07:00</time><course>120.4717</course><roll>-35.68863</roll><pitch>-9.479221</pitch><mode /></trkpt><trkpt lat="35.1128816" lon="-118.478661"><ele>1313.63</ele><time>2026-04-25T12:45:53-07:00</time><course>123.8278</course><roll>-37.30766</roll><pitch>-10.50424</pitch><mode /></trkpt><trkpt lat="35.1128706" lon="-118.4786214"><ele>1313.38</ele><time>2026-04-25T12:45:53-07:00</time><course>128.0405</course><roll>-35.9598</roll><pitch>-10.75691</pitch><mode /></trkpt><trkpt lat="35.1128583" lon="-118.4785832"><ele>1313.01</ele><time>2026-04-25T12:45:54-07:00</time><course>133.474</course><roll>-35.16516</roll><pitch>-10.04441</pitch><mode /></trkpt><trkpt lat="35.1128443" lon="-118.4785465"><ele>1312.87</ele><time>2026-04-25T12:45:54-07:00</time><course>136.753</course><roll>-32.66678</roll><pitch>-9.779213</pitch><mode /></trkpt><trkpt lat="35.1128293" lon="-118.4785116"><ele>1312.84</ele><time>2026-04-25T12:45:54-07:00</time><course>141.5571</course><roll>-36.49369</roll><pitch>-9.907096</pitch><mode /></trkpt><trkpt lat="35.1128133" lon="-118.4784785"><ele>1312.63</ele><time>2026-04-25T12:45:54-07:00</time><course>145.5178</course><roll>-37.73661</roll><pitch>-10.55967</pitch><mode /></trkpt><trkpt lat="35.1127957" lon="-118.4784476"><ele>1312.65</ele><time>2026-04-25T12:45:54-07:00</time><course>151.4938</course><roll>-34.10816</roll><pitch>-9.55015</pitch><mode /></trkpt><trkpt lat="35.1127774" lon="-118.478419"><ele>1312.65</ele><time>2026-04-25T12:45:55-07:00</time><course>154.017</course><roll>-28.99293</roll><pitch>-10.02914</pitch><mode /></trkpt><trkpt lat="35.1127596" lon="-118.4783918"><ele>1312.9</ele><time>2026-04-25T12:45:55-07:00</time><course>156.3608</course><roll>-28.06226</roll><pitch>-9.769862</pitch><mode /></trkpt><trkpt lat="35.1127418" lon="-118.4783657"><ele>1313.14</ele><time>2026-04-25T12:45:55-07:00</time><course>159.6028</course><roll>-25.32705</roll><pitch>-8.549404</pitch><mode /></trkpt><trkpt lat="35.1127227" lon="-118.4783406"><ele>1313.27</ele><time>2026-04-25T12:45:55-07:00</time><course>163.0046</course><roll>-21.93041</roll><pitch>-6.332946</pitch><mode /></trkpt><trkpt lat="35.112703" lon="-118.4783167"><ele>1313.26</ele><time>2026-04-25T12:45:55-07:00</time><course>165.0225</course><roll>-19.10994</roll><pitch>-4.987952</pitch><mode /></trkpt><trkpt lat="35.1126836" lon="-118.4782928"><ele>1313.21</ele><time>2026-04-25T12:45:56-07:00</time><course>167.3423</course><roll>-15.15776</roll><pitch>-4.103978</pitch><mode /></trkpt><trkpt lat="35.1126638" lon="-118.4782697"><ele>1313.1</ele><time>2026-04-25T12:45:56-07:00</time><course>171.3494</course><roll>-9.106991</roll><pitch>-3.919981</pitch><mode /></trkpt><trkpt lat="35.1126435" lon="-118.4782471"><ele>1312.9</ele><time>2026-04-25T12:45:56-07:00</time><course>175.8085</course><roll>-7.138103</roll><pitch>-6.058455</pitch><mode /></trkpt><trkpt lat="35.1126226" lon="-118.4782263"><ele>1312.94</ele><time>2026-04-25T12:45:56-07:00</time><course>175.7728</course><roll>-11.68541</roll><pitch>-8.817288</pitch><mode /></trkpt><trkpt lat="35.1126021" lon="-118.4782068"><ele>1313.18</ele><time>2026-04-25T12:45:56-07:00</time><course>175.3708</course><roll>-10.35722</roll><pitch>-6.905536</pitch><mode /></trkpt><trkpt lat="35.1125806" lon="-118.4781868"><ele>1313.2</ele><time>2026-04-25T12:45:57-07:00</time><course>177.9668</course><roll>-17.1249</roll><pitch>-4.81926</pitch><mode /></trkpt><trkpt lat="35.1125589" lon="-118.478168"><ele>1313.15</ele><time>2026-04-25T12:45:57-07:00</time><course>179.0735</course><roll>-20.26434</roll><pitch>-4.290433</pitch><mode /></trkpt><trkpt lat="35.112537" lon="-118.4781504"><ele>1313.08</ele><time>2026-04-25T12:45:57-07:00</time><course>180.4371</course><roll>-25.37749</roll><pitch>-4.623406</pitch><mode /></trkpt><trkpt lat="35.1125142" lon="-118.4781341"><ele>1312.87</ele><time>2026-04-25T12:45:57-07:00</time><course>180.9419</course><roll>-25.95267</roll><pitch>-5.644562</pitch><mode /></trkpt><trkpt lat="35.1124912" lon="-118.4781198"><ele>1312.76</ele><time>2026-04-25T12:45:57-07:00</time><course>183.9283</course><roll>-25.06849</roll><pitch>-4.906061</pitch><mode /></trkpt><trkpt lat="35.1124676" lon="-118.4781064"><ele>1312.66</ele><time>2026-04-25T12:45:58-07:00</time><course>187.6269</course><roll>-24.47038</roll><pitch>-4.791769</pitch><mode /></trkpt><trkpt lat="35.1124439" lon="-118.4780942"><ele>1312.5</ele><time>2026-04-25T12:45:58-07:00</time><course>190.3816</course><roll>-23.72428</roll><pitch>-4.853997</pitch><mode /></trkpt><trkpt lat="35.1124203" lon="-118.4780832"><ele>1312.38</ele><time>2026-04-25T12:45:58-07:00</time><course>192.9815</course><roll>-24.55272</roll><pitch>-5.445259</pitch><mode /></trkpt><trkpt lat="35.112397" lon="-118.4780742"><ele>1312.29</ele><time>2026-04-25T12:45:58-07:00</time><course>194.4066</course><roll>-24.72133</roll><pitch>-6.278709</pitch><mode /></trkpt><trkpt lat="35.1123737" lon="-118.4780667"><ele>1312.1</ele><time>2026-04-25T12:45:58-07:00</time><course>196.351</course><roll>-22.79601</roll><pitch>-6.381109</pitch><mode /></trkpt><trkpt lat="35.112351" lon="-118.4780607"><ele>1311.96</ele><time>2026-04-25T12:45:59-07:00</time><course>200.5718</course><roll>-24.59685</roll><pitch>-6.326511</pitch><mode /></trkpt><trkpt lat="35.1123283" lon="-118.4780552"><ele>1311.75</ele><time>2026-04-25T12:45:59-07:00</time><course>202.1189</course><roll>-25.36454</roll><pitch>-6.779663</pitch><mode /></trkpt><trkpt lat="35.1123064" lon="-118.4780521"><ele>1311.68</ele><time>2026-04-25T12:45:59-07:00</time><course>202.9448</course><roll>-20.86802</roll><pitch>-7.733171</pitch><mode /></trkpt><trkpt lat="35.1122852" lon="-118.4780504"><ele>1311.68</ele><time>2026-04-25T12:45:59-07:00</time><course>204.5433</course><roll>-18.13372</roll><pitch>-7.435592</pitch><mode /></trkpt><trkpt lat="35.112264" lon="-118.4780496"><ele>1311.69</ele><time>2026-04-25T12:45:59-07:00</time><course>208.7947</course><roll>-17.50329</roll><pitch>-5.655296</pitch><mode /></trkpt><trkpt lat="35.1122434" lon="-118.4780491"><ele>1311.58</ele><time>2026-04-25T12:46:00-07:00</time><course>211.7431</course><roll>-16.24008</roll><pitch>-6.412638</pitch><mode /></trkpt><trkpt lat="35.1122233" lon="-118.4780503"><ele>1311.7</ele><time>2026-04-25T12:46:00-07:00</time><course>214.399</course><roll>-15.78112</roll><pitch>-5.921783</pitch><mode /></trkpt><trkpt lat="35.1122032" lon="-118.478052"><ele>1311.72</ele><time>2026-04-25T12:46:00-07:00</time><course>217.9994</course><roll>-14.52325</roll><pitch>-5.808928</pitch><mode /></trkpt><trkpt lat="35.1121839" lon="-118.4780551"><ele>1311.84</ele><time>2026-04-25T12:46:00-07:00</time><course>218.9081</course><roll>-11.45453</roll><pitch>-6.079283</pitch><mode /></trkpt><trkpt lat="35.1121655" lon="-118.4780582"><ele>1311.87</ele><time>2026-04-25T12:46:00-07:00</time><course>221.543</course><roll>-10.58005</roll><pitch>-5.793093</pitch><mode /></trkpt><trkpt lat="35.1121475" lon="-118.4780618"><ele>1311.94</ele><time>2026-04-25T12:46:01-07:00</time><course>222.9499</course><roll>-10.76665</roll><pitch>-6.237596</pitch><mode /></trkpt><trkpt lat="35.1121295" lon="-118.4780655"><ele>1311.96</ele><time>2026-04-25T12:46:01-07:00</time><course>222.8638</course><roll>-11.32881</roll><pitch>-6.231771</pitch><mode /></trkpt><trkpt lat="35.1121119" lon="-118.4780701"><ele>1312.02</ele><time>2026-04-25T12:46:01-07:00</time><course>225.2837</course><roll>-16.37933</roll><pitch>-6.035605</pitch><mode /></trkpt><trkpt lat="35.1120949" lon="-118.4780756"><ele>1312.22</ele><time>2026-04-25T12:46:01-07:00</time><course>223.325</course><roll>-16.54228</roll><pitch>-7.769158</pitch><mode /></trkpt><trkpt lat="35.1120786" lon="-118.4780818"><ele>1312.4</ele><time>2026-04-25T12:46:01-07:00</time><course>223.0418</course><roll>-11.51687</roll><pitch>-7.20772</pitch><mode /></trkpt><trkpt lat="35.1120623" lon="-118.4780884"><ele>1312.43</ele><time>2026-04-25T12:46:02-07:00</time><course>224.7283</course><roll>-12.13182</roll><pitch>-6.928338</pitch><mode /></trkpt><trkpt lat="35.1120467" lon="-118.4780951"><ele>1312.58</ele><time>2026-04-25T12:46:02-07:00</time><course>225.5863</course><roll>-8.714497</roll><pitch>-6.830701</pitch><mode /></trkpt><trkpt lat="35.1120316" lon="-118.478102"><ele>1312.65</ele><time>2026-04-25T12:46:02-07:00</time><course>228.329</course><roll>-11.31166</roll><pitch>-5.888476</pitch><mode /></trkpt><trkpt lat="35.1120167" lon="-118.4781097"><ele>1312.76</ele><time>2026-04-25T12:46:02-07:00</time><course>228.9761</course><roll>-12.28066</roll><pitch>-6.340365</pitch><mode /></trkpt><trkpt lat="35.1120021" lon="-118.4781179"><ele>1312.83</ele><time>2026-04-25T12:46:02-07:00</time><course>228.9908</course><roll>-12.87331</roll><pitch>-6.767697</pitch><mode /></trkpt><trkpt lat="35.1119877" lon="-118.4781267"><ele>1312.97</ele><time>2026-04-25T12:46:03-07:00</time><course>230.7372</course><roll>-11.50553</roll><pitch>-6.21963</pitch><mode /></trkpt><trkpt lat="35.1119733" lon="-118.4781357"><ele>1313.11</ele><time>2026-04-25T12:46:03-07:00</time><course>231.3892</course><roll>-11.79929</roll><pitch>-6.627858</pitch><mode /></trkpt><trkpt lat="35.1119596" lon="-118.4781447"><ele>1313.33</ele><time>2026-04-25T12:46:03-07:00</time><course>229.1536</course><roll>-11.00685</roll><pitch>-7.40579</pitch><mode /></trkpt><trkpt lat="35.1119465" lon="-118.4781547"><ele>1313.39</ele><time>2026-04-25T12:46:03-07:00</time><course>227.8653</course><roll>-4.354767</roll><pitch>-5.955388</pitch><mode /></trkpt><trkpt lat="35.1119325" lon="-118.478165"><ele>1313.38</ele><time>2026-04-25T12:46:03-07:00</time><course>233.9304</course><roll>-7.972626</roll><pitch>-4.507214</pitch><mode /></trkpt><trkpt lat="35.1119184" lon="-118.4781755"><ele>1313.33</ele><time>2026-04-25T12:46:04-07:00</time><course>234.3206</course><roll>-8.942796</roll><pitch>-5.553792</pitch><mode /></trkpt><trkpt lat="35.1119047" lon="-118.478187"><ele>1313.33</ele><time>2026-04-25T12:46:04-07:00</time><course>234.9002</course><roll>-7.676689</roll><pitch>-5.683886</pitch><mode /></trkpt><trkpt lat="35.1118916" lon="-118.4781985"><ele>1313.51</ele><time>2026-04-25T12:46:04-07:00</time><course>236.4987</course><roll>-8.347977</roll><pitch>-5.818296</pitch><mode /></trkpt><trkpt lat="35.1118785" lon="-118.4782108"><ele>1313.5</ele><time>2026-04-25T12:46:04-07:00</time><course>236.5304</course><roll>-10.15778</roll><pitch>-6.663061</pitch><mode /></trkpt><trkpt lat="35.1118657" lon="-118.4782234"><ele>1313.45</ele><time>2026-04-25T12:46:04-07:00</time><course>237.0194</course><roll>-10.72331</roll><pitch>-6.876037</pitch><mode /></trkpt><trkpt lat="35.1118529" lon="-118.4782368"><ele>1313.5</ele><time>2026-04-25T12:46:05-07:00</time><course>237.2356</course><roll>-13.8547</roll><pitch>-7.165377</pitch><mode /></trkpt><trkpt lat="35.1118406" lon="-118.4782501"><ele>1313.6</ele><time>2026-04-25T12:46:05-07:00</time><course>238.0392</course><roll>-16.06915</roll><pitch>-7.238369</pitch><mode /></trkpt><trkpt lat="35.1118284" lon="-118.4782642"><ele>1313.61</ele><time>2026-04-25T12:46:05-07:00</time><course>240.5673</course><roll>-17.44134</roll><pitch>-6.898863</pitch><mode /></trkpt><trkpt lat="35.1118163" lon="-118.4782792"><ele>1313.57</ele><time>2026-04-25T12:46:05-07:00</time><course>242.2006</course><roll>-15.08354</roll><pitch>-7.09262</pitch><mode /></trkpt><trkpt lat="35.111805" lon="-118.4782938"><ele>1313.46</ele><time>2026-04-25T12:46:05-07:00</time><course>245.0756</course><roll>-15.55794</roll><pitch>-8.32338</pitch><mode /></trkpt><trkpt lat="35.1117948" lon="-118.4783081"><ele>1313.5</ele><time>2026-04-25T12:46:06-07:00</time><course>244.8623</course><roll>-14.5977</roll><pitch>-8.892317</pitch><mode /></trkpt><trkpt lat="35.1117854" lon="-118.4783228"><ele>1313.5</ele><time>2026-04-25T12:46:06-07:00</time><course>244.6254</course><roll>-10.47078</roll><pitch>-8.731708</pitch><mode /></trkpt><trkpt lat="35.1117763" lon="-118.4783373"><ele>1313.53</ele><time>2026-04-25T12:46:06-07:00</time><course>246.7318</course><roll>-5.403002</roll><pitch>-8.316191</pitch><mode /></trkpt><trkpt lat="35.1117675" lon="-118.4783521"><ele>1313.76</ele><time>2026-04-25T12:46:06-07:00</time><course>247.0897</course><roll>-2.397446</roll><pitch>-7.818772</pitch><mode /></trkpt><trkpt lat="35.1117589" lon="-118.4783668"><ele>1313.89</ele><time>2026-04-25T12:46:06-07:00</time><course>246.5139</course><roll>-4.640357</roll><pitch>-7.122052</pitch><mode /></trkpt><trkpt lat="35.1117502" lon="-118.4783814"><ele>1313.93</ele><time>2026-04-25T12:46:07-07:00</time><course>248.0463</course><roll>-8.96349</roll><pitch>-6.836707</pitch><mode /></trkpt><trkpt lat="35.1117414" lon="-118.4783971"><ele>1313.99</ele><time>2026-04-25T12:46:07-07:00</time><course>248.0364</course><roll>-8.345066</roll><pitch>-7.125477</pitch><mode /></trkpt><trkpt lat="35.1117331" lon="-118.4784128"><ele>1314.07</ele><time>2026-04-25T12:46:07-07:00</time><course>247.4816</course><roll>-5.56444</roll><pitch>-6.424081</pitch><mode /></trkpt><trkpt lat="35.1117244" lon="-118.4784293"><ele>1314.1</ele><time>2026-04-25T12:46:07-07:00</time><course>249.9469</course><roll>-6.761174</roll><pitch>-5.913593</pitch><mode /></trkpt><trkpt lat="35.1117157" lon="-118.4784455"><ele>1314.08</ele><time>2026-04-25T12:46:07-07:00</time><course>253.2894</course><roll>-10.54001</roll><pitch>-6.237143</pitch><mode /></trkpt><trkpt lat="35.1117076" lon="-118.4784617"><ele>1314.05</ele><time>2026-04-25T12:46:08-07:00</time><course>252.9441</course><roll>-10.22066</roll><pitch>-7.527845</pitch><mode /></trkpt><trkpt lat="35.1117002" lon="-118.478478"><ele>1314.02</ele><time>2026-04-25T12:46:08-07:00</time><course>252.8745</course><roll>-9.469378</roll><pitch>-7.379684</pitch><mode /></trkpt><trkpt lat="35.1116929" lon="-118.4784944"><ele>1313.94</ele><time>2026-04-25T12:46:08-07:00</time><course>253.7265</course><roll>-10.68335</roll><pitch>-8.31869</pitch><mode /></trkpt><trkpt lat="35.1116859" lon="-118.4785111"><ele>1313.81</ele><time>2026-04-25T12:46:08-07:00</time><course>253.9052</course><roll>-9.178138</roll><pitch>-8.226242</pitch><mode /></trkpt><trkpt lat="35.1116791" lon="-118.4785283"><ele>1313.74</ele><time>2026-04-25T12:46:08-07:00</time><course>255.7643</course><roll>-11.28939</roll><pitch>-8.800197</pitch><mode /></trkpt><trkpt lat="35.1116728" lon="-118.4785455"><ele>1313.68</ele><time>2026-04-25T12:46:09-07:00</time><course>253.9024</course><roll>-9.283184</roll><pitch>-8.484126</pitch><mode /></trkpt><trkpt lat="35.111667" lon="-118.4785629"><ele>1313.59</ele><time>2026-04-25T12:46:09-07:00</time><course>253.7563</course><roll>-8.530202</roll><pitch>-8.12166</pitch><mode /></trkpt><trkpt lat="35.1116618" lon="-118.4785801"><ele>1313.52</ele><time>2026-04-25T12:46:09-07:00</time><course>255.5152</course><roll>-9.699025</roll><pitch>-8.414742</pitch><mode /></trkpt><trkpt lat="35.1116569" lon="-118.4785969"><ele>1313.37</ele><time>2026-04-25T12:46:09-07:00</time><course>256.2182</course><roll>-11.11935</roll><pitch>-8.707983</pitch><mode /></trkpt><trkpt lat="35.1116523" lon="-118.4786138"><ele>1313.16</ele><time>2026-04-25T12:46:09-07:00</time><course>256.0495</course><roll>-9.619591</roll><pitch>-8.692507</pitch><mode /></trkpt><trkpt lat="35.1116478" lon="-118.4786307"><ele>1312.97</ele><time>2026-04-25T12:46:10-07:00</time><course>256.4901</course><roll>-7.009284</roll><pitch>-9.103966</pitch><mode /></trkpt><trkpt lat="35.1116435" lon="-118.4786472"><ele>1312.9</ele><time>2026-04-25T12:46:10-07:00</time><course>258.3085</course><roll>-6.359503</roll><pitch>-8.355343</pitch><mode /></trkpt><trkpt lat="35.1116396" lon="-118.4786638"><ele>1313.04</ele><time>2026-04-25T12:46:10-07:00</time><course>260.2897</course><roll>-7.102327</roll><pitch>-8.396568</pitch><mode /></trkpt><trkpt lat="35.111636" lon="-118.4786807"><ele>1313.18</ele><time>2026-04-25T12:46:10-07:00</time><course>259.7673</course><roll>-6.647866</roll><pitch>-8.206312</pitch><mode /></trkpt><trkpt lat="35.1116331" lon="-118.4786973"><ele>1313.43</ele><time>2026-04-25T12:46:10-07:00</time><course>258.9893</course><roll>-5.431063</roll><pitch>-7.322309</pitch><mode /></trkpt><trkpt lat="35.1116297" lon="-118.4787142"><ele>1313.54</ele><time>2026-04-25T12:46:11-07:00</time><course>259.4834</course><roll>-4.409242</roll><pitch>-7.047026</pitch><mode /></trkpt><trkpt lat="35.1116265" lon="-118.4787314"><ele>1313.63</ele><time>2026-04-25T12:46:11-07:00</time><course>259.4576</course><roll>-4.507028</roll><pitch>-6.692166</pitch><mode /></trkpt><trkpt lat="35.1116236" lon="-118.4787485"><ele>1313.87</ele><time>2026-04-25T12:46:11-07:00</time><course>259.4037</course><roll>-4.00953</roll><pitch>-5.902807</pitch><mode /></trkpt><trkpt lat="35.1116205" lon="-118.478766"><ele>1314.04</ele><time>2026-04-25T12:46:11-07:00</time><course>259.9946</course><roll>-6.357721</roll><pitch>-5.261753</pitch><mode /></trkpt><trkpt lat="35.1116179" lon="-118.4787839"><ele>1314.3</ele><time>2026-04-25T12:46:11-07:00</time><course>259.7798</course><roll>-6.297141</roll><pitch>-4.259892</pitch><mode /></trkpt><trkpt lat="35.1116152" lon="-118.4788019"><ele>1314.57</ele><time>2026-04-25T12:46:12-07:00</time><course>261.799</course><roll>-8.414844</roll><pitch>-3.96819</pitch><mode /></trkpt><trkpt lat="35.1116124" lon="-118.4788206"><ele>1314.76</ele><time>2026-04-25T12:46:12-07:00</time><course>262.9478</course><roll>-9.923528</roll><pitch>-3.84561</pitch><mode /></trkpt><trkpt lat="35.1116101" lon="-118.4788396"><ele>1314.89</ele><time>2026-04-25T12:46:12-07:00</time><course>263.5383</course><roll>-8.718793</roll><pitch>-4.38992</pitch><mode /></trkpt><trkpt lat="35.1116082" lon="-118.4788583"><ele>1315.08</ele><time>2026-04-25T12:46:12-07:00</time><course>263.3819</course><roll>-9.825973</roll><pitch>-4.534758</pitch><mode /></trkpt><trkpt lat="35.1116064" lon="-118.478877"><ele>1315.23</ele><time>2026-04-25T12:46:12-07:00</time><course>265.1624</course><roll>-13.78294</roll><pitch>-4.023909</pitch><mode /></trkpt><trkpt lat="35.111605" lon="-118.4788957"><ele>1315.28</ele><time>2026-04-25T12:46:13-07:00</time><course>266.389</course><roll>-13.46396</roll><pitch>-4.267726</pitch><mode /></trkpt><trkpt lat="35.1116039" lon="-118.4789151"><ele>1315.16</ele><time>2026-04-25T12:46:13-07:00</time><course>265.5836</course><roll>-11.87871</roll><pitch>-4.679111</pitch><mode /></trkpt><trkpt lat="35.1116034" lon="-118.4789348"><ele>1315.15</ele><time>2026-04-25T12:46:13-07:00</time><course>265.5584</course><roll>-10.62109</roll><pitch>-4.753916</pitch><mode /></trkpt><trkpt lat="35.1116029" lon="-118.4789543"><ele>1315.16</ele><time>2026-04-25T12:46:13-07:00</time><course>269.61</course><roll>-11.31033</roll><pitch>-3.955498</pitch><mode /></trkpt><trkpt lat="35.1116031" lon="-118.4789737"><ele>1315.2</ele><time>2026-04-25T12:46:13-07:00</time><course>270.3191</course><roll>-11.46661</roll><pitch>-4.514093</pitch><mode /></trkpt><trkpt lat="35.1116038" lon="-118.4789931"><ele>1315.2</ele><time>2026-04-25T12:46:14-07:00</time><course>272.2707</course><roll>-8.549118</roll><pitch>-2.767383</pitch><mode /></trkpt><trkpt lat="35.1116042" lon="-118.4790122"><ele>1315.13</ele><time>2026-04-25T12:46:14-07:00</time><course>274.0522</course><roll>-10.926</roll><pitch>-2.875279</pitch><mode /></trkpt><trkpt lat="35.1116055" lon="-118.4790314"><ele>1315.1</ele><time>2026-04-25T12:46:14-07:00</time><course>271.9061</course><roll>-12.78216</roll><pitch>-3.638654</pitch><mode /></trkpt><trkpt lat="35.111608" lon="-118.4790507"><ele>1315.12</ele><time>2026-04-25T12:46:14-07:00</time><course>271.2788</course><roll>-12.19704</roll><pitch>-3.195688</pitch><mode /></trkpt><trkpt lat="35.1116107" lon="-118.4790704"><ele>1315.02</ele><time>2026-04-25T12:46:14-07:00</time><course>272.1923</course><roll>-11.31444</roll><pitch>-2.062843</pitch><mode /></trkpt><trkpt lat="35.1116137" lon="-118.4790898"><ele>1314.97</ele><time>2026-04-25T12:46:15-07:00</time><course>273.9547</course><roll>-12.39741</roll><pitch>-2.117171</pitch><mode /></trkpt><trkpt lat="35.1116172" lon="-118.4791094"><ele>1314.85</ele><time>2026-04-25T12:46:15-07:00</time><course>273.3009</course><roll>-7.543306</roll><pitch>-2.032992</pitch><mode /></trkpt><trkpt lat="35.111621" lon="-118.4791294"><ele>1314.68</ele><time>2026-04-25T12:46:15-07:00</time><course>275.0186</course><roll>-6.387235</roll><pitch>-0.7803308</pitch><mode /></trkpt><trkpt lat="35.1116249" lon="-118.4791494"><ele>1314.5</ele><time>2026-04-25T12:46:15-07:00</time><course>276.787</course><roll>-7.781793</roll><pitch>-1.390329</pitch><mode /></trkpt><trkpt lat="35.111629" lon="-118.4791696"><ele>1314.32</ele><time>2026-04-25T12:46:15-07:00</time><course>277.4699</course><roll>-10.36379</roll><pitch>-1.753246</pitch><mode /></trkpt><trkpt lat="35.1116338" lon="-118.4791898"><ele>1314.28</ele><time>2026-04-25T12:46:16-07:00</time><course>278.6831</course><roll>-11.15432</roll><pitch>-1.463356</pitch><mode /></trkpt><trkpt lat="35.1116392" lon="-118.4792102"><ele>1314.28</ele><time>2026-04-25T12:46:16-07:00</time><course>278.7983</course><roll>-13.01549</roll><pitch>-1.364897</pitch><mode /></trkpt><trkpt lat="35.1116452" lon="-118.4792306"><ele>1314.21</ele><time>2026-04-25T12:46:16-07:00</time><course>279.9563</course><roll>-15.47244</roll><pitch>-1.763771</pitch><mode /></trkpt><trkpt lat="35.1116519" lon="-118.479251"><ele>1314.13</ele><time>2026-04-25T12:46:16-07:00</time><course>281.6703</course><roll>-15.19675</roll><pitch>-1.315621</pitch><mode /></trkpt><trkpt lat="35.1116591" lon="-118.479271"><ele>1314.01</ele><time>2026-04-25T12:46:16-07:00</time><course>282.4799</course><roll>-12.50521</roll><pitch>-1.781714</pitch><mode /></trkpt><trkpt lat="35.1116668" lon="-118.479291"><ele>1313.74</ele><time>2026-04-25T12:46:17-07:00</time><course>284.6685</course><roll>-14.83776</roll><pitch>-3.092214</pitch><mode /></trkpt><trkpt lat="35.1116751" lon="-118.4793105"><ele>1313.5</ele><time>2026-04-25T12:46:17-07:00</time><course>287.1596</course><roll>-13.57336</roll><pitch>-3.668523</pitch><mode /></trkpt><trkpt lat="35.1116838" lon="-118.4793294"><ele>1313.25</ele><time>2026-04-25T12:46:17-07:00</time><course>288.9902</course><roll>-13.5095</roll><pitch>-4.579301</pitch><mode /></trkpt><trkpt lat="35.1116932" lon="-118.4793483"><ele>1312.95</ele><time>2026-04-25T12:46:17-07:00</time><course>291.8137</course><roll>-14.30739</roll><pitch>-4.787101</pitch><mode /></trkpt><trkpt lat="35.1117032" lon="-118.4793666"><ele>1312.72</ele><time>2026-04-25T12:46:17-07:00</time><course>292.168</course><roll>-16.5798</roll><pitch>-5.568799</pitch><mode /></trkpt><trkpt lat="35.1117138" lon="-118.4793832"><ele>1312.74</ele><time>2026-04-25T12:46:18-07:00</time><course>293.1996</course><roll>-13.40351</roll><pitch>-5.050534</pitch><mode /></trkpt><trkpt lat="35.1117248" lon="-118.4793993"><ele>1312.81</ele><time>2026-04-25T12:46:18-07:00</time><course>295.3439</course><roll>-13.141</roll><pitch>-4.761969</pitch><mode /></trkpt><trkpt lat="35.1117368" lon="-118.4794154"><ele>1312.93</ele><time>2026-04-25T12:46:18-07:00</time><course>293.7166</course><roll>-10.91147</roll><pitch>-4.472269</pitch><mode /></trkpt><trkpt lat="35.1117494" lon="-118.4794307"><ele>1313.18</ele><time>2026-04-25T12:46:18-07:00</time><course>293.5367</course><roll>-7.853285</roll><pitch>-3.540167</pitch><mode /></trkpt><trkpt lat="35.1117621" lon="-118.4794464"><ele>1313.25</ele><time>2026-04-25T12:46:18-07:00</time><course>296.4074</course><roll>-6.35812</roll><pitch>-2.107618</pitch><mode /></trkpt><trkpt lat="35.1117749" lon="-118.4794623"><ele>1313.08</ele><time>2026-04-25T12:46:19-07:00</time><course>297.6501</course><roll>-9.728581</roll><pitch>-2.338273</pitch><mode /></trkpt><trkpt lat="35.1117884" lon="-118.4794782"><ele>1313.01</ele><time>2026-04-25T12:46:19-07:00</time><course>298.1299</course><roll>-10.41343</roll><pitch>-2.278225</pitch><mode /></trkpt><trkpt lat="35.1118021" lon="-118.4794936"><ele>1313.06</ele><time>2026-04-25T12:46:19-07:00</time><course>299.1525</course><roll>-10.04828</roll><pitch>-1.980461</pitch><mode /></trkpt><trkpt lat="35.1118165" lon="-118.4795091"><ele>1313.04</ele><time>2026-04-25T12:46:19-07:00</time><course>299.1159</course><roll>-8.670786</roll><pitch>-1.994883</pitch><mode /></trkpt><trkpt lat="35.1118313" lon="-118.4795243"><ele>1312.99</ele><time>2026-04-25T12:46:19-07:00</time><course>299.7059</course><roll>-9.595639</roll><pitch>-2.171992</pitch><mode /></trkpt><trkpt lat="35.1118468" lon="-118.4795395"><ele>1312.84</ele><time>2026-04-25T12:46:20-07:00</time><course>299.1083</course><roll>-10.84865</roll><pitch>-2.306226</pitch><mode /></trkpt><trkpt lat="35.1118625" lon="-118.4795546"><ele>1312.65</ele><time>2026-04-25T12:46:20-07:00</time><course>301.3644</course><roll>-12.864</roll><pitch>-2.241516</pitch><mode /></trkpt><trkpt lat="35.1118787" lon="-118.4795693"><ele>1312.44</ele><time>2026-04-25T12:46:20-07:00</time><course>303.0171</course><roll>-13.55771</roll><pitch>-2.796517</pitch><mode /></trkpt><trkpt lat="35.1118953" lon="-118.4795836"><ele>1312.24</ele><time>2026-04-25T12:46:20-07:00</time><course>303.7755</course><roll>-16.76683</roll><pitch>-4.039459</pitch><mode /></trkpt><trkpt lat="35.1119128" lon="-118.4795973"><ele>1312.17</ele><time>2026-04-25T12:46:20-07:00</time><course>303.8547</course><roll>-19.61243</roll><pitch>-4.89108</pitch><mode /></trkpt><trkpt lat="35.1119309" lon="-118.47961"><ele>1312.14</ele><time>2026-04-25T12:46:21-07:00</time><course>304.0779</course><roll>-16.3674</roll><pitch>-5.03599</pitch><mode /></trkpt><trkpt lat="35.1119497" lon="-118.4796221"><ele>1312.06</ele><time>2026-04-25T12:46:21-07:00</time><course>306.127</course><roll>-16.43198</roll><pitch>-5.108194</pitch><mode /></trkpt><trkpt lat="35.1119689" lon="-118.4796336"><ele>1312.01</ele><time>2026-04-25T12:46:21-07:00</time><course>307.6947</course><roll>-17.61555</roll><pitch>-5.199736</pitch><mode /></trkpt><trkpt lat="35.1119886" lon="-118.479645"><ele>1311.95</ele><time>2026-04-25T12:46:21-07:00</time><course>310.9847</course><roll>-18.61253</roll><pitch>-3.853063</pitch><mode /></trkpt><trkpt lat="35.1120089" lon="-118.4796555"><ele>1311.9</ele><time>2026-04-25T12:46:21-07:00</time><course>312.4338</course><roll>-18.87469</roll><pitch>-4.25716</pitch><mode /></trkpt><trkpt lat="35.1120299" lon="-118.4796652"><ele>1311.82</ele><time>2026-04-25T12:46:22-07:00</time><course>314.2322</course><roll>-17.88767</roll><pitch>-4.494491</pitch><mode /></trkpt><trkpt lat="35.1120513" lon="-118.4796737"><ele>1311.72</ele><time>2026-04-25T12:46:22-07:00</time><course>316.8802</course><roll>-17.78348</roll><pitch>-4.725865</pitch><mode /></trkpt><trkpt lat="35.1120731" lon="-118.4796814"><ele>1311.71</ele><time>2026-04-25T12:46:22-07:00</time><course>320.6887</course><roll>-18.93227</roll><pitch>-3.908774</pitch><mode /></trkpt><trkpt lat="35.1120957" lon="-118.479688"><ele>1311.71</ele><time>2026-04-25T12:46:22-07:00</time><course>320.5873</course><roll>-17.58783</roll><pitch>-5.37597</pitch><mode /></trkpt><trkpt lat="35.1121189" lon="-118.479693"><ele>1311.65</ele><time>2026-04-25T12:46:22-07:00</time><course>321.1749</course><roll>-17.22153</roll><pitch>-5.425214</pitch><mode /></trkpt><trkpt lat="35.1121423" lon="-118.4796969"><ele>1311.6</ele><time>2026-04-25T12:46:23-07:00</time><course>322.7619</course><roll>-17.52407</roll><pitch>-5.336699</pitch><mode /></trkpt><trkpt lat="35.1121659" lon="-118.4796999"><ele>1311.51</ele><time>2026-04-25T12:46:23-07:00</time><course>324.8656</course><roll>-18.6399</roll><pitch>-5.646011</pitch><mode /></trkpt><trkpt lat="35.1121902" lon="-118.479702"><ele>1311.43</ele><time>2026-04-25T12:46:23-07:00</time><course>325.907</course><roll>-17.51187</roll><pitch>-5.479333</pitch><mode /></trkpt><trkpt lat="35.1122148" lon="-118.4797033"><ele>1311.42</ele><time>2026-04-25T12:46:23-07:00</time><course>326.5817</course><roll>-18.57799</roll><pitch>-6.052751</pitch><mode /></trkpt><trkpt lat="35.1122396" lon="-118.479703"><ele>1311.39</ele><time>2026-04-25T12:46:23-07:00</time><course>326.8901</course><roll>-15.35054</roll><pitch>-6.144074</pitch><mode /></trkpt><trkpt lat="35.1122652" lon="-118.4797019"><ele>1311.4</ele><time>2026-04-25T12:46:24-07:00</time><course>330.3085</course><roll>-16.32427</roll><pitch>-4.1581</pitch><mode /></trkpt><trkpt lat="35.1122911" lon="-118.4797007"><ele>1311.43</ele><time>2026-04-25T12:46:24-07:00</time><course>332.4563</course><roll>-18.93193</roll><pitch>-3.653166</pitch><mode /></trkpt><trkpt lat="35.1123172" lon="-118.4796982"><ele>1311.46</ele><time>2026-04-25T12:46:24-07:00</time><course>332.724</course><roll>-19.31933</roll><pitch>-4.20122</pitch><mode /></trkpt><trkpt lat="35.1123438" lon="-118.4796946"><ele>1311.43</ele><time>2026-04-25T12:46:24-07:00</time><course>335.0631</course><roll>-21.05735</roll><pitch>-4.496886</pitch><mode /></trkpt><trkpt lat="35.1123711" lon="-118.4796904"><ele>1311.38</ele><time>2026-04-25T12:46:24-07:00</time><course>339.3652</course><roll>-23.82401</roll><pitch>-3.536537</pitch><mode /></trkpt><trkpt lat="35.1123993" lon="-118.4796851"><ele>1311.27</ele><time>2026-04-25T12:46:25-07:00</time><course>344.3053</course><roll>-24.65823</roll><pitch>-3.312988</pitch><mode /></trkpt><trkpt lat="35.1124279" lon="-118.4796775"><ele>1311.25</ele><time>2026-04-25T12:46:25-07:00</time><course>345.933</course><roll>-28.24103</roll><pitch>-5.036914</pitch><mode /></trkpt><trkpt lat="35.1124567" lon="-118.479668"><ele>1311.31</ele><time>2026-04-25T12:46:25-07:00</time><course>349.9197</course><roll>-25.64233</roll><pitch>-4.051951</pitch><mode /></trkpt><trkpt lat="35.1124853" lon="-118.4796578"><ele>1311.18</ele><time>2026-04-25T12:46:25-07:00</time><course>356.5139</course><roll>-29.87474</roll><pitch>-3.15863</pitch><mode /></trkpt><trkpt lat="35.1125139" lon="-118.4796455"><ele>1310.93</ele><time>2026-04-25T12:46:25-07:00</time><course>356.7307</course><roll>-29.38555</roll><pitch>-7.5234</pitch><mode /></trkpt><trkpt lat="35.1125422" lon="-118.4796301"><ele>1310.91</ele><time>2026-04-25T12:46:26-07:00</time><course>0.9391432</course><roll>-32.04804</roll><pitch>-6.611152</pitch><mode /></trkpt><trkpt lat="35.1125702" lon="-118.4796139"><ele>1310.87</ele><time>2026-04-25T12:46:26-07:00</time><course>6.681392</course><roll>-35.34815</roll><pitch>-6.190814</pitch><mode /></trkpt><trkpt lat="35.1125974" lon="-118.479595"><ele>1310.89</ele><time>2026-04-25T12:46:26-07:00</time><course>9.968611</course><roll>-43.26278</roll><pitch>-7.803997</pitch><mode /></trkpt><trkpt lat="35.1126241" lon="-118.4795734"><ele>1310.92</ele><time>2026-04-25T12:46:26-07:00</time><course>17.79306</course><roll>-58.50661</roll><pitch>-7.198302</pitch><mode /></trkpt><trkpt lat="35.1126495" lon="-118.4795486"><ele>1310.88</ele><time>2026-04-25T12:46:26-07:00</time><course>25.42241</course><roll>-79.56383</roll><pitch>-9.098678</pitch><mode /></trkpt><trkpt lat="35.112673" lon="-118.4795197"><ele>1310.45</ele><time>2026-04-25T12:46:27-07:00</time><course>34.39576</course><roll>-81.89957</roll><pitch>-10.42195</pitch><mode /></trkpt><trkpt lat="35.1126939" lon="-118.4794861"><ele>1309.92</ele><time>2026-04-25T12:46:27-07:00</time><course>43.19535</course><roll>-75.11118</roll><pitch>-3.341801</pitch><mode /></trkpt><trkpt lat="35.1127111" lon="-118.4794479"><ele>1309.35</ele><time>2026-04-25T12:46:27-07:00</time><course>53.27732</course><roll>-70.44695</roll><pitch>0.5421361</pitch><mode /></trkpt><trkpt lat="35.1127242" lon="-118.4794058"><ele>1308.64</ele><time>2026-04-25T12:46:27-07:00</time><course>65.79337</course><roll>-69.54845</roll><pitch>3.800339</pitch><mode /></trkpt><trkpt lat="35.1127329" lon="-118.4793605"><ele>1307.91</ele><time>2026-04-25T12:46:27-07:00</time><course>76.40536</course><roll>-65.47594</roll><pitch>4.460999</pitch><mode /></trkpt><trkpt lat="35.112737" lon="-118.479314"><ele>1307.07</ele><time>2026-04-25T12:46:28-07:00</time><course>86.1703</course><roll>-57.94287</roll><pitch>3.36077</pitch><mode /></trkpt><trkpt lat="35.1127359" lon="-118.4792661"><ele>1306.27</ele><time>2026-04-25T12:46:28-07:00</time><course>95.54268</course><roll>-52.04764</roll><pitch>1.522995</pitch><mode /></trkpt><trkpt lat="35.1127301" lon="-118.4792177"><ele>1305.48</ele><time>2026-04-25T12:46:28-07:00</time><course>103.4989</course><roll>-47.67754</roll><pitch>-2.185405</pitch><mode /></trkpt><trkpt lat="35.1127193" lon="-118.4791699"><ele>1304.89</ele><time>2026-04-25T12:46:28-07:00</time><course>109.8793</course><roll>-44.32725</roll><pitch>-4.822797</pitch><mode /></trkpt><trkpt lat="35.1127056" lon="-118.4791244"><ele>1304.37</ele><time>2026-04-25T12:46:28-07:00</time><course>115.8234</course><roll>-37.80194</roll><pitch>-7.666674</pitch><mode /></trkpt><trkpt lat="35.1126895" lon="-118.4790815"><ele>1304.08</ele><time>2026-04-25T12:46:29-07:00</time><course>118.3733</course><roll>-26.19548</roll><pitch>-9.933172</pitch><mode /></trkpt><trkpt lat="35.1126712" lon="-118.4790414"><ele>1303.94</ele><time>2026-04-25T12:46:29-07:00</time><course>118.4634</course><roll>-19.52016</roll><pitch>-12.87826</pitch><mode /></trkpt><trkpt lat="35.1126527" lon="-118.4790037"><ele>1304.26</ele><time>2026-04-25T12:46:29-07:00</time><course>119.423</course><roll>-9.129763</roll><pitch>-13.1349</pitch><mode /></trkpt><trkpt lat="35.1126347" lon="-118.4789681"><ele>1304.42</ele><time>2026-04-25T12:46:29-07:00</time><course>120.4162</course><roll>-2.0471</roll><pitch>-12.8999</pitch><mode /></trkpt><trkpt lat="35.1126169" lon="-118.4789334"><ele>1304.63</ele><time>2026-04-25T12:46:29-07:00</time><course>118.6576</course><roll>12.50538</roll><pitch>-12.049</pitch><mode /></trkpt><trkpt lat="35.1126002" lon="-118.4788978"><ele>1305.02</ele><time>2026-04-25T12:46:30-07:00</time><course>123.0736</course><roll>16.37975</roll><pitch>-13.38496</pitch><mode /></trkpt><trkpt lat="35.1125853" lon="-118.4788609"><ele>1305.63</ele><time>2026-04-25T12:46:30-07:00</time><course>129.764</course><roll>8.209331</roll><pitch>-15.02504</pitch><mode /></trkpt><trkpt lat="35.1125706" lon="-118.4788233"><ele>1305.83</ele><time>2026-04-25T12:46:30-07:00</time><course>131.902</course><roll>-0.555155</roll><pitch>-14.92175</pitch><mode /></trkpt><trkpt lat="35.1125552" lon="-118.4787864"><ele>1306.16</ele><time>2026-04-25T12:46:30-07:00</time><course>127.2444</course><roll>-4.042387</roll><pitch>-14.56053</pitch><mode /></trkpt><trkpt lat="35.1125405" lon="-118.4787506"><ele>1306.66</ele><time>2026-04-25T12:46:30-07:00</time><course>126.4571</course><roll>-5.153816</roll><pitch>-13.60962</pitch><mode /></trkpt><trkpt lat="35.1125263" lon="-118.4787147"><ele>1307.14</ele><time>2026-04-25T12:46:31-07:00</time><course>128.8186</course><roll>-9.199799</roll><pitch>-12.99851</pitch><mode /></trkpt><trkpt lat="35.1125115" lon="-118.4786788"><ele>1307.43</ele><time>2026-04-25T12:46:31-07:00</time><course>133.9861</course><roll>-15.61464</roll><pitch>-12.5279</pitch><mode /></trkpt><trkpt lat="35.1124969" lon="-118.4786436"><ele>1307.68</ele><time>2026-04-25T12:46:31-07:00</time><course>135.4759</course><roll>-20.94616</roll><pitch>-11.90537</pitch><mode /></trkpt><trkpt lat="35.1124813" lon="-118.4786093"><ele>1308.03</ele><time>2026-04-25T12:46:31-07:00</time><course>134.8376</course><roll>-24.03799</roll><pitch>-10.59527</pitch><mode /></trkpt><trkpt lat="35.1124641" lon="-118.4785753"><ele>1308.08</ele><time>2026-04-25T12:46:31-07:00</time><course>135.5591</course><roll>-26.3333</roll><pitch>-9.759036</pitch><mode /></trkpt><trkpt lat="35.1124457" lon="-118.4785415"><ele>1308.2</ele><time>2026-04-25T12:46:32-07:00</time><course>138.7535</course><roll>-32.50629</roll><pitch>-7.463878</pitch><mode /></trkpt><trkpt lat="35.1124262" lon="-118.4785077"><ele>1308.27</ele><time>2026-04-25T12:46:32-07:00</time><course>143.2591</course><roll>-34.08728</roll><pitch>-6.611726</pitch><mode /></trkpt><trkpt lat="35.1124051" lon="-118.478475"><ele>1308.28</ele><time>2026-04-25T12:46:32-07:00</time><course>149.261</course><roll>-34.82944</roll><pitch>-6.44651</pitch><mode /></trkpt><trkpt lat="35.1123828" lon="-118.4784447"><ele>1308.42</ele><time>2026-04-25T12:46:32-07:00</time><course>154.7334</course><roll>-32.21494</roll><pitch>-6.969733</pitch><mode /></trkpt><trkpt lat="35.1123587" lon="-118.4784172"><ele>1308.6</ele><time>2026-04-25T12:46:32-07:00</time><course>157.7079</course><roll>-35.77724</roll><pitch>-8.903097</pitch><mode /></trkpt><trkpt lat="35.1123337" lon="-118.4783936"><ele>1309.04</ele><time>2026-04-25T12:46:33-07:00</time><course>159.8117</course><roll>-37.51434</roll><pitch>-8.393139</pitch><mode /></trkpt><trkpt lat="35.1123078" lon="-118.4783711"><ele>1309.4</ele><time>2026-04-25T12:46:33-07:00</time><course>164.9531</course><roll>-36.65385</roll><pitch>-6.241908</pitch><mode /></trkpt><trkpt lat="35.1122813" lon="-118.4783482"><ele>1309.24</ele><time>2026-04-25T12:46:33-07:00</time><course>171.6601</course><roll>-35.44527</roll><pitch>-4.532483</pitch><mode /></trkpt><trkpt lat="35.1122543" lon="-118.4783271"><ele>1309.04</ele><time>2026-04-25T12:46:33-07:00</time><course>178.2403</course><roll>-37.98105</roll><pitch>-4.247136</pitch><mode /></trkpt><trkpt lat="35.1122264" lon="-118.4783084"><ele>1308.9</ele><time>2026-04-25T12:46:33-07:00</time><course>182.1721</course><roll>-38.62682</roll><pitch>-6.796617</pitch><mode /></trkpt><trkpt lat="35.1121986" lon="-118.4782938"><ele>1308.81</ele><time>2026-04-25T12:46:34-07:00</time><course>186.4759</course><roll>-42.82511</roll><pitch>-9.571345</pitch><mode /></trkpt><trkpt lat="35.1121718" lon="-118.4782818"><ele>1308.62</ele><time>2026-04-25T12:46:34-07:00</time><course>189.9221</course><roll>-39.39014</roll><pitch>-10.66747</pitch><mode /></trkpt><trkpt lat="35.1121453" lon="-118.4782728"><ele>1308.65</ele><time>2026-04-25T12:46:34-07:00</time><course>196.8105</course><roll>-40.80564</roll><pitch>-9.828959</pitch><mode /></trkpt><trkpt lat="35.1121193" lon="-118.4782672"><ele>1308.61</ele><time>2026-04-25T12:46:34-07:00</time><course>199.8105</course><roll>-39.97452</roll><pitch>-10.77907</pitch><mode /></trkpt><trkpt lat="35.1120943" lon="-118.4782646"><ele>1308.71</ele><time>2026-04-25T12:46:34-07:00</time><course>203.5404</course><roll>-33.20838</roll><pitch>-10.69441</pitch><mode /></trkpt><trkpt lat="35.11207" lon="-118.4782635"><ele>1308.88</ele><time>2026-04-25T12:46:35-07:00</time><course>211.4792</course><roll>-29.62619</roll><pitch>-7.91906</pitch><mode /></trkpt><trkpt lat="35.1120462" lon="-118.4782621"><ele>1309.03</ele><time>2026-04-25T12:46:35-07:00</time><course>216.0056</course><roll>-29.61782</roll><pitch>-6.652548</pitch><mode /></trkpt><trkpt lat="35.112023" lon="-118.4782631"><ele>1309.21</ele><time>2026-04-25T12:46:35-07:00</time><course>218.7167</course><roll>-26.98264</roll><pitch>-7.554698</pitch><mode /></trkpt><trkpt lat="35.112001" lon="-118.4782665"><ele>1309.53</ele><time>2026-04-25T12:46:35-07:00</time><course>216.5598</course><roll>-22.44683</roll><pitch>-8.886053</pitch><mode /></trkpt><trkpt lat="35.1119804" lon="-118.4782711"><ele>1309.84</ele><time>2026-04-25T12:46:35-07:00</time><course>220.0694</course><roll>-17.75889</roll><pitch>-5.994682</pitch><mode /></trkpt><trkpt lat="35.1119592" lon="-118.478276"><ele>1309.9</ele><time>2026-04-25T12:46:36-07:00</time><course>224.2289</course><roll>-19.03212</roll><pitch>-4.047694</pitch><mode /></trkpt><trkpt lat="35.1119383" lon="-118.4782818"><ele>1309.9</ele><time>2026-04-25T12:46:36-07:00</time><course>224.3927</course><roll>-17.58977</roll><pitch>-4.422423</pitch><mode /></trkpt><trkpt lat="35.1119178" lon="-118.4782889"><ele>1309.72</ele><time>2026-04-25T12:46:36-07:00</time><course>225.0703</course><roll>-16.93085</roll><pitch>-4.455447</pitch><mode /></trkpt><trkpt lat="35.1118976" lon="-118.4782967"><ele>1309.64</ele><time>2026-04-25T12:46:36-07:00</time><course>229.2968</course><roll>-16.16889</roll><pitch>-3.448739</pitch><mode /></trkpt><trkpt lat="35.1118781" lon="-118.4783054"><ele>1309.52</ele><time>2026-04-25T12:46:36-07:00</time><course>226.7814</course><roll>-17.33742</roll><pitch>-5.516919</pitch><mode /></trkpt><trkpt lat="35.1118592" lon="-118.4783148"><ele>1309.44</ele><time>2026-04-25T12:46:37-07:00</time><course>226.4165</course><roll>-16.16187</roll><pitch>-5.70654</pitch><mode /></trkpt><trkpt lat="35.1118407" lon="-118.4783244"><ele>1309.45</ele><time>2026-04-25T12:46:37-07:00</time><course>227.7543</course><roll>-16.88336</roll><pitch>-5.17303</pitch><mode /></trkpt><trkpt lat="35.1118228" lon="-118.4783341"><ele>1309.4</ele><time>2026-04-25T12:46:37-07:00</time><course>229.3293</course><roll>-18.80682</roll><pitch>-4.825661</pitch><mode /></trkpt><trkpt lat="35.111807" lon="-118.4783456"><ele>1309.46</ele><time>2026-04-25T12:46:37-07:00</time><course>230.1071</course><roll>-15.73646</roll><pitch>-4.600185</pitch><mode /></trkpt><trkpt lat="35.1117915" lon="-118.4783577"><ele>1309.48</ele><time>2026-04-25T12:46:37-07:00</time><course>230.6705</course><roll>-12.86145</roll><pitch>-4.986933</pitch><mode /></trkpt><trkpt lat="35.1117762" lon="-118.4783697"><ele>1309.49</ele><time>2026-04-25T12:46:38-07:00</time><course>234.7571</course><roll>-12.48831</roll><pitch>-3.992146</pitch><mode /></trkpt><trkpt lat="35.1117613" lon="-118.4783823"><ele>1309.31</ele><time>2026-04-25T12:46:38-07:00</time><course>237.3564</course><roll>-19.11127</roll><pitch>-3.308895</pitch><mode /></trkpt><trkpt lat="35.1117461" lon="-118.4783953"><ele>1309.04</ele><time>2026-04-25T12:46:38-07:00</time><course>238.9305</course><roll>-20.51953</roll><pitch>-4.845234</pitch><mode /></trkpt><trkpt lat="35.111732" lon="-118.4784091"><ele>1308.93</ele><time>2026-04-25T12:46:38-07:00</time><course>238.8665</course><roll>-18.59092</roll><pitch>-6.670234</pitch><mode /></trkpt><trkpt lat="35.1117191" lon="-118.4784242"><ele>1308.9</ele><time>2026-04-25T12:46:38-07:00</time><course>240.4889</course><roll>-17.98941</roll><pitch>-6.593219</pitch><mode /></trkpt><trkpt lat="35.1117069" lon="-118.4784392"><ele>1309.05</ele><time>2026-04-25T12:46:39-07:00</time><course>245.1599</course><roll>-20.85221</roll><pitch>-5.451498</pitch><mode /></trkpt><trkpt lat="35.1116955" lon="-118.4784549"><ele>1309.09</ele><time>2026-04-25T12:46:39-07:00</time><course>246.7002</course><roll>-23.87415</roll><pitch>-6.936788</pitch><mode /></trkpt><trkpt lat="35.1116856" lon="-118.478471"><ele>1309.13</ele><time>2026-04-25T12:46:39-07:00</time><course>243.4952</course><roll>-21.81812</roll><pitch>-10.24122</pitch><mode /></trkpt><trkpt lat="35.1116766" lon="-118.4784871"><ele>1309.29</ele><time>2026-04-25T12:46:39-07:00</time><course>245.1281</course><roll>-17.43681</roll><pitch>-10.01207</pitch><mode /></trkpt><trkpt lat="35.1116677" lon="-118.4785025"><ele>1309.53</ele><time>2026-04-25T12:46:39-07:00</time><course>248.6929</course><roll>-14.99515</roll><pitch>-8.937483</pitch><mode /></trkpt><trkpt lat="35.1116598" lon="-118.4785184"><ele>1309.82</ele><time>2026-04-25T12:46:40-07:00</time><course>253.019</course><roll>-11.30647</roll><pitch>-7.03234</pitch><mode /></trkpt><trkpt lat="35.1116524" lon="-118.4785346"><ele>1310.02</ele><time>2026-04-25T12:46:40-07:00</time><course>250.269</course><roll>-7.464768</roll><pitch>-7.25074</pitch><mode /></trkpt><trkpt lat="35.1116451" lon="-118.4785517"><ele>1310.34</ele><time>2026-04-25T12:46:40-07:00</time><course>248.545</course><roll>-5.154492</roll><pitch>-6.760264</pitch><mode /></trkpt><trkpt lat="35.111638" lon="-118.4785693"><ele>1310.59</ele><time>2026-04-25T12:46:40-07:00</time><course>247.0683</course><roll>-2.450519</roll><pitch>-5.886484</pitch><mode /></trkpt><trkpt lat="35.111631" lon="-118.4785874"><ele>1310.8</ele><time>2026-04-25T12:46:40-07:00</time><course>247.3221</course><roll>-6.017129</roll><pitch>-5.175686</pitch><mode /></trkpt><trkpt lat="35.1116238" lon="-118.4786055"><ele>1310.95</ele><time>2026-04-25T12:46:41-07:00</time><course>248.2138</course><roll>-8.772648</roll><pitch>-3.963402</pitch><mode /></trkpt><trkpt lat="35.1116171" lon="-118.4786236"><ele>1311.14</ele><time>2026-04-25T12:46:41-07:00</time><course>249.4095</course><roll>-9.730453</roll><pitch>-3.890189</pitch><mode /></trkpt><trkpt lat="35.1116105" lon="-118.4786424"><ele>1311.22</ele><time>2026-04-25T12:46:41-07:00</time><course>250.4316</course><roll>-12.19923</roll><pitch>-4.282555</pitch><mode /></trkpt><trkpt lat="35.1116046" lon="-118.4786615"><ele>1311.36</ele><time>2026-04-25T12:46:41-07:00</time><course>251.5892</course><roll>-10.94175</roll><pitch>-4.078406</pitch><mode /></trkpt><trkpt lat="35.111599" lon="-118.4786801"><ele>1311.46</ele><time>2026-04-25T12:46:41-07:00</time><course>253.0595</course><roll>-11.91843</roll><pitch>-3.919196</pitch><mode /></trkpt><trkpt lat="35.111594" lon="-118.4786994"><ele>1311.68</ele><time>2026-04-25T12:46:42-07:00</time><course>254.144</course><roll>-12.36558</roll><pitch>-3.99029</pitch><mode /></trkpt><trkpt lat="35.1115896" lon="-118.4787192"><ele>1311.89</ele><time>2026-04-25T12:46:42-07:00</time><course>254.3146</course><roll>-9.095793</roll><pitch>-3.414438</pitch><mode /></trkpt><trkpt lat="35.1115849" lon="-118.4787391"><ele>1311.81</ele><time>2026-04-25T12:46:42-07:00</time><course>257.136</course><roll>-9.433079</roll><pitch>-3.539702</pitch><mode /></trkpt><trkpt lat="35.1115803" lon="-118.4787595"><ele>1311.78</ele><time>2026-04-25T12:46:42-07:00</time><course>257.7482</course><roll>-11.06816</roll><pitch>-4.556165</pitch><mode /></trkpt><trkpt lat="35.1115769" lon="-118.4787808"><ele>1311.8</ele><time>2026-04-25T12:46:42-07:00</time><course>256.7322</course><roll>-13.15713</roll><pitch>-5.379615</pitch><mode /></trkpt><trkpt lat="35.1115739" lon="-118.4788019"><ele>1311.85</ele><time>2026-04-25T12:46:43-07:00</time><course>257.9021</course><roll>-13.15446</roll><pitch>-4.851168</pitch><mode /></trkpt><trkpt lat="35.1115711" lon="-118.4788233"><ele>1311.83</ele><time>2026-04-25T12:46:43-07:00</time><course>261.2353</course><roll>-16.28786</roll><pitch>-4.096853</pitch><mode /></trkpt><trkpt lat="35.1115693" lon="-118.4788445"><ele>1311.82</ele><time>2026-04-25T12:46:43-07:00</time><course>260.1608</course><roll>-17.01719</roll><pitch>-5.552592</pitch><mode /></trkpt><trkpt lat="35.1115683" lon="-118.4788658"><ele>1311.83</ele><time>2026-04-25T12:46:43-07:00</time><course>260.9849</course><roll>-14.13984</roll><pitch>-5.445997</pitch><mode /></trkpt><trkpt lat="35.1115673" lon="-118.478887"><ele>1311.79</ele><time>2026-04-25T12:46:43-07:00</time><course>264.0042</course><roll>-15.2593</roll><pitch>-5.537874</pitch><mode /></trkpt><trkpt lat="35.1115674" lon="-118.4789085"><ele>1311.77</ele><time>2026-04-25T12:46:44-07:00</time><course>263.6504</course><roll>-17.42956</roll><pitch>-6.043396</pitch><mode /></trkpt><trkpt lat="35.1115685" lon="-118.47893"><ele>1311.79</ele><time>2026-04-25T12:46:44-07:00</time><course>264.9754</course><roll>-20.52046</roll><pitch>-6.089284</pitch><mode /></trkpt><trkpt lat="35.1115708" lon="-118.4789515"><ele>1311.91</ele><time>2026-04-25T12:46:44-07:00</time><course>265.6222</course><roll>-17.17572</roll><pitch>-6.304606</pitch><mode /></trkpt><trkpt lat="35.1115735" lon="-118.4789726"><ele>1312.04</ele><time>2026-04-25T12:46:44-07:00</time><course>269.1165</course><roll>-14.25579</roll><pitch>-5.034986</pitch><mode /></trkpt><trkpt lat="35.1115763" lon="-118.4789939"><ele>1312.06</ele><time>2026-04-25T12:46:44-07:00</time><course>271.9719</course><roll>-12.59314</roll><pitch>-4.518537</pitch><mode /></trkpt><trkpt lat="35.1115795" lon="-118.4790154"><ele>1311.97</ele><time>2026-04-25T12:46:45-07:00</time><course>273.6819</course><roll>-11.59586</roll><pitch>-4.896762</pitch><mode /></trkpt><trkpt lat="35.1115835" lon="-118.4790369"><ele>1311.98</ele><time>2026-04-25T12:46:45-07:00</time><course>275.2933</course><roll>-11.178</roll><pitch>-4.883946</pitch><mode /></trkpt><trkpt lat="35.1115875" lon="-118.4790583"><ele>1312.12</ele><time>2026-04-25T12:46:45-07:00</time><course>277.3068</course><roll>-11.64083</roll><pitch>-4.781572</pitch><mode /></trkpt><trkpt lat="35.1115926" lon="-118.4790797"><ele>1312.25</ele><time>2026-04-25T12:46:45-07:00</time><course>279.0156</course><roll>-15.84901</roll><pitch>-4.555609</pitch><mode /></trkpt><trkpt lat="35.1115979" lon="-118.4791013"><ele>1312.29</ele><time>2026-04-25T12:46:45-07:00</time><course>281.2574</course><roll>-14.42399</roll><pitch>-3.884347</pitch><mode /></trkpt><trkpt lat="35.1116044" lon="-118.4791222"><ele>1312.39</ele><time>2026-04-25T12:46:46-07:00</time><course>279.0239</course><roll>-12.05151</roll><pitch>-5.622396</pitch><mode /></trkpt><trkpt lat="35.1116117" lon="-118.4791429"><ele>1312.54</ele><time>2026-04-25T12:46:46-07:00</time><course>277.0696</course><roll>-10.54611</roll><pitch>-5.045007</pitch><mode /></trkpt><trkpt lat="35.1116189" lon="-118.4791637"><ele>1312.74</ele><time>2026-04-25T12:46:46-07:00</time><course>279.5045</course><roll>-11.39753</roll><pitch>-3.436616</pitch><mode /></trkpt><trkpt lat="35.1116258" lon="-118.4791841"><ele>1312.82</ele><time>2026-04-25T12:46:46-07:00</time><course>283.1334</course><roll>-11.41645</roll><pitch>-3.08675</pitch><mode /></trkpt><trkpt lat="35.111633" lon="-118.4792037"><ele>1312.76</ele><time>2026-04-25T12:46:46-07:00</time><course>284.5086</course><roll>-11.22163</roll><pitch>-3.536145</pitch><mode /></trkpt><trkpt lat="35.1116405" lon="-118.4792234"><ele>1312.56</ele><time>2026-04-25T12:46:47-07:00</time><course>283.5445</course><roll>-14.79811</roll><pitch>-5.041983</pitch><mode /></trkpt><trkpt lat="35.1116492" lon="-118.4792426"><ele>1312.45</ele><time>2026-04-25T12:46:47-07:00</time><course>280.1137</course><roll>-15.4184</roll><pitch>-5.99728</pitch><mode /></trkpt><trkpt lat="35.1116581" lon="-118.4792614"><ele>1312.26</ele><time>2026-04-25T12:46:47-07:00</time><course>282.4131</course><roll>-12.35474</roll><pitch>-5.227094</pitch><mode /></trkpt><trkpt lat="35.111667" lon="-118.4792799"><ele>1312.15</ele><time>2026-04-25T12:46:47-07:00</time><course>286.555</course><roll>-10.96341</roll><pitch>-4.73007</pitch><mode /></trkpt><trkpt lat="35.1116769" lon="-118.4792978"><ele>1312.18</ele><time>2026-04-25T12:46:47-07:00</time><course>284.6903</course><roll>-12.54919</roll><pitch>-6.619997</pitch><mode /></trkpt><trkpt lat="35.1116883" lon="-118.4793149"><ele>1312.51</ele><time>2026-04-25T12:46:48-07:00</time><course>282.2208</course><roll>-4.926625</roll><pitch>-5.51354</pitch><mode /></trkpt><trkpt lat="35.1116996" lon="-118.4793328"><ele>1312.81</ele><time>2026-04-25T12:46:48-07:00</time><course>287.0514</course><roll>-4.775365</roll><pitch>-2.825797</pitch><mode /></trkpt><trkpt lat="35.1117102" lon="-118.4793504"><ele>1313.01</ele><time>2026-04-25T12:46:48-07:00</time><course>291.4875</course><roll>-7.272483</roll><pitch>-1.498105</pitch><mode /></trkpt><trkpt lat="35.1117215" lon="-118.479368"><ele>1313.13</ele><time>2026-04-25T12:46:48-07:00</time><course>291.1214</course><roll>-6.39959</roll><pitch>-2.224337</pitch><mode /></trkpt><trkpt lat="35.1117335" lon="-118.4793863"><ele>1313.21</ele><time>2026-04-25T12:46:48-07:00</time><course>289.892</course><roll>-1.726152</roll><pitch>-1.861937</pitch><mode /></trkpt><trkpt lat="35.1117452" lon="-118.4794059"><ele>1313.28</ele><time>2026-04-25T12:46:49-07:00</time><course>294.962</course><roll>-1.777705</roll><pitch>-0.8802912</pitch><mode /></trkpt><trkpt lat="35.1117566" lon="-118.479426"><ele>1313.32</ele><time>2026-04-25T12:46:49-07:00</time><course>297.8206</course><roll>-5.061657</roll><pitch>-1.746493</pitch><mode /></trkpt><trkpt lat="35.1117686" lon="-118.4794465"><ele>1313.44</ele><time>2026-04-25T12:46:49-07:00</time><course>299.9552</course><roll>-7.562311</roll><pitch>-1.541126</pitch><mode /></trkpt><trkpt lat="35.1117813" lon="-118.4794672"><ele>1313.65</ele><time>2026-04-25T12:46:49-07:00</time><course>301.3081</course><roll>-12.19257</roll><pitch>-1.456991</pitch><mode /></trkpt><trkpt lat="35.1117945" lon="-118.4794872"><ele>1313.86</ele><time>2026-04-25T12:46:49-07:00</time><course>302.4808</course><roll>-14.62027</roll><pitch>-1.313581</pitch><mode /></trkpt><trkpt lat="35.1118083" lon="-118.4795064"><ele>1314.02</ele><time>2026-04-25T12:46:50-07:00</time><course>302.5211</course><roll>-15.80932</roll><pitch>-1.673178</pitch><mode /></trkpt><trkpt lat="35.1118238" lon="-118.4795256"><ele>1314.28</ele><time>2026-04-25T12:46:50-07:00</time><course>301.0922</course><roll>-13.93626</roll><pitch>-2.039381</pitch><mode /></trkpt><trkpt lat="35.1118395" lon="-118.4795445"><ele>1314.41</ele><time>2026-04-25T12:46:50-07:00</time><course>302.2858</course><roll>-14.23369</roll><pitch>-0.6449731</pitch><mode /></trkpt><trkpt lat="35.111856" lon="-118.4795633"><ele>1314.68</ele><time>2026-04-25T12:46:50-07:00</time><course>302.0378</course><roll>-15.88906</roll><pitch>-1.007696</pitch><mode /></trkpt><trkpt lat="35.1118719" lon="-118.479581"><ele>1314.66</ele><time>2026-04-25T12:46:50-07:00</time><course>304.1092</course><roll>-18.92529</roll><pitch>-0.06381821</pitch><mode /></trkpt><trkpt lat="35.1118888" lon="-118.4795979"><ele>1314.68</ele><time>2026-04-25T12:46:51-07:00</time><course>304.1655</course><roll>-20.60727</roll><pitch>-1.432649</pitch><mode /></trkpt><trkpt lat="35.1119069" lon="-118.4796138"><ele>1314.74</ele><time>2026-04-25T12:46:51-07:00</time><course>304.5978</course><roll>-20.31164</roll><pitch>-1.510457</pitch><mode /></trkpt><trkpt lat="35.1119251" lon="-118.4796291"><ele>1314.69</ele><time>2026-04-25T12:46:51-07:00</time><course>307.9512</course><roll>-21.44933</roll><pitch>-0.8216408</pitch><mode /></trkpt><trkpt lat="35.1119435" lon="-118.4796431"><ele>1314.58</ele><time>2026-04-25T12:46:51-07:00</time><course>308.2442</course><roll>-22.06069</roll><pitch>-1.849295</pitch><mode /></trkpt><trkpt lat="35.111963" lon="-118.4796556"><ele>1314.51</ele><time>2026-04-25T12:46:51-07:00</time><course>309.6016</course><roll>-22.596</roll><pitch>-1.564929</pitch><mode /></trkpt><trkpt lat="35.1119839" lon="-118.4796672"><ele>1314.59</ele><time>2026-04-25T12:46:52-07:00</time><course>310.376</course><roll>-22.31081</roll><pitch>-2.654369</pitch><mode /></trkpt><trkpt lat="35.112005" lon="-118.4796773"><ele>1314.51</ele><time>2026-04-25T12:46:52-07:00</time><course>308.6076</course><roll>-17.51031</roll><pitch>-4.01336</pitch><mode /></trkpt><trkpt lat="35.1120262" lon="-118.4796868"><ele>1314.3</ele><time>2026-04-25T12:46:52-07:00</time><course>313.8683</course><roll>-15.09783</roll><pitch>-1.440771</pitch><mode /></trkpt><trkpt lat="35.1120477" lon="-118.4796949"><ele>1314.19</ele><time>2026-04-25T12:46:52-07:00</time><course>316.4541</course><roll>-17.7475</roll><pitch>-1.519363</pitch><mode /></trkpt><trkpt lat="35.1120697" lon="-118.479702"><ele>1314.11</ele><time>2026-04-25T12:46:52-07:00</time><course>316.6005</course><roll>-18.85352</roll><pitch>-1.847106</pitch><mode /></trkpt><trkpt lat="35.1120922" lon="-118.4797083"><ele>1313.94</ele><time>2026-04-25T12:46:53-07:00</time><course>317.6145</course><roll>-20.44524</roll><pitch>-1.643981</pitch><mode /></trkpt><trkpt lat="35.1121157" lon="-118.4797146"><ele>1313.58</ele><time>2026-04-25T12:46:53-07:00</time><course>319.8975</course><roll>-22.21803</roll><pitch>-2.181777</pitch><mode /></trkpt><trkpt lat="35.1121399" lon="-118.4797204"><ele>1313.24</ele><time>2026-04-25T12:46:53-07:00</time><course>321.9537</course><roll>-24.33405</roll><pitch>-3.004775</pitch><mode /></trkpt><trkpt lat="35.1121648" lon="-118.4797248"><ele>1313.04</ele><time>2026-04-25T12:46:53-07:00</time><course>326.4637</course><roll>-19.83789</roll><pitch>-2.823129</pitch><mode /></trkpt><trkpt lat="35.1121904" lon="-118.479727"><ele>1312.99</ele><time>2026-04-25T12:46:53-07:00</time><course>328.7348</course><roll>-21.14682</roll><pitch>-3.274899</pitch><mode /></trkpt><trkpt lat="35.1122154" lon="-118.4797275"><ele>1312.98</ele><time>2026-04-25T12:46:54-07:00</time><course>329.9655</course><roll>-22.57841</roll><pitch>-3.632767</pitch><mode /></trkpt><trkpt lat="35.1122415" lon="-118.4797271"><ele>1313</ele><time>2026-04-25T12:46:54-07:00</time><course>331.5351</course><roll>-23.22519</roll><pitch>-3.286803</pitch><mode /></trkpt><trkpt lat="35.1122693" lon="-118.4797257"><ele>1313.04</ele><time>2026-04-25T12:46:54-07:00</time><course>335.3918</course><roll>-22.99022</roll><pitch>-2.27863</pitch><mode /></trkpt><trkpt lat="35.1122975" lon="-118.4797234"><ele>1313.1</ele><time>2026-04-25T12:46:54-07:00</time><course>340.49</course><roll>-18.68091</roll><pitch>-0.9724801</pitch><mode /></trkpt><trkpt lat="35.1123266" lon="-118.4797194"><ele>1313.11</ele><time>2026-04-25T12:46:54-07:00</time><course>343.0092</course><roll>-21.4163</roll><pitch>-2.098092</pitch><mode /></trkpt><trkpt lat="35.1123561" lon="-118.4797138"><ele>1313.23</ele><time>2026-04-25T12:46:55-07:00</time><course>344.3152</course><roll>-22.18398</roll><pitch>-3.131224</pitch><mode /></trkpt><trkpt lat="35.1123862" lon="-118.4797066"><ele>1313.47</ele><time>2026-04-25T12:46:55-07:00</time><course>346.3533</course><roll>-22.90913</roll><pitch>-2.091876</pitch><mode /></trkpt><trkpt lat="35.1124161" lon="-118.479697"><ele>1313.9</ele><time>2026-04-25T12:46:55-07:00</time><course>347.4536</course><roll>-28.31742</roll><pitch>-3.013502</pitch><mode /></trkpt><trkpt lat="35.1124455" lon="-118.4796858"><ele>1313.94</ele><time>2026-04-25T12:46:55-07:00</time><course>347.7538</course><roll>-26.39254</roll><pitch>-3.841735</pitch><mode /></trkpt><trkpt lat="35.1124762" lon="-118.4796741"><ele>1314.02</ele><time>2026-04-25T12:46:55-07:00</time><course>351.3042</course><roll>-19.23384</roll><pitch>-2.429332</pitch><mode /></trkpt><trkpt lat="35.1125074" lon="-118.4796622"><ele>1314.04</ele><time>2026-04-25T12:46:56-07:00</time><course>357.6039</course><roll>-25.10598</roll><pitch>-1.476566</pitch><mode /></trkpt><trkpt lat="35.1125388" lon="-118.4796484"><ele>1313.94</ele><time>2026-04-25T12:46:56-07:00</time><course>359.9874</course><roll>-32.75374</roll><pitch>-1.407384</pitch><mode /></trkpt><trkpt lat="35.112571" lon="-118.4796321"><ele>1313.85</ele><time>2026-04-25T12:46:56-07:00</time><course>2.877141</course><roll>-34.31548</roll><pitch>-3.29397</pitch><mode /></trkpt><trkpt lat="35.1126024" lon="-118.479614"><ele>1313.7</ele><time>2026-04-25T12:46:56-07:00</time><course>7.864759</course><roll>-35.87013</roll><pitch>-2.952795</pitch><mode /></trkpt><trkpt lat="35.1126333" lon="-118.479594"><ele>1313.45</ele><time>2026-04-25T12:46:56-07:00</time><course>13.98875</course><roll>-37.88113</roll><pitch>-3.198143</pitch><mode /></trkpt><trkpt lat="35.1126633" lon="-118.479571"><ele>1313.3</ele><time>2026-04-25T12:46:57-07:00</time><course>17.97261</course><roll>-32.25158</roll><pitch>-5.91152</pitch><mode /></trkpt><trkpt lat="35.1126918" lon="-118.4795453"><ele>1312.99</ele><time>2026-04-25T12:46:57-07:00</time><course>22.93968</course><roll>-31.84944</roll><pitch>-4.829498</pitch><mode /></trkpt><trkpt lat="35.1127194" lon="-118.4795171"><ele>1312.82</ele><time>2026-04-25T12:46:57-07:00</time><course>27.85544</course><roll>-35.0131</roll><pitch>-5.274787</pitch><mode /></trkpt><trkpt lat="35.1127456" lon="-118.4794855"><ele>1312.67</ele><time>2026-04-25T12:46:57-07:00</time><course>30.41787</course><roll>-35.32</roll><pitch>-6.112286</pitch><mode /></trkpt><trkpt lat="35.1127709" lon="-118.4794514"><ele>1312.72</ele><time>2026-04-25T12:46:57-07:00</time><course>33.80376</course><roll>-33.02516</roll><pitch>-6.712807</pitch><mode /></trkpt><trkpt lat="35.1127954" lon="-118.4794166"><ele>1312.78</ele><time>2026-04-25T12:46:58-07:00</time><course>39.41647</course><roll>-37.38543</roll><pitch>-5.174332</pitch><mode /></trkpt><trkpt lat="35.1128186" lon="-118.4793801"><ele>1312.81</ele><time>2026-04-25T12:46:58-07:00</time><course>44.18917</course><roll>-36.26812</roll><pitch>-5.832409</pitch><mode /></trkpt><trkpt lat="35.1128393" lon="-118.4793411"><ele>1312.72</ele><time>2026-04-25T12:46:58-07:00</time><course>48.76143</course><roll>-36.10919</roll><pitch>-6.543016</pitch><mode /></trkpt><trkpt lat="35.1128584" lon="-118.4793002"><ele>1312.89</ele><time>2026-04-25T12:46:58-07:00</time><course>51.88612</course><roll>-38.14819</roll><pitch>-6.160038</pitch><mode /></trkpt><trkpt lat="35.112875" lon="-118.4792575"><ele>1312.99</ele><time>2026-04-25T12:46:58-07:00</time><course>56.80622</course><roll>-38.05306</roll><pitch>-6.806899</pitch><mode /></trkpt><trkpt lat="35.1128892" lon="-118.479214"><ele>1313.17</ele><time>2026-04-25T12:46:59-07:00</time><course>61.01356</course><roll>-37.66978</roll><pitch>-6.91075</pitch><mode /></trkpt><trkpt lat="35.1129017" lon="-118.4791694"><ele>1313.19</ele><time>2026-04-25T12:46:59-07:00</time><course>66.51231</course><roll>-39.85971</roll><pitch>-5.681597</pitch><mode /></trkpt><trkpt lat="35.1129118" lon="-118.4791234"><ele>1313.36</ele><time>2026-04-25T12:46:59-07:00</time><course>70.59807</course><roll>-40.7375</roll><pitch>-6.153027</pitch><mode /></trkpt><trkpt lat="35.1129202" lon="-118.4790773"><ele>1313.45</ele><time>2026-04-25T12:46:59-07:00</time><course>74.31454</course><roll>-39.65532</roll><pitch>-6.970645</pitch><mode /></trkpt><trkpt lat="35.1129258" lon="-118.4790313"><ele>1313.62</ele><time>2026-04-25T12:46:59-07:00</time><course>79.25982</course><roll>-47.57629</roll><pitch>-8.256513</pitch><mode /></trkpt><trkpt lat="35.1129277" lon="-118.4789839"><ele>1313.92</ele><time>2026-04-25T12:47:00-07:00</time><course>84.56681</course><roll>-49.37085</roll><pitch>-9.133027</pitch><mode /></trkpt><trkpt lat="35.1129265" lon="-118.478937"><ele>1314.29</ele><time>2026-04-25T12:47:00-07:00</time><course>88.91927</course><roll>-43.72956</roll><pitch>-10.44431</pitch><mode /></trkpt><trkpt lat="35.1129222" lon="-118.4788907"><ele>1314.65</ele><time>2026-04-25T12:47:00-07:00</time><course>95.89643</course><roll>-40.22602</roll><pitch>-7.718333</pitch><mode /></trkpt><trkpt lat="35.1129159" lon="-118.4788453"><ele>1314.86</ele><time>2026-04-25T12:47:00-07:00</time><course>98.95172</course><roll>-35.33336</roll><pitch>-8.444203</pitch><mode /></trkpt><trkpt lat="35.1129082" lon="-118.4788006"><ele>1315.14</ele><time>2026-04-25T12:47:00-07:00</time><course>103.1493</course><roll>-32.92996</roll><pitch>-6.381313</pitch><mode /></trkpt><trkpt lat="35.1128996" lon="-118.4787561"><ele>1315.24</ele><time>2026-04-25T12:47:01-07:00</time><course>109.2366</course><roll>-29.97969</roll><pitch>-2.903955</pitch><mode /></trkpt><trkpt lat="35.1128893" lon="-118.4787123"><ele>1315.29</ele><time>2026-04-25T12:47:01-07:00</time><course>113.524</course><roll>-30.1426</roll><pitch>-2.159359</pitch><mode /></trkpt><trkpt lat="35.1128775" lon="-118.4786696"><ele>1315.16</ele><time>2026-04-25T12:47:01-07:00</time><course>116.6738</course><roll>-30.83174</roll><pitch>-3.007377</pitch><mode /></trkpt><trkpt lat="35.1128643" lon="-118.478627"><ele>1315.05</ele><time>2026-04-25T12:47:01-07:00</time><course>121.2259</course><roll>-33.56672</roll><pitch>-2.596673</pitch><mode /></trkpt><trkpt lat="35.11285" lon="-118.4785859"><ele>1314.62</ele><time>2026-04-25T12:47:01-07:00</time><course>123.6883</course><roll>-32.91358</roll><pitch>-4.189727</pitch><mode /></trkpt><trkpt lat="35.1128346" lon="-118.4785462"><ele>1314.36</ele><time>2026-04-25T12:47:02-07:00</time><course>128.1731</course><roll>-31.91707</roll><pitch>-3.449681</pitch><mode /></trkpt><trkpt lat="35.1128178" lon="-118.4785078"><ele>1313.95</ele><time>2026-04-25T12:47:02-07:00</time><course>133.9681</course><roll>-33.2522</roll><pitch>-2.765675</pitch><mode /></trkpt><trkpt lat="35.1127996" lon="-118.4784711"><ele>1313.61</ele><time>2026-04-25T12:47:02-07:00</time><course>138.1638</course><roll>-32.97605</roll><pitch>-3.353977</pitch><mode /></trkpt><trkpt lat="35.1127805" lon="-118.4784363"><ele>1313.32</ele><time>2026-04-25T12:47:02-07:00</time><course>143.9196</course><roll>-32.41747</roll><pitch>-3.927948</pitch><mode /></trkpt><trkpt lat="35.1127606" lon="-118.4784041"><ele>1312.88</ele><time>2026-04-25T12:47:02-07:00</time><course>148.5029</course><roll>-32.2687</roll><pitch>-5.380885</pitch><mode /></trkpt><trkpt lat="35.11274" lon="-118.4783745"><ele>1312.66</ele><time>2026-04-25T12:47:03-07:00</time><course>152.7781</course><roll>-33.5668</roll><pitch>-6.815729</pitch><mode /></trkpt><trkpt lat="35.1127184" lon="-118.4783471"><ele>1312.7</ele><time>2026-04-25T12:47:03-07:00</time><course>154.0741</course><roll>-29.74322</roll><pitch>-9.72855</pitch><mode /></trkpt><trkpt lat="35.1126967" lon="-118.4783214"><ele>1312.49</ele><time>2026-04-25T12:47:03-07:00</time><course>157.3289</course><roll>-31.81289</roll><pitch>-9.597053</pitch><mode /></trkpt><trkpt lat="35.112674" lon="-118.4782973"><ele>1312.41</ele><time>2026-04-25T12:47:03-07:00</time><course>159.3363</course><roll>-29.80747</roll><pitch>-10.47611</pitch><mode /></trkpt><trkpt lat="35.1126506" lon="-118.4782744"><ele>1312.33</ele><time>2026-04-25T12:47:03-07:00</time><course>162.8988</course><roll>-34.22386</roll><pitch>-10.68275</pitch><mode /></trkpt><trkpt lat="35.1126267" lon="-118.4782537"><ele>1312.36</ele><time>2026-04-25T12:47:04-07:00</time><course>163.8454</course><roll>-29.81143</roll><pitch>-11.66509</pitch><mode /></trkpt><trkpt lat="35.1126028" lon="-118.4782352"><ele>1312.48</ele><time>2026-04-25T12:47:04-07:00</time><course>166.1544</course><roll>-25.60702</roll><pitch>-11.02329</pitch><mode /></trkpt><trkpt lat="35.1125787" lon="-118.4782172"><ele>1312.39</ele><time>2026-04-25T12:47:04-07:00</time><course>172.0702</course><roll>-22.17849</roll><pitch>-8.385036</pitch><mode /></trkpt><trkpt lat="35.1125548" lon="-118.4782004"><ele>1312.29</ele><time>2026-04-25T12:47:04-07:00</time><course>176.1636</course><roll>-20.6196</roll><pitch>-6.520626</pitch><mode /></trkpt><trkpt lat="35.1125306" lon="-118.478185"><ele>1312.01</ele><time>2026-04-25T12:47:04-07:00</time><course>180.0193</course><roll>-21.2156</roll><pitch>-5.769541</pitch><mode /></trkpt><trkpt lat="35.1125057" lon="-118.4781702"><ele>1311.82</ele><time>2026-04-25T12:47:05-07:00</time><course>181.9265</course><roll>-18.59749</roll><pitch>-7.155535</pitch><mode /></trkpt><trkpt lat="35.1124809" lon="-118.4781577"><ele>1311.71</ele><time>2026-04-25T12:47:05-07:00</time><course>181.0448</course><roll>-16.74085</roll><pitch>-8.299945</pitch><mode /></trkpt><trkpt lat="35.1124561" lon="-118.4781462"><ele>1311.8</ele><time>2026-04-25T12:47:05-07:00</time><course>183.6503</course><roll>-15.75775</roll><pitch>-6.552163</pitch><mode /></trkpt><trkpt lat="35.112431" lon="-118.4781348"><ele>1311.79</ele><time>2026-04-25T12:47:05-07:00</time><course>188.0895</course><roll>-18.48442</roll><pitch>-5.107384</pitch><mode /></trkpt><trkpt lat="35.1124065" lon="-118.478125"><ele>1311.87</ele><time>2026-04-25T12:47:05-07:00</time><course>190.1665</course><roll>-20.08865</roll><pitch>-5.958976</pitch><mode /></trkpt><trkpt lat="35.1123813" lon="-118.4781159"><ele>1311.75</ele><time>2026-04-25T12:47:06-07:00</time><course>190.7171</course><roll>-19.50534</roll><pitch>-6.801085</pitch><mode /></trkpt><trkpt lat="35.1123561" lon="-118.4781087"><ele>1311.83</ele><time>2026-04-25T12:47:06-07:00</time><course>191.5663</course><roll>-15.75957</roll><pitch>-7.33366</pitch><mode /></trkpt><trkpt lat="35.1123309" lon="-118.4781031"><ele>1312.12</ele><time>2026-04-25T12:47:06-07:00</time><course>192.9273</course><roll>-15.97283</roll><pitch>-5.730551</pitch><mode /></trkpt><trkpt lat="35.112306" lon="-118.4780985"><ele>1312.58</ele><time>2026-04-25T12:47:06-07:00</time><course>193.5002</course><roll>-16.29158</roll><pitch>-5.116336</pitch><mode /></trkpt><trkpt lat="35.1122821" lon="-118.4780949"><ele>1313.06</ele><time>2026-04-25T12:47:06-07:00</time><course>194.444</course><roll>-18.05466</roll><pitch>-4.101414</pitch><mode /></trkpt><trkpt lat="35.1122569" lon="-118.478091"><ele>1313.07</ele><time>2026-04-25T12:47:07-07:00</time><course>198.9321</course><roll>-21.39263</roll><pitch>-2.496619</pitch><mode /></trkpt><trkpt lat="35.1122319" lon="-118.4780877"><ele>1313</ele><time>2026-04-25T12:47:07-07:00</time><course>202.9769</course><roll>-27.84219</roll><pitch>-3.255182</pitch><mode /></trkpt><trkpt lat="35.1122072" lon="-118.478087"><ele>1312.78</ele><time>2026-04-25T12:47:07-07:00</time><course>203.5744</course><roll>-25.77272</roll><pitch>-6.226335</pitch><mode /></trkpt><trkpt lat="35.112183" lon="-118.4780882"><ele>1312.72</ele><time>2026-04-25T12:47:07-07:00</time><course>206.0542</course><roll>-27.36734</roll><pitch>-6.764928</pitch><mode /></trkpt><trkpt lat="35.1121594" lon="-118.4780907"><ele>1312.63</ele><time>2026-04-25T12:47:07-07:00</time><course>205.8898</course><roll>-23.49095</roll><pitch>-8.550095</pitch><mode /></trkpt><trkpt lat="35.1121363" lon="-118.4780938"><ele>1312.68</ele><time>2026-04-25T12:47:08-07:00</time><course>210.4986</course><roll>-23.164</roll><pitch>-6.616144</pitch><mode /></trkpt><trkpt lat="35.1121138" lon="-118.4780984"><ele>1312.75</ele><time>2026-04-25T12:47:08-07:00</time><course>210.4804</course><roll>-22.19127</roll><pitch>-6.704369</pitch><mode /></trkpt><trkpt lat="35.1120916" lon="-118.4781045"><ele>1312.74</ele><time>2026-04-25T12:47:08-07:00</time><course>213.9389</course><roll>-19.83617</roll><pitch>-6.070239</pitch><mode /></trkpt><trkpt lat="35.1120702" lon="-118.4781101"><ele>1312.75</ele><time>2026-04-25T12:47:08-07:00</time><course>216.9465</course><roll>-20.00025</roll><pitch>-6.379749</pitch><mode /></trkpt><trkpt lat="35.1120493" lon="-118.478117"><ele>1312.79</ele><time>2026-04-25T12:47:08-07:00</time><course>219.2898</course><roll>-20.54905</roll><pitch>-5.839476</pitch><mode /></trkpt><trkpt lat="35.1120292" lon="-118.4781246"><ele>1312.84</ele><time>2026-04-25T12:47:09-07:00</time><course>221.948</course><roll>-17.8156</roll><pitch>-5.623708</pitch><mode /></trkpt><trkpt lat="35.1120095" lon="-118.4781328"><ele>1312.88</ele><time>2026-04-25T12:47:09-07:00</time><course>223.9032</course><roll>-15.15768</roll><pitch>-5.709937</pitch><mode /></trkpt><trkpt lat="35.1119902" lon="-118.4781425"><ele>1313.04</ele><time>2026-04-25T12:47:09-07:00</time><course>226.353</course><roll>-15.40308</roll><pitch>-4.424546</pitch><mode /></trkpt><trkpt lat="35.1119711" lon="-118.4781521"><ele>1313.26</ele><time>2026-04-25T12:47:09-07:00</time><course>227.493</course><roll>-17.32571</roll><pitch>-3.932942</pitch><mode /></trkpt><trkpt lat="35.1119529" lon="-118.478163"><ele>1313.26</ele><time>2026-04-25T12:47:09-07:00</time><course>225.6888</course><roll>-15.59509</roll><pitch>-4.440904</pitch><mode /></trkpt><trkpt lat="35.1119352" lon="-118.4781747"><ele>1313.24</ele><time>2026-04-25T12:47:10-07:00</time><course>227.1</course><roll>-12.93587</roll><pitch>-3.905458</pitch><mode /></trkpt><trkpt lat="35.111917" lon="-118.4781862"><ele>1313.3</ele><time>2026-04-25T12:47:10-07:00</time><course>232.08</course><roll>-14.79513</roll><pitch>-2.568188</pitch><mode /></trkpt><trkpt lat="35.1118995" lon="-118.4781982"><ele>1313.27</ele><time>2026-04-25T12:47:10-07:00</time><course>233.2342</course><roll>-14.97079</roll><pitch>-3.316631</pitch><mode /></trkpt><trkpt lat="35.1118825" lon="-118.4782109"><ele>1313.22</ele><time>2026-04-25T12:47:10-07:00</time><course>234.6292</course><roll>-14.30903</roll><pitch>-3.9686</pitch><mode /></trkpt><trkpt lat="35.1118664" lon="-118.4782243"><ele>1313.23</ele><time>2026-04-25T12:47:10-07:00</time><course>234.6234</course><roll>-13.619</roll><pitch>-4.084617</pitch><mode /></trkpt><trkpt lat="35.1118506" lon="-118.4782378"><ele>1313.26</ele><time>2026-04-25T12:47:11-07:00</time><course>238.3291</course><roll>-13.29752</roll><pitch>-2.888613</pitch><mode /></trkpt><trkpt lat="35.1118354" lon="-118.4782518"><ele>1313.28</ele><time>2026-04-25T12:47:11-07:00</time><course>239.094</course><roll>-12.40269</roll><pitch>-2.999185</pitch><mode /></trkpt><trkpt lat="35.1118208" lon="-118.478266"><ele>1313.36</ele><time>2026-04-25T12:47:11-07:00</time><course>239.6612</course><roll>-13.8572</roll><pitch>-3.151675</pitch><mode /></trkpt><trkpt lat="35.1118063" lon="-118.4782814"><ele>1313.51</ele><time>2026-04-25T12:47:11-07:00</time><course>238.6714</course><roll>-12.77695</roll><pitch>-3.165634</pitch><mode /></trkpt><trkpt lat="35.111792" lon="-118.478297"><ele>1313.75</ele><time>2026-04-25T12:47:11-07:00</time><course>238.8265</course><roll>-12.45545</roll><pitch>-2.006837</pitch><mode /></trkpt><trkpt lat="35.1117779" lon="-118.478313"><ele>1313.9</ele><time>2026-04-25T12:47:12-07:00</time><course>239.4941</course><roll>-12.25851</roll><pitch>-1.315992</pitch><mode /></trkpt><trkpt lat="35.1117648" lon="-118.4783301"><ele>1314.03</ele><time>2026-04-25T12:47:12-07:00</time><course>238.7599</course><roll>-9.294339</roll><pitch>-1.313592</pitch><mode /></trkpt><trkpt lat="35.111752" lon="-118.4783468"><ele>1314.2</ele><time>2026-04-25T12:47:12-07:00</time><course>240.4805</course><roll>-8.429285</roll><pitch>-0.5982754</pitch><mode /></trkpt><trkpt lat="35.1117398" lon="-118.4783639"><ele>1314.46</ele><time>2026-04-25T12:47:12-07:00</time><course>238.6182</course><roll>-6.743029</roll><pitch>-0.4541175</pitch><mode /></trkpt><trkpt lat="35.1117275" lon="-118.4783819"><ele>1314.64</ele><time>2026-04-25T12:47:12-07:00</time><course>239.1589</course><roll>-5.397017</roll><pitch>1.583455</pitch><mode /></trkpt><trkpt lat="35.1117141" lon="-118.4783994"><ele>1314.71</ele><time>2026-04-25T12:47:13-07:00</time><course>246.774</course><roll>-9.612487</roll><pitch>3.223848</pitch><mode /></trkpt><trkpt lat="35.1117007" lon="-118.4784166"><ele>1314.41</ele><time>2026-04-25T12:47:13-07:00</time><course>244.8473</course><roll>-10.80761</roll><pitch>1.237882</pitch><mode /></trkpt><trkpt lat="35.1116887" lon="-118.4784348"><ele>1313.98</ele><time>2026-04-25T12:47:13-07:00</time><course>243.4523</course><roll>-11.00147</roll><pitch>-0.7900887</pitch><mode /></trkpt><trkpt lat="35.1116769" lon="-118.4784536"><ele>1313.68</ele><time>2026-04-25T12:47:13-07:00</time><course>247.2217</course><roll>-11.52851</roll><pitch>-0.7346306</pitch><mode /></trkpt><trkpt lat="35.1116652" lon="-118.4784722"><ele>1313.33</ele><time>2026-04-25T12:47:13-07:00</time><course>251.6483</course><roll>-15.12885</roll><pitch>-1.338817</pitch><mode /></trkpt><trkpt lat="35.1116546" lon="-118.4784911"><ele>1313.04</ele><time>2026-04-25T12:47:14-07:00</time><course>250.8155</course><roll>-14.95623</roll><pitch>-3.781659</pitch><mode /></trkpt><trkpt lat="35.1116459" lon="-118.4785107"><ele>1312.93</ele><time>2026-04-25T12:47:14-07:00</time><course>249.6319</course><roll>-11.3058</roll><pitch>-3.693107</pitch><mode /></trkpt><trkpt lat="35.1116374" lon="-118.4785304"><ele>1312.81</ele><time>2026-04-25T12:47:14-07:00</time><course>252.8732</course><roll>-10.30841</roll><pitch>-2.781008</pitch><mode /></trkpt><trkpt lat="35.1116288" lon="-118.4785503"><ele>1312.8</ele><time>2026-04-25T12:47:14-07:00</time><course>256.7553</course><roll>-12.71363</roll><pitch>-1.563371</pitch><mode /></trkpt><trkpt lat="35.1116215" lon="-118.47857"><ele>1312.81</ele><time>2026-04-25T12:47:14-07:00</time><course>254.4164</course><roll>-12.15316</roll><pitch>-2.494881</pitch><mode /></trkpt><trkpt lat="35.1116155" lon="-118.4785905"><ele>1312.89</ele><time>2026-04-25T12:47:15-07:00</time><course>252.8667</course><roll>-5.300088</roll><pitch>-2.178082</pitch><mode /></trkpt><trkpt lat="35.1116092" lon="-118.4786108"><ele>1312.82</ele><time>2026-04-25T12:47:15-07:00</time><course>255.912</course><roll>8.063606</roll><pitch>-1.727717</pitch><mode /></trkpt><trkpt lat="35.1116028" lon="-118.4786306"><ele>1312.73</ele><time>2026-04-25T12:47:15-07:00</time><course>254.4188</course><roll>11.0207</roll><pitch>-5.662083</pitch><mode /></trkpt><trkpt lat="35.1115961" lon="-118.47865"><ele>1312.78</ele><time>2026-04-25T12:47:15-07:00</time><course>251.6979</course><roll>7.865186</roll><pitch>-7.443067</pitch><mode /></trkpt><trkpt lat="35.1115884" lon="-118.4786691"><ele>1313.04</ele><time>2026-04-25T12:47:15-07:00</time><course>253.2491</course><roll>0.8970779</roll><pitch>-7.172478</pitch><mode /></trkpt><trkpt lat="35.1115808" lon="-118.4786882"><ele>1313.19</ele><time>2026-04-25T12:47:16-07:00</time><course>253.0911</course><roll>-5.221728</roll><pitch>-3.915253</pitch><mode /></trkpt><trkpt lat="35.1115736" lon="-118.4787071"><ele>1313.27</ele><time>2026-04-25T12:47:16-07:00</time><course>254.8321</course><roll>-8.904634</roll><pitch>-1.518277</pitch><mode /></trkpt><trkpt lat="35.1115661" lon="-118.4787259"><ele>1313.15</ele><time>2026-04-25T12:47:16-07:00</time><course>258.937</course><roll>-13.38001</roll><pitch>0.8422164</pitch><mode /></trkpt><trkpt lat="35.1115594" lon="-118.4787452"><ele>1312.97</ele><time>2026-04-25T12:47:16-07:00</time><course>260.4588</course><roll>-11.51719</roll><pitch>0.7143213</pitch><mode /></trkpt><trkpt lat="35.1115541" lon="-118.4787653"><ele>1312.82</ele><time>2026-04-25T12:47:16-07:00</time><course>259.6631</course><roll>-10.56472</roll><pitch>-1.38728</pitch><mode /></trkpt><trkpt lat="35.1115501" lon="-118.4787863"><ele>1312.91</ele><time>2026-04-25T12:47:17-07:00</time><course>257.009</course><roll>-14.25679</roll><pitch>-1.001115</pitch><mode /></trkpt><trkpt lat="35.1115463" lon="-118.4788079"><ele>1312.99</ele><time>2026-04-25T12:47:17-07:00</time><course>259.3076</course><roll>-16.44959</roll><pitch>0.4928479</pitch><mode /></trkpt><trkpt lat="35.1115425" lon="-118.4788298"><ele>1313</ele><time>2026-04-25T12:47:17-07:00</time><course>263.4997</course><roll>-17.01525</roll><pitch>2.061554</pitch><mode /></trkpt><trkpt lat="35.11154" lon="-118.4788521"><ele>1312.88</ele><time>2026-04-25T12:47:17-07:00</time><course>266.974</course><roll>-23.22756</roll><pitch>1.857654</pitch><mode /></trkpt><trkpt lat="35.1115386" lon="-118.4788745"><ele>1312.75</ele><time>2026-04-25T12:47:17-07:00</time><course>265.1182</course><roll>-28.01146</roll><pitch>-2.088269</pitch><mode /></trkpt><trkpt lat="35.1115391" lon="-118.4788972"><ele>1312.71</ele><time>2026-04-25T12:47:18-07:00</time><course>267.129</course><roll>-22.68637</roll><pitch>-3.073115</pitch><mode /></trkpt><trkpt lat="35.1115404" lon="-118.4789199"><ele>1312.83</ele><time>2026-04-25T12:47:18-07:00</time><course>272.2409</course><roll>-27.9779</roll><pitch>-0.9863715</pitch><mode /></trkpt><trkpt lat="35.111543" lon="-118.4789421"><ele>1312.61</ele><time>2026-04-25T12:47:18-07:00</time><course>274.8777</course><roll>-24.04664</roll><pitch>-2.505282</pitch><mode /></trkpt><trkpt lat="35.1115471" lon="-118.4789629"><ele>1312.59</ele><time>2026-04-25T12:47:18-07:00</time><course>278.6684</course><roll>-20.4524</roll><pitch>-2.297902</pitch><mode /></trkpt><trkpt lat="35.1115527" lon="-118.4789832"><ele>1312.68</ele><time>2026-04-25T12:47:18-07:00</time><course>279.9312</course><roll>-18.12151</roll><pitch>-2.727481</pitch><mode /></trkpt><trkpt lat="35.1115592" lon="-118.4790024"><ele>1312.8</ele><time>2026-04-25T12:47:19-07:00</time><course>282.4311</course><roll>-14.69713</roll><pitch>-1.600909</pitch><mode /></trkpt><trkpt lat="35.1115659" lon="-118.4790215"><ele>1312.74</ele><time>2026-04-25T12:47:19-07:00</time><course>282.0995</course><roll>-11.44552</roll><pitch>-1.522533</pitch><mode /></trkpt><trkpt lat="35.1115728" lon="-118.4790394"><ele>1312.8</ele><time>2026-04-25T12:47:19-07:00</time><course>283.0469</course><roll>-8.873866</roll><pitch>-0.8146694</pitch><mode /></trkpt><trkpt lat="35.1115802" lon="-118.4790567"><ele>1312.85</ele><time>2026-04-25T12:47:19-07:00</time><course>284.1068</course><roll>-8.574099</roll><pitch>-0.3533956</pitch><mode /></trkpt><trkpt lat="35.1115875" lon="-118.4790743"><ele>1312.77</ele><time>2026-04-25T12:47:19-07:00</time><course>283.3058</course><roll>-8.653487</roll><pitch>-0.3914527</pitch><mode /></trkpt><trkpt lat="35.111595" lon="-118.4790919"><ele>1312.53</ele><time>2026-04-25T12:47:20-07:00</time><course>282.935</course><roll>-5.488909</roll><pitch>-0.1023562</pitch><mode /></trkpt><trkpt lat="35.1116024" lon="-118.4791088"><ele>1312.37</ele><time>2026-04-25T12:47:20-07:00</time><course>285.3226</course><roll>-5.266055</roll><pitch>0.06381328</pitch><mode /></trkpt><trkpt lat="35.11161" lon="-118.4791261"><ele>1312.03</ele><time>2026-04-25T12:47:20-07:00</time><course>283.764</course><roll>-3.902141</roll><pitch>-1.301339</pitch><mode /></trkpt><trkpt lat="35.1116174" lon="-118.4791428"><ele>1311.73</ele><time>2026-04-25T12:47:20-07:00</time><course>284.2255</course><roll>-3.300112</roll><pitch>-1.814844</pitch><mode /></trkpt><trkpt lat="35.1116247" lon="-118.4791594"><ele>1311.49</ele><time>2026-04-25T12:47:20-07:00</time><course>284.7505</course><roll>-2.924353</roll><pitch>-2.006384</pitch><mode /></trkpt><trkpt lat="35.1116323" lon="-118.4791768"><ele>1311.23</ele><time>2026-04-25T12:47:21-07:00</time><course>287.4647</course><roll>-2.426668</roll><pitch>-2.935526</pitch><mode /></trkpt><trkpt lat="35.1116402" lon="-118.4791938"><ele>1311.18</ele><time>2026-04-25T12:47:21-07:00</time><course>284.425</course><roll>-0.08532318</roll><pitch>-2.820276</pitch><mode /></trkpt><trkpt lat="35.111648" lon="-118.4792096"><ele>1311.31</ele><time>2026-04-25T12:47:21-07:00</time><course>283.3863</course><roll>-1.300059</roll><pitch>-2.921491</pitch><mode /></trkpt><trkpt lat="35.1116553" lon="-118.4792245"><ele>1311.43</ele><time>2026-04-25T12:47:21-07:00</time><course>281.9573</course><roll>2.441525</roll><pitch>-3.046762</pitch><mode /></trkpt><trkpt lat="35.1116629" lon="-118.4792394"><ele>1311.45</ele><time>2026-04-25T12:47:21-07:00</time><course>280.6436</course><roll>2.097951</roll><pitch>-3.157167</pitch><mode /></trkpt><trkpt lat="35.1116701" lon="-118.4792542"><ele>1311.47</ele><time>2026-04-25T12:47:22-07:00</time><course>278.6873</course><roll>-3.301265</roll><pitch>-2.951648</pitch><mode /></trkpt><trkpt lat="35.1116768" lon="-118.4792675"><ele>1311.63</ele><time>2026-04-25T12:47:22-07:00</time><course>277.1203</course><roll>-4.565382</roll><pitch>-2.269968</pitch><mode /></trkpt><trkpt lat="35.1116842" lon="-118.4792812"><ele>1311.79</ele><time>2026-04-25T12:47:22-07:00</time><course>275.7465</course><roll>-8.18306</roll><pitch>-1.16163</pitch><mode /></trkpt><trkpt lat="35.1116918" lon="-118.4792952"><ele>1311.91</ele><time>2026-04-25T12:47:22-07:00</time><course>278.4376</course><roll>-5.598739</roll><pitch>-0.5473533</pitch><mode /></trkpt><trkpt lat="35.1116994" lon="-118.4793091"><ele>1311.84</ele><time>2026-04-25T12:47:22-07:00</time><course>281.0628</course><roll>-3.856649</roll><pitch>-0.7030172</pitch><mode /></trkpt><trkpt lat="35.111707" lon="-118.4793237"><ele>1311.58</ele><time>2026-04-25T12:47:23-07:00</time><course>287.2342</course><roll>-7.097911</roll><pitch>-1.464557</pitch><mode /></trkpt><trkpt lat="35.1117145" lon="-118.4793382"><ele>1311.37</ele><time>2026-04-25T12:47:23-07:00</time><course>287.1243</course><roll>-6.726604</roll><pitch>-2.832344</pitch><mode /></trkpt><trkpt lat="35.1117225" lon="-118.4793526"><ele>1311.21</ele><time>2026-04-25T12:47:23-07:00</time><course>288.3376</course><roll>-6.288794</roll><pitch>-3.059287</pitch><mode /></trkpt><trkpt lat="35.1117305" lon="-118.4793667"><ele>1311.09</ele><time>2026-04-25T12:47:23-07:00</time><course>288.851</course><roll>-8.120603</roll><pitch>-4.10011</pitch><mode /></trkpt><trkpt lat="35.1117393" lon="-118.4793803"><ele>1310.98</ele><time>2026-04-25T12:47:23-07:00</time><course>287.0719</course><roll>-6.547441</roll><pitch>-4.823347</pitch><mode /></trkpt><trkpt lat="35.1117483" lon="-118.4793935"><ele>1310.99</ele><time>2026-04-25T12:47:24-07:00</time><course>288.0245</course><roll>-8.219032</roll><pitch>-4.281678</pitch><mode /></trkpt><trkpt lat="35.1117574" lon="-118.4794065"><ele>1310.98</ele><time>2026-04-25T12:47:24-07:00</time><course>287.8877</course><roll>-7.325953</roll><pitch>-4.356027</pitch><mode /></trkpt><trkpt lat="35.1117672" lon="-118.4794188"><ele>1311.09</ele><time>2026-04-25T12:47:24-07:00</time><course>284.4093</course><roll>-6.982193</roll><pitch>-5.256374</pitch><mode /></trkpt><trkpt lat="35.1117774" lon="-118.4794306"><ele>1311.24</ele><time>2026-04-25T12:47:24-07:00</time><course>282.819</course><roll>-7.315229</roll><pitch>-4.666726</pitch><mode /></trkpt><trkpt lat="35.1117871" lon="-118.4794422"><ele>1311.35</ele><time>2026-04-25T12:47:24-07:00</time><course>283.5777</course><roll>-6.269946</roll><pitch>-3.2968</pitch><mode /></trkpt><trkpt lat="35.1117968" lon="-118.4794535"><ele>1311.58</ele><time>2026-04-25T12:47:25-07:00</time><course>283.9876</course><roll>-7.812306</roll><pitch>-1.921211</pitch><mode /></trkpt><trkpt lat="35.1118069" lon="-118.479465"><ele>1311.62</ele><time>2026-04-25T12:47:25-07:00</time><course>283.1866</course><roll>-7.822505</roll><pitch>-2.250435</pitch><mode /></trkpt><trkpt lat="35.1118172" lon="-118.4794764"><ele>1311.53</ele><time>2026-04-25T12:47:25-07:00</time><course>283.62</course><roll>-4.704286</roll><pitch>-2.494254</pitch><mode /></trkpt><trkpt lat="35.1118276" lon="-118.479488"><ele>1311.48</ele><time>2026-04-25T12:47:25-07:00</time><course>284.7582</course><roll>-10.65846</roll><pitch>-2.763621</pitch><mode /></trkpt><trkpt lat="35.1118386" lon="-118.4795004"><ele>1311.4</ele><time>2026-04-25T12:47:25-07:00</time><course>285.9583</course><roll>-10.86744</roll><pitch>-2.94561</pitch><mode /></trkpt><trkpt lat="35.1118499" lon="-118.4795125"><ele>1311.36</ele><time>2026-04-25T12:47:26-07:00</time><course>288.8588</course><roll>-7.499189</roll><pitch>-2.620515</pitch><mode /></trkpt><trkpt lat="35.1118611" lon="-118.4795249"><ele>1311.23</ele><time>2026-04-25T12:47:26-07:00</time><course>291.3326</course><roll>-8.704203</roll><pitch>-2.628295</pitch><mode /></trkpt><trkpt lat="35.1118731" lon="-118.4795373"><ele>1311.09</ele><time>2026-04-25T12:47:26-07:00</time><course>291.0002</course><roll>-9.770717</roll><pitch>-3.375638</pitch><mode /></trkpt><trkpt lat="35.1118858" lon="-118.4795502"><ele>1310.83</ele><time>2026-04-25T12:47:26-07:00</time><course>291.1278</course><roll>-10.04382</roll><pitch>-3.889205</pitch><mode /></trkpt><trkpt lat="35.1118985" lon="-118.4795635"><ele>1310.45</ele><time>2026-04-25T12:47:26-07:00</time><course>295.0745</course><roll>-9.503117</roll><pitch>-3.355306</pitch><mode /></trkpt><trkpt lat="35.111911" lon="-118.4795762"><ele>1310.1</ele><time>2026-04-25T12:47:27-07:00</time><course>300.0678</course><roll>-12.60061</roll><pitch>-4.624779</pitch><mode /></trkpt><trkpt lat="35.1119246" lon="-118.4795879"><ele>1309.98</ele><time>2026-04-25T12:47:27-07:00</time><course>299.1487</course><roll>-12.75477</roll><pitch>-5.736168</pitch><mode /></trkpt><trkpt lat="35.1119393" lon="-118.4795989"><ele>1309.99</ele><time>2026-04-25T12:47:27-07:00</time><course>299.0253</course><roll>-13.75651</roll><pitch>-6.247581</pitch><mode /></trkpt><trkpt lat="35.1119543" lon="-118.4796096"><ele>1310.01</ele><time>2026-04-25T12:47:27-07:00</time><course>298.8037</course><roll>-14.69055</roll><pitch>-6.351041</pitch><mode /></trkpt><trkpt lat="35.1119696" lon="-118.4796198"><ele>1310</ele><time>2026-04-25T12:47:27-07:00</time><course>298.8616</course><roll>-14.04791</roll><pitch>-6.472236</pitch><mode /></trkpt><trkpt lat="35.1119852" lon="-118.4796293"><ele>1309.89</ele><time>2026-04-25T12:47:28-07:00</time><course>302.8587</course><roll>-14.70531</roll><pitch>-5.643766</pitch><mode /></trkpt><trkpt lat="35.1120014" lon="-118.4796382"><ele>1309.85</ele><time>2026-04-25T12:47:28-07:00</time><course>305.2157</course><roll>-15.00793</roll><pitch>-5.192484</pitch><mode /></trkpt><trkpt lat="35.112018" lon="-118.4796462"><ele>1309.99</ele><time>2026-04-25T12:47:28-07:00</time><course>307.3716</course><roll>-7.133055</roll><pitch>-5.088694</pitch><mode /></trkpt><trkpt lat="35.1120353" lon="-118.4796538"><ele>1310.27</ele><time>2026-04-25T12:47:28-07:00</time><course>305.1793</course><roll>-11.0099</roll><pitch>-3.952899</pitch><mode /></trkpt><trkpt lat="35.112053" lon="-118.4796613"><ele>1310.57</ele><time>2026-04-25T12:47:28-07:00</time><course>307.7299</course><roll>-10.54414</roll><pitch>-2.27844</pitch><mode /></trkpt><trkpt lat="35.1120711" lon="-118.4796688"><ele>1310.72</ele><time>2026-04-25T12:47:29-07:00</time><course>310.8033</course><roll>-8.672586</roll><pitch>-2.306518</pitch><mode /></trkpt><trkpt lat="35.1120891" lon="-118.4796765"><ele>1310.57</ele><time>2026-04-25T12:47:29-07:00</time><course>310.6147</course><roll>-7.859143</roll><pitch>-3.276567</pitch><mode /></trkpt><trkpt lat="35.1121079" lon="-118.4796839"><ele>1310.5</ele><time>2026-04-25T12:47:29-07:00</time><course>310.3895</course><roll>-8.945436</roll><pitch>-3.563976</pitch><mode /></trkpt><trkpt lat="35.112127" lon="-118.4796902"><ele>1310.42</ele><time>2026-04-25T12:47:29-07:00</time><course>315.4351</course><roll>-6.887537</roll><pitch>-3.327586</pitch><mode /></trkpt><trkpt lat="35.1121457" lon="-118.479696"><ele>1310.25</ele><time>2026-04-25T12:47:29-07:00</time><course>318.5322</course><roll>-8.821438</roll><pitch>-3.583633</pitch><mode /></trkpt><trkpt lat="35.1121652" lon="-118.4797013"><ele>1310.02</ele><time>2026-04-25T12:47:30-07:00</time><course>317.9068</course><roll>-16.25774</roll><pitch>-5.113309</pitch><mode /></trkpt><trkpt lat="35.1121856" lon="-118.479706"><ele>1309.85</ele><time>2026-04-25T12:47:30-07:00</time><course>317.4869</course><roll>-16.52799</roll><pitch>-5.090154</pitch><mode /></trkpt><trkpt lat="35.1122066" lon="-118.47971"><ele>1309.64</ele><time>2026-04-25T12:47:30-07:00</time><course>320.2781</course><roll>-18.05316</roll><pitch>-4.488976</pitch><mode /></trkpt><trkpt lat="35.1122282" lon="-118.4797127"><ele>1309.43</ele><time>2026-04-25T12:47:30-07:00</time><course>323.9051</course><roll>-18.63992</roll><pitch>-5.014854</pitch><mode /></trkpt><trkpt lat="35.1122501" lon="-118.4797148"><ele>1309.17</ele><time>2026-04-25T12:47:30-07:00</time><course>326.5541</course><roll>-20.20231</roll><pitch>-6.43222</pitch><mode /></trkpt><trkpt lat="35.1122724" lon="-118.4797151"><ele>1309.09</ele><time>2026-04-25T12:47:31-07:00</time><course>326.7978</course><roll>-26.52355</roll><pitch>-9.078676</pitch><mode /></trkpt><trkpt lat="35.1122967" lon="-118.4797137"><ele>1309.07</ele><time>2026-04-25T12:47:31-07:00</time><course>323.4604</course><roll>-24.06228</roll><pitch>-11.97558</pitch><mode /></trkpt><trkpt lat="35.1123215" lon="-118.479711"><ele>1309.01</ele><time>2026-04-25T12:47:31-07:00</time><course>325.5786</course><roll>-23.35195</roll><pitch>-10.37667</pitch><mode /></trkpt><trkpt lat="35.1123455" lon="-118.4797078"><ele>1308.77</ele><time>2026-04-25T12:47:31-07:00</time><course>329.3412</course><roll>-22.4292</roll><pitch>-8.601964</pitch><mode /></trkpt><trkpt lat="35.1123691" lon="-118.4797036"><ele>1308.4</ele><time>2026-04-25T12:47:31-07:00</time><course>332.6469</course><roll>-25.33094</roll><pitch>-8.669252</pitch><mode /></trkpt><trkpt lat="35.1123935" lon="-118.4796973"><ele>1308.03</ele><time>2026-04-25T12:47:32-07:00</time><course>334.2865</course><roll>-19.66731</roll><pitch>-9.927919</pitch><mode /></trkpt><trkpt lat="35.1124193" lon="-118.4796898"><ele>1308.07</ele><time>2026-04-25T12:47:32-07:00</time><course>341.107</course><roll>-22.43149</roll><pitch>-6.107895</pitch><mode /></trkpt><trkpt lat="35.1124454" lon="-118.479681"><ele>1308.17</ele><time>2026-04-25T12:47:32-07:00</time><course>350.6062</course><roll>-24.66776</roll><pitch>-3.564898</pitch><mode /></trkpt><trkpt lat="35.112472" lon="-118.4796701"><ele>1308.49</ele><time>2026-04-25T12:47:32-07:00</time><course>354.3176</course><roll>-23.24681</roll><pitch>-5.102215</pitch><mode /></trkpt><trkpt lat="35.1124986" lon="-118.4796572"><ele>1308.8</ele><time>2026-04-25T12:47:32-07:00</time><course>0.2909456</course><roll>-23.6295</roll><pitch>-4.567416</pitch><mode /></trkpt><trkpt lat="35.1125253" lon="-118.4796428"><ele>1309.17</ele><time>2026-04-25T12:47:33-07:00</time><course>3.077379</course><roll>-25.30801</roll><pitch>-5.96924</pitch><mode /></trkpt><trkpt lat="35.1125521" lon="-118.4796267"><ele>1309.57</ele><time>2026-04-25T12:47:33-07:00</time><course>8.4928</course><roll>-27.93967</roll><pitch>-4.5367</pitch><mode /></trkpt><trkpt lat="35.1125789" lon="-118.4796098"><ele>1309.99</ele><time>2026-04-25T12:47:33-07:00</time><course>13.63172</course><roll>-31.81904</roll><pitch>-3.888108</pitch><mode /></trkpt><trkpt lat="35.1126045" lon="-118.4795903"><ele>1310.22</ele><time>2026-04-25T12:47:33-07:00</time><course>13.27986</course><roll>-31.71035</roll><pitch>-7.992478</pitch><mode /></trkpt><trkpt lat="35.1126293" lon="-118.4795681"><ele>1310.4</ele><time>2026-04-25T12:47:33-07:00</time><course>14.54782</course><roll>-27.59665</roll><pitch>-8.089612</pitch><mode /></trkpt><trkpt lat="35.1126541" lon="-118.4795459"><ele>1310.65</ele><time>2026-04-25T12:47:34-07:00</time><course>19.35993</course><roll>-29.68793</roll><pitch>-5.755923</pitch><mode /></trkpt><trkpt lat="35.1126776" lon="-118.4795213"><ele>1310.81</ele><time>2026-04-25T12:47:34-07:00</time><course>17.85682</course><roll>-30.28357</roll><pitch>-7.798366</pitch><mode /></trkpt><trkpt lat="35.1127001" lon="-118.4794941"><ele>1310.93</ele><time>2026-04-25T12:47:34-07:00</time><course>18.08561</course><roll>-31.05529</roll><pitch>-7.426976</pitch><mode /></trkpt><trkpt lat="35.1127223" lon="-118.4794662"><ele>1311.01</ele><time>2026-04-25T12:47:34-07:00</time><course>20.83841</course><roll>-34.19266</roll><pitch>-5.883902</pitch><mode /></trkpt><trkpt lat="35.1127442" lon="-118.4794368"><ele>1310.9</ele><time>2026-04-25T12:47:34-07:00</time><course>22.67241</course><roll>-34.32249</roll><pitch>-6.615815</pitch><mode /></trkpt><trkpt lat="35.112766" lon="-118.4794058"><ele>1310.84</ele><time>2026-04-25T12:47:35-07:00</time><course>27.69666</course><roll>-29.71648</roll><pitch>-5.157404</pitch><mode /></trkpt><trkpt lat="35.1127866" lon="-118.4793725"><ele>1310.73</ele><time>2026-04-25T12:47:35-07:00</time><course>31.53054</course><roll>-29.54899</roll><pitch>-3.928667</pitch><mode /></trkpt><trkpt lat="35.1128062" lon="-118.4793367"><ele>1310.76</ele><time>2026-04-25T12:47:35-07:00</time><course>35.60579</course><roll>-30.96186</roll><pitch>-3.92196</pitch><mode /></trkpt><trkpt lat="35.1128253" lon="-118.4792998"><ele>1310.71</ele><time>2026-04-25T12:47:35-07:00</time><course>39.90822</course><roll>-32.34436</roll><pitch>-3.054006</pitch><mode /></trkpt><trkpt lat="35.1128432" lon="-118.4792614"><ele>1310.75</ele><time>2026-04-25T12:47:35-07:00</time><course>44.39844</course><roll>-34.26377</roll><pitch>-3.145288</pitch><mode /></trkpt><trkpt lat="35.1128594" lon="-118.4792208"><ele>1310.87</ele><time>2026-04-25T12:47:36-07:00</time><course>50.62527</course><roll>-38.57013</roll><pitch>-3.107498</pitch><mode /></trkpt><trkpt lat="35.112874" lon="-118.4791782"><ele>1311.15</ele><time>2026-04-25T12:47:36-07:00</time><course>55.58938</course><roll>-34.58068</roll><pitch>-2.709438</pitch><mode /></trkpt><trkpt lat="35.1128859" lon="-118.4791337"><ele>1311.69</ele><time>2026-04-25T12:47:36-07:00</time><course>60.16352</course><roll>-27.5244</roll><pitch>-2.941276</pitch><mode /></trkpt><trkpt lat="35.1128966" lon="-118.4790883"><ele>1312</ele><time>2026-04-25T12:47:36-07:00</time><course>62.88067</course><roll>-23.57259</roll><pitch>-3.603174</pitch><mode /></trkpt><trkpt lat="35.1129062" lon="-118.4790425"><ele>1312.24</ele><time>2026-04-25T12:47:36-07:00</time><course>67.25314</course><roll>-27.23337</roll><pitch>-5.083538</pitch><mode /></trkpt><trkpt lat="35.1129142" lon="-118.4789966"><ele>1312.56</ele><time>2026-04-25T12:47:37-07:00</time><course>69.98118</course><roll>-33.70367</roll><pitch>-2.423209</pitch><mode /></trkpt><trkpt lat="35.1129201" lon="-118.4789496"><ele>1312.96</ele><time>2026-04-25T12:47:37-07:00</time><course>74.87015</course><roll>-36.36284</roll><pitch>0.3417648</pitch><mode /></trkpt><trkpt lat="35.112925" lon="-118.4789018"><ele>1313.15</ele><time>2026-04-25T12:47:37-07:00</time><course>79.92297</course><roll>-40.78682</roll><pitch>0.5805591</pitch><mode /></trkpt><trkpt lat="35.1129279" lon="-118.4788534"><ele>1313.13</ele><time>2026-04-25T12:47:37-07:00</time><course>84.42037</course><roll>-37.4311</roll><pitch>-0.3048568</pitch><mode /></trkpt><trkpt lat="35.1129281" lon="-118.478805"><ele>1313.18</ele><time>2026-04-25T12:47:37-07:00</time><course>90.79398</course><roll>-40.31001</roll><pitch>1.22147</pitch><mode /></trkpt><trkpt lat="35.1129255" lon="-118.4787581"><ele>1313.16</ele><time>2026-04-25T12:47:38-07:00</time><course>97.89117</course><roll>-38.08398</roll><pitch>1.163423</pitch><mode /></trkpt><trkpt lat="35.1129186" lon="-118.4787106"><ele>1313.62</ele><time>2026-04-25T12:47:38-07:00</time><course>99.81222</course><roll>-39.361</roll><pitch>-0.1257361</pitch><mode /></trkpt><trkpt lat="35.1129091" lon="-118.4786631"><ele>1314.16</ele><time>2026-04-25T12:47:38-07:00</time><course>104.201</course><roll>-48.42558</roll><pitch>2.329753</pitch><mode /></trkpt><trkpt lat="35.1128977" lon="-118.4786145"><ele>1314.84</ele><time>2026-04-25T12:47:38-07:00</time><course>108.3487</course><roll>-54.09974</roll><pitch>-0.06725914</pitch><mode /></trkpt><trkpt lat="35.1128851" lon="-118.4785665"><ele>1314.92</ele><time>2026-04-25T12:47:38-07:00</time><course>112.4102</course><roll>-56.16247</roll><pitch>-3.531239</pitch><mode /></trkpt><trkpt lat="35.1128709" lon="-118.4785204"><ele>1314.64</ele><time>2026-04-25T12:47:39-07:00</time><course>122.6068</course><roll>-56.19042</roll><pitch>0.5185523</pitch><mode /></trkpt><trkpt lat="35.1128555" lon="-118.4784743"><ele>1314.42</ele><time>2026-04-25T12:47:39-07:00</time><course>131.1716</course><roll>-51.04329</roll><pitch>2.661239</pitch><mode /></trkpt><trkpt lat="35.1128384" lon="-118.4784298"><ele>1313.83</ele><time>2026-04-25T12:47:39-07:00</time><course>140.8916</course><roll>-50.36204</roll><pitch>1.698044</pitch><mode /></trkpt><trkpt lat="35.1128176" lon="-118.4783897"><ele>1313.4</ele><time>2026-04-25T12:47:39-07:00</time><course>146.9599</course><roll>-46.39664</roll><pitch>-1.903292</pitch><mode /></trkpt><trkpt lat="35.112793" lon="-118.4783551"><ele>1313.38</ele><time>2026-04-25T12:47:39-07:00</time><course>149.795</course><roll>-34.22588</roll><pitch>-4.155786</pitch><mode /></trkpt><trkpt lat="35.1127659" lon="-118.4783235"><ele>1313.76</ele><time>2026-04-25T12:47:40-07:00</time><course>149.2602</course><roll>-29.02836</roll><pitch>-4.643992</pitch><mode /></trkpt><trkpt lat="35.1127377" lon="-118.4782956"><ele>1314.15</ele><time>2026-04-25T12:47:40-07:00</time><course>153.1903</course><roll>-28.0848</roll><pitch>-0.09902786</pitch><mode /></trkpt><trkpt lat="35.1127092" lon="-118.4782704"><ele>1314.5</ele><time>2026-04-25T12:47:40-07:00</time><course>160.3678</course><roll>-33.15324</roll><pitch>3.827249</pitch><mode /></trkpt><trkpt lat="35.112681" lon="-118.4782468"><ele>1314.25</ele><time>2026-04-25T12:47:40-07:00</time><course>159.1541</course><roll>-32.26394</roll><pitch>-0.5223971</pitch><mode /></trkpt><trkpt lat="35.1126521" lon="-118.4782248"><ele>1314.07</ele><time>2026-04-25T12:47:40-07:00</time><course>161.9582</course><roll>-30.40407</roll><pitch>-0.5729621</pitch><mode /></trkpt><trkpt lat="35.1126231" lon="-118.4782049"><ele>1313.82</ele><time>2026-04-25T12:47:41-07:00</time><course>168.8343</course><roll>-29.95065</roll><pitch>1.47602</pitch><mode /></trkpt><trkpt lat="35.112594" lon="-118.478187"><ele>1313.64</ele><time>2026-04-25T12:47:41-07:00</time><course>171.8324</course><roll>-36.06639</roll><pitch>0.8535396</pitch><mode /></trkpt><trkpt lat="35.1125646" lon="-118.4781721"><ele>1313.46</ele><time>2026-04-25T12:47:41-07:00</time><course>175.6073</course><roll>-34.53941</roll><pitch>0.8630021</pitch><mode /></trkpt><trkpt lat="35.1125349" lon="-118.4781566"><ele>1312.93</ele><time>2026-04-25T12:47:41-07:00</time><course>180.5694</course><roll>-30.05596</roll><pitch>0.1083239</pitch><mode /></trkpt><trkpt lat="35.1125059" lon="-118.4781451"><ele>1312.8</ele><time>2026-04-25T12:47:41-07:00</time><course>181.6825</course><roll>-27.32671</roll><pitch>-1.613475</pitch><mode /></trkpt><trkpt lat="35.112477" lon="-118.4781388"><ele>1313.02</ele><time>2026-04-25T12:47:42-07:00</time><course>180.9778</course><roll>-23.92899</roll><pitch>-1.163362</pitch><mode /></trkpt><trkpt lat="35.1124492" lon="-118.4781342"><ele>1313.24</ele><time>2026-04-25T12:47:42-07:00</time><course>187.748</course><roll>-25.02068</roll><pitch>3.270292</pitch><mode /></trkpt><trkpt lat="35.112421" lon="-118.4781278"><ele>1313.09</ele><time>2026-04-25T12:47:42-07:00</time><course>193.0263</course><roll>-23.87485</roll><pitch>3.428301</pitch><mode /></trkpt><trkpt lat="35.112393" lon="-118.4781215"><ele>1312.47</ele><time>2026-04-25T12:47:42-07:00</time><course>193.467</course><roll>-18.77079</roll><pitch>1.110032</pitch><mode /></trkpt><trkpt lat="35.1123647" lon="-118.4781167"><ele>1312.32</ele><time>2026-04-25T12:47:42-07:00</time><course>199.4491</course><roll>-20.20088</roll><pitch>2.020005</pitch><mode /></trkpt><trkpt lat="35.1123358" lon="-118.4781127"><ele>1312.3</ele><time>2026-04-25T12:47:43-07:00</time><course>202.2034</course><roll>-20.09855</roll><pitch>1.541615</pitch><mode /></trkpt><trkpt lat="35.1123066" lon="-118.4781099"><ele>1312.49</ele><time>2026-04-25T12:47:43-07:00</time><course>205.0964</course><roll>-21.96767</roll><pitch>2.055418</pitch><mode /></trkpt><trkpt lat="35.1122784" lon="-118.4781074"><ele>1312.39</ele><time>2026-04-25T12:47:43-07:00</time><course>208.0887</course><roll>-24.77934</roll><pitch>0.559675</pitch><mode /></trkpt><trkpt lat="35.1122512" lon="-118.4781066"><ele>1312.2</ele><time>2026-04-25T12:47:43-07:00</time><course>209.7641</course><roll>-26.58331</roll><pitch>-1.178819</pitch><mode /></trkpt><trkpt lat="35.1122254" lon="-118.4781075"><ele>1311.82</ele><time>2026-04-25T12:47:43-07:00</time><course>213.1807</course><roll>-26.94117</roll><pitch>-1.657855</pitch><mode /></trkpt><trkpt lat="35.1122006" lon="-118.4781101"><ele>1311.61</ele><time>2026-04-25T12:47:44-07:00</time><course>215.5627</course><roll>-28.58348</roll><pitch>-3.25797</pitch><mode /></trkpt><trkpt lat="35.1121768" lon="-118.4781141"><ele>1311.36</ele><time>2026-04-25T12:47:44-07:00</time><course>218.8325</course><roll>-28.08948</roll><pitch>-3.877287</pitch><mode /></trkpt><trkpt lat="35.1121543" lon="-118.4781204"><ele>1311.43</ele><time>2026-04-25T12:47:44-07:00</time><course>222.7167</course><roll>-29.88783</roll><pitch>-3.176471</pitch><mode /></trkpt><trkpt lat="35.1121327" lon="-118.4781283"><ele>1311.35</ele><time>2026-04-25T12:47:44-07:00</time><course>226.2975</course><roll>-31.31419</roll><pitch>-3.799658</pitch><mode /></trkpt><trkpt lat="35.1121127" lon="-118.4781383"><ele>1311.35</ele><time>2026-04-25T12:47:44-07:00</time><course>230.9542</course><roll>-33.91941</roll><pitch>-3.851563</pitch><mode /></trkpt><trkpt lat="35.1120946" lon="-118.4781502"><ele>1311.39</ele><time>2026-04-25T12:47:45-07:00</time><course>236.6451</course><roll>-33.7906</roll><pitch>-4.225697</pitch><mode /></trkpt><trkpt lat="35.1120785" lon="-118.4781627"><ele>1311.89</ele><time>2026-04-25T12:47:45-07:00</time><course>240.6116</course><roll>-31.1072</roll><pitch>-4.356576</pitch><mode /></trkpt><trkpt lat="35.1120634" lon="-118.4781758"><ele>1312.34</ele><time>2026-04-25T12:47:45-07:00</time><course>246.7928</course><roll>-34.61858</roll><pitch>-2.953248</pitch><mode /></trkpt><trkpt lat="35.1120498" lon="-118.4781903"><ele>1312.33</ele><time>2026-04-25T12:47:45-07:00</time><course>248.1581</course><roll>-31.95216</roll><pitch>-5.938122</pitch><mode /></trkpt><trkpt lat="35.11204" lon="-118.4782068"><ele>1312.3</ele><time>2026-04-25T12:47:45-07:00</time><course>251.065</course><roll>-22.19508</roll><pitch>-4.233856</pitch><mode /></trkpt><trkpt lat="35.1120312" lon="-118.478223"><ele>1312.59</ele><time>2026-04-25T12:47:46-07:00</time><course>258.4395</course><roll>-28.30947</roll><pitch>-0.8084932</pitch><mode /></trkpt><trkpt lat="35.1120233" lon="-118.4782397"><ele>1312.58</ele><time>2026-04-25T12:47:46-07:00</time><course>258.4862</course><roll>-26.01109</roll><pitch>-4.404714</pitch><mode /></trkpt><trkpt lat="35.112017" lon="-118.4782565"><ele>1312.45</ele><time>2026-04-25T12:47:46-07:00</time><course>259.5612</course><roll>-31.30625</roll><pitch>-5.22805</pitch><mode /></trkpt><trkpt lat="35.1120103" lon="-118.4782731"><ele>1312.01</ele><time>2026-04-25T12:47:46-07:00</time><course>261.4807</course><roll>-33.08569</roll><pitch>-7.371655</pitch><mode /></trkpt><trkpt lat="35.1120045" lon="-118.4782882"><ele>1311.54</ele><time>2026-04-25T12:47:46-07:00</time><course>264.5635</course><roll>-26.91335</roll><pitch>-7.591809</pitch><mode /></trkpt><trkpt lat="35.112002" lon="-118.4783035"><ele>1311.36</ele><time>2026-04-25T12:47:47-07:00</time><course>267.585</course><roll>-22.99294</roll><pitch>-6.619431</pitch><mode /></trkpt><trkpt lat="35.1120014" lon="-118.47832"><ele>1311.13</ele><time>2026-04-25T12:47:47-07:00</time><course>268.6269</course><roll>-26.87201</roll><pitch>-6.654683</pitch><mode /></trkpt><trkpt lat="35.1120027" lon="-118.4783357"><ele>1311.1</ele><time>2026-04-25T12:47:47-07:00</time><course>266.0801</course><roll>-19.34471</roll><pitch>-7.740944</pitch><mode /></trkpt><trkpt lat="35.1120043" lon="-118.4783507"><ele>1310.88</ele><time>2026-04-25T12:47:47-07:00</time><course>271.3217</course><roll>-18.13334</roll><pitch>-4.878718</pitch><mode /></trkpt><trkpt lat="35.112007" lon="-118.4783651"><ele>1310.71</ele><time>2026-04-25T12:47:47-07:00</time><course>273.1248</course><roll>-13.68033</roll><pitch>-4.187384</pitch><mode /></trkpt><trkpt lat="35.1120112" lon="-118.4783781"><ele>1310.53</ele><time>2026-04-25T12:47:48-07:00</time><course>271.9003</course><roll>-14.52411</roll><pitch>-5.003206</pitch><mode /></trkpt><trkpt lat="35.1120149" lon="-118.4783913"><ele>1310.52</ele><time>2026-04-25T12:47:48-07:00</time><course>267.9263</course><roll>-10.07509</roll><pitch>-4.814496</pitch><mode /></trkpt><trkpt lat="35.1120186" lon="-118.4784043"><ele>1310.35</ele><time>2026-04-25T12:47:48-07:00</time><course>271.3419</course><roll>-7.304089</roll><pitch>-2.653429</pitch><mode /></trkpt><trkpt lat="35.112022" lon="-118.4784169"><ele>1310.1</ele><time>2026-04-25T12:47:48-07:00</time><course>275.3433</course><roll>-6.509011</roll><pitch>-2.978546</pitch><mode /></trkpt><trkpt lat="35.1120255" lon="-118.4784293"><ele>1309.66</ele><time>2026-04-25T12:47:48-07:00</time><course>273.9113</course><roll>-3.479332</roll><pitch>-4.680079</pitch><mode /></trkpt><trkpt lat="35.1120303" lon="-118.4784426"><ele>1309.24</ele><time>2026-04-25T12:47:49-07:00</time><course>272.622</course><roll>-5.430553</roll><pitch>-5.523575</pitch><mode /></trkpt><trkpt lat="35.1120353" lon="-118.4784547"><ele>1309.24</ele><time>2026-04-25T12:47:49-07:00</time><course>272.3122</course><roll>-21.38942</roll><pitch>-6.553125</pitch><mode /></trkpt><trkpt lat="35.1120423" lon="-118.4784667"><ele>1309.63</ele><time>2026-04-25T12:47:49-07:00</time><course>269.701</course><roll>-19.05553</roll><pitch>-8.0414</pitch><mode /></trkpt><trkpt lat="35.1120499" lon="-118.4784792"><ele>1309.8</ele><time>2026-04-25T12:47:49-07:00</time><course>272.0306</course><roll>-22.76694</roll><pitch>-6.671607</pitch><mode /></trkpt><trkpt lat="35.1120574" lon="-118.478492"><ele>1309.68</ele><time>2026-04-25T12:47:49-07:00</time><course>272.5577</course><roll>-20.37666</roll><pitch>-7.034741</pitch><mode /></trkpt><trkpt lat="35.1120645" lon="-118.4785033"><ele>1309.68</ele><time>2026-04-25T12:47:50-07:00</time><course>277.2799</course><roll>-13.51707</roll><pitch>-6.023104</pitch><mode /></trkpt><trkpt lat="35.1120721" lon="-118.4785144"><ele>1309.8</ele><time>2026-04-25T12:47:50-07:00</time><course>282.2854</course><roll>-8.990466</roll><pitch>-5.453906</pitch><mode /></trkpt><trkpt lat="35.1120803" lon="-118.4785253"><ele>1310.06</ele><time>2026-04-25T12:47:50-07:00</time><course>281.8207</course><roll>-7.053814</roll><pitch>-5.324831</pitch><mode /></trkpt><trkpt lat="35.1120884" lon="-118.4785363"><ele>1310.08</ele><time>2026-04-25T12:47:50-07:00</time><course>280.5137</course><roll>-6.214516</roll><pitch>-4.49299</pitch><mode /></trkpt><trkpt lat="35.1120967" lon="-118.4785465"><ele>1310.18</ele><time>2026-04-25T12:47:50-07:00</time><course>284.1784</course><roll>-6.372414</roll><pitch>-3.872793</pitch><mode /></trkpt><trkpt lat="35.1121046" lon="-118.4785564"><ele>1310.25</ele><time>2026-04-25T12:47:51-07:00</time><course>284.3019</course><roll>-5.212061</roll><pitch>-4.776019</pitch><mode /></trkpt><trkpt lat="35.1121121" lon="-118.478567"><ele>1310.1</ele><time>2026-04-25T12:47:51-07:00</time><course>285.6373</course><roll>-2.956729</roll><pitch>-4.972245</pitch><mode /></trkpt><trkpt lat="35.1121194" lon="-118.4785774"><ele>1309.82</ele><time>2026-04-25T12:47:51-07:00</time><course>288.1131</course><roll>-4.83844</roll><pitch>-5.952693</pitch><mode /></trkpt><trkpt lat="35.1121267" lon="-118.4785866"><ele>1309.87</ele><time>2026-04-25T12:47:51-07:00</time><course>282.9123</course><roll>-2.063108</roll><pitch>-6.482235</pitch><mode /></trkpt><trkpt lat="35.1121347" lon="-118.4785956"><ele>1310.06</ele><time>2026-04-25T12:47:51-07:00</time><course>282.5054</course><roll>-0.7216443</roll><pitch>-4.832873</pitch><mode /></trkpt><trkpt lat="35.1121426" lon="-118.4786049"><ele>1310.07</ele><time>2026-04-25T12:47:52-07:00</time><course>285.4085</course><roll>-0.315526</roll><pitch>-4.528521</pitch><mode /></trkpt><trkpt lat="35.11215" lon="-118.4786142"><ele>1309.99</ele><time>2026-04-25T12:47:52-07:00</time><course>289.2284</course><roll>0.4860564</roll><pitch>-4.280995</pitch><mode /></trkpt><trkpt lat="35.1121574" lon="-118.4786247"><ele>1309.8</ele><time>2026-04-25T12:47:52-07:00</time><course>291.0493</course><roll>8.739539</roll><pitch>-6.961394</pitch><mode /></trkpt><trkpt lat="35.1121647" lon="-118.4786345"><ele>1309.79</ele><time>2026-04-25T12:47:52-07:00</time><course>289.3597</course><roll>-4.798325</roll><pitch>-7.615111</pitch><mode /></trkpt><trkpt lat="35.1121721" lon="-118.4786449"><ele>1309.87</ele><time>2026-04-25T12:47:52-07:00</time><course>285.1238</course><roll>-3.276779</roll><pitch>-5.788413</pitch><mode /></trkpt><trkpt lat="35.1121799" lon="-118.478655"><ele>1309.88</ele><time>2026-04-25T12:47:53-07:00</time><course>286.0695</course><roll>-6.2196</roll><pitch>-4.819169</pitch><mode /></trkpt><trkpt lat="35.1121872" lon="-118.4786642"><ele>1309.93</ele><time>2026-04-25T12:47:53-07:00</time><course>284.3922</course><roll>-6.385276</roll><pitch>-5.177569</pitch><mode /></trkpt><trkpt lat="35.1121948" lon="-118.4786736"><ele>1309.98</ele><time>2026-04-25T12:47:53-07:00</time><course>285.9884</course><roll>-2.072927</roll><pitch>-4.007112</pitch><mode /></trkpt><trkpt lat="35.1122018" lon="-118.4786834"><ele>1310.06</ele><time>2026-04-25T12:47:53-07:00</time><course>291.4345</course><roll>0.09412018</roll><pitch>-2.830405</pitch><mode /></trkpt><trkpt lat="35.1122088" lon="-118.4786937"><ele>1310.02</ele><time>2026-04-25T12:47:53-07:00</time><course>293.7071</course><roll>0.5447568</roll><pitch>-4.551983</pitch><mode /></trkpt><trkpt lat="35.1122165" lon="-118.4787038"><ele>1310.05</ele><time>2026-04-25T12:47:54-07:00</time><course>288.7382</course><roll>-2.136395</roll><pitch>-5.856371</pitch><mode /></trkpt><trkpt lat="35.1122247" lon="-118.4787148"><ele>1310.08</ele><time>2026-04-25T12:47:54-07:00</time><course>287.1796</course><roll>5.702248</roll><pitch>-6.11116</pitch><mode /></trkpt><trkpt lat="35.1122321" lon="-118.4787262"><ele>1310.21</ele><time>2026-04-25T12:47:54-07:00</time><course>287.7235</course><roll>2.513783</roll><pitch>-7.38801</pitch><mode /></trkpt><trkpt lat="35.1122395" lon="-118.4787375"><ele>1310.47</ele><time>2026-04-25T12:47:54-07:00</time><course>284.4177</course><roll>-4.838593</roll><pitch>-6.235712</pitch><mode /></trkpt><trkpt lat="35.112247" lon="-118.4787496"><ele>1310.59</ele><time>2026-04-25T12:47:54-07:00</time><course>287.4821</course><roll>-14.03848</roll><pitch>-3.324416</pitch><mode /></trkpt><trkpt lat="35.1122547" lon="-118.4787621"><ele>1310.68</ele><time>2026-04-25T12:47:55-07:00</time><course>289.2505</course><roll>-17.06106</roll><pitch>-1.884189</pitch><mode /></trkpt><trkpt lat="35.1122635" lon="-118.4787749"><ele>1310.79</ele><time>2026-04-25T12:47:55-07:00</time><course>290.2236</course><roll>-14.80714</roll><pitch>-2.10013</pitch><mode /></trkpt><trkpt lat="35.112273" lon="-118.4787881"><ele>1310.79</ele><time>2026-04-25T12:47:55-07:00</time><course>291.3796</course><roll>-14.72634</roll><pitch>-2.885902</pitch><mode /></trkpt><trkpt lat="35.1122827" lon="-118.4788008"><ele>1310.85</ele><time>2026-04-25T12:47:55-07:00</time><course>296.347</course><roll>-19.2472</roll><pitch>-2.30663</pitch><mode /></trkpt><trkpt lat="35.1122934" lon="-118.4788131"><ele>1311.12</ele><time>2026-04-25T12:47:55-07:00</time><course>301.2682</course><roll>-20.13303</roll><pitch>-2.0426</pitch><mode /></trkpt><trkpt lat="35.1123056" lon="-118.4788247"><ele>1311.4</ele><time>2026-04-25T12:47:56-07:00</time><course>301.9206</course><roll>-20.11883</roll><pitch>-4.226667</pitch><mode /></trkpt><trkpt lat="35.1123191" lon="-118.4788348"><ele>1311.76</ele><time>2026-04-25T12:47:56-07:00</time><course>296.0607</course><roll>-16.75053</roll><pitch>-5.799624</pitch><mode /></trkpt><trkpt lat="35.1123326" lon="-118.478844"><ele>1312.12</ele><time>2026-04-25T12:47:56-07:00</time><course>301.817</course><roll>-11.37454</roll><pitch>-1.086344</pitch><mode /></trkpt><trkpt lat="35.1123454" lon="-118.4788541"><ele>1312.15</ele><time>2026-04-25T12:47:56-07:00</time><course>312.8709</course><roll>-8.252522</roll><pitch>1.968744</pitch><mode /></trkpt><trkpt lat="35.1123591" lon="-118.4788657"><ele>1311.61</ele><time>2026-04-25T12:47:56-07:00</time><course>311.6752</course><roll>-10.64032</roll><pitch>-2.026946</pitch><mode /></trkpt><trkpt lat="35.1123743" lon="-118.4788765"><ele>1311.28</ele><time>2026-04-25T12:47:57-07:00</time><course>308.0852</course><roll>-4.57215</roll><pitch>-3.3208</pitch><mode /></trkpt><trkpt lat="35.1123891" lon="-118.4788855"><ele>1311.31</ele><time>2026-04-25T12:47:57-07:00</time><course>312.6102</course><roll>-9.143824</roll><pitch>-2.319532</pitch><mode /></trkpt><trkpt lat="35.1124036" lon="-118.4788934"><ele>1311.39</ele><time>2026-04-25T12:47:57-07:00</time><course>310.8361</course><roll>-12.55078</roll><pitch>-3.375893</pitch><mode /></trkpt><trkpt lat="35.1124189" lon="-118.4789008"><ele>1311.41</ele><time>2026-04-25T12:47:57-07:00</time><course>306.0871</course><roll>-15.96573</roll><pitch>-6.005092</pitch><mode /></trkpt><trkpt lat="35.1124343" lon="-118.4789068"><ele>1311.39</ele><time>2026-04-25T12:47:57-07:00</time><course>309.847</course><roll>-15.8805</roll><pitch>-4.038193</pitch><mode /></trkpt><trkpt lat="35.112451" lon="-118.4789126"><ele>1311.45</ele><time>2026-04-25T12:47:58-07:00</time><course>308.9579</course><roll>-14.51643</roll><pitch>-3.669469</pitch><mode /></trkpt><trkpt lat="35.112468" lon="-118.4789171"><ele>1311.64</ele><time>2026-04-25T12:47:58-07:00</time><course>306.6535</course><roll>-12.63336</roll><pitch>-4.198423</pitch><mode /></trkpt><trkpt lat="35.1124852" lon="-118.4789214"><ele>1311.68</ele><time>2026-04-25T12:47:58-07:00</time><course>306.5007</course><roll>-10.29107</roll><pitch>-3.378654</pitch><mode /></trkpt><trkpt lat="35.1125024" lon="-118.4789252"><ele>1311.76</ele><time>2026-04-25T12:47:58-07:00</time><course>307.8207</course><roll>-10.06994</roll><pitch>-2.90969</pitch><mode /></trkpt><trkpt lat="35.1125207" lon="-118.4789284"><ele>1312.06</ele><time>2026-04-25T12:47:58-07:00</time><course>307.2242</course><roll>-9.353978</roll><pitch>-3.121135</pitch><mode /></trkpt><trkpt lat="35.112539" lon="-118.4789318"><ele>1312.06</ele><time>2026-04-25T12:47:59-07:00</time><course>308.5271</course><roll>-8.409408</roll><pitch>-2.620187</pitch><mode /></trkpt><trkpt lat="35.1125568" lon="-118.4789347"><ele>1312.15</ele><time>2026-04-25T12:47:59-07:00</time><course>310.2857</course><roll>-10.64849</roll><pitch>-2.258618</pitch><mode /></trkpt><trkpt lat="35.1125745" lon="-118.4789368"><ele>1312.19</ele><time>2026-04-25T12:47:59-07:00</time><course>310.0787</course><roll>-11.65198</roll><pitch>-2.983738</pitch><mode /></trkpt><trkpt lat="35.1125929" lon="-118.4789389"><ele>1312.23</ele><time>2026-04-25T12:47:59-07:00</time><course>309.5363</course><roll>-11.25513</roll><pitch>-3.550503</pitch><mode /></trkpt><trkpt lat="35.1126131" lon="-118.4789418"><ele>1312.17</ele><time>2026-04-25T12:47:59-07:00</time><course>310.3547</course><roll>-11.46958</roll><pitch>-3.72778</pitch><mode /></trkpt><trkpt lat="35.1126347" lon="-118.478944"><ele>1312.27</ele><time>2026-04-25T12:48:00-07:00</time><course>314.2067</course><roll>-13.14987</roll><pitch>-2.754524</pitch><mode /></trkpt><trkpt lat="35.1126565" lon="-118.4789468"><ele>1312.04</ele><time>2026-04-25T12:48:00-07:00</time><course>314.7952</course><roll>-14.03898</roll><pitch>-4.312363</pitch><mode /></trkpt><trkpt lat="35.112678" lon="-118.4789485"><ele>1311.78</ele><time>2026-04-25T12:48:00-07:00</time><course>314.8891</course><roll>-13.07818</roll><pitch>-5.159329</pitch><mode /></trkpt><trkpt lat="35.1126998" lon="-118.47895"><ele>1311.43</ele><time>2026-04-25T12:48:00-07:00</time><course>316.4596</course><roll>-11.91401</roll><pitch>-4.826424</pitch><mode /></trkpt><trkpt lat="35.1127218" lon="-118.4789503"><ele>1311.12</ele><time>2026-04-25T12:48:00-07:00</time><course>323.0631</course><roll>-11.37264</roll><pitch>-3.32018</pitch><mode /></trkpt><trkpt lat="35.1127435" lon="-118.4789495"><ele>1310.79</ele><time>2026-04-25T12:48:01-07:00</time><course>331.5421</course><roll>-14.55191</roll><pitch>-3.113877</pitch><mode /></trkpt><trkpt lat="35.1127657" lon="-118.4789472"><ele>1310.62</ele><time>2026-04-25T12:48:01-07:00</time><course>332.9964</course><roll>-16.72968</roll><pitch>-4.398437</pitch><mode /></trkpt><trkpt lat="35.1127889" lon="-118.4789441"><ele>1310.52</ele><time>2026-04-25T12:48:01-07:00</time><course>334.7063</course><roll>-18.38936</roll><pitch>-5.054157</pitch><mode /></trkpt><trkpt lat="35.112812" lon="-118.4789388"><ele>1310.66</ele><time>2026-04-25T12:48:01-07:00</time><course>335.6099</course><roll>-15.64461</roll><pitch>-5.726292</pitch><mode /></trkpt><trkpt lat="35.1128341" lon="-118.4789327"><ele>1310.76</ele><time>2026-04-25T12:48:01-07:00</time><course>340.3739</course><roll>-14.17103</roll><pitch>-3.76342</pitch><mode /></trkpt><trkpt lat="35.1128562" lon="-118.4789265"><ele>1310.92</ele><time>2026-04-25T12:48:02-07:00</time><course>342.6935</course><roll>-22.88422</roll><pitch>-3.167184</pitch><mode /></trkpt><trkpt lat="35.1128797" lon="-118.4789198"><ele>1311.04</ele><time>2026-04-25T12:48:02-07:00</time><course>341.7332</course><roll>-24.01056</roll><pitch>-4.57995</pitch><mode /></trkpt><trkpt lat="35.1129032" lon="-118.4789107"><ele>1311.33</ele><time>2026-04-25T12:48:02-07:00</time><course>342.4138</course><roll>-18.61177</roll><pitch>-4.332391</pitch><mode /></trkpt><trkpt lat="35.1129286" lon="-118.4789023"><ele>1311.48</ele><time>2026-04-25T12:48:02-07:00</time><course>341.8589</course><roll>-17.88655</roll><pitch>-3.919991</pitch><mode /></trkpt><trkpt lat="35.1129539" lon="-118.4788925"><ele>1311.71</ele><time>2026-04-25T12:48:02-07:00</time><course>343.5356</course><roll>-17.37468</roll><pitch>-2.666981</pitch><mode /></trkpt><trkpt lat="35.1129795" lon="-118.4788793"><ele>1312.23</ele><time>2026-04-25T12:48:03-07:00</time><course>345.1239</course><roll>-19.7373</roll><pitch>-2.727808</pitch><mode /></trkpt><trkpt lat="35.1130045" lon="-118.4788665"><ele>1312.07</ele><time>2026-04-25T12:48:03-07:00</time><course>344.9218</course><roll>-22.92399</roll><pitch>-2.885041</pitch><mode /></trkpt><trkpt lat="35.1130292" lon="-118.4788514"><ele>1312.15</ele><time>2026-04-25T12:48:03-07:00</time><course>345.6124</course><roll>-25.31015</roll><pitch>-3.936103</pitch><mode /></trkpt><trkpt lat="35.1130545" lon="-118.4788354"><ele>1312.08</ele><time>2026-04-25T12:48:03-07:00</time><course>346.0682</course><roll>-24.14445</roll><pitch>-4.897288</pitch><mode /></trkpt><trkpt lat="35.1130802" lon="-118.4788183"><ele>1311.92</ele><time>2026-04-25T12:48:03-07:00</time><course>349.213</course><roll>-25.85684</roll><pitch>-4.50219</pitch><mode /></trkpt><trkpt lat="35.1131062" lon="-118.4787997"><ele>1311.94</ele><time>2026-04-25T12:48:04-07:00</time><course>352.6674</course><roll>-28.46758</roll><pitch>-4.193515</pitch><mode /></trkpt><trkpt lat="35.1131321" lon="-118.4787796"><ele>1311.77</ele><time>2026-04-25T12:48:04-07:00</time><course>355.1686</course><roll>-29.17441</roll><pitch>-5.278175</pitch><mode /></trkpt><trkpt lat="35.1131585" lon="-118.4787565"><ele>1311.5</ele><time>2026-04-25T12:48:04-07:00</time><course>359.5015</course><roll>-31.92196</roll><pitch>-4.269153</pitch><mode /></trkpt><trkpt lat="35.113185" lon="-118.4787308"><ele>1311.51</ele><time>2026-04-25T12:48:04-07:00</time><course>4.209913</course><roll>-31.1628</roll><pitch>-3.584627</pitch><mode /></trkpt><trkpt lat="35.1132111" lon="-118.4787039"><ele>1311.46</ele><time>2026-04-25T12:48:04-07:00</time><course>10.49697</course><roll>-34.86583</roll><pitch>-2.345527</pitch><mode /></trkpt><trkpt lat="35.1132379" lon="-118.4786745"><ele>1311.41</ele><time>2026-04-25T12:48:05-07:00</time><course>13.61462</course><roll>-40.44022</roll><pitch>-6.238014</pitch><mode /></trkpt><trkpt lat="35.1132641" lon="-118.4786418"><ele>1311.36</ele><time>2026-04-25T12:48:05-07:00</time><course>19.39465</course><roll>-42.09282</roll><pitch>-5.503287</pitch><mode /></trkpt><trkpt lat="35.1132884" lon="-118.4786058"><ele>1311.4</ele><time>2026-04-25T12:48:05-07:00</time><course>25.58655</course><roll>-43.35061</roll><pitch>-5.759752</pitch><mode /></trkpt><trkpt lat="35.1133112" lon="-118.4785661"><ele>1311.51</ele><time>2026-04-25T12:48:05-07:00</time><course>30.90588</course><roll>-45.45501</roll><pitch>-6.335256</pitch><mode /></trkpt><trkpt lat="35.1133303" lon="-118.4785232"><ele>1311.45</ele><time>2026-04-25T12:48:05-07:00</time><course>38.64708</course><roll>-48.45859</roll><pitch>-5.291975</pitch><mode /></trkpt><trkpt lat="35.1133489" lon="-118.4784783"><ele>1311.24</ele><time>2026-04-25T12:48:06-07:00</time><course>47.4782</course><roll>-48.97323</roll><pitch>-6.087736</pitch><mode /></trkpt><trkpt lat="35.1133657" lon="-118.4784299"><ele>1311.17</ele><time>2026-04-25T12:48:06-07:00</time><course>53.25705</course><roll>-49.21455</roll><pitch>-6.523149</pitch><mode /></trkpt><trkpt lat="35.1133792" lon="-118.4783787"><ele>1310.95</ele><time>2026-04-25T12:48:06-07:00</time><course>59.73773</course><roll>-45.5701</roll><pitch>-6.873167</pitch><mode /></trkpt><trkpt lat="35.1133888" lon="-118.4783262"><ele>1310.91</ele><time>2026-04-25T12:48:06-07:00</time><course>66.48775</course><roll>-33.8346</roll><pitch>-4.894835</pitch><mode /></trkpt><trkpt lat="35.1133946" lon="-118.478274"><ele>1311.07</ele><time>2026-04-25T12:48:06-07:00</time><course>71.59007</course><roll>-33.46825</roll><pitch>-5.263674</pitch><mode /></trkpt><trkpt lat="35.1133987" lon="-118.4782197"><ele>1311.09</ele><time>2026-04-25T12:48:07-07:00</time><course>76.09396</course><roll>-37.47564</roll><pitch>-5.74934</pitch><mode /></trkpt><trkpt lat="35.1134018" lon="-118.4781634"><ele>1311.12</ele><time>2026-04-25T12:48:07-07:00</time><course>79.02746</course><roll>-41.32756</roll><pitch>-6.065506</pitch><mode /></trkpt><trkpt lat="35.1134032" lon="-118.4781066"><ele>1311</ele><time>2026-04-25T12:48:07-07:00</time><course>84.52832</course><roll>-43.84667</roll><pitch>-5.204827</pitch><mode /></trkpt><trkpt lat="35.1134023" lon="-118.47805"><ele>1310.84</ele><time>2026-04-25T12:48:07-07:00</time><course>91.49699</course><roll>-46.4858</roll><pitch>-3.800526</pitch><mode /></trkpt><trkpt lat="35.1133985" lon="-118.4779924"><ele>1310.9</ele><time>2026-04-25T12:48:07-07:00</time><course>97.63528</course><roll>-45.29505</roll><pitch>-4.403857</pitch><mode /></trkpt><trkpt lat="35.1133911" lon="-118.4779349"><ele>1311</ele><time>2026-04-25T12:48:08-07:00</time><course>105.6838</course><roll>-49.22079</roll><pitch>-4.519294</pitch><mode /></trkpt><trkpt lat="35.1133811" lon="-118.4778787"><ele>1310.91</ele><time>2026-04-25T12:48:08-07:00</time><course>110.4244</course><roll>-47.66118</roll><pitch>-6.103083</pitch><mode /></trkpt><trkpt lat="35.113367" lon="-118.4778237"><ele>1311.04</ele><time>2026-04-25T12:48:08-07:00</time><course>117.6412</course><roll>-49.88797</roll><pitch>-6.176508</pitch><mode /></trkpt><trkpt lat="35.1133499" lon="-118.4777711"><ele>1311.2</ele><time>2026-04-25T12:48:08-07:00</time><course>124.7434</course><roll>-50.85278</roll><pitch>-5.986382</pitch><mode /></trkpt><trkpt lat="35.1133307" lon="-118.4777191"><ele>1310.92</ele><time>2026-04-25T12:48:08-07:00</time><course>132.3601</course><roll>-50.75979</roll><pitch>-6.825516</pitch><mode /></trkpt><trkpt lat="35.1133097" lon="-118.4776693"><ele>1310.71</ele><time>2026-04-25T12:48:09-07:00</time><course>143.0794</course><roll>-49.91523</roll><pitch>-5.63932</pitch><mode /></trkpt><trkpt lat="35.1132868" lon="-118.4776237"><ele>1310.42</ele><time>2026-04-25T12:48:09-07:00</time><course>149.3498</course><roll>-48.92256</roll><pitch>-6.549688</pitch><mode /></trkpt><trkpt lat="35.1132618" lon="-118.4775832"><ele>1310.35</ele><time>2026-04-25T12:48:09-07:00</time><course>156.4561</course><roll>-47.12214</roll><pitch>-7.469174</pitch><mode /></trkpt><trkpt lat="35.1132351" lon="-118.4775476"><ele>1310.28</ele><time>2026-04-25T12:48:09-07:00</time><course>162.07</course><roll>-46.53021</roll><pitch>-9.246284</pitch><mode /></trkpt><trkpt lat="35.1132082" lon="-118.4775148"><ele>1310.42</ele><time>2026-04-25T12:48:09-07:00</time><course>167.7209</course><roll>-46.09006</roll><pitch>-9.727073</pitch><mode /></trkpt><trkpt lat="35.1131815" lon="-118.477486"><ele>1310.02</ele><time>2026-04-25T12:48:10-07:00</time><course>174.2314</course><roll>-48.56986</roll><pitch>-10.80044</pitch><mode /></trkpt><trkpt lat="35.1131547" lon="-118.4774617"><ele>1310.06</ele><time>2026-04-25T12:48:10-07:00</time><course>178.3122</course><roll>-46.96679</roll><pitch>-10.86399</pitch><mode /></trkpt><trkpt lat="35.1131281" lon="-118.4774414"><ele>1310.01</ele><time>2026-04-25T12:48:10-07:00</time><course>182.6219</course><roll>-43.97783</roll><pitch>-10.95656</pitch><mode /></trkpt><trkpt lat="35.113102" lon="-118.4774244"><ele>1309.83</ele><time>2026-04-25T12:48:10-07:00</time><course>187.3816</course><roll>-37.51271</roll><pitch>-10.02526</pitch><mode /></trkpt><trkpt lat="35.113077" lon="-118.4774096"><ele>1309.78</ele><time>2026-04-25T12:48:10-07:00</time><course>193.0066</course><roll>-33.36264</roll><pitch>-9.084637</pitch><mode /></trkpt><trkpt lat="35.1130529" lon="-118.4773966"><ele>1309.86</ele><time>2026-04-25T12:48:11-07:00</time><course>196.6371</course><roll>-31.19005</roll><pitch>-8.945201</pitch><mode /></trkpt><trkpt lat="35.1130292" lon="-118.4773852"><ele>1309.93</ele><time>2026-04-25T12:48:11-07:00</time><course>196.5563</course><roll>-25.80921</roll><pitch>-9.685033</pitch><mode /></trkpt><trkpt lat="35.1130054" lon="-118.4773757"><ele>1310.15</ele><time>2026-04-25T12:48:11-07:00</time><course>198.4651</course><roll>-20.82673</roll><pitch>-8.382655</pitch><mode /></trkpt><trkpt lat="35.1129817" lon="-118.4773661"><ele>1310.3</ele><time>2026-04-25T12:48:11-07:00</time><course>201.838</course><roll>-20.67961</roll><pitch>-6.181272</pitch><mode /></trkpt><trkpt lat="35.1129578" lon="-118.4773561"><ele>1310.31</ele><time>2026-04-25T12:48:11-07:00</time><course>202.5799</course><roll>-19.32947</roll><pitch>-5.467162</pitch><mode /></trkpt><trkpt lat="35.1129342" lon="-118.477348"><ele>1310.41</ele><time>2026-04-25T12:48:12-07:00</time><course>202.9546</course><roll>-17.31217</roll><pitch>-5.060657</pitch><mode /></trkpt><trkpt lat="35.1129105" lon="-118.4773407"><ele>1310.42</ele><time>2026-04-25T12:48:12-07:00</time><course>203.8947</course><roll>-15.08605</roll><pitch>-4.742293</pitch><mode /></trkpt><trkpt lat="35.1128869" lon="-118.4773352"><ele>1310.37</ele><time>2026-04-25T12:48:12-07:00</time><course>205.9107</course><roll>-16.61767</roll><pitch>-3.491237</pitch><mode /></trkpt><trkpt lat="35.1128635" lon="-118.4773304"><ele>1309.97</ele><time>2026-04-25T12:48:12-07:00</time><course>205.8132</course><roll>-16.31118</roll><pitch>-4.145642</pitch><mode /></trkpt><trkpt lat="35.1128405" lon="-118.4773271"><ele>1309.87</ele><time>2026-04-25T12:48:12-07:00</time><course>204.4916</course><roll>-19.29929</roll><pitch>-4.762501</pitch><mode /></trkpt><trkpt lat="35.1128173" lon="-118.4773238"><ele>1309.93</ele><time>2026-04-25T12:48:13-07:00</time><course>208.5495</course><roll>-18.25681</roll><pitch>-2.55349</pitch><mode /></trkpt><trkpt lat="35.1127943" lon="-118.4773202"><ele>1310.12</ele><time>2026-04-25T12:48:13-07:00</time><course>213.7184</course><roll>-17.68034</roll><pitch>-1.620708</pitch><mode /></trkpt><trkpt lat="35.1127723" lon="-118.4773182"><ele>1310.43</ele><time>2026-04-25T12:48:13-07:00</time><course>214.2996</course><roll>-14.77406</roll><pitch>-3.055288</pitch><mode /></trkpt><trkpt lat="35.1127516" lon="-118.4773163"><ele>1310.47</ele><time>2026-04-25T12:48:13-07:00</time><course>213.4607</course><roll>-9.700741</roll><pitch>-3.284065</pitch><mode /></trkpt><trkpt lat="35.1127305" lon="-118.4773157"><ele>1310.61</ele><time>2026-04-25T12:48:13-07:00</time><course>216.334</course><roll>-7.572704</roll><pitch>-1.074143</pitch><mode /></trkpt><trkpt lat="35.112708" lon="-118.4773144"><ele>1310.41</ele><time>2026-04-25T12:48:14-07:00</time><course>220.617</course><roll>-7.408674</roll><pitch>-0.02084555</pitch><mode /></trkpt><trkpt lat="35.112686" lon="-118.4773138"><ele>1309.93</ele><time>2026-04-25T12:48:14-07:00</time><course>220.4094</course><roll>-6.476925</roll><pitch>-0.4295333</pitch><mode /></trkpt><trkpt lat="35.1126635" lon="-118.4773141"><ele>1309.45</ele><time>2026-04-25T12:48:14-07:00</time><course>221.5394</course><roll>-5.54489</roll><pitch>-1.839106</pitch><mode /></trkpt><trkpt lat="35.1126404" lon="-118.4773155"><ele>1308.76</ele><time>2026-04-25T12:48:14-07:00</time><course>223.2282</course><roll>-9.274762</roll><pitch>-2.627421</pitch><mode /></trkpt><trkpt lat="35.1126177" lon="-118.4773184"><ele>1308.1</ele><time>2026-04-25T12:48:14-07:00</time><course>224.6489</course><roll>-13.24668</roll><pitch>-3.364729</pitch><mode /></trkpt><trkpt lat="35.1125957" lon="-118.4773224"><ele>1307.72</ele><time>2026-04-25T12:48:15-07:00</time><course>225.4646</course><roll>-14.49953</roll><pitch>-4.658422</pitch><mode /></trkpt><trkpt lat="35.1125743" lon="-118.4773268"><ele>1307.33</ele><time>2026-04-25T12:48:15-07:00</time><course>226.193</course><roll>-15.65932</roll><pitch>-4.952127</pitch><mode /></trkpt><trkpt lat="35.1125537" lon="-118.4773324"><ele>1306.96</ele><time>2026-04-25T12:48:15-07:00</time><course>227.0985</course><roll>-17.63372</roll><pitch>-5.743549</pitch><mode /></trkpt><trkpt lat="35.1125335" lon="-118.4773382"><ele>1306.65</ele><time>2026-04-25T12:48:15-07:00</time><course>227.3861</course><roll>-16.65831</roll><pitch>-6.365378</pitch><mode /></trkpt><trkpt lat="35.112514" lon="-118.477345"><ele>1306.44</ele><time>2026-04-25T12:48:15-07:00</time><course>227.8152</course><roll>-15.86143</roll><pitch>-6.295043</pitch><mode /></trkpt><trkpt lat="35.1124959" lon="-118.4773527"><ele>1306.37</ele><time>2026-04-25T12:48:16-07:00</time><course>229.3542</course><roll>-15.58159</roll><pitch>-6.094699</pitch><mode /></trkpt><trkpt lat="35.1124782" lon="-118.4773598"><ele>1306.37</ele><time>2026-04-25T12:48:16-07:00</time><course>230.55</course><roll>-17.2632</roll><pitch>-6.165789</pitch><mode /></trkpt><trkpt lat="35.1124589" lon="-118.4773673"><ele>1306.14</ele><time>2026-04-25T12:48:16-07:00</time><course>232.3728</course><roll>-15.35881</roll><pitch>-5.568449</pitch><mode /></trkpt><trkpt lat="35.1124424" lon="-118.4773755"><ele>1306.36</ele><time>2026-04-25T12:48:16-07:00</time><course>235.4428</course><roll>-16.39658</roll><pitch>-4.802495</pitch><mode /></trkpt><trkpt lat="35.1124273" lon="-118.4773834"><ele>1306.77</ele><time>2026-04-25T12:48:16-07:00</time><course>238.6571</course><roll>-14.38731</roll><pitch>-4.589106</pitch><mode /></trkpt><trkpt lat="35.1124131" lon="-118.4773917"><ele>1307.24</ele><time>2026-04-25T12:48:17-07:00</time><course>235.6185</course><roll>-11.64278</roll><pitch>-5.642915</pitch><mode /></trkpt><trkpt lat="35.1124007" lon="-118.4774005"><ele>1307.76</ele><time>2026-04-25T12:48:17-07:00</time><course>235.8827</course><roll>-10.77808</roll><pitch>-4.970466</pitch><mode /></trkpt><trkpt lat="35.112389" lon="-118.4774089"><ele>1308.11</ele><time>2026-04-25T12:48:17-07:00</time><course>235.6256</course><roll>-8.015816</roll><pitch>-4.919955</pitch><mode /></trkpt><trkpt lat="35.1123766" lon="-118.4774171"><ele>1308.24</ele><time>2026-04-25T12:48:17-07:00</time><course>239.5171</course><roll>5.241838</roll><pitch>-3.750438</pitch><mode /></trkpt><trkpt lat="35.1123644" lon="-118.4774236"><ele>1308.56</ele><time>2026-04-25T12:48:17-07:00</time><course>247.6385</course><roll>7.706095</roll><pitch>-7.011336</pitch><mode /></trkpt><trkpt lat="35.112353" lon="-118.4774304"><ele>1308.87</ele><time>2026-04-25T12:48:18-07:00</time><course>243.6949</course><roll>-5.435563</roll><pitch>-8.901941</pitch><mode /></trkpt><trkpt lat="35.1123393" lon="-118.4774375"><ele>1308.8</ele><time>2026-04-25T12:48:18-07:00</time><course>240.5817</course><roll>-4.730255</roll><pitch>-7.022123</pitch><mode /></trkpt><trkpt lat="35.1123263" lon="-118.4774439"><ele>1308.92</ele><time>2026-04-25T12:48:18-07:00</time><course>246.8823</course><roll>-10.56914</roll><pitch>-4.739498</pitch><mode /></trkpt><trkpt lat="35.1123135" lon="-118.4774502"><ele>1308.89</ele><time>2026-04-25T12:48:18-07:00</time><course>246.9979</course><roll>-13.996</roll><pitch>-4.311786</pitch><mode /></trkpt><trkpt lat="35.1123025" lon="-118.4774575"><ele>1309.06</ele><time>2026-04-25T12:48:18-07:00</time><course>244.8853</course><roll>-15.70327</roll><pitch>-5.209192</pitch><mode /></trkpt><trkpt lat="35.112291" lon="-118.4774656"><ele>1309.04</ele><time>2026-04-25T12:48:19-07:00</time><course>250.0573</course><roll>-8.348376</roll><pitch>-3.609346</pitch><mode /></trkpt><trkpt lat="35.1122797" lon="-118.4774737"><ele>1309.08</ele><time>2026-04-25T12:48:19-07:00</time><course>253.7372</course><roll>-7.338995</roll><pitch>-3.592621</pitch><mode /></trkpt><trkpt lat="35.1122708" lon="-118.4774829"><ele>1309.45</ele><time>2026-04-25T12:48:19-07:00</time><course>248.8326</course><roll>-11.32533</roll><pitch>-5.708468</pitch><mode /></trkpt><trkpt lat="35.1122613" lon="-118.4774924"><ele>1309.63</ele><time>2026-04-25T12:48:19-07:00</time><course>250.1548</course><roll>-12.72694</roll><pitch>-4.877856</pitch><mode /></trkpt><trkpt lat="35.1122522" lon="-118.4775016"><ele>1309.85</ele><time>2026-04-25T12:48:19-07:00</time><course>254.4279</course><roll>-12.49397</roll><pitch>-4.993731</pitch><mode /></trkpt><trkpt lat="35.1122444" lon="-118.477511"><ele>1310.1</ele><time>2026-04-25T12:48:20-07:00</time><course>255.1901</course><roll>-13.98456</roll><pitch>-6.049627</pitch><mode /></trkpt><trkpt lat="35.1122368" lon="-118.4775206"><ele>1310.41</ele><time>2026-04-25T12:48:20-07:00</time><course>253.9918</course><roll>-12.57913</roll><pitch>-6.208025</pitch><mode /></trkpt><trkpt lat="35.1122296" lon="-118.4775301"><ele>1310.43</ele><time>2026-04-25T12:48:20-07:00</time><course>256.7161</course><roll>-10.95432</roll><pitch>-5.616969</pitch><mode /></trkpt><trkpt lat="35.1122228" lon="-118.4775388"><ele>1310.53</ele><time>2026-04-25T12:48:20-07:00</time><course>260.1274</course><roll>-11.39964</roll><pitch>-5.466033</pitch><mode /></trkpt><trkpt lat="35.1122169" lon="-118.4775474"><ele>1310.54</ele><time>2026-04-25T12:48:20-07:00</time><course>259.8</course><roll>-11.21145</roll><pitch>-6.367569</pitch><mode /></trkpt><trkpt lat="35.1122116" lon="-118.4775561"><ele>1310.66</ele><time>2026-04-25T12:48:21-07:00</time><course>260.1058</course><roll>-12.27124</roll><pitch>-6.888323</pitch><mode /></trkpt><trkpt lat="35.1122065" lon="-118.4775645"><ele>1310.91</ele><time>2026-04-25T12:48:21-07:00</time><course>262.5129</course><roll>-13.26159</roll><pitch>-5.783464</pitch><mode /></trkpt><trkpt lat="35.1122016" lon="-118.4775725"><ele>1311.18</ele><time>2026-04-25T12:48:21-07:00</time><course>263.0048</course><roll>-11.89149</roll><pitch>-5.848371</pitch><mode /></trkpt><trkpt lat="35.1121974" lon="-118.4775801"><ele>1311.31</ele><time>2026-04-25T12:48:21-07:00</time><course>263.1374</course><roll>-6.411431</roll><pitch>-6.221176</pitch><mode /></trkpt><trkpt lat="35.1121926" lon="-118.4775882"><ele>1311.41</ele><time>2026-04-25T12:48:21-07:00</time><course>265.3008</course><roll>-4.758011</roll><pitch>-5.858114</pitch><mode /></trkpt><trkpt lat="35.1121884" lon="-118.4775957"><ele>1311.73</ele><time>2026-04-25T12:48:22-07:00</time><course>265.2279</course><roll>-6.088245</roll><pitch>-5.653277</pitch><mode /></trkpt><trkpt lat="35.1121843" lon="-118.4776032"><ele>1312.19</ele><time>2026-04-25T12:48:22-07:00</time><course>266.3253</course><roll>-3.04323</roll><pitch>-5.354543</pitch><mode /></trkpt><trkpt lat="35.1121796" lon="-118.4776115"><ele>1312.49</ele><time>2026-04-25T12:48:22-07:00</time><course>267.9395</course><roll>0.8010875</roll><pitch>-4.890552</pitch><mode /></trkpt><trkpt lat="35.1121749" lon="-118.4776202"><ele>1312.86</ele><time>2026-04-25T12:48:22-07:00</time><course>268.0369</course><roll>-1.603983</roll><pitch>-4.095482</pitch><mode /></trkpt><trkpt lat="35.11217" lon="-118.4776293"><ele>1313.4</ele><time>2026-04-25T12:48:22-07:00</time><course>266.9249</course><roll>-6.493989</roll><pitch>-2.863886</pitch><mode /></trkpt><trkpt lat="35.1121649" lon="-118.4776386"><ele>1313.64</ele><time>2026-04-25T12:48:23-07:00</time><course>267.7173</course><roll>-9.423088</roll><pitch>-2.399244</pitch><mode /></trkpt><trkpt lat="35.1121597" lon="-118.4776489"><ele>1313.76</ele><time>2026-04-25T12:48:23-07:00</time><course>265.7383</course><roll>-5.871146</roll><pitch>-2.602879</pitch><mode /></trkpt><trkpt lat="35.1121552" lon="-118.4776587"><ele>1313.95</ele><time>2026-04-25T12:48:23-07:00</time><course>266.0349</course><roll>-4.958225</roll><pitch>-2.824694</pitch><mode /></trkpt><trkpt lat="35.1121505" lon="-118.4776684"><ele>1314.16</ele><time>2026-04-25T12:48:23-07:00</time><course>267.5192</course><roll>-5.409802</roll><pitch>-3.472623</pitch><mode /></trkpt><trkpt lat="35.1121462" lon="-118.4776781"><ele>1314.55</ele><time>2026-04-25T12:48:23-07:00</time><course>268.0032</course><roll>-3.736037</roll><pitch>-3.113977</pitch><mode /></trkpt><trkpt lat="35.1121415" lon="-118.4776887"><ele>1314.72</ele><time>2026-04-25T12:48:24-07:00</time><course>269.6281</course><roll>-4.098586</roll><pitch>-2.954918</pitch><mode /></trkpt><trkpt lat="35.112137" lon="-118.477699"><ele>1314.76</ele><time>2026-04-25T12:48:24-07:00</time><course>269.3708</course><roll>-3.777265</roll><pitch>-2.93653</pitch><mode /></trkpt><trkpt lat="35.1121333" lon="-118.4777096"><ele>1314.9</ele><time>2026-04-25T12:48:24-07:00</time><course>268.7566</course><roll>-3.193313</roll><pitch>-2.986123</pitch><mode /></trkpt><trkpt lat="35.1121293" lon="-118.4777203"><ele>1314.99</ele><time>2026-04-25T12:48:24-07:00</time><course>268.1213</course><roll>-4.603136</roll><pitch>-3.389999</pitch><mode /></trkpt><trkpt lat="35.1121256" lon="-118.477731"><ele>1315.11</ele><time>2026-04-25T12:48:24-07:00</time><course>266.9302</course><roll>-4.812662</roll><pitch>-3.487263</pitch><mode /></trkpt><trkpt lat="35.1121221" lon="-118.4777419"><ele>1315.1</ele><time>2026-04-25T12:48:25-07:00</time><course>267.6887</course><roll>-6.655617</roll><pitch>-3.484214</pitch><mode /></trkpt><trkpt lat="35.1121182" lon="-118.4777523"><ele>1315.17</ele><time>2026-04-25T12:48:25-07:00</time><course>267.4437</course><roll>-4.739346</roll><pitch>-3.788959</pitch><mode /></trkpt><trkpt lat="35.1121142" lon="-118.4777631"><ele>1315.11</ele><time>2026-04-25T12:48:25-07:00</time><course>267.6302</course><roll>-4.791509</roll><pitch>-4.802161</pitch><mode /></trkpt><trkpt lat="35.1121106" lon="-118.4777736"><ele>1315.23</ele><time>2026-04-25T12:48:25-07:00</time><course>267.2035</course><roll>-5.431998</roll><pitch>-5.353318</pitch><mode /></trkpt><trkpt lat="35.1121076" lon="-118.4777839"><ele>1315.47</ele><time>2026-04-25T12:48:25-07:00</time><course>266.3587</course><roll>-5.326612</roll><pitch>-4.848624</pitch><mode /></trkpt><trkpt lat="35.1121044" lon="-118.477794"><ele>1315.79</ele><time>2026-04-25T12:48:26-07:00</time><course>268.2986</course><roll>-5.970378</roll><pitch>-3.885936</pitch><mode /></trkpt><trkpt lat="35.1121015" lon="-118.4778043"><ele>1315.99</ele><time>2026-04-25T12:48:26-07:00</time><course>267.2877</course><roll>-4.3592</roll><pitch>-3.630555</pitch><mode /></trkpt><trkpt lat="35.1120988" lon="-118.4778147"><ele>1316.28</ele><time>2026-04-25T12:48:26-07:00</time><course>269.0766</course><roll>-2.951196</roll><pitch>-2.928254</pitch><mode /></trkpt><trkpt lat="35.112096" lon="-118.477825"><ele>1316.41</ele><time>2026-04-25T12:48:26-07:00</time><course>270.1218</course><roll>-2.239071</roll><pitch>-2.907506</pitch><mode /></trkpt><trkpt lat="35.1120936" lon="-118.4778353"><ele>1316.56</ele><time>2026-04-25T12:48:26-07:00</time><course>269.3815</course><roll>-2.162362</roll><pitch>-2.831229</pitch><mode /></trkpt><trkpt lat="35.1120912" lon="-118.4778457"><ele>1316.63</ele><time>2026-04-25T12:48:27-07:00</time><course>269.0844</course><roll>-2.894342</roll><pitch>-3.135175</pitch><mode /></trkpt><trkpt lat="35.1120884" lon="-118.4778563"><ele>1316.73</ele><time>2026-04-25T12:48:27-07:00</time><course>269.4237</course><roll>-2.895635</roll><pitch>-2.772717</pitch><mode /></trkpt><trkpt lat="35.1120858" lon="-118.4778667"><ele>1316.74</ele><time>2026-04-25T12:48:27-07:00</time><course>269.3917</course><roll>-4.27588</roll><pitch>-3.139949</pitch><mode /></trkpt><trkpt lat="35.1120835" lon="-118.4778773"><ele>1316.65</ele><time>2026-04-25T12:48:27-07:00</time><course>268.5072</course><roll>-4.617474</roll><pitch>-3.638807</pitch><mode /></trkpt><trkpt lat="35.112081" lon="-118.4778881"><ele>1316.59</ele><time>2026-04-25T12:48:27-07:00</time><course>268.5977</course><roll>-5.622311</roll><pitch>-3.665724</pitch><mode /></trkpt><trkpt lat="35.1120786" lon="-118.4778985"><ele>1316.62</ele><time>2026-04-25T12:48:28-07:00</time><course>268.3605</course><roll>-5.005807</roll><pitch>-4.060837</pitch><mode /></trkpt><trkpt lat="35.1120765" lon="-118.4779087"><ele>1316.73</ele><time>2026-04-25T12:48:28-07:00</time><course>268.8899</course><roll>-6.34761</roll><pitch>-4.028167</pitch><mode /></trkpt><trkpt lat="35.1120747" lon="-118.4779186"><ele>1316.89</ele><time>2026-04-25T12:48:28-07:00</time><course>267.6794</course><roll>-6.787761</roll><pitch>-3.894865</pitch><mode /></trkpt><trkpt lat="35.1120732" lon="-118.4779283"><ele>1317.03</ele><time>2026-04-25T12:48:28-07:00</time><course>267.4171</course><roll>-6.564537</roll><pitch>-3.521723</pitch><mode /></trkpt><trkpt lat="35.1120717" lon="-118.477938"><ele>1317.13</ele><time>2026-04-25T12:48:28-07:00</time><course>268.2842</course><roll>-5.768092</roll><pitch>-3.549175</pitch><mode /></trkpt><trkpt lat="35.1120703" lon="-118.4779477"><ele>1317.21</ele><time>2026-04-25T12:48:29-07:00</time><course>269.4874</course><roll>-5.559179</roll><pitch>-3.533058</pitch><mode /></trkpt><trkpt lat="35.1120687" lon="-118.4779575"><ele>1317.37</ele><time>2026-04-25T12:48:29-07:00</time><course>271.0916</course><roll>-4.402916</roll><pitch>-3.579712</pitch><mode /></trkpt><trkpt lat="35.1120674" lon="-118.4779674"><ele>1317.44</ele><time>2026-04-25T12:48:29-07:00</time><course>270.4704</course><roll>-6.724506</roll><pitch>-3.882302</pitch><mode /></trkpt><trkpt lat="35.1120663" lon="-118.4779772"><ele>1317.49</ele><time>2026-04-25T12:48:29-07:00</time><course>269.6687</course><roll>-5.891439</roll><pitch>-3.344777</pitch><mode /></trkpt><trkpt lat="35.1120651" lon="-118.4779872"><ele>1317.49</ele><time>2026-04-25T12:48:29-07:00</time><course>270.3061</course><roll>-4.63353</roll><pitch>-3.646978</pitch><mode /></trkpt><trkpt lat="35.112064" lon="-118.4779973"><ele>1317.54</ele><time>2026-04-25T12:48:30-07:00</time><course>270.6332</course><roll>-3.623612</roll><pitch>-3.509458</pitch><mode /></trkpt><trkpt lat="35.1120632" lon="-118.4780074"><ele>1317.67</ele><time>2026-04-25T12:48:30-07:00</time><course>270.0092</course><roll>-3.357464</roll><pitch>-3.417139</pitch><mode /></trkpt><trkpt lat="35.112062" lon="-118.4780178"><ele>1317.59</ele><time>2026-04-25T12:48:30-07:00</time><course>272.5294</course><roll>-3.500515</roll><pitch>-2.887349</pitch><mode /></trkpt><trkpt lat="35.1120607" lon="-118.4780283"><ele>1317.54</ele><time>2026-04-25T12:48:30-07:00</time><course>273.8048</course><roll>-1.916633</roll><pitch>-3.088572</pitch><mode /></trkpt><trkpt lat="35.1120594" lon="-118.4780389"><ele>1317.4</ele><time>2026-04-25T12:48:30-07:00</time><course>273.9957</course><roll>-2.120262</roll><pitch>-3.075641</pitch><mode /></trkpt><trkpt lat="35.112058" lon="-118.4780497"><ele>1317.27</ele><time>2026-04-25T12:48:31-07:00</time><course>273.4128</course><roll>-2.155324</roll><pitch>-4.070243</pitch><mode /></trkpt><trkpt lat="35.1120568" lon="-118.4780608"><ele>1317.15</ele><time>2026-04-25T12:48:31-07:00</time><course>273.4034</course><roll>-3.508027</roll><pitch>-4.147333</pitch><mode /></trkpt><trkpt lat="35.1120557" lon="-118.4780716"><ele>1317.09</ele><time>2026-04-25T12:48:31-07:00</time><course>273.9292</course><roll>-4.339491</roll><pitch>-4.532494</pitch><mode /></trkpt><trkpt lat="35.1120547" lon="-118.4780825"><ele>1316.93</ele><time>2026-04-25T12:48:31-07:00</time><course>274.1498</course><roll>-4.27581</roll><pitch>-4.832431</pitch><mode /></trkpt><trkpt lat="35.1120537" lon="-118.4780934"><ele>1316.75</ele><time>2026-04-25T12:48:31-07:00</time><course>273.127</course><roll>-4.409671</roll><pitch>-5.257373</pitch><mode /></trkpt><trkpt lat="35.112053" lon="-118.4781041"><ele>1316.67</ele><time>2026-04-25T12:48:32-07:00</time><course>273.6147</course><roll>-5.551655</roll><pitch>-5.434004</pitch><mode /></trkpt><trkpt lat="35.1120521" lon="-118.4781141"><ele>1316.73</ele><time>2026-04-25T12:48:32-07:00</time><course>274.0241</course><roll>-6.573037</roll><pitch>-5.321096</pitch><mode /></trkpt><trkpt lat="35.1120513" lon="-118.4781235"><ele>1316.87</ele><time>2026-04-25T12:48:32-07:00</time><course>273.3455</course><roll>-10.38131</roll><pitch>-5.68388</pitch><mode /></trkpt><trkpt lat="35.1120514" lon="-118.4781334"><ele>1316.88</ele><time>2026-04-25T12:48:32-07:00</time><course>270.8784</course><roll>-14.34587</roll><pitch>-6.539661</pitch><mode /></trkpt><trkpt lat="35.1120516" lon="-118.4781429"><ele>1316.88</ele><time>2026-04-25T12:48:32-07:00</time><course>271.2795</course><roll>-19.65241</roll><pitch>-7.255507</pitch><mode /></trkpt><trkpt lat="35.112052" lon="-118.4781519"><ele>1316.84</ele><time>2026-04-25T12:48:33-07:00</time><course>271.4295</course><roll>-14.47323</roll><pitch>-6.622017</pitch><mode /></trkpt><trkpt lat="35.1120531" lon="-118.4781606"><ele>1316.88</ele><time>2026-04-25T12:48:33-07:00</time><course>271.4332</course><roll>-11.26487</roll><pitch>-6.880067</pitch><mode /></trkpt><trkpt lat="35.1120543" lon="-118.4781695"><ele>1316.91</ele><time>2026-04-25T12:48:33-07:00</time><course>273.0448</course><roll>-7.19983</roll><pitch>-5.565706</pitch><mode /></trkpt><trkpt lat="35.1120553" lon="-118.4781783"><ele>1317</ele><time>2026-04-25T12:48:33-07:00</time><course>274.2194</course><roll>-4.6221</roll><pitch>-4.479658</pitch><mode /></trkpt><trkpt lat="35.1120563" lon="-118.4781874"><ele>1316.94</ele><time>2026-04-25T12:48:33-07:00</time><course>275.8014</course><roll>-2.477507</roll><pitch>-3.606755</pitch><mode /></trkpt><trkpt lat="35.1120572" lon="-118.4781967"><ele>1316.79</ele><time>2026-04-25T12:48:34-07:00</time><course>275.8819</course><roll>-1.636149</roll><pitch>-3.768615</pitch><mode /></trkpt><trkpt lat="35.1120581" lon="-118.4782062"><ele>1316.55</ele><time>2026-04-25T12:48:34-07:00</time><course>274.6506</course><roll>-1.062229</roll><pitch>-4.451008</pitch><mode /></trkpt><trkpt lat="35.1120589" lon="-118.4782159"><ele>1316.34</ele><time>2026-04-25T12:48:34-07:00</time><course>274.0365</course><roll>-0.3813153</roll><pitch>-4.616033</pitch><mode /></trkpt><trkpt lat="35.1120591" lon="-118.4782256"><ele>1316.25</ele><time>2026-04-25T12:48:34-07:00</time><course>275.6407</course><roll>-0.7379614</roll><pitch>-4.439064</pitch><mode /></trkpt><trkpt lat="35.1120594" lon="-118.4782356"><ele>1316.19</ele><time>2026-04-25T12:48:34-07:00</time><course>274.4374</course><roll>2.254285</roll><pitch>-4.526885</pitch><mode /></trkpt><trkpt lat="35.11206" lon="-118.4782461"><ele>1316.18</ele><time>2026-04-25T12:48:35-07:00</time><course>272.2363</course><roll>2.006758</roll><pitch>-4.357327</pitch><mode /></trkpt><trkpt lat="35.1120598" lon="-118.4782564"><ele>1316.2</ele><time>2026-04-25T12:48:35-07:00</time><course>273.7762</course><roll>-0.5049811</roll><pitch>-4.480786</pitch><mode /></trkpt><trkpt lat="35.1120593" lon="-118.4782665"><ele>1316.23</ele><time>2026-04-25T12:48:35-07:00</time><course>273.8361</course><roll>-3.199972</roll><pitch>-4.244087</pitch><mode /></trkpt><trkpt lat="35.1120591" lon="-118.4782866"><ele>1316.18</ele><time>2026-04-25T12:48:35-07:00</time><course>270.4894</course><roll>-7.650491</roll><pitch>-4.581875</pitch><mode /></trkpt><trkpt lat="35.1120592" lon="-118.4782966"><ele>1316.16</ele><time>2026-04-25T12:48:36-07:00</time><course>268.6191</course><roll>-6.114666</roll><pitch>-4.59593</pitch><mode /></trkpt><trkpt lat="35.1120593" lon="-118.4783068"><ele>1316.07</ele><time>2026-04-25T12:48:36-07:00</time><course>271.2368</course><roll>-6.536461</roll><pitch>-4.5317</pitch><mode /></trkpt><trkpt lat="35.1120592" lon="-118.4783171"><ele>1315.9</ele><time>2026-04-25T12:48:36-07:00</time><course>272.8844</course><roll>-7.78735</roll><pitch>-5.481757</pitch><mode /></trkpt><trkpt lat="35.1120597" lon="-118.4783272"><ele>1315.83</ele><time>2026-04-25T12:48:36-07:00</time><course>272.225</course><roll>-8.686946</roll><pitch>-5.608297</pitch><mode /></trkpt><trkpt lat="35.1120606" lon="-118.4783368"><ele>1315.87</ele><time>2026-04-25T12:48:36-07:00</time><course>271.8485</course><roll>-8.92696</roll><pitch>-5.324353</pitch><mode /></trkpt><trkpt lat="35.1120615" lon="-118.4783462"><ele>1315.89</ele><time>2026-04-25T12:48:37-07:00</time><course>274.214</course><roll>-5.244165</roll><pitch>-4.7087</pitch><mode /></trkpt><trkpt lat="35.1120626" lon="-118.4783556"><ele>1315.94</ele><time>2026-04-25T12:48:37-07:00</time><course>275.1595</course><roll>-5.018812</roll><pitch>-4.513959</pitch><mode /></trkpt><trkpt lat="35.1120638" lon="-118.4783651"><ele>1315.98</ele><time>2026-04-25T12:48:37-07:00</time><course>276.0049</course><roll>-5.188875</roll><pitch>-4.302978</pitch><mode /></trkpt><trkpt lat="35.1120651" lon="-118.4783746"><ele>1316.05</ele><time>2026-04-25T12:48:37-07:00</time><course>277.7896</course><roll>-4.632566</roll><pitch>-3.511566</pitch><mode /></trkpt><trkpt lat="35.1120666" lon="-118.4783839"><ele>1316.09</ele><time>2026-04-25T12:48:37-07:00</time><course>278.5926</course><roll>-5.605689</roll><pitch>-3.45634</pitch><mode /></trkpt><trkpt lat="35.1120679" lon="-118.4783932"><ele>1316.12</ele><time>2026-04-25T12:48:38-07:00</time><course>278.5349</course><roll>-5.43326</roll><pitch>-3.555267</pitch><mode /></trkpt><trkpt lat="35.1120695" lon="-118.4784027"><ele>1316.15</ele><time>2026-04-25T12:48:38-07:00</time><course>277.3587</course><roll>-8.930591</roll><pitch>-3.76504</pitch><mode /></trkpt><trkpt lat="35.1120717" lon="-118.478412"><ele>1316.24</ele><time>2026-04-25T12:48:38-07:00</time><course>275.3541</course><roll>-13.40559</roll><pitch>-4.422304</pitch><mode /></trkpt><trkpt lat="35.1120745" lon="-118.4784212"><ele>1316.35</ele><time>2026-04-25T12:48:38-07:00</time><course>272.9344</course><roll>-13.48305</roll><pitch>-5.782506</pitch><mode /></trkpt><trkpt lat="35.1120776" lon="-118.4784302"><ele>1316.48</ele><time>2026-04-25T12:48:38-07:00</time><course>272.5864</course><roll>-9.86774</roll><pitch>-5.974224</pitch><mode /></trkpt><trkpt lat="35.1120803" lon="-118.4784397"><ele>1316.58</ele><time>2026-04-25T12:48:39-07:00</time><course>278.1813</course><roll>-5.269099</roll><pitch>-3.26872</pitch><mode /></trkpt><trkpt lat="35.1120831" lon="-118.4784495"><ele>1316.58</ele><time>2026-04-25T12:48:39-07:00</time><course>279.3488</course><roll>-4.884456</roll><pitch>-3.67116</pitch><mode /></trkpt><trkpt lat="35.1120863" lon="-118.4784589"><ele>1316.64</ele><time>2026-04-25T12:48:39-07:00</time><course>280.0084</course><roll>-5.050982</roll><pitch>-3.583587</pitch><mode /></trkpt><trkpt lat="35.1120897" lon="-118.4784683"><ele>1316.68</ele><time>2026-04-25T12:48:39-07:00</time><course>279.4112</course><roll>-6.483899</roll><pitch>-3.367413</pitch><mode /></trkpt><trkpt lat="35.1120931" lon="-118.4784779"><ele>1316.53</ele><time>2026-04-25T12:48:39-07:00</time><course>279.0607</course><roll>-3.993898</roll><pitch>-3.482008</pitch><mode /></trkpt><trkpt lat="35.1120967" lon="-118.4784868"><ele>1316.51</ele><time>2026-04-25T12:48:40-07:00</time><course>278.4703</course><roll>0.7761723</roll><pitch>-3.686737</pitch><mode /></trkpt><trkpt lat="35.1120999" lon="-118.478496"><ele>1316.43</ele><time>2026-04-25T12:48:40-07:00</time><course>280.8901</course><roll>-3.423192</roll><pitch>-3.283465</pitch><mode /></trkpt><trkpt lat="35.1121032" lon="-118.4785054"><ele>1316.29</ele><time>2026-04-25T12:48:40-07:00</time><course>280.9308</course><roll>-6.818997</roll><pitch>-3.40256</pitch><mode /></trkpt><trkpt lat="35.1121069" lon="-118.4785145"><ele>1316.09</ele><time>2026-04-25T12:48:40-07:00</time><course>281.5673</course><roll>-6.623597</roll><pitch>-3.793473</pitch><mode /></trkpt><trkpt lat="35.1121108" lon="-118.4785234"><ele>1316</ele><time>2026-04-25T12:48:40-07:00</time><course>280.5671</course><roll>-6.656841</roll><pitch>-4.424188</pitch><mode /></trkpt><trkpt lat="35.112115" lon="-118.478532"><ele>1315.99</ele><time>2026-04-25T12:48:41-07:00</time><course>279.4481</course><roll>-5.947335</roll><pitch>-4.939745</pitch><mode /></trkpt><trkpt lat="35.112119" lon="-118.4785404"><ele>1316.06</ele><time>2026-04-25T12:48:41-07:00</time><course>280.77</course><roll>-5.951492</roll><pitch>-5.118317</pitch><mode /></trkpt><trkpt lat="35.1121231" lon="-118.4785486"><ele>1316.22</ele><time>2026-04-25T12:48:41-07:00</time><course>282.1284</course><roll>-5.493629</roll><pitch>-4.74155</pitch><mode /></trkpt><trkpt lat="35.1121275" lon="-118.4785577"><ele>1316.22</ele><time>2026-04-25T12:48:41-07:00</time><course>281.935</course><roll>-4.994823</roll><pitch>-4.51836</pitch><mode /></trkpt><trkpt lat="35.1121319" lon="-118.4785668"><ele>1316.2</ele><time>2026-04-25T12:48:41-07:00</time><course>281.7726</course><roll>-4.064481</roll><pitch>-4.58526</pitch><mode /></trkpt><trkpt lat="35.1121365" lon="-118.4785759"><ele>1316.14</ele><time>2026-04-25T12:48:42-07:00</time><course>279.7683</course><roll>-3.950011</roll><pitch>-4.714418</pitch><mode /></trkpt><trkpt lat="35.1121412" lon="-118.4785839"><ele>1316.26</ele><time>2026-04-25T12:48:42-07:00</time><course>279.8546</course><roll>-5.474741</roll><pitch>-4.18715</pitch><mode /></trkpt><trkpt lat="35.1121455" lon="-118.4785929"><ele>1316.17</ele><time>2026-04-25T12:48:42-07:00</time><course>280.3033</course><roll>-7.755315</roll><pitch>-4.566121</pitch><mode /></trkpt><trkpt lat="35.1121501" lon="-118.4786017"><ele>1316.07</ele><time>2026-04-25T12:48:42-07:00</time><course>281.2717</course><roll>-6.291015</roll><pitch>-4.531372</pitch><mode /></trkpt><trkpt lat="35.112155" lon="-118.4786095"><ele>1316.18</ele><time>2026-04-25T12:48:42-07:00</time><course>281.7836</course><roll>-4.214847</roll><pitch>-5.174093</pitch><mode /></trkpt><trkpt lat="35.1121599" lon="-118.4786181"><ele>1316.1</ele><time>2026-04-25T12:48:43-07:00</time><course>283.6242</course><roll>-5.361849</roll><pitch>-5.261135</pitch><mode /></trkpt><trkpt lat="35.1121649" lon="-118.478626"><ele>1316.13</ele><time>2026-04-25T12:48:43-07:00</time><course>282.6071</course><roll>-4.160362</roll><pitch>-5.645465</pitch><mode /></trkpt><trkpt lat="35.1121701" lon="-118.4786341"><ele>1316.15</ele><time>2026-04-25T12:48:43-07:00</time><course>282.1351</course><roll>-6.790477</roll><pitch>-5.886984</pitch><mode /></trkpt><trkpt lat="35.1121753" lon="-118.4786424"><ele>1316.09</ele><time>2026-04-25T12:48:43-07:00</time><course>282.3389</course><roll>-6.457009</roll><pitch>-6.12366</pitch><mode /></trkpt><trkpt lat="35.1121809" lon="-118.4786506"><ele>1316</ele><time>2026-04-25T12:48:43-07:00</time><course>279.8206</course><roll>-8.229137</roll><pitch>-6.963558</pitch><mode /></trkpt><trkpt lat="35.112187" lon="-118.4786587"><ele>1315.96</ele><time>2026-04-25T12:48:44-07:00</time><course>277.8303</course><roll>-5.246683</roll><pitch>-5.716121</pitch><mode /></trkpt><trkpt lat="35.1121926" lon="-118.4786668"><ele>1315.96</ele><time>2026-04-25T12:48:44-07:00</time><course>281.4338</course><roll>-5.282466</roll><pitch>-5.129498</pitch><mode /></trkpt><trkpt lat="35.1121979" lon="-118.4786748"><ele>1315.95</ele><time>2026-04-25T12:48:44-07:00</time><course>282.5483</course><roll>-4.560511</roll><pitch>-4.929451</pitch><mode /></trkpt><trkpt lat="35.1122037" lon="-118.4786827"><ele>1315.91</ele><time>2026-04-25T12:48:44-07:00</time><course>283.2485</course><roll>-2.954746</roll><pitch>-5.542408</pitch><mode /></trkpt><trkpt lat="35.1122091" lon="-118.4786907"><ele>1315.8</ele><time>2026-04-25T12:48:44-07:00</time><course>285.9369</course><roll>-2.737873</roll><pitch>-5.184264</pitch><mode /></trkpt><trkpt lat="35.1122148" lon="-118.4786991"><ele>1315.56</ele><time>2026-04-25T12:48:45-07:00</time><course>284.4357</course><roll>-3.303704</roll><pitch>-6.783979</pitch><mode /></trkpt><trkpt lat="35.1122208" lon="-118.478707"><ele>1315.4</ele><time>2026-04-25T12:48:45-07:00</time><course>282.8908</course><roll>-3.854158</roll><pitch>-7.242464</pitch><mode /></trkpt><trkpt lat="35.1122268" lon="-118.4787149"><ele>1315.28</ele><time>2026-04-25T12:48:45-07:00</time><course>281.1113</course><roll>-2.544705</roll><pitch>-7.249486</pitch><mode /></trkpt><trkpt lat="35.1122328" lon="-118.4787226"><ele>1315.13</ele><time>2026-04-25T12:48:45-07:00</time><course>279.5201</course><roll>-5.477026</roll><pitch>-7.736811</pitch><mode /></trkpt><trkpt lat="35.1122387" lon="-118.47873"><ele>1314.96</ele><time>2026-04-25T12:48:45-07:00</time><course>278.8824</course><roll>-5.957968</roll><pitch>-7.886139</pitch><mode /></trkpt><trkpt lat="35.1122446" lon="-118.4787375"><ele>1314.86</ele><time>2026-04-25T12:48:46-07:00</time><course>281.2049</course><roll>-8.657046</roll><pitch>-7.474234</pitch><mode /></trkpt><trkpt lat="35.1122504" lon="-118.4787445"><ele>1314.85</ele><time>2026-04-25T12:48:46-07:00</time><course>282.4619</course><roll>-8.248806</roll><pitch>-7.74905</pitch><mode /></trkpt><trkpt lat="35.1122566" lon="-118.4787514"><ele>1314.85</ele><time>2026-04-25T12:48:46-07:00</time><course>283.5326</course><roll>-7.400004</roll><pitch>-7.885053</pitch><mode /></trkpt><trkpt lat="35.1122632" lon="-118.4787582"><ele>1314.87</ele><time>2026-04-25T12:48:46-07:00</time><course>284.2609</course><roll>-5.436316</roll><pitch>-7.364632</pitch><mode /></trkpt><trkpt lat="35.1122696" lon="-118.4787649"><ele>1314.89</ele><time>2026-04-25T12:48:46-07:00</time><course>285.7957</course><roll>-7.64697</roll><pitch>-7.499549</pitch><mode /></trkpt><trkpt lat="35.1122763" lon="-118.4787715"><ele>1314.88</ele><time>2026-04-25T12:48:47-07:00</time><course>284.9443</course><roll>-6.304272</roll><pitch>-8.001</pitch><mode /></trkpt><trkpt lat="35.1122832" lon="-118.4787776"><ele>1314.85</ele><time>2026-04-25T12:48:47-07:00</time><course>284.5794</course><roll>-6.974948</roll><pitch>-8.293573</pitch><mode /></trkpt><trkpt lat="35.1122901" lon="-118.4787837"><ele>1314.81</ele><time>2026-04-25T12:48:47-07:00</time><course>284.3567</course><roll>-7.861145</roll><pitch>-8.818443</pitch><mode /></trkpt><trkpt lat="35.1122973" lon="-118.4787898"><ele>1314.85</ele><time>2026-04-25T12:48:47-07:00</time><course>285.1282</course><roll>-6.271686</roll><pitch>-8.976109</pitch><mode /></trkpt><trkpt lat="35.1123043" lon="-118.4787954"><ele>1315</ele><time>2026-04-25T12:48:47-07:00</time><course>287.1956</course><roll>-6.653231</roll><pitch>-8.68044</pitch><mode /></trkpt><trkpt lat="35.1123115" lon="-118.4788015"><ele>1315.04</ele><time>2026-04-25T12:48:48-07:00</time><course>287.77</course><roll>-6.836366</roll><pitch>-8.948813</pitch><mode /></trkpt><trkpt lat="35.1123189" lon="-118.4788081"><ele>1315.04</ele><time>2026-04-25T12:48:48-07:00</time><course>288.2729</course><roll>-6.128939</roll><pitch>-9.17453</pitch><mode /></trkpt><trkpt lat="35.1123264" lon="-118.4788145"><ele>1315.03</ele><time>2026-04-25T12:48:48-07:00</time><course>288.0644</course><roll>-4.193221</roll><pitch>-9.471846</pitch><mode /></trkpt><trkpt lat="35.112334" lon="-118.478821"><ele>1315.02</ele><time>2026-04-25T12:48:48-07:00</time><course>287.4036</course><roll>-2.502225</roll><pitch>-9.394466</pitch><mode /></trkpt><trkpt lat="35.1123414" lon="-118.4788271"><ele>1315.08</ele><time>2026-04-25T12:48:48-07:00</time><course>288.4807</course><roll>-3.816921</roll><pitch>-8.944369</pitch><mode /></trkpt><trkpt lat="35.1123489" lon="-118.4788341"><ele>1315.05</ele><time>2026-04-25T12:48:49-07:00</time><course>288.1788</course><roll>-5.615983</roll><pitch>-9.23242</pitch><mode /></trkpt><trkpt lat="35.1123567" lon="-118.4788406"><ele>1315.15</ele><time>2026-04-25T12:48:49-07:00</time><course>287.3431</course><roll>-5.089497</roll><pitch>-9.188055</pitch><mode /></trkpt><trkpt lat="35.1123645" lon="-118.4788468"><ele>1315.24</ele><time>2026-04-25T12:48:49-07:00</time><course>287.4998</course><roll>-4.723469</roll><pitch>-8.666941</pitch><mode /></trkpt><trkpt lat="35.1123724" lon="-118.4788533"><ele>1315.31</ele><time>2026-04-25T12:48:49-07:00</time><course>288.5602</course><roll>-5.408022</roll><pitch>-8.542883</pitch><mode /></trkpt><trkpt lat="35.1123804" lon="-118.4788593"><ele>1315.47</ele><time>2026-04-25T12:48:49-07:00</time><course>288.6411</course><roll>-6.144054</roll><pitch>-8.484571</pitch><mode /></trkpt><trkpt lat="35.1123884" lon="-118.4788651"><ele>1315.64</ele><time>2026-04-25T12:48:50-07:00</time><course>288.8094</course><roll>-6.552688</roll><pitch>-8.239624</pitch><mode /></trkpt><trkpt lat="35.1123965" lon="-118.4788712"><ele>1315.76</ele><time>2026-04-25T12:48:50-07:00</time><course>288.9454</course><roll>-4.893388</roll><pitch>-8.415567</pitch><mode /></trkpt><trkpt lat="35.1124046" lon="-118.4788774"><ele>1315.9</ele><time>2026-04-25T12:48:50-07:00</time><course>290.6136</course><roll>-4.003399</roll><pitch>-7.963306</pitch><mode /></trkpt><trkpt lat="35.112413" lon="-118.4788841"><ele>1315.93</ele><time>2026-04-25T12:48:50-07:00</time><course>292.3975</course><roll>-5.346155</roll><pitch>-7.794927</pitch><mode /></trkpt><trkpt lat="35.1124217" lon="-118.4788905"><ele>1316</ele><time>2026-04-25T12:48:50-07:00</time><course>292.2237</course><roll>-8.919665</roll><pitch>-7.798387</pitch><mode /></trkpt><trkpt lat="35.1124309" lon="-118.4788966"><ele>1316.11</ele><time>2026-04-25T12:48:51-07:00</time><course>289.9932</course><roll>-11.95527</roll><pitch>-8.527562</pitch><mode /></trkpt><trkpt lat="35.1124406" lon="-118.4789027"><ele>1316.23</ele><time>2026-04-25T12:48:51-07:00</time><course>288.5584</course><roll>-10.62294</roll><pitch>-8.396785</pitch><mode /></trkpt><trkpt lat="35.1124503" lon="-118.4789087"><ele>1316.35</ele><time>2026-04-25T12:48:51-07:00</time><course>290.1231</course><roll>-11.20599</roll><pitch>-7.900099</pitch><mode /></trkpt><trkpt lat="35.1124604" lon="-118.4789148"><ele>1316.41</ele><time>2026-04-25T12:48:51-07:00</time><course>290.7849</course><roll>-11.38923</roll><pitch>-7.625597</pitch><mode /></trkpt><trkpt lat="35.1124711" lon="-118.4789208"><ele>1316.44</ele><time>2026-04-25T12:48:51-07:00</time><course>290.5563</course><roll>-8.732597</roll><pitch>-7.018271</pitch><mode /></trkpt><trkpt lat="35.1124817" lon="-118.4789267"><ele>1316.46</ele><time>2026-04-25T12:48:52-07:00</time><course>292.8169</course><roll>-8.633987</roll><pitch>-6.471486</pitch><mode /></trkpt><trkpt lat="35.1124927" lon="-118.4789324"><ele>1316.41</ele><time>2026-04-25T12:48:52-07:00</time><course>292.485</course><roll>-7.681267</roll><pitch>-6.790077</pitch><mode /></trkpt><trkpt lat="35.1125041" lon="-118.4789383"><ele>1316.31</ele><time>2026-04-25T12:48:52-07:00</time><course>293.7635</course><roll>-10.19978</roll><pitch>-6.60221</pitch><mode /></trkpt><trkpt lat="35.1125159" lon="-118.4789445"><ele>1316.11</ele><time>2026-04-25T12:48:52-07:00</time><course>294.2173</course><roll>-10.00868</roll><pitch>-7.338795</pitch><mode /></trkpt><trkpt lat="35.112528" lon="-118.4789506"><ele>1315.91</ele><time>2026-04-25T12:48:52-07:00</time><course>295.9844</course><roll>-10.8398</roll><pitch>-7.796881</pitch><mode /></trkpt><trkpt lat="35.1125403" lon="-118.4789565"><ele>1315.72</ele><time>2026-04-25T12:48:53-07:00</time><course>296.9996</course><roll>-10.17972</roll><pitch>-8.204364</pitch><mode /></trkpt><trkpt lat="35.1125531" lon="-118.4789621"><ele>1315.57</ele><time>2026-04-25T12:48:53-07:00</time><course>298.2386</course><roll>-10.21262</roll><pitch>-8.020684</pitch><mode /></trkpt><trkpt lat="35.1125662" lon="-118.4789674"><ele>1315.44</ele><time>2026-04-25T12:48:53-07:00</time><course>299.9247</course><roll>-11.82812</roll><pitch>-8.184278</pitch><mode /></trkpt><trkpt lat="35.1125796" lon="-118.4789723"><ele>1315.26</ele><time>2026-04-25T12:48:53-07:00</time><course>300.9234</course><roll>-14.09097</roll><pitch>-9.214219</pitch><mode /></trkpt><trkpt lat="35.1125934" lon="-118.4789767"><ele>1315.1</ele><time>2026-04-25T12:48:53-07:00</time><course>301.9807</course><roll>-15.67143</roll><pitch>-9.841772</pitch><mode /></trkpt><trkpt lat="35.112608" lon="-118.4789803"><ele>1315.01</ele><time>2026-04-25T12:48:54-07:00</time><course>302.5729</course><roll>-15.46577</roll><pitch>-10.25787</pitch><mode /></trkpt><trkpt lat="35.112623" lon="-118.4789837"><ele>1314.83</ele><time>2026-04-25T12:48:54-07:00</time><course>305.2137</course><roll>-16.32562</roll><pitch>-9.906162</pitch><mode /></trkpt><trkpt lat="35.1126384" lon="-118.4789868"><ele>1314.65</ele><time>2026-04-25T12:48:54-07:00</time><course>307.2168</course><roll>-16.60364</roll><pitch>-10.33041</pitch><mode /></trkpt><trkpt lat="35.1126543" lon="-118.478989"><ele>1314.51</ele><time>2026-04-25T12:48:54-07:00</time><course>307.9312</course><roll>-15.03865</roll><pitch>-11.37934</pitch><mode /></trkpt><trkpt lat="35.1126705" lon="-118.4789908"><ele>1314.34</ele><time>2026-04-25T12:48:54-07:00</time><course>311.5931</course><roll>-17.25969</roll><pitch>-10.89109</pitch><mode /></trkpt><trkpt lat="35.1126865" lon="-118.4789918"><ele>1314.11</ele><time>2026-04-25T12:48:55-07:00</time><course>317.521</course><roll>-8.124393</roll><pitch>-11.00091</pitch><mode /></trkpt><trkpt lat="35.1127029" lon="-118.4789921"><ele>1313.84</ele><time>2026-04-25T12:48:55-07:00</time><course>318.3826</course><roll>-7.782752</roll><pitch>-12.90556</pitch><mode /></trkpt><trkpt lat="35.11272" lon="-118.4789922"><ele>1313.65</ele><time>2026-04-25T12:48:55-07:00</time><course>318.068</course><roll>-8.703045</roll><pitch>-14.39421</pitch><mode /></trkpt><trkpt lat="35.112737" lon="-118.478991"><ele>1313.76</ele><time>2026-04-25T12:48:55-07:00</time><course>319.6282</course><roll>-10.11468</roll><pitch>-13.79252</pitch><mode /></trkpt><trkpt lat="35.1127541" lon="-118.4789892"><ele>1314.08</ele><time>2026-04-25T12:48:55-07:00</time><course>320.3681</course><roll>-10.32563</roll><pitch>-12.51041</pitch><mode /></trkpt><trkpt lat="35.1127713" lon="-118.4789872"><ele>1314.42</ele><time>2026-04-25T12:48:56-07:00</time><course>323.0451</course><roll>-9.472767</roll><pitch>-10.66682</pitch><mode /></trkpt><trkpt lat="35.1127887" lon="-118.478985"><ele>1314.76</ele><time>2026-04-25T12:48:56-07:00</time><course>325.3764</course><roll>-9.655687</roll><pitch>-10.02106</pitch><mode /></trkpt><trkpt lat="35.1128066" lon="-118.4789823"><ele>1315.2</ele><time>2026-04-25T12:48:56-07:00</time><course>325.2624</course><roll>-11.87733</roll><pitch>-9.467698</pitch><mode /></trkpt><trkpt lat="35.1128253" lon="-118.4789791"><ele>1315.67</ele><time>2026-04-25T12:48:56-07:00</time><course>324.4882</course><roll>-8.153255</roll><pitch>-9.052314</pitch><mode /></trkpt><trkpt lat="35.112844" lon="-118.4789762"><ele>1316.06</ele><time>2026-04-25T12:48:56-07:00</time><course>328.0009</course><roll>-4.784629</roll><pitch>-7.689146</pitch><mode /></trkpt><trkpt lat="35.1128629" lon="-118.4789728"><ele>1316.46</ele><time>2026-04-25T12:48:57-07:00</time><course>329.3233</course><roll>-10.69045</roll><pitch>-8.321754</pitch><mode /></trkpt><trkpt lat="35.1128829" lon="-118.4789688"><ele>1316.89</ele><time>2026-04-25T12:48:57-07:00</time><course>327.6915</course><roll>-9.366782</roll><pitch>-7.873429</pitch><mode /></trkpt><trkpt lat="35.1129035" lon="-118.4789645"><ele>1317.46</ele><time>2026-04-25T12:48:57-07:00</time><course>329.1506</course><roll>-11.29123</roll><pitch>-5.440596</pitch><mode /></trkpt><trkpt lat="35.1129241" lon="-118.4789602"><ele>1318.17</ele><time>2026-04-25T12:48:57-07:00</time><course>336.5638</course><roll>-19.81424</roll><pitch>-0.1139813</pitch><mode /></trkpt><trkpt lat="35.1129455" lon="-118.4789561"><ele>1318.56</ele><time>2026-04-25T12:48:57-07:00</time><course>338.0563</course><roll>-24.18531</roll><pitch>1.062513</pitch><mode /></trkpt><trkpt lat="35.1129686" lon="-118.47895"><ele>1318.92</ele><time>2026-04-25T12:48:58-07:00</time><course>336.6291</course><roll>-23.94887</roll><pitch>-0.8993329</pitch><mode /></trkpt><trkpt lat="35.1129923" lon="-118.4789434"><ele>1319.28</ele><time>2026-04-25T12:48:58-07:00</time><course>340.4316</course><roll>-30.56493</roll><pitch>1.368682</pitch><mode /></trkpt><trkpt lat="35.1130169" lon="-118.4789358"><ele>1319.54</ele><time>2026-04-25T12:48:58-07:00</time><course>343.5017</course><roll>-34.12272</roll><pitch>2.26282</pitch><mode /></trkpt><trkpt lat="35.1130423" lon="-118.4789266"><ele>1319.62</ele><time>2026-04-25T12:48:58-07:00</time><course>348.7952</course><roll>-33.84618</roll><pitch>2.588259</pitch><mode /></trkpt><trkpt lat="35.1130685" lon="-118.4789143"><ele>1319.78</ele><time>2026-04-25T12:48:58-07:00</time><course>350.6783</course><roll>-36.35275</roll><pitch>-0.3097344</pitch><mode /></trkpt><trkpt lat="35.1130953" lon="-118.478899"><ele>1319.99</ele><time>2026-04-25T12:48:59-07:00</time><course>354.3369</course><roll>-37.62558</roll><pitch>-0.7329658</pitch><mode /></trkpt><trkpt lat="35.1131223" lon="-118.4788818"><ele>1320.13</ele><time>2026-04-25T12:48:59-07:00</time><course>356.4069</course><roll>-40.3384</roll><pitch>-0.4992095</pitch><mode /></trkpt><trkpt lat="35.1131494" lon="-118.478863"><ele>1320.13</ele><time>2026-04-25T12:48:59-07:00</time><course>359.3088</course><roll>-41.47861</roll><pitch>-0.7561868</pitch><mode /></trkpt><trkpt lat="35.1131766" lon="-118.4788425"><ele>1319.86</ele><time>2026-04-25T12:48:59-07:00</time><course>2.353401</course><roll>-40.96651</roll><pitch>-2.320491</pitch><mode /></trkpt><trkpt lat="35.1132042" lon="-118.4788188"><ele>1319.65</ele><time>2026-04-25T12:48:59-07:00</time><course>6.20952</course><roll>-46.6679</roll><pitch>-2.320955</pitch><mode /></trkpt><trkpt lat="35.1132322" lon="-118.4787923"><ele>1319.36</ele><time>2026-04-25T12:49:00-07:00</time><course>12.07314</course><roll>-45.63517</roll><pitch>-1.973186</pitch><mode /></trkpt><trkpt lat="35.1132604" lon="-118.4787641"><ele>1319.03</ele><time>2026-04-25T12:49:00-07:00</time><course>19.67153</course><roll>-44.94146</roll><pitch>1.468394</pitch><mode /></trkpt><trkpt lat="35.1132875" lon="-118.4787332"><ele>1318.62</ele><time>2026-04-25T12:49:00-07:00</time><course>28.06556</course><roll>-50.97921</roll><pitch>0.7071592</pitch><mode /></trkpt><trkpt lat="35.1133117" lon="-118.4786967"><ele>1318.31</ele><time>2026-04-25T12:49:00-07:00</time><course>30.31996</course><roll>-52.92714</roll><pitch>-6.980356</pitch><mode /></trkpt><trkpt lat="35.1133332" lon="-118.4786559"><ele>1317.94</ele><time>2026-04-25T12:49:00-07:00</time><course>38.23003</course><roll>-48.26063</roll><pitch>-5.092822</pitch><mode /></trkpt><trkpt lat="35.1133527" lon="-118.4786128"><ele>1317.62</ele><time>2026-04-25T12:49:01-07:00</time><course>48.66863</course><roll>-47.30756</roll><pitch>-3.395862</pitch><mode /></trkpt><trkpt lat="35.1133689" lon="-118.4785665"><ele>1317.28</ele><time>2026-04-25T12:49:01-07:00</time><course>53.47447</course><roll>-47.23104</roll><pitch>-5.091913</pitch><mode /></trkpt><trkpt lat="35.1133822" lon="-118.4785182"><ele>1316.85</ele><time>2026-04-25T12:49:01-07:00</time><course>60.75504</course><roll>-45.79565</roll><pitch>-5.483971</pitch><mode /></trkpt><trkpt lat="35.1133928" lon="-118.4784683"><ele>1316.61</ele><time>2026-04-25T12:49:01-07:00</time><course>67.85643</course><roll>-47.02971</roll><pitch>-5.207802</pitch><mode /></trkpt><trkpt lat="35.1134001" lon="-118.4784172"><ele>1316.27</ele><time>2026-04-25T12:49:01-07:00</time><course>74.89491</course><roll>-49.22976</roll><pitch>-5.464806</pitch><mode /></trkpt><trkpt lat="35.1134039" lon="-118.478365"><ele>1316.05</ele><time>2026-04-25T12:49:02-07:00</time><course>81.01501</course><roll>-46.63253</roll><pitch>-7.77751</pitch><mode /></trkpt><trkpt lat="35.1134044" lon="-118.4783121"><ele>1315.99</ele><time>2026-04-25T12:49:02-07:00</time><course>87.60541</course><roll>-45.10226</roll><pitch>-7.150967</pitch><mode /></trkpt><trkpt lat="35.1134016" lon="-118.4782594"><ele>1315.9</ele><time>2026-04-25T12:49:02-07:00</time><course>93.82178</course><roll>-39.93494</roll><pitch>-5.962498</pitch><mode /></trkpt><trkpt lat="35.1133959" lon="-118.4782067"><ele>1315.87</ele><time>2026-04-25T12:49:02-07:00</time><course>99.13878</course><roll>-35.52501</roll><pitch>-5.953302</pitch><mode /></trkpt><trkpt lat="35.1133877" lon="-118.4781548"><ele>1315.99</ele><time>2026-04-25T12:49:02-07:00</time><course>103.1717</course><roll>-33.91143</roll><pitch>-5.569419</pitch><mode /></trkpt><trkpt lat="35.1133773" lon="-118.4781032"><ele>1316.09</ele><time>2026-04-25T12:49:03-07:00</time><course>106.7775</course><roll>-31.30963</roll><pitch>-4.009113</pitch><mode /></trkpt><trkpt lat="35.1133656" lon="-118.4780522"><ele>1316.13</ele><time>2026-04-25T12:49:03-07:00</time><course>111.6742</course><roll>-32.16906</roll><pitch>-2.399079</pitch><mode /></trkpt><trkpt lat="35.1133525" lon="-118.4780017"><ele>1315.99</ele><time>2026-04-25T12:49:03-07:00</time><course>115.5452</course><roll>-33.43365</roll><pitch>-2.675045</pitch><mode /></trkpt><trkpt lat="35.1133381" lon="-118.4779518"><ele>1315.8</ele><time>2026-04-25T12:49:03-07:00</time><course>118.9839</course><roll>-33.79515</roll><pitch>-2.881966</pitch><mode /></trkpt><trkpt lat="35.1133222" lon="-118.4779032"><ele>1315.55</ele><time>2026-04-25T12:49:03-07:00</time><course>123.2482</course><roll>-35.74509</roll><pitch>-3.781065</pitch><mode /></trkpt><trkpt lat="35.1133043" lon="-118.4778556"><ele>1315.52</ele><time>2026-04-25T12:49:04-07:00</time><course>127.7756</course><roll>-33.55041</roll><pitch>-3.534414</pitch><mode /></trkpt><trkpt lat="35.1132853" lon="-118.4778102"><ele>1315.26</ele><time>2026-04-25T12:49:04-07:00</time><course>133.0126</course><roll>-34.18428</roll><pitch>-3.234333</pitch><mode /></trkpt><trkpt lat="35.1132645" lon="-118.4777657"><ele>1314.94</ele><time>2026-04-25T12:49:04-07:00</time><course>138.4069</course><roll>-38.53983</roll><pitch>-3.269195</pitch><mode /></trkpt><trkpt lat="35.1132416" lon="-118.4777225"><ele>1314.59</ele><time>2026-04-25T12:49:04-07:00</time><course>142.5877</course><roll>-39.68542</roll><pitch>-4.407008</pitch><mode /></trkpt><trkpt lat="35.1132167" lon="-118.4776822"><ele>1314.37</ele><time>2026-04-25T12:49:04-07:00</time><course>146.8586</course><roll>-38.36845</roll><pitch>-5.03599</pitch><mode /></trkpt><trkpt lat="35.1131905" lon="-118.4776443"><ele>1314.24</ele><time>2026-04-25T12:49:05-07:00</time><course>152.0238</course><roll>-40.01322</roll><pitch>-5.602097</pitch><mode /></trkpt><trkpt lat="35.1131627" lon="-118.4776092"><ele>1314.29</ele><time>2026-04-25T12:49:05-07:00</time><course>155.5007</course><roll>-40.76853</roll><pitch>-6.954996</pitch><mode /></trkpt><trkpt lat="35.1131338" lon="-118.4775768"><ele>1314.44</ele><time>2026-04-25T12:49:05-07:00</time><course>162.6471</course><roll>-39.86889</roll><pitch>-4.738401</pitch><mode /></trkpt><trkpt lat="35.1131048" lon="-118.4775474"><ele>1314.46</ele><time>2026-04-25T12:49:05-07:00</time><course>169.5902</course><roll>-36.06076</roll><pitch>-3.291747</pitch><mode /></trkpt><trkpt lat="35.1130752" lon="-118.4775211"><ele>1314.52</ele><time>2026-04-25T12:49:05-07:00</time><course>175.2629</course><roll>-35.36687</roll><pitch>-4.103083</pitch><mode /></trkpt><trkpt lat="35.113045" lon="-118.4774976"><ele>1314.69</ele><time>2026-04-25T12:49:06-07:00</time><course>179.3611</course><roll>-36.0549</roll><pitch>-4.617566</pitch><mode /></trkpt><trkpt lat="35.1130153" lon="-118.4774778"><ele>1314.9</ele><time>2026-04-25T12:49:06-07:00</time><course>177.9752</course><roll>-34.10126</roll><pitch>-8.711</pitch><mode /></trkpt><trkpt lat="35.112986" lon="-118.4774618"><ele>1315.38</ele><time>2026-04-25T12:49:06-07:00</time><course>180.8785</course><roll>-29.79246</roll><pitch>-6.840165</pitch><mode /></trkpt><trkpt lat="35.1129573" lon="-118.477448"><ele>1315.74</ele><time>2026-04-25T12:49:06-07:00</time><course>184.0724</course><roll>-26.84705</roll><pitch>-4.161533</pitch><mode /></trkpt><trkpt lat="35.1129288" lon="-118.4774354"><ele>1315.93</ele><time>2026-04-25T12:49:06-07:00</time><course>185.9594</course><roll>-25.30014</roll><pitch>-2.323402</pitch><mode /></trkpt><trkpt lat="35.1129001" lon="-118.477424"><ele>1316.14</ele><time>2026-04-25T12:49:07-07:00</time><course>186.775</course><roll>-25.89555</roll><pitch>-1.757561</pitch><mode /></trkpt><trkpt lat="35.1128723" lon="-118.4774145"><ele>1316.32</ele><time>2026-04-25T12:49:07-07:00</time><course>190.1906</course><roll>-20.5489</roll><pitch>0.6795932</pitch><mode /></trkpt><trkpt lat="35.1128442" lon="-118.4774047"><ele>1316.15</ele><time>2026-04-25T12:49:07-07:00</time><course>193.7972</course><roll>-20.20524</roll><pitch>1.67174</pitch><mode /></trkpt><trkpt lat="35.1128164" lon="-118.4773965"><ele>1316.11</ele><time>2026-04-25T12:49:07-07:00</time><course>196.8225</course><roll>-18.47002</roll><pitch>2.767102</pitch><mode /></trkpt><trkpt lat="35.1127878" lon="-118.4773886"><ele>1315.91</ele><time>2026-04-25T12:49:07-07:00</time><course>200.3957</course><roll>-16.02887</roll><pitch>3.219025</pitch><mode /></trkpt><trkpt lat="35.1127591" lon="-118.4773822"><ele>1315.8</ele><time>2026-04-25T12:49:08-07:00</time><course>202.5093</course><roll>-15.94592</roll><pitch>2.773701</pitch><mode /></trkpt><trkpt lat="35.1127302" lon="-118.4773775"><ele>1316.09</ele><time>2026-04-25T12:49:08-07:00</time><course>206.7162</course><roll>-18.87621</roll><pitch>3.763995</pitch><mode /></trkpt><trkpt lat="35.1127019" lon="-118.4773743"><ele>1316.33</ele><time>2026-04-25T12:49:08-07:00</time><course>205.4668</course><roll>-21.35534</roll><pitch>2.08171</pitch><mode /></trkpt><trkpt lat="35.1126745" lon="-118.4773732"><ele>1316.52</ele><time>2026-04-25T12:49:08-07:00</time><course>206.4221</course><roll>-21.99567</roll><pitch>1.861882</pitch><mode /></trkpt><trkpt lat="35.1126473" lon="-118.4773727"><ele>1316.64</ele><time>2026-04-25T12:49:08-07:00</time><course>208.6549</course><roll>-21.44963</roll><pitch>1.655663</pitch><mode /></trkpt><trkpt lat="35.1126206" lon="-118.4773724"><ele>1316.55</ele><time>2026-04-25T12:49:09-07:00</time><course>210.7392</course><roll>-21.43993</roll><pitch>1.325359</pitch><mode /></trkpt><trkpt lat="35.1125944" lon="-118.4773725"><ele>1316.43</ele><time>2026-04-25T12:49:09-07:00</time><course>213.4293</course><roll>-20.94502</roll><pitch>1.680334</pitch><mode /></trkpt><trkpt lat="35.1125684" lon="-118.4773734"><ele>1316.05</ele><time>2026-04-25T12:49:09-07:00</time><course>215.9172</course><roll>-20.78645</roll><pitch>0.8861542</pitch><mode /></trkpt><trkpt lat="35.112543" lon="-118.4773753"><ele>1315.59</ele><time>2026-04-25T12:49:09-07:00</time><course>218.2192</course><roll>-20.51288</roll><pitch>-0.4863084</pitch><mode /></trkpt><trkpt lat="35.1125182" lon="-118.4773775"><ele>1315.1</ele><time>2026-04-25T12:49:09-07:00</time><course>222.0163</course><roll>-23.82791</roll><pitch>-2.090585</pitch><mode /></trkpt><trkpt lat="35.1124943" lon="-118.477381"><ele>1314.51</ele><time>2026-04-25T12:49:10-07:00</time><course>222.6795</course><roll>-24.93044</roll><pitch>-3.978249</pitch><mode /></trkpt><trkpt lat="35.1124717" lon="-118.4773861"><ele>1314</ele><time>2026-04-25T12:49:10-07:00</time><course>227.6066</course><roll>-23.39527</roll><pitch>-3.77035</pitch><mode /></trkpt><trkpt lat="35.1124509" lon="-118.4773919"><ele>1313.69</ele><time>2026-04-25T12:49:10-07:00</time><course>228.7482</course><roll>-19.8352</roll><pitch>-5.330951</pitch><mode /></trkpt><trkpt lat="35.1124318" lon="-118.477398"><ele>1313.38</ele><time>2026-04-25T12:49:10-07:00</time><course>229.8025</course><roll>-18.87412</roll><pitch>-6.091087</pitch><mode /></trkpt><trkpt lat="35.1124144" lon="-118.4774041"><ele>1313.17</ele><time>2026-04-25T12:49:10-07:00</time><course>234.4109</course><roll>-19.49686</roll><pitch>-5.019417</pitch><mode /></trkpt><trkpt lat="35.1123979" lon="-118.4774104"><ele>1312.9</ele><time>2026-04-25T12:49:11-07:00</time><course>237.0747</course><roll>-19.11726</roll><pitch>-5.518127</pitch><mode /></trkpt><trkpt lat="35.1123826" lon="-118.477417"><ele>1312.6</ele><time>2026-04-25T12:49:11-07:00</time><course>238.0797</course><roll>-18.10083</roll><pitch>-7.047581</pitch><mode /></trkpt><trkpt lat="35.1123686" lon="-118.4774237"><ele>1312.37</ele><time>2026-04-25T12:49:11-07:00</time><course>241.0492</course><roll>-17.68094</roll><pitch>-7.226131</pitch><mode /></trkpt><trkpt lat="35.1123559" lon="-118.4774298"><ele>1312.16</ele><time>2026-04-25T12:49:11-07:00</time><course>242.8229</course><roll>-14.57138</roll><pitch>-8.023335</pitch><mode /></trkpt><trkpt lat="35.112344" lon="-118.4774364"><ele>1311.95</ele><time>2026-04-25T12:49:11-07:00</time><course>243.3495</course><roll>-12.70484</roll><pitch>-8.750322</pitch><mode /></trkpt><trkpt lat="35.1123323" lon="-118.4774431"><ele>1311.67</ele><time>2026-04-25T12:49:12-07:00</time><course>245.4839</course><roll>-14.34591</roll><pitch>-9.244123</pitch><mode /></trkpt><trkpt lat="35.1123215" lon="-118.4774498"><ele>1311.48</ele><time>2026-04-25T12:49:12-07:00</time><course>244.6298</course><roll>-13.04409</roll><pitch>-9.487214</pitch><mode /></trkpt><trkpt lat="35.1123116" lon="-118.4774569"><ele>1311.43</ele><time>2026-04-25T12:49:12-07:00</time><course>246.0069</course><roll>-12.29705</roll><pitch>-8.998132</pitch><mode /></trkpt><trkpt lat="35.112302" lon="-118.4774638"><ele>1311.22</ele><time>2026-04-25T12:49:12-07:00</time><course>248.1102</course><roll>-10.80775</roll><pitch>-9.423231</pitch><mode /></trkpt><trkpt lat="35.1122926" lon="-118.477471"><ele>1310.98</ele><time>2026-04-25T12:49:12-07:00</time><course>249.806</course><roll>-9.971193</roll><pitch>-9.679138</pitch><mode /></trkpt><trkpt lat="35.1122837" lon="-118.4774784"><ele>1310.89</ele><time>2026-04-25T12:49:13-07:00</time><course>251.2879</course><roll>-10.91599</roll><pitch>-9.981294</pitch><mode /></trkpt><trkpt lat="35.1122749" lon="-118.4774853"><ele>1310.93</ele><time>2026-04-25T12:49:13-07:00</time><course>251.5706</course><roll>-11.69502</roll><pitch>-10.43684</pitch><mode /></trkpt><trkpt lat="35.1122668" lon="-118.4774927"><ele>1311.04</ele><time>2026-04-25T12:49:13-07:00</time><course>252.8886</course><roll>-12.25119</roll><pitch>-11.04443</pitch><mode /></trkpt><trkpt lat="35.1122582" lon="-118.4775001"><ele>1310.95</ele><time>2026-04-25T12:49:13-07:00</time><course>254.2386</course><roll>-11.73224</roll><pitch>-12.94582</pitch><mode /></trkpt><trkpt lat="35.1122508" lon="-118.4775076"><ele>1311.11</ele><time>2026-04-25T12:49:13-07:00</time><course>254.6797</course><roll>-12.22343</roll><pitch>-13.81159</pitch><mode /></trkpt><trkpt lat="35.1122451" lon="-118.477514"><ele>1311.53</ele><time>2026-04-25T12:49:14-07:00</time><course>252.6119</course><roll>-8.3248</roll><pitch>-13.40273</pitch><mode /></trkpt><trkpt lat="35.1122397" lon="-118.4775193"><ele>1311.83</ele><time>2026-04-25T12:49:14-07:00</time><course>254.6512</course><roll>-6.926573</roll><pitch>-11.28589</pitch><mode /></trkpt><trkpt lat="35.1122336" lon="-118.4775245"><ele>1312.02</ele><time>2026-04-25T12:49:14-07:00</time><course>261.7089</course><roll>-9.030501</roll><pitch>-10.3026</pitch><mode /></trkpt><trkpt lat="35.1122274" lon="-118.4775312"><ele>1312.12</ele><time>2026-04-25T12:49:14-07:00</time><course>261.8655</course><roll>-7.610803</roll><pitch>-10.88624</pitch><mode /></trkpt><trkpt lat="35.1122221" lon="-118.4775389"><ele>1312.29</ele><time>2026-04-25T12:49:14-07:00</time><course>257.1614</course><roll>-6.881269</roll><pitch>-12.70085</pitch><mode /></trkpt><trkpt lat="35.1122168" lon="-118.477547"><ele>1312.51</ele><time>2026-04-25T12:49:15-07:00</time><course>255.8363</course><roll>1.791349</roll><pitch>-11.14932</pitch><mode /></trkpt><trkpt lat="35.1122114" lon="-118.477555"><ele>1312.62</ele><time>2026-04-25T12:49:15-07:00</time><course>256.8804</course><roll>2.376341</roll><pitch>-11.2504</pitch><mode /></trkpt><trkpt lat="35.1122058" lon="-118.4775631"><ele>1312.66</ele><time>2026-04-25T12:49:15-07:00</time><course>257.117</course><roll>1.809802</roll><pitch>-12.57014</pitch><mode /></trkpt><trkpt lat="35.1121999" lon="-118.4775709"><ele>1312.66</ele><time>2026-04-25T12:49:15-07:00</time><course>255.864</course><roll>-0.7546151</roll><pitch>-13.27009</pitch><mode /></trkpt><trkpt lat="35.1121937" lon="-118.4775786"><ele>1312.77</ele><time>2026-04-25T12:49:15-07:00</time><course>255.557</course><roll>-2.386782</roll><pitch>-12.65463</pitch><mode /></trkpt><trkpt lat="35.1121876" lon="-118.4775854"><ele>1312.83</ele><time>2026-04-25T12:49:16-07:00</time><course>256.6492</course><roll>-5.494113</roll><pitch>-11.23578</pitch><mode /></trkpt><trkpt lat="35.1121816" lon="-118.4775926"><ele>1313.08</ele><time>2026-04-25T12:49:16-07:00</time><course>256.8899</course><roll>-6.059582</roll><pitch>-10.67362</pitch><mode /></trkpt><trkpt lat="35.1121757" lon="-118.4776003"><ele>1313.16</ele><time>2026-04-25T12:49:16-07:00</time><course>257.876</course><roll>-7.552835</roll><pitch>-10.84517</pitch><mode /></trkpt><trkpt lat="35.1121701" lon="-118.4776076"><ele>1313.2</ele><time>2026-04-25T12:49:16-07:00</time><course>258.567</course><roll>-7.768101</roll><pitch>-11.19227</pitch><mode /></trkpt><trkpt lat="35.1121643" lon="-118.4776154"><ele>1313.29</ele><time>2026-04-25T12:49:16-07:00</time><course>259.8605</course><roll>-9.953938</roll><pitch>-11.24584</pitch><mode /></trkpt><trkpt lat="35.1121589" lon="-118.4776229"><ele>1313.37</ele><time>2026-04-25T12:49:17-07:00</time><course>261.3055</course><roll>-9.744577</roll><pitch>-11.83758</pitch><mode /></trkpt><trkpt lat="35.1121539" lon="-118.4776302"><ele>1313.38</ele><time>2026-04-25T12:49:17-07:00</time><course>260.6904</course><roll>-7.875062</roll><pitch>-11.94432</pitch><mode /></trkpt><trkpt lat="35.1121493" lon="-118.4776381"><ele>1313.48</ele><time>2026-04-25T12:49:17-07:00</time><course>260.982</course><roll>-7.113379</roll><pitch>-11.30904</pitch><mode /></trkpt><trkpt lat="35.1121447" lon="-118.4776452"><ele>1313.61</ele><time>2026-04-25T12:49:17-07:00</time><course>262.3865</course><roll>-4.896379</roll><pitch>-10.34176</pitch><mode /></trkpt><trkpt lat="35.1121402" lon="-118.4776523"><ele>1313.67</ele><time>2026-04-25T12:49:17-07:00</time><course>263.9842</course><roll>-7.304242</roll><pitch>-10.3723</pitch><mode /></trkpt><trkpt lat="35.1121357" lon="-118.4776594"><ele>1313.69</ele><time>2026-04-25T12:49:18-07:00</time><course>264.7378</course><roll>-11.50785</roll><pitch>-10.23704</pitch><mode /></trkpt><trkpt lat="35.1121316" lon="-118.4776667"><ele>1313.66</ele><time>2026-04-25T12:49:18-07:00</time><course>263.9045</course><roll>-13.11986</roll><pitch>-10.89252</pitch><mode /></trkpt><trkpt lat="35.1121287" lon="-118.4776724"><ele>1313.72</ele><time>2026-04-25T12:49:18-07:00</time><course>262.16</course><roll>-11.95851</roll><pitch>-11.93011</pitch><mode /></trkpt><trkpt lat="35.1121258" lon="-118.4776781"><ele>1313.69</ele><time>2026-04-25T12:49:18-07:00</time><course>262.6021</course><roll>-8.623479</roll><pitch>-12.83718</pitch><mode /></trkpt><trkpt lat="35.1121225" lon="-118.4776861"><ele>1313.49</ele><time>2026-04-25T12:49:18-07:00</time><course>262.5556</course><roll>-7.935919</roll><pitch>-12.92589</pitch><mode /></trkpt><trkpt lat="35.1121196" lon="-118.4776945"><ele>1313.3</ele><time>2026-04-25T12:49:19-07:00</time><course>264.5339</course><roll>-8.103207</roll><pitch>-12.67257</pitch><mode /></trkpt><trkpt lat="35.1121173" lon="-118.477701"><ele>1313.32</ele><time>2026-04-25T12:49:19-07:00</time><course>265.4434</course><roll>-6.891809</roll><pitch>-12.53305</pitch><mode /></trkpt><trkpt lat="35.1121148" lon="-118.4777075"><ele>1313.57</ele><time>2026-04-25T12:49:19-07:00</time><course>266.3831</course><roll>-12.6915</roll><pitch>-12.68451</pitch><mode /></trkpt><trkpt lat="35.1121128" lon="-118.4777143"><ele>1313.75</ele><time>2026-04-25T12:49:19-07:00</time><course>264.462</course><roll>-9.548045</roll><pitch>-13.94894</pitch><mode /></trkpt><trkpt lat="35.1121109" lon="-118.4777207"><ele>1314.03</ele><time>2026-04-25T12:49:19-07:00</time><course>265.9401</course><roll>-8.112304</roll><pitch>-13.20126</pitch><mode /></trkpt><trkpt lat="35.1121089" lon="-118.4777278"><ele>1314.28</ele><time>2026-04-25T12:49:20-07:00</time><course>267.2449</course><roll>-9.209171</roll><pitch>-13.03548</pitch><mode /></trkpt><trkpt lat="35.1121072" lon="-118.477735"><ele>1314.63</ele><time>2026-04-25T12:49:20-07:00</time><course>265.5002</course><roll>-6.812063</roll><pitch>-12.74095</pitch><mode /></trkpt><trkpt lat="35.1121057" lon="-118.4777418"><ele>1315.03</ele><time>2026-04-25T12:49:20-07:00</time><course>263.3809</course><roll>-5.776875</roll><pitch>-12.60559</pitch><mode /></trkpt><trkpt lat="35.1121041" lon="-118.4777486"><ele>1315.39</ele><time>2026-04-25T12:49:20-07:00</time><course>264.5313</course><roll>-7.585911</roll><pitch>-11.1653</pitch><mode /></trkpt><trkpt lat="35.1121024" lon="-118.4777552"><ele>1315.58</ele><time>2026-04-25T12:49:20-07:00</time><course>264.5072</course><roll>-6.889372</roll><pitch>-11.00721</pitch><mode /></trkpt><trkpt lat="35.1121012" lon="-118.4777625"><ele>1315.73</ele><time>2026-04-25T12:49:21-07:00</time><course>264.5501</course><roll>-1.684089</roll><pitch>-10.92279</pitch><mode /></trkpt><trkpt lat="35.1120996" lon="-118.4777696"><ele>1315.94</ele><time>2026-04-25T12:49:21-07:00</time><course>265.7692</course><roll>-0.8514818</roll><pitch>-10.02364</pitch><mode /></trkpt><trkpt lat="35.1120975" lon="-118.4777766"><ele>1316.27</ele><time>2026-04-25T12:49:21-07:00</time><course>265.5006</course><roll>-1.213473</roll><pitch>-9.738461</pitch><mode /></trkpt><trkpt lat="35.1120955" lon="-118.4777844"><ele>1316.4</ele><time>2026-04-25T12:49:21-07:00</time><course>265.4295</course><roll>1.976751</roll><pitch>-8.63588</pitch><mode /></trkpt><trkpt lat="35.112093" lon="-118.4777924"><ele>1316.48</ele><time>2026-04-25T12:49:21-07:00</time><course>269.3734</course><roll>-1.253169</roll><pitch>-8.963528</pitch><mode /></trkpt><trkpt lat="35.1120904" lon="-118.4778006"><ele>1316.55</ele><time>2026-04-25T12:49:22-07:00</time><course>267.4068</course><roll>0.7908988</roll><pitch>-10.16339</pitch><mode /></trkpt><trkpt lat="35.1120883" lon="-118.4778094"><ele>1316.48</ele><time>2026-04-25T12:49:22-07:00</time><course>263.9709</course><roll>-1.012317</roll><pitch>-10.96138</pitch><mode /></trkpt><trkpt lat="35.1120863" lon="-118.4778179"><ele>1316.54</ele><time>2026-04-25T12:49:22-07:00</time><course>261.3018</course><roll>-1.464541</roll><pitch>-11.37648</pitch><mode /></trkpt><trkpt lat="35.112084" lon="-118.4778266"><ele>1316.54</ele><time>2026-04-25T12:49:22-07:00</time><course>259.8463</course><roll>-2.367719</roll><pitch>-11.27747</pitch><mode /></trkpt><trkpt lat="35.1120814" lon="-118.4778352"><ele>1316.62</ele><time>2026-04-25T12:49:22-07:00</time><course>260.329</course><roll>-4.855609</roll><pitch>-11.47062</pitch><mode /></trkpt><trkpt lat="35.1120788" lon="-118.4778424"><ele>1316.91</ele><time>2026-04-25T12:49:23-07:00</time><course>261.828</course><roll>-4.117091</roll><pitch>-11.67828</pitch><mode /></trkpt><trkpt lat="35.1120761" lon="-118.4778506"><ele>1317.1</ele><time>2026-04-25T12:49:23-07:00</time><course>261.4592</course><roll>-5.808501</roll><pitch>-11.52095</pitch><mode /></trkpt><trkpt lat="35.1120741" lon="-118.4778592"><ele>1317.18</ele><time>2026-04-25T12:49:23-07:00</time><course>260.106</course><roll>-8.543551</roll><pitch>-11.48952</pitch><mode /></trkpt><trkpt lat="35.1120721" lon="-118.4778671"><ele>1317.37</ele><time>2026-04-25T12:49:23-07:00</time><course>259.6215</course><roll>-9.303046</roll><pitch>-11.24618</pitch><mode /></trkpt><trkpt lat="35.1120703" lon="-118.4778741"><ele>1317.72</ele><time>2026-04-25T12:49:23-07:00</time><course>263.3296</course><roll>-7.298817</roll><pitch>-9.035927</pitch><mode /></trkpt><trkpt lat="35.1120684" lon="-118.4778805"><ele>1318.14</ele><time>2026-04-25T12:49:24-07:00</time><course>268.1719</course><roll>-9.597647</roll><pitch>-7.227104</pitch><mode /></trkpt><trkpt lat="35.1120673" lon="-118.4778868"><ele>1318.46</ele><time>2026-04-25T12:49:24-07:00</time><course>265.8365</course><roll>-7.936765</roll><pitch>-6.950331</pitch><mode /></trkpt><trkpt lat="35.1120663" lon="-118.477893"><ele>1318.68</ele><time>2026-04-25T12:49:24-07:00</time><course>264.7488</course><roll>-4.939391</roll><pitch>-6.512519</pitch><mode /></trkpt><trkpt lat="35.112065" lon="-118.4778992"><ele>1318.84</ele><time>2026-04-25T12:49:24-07:00</time><course>267.5703</course><roll>-4.401199</roll><pitch>-5.45585</pitch><mode /></trkpt><trkpt lat="35.1120639" lon="-118.4779052"><ele>1319.08</ele><time>2026-04-25T12:49:24-07:00</time><course>267.2015</course><roll>-4.459959</roll><pitch>-4.742499</pitch><mode /></trkpt><trkpt lat="35.1120634" lon="-118.4779112"><ele>1319.34</ele><time>2026-04-25T12:49:25-07:00</time><course>264.9184</course><roll>-0.5052729</roll><pitch>-4.442153</pitch><mode /></trkpt><trkpt lat="35.1120629" lon="-118.4779169"><ele>1319.53</ele><time>2026-04-25T12:49:25-07:00</time><course>265.5801</course><roll>0.0417496</roll><pitch>-3.988667</pitch><mode /></trkpt><trkpt lat="35.1120617" lon="-118.4779228"><ele>1319.75</ele><time>2026-04-25T12:49:25-07:00</time><course>266.6042</course><roll>-0.1941928</roll><pitch>-3.524197</pitch><mode /></trkpt><trkpt lat="35.1120603" lon="-118.4779292"><ele>1319.91</ele><time>2026-04-25T12:49:25-07:00</time><course>266.1448</course><roll>-1.210324</roll><pitch>-3.0492</pitch><mode /></trkpt><trkpt lat="35.1120592" lon="-118.4779359"><ele>1320.08</ele><time>2026-04-25T12:49:25-07:00</time><course>266.8643</course><roll>-2.874037</roll><pitch>-2.83638</pitch><mode /></trkpt><trkpt lat="35.1120582" lon="-118.4779426"><ele>1320.24</ele><time>2026-04-25T12:49:26-07:00</time><course>264.5578</course><roll>-2.60081</roll><pitch>-2.891469</pitch><mode /></trkpt><trkpt lat="35.1120573" lon="-118.4779491"><ele>1320.42</ele><time>2026-04-25T12:49:26-07:00</time><course>262.6639</course><roll>-1.648621</roll><pitch>-2.896326</pitch><mode /></trkpt><trkpt lat="35.1120567" lon="-118.4779555"><ele>1320.44</ele><time>2026-04-25T12:49:26-07:00</time><course>260.1937</course><roll>-0.8013313</roll><pitch>-3.098743</pitch><mode /></trkpt><trkpt lat="35.1120561" lon="-118.4779614"><ele>1320.55</ele><time>2026-04-25T12:49:26-07:00</time><course>257.9764</course><roll>1.742787</roll><pitch>-2.665949</pitch><mode /></trkpt><trkpt lat="35.1120548" lon="-118.4779674"><ele>1320.6</ele><time>2026-04-25T12:49:26-07:00</time><course>259.6679</course><roll>1.564205</roll><pitch>-2.281736</pitch><mode /></trkpt><trkpt lat="35.1120538" lon="-118.4779734"><ele>1320.5</ele><time>2026-04-25T12:49:27-07:00</time><course>257.1861</course><roll>-4.12336</roll><pitch>-4.010546</pitch><mode /></trkpt><trkpt lat="35.1120534" lon="-118.4779788"><ele>1320.57</ele><time>2026-04-25T12:49:27-07:00</time><course>255.0732</course><roll>-4.984822</roll><pitch>-3.769376</pitch><mode /></trkpt><trkpt lat="35.1120529" lon="-118.477984"><ele>1320.83</ele><time>2026-04-25T12:49:27-07:00</time><course>254.9757</course><roll>-8.747669</roll><pitch>-2.733217</pitch><mode /></trkpt><trkpt lat="35.1120523" lon="-118.4779892"><ele>1320.79</ele><time>2026-04-25T12:49:27-07:00</time><course>253.7787</course><roll>-5.417781</roll><pitch>-3.412411</pitch><mode /></trkpt><trkpt lat="35.1120516" lon="-118.4779939"><ele>1320.66</ele><time>2026-04-25T12:49:27-07:00</time><course>257.7824</course><roll>-3.146357</roll><pitch>-2.57616</pitch><mode /></trkpt><trkpt lat="35.1120506" lon="-118.4779986"><ele>1320.44</ele><time>2026-04-25T12:49:28-07:00</time><course>260.8794</course><roll>-3.042244</roll><pitch>-3.491663</pitch><mode /></trkpt><trkpt lat="35.1120503" lon="-118.4780039"><ele>1320.16</ele><time>2026-04-25T12:49:28-07:00</time><course>258.0635</course><roll>-1.659213</roll><pitch>-4.474677</pitch><mode /></trkpt><trkpt lat="35.1120499" lon="-118.4780096"><ele>1319.91</ele><time>2026-04-25T12:49:28-07:00</time><course>257.9705</course><roll>-1.829018</roll><pitch>-3.99132</pitch><mode /></trkpt><trkpt lat="35.1120488" lon="-118.4780151"><ele>1319.63</ele><time>2026-04-25T12:49:28-07:00</time><course>261.7104</course><roll>-2.447601</roll><pitch>-4.427817</pitch><mode /></trkpt><trkpt lat="35.1120478" lon="-118.4780205"><ele>1319.43</ele><time>2026-04-25T12:49:28-07:00</time><course>261.6266</course><roll>-1.773236</roll><pitch>-5.796526</pitch><mode /></trkpt><trkpt lat="35.1120473" lon="-118.4780257"><ele>1319.27</ele><time>2026-04-25T12:49:29-07:00</time><course>258.8766</course><roll>-1.170038</roll><pitch>-6.445746</pitch><mode /></trkpt><trkpt lat="35.1120469" lon="-118.4780308"><ele>1319.18</ele><time>2026-04-25T12:49:29-07:00</time><course>258.4315</course><roll>-1.302855</roll><pitch>-6.532655</pitch><mode /></trkpt><trkpt lat="35.1120463" lon="-118.4780357"><ele>1319.1</ele><time>2026-04-25T12:49:29-07:00</time><course>259.2847</course><roll>-0.6339244</roll><pitch>-6.452703</pitch><mode /></trkpt><trkpt lat="35.1120454" lon="-118.4780405"><ele>1318.88</ele><time>2026-04-25T12:49:29-07:00</time><course>260.852</course><roll>-3.981936</roll><pitch>-6.473361</pitch><mode /></trkpt><trkpt lat="35.1120445" lon="-118.4780454"><ele>1318.7</ele><time>2026-04-25T12:49:29-07:00</time><course>260.4016</course><roll>-3.930675</roll><pitch>-7.448903</pitch><mode /></trkpt><trkpt lat="35.112044" lon="-118.4780502"><ele>1318.56</ele><time>2026-04-25T12:49:30-07:00</time><course>259.3551</course><roll>-2.816967</roll><pitch>-8.028226</pitch><mode /></trkpt><trkpt lat="35.1120434" lon="-118.4780551"><ele>1318.46</ele><time>2026-04-25T12:49:30-07:00</time><course>259.4187</course><roll>-3.141411</roll><pitch>-7.949333</pitch><mode /></trkpt><trkpt lat="35.1120425" lon="-118.4780606"><ele>1318.37</ele><time>2026-04-25T12:49:30-07:00</time><course>260.0204</course><roll>-4.455731</roll><pitch>-8.745773</pitch><mode /></trkpt><trkpt lat="35.1120419" lon="-118.4780658"><ele>1318.43</ele><time>2026-04-25T12:49:30-07:00</time><course>259.0667</course><roll>-4.778332</roll><pitch>-8.732658</pitch><mode /></trkpt><trkpt lat="35.1120414" lon="-118.4780711"><ele>1318.44</ele><time>2026-04-25T12:49:30-07:00</time><course>258.3787</course><roll>-4.806381</roll><pitch>-8.962803</pitch><mode /></trkpt><trkpt lat="35.1120408" lon="-118.4780759"><ele>1318.51</ele><time>2026-04-25T12:49:31-07:00</time><course>258.6311</course><roll>-4.12138</roll><pitch>-8.490118</pitch><mode /></trkpt><trkpt lat="35.1120402" lon="-118.4780811"><ele>1318.45</ele><time>2026-04-25T12:49:31-07:00</time><course>258.606</course><roll>-4.075639</roll><pitch>-8.849788</pitch><mode /></trkpt><trkpt lat="35.1120396" lon="-118.4780866"><ele>1318.39</ele><time>2026-04-25T12:49:31-07:00</time><course>258.3628</course><roll>-4.177501</roll><pitch>-9.406958</pitch><mode /></trkpt><trkpt lat="35.1120392" lon="-118.4780918"><ele>1318.42</ele><time>2026-04-25T12:49:31-07:00</time><course>258.4262</course><roll>-4.728035</roll><pitch>-9.073682</pitch><mode /></trkpt><trkpt lat="35.1120388" lon="-118.4780972"><ele>1318.34</ele><time>2026-04-25T12:49:31-07:00</time><course>258.2885</course><roll>-3.303824</roll><pitch>-9.382639</pitch><mode /></trkpt><trkpt lat="35.1120384" lon="-118.4781026"><ele>1318.3</ele><time>2026-04-25T12:49:32-07:00</time><course>258.9718</course><roll>-4.268026</roll><pitch>-9.940865</pitch><mode /></trkpt><trkpt lat="35.1120379" lon="-118.4781078"><ele>1318.26</ele><time>2026-04-25T12:49:32-07:00</time><course>259.1571</course><roll>-3.16132</roll><pitch>-10.00891</pitch><mode /></trkpt><trkpt lat="35.1120373" lon="-118.4781129"><ele>1318.3</ele><time>2026-04-25T12:49:32-07:00</time><course>259.9467</course><roll>-4.114457</roll><pitch>-9.637426</pitch><mode /></trkpt><trkpt lat="35.1120366" lon="-118.478118"><ele>1318.28</ele><time>2026-04-25T12:49:32-07:00</time><course>261.102</course><roll>-4.67001</roll><pitch>-9.988682</pitch><mode /></trkpt><trkpt lat="35.112036" lon="-118.4781231"><ele>1318.22</ele><time>2026-04-25T12:49:32-07:00</time><course>260.0618</course><roll>-4.207149</roll><pitch>-10.17802</pitch><mode /></trkpt><trkpt lat="35.1120356" lon="-118.4781287"><ele>1318.1</ele><time>2026-04-25T12:49:33-07:00</time><course>258.5507</course><roll>-3.918854</roll><pitch>-11.44735</pitch><mode /></trkpt><trkpt lat="35.1120351" lon="-118.4781346"><ele>1318.05</ele><time>2026-04-25T12:49:33-07:00</time><course>258.3051</course><roll>-5.14931</roll><pitch>-11.75173</pitch><mode /></trkpt><trkpt lat="35.1120347" lon="-118.4781404"><ele>1317.98</ele><time>2026-04-25T12:49:33-07:00</time><course>257.6738</course><roll>-5.625737</roll><pitch>-11.2319</pitch><mode /></trkpt><trkpt lat="35.1120342" lon="-118.4781463"><ele>1317.91</ele><time>2026-04-25T12:49:33-07:00</time><course>258.2807</course><roll>-5.747871</roll><pitch>-10.91222</pitch><mode /></trkpt><trkpt lat="35.1120335" lon="-118.4781523"><ele>1317.88</ele><time>2026-04-25T12:49:33-07:00</time><course>258.9305</course><roll>-6.139301</roll><pitch>-10.88279</pitch><mode /></trkpt><trkpt lat="35.112033" lon="-118.4781587"><ele>1317.88</ele><time>2026-04-25T12:49:34-07:00</time><course>258.2174</course><roll>-6.365198</roll><pitch>-10.90957</pitch><mode /></trkpt><trkpt lat="35.1120328" lon="-118.4781654"><ele>1317.82</ele><time>2026-04-25T12:49:34-07:00</time><course>258.4312</course><roll>-6.129623</roll><pitch>-10.85887</pitch><mode /></trkpt><trkpt lat="35.1120325" lon="-118.478172"><ele>1317.81</ele><time>2026-04-25T12:49:34-07:00</time><course>259.3783</course><roll>-6.180459</roll><pitch>-11.27369</pitch><mode /></trkpt><trkpt lat="35.1120321" lon="-118.4781789"><ele>1317.72</ele><time>2026-04-25T12:49:34-07:00</time><course>260.1855</course><roll>-5.850862</roll><pitch>-11.40186</pitch><mode /></trkpt><trkpt lat="35.1120317" lon="-118.478186"><ele>1317.62</ele><time>2026-04-25T12:49:34-07:00</time><course>260.5115</course><roll>-7.33358</roll><pitch>-11.58882</pitch><mode /></trkpt><trkpt lat="35.1120314" lon="-118.4781931"><ele>1317.58</ele><time>2026-04-25T12:49:35-07:00</time><course>259.9226</course><roll>-6.719739</roll><pitch>-12.36251</pitch><mode /></trkpt><trkpt lat="35.1120313" lon="-118.4782005"><ele>1317.47</ele><time>2026-04-25T12:49:35-07:00</time><course>259.7151</course><roll>-5.976072</roll><pitch>-12.42527</pitch><mode /></trkpt><trkpt lat="35.1120309" lon="-118.4782078"><ele>1317.52</ele><time>2026-04-25T12:49:35-07:00</time><course>259.422</course><roll>-5.249251</roll><pitch>-12.33048</pitch><mode /></trkpt><trkpt lat="35.1120305" lon="-118.4782157"><ele>1317.43</ele><time>2026-04-25T12:49:35-07:00</time><course>260.1267</course><roll>-5.460536</roll><pitch>-11.97869</pitch><mode /></trkpt><trkpt lat="35.1120301" lon="-118.4782238"><ele>1317.46</ele><time>2026-04-25T12:49:35-07:00</time><course>260.6205</course><roll>-6.266094</roll><pitch>-12.38555</pitch><mode /></trkpt><trkpt lat="35.1120299" lon="-118.4782318"><ele>1317.44</ele><time>2026-04-25T12:49:36-07:00</time><course>260.3473</course><roll>-6.209727</roll><pitch>-12.11499</pitch><mode /></trkpt><trkpt lat="35.1120301" lon="-118.478246"><ele>1317.57</ele><time>2026-04-25T12:49:36-07:00</time><course>260.4086</course><roll>-6.507742</roll><pitch>-12.0493</pitch><mode /></trkpt><trkpt lat="35.1120304" lon="-118.4782525"><ele>1317.71</ele><time>2026-04-25T12:49:36-07:00</time><course>261.086</course><roll>-6.459444</roll><pitch>-11.44401</pitch><mode /></trkpt><trkpt lat="35.1120309" lon="-118.478259"><ele>1317.85</ele><time>2026-04-25T12:49:36-07:00</time><course>261.0391</course><roll>-7.036067</roll><pitch>-11.64523</pitch><mode /></trkpt><trkpt lat="35.1120317" lon="-118.4782648"><ele>1318.15</ele><time>2026-04-25T12:49:37-07:00</time><course>260.6983</course><roll>-7.377156</roll><pitch>-11.7717</pitch><mode /></trkpt><trkpt lat="35.1120325" lon="-118.4782709"><ele>1318.4</ele><time>2026-04-25T12:49:37-07:00</time><course>260.4282</course><roll>-5.617478</roll><pitch>-11.37406</pitch><mode /></trkpt><trkpt lat="35.1120335" lon="-118.4782774"><ele>1318.59</ele><time>2026-04-25T12:49:37-07:00</time><course>260.572</course><roll>-4.418877</roll><pitch>-11.07575</pitch><mode /></trkpt><trkpt lat="35.1120344" lon="-118.4782837"><ele>1318.82</ele><time>2026-04-25T12:49:37-07:00</time><course>260.9335</course><roll>-5.473274</roll><pitch>-10.83302</pitch><mode /></trkpt><trkpt lat="35.112035" lon="-118.4782908"><ele>1318.98</ele><time>2026-04-25T12:49:37-07:00</time><course>261.5159</course><roll>-5.425941</roll><pitch>-10.25453</pitch><mode /></trkpt><trkpt lat="35.1120357" lon="-118.4782991"><ele>1318.9</ele><time>2026-04-25T12:49:38-07:00</time><course>261.6487</course><roll>-6.763134</roll><pitch>-10.80358</pitch><mode /></trkpt><trkpt lat="35.1120364" lon="-118.4783073"><ele>1318.91</ele><time>2026-04-25T12:49:38-07:00</time><course>261.0171</course><roll>-6.512205</roll><pitch>-11.04541</pitch><mode /></trkpt><trkpt lat="35.1120372" lon="-118.478316"><ele>1318.86</ele><time>2026-04-25T12:49:38-07:00</time><course>261.3844</course><roll>-6.251623</roll><pitch>-11.03887</pitch><mode /></trkpt><trkpt lat="35.1120381" lon="-118.4783251"><ele>1318.87</ele><time>2026-04-25T12:49:38-07:00</time><course>261.6316</course><roll>-7.598639</roll><pitch>-11.00287</pitch><mode /></trkpt><trkpt lat="35.1120391" lon="-118.4783341"><ele>1318.92</ele><time>2026-04-25T12:49:38-07:00</time><course>261.9709</course><roll>-7.152697</roll><pitch>-10.88935</pitch><mode /></trkpt><trkpt lat="35.1120402" lon="-118.4783433"><ele>1318.96</ele><time>2026-04-25T12:49:39-07:00</time><course>262.2593</course><roll>-8.338645</roll><pitch>-10.79942</pitch><mode /></trkpt><trkpt lat="35.1120416" lon="-118.4783528"><ele>1318.93</ele><time>2026-04-25T12:49:39-07:00</time><course>261.8822</course><roll>-7.357511</roll><pitch>-11.18839</pitch><mode /></trkpt><trkpt lat="35.112043" lon="-118.4783627"><ele>1318.82</ele><time>2026-04-25T12:49:39-07:00</time><course>262.7455</course><roll>-7.60425</roll><pitch>-11.19322</pitch><mode /></trkpt><trkpt lat="35.1120444" lon="-118.4783726"><ele>1318.73</ele><time>2026-04-25T12:49:39-07:00</time><course>264.3168</course><roll>-9.352646</roll><pitch>-11.39958</pitch><mode /></trkpt><trkpt lat="35.112046" lon="-118.4783825"><ele>1318.71</ele><time>2026-04-25T12:49:39-07:00</time><course>263.866</course><roll>-8.555375</roll><pitch>-11.52197</pitch><mode /></trkpt><trkpt lat="35.1120479" lon="-118.4783925"><ele>1318.78</ele><time>2026-04-25T12:49:40-07:00</time><course>264.3543</course><roll>-7.98501</roll><pitch>-11.10272</pitch><mode /></trkpt><trkpt lat="35.1120498" lon="-118.4784026"><ele>1318.81</ele><time>2026-04-25T12:49:40-07:00</time><course>265.1301</course><roll>-8.716969</roll><pitch>-11.27933</pitch><mode /></trkpt><trkpt lat="35.1120519" lon="-118.478413"><ele>1318.82</ele><time>2026-04-25T12:49:40-07:00</time><course>265.4142</course><roll>-8.889535</roll><pitch>-11.33592</pitch><mode /></trkpt><trkpt lat="35.1120544" lon="-118.4784235"><ele>1318.86</ele><time>2026-04-25T12:49:40-07:00</time><course>266.4174</course><roll>-8.506042</roll><pitch>-10.13123</pitch><mode /></trkpt><trkpt lat="35.1120571" lon="-118.4784342"><ele>1318.92</ele><time>2026-04-25T12:49:40-07:00</time><course>267.0227</course><roll>-8.637923</roll><pitch>-9.946779</pitch><mode /></trkpt><trkpt lat="35.1120598" lon="-118.4784449"><ele>1318.95</ele><time>2026-04-25T12:49:41-07:00</time><course>266.786</course><roll>-7.644032</roll><pitch>-10.31549</pitch><mode /></trkpt><trkpt lat="35.1120626" lon="-118.4784555"><ele>1319.1</ele><time>2026-04-25T12:49:41-07:00</time><course>268.2179</course><roll>-7.619646</roll><pitch>-9.601014</pitch><mode /></trkpt><trkpt lat="35.1120657" lon="-118.4784662"><ele>1319.27</ele><time>2026-04-25T12:49:41-07:00</time><course>270.1898</course><roll>-8.381242</roll><pitch>-9.061469</pitch><mode /></trkpt><trkpt lat="35.112069" lon="-118.4784763"><ele>1319.49</ele><time>2026-04-25T12:49:41-07:00</time><course>270.4908</course><roll>-7.601183</roll><pitch>-8.603974</pitch><mode /></trkpt><trkpt lat="35.1120727" lon="-118.4784868"><ele>1319.59</ele><time>2026-04-25T12:49:41-07:00</time><course>270.8224</course><roll>-7.023008</roll><pitch>-7.732638</pitch><mode /></trkpt><trkpt lat="35.1120765" lon="-118.4784977"><ele>1319.59</ele><time>2026-04-25T12:49:42-07:00</time><course>272.2719</course><roll>-17.86897</roll><pitch>-8.643532</pitch><mode /></trkpt><trkpt lat="35.1120819" lon="-118.478508"><ele>1319.56</ele><time>2026-04-25T12:49:42-07:00</time><course>262.3063</course><roll>-13.05074</roll><pitch>-11.608</pitch><mode /></trkpt><trkpt lat="35.1120885" lon="-118.4785179"><ele>1319.62</ele><time>2026-04-25T12:49:42-07:00</time><course>259.2432</course><roll>-5.728512</roll><pitch>-11.46201</pitch><mode /></trkpt><trkpt lat="35.1120941" lon="-118.4785276"><ele>1319.73</ele><time>2026-04-25T12:49:42-07:00</time><course>264.5696</course><roll>-7.974022</roll><pitch>-8.639591</pitch><mode /></trkpt><trkpt lat="35.1120992" lon="-118.4785368"><ele>1319.89</ele><time>2026-04-25T12:49:42-07:00</time><course>266.7151</course><roll>-7.715274</roll><pitch>-6.295772</pitch><mode /></trkpt><trkpt lat="35.1121045" lon="-118.4785461"><ele>1319.97</ele><time>2026-04-25T12:49:43-07:00</time><course>269.8976</course><roll>-4.158834</roll><pitch>-4.593061</pitch><mode /></trkpt><trkpt lat="35.1121096" lon="-118.478556"><ele>1319.98</ele><time>2026-04-25T12:49:43-07:00</time><course>274.1129</course><roll>-3.814814</roll><pitch>-3.766898</pitch><mode /></trkpt><trkpt lat="35.1121151" lon="-118.4785662"><ele>1319.91</ele><time>2026-04-25T12:49:43-07:00</time><course>274.7931</course><roll>-4.06136</roll><pitch>-4.883929</pitch><mode /></trkpt><trkpt lat="35.1121209" lon="-118.478577"><ele>1319.69</ele><time>2026-04-25T12:49:43-07:00</time><course>273.0702</course><roll>-5.069026</roll><pitch>-6.342694</pitch><mode /></trkpt><trkpt lat="35.1121271" lon="-118.4785876"><ele>1319.62</ele><time>2026-04-25T12:49:43-07:00</time><course>271.4046</course><roll>-2.88607</roll><pitch>-6.805743</pitch><mode /></trkpt><trkpt lat="35.1121335" lon="-118.4785981"><ele>1319.56</ele><time>2026-04-25T12:49:44-07:00</time><course>269.3453</course><roll>-5.060031</roll><pitch>-7.761011</pitch><mode /></trkpt><trkpt lat="35.1121399" lon="-118.4786073"><ele>1319.71</ele><time>2026-04-25T12:49:44-07:00</time><course>267.0762</course><roll>-5.323207</roll><pitch>-7.891917</pitch><mode /></trkpt><trkpt lat="35.1121461" lon="-118.4786172"><ele>1319.72</ele><time>2026-04-25T12:49:44-07:00</time><course>270.5556</course><roll>-12.93725</roll><pitch>-6.94295</pitch><mode /></trkpt><trkpt lat="35.1121522" lon="-118.4786272"><ele>1319.57</ele><time>2026-04-25T12:49:44-07:00</time><course>273.7968</course><roll>-16.15768</roll><pitch>-7.492786</pitch><mode /></trkpt><trkpt lat="35.1121593" lon="-118.4786368"><ele>1319.35</ele><time>2026-04-25T12:49:44-07:00</time><course>271.2708</course><roll>-13.02768</roll><pitch>-9.001873</pitch><mode /></trkpt><trkpt lat="35.1121677" lon="-118.4786458"><ele>1319.26</ele><time>2026-04-25T12:49:45-07:00</time><course>268.9142</course><roll>-5.520685</roll><pitch>-8.884048</pitch><mode /></trkpt><trkpt lat="35.1121753" lon="-118.4786544"><ele>1319.31</ele><time>2026-04-25T12:49:45-07:00</time><course>275.6134</course><roll>-4.357728</roll><pitch>-6.34011</pitch><mode /></trkpt><trkpt lat="35.1121824" lon="-118.4786632"><ele>1319.23</ele><time>2026-04-25T12:49:45-07:00</time><course>278.8175</course><roll>-6.129054</roll><pitch>-5.783525</pitch><mode /></trkpt><trkpt lat="35.1121903" lon="-118.4786714"><ele>1319.1</ele><time>2026-04-25T12:49:45-07:00</time><course>277.1428</course><roll>-4.853153</roll><pitch>-6.658713</pitch><mode /></trkpt><trkpt lat="35.1121984" lon="-118.4786795"><ele>1319.04</ele><time>2026-04-25T12:49:45-07:00</time><course>275.5735</course><roll>-3.968174</roll><pitch>-6.580388</pitch><mode /></trkpt><trkpt lat="35.1122066" lon="-118.4786877"><ele>1318.98</ele><time>2026-04-25T12:49:46-07:00</time><course>275.3516</course><roll>-2.136581</roll><pitch>-5.761784</pitch><mode /></trkpt><trkpt lat="35.1122145" lon="-118.4786959"><ele>1318.83</ele><time>2026-04-25T12:49:46-07:00</time><course>277.2056</course><roll>-2.629358</roll><pitch>-5.786641</pitch><mode /></trkpt><trkpt lat="35.1122222" lon="-118.4787039"><ele>1318.74</ele><time>2026-04-25T12:49:46-07:00</time><course>276.8213</course><roll>-1.675196</roll><pitch>-6.526833</pitch><mode /></trkpt><trkpt lat="35.1122302" lon="-118.4787111"><ele>1318.77</ele><time>2026-04-25T12:49:46-07:00</time><course>273.9155</course><roll>-2.39215</roll><pitch>-7.17839</pitch><mode /></trkpt><trkpt lat="35.112238" lon="-118.4787193"><ele>1318.58</ele><time>2026-04-25T12:49:46-07:00</time><course>272.6106</course><roll>-2.341789</roll><pitch>-7.276312</pitch><mode /></trkpt><trkpt lat="35.1122457" lon="-118.4787273"><ele>1318.35</ele><time>2026-04-25T12:49:47-07:00</time><course>272.8799</course><roll>-0.1087311</roll><pitch>-7.327108</pitch><mode /></trkpt><trkpt lat="35.1122531" lon="-118.4787357"><ele>1318.09</ele><time>2026-04-25T12:49:47-07:00</time><course>273.5334</course><roll>-1.030645</roll><pitch>-8.485666</pitch><mode /></trkpt><trkpt lat="35.1122603" lon="-118.4787435"><ele>1318.09</ele><time>2026-04-25T12:49:47-07:00</time><course>276.736</course><roll>-3.844258</roll><pitch>-8.880007</pitch><mode /></trkpt><trkpt lat="35.1122674" lon="-118.4787515"><ele>1318.11</ele><time>2026-04-25T12:49:47-07:00</time><course>278.6096</course><roll>-4.777715</roll><pitch>-8.640934</pitch><mode /></trkpt><trkpt lat="35.1122747" lon="-118.4787591"><ele>1318.13</ele><time>2026-04-25T12:49:47-07:00</time><course>278.0422</course><roll>-0.702625</roll><pitch>-9.436072</pitch><mode /></trkpt><trkpt lat="35.1122819" lon="-118.4787673"><ele>1318.08</ele><time>2026-04-25T12:49:48-07:00</time><course>276.1875</course><roll>-0.9124126</roll><pitch>-10.33203</pitch><mode /></trkpt><trkpt lat="35.1122892" lon="-118.478775"><ele>1318.15</ele><time>2026-04-25T12:49:48-07:00</time><course>275.0716</course><roll>-2.317559</roll><pitch>-10.69282</pitch><mode /></trkpt><trkpt lat="35.1122961" lon="-118.4787831"><ele>1318.17</ele><time>2026-04-25T12:49:48-07:00</time><course>277.8251</course><roll>-5.210695</roll><pitch>-9.931534</pitch><mode /></trkpt><trkpt lat="35.1123031" lon="-118.478791"><ele>1318.2</ele><time>2026-04-25T12:49:48-07:00</time><course>278.0333</course><roll>-7.654469</roll><pitch>-10.02496</pitch><mode /></trkpt><trkpt lat="35.1123103" lon="-118.4787986"><ele>1318.26</ele><time>2026-04-25T12:49:48-07:00</time><course>279.3982</course><roll>-7.794</roll><pitch>-10.11647</pitch><mode /></trkpt><trkpt lat="35.1123175" lon="-118.4788062"><ele>1318.31</ele><time>2026-04-25T12:49:49-07:00</time><course>281.2975</course><roll>-10.46302</roll><pitch>-9.857617</pitch><mode /></trkpt><trkpt lat="35.112325" lon="-118.4788144"><ele>1318.27</ele><time>2026-04-25T12:49:49-07:00</time><course>283.8726</course><roll>-11.81751</roll><pitch>-10.0911</pitch><mode /></trkpt><trkpt lat="35.1123332" lon="-118.4788231"><ele>1318.08</ele><time>2026-04-25T12:49:49-07:00</time><course>282.6767</course><roll>-2.624843</roll><pitch>-11.69499</pitch><mode /></trkpt><trkpt lat="35.1123419" lon="-118.4788321"><ele>1317.81</ele><time>2026-04-25T12:49:49-07:00</time><course>280.1194</course><roll>-2.616704</roll><pitch>-13.69565</pitch><mode /></trkpt><trkpt lat="35.1123503" lon="-118.4788414"><ele>1317.56</ele><time>2026-04-25T12:49:49-07:00</time><course>278.7076</course><roll>-4.739208</roll><pitch>-14.84918</pitch><mode /></trkpt><trkpt lat="35.1123588" lon="-118.4788511"><ele>1317.43</ele><time>2026-04-25T12:49:50-07:00</time><course>278.3421</course><roll>-9.804463</roll><pitch>-14.46525</pitch><mode /></trkpt><trkpt lat="35.1123676" lon="-118.4788595"><ele>1317.56</ele><time>2026-04-25T12:49:50-07:00</time><course>278.9687</course><roll>-10.81575</roll><pitch>-13.62388</pitch><mode /></trkpt><trkpt lat="35.1123767" lon="-118.4788682"><ele>1317.6</ele><time>2026-04-25T12:49:50-07:00</time><course>280.4451</course><roll>-11.55188</roll><pitch>-13.72022</pitch><mode /></trkpt><trkpt lat="35.112386" lon="-118.4788761"><ele>1317.68</ele><time>2026-04-25T12:49:50-07:00</time><course>281.871</course><roll>-13.33481</roll><pitch>-14.59439</pitch><mode /></trkpt><trkpt lat="35.1123961" lon="-118.4788848"><ele>1317.6</ele><time>2026-04-25T12:49:50-07:00</time><course>282.0551</course><roll>-14.11862</roll><pitch>-15.4791</pitch><mode /></trkpt><trkpt lat="35.1124065" lon="-118.4788928"><ele>1317.55</ele><time>2026-04-25T12:49:51-07:00</time><course>283.9151</course><roll>-13.83533</roll><pitch>-15.28712</pitch><mode /></trkpt><trkpt lat="35.1124172" lon="-118.4789001"><ele>1317.52</ele><time>2026-04-25T12:49:51-07:00</time><course>285.9818</course><roll>-13.74657</roll><pitch>-15.13058</pitch><mode /></trkpt><trkpt lat="35.1124284" lon="-118.4789064"><ele>1317.55</ele><time>2026-04-25T12:49:51-07:00</time><course>287.8664</course><roll>-17.36368</roll><pitch>-15.20247</pitch><mode /></trkpt><trkpt lat="35.1124398" lon="-118.4789118"><ele>1317.59</ele><time>2026-04-25T12:49:51-07:00</time><course>289.8302</course><roll>-15.21488</roll><pitch>-15.86206</pitch><mode /></trkpt><trkpt lat="35.1124515" lon="-118.4789166"><ele>1317.69</ele><time>2026-04-25T12:49:51-07:00</time><course>292.9195</course><roll>-11.67534</roll><pitch>-14.357</pitch><mode /></trkpt><trkpt lat="35.1124639" lon="-118.4789215"><ele>1317.77</ele><time>2026-04-25T12:49:52-07:00</time><course>293.7153</course><roll>-9.107535</roll><pitch>-13.36219</pitch><mode /></trkpt><trkpt lat="35.1124764" lon="-118.4789263"><ele>1317.79</ele><time>2026-04-25T12:49:52-07:00</time><course>296.2792</course><roll>-5.767635</roll><pitch>-11.73224</pitch><mode /></trkpt><trkpt lat="35.1124887" lon="-118.478931"><ele>1317.82</ele><time>2026-04-25T12:49:52-07:00</time><course>298.0179</course><roll>-2.997493</roll><pitch>-10.25245</pitch><mode /></trkpt><trkpt lat="35.1125011" lon="-118.4789359"><ele>1317.86</ele><time>2026-04-25T12:49:52-07:00</time><course>300.2651</course><roll>-5.010468</roll><pitch>-10.03168</pitch><mode /></trkpt><trkpt lat="35.1125139" lon="-118.4789411"><ele>1317.81</ele><time>2026-04-25T12:49:52-07:00</time><course>299.8837</course><roll>-2.659986</roll><pitch>-10.13546</pitch><mode /></trkpt><trkpt lat="35.1125267" lon="-118.4789466"><ele>1317.73</ele><time>2026-04-25T12:49:53-07:00</time><course>300.6498</course><roll>-3.30686</roll><pitch>-10.64363</pitch><mode /></trkpt><trkpt lat="35.1125395" lon="-118.4789522"><ele>1317.6</ele><time>2026-04-25T12:49:53-07:00</time><course>299.7887</course><roll>-5.093044</roll><pitch>-11.44667</pitch><mode /></trkpt><trkpt lat="35.1125526" lon="-118.478958"><ele>1317.44</ele><time>2026-04-25T12:49:53-07:00</time><course>299.0848</course><roll>-5.489494</roll><pitch>-11.65511</pitch><mode /></trkpt><trkpt lat="35.112566" lon="-118.4789642"><ele>1317.33</ele><time>2026-04-25T12:49:53-07:00</time><course>300.4024</course><roll>-5.458618</roll><pitch>-11.27403</pitch><mode /></trkpt><trkpt lat="35.1125794" lon="-118.4789709"><ele>1317.22</ele><time>2026-04-25T12:49:53-07:00</time><course>302.8595</course><roll>-2.560739</roll><pitch>-10.51759</pitch><mode /></trkpt><trkpt lat="35.1125928" lon="-118.4789774"><ele>1317.09</ele><time>2026-04-25T12:49:54-07:00</time><course>303.0101</course><roll>-2.389868</roll><pitch>-14.7975</pitch><mode /></trkpt><trkpt lat="35.112607" lon="-118.4789839"><ele>1316.97</ele><time>2026-04-25T12:49:54-07:00</time><course>300.8213</course><roll>-12.86735</roll><pitch>-16.53961</pitch><mode /></trkpt><trkpt lat="35.112622" lon="-118.4789896"><ele>1316.99</ele><time>2026-04-25T12:49:54-07:00</time><course>294.8887</course><roll>-16.43707</roll><pitch>-15.94779</pitch><mode /></trkpt><trkpt lat="35.1126374" lon="-118.4789941"><ele>1317.16</ele><time>2026-04-25T12:49:54-07:00</time><course>292.1828</course><roll>-16.71651</roll><pitch>-13.45238</pitch><mode /></trkpt><trkpt lat="35.1126527" lon="-118.4789993"><ele>1317.18</ele><time>2026-04-25T12:49:54-07:00</time><course>296.9586</course><roll>-19.30698</roll><pitch>-9.022506</pitch><mode /></trkpt><trkpt lat="35.1126688" lon="-118.4790058"><ele>1316.85</ele><time>2026-04-25T12:49:55-07:00</time><course>300.5154</course><roll>-20.12722</roll><pitch>-8.758517</pitch><mode /></trkpt><trkpt lat="35.1126862" lon="-118.4790123"><ele>1316.57</ele><time>2026-04-25T12:49:55-07:00</time><course>302.1634</course><roll>-16.64948</roll><pitch>-10.30917</pitch><mode /></trkpt><trkpt lat="35.1127038" lon="-118.4790181"><ele>1316.52</ele><time>2026-04-25T12:49:55-07:00</time><course>308.2691</course><roll>-21.218</roll><pitch>-9.277877</pitch><mode /></trkpt><trkpt lat="35.1127225" lon="-118.479023"><ele>1316.54</ele><time>2026-04-25T12:49:55-07:00</time><course>313.5082</course><roll>-26.50759</roll><pitch>-8.465896</pitch><mode /></trkpt><trkpt lat="35.1127423" lon="-118.4790266"><ele>1316.59</ele><time>2026-04-25T12:49:55-07:00</time><course>316.5573</course><roll>-27.26123</roll><pitch>-10.58566</pitch><mode /></trkpt><trkpt lat="35.1127637" lon="-118.4790293"><ele>1316.6</ele><time>2026-04-25T12:49:56-07:00</time><course>316.9936</course><roll>-27.43337</roll><pitch>-14.45857</pitch><mode /></trkpt><trkpt lat="35.1127864" lon="-118.4790296"><ele>1316.83</ele><time>2026-04-25T12:49:56-07:00</time><course>316.3669</course><roll>-24.95043</roll><pitch>-15.58371</pitch><mode /></trkpt><trkpt lat="35.1128098" lon="-118.4790294"><ele>1317.01</ele><time>2026-04-25T12:49:56-07:00</time><course>323.2173</course><roll>-27.43979</roll><pitch>-11.43916</pitch><mode /></trkpt><trkpt lat="35.1128335" lon="-118.4790285"><ele>1317.14</ele><time>2026-04-25T12:49:56-07:00</time><course>328.5695</course><roll>-31.85491</roll><pitch>-10.10108</pitch><mode /></trkpt><trkpt lat="35.112858" lon="-118.4790258"><ele>1317.2</ele><time>2026-04-25T12:49:56-07:00</time><course>330.9011</course><roll>-32.26538</roll><pitch>-12.25051</pitch><mode /></trkpt><trkpt lat="35.1128833" lon="-118.4790208"><ele>1317.3</ele><time>2026-04-25T12:49:57-07:00</time><course>333.9763</course><roll>-32.3682</roll><pitch>-12.98205</pitch><mode /></trkpt><trkpt lat="35.1129095" lon="-118.4790144"><ele>1317.42</ele><time>2026-04-25T12:49:57-07:00</time><course>339.2078</course><roll>-31.17711</roll><pitch>-11.30159</pitch><mode /></trkpt><trkpt lat="35.1129366" lon="-118.4790068"><ele>1317.46</ele><time>2026-04-25T12:49:57-07:00</time><course>345.9341</course><roll>-32.47205</roll><pitch>-8.737286</pitch><mode /></trkpt><trkpt lat="35.1129646" lon="-118.4789978"><ele>1317.38</ele><time>2026-04-25T12:49:57-07:00</time><course>350.8928</course><roll>-35.09584</roll><pitch>-8.591047</pitch><mode /></trkpt><trkpt lat="35.1129935" lon="-118.4789868"><ele>1317.38</ele><time>2026-04-25T12:49:57-07:00</time><course>357.4745</course><roll>-37.53696</roll><pitch>-7.799944</pitch><mode /></trkpt><trkpt lat="35.1130226" lon="-118.4789731"><ele>1317.48</ele><time>2026-04-25T12:49:58-07:00</time><course>4.564596</course><roll>-43.30173</roll><pitch>-7.807472</pitch><mode /></trkpt><trkpt lat="35.1130513" lon="-118.4789563"><ele>1317.45</ele><time>2026-04-25T12:49:58-07:00</time><course>9.391393</course><roll>-41.93892</roll><pitch>-11.65347</pitch><mode /></trkpt><trkpt lat="35.1130798" lon="-118.4789358"><ele>1317.39</ele><time>2026-04-25T12:49:58-07:00</time><course>15.74909</course><roll>-43.17104</roll><pitch>-13.5865</pitch><mode /></trkpt><trkpt lat="35.1131078" lon="-118.4789125"><ele>1317.55</ele><time>2026-04-25T12:49:58-07:00</time><course>20.44452</course><roll>-46.00377</roll><pitch>-14.69939</pitch><mode /></trkpt><trkpt lat="35.1131347" lon="-118.478887"><ele>1317.58</ele><time>2026-04-25T12:49:58-07:00</time><course>26.89384</course><roll>-42.23038</roll><pitch>-14.69261</pitch><mode /></trkpt><trkpt lat="35.1131606" lon="-118.4788582"><ele>1317.73</ele><time>2026-04-25T12:49:59-07:00</time><course>36.99134</course><roll>-41.04034</roll><pitch>-11.73559</pitch><mode /></trkpt><trkpt lat="35.1131844" lon="-118.4788273"><ele>1317.91</ele><time>2026-04-25T12:49:59-07:00</time><course>41.18352</course><roll>-38.79642</roll><pitch>-11.14214</pitch><mode /></trkpt><trkpt lat="35.1132065" lon="-118.4787946"><ele>1318.02</ele><time>2026-04-25T12:49:59-07:00</time><course>45.05363</course><roll>-37.93325</roll><pitch>-12.57275</pitch><mode /></trkpt><trkpt lat="35.1132273" lon="-118.4787597"><ele>1318.06</ele><time>2026-04-25T12:49:59-07:00</time><course>48.45456</course><roll>-36.45441</roll><pitch>-12.46499</pitch><mode /></trkpt><trkpt lat="35.1132465" lon="-118.4787233"><ele>1318.19</ele><time>2026-04-25T12:49:59-07:00</time><course>53.97176</course><roll>-34.98035</roll><pitch>-9.808619</pitch><mode /></trkpt><trkpt lat="35.1132639" lon="-118.4786865"><ele>1318.3</ele><time>2026-04-25T12:50:00-07:00</time><course>62.59566</course><roll>-39.27728</roll><pitch>-7.692767</pitch><mode /></trkpt><trkpt lat="35.1132787" lon="-118.4786481"><ele>1318.45</ele><time>2026-04-25T12:50:00-07:00</time><course>63.27359</course><roll>-38.45551</roll><pitch>-9.792636</pitch><mode /></trkpt><trkpt lat="35.1132904" lon="-118.4786095"><ele>1318.55</ele><time>2026-04-25T12:50:00-07:00</time><course>66.43037</course><roll>-37.4772</roll><pitch>-10.76184</pitch><mode /></trkpt><trkpt lat="35.1132993" lon="-118.4785712"><ele>1318.88</ele><time>2026-04-25T12:50:00-07:00</time><course>71.63646</course><roll>-38.84706</roll><pitch>-9.813858</pitch><mode /></trkpt><trkpt lat="35.1133059" lon="-118.478532"><ele>1319.37</ele><time>2026-04-25T12:50:00-07:00</time><course>72.33614</course><roll>-32.01276</roll><pitch>-8.591042</pitch><mode /></trkpt><trkpt lat="35.113311" lon="-118.4784931"><ele>1319.67</ele><time>2026-04-25T12:50:01-07:00</time><course>70.51166</course><roll>-19.6613</roll><pitch>-7.001274</pitch><mode /></trkpt><trkpt lat="35.1133144" lon="-118.4784556"><ele>1320.05</ele><time>2026-04-25T12:50:01-07:00</time><course>78.48824</course><roll>-10.27539</roll><pitch>-0.7547452</pitch><mode /></trkpt><trkpt lat="35.1133184" lon="-118.4784176"><ele>1320.43</ele><time>2026-04-25T12:50:01-07:00</time><course>89.51028</course><roll>-4.336743</roll><pitch>4.777214</pitch><mode /></trkpt><trkpt lat="35.1133232" lon="-118.4783789"><ele>1320.57</ele><time>2026-04-25T12:50:01-07:00</time><course>100.1668</course><roll>-0.7214938</roll><pitch>5.037538</pitch><mode /></trkpt><trkpt lat="35.1133271" lon="-118.4783403"><ele>1320.77</ele><time>2026-04-25T12:50:01-07:00</time><course>103.7272</course><roll>-2.846508</roll><pitch>1.643143</pitch><mode /></trkpt><trkpt lat="35.1133305" lon="-118.4783024"><ele>1320.91</ele><time>2026-04-25T12:50:02-07:00</time><course>103.079</course><roll>-16.21895</roll><pitch>1.579127</pitch><mode /></trkpt><trkpt lat="35.1133328" lon="-118.4782648"><ele>1321.02</ele><time>2026-04-25T12:50:02-07:00</time><course>102.2351</course><roll>-20.19363</roll><pitch>1.843685</pitch><mode /></trkpt><trkpt lat="35.1133354" lon="-118.4782268"><ele>1320.91</ele><time>2026-04-25T12:50:02-07:00</time><course>106.1237</course><roll>-21.62246</roll><pitch>3.194109</pitch><mode /></trkpt><trkpt lat="35.1133368" lon="-118.4781885"><ele>1320.96</ele><time>2026-04-25T12:50:02-07:00</time><course>110.971</course><roll>-24.90448</roll><pitch>3.035547</pitch><mode /></trkpt><trkpt lat="35.1133363" lon="-118.4781514"><ele>1320.95</ele><time>2026-04-25T12:50:02-07:00</time><course>112.3105</course><roll>-27.82928</roll><pitch>0.3338242</pitch><mode /></trkpt><trkpt lat="35.1133347" lon="-118.4781146"><ele>1320.84</ele><time>2026-04-25T12:50:03-07:00</time><course>116.3528</course><roll>-28.93469</roll><pitch>-0.6365644</pitch><mode /></trkpt><trkpt lat="35.1133315" lon="-118.4780782"><ele>1320.66</ele><time>2026-04-25T12:50:03-07:00</time><course>119.054</course><roll>-29.54265</roll><pitch>-1.074</pitch><mode /></trkpt><trkpt lat="35.113327" lon="-118.4780426"><ele>1320.35</ele><time>2026-04-25T12:50:03-07:00</time><course>120.7224</course><roll>-26.90464</roll><pitch>-2.217954</pitch><mode /></trkpt><trkpt lat="35.1133225" lon="-118.4780075"><ele>1319.95</ele><time>2026-04-25T12:50:03-07:00</time><course>126.402</course><roll>-23.64905</roll><pitch>-0.9627497</pitch><mode /></trkpt><trkpt lat="35.1133171" lon="-118.4779725"><ele>1319.58</ele><time>2026-04-25T12:50:03-07:00</time><course>133.1421</course><roll>-22.46531</roll><pitch>0.3329242</pitch><mode /></trkpt><trkpt lat="35.1133109" lon="-118.4779378"><ele>1319.01</ele><time>2026-04-25T12:50:04-07:00</time><course>137.6206</course><roll>-26.31968</roll><pitch>-1.302416</pitch><mode /></trkpt><trkpt lat="35.1133036" lon="-118.4779038"><ele>1318.42</ele><time>2026-04-25T12:50:04-07:00</time><course>138.7216</course><roll>-29.47928</roll><pitch>-3.490336</pitch><mode /></trkpt><trkpt lat="35.1132945" lon="-118.4778714"><ele>1317.88</ele><time>2026-04-25T12:50:04-07:00</time><course>138.708</course><roll>-29.95968</roll><pitch>-5.147849</pitch><mode /></trkpt><trkpt lat="35.1132842" lon="-118.4778404"><ele>1317.36</ele><time>2026-04-25T12:50:04-07:00</time><course>137.7153</course><roll>-24.98397</roll><pitch>-8.098893</pitch><mode /></trkpt><trkpt lat="35.1132731" lon="-118.4778105"><ele>1316.89</ele><time>2026-04-25T12:50:04-07:00</time><course>140.886</course><roll>-21.8306</roll><pitch>-8.777742</pitch><mode /></trkpt><trkpt lat="35.1132612" lon="-118.4777816"><ele>1316.48</ele><time>2026-04-25T12:50:05-07:00</time><course>145.277</course><roll>-24.32663</roll><pitch>-9.599337</pitch><mode /></trkpt><trkpt lat="35.1132485" lon="-118.4777543"><ele>1316.03</ele><time>2026-04-25T12:50:05-07:00</time><course>146.6069</course><roll>-23.04013</roll><pitch>-11.26922</pitch><mode /></trkpt><trkpt lat="35.113235" lon="-118.4777283"><ele>1315.67</ele><time>2026-04-25T12:50:05-07:00</time><course>147.0237</course><roll>-18.10117</roll><pitch>-11.9899</pitch><mode /></trkpt><trkpt lat="35.113222" lon="-118.4777041"><ele>1315.36</ele><time>2026-04-25T12:50:05-07:00</time><course>149.1422</course><roll>-19.8389</roll><pitch>-10.2204</pitch><mode /></trkpt><trkpt lat="35.1132082" lon="-118.4776805"><ele>1315.22</ele><time>2026-04-25T12:50:05-07:00</time><course>152.2915</course><roll>-18.92809</roll><pitch>-9.480521</pitch><mode /></trkpt><trkpt lat="35.1131941" lon="-118.4776573"><ele>1315.09</ele><time>2026-04-25T12:50:06-07:00</time><course>156.8914</course><roll>-20.2495</roll><pitch>-8.770357</pitch><mode /></trkpt><trkpt lat="35.1131803" lon="-118.4776354"><ele>1314.94</ele><time>2026-04-25T12:50:06-07:00</time><course>157.7488</course><roll>-18.56079</roll><pitch>-9.669146</pitch><mode /></trkpt><trkpt lat="35.1131662" lon="-118.4776146"><ele>1314.75</ele><time>2026-04-25T12:50:06-07:00</time><course>159.4196</course><roll>-17.0034</roll><pitch>-10.18824</pitch><mode /></trkpt><trkpt lat="35.1131519" lon="-118.4775941"><ele>1314.59</ele><time>2026-04-25T12:50:06-07:00</time><course>162.2298</course><roll>-17.08748</roll><pitch>-9.430145</pitch><mode /></trkpt><trkpt lat="35.1131373" lon="-118.4775745"><ele>1314.36</ele><time>2026-04-25T12:50:06-07:00</time><course>164.248</course><roll>-17.09019</roll><pitch>-9.927752</pitch><mode /></trkpt><trkpt lat="35.1131224" lon="-118.4775564"><ele>1314.25</ele><time>2026-04-25T12:50:07-07:00</time><course>166.0751</course><roll>-14.75871</roll><pitch>-9.820916</pitch><mode /></trkpt><trkpt lat="35.113107" lon="-118.4775382"><ele>1314.16</ele><time>2026-04-25T12:50:07-07:00</time><course>169.8482</course><roll>-17.95335</roll><pitch>-8.582637</pitch><mode /></trkpt><trkpt lat="35.1130918" lon="-118.4775207"><ele>1314.15</ele><time>2026-04-25T12:50:07-07:00</time><course>175.2217</course><roll>-22.42344</roll><pitch>-8.986491</pitch><mode /></trkpt><trkpt lat="35.1130762" lon="-118.4775042"><ele>1313.93</ele><time>2026-04-25T12:50:07-07:00</time><course>178.4969</course><roll>-21.11201</roll><pitch>-10.18414</pitch><mode /></trkpt><trkpt lat="35.1130608" lon="-118.4774883"><ele>1313.8</ele><time>2026-04-25T12:50:07-07:00</time><course>185.1078</course><roll>-19.89303</roll><pitch>-10.07732</pitch><mode /></trkpt><trkpt lat="35.1130454" lon="-118.4774736"><ele>1313.69</ele><time>2026-04-25T12:50:08-07:00</time><course>187.3715</course><roll>-20.81031</roll><pitch>-10.51476</pitch><mode /></trkpt><trkpt lat="35.11303" lon="-118.4774605"><ele>1313.69</ele><time>2026-04-25T12:50:08-07:00</time><course>190.0014</course><roll>-19.34334</roll><pitch>-11.16805</pitch><mode /></trkpt><trkpt lat="35.1130147" lon="-118.4774482"><ele>1313.66</ele><time>2026-04-25T12:50:08-07:00</time><course>192.0108</course><roll>-12.45951</roll><pitch>-10.1593</pitch><mode /></trkpt><trkpt lat="35.1129994" lon="-118.4774361"><ele>1313.63</ele><time>2026-04-25T12:50:08-07:00</time><course>193.8136</course><roll>-12.7507</roll><pitch>-9.359906</pitch><mode /></trkpt><trkpt lat="35.1129846" lon="-118.4774254"><ele>1313.59</ele><time>2026-04-25T12:50:08-07:00</time><course>189.674</course><roll>-10.4708</roll><pitch>-10.59026</pitch><mode /></trkpt><trkpt lat="35.1129701" lon="-118.4774153"><ele>1313.53</ele><time>2026-04-25T12:50:09-07:00</time><course>190.9707</course><roll>-12.69134</roll><pitch>-9.064168</pitch><mode /></trkpt><trkpt lat="35.1129553" lon="-118.477405"><ele>1313.49</ele><time>2026-04-25T12:50:09-07:00</time><course>192.7862</course><roll>-13.35047</roll><pitch>-8.528808</pitch><mode /></trkpt><trkpt lat="35.1129403" lon="-118.4773952"><ele>1313.46</ele><time>2026-04-25T12:50:09-07:00</time><course>194.8658</course><roll>-12.29327</roll><pitch>-8.53088</pitch><mode /></trkpt><trkpt lat="35.1129254" lon="-118.4773863"><ele>1313.51</ele><time>2026-04-25T12:50:09-07:00</time><course>195.3089</course><roll>-12.15305</roll><pitch>-8.603946</pitch><mode /></trkpt><trkpt lat="35.11291" lon="-118.4773783"><ele>1313.57</ele><time>2026-04-25T12:50:09-07:00</time><course>192.8417</course><roll>-11.13941</roll><pitch>-8.781404</pitch><mode /></trkpt><trkpt lat="35.1128945" lon="-118.4773706"><ele>1313.76</ele><time>2026-04-25T12:50:10-07:00</time><course>194.2589</course><roll>-11.28117</roll><pitch>-7.008878</pitch><mode /></trkpt><trkpt lat="35.1128788" lon="-118.4773633"><ele>1313.9</ele><time>2026-04-25T12:50:10-07:00</time><course>196.9971</course><roll>-10.96231</roll><pitch>-5.931089</pitch><mode /></trkpt><trkpt lat="35.1128627" lon="-118.4773565"><ele>1313.97</ele><time>2026-04-25T12:50:10-07:00</time><course>199.0186</course><roll>-13.75717</roll><pitch>-6.095304</pitch><mode /></trkpt><trkpt lat="35.112847" lon="-118.4773503"><ele>1313.97</ele><time>2026-04-25T12:50:10-07:00</time><course>198.265</course><roll>-11.8699</roll><pitch>-7.199632</pitch><mode /></trkpt><trkpt lat="35.1128312" lon="-118.477345"><ele>1314.02</ele><time>2026-04-25T12:50:10-07:00</time><course>199.8683</course><roll>-10.14071</roll><pitch>-6.508597</pitch><mode /></trkpt><trkpt lat="35.1128145" lon="-118.4773395"><ele>1313.97</ele><time>2026-04-25T12:50:11-07:00</time><course>205.7036</course><roll>-13.55345</roll><pitch>-5.553048</pitch><mode /></trkpt><trkpt lat="35.1127981" lon="-118.4773352"><ele>1313.86</ele><time>2026-04-25T12:50:11-07:00</time><course>203.4151</course><roll>-12.77838</roll><pitch>-7.025128</pitch><mode /></trkpt><trkpt lat="35.1127823" lon="-118.477332"><ele>1313.73</ele><time>2026-04-25T12:50:11-07:00</time><course>202.6464</course><roll>-9.039437</roll><pitch>-6.955935</pitch><mode /></trkpt><trkpt lat="35.1127672" lon="-118.4773292"><ele>1313.76</ele><time>2026-04-25T12:50:11-07:00</time><course>208.0656</course><roll>-11.0236</roll><pitch>-5.298748</pitch><mode /></trkpt><trkpt lat="35.1127525" lon="-118.4773265"><ele>1313.79</ele><time>2026-04-25T12:50:11-07:00</time><course>207.366</course><roll>-11.60829</roll><pitch>-6.459081</pitch><mode /></trkpt><trkpt lat="35.1127375" lon="-118.4773247"><ele>1313.65</ele><time>2026-04-25T12:50:12-07:00</time><course>205.4803</course><roll>-10.53653</roll><pitch>-7.269763</pitch><mode /></trkpt><trkpt lat="35.1127225" lon="-118.477324"><ele>1313.67</ele><time>2026-04-25T12:50:12-07:00</time><course>205.0366</course><roll>-11.15599</roll><pitch>-6.962425</pitch><mode /></trkpt><trkpt lat="35.1127074" lon="-118.4773232"><ele>1313.61</ele><time>2026-04-25T12:50:12-07:00</time><course>205.2156</course><roll>-11.00605</roll><pitch>-6.216559</pitch><mode /></trkpt><trkpt lat="35.1126926" lon="-118.4773227"><ele>1313.54</ele><time>2026-04-25T12:50:12-07:00</time><course>206.8264</course><roll>-13.45184</roll><pitch>-6.194592</pitch><mode /></trkpt><trkpt lat="35.1126776" lon="-118.4773234"><ele>1313.46</ele><time>2026-04-25T12:50:12-07:00</time><course>206.4983</course><roll>-12.22183</roll><pitch>-6.535484</pitch><mode /></trkpt><trkpt lat="35.1126626" lon="-118.477325"><ele>1313.41</ele><time>2026-04-25T12:50:13-07:00</time><course>208.3469</course><roll>-11.26638</roll><pitch>-6.41722</pitch><mode /></trkpt><trkpt lat="35.1126475" lon="-118.4773268"><ele>1313.46</ele><time>2026-04-25T12:50:13-07:00</time><course>211.192</course><roll>-12.917</roll><pitch>-5.753519</pitch><mode /></trkpt><trkpt lat="35.1126324" lon="-118.4773287"><ele>1313.51</ele><time>2026-04-25T12:50:13-07:00</time><course>211.9034</course><roll>-10.31025</roll><pitch>-6.209732</pitch><mode /></trkpt><trkpt lat="35.1126176" lon="-118.4773312"><ele>1313.56</ele><time>2026-04-25T12:50:13-07:00</time><course>212.96</course><roll>-8.850348</roll><pitch>-5.7672</pitch><mode /></trkpt><trkpt lat="35.1126027" lon="-118.4773333"><ele>1313.49</ele><time>2026-04-25T12:50:13-07:00</time><course>218.1481</course><roll>-8.199754</roll><pitch>-4.957502</pitch><mode /></trkpt><trkpt lat="35.1125885" lon="-118.4773355"><ele>1313.26</ele><time>2026-04-25T12:50:14-07:00</time><course>218.7306</course><roll>-6.523499</roll><pitch>-7.136199</pitch><mode /></trkpt><trkpt lat="35.1125746" lon="-118.4773388"><ele>1313.09</ele><time>2026-04-25T12:50:14-07:00</time><course>216.039</course><roll>-3.383401</roll><pitch>-7.89902</pitch><mode /></trkpt><trkpt lat="35.1125608" lon="-118.4773417"><ele>1312.94</ele><time>2026-04-25T12:50:14-07:00</time><course>216.4593</course><roll>-0.5861103</roll><pitch>-7.491228</pitch><mode /></trkpt><trkpt lat="35.1125462" lon="-118.4773441"><ele>1312.76</ele><time>2026-04-25T12:50:14-07:00</time><course>218.7731</course><roll>0.3036446</roll><pitch>-7.838535</pitch><mode /></trkpt><trkpt lat="35.1125321" lon="-118.4773467"><ele>1312.75</ele><time>2026-04-25T12:50:14-07:00</time><course>218.7406</course><roll>-1.754793</roll><pitch>-8.303699</pitch><mode /></trkpt><trkpt lat="35.1125186" lon="-118.4773496"><ele>1312.71</ele><time>2026-04-25T12:50:15-07:00</time><course>218.4526</course><roll>-0.4290498</roll><pitch>-8.095551</pitch><mode /></trkpt><trkpt lat="35.112505" lon="-118.4773523"><ele>1312.73</ele><time>2026-04-25T12:50:15-07:00</time><course>219.2246</course><roll>-3.663835</roll><pitch>-7.251397</pitch><mode /></trkpt><trkpt lat="35.1124917" lon="-118.4773551"><ele>1312.73</ele><time>2026-04-25T12:50:15-07:00</time><course>221.749</course><roll>-6.325656</roll><pitch>-5.668022</pitch><mode /></trkpt><trkpt lat="35.1124779" lon="-118.4773579"><ele>1312.63</ele><time>2026-04-25T12:50:15-07:00</time><course>223.7292</course><roll>-2.415989</roll><pitch>-5.661218</pitch><mode /></trkpt><trkpt lat="35.1124644" lon="-118.4773609"><ele>1312.52</ele><time>2026-04-25T12:50:15-07:00</time><course>223.8935</course><roll>-1.689393</roll><pitch>-7.826713</pitch><mode /></trkpt><trkpt lat="35.112451" lon="-118.4773639"><ele>1312.52</ele><time>2026-04-25T12:50:16-07:00</time><course>226.421</course><roll>-9.339418</roll><pitch>-6.567235</pitch><mode /></trkpt><trkpt lat="35.1124373" lon="-118.4773675"><ele>1312.51</ele><time>2026-04-25T12:50:16-07:00</time><course>226.1214</course><roll>-12.80654</roll><pitch>-5.11496</pitch><mode /></trkpt><trkpt lat="35.1124246" lon="-118.477372"><ele>1312.76</ele><time>2026-04-25T12:50:16-07:00</time><course>226.1119</course><roll>-11.85747</roll><pitch>-2.851845</pitch><mode /></trkpt><trkpt lat="35.1124118" lon="-118.4773776"><ele>1312.97</ele><time>2026-04-25T12:50:16-07:00</time><course>226.3315</course><roll>-11.26974</roll><pitch>-2.287452</pitch><mode /></trkpt><trkpt lat="35.1123982" lon="-118.477384"><ele>1313.01</ele><time>2026-04-25T12:50:16-07:00</time><course>226.2974</course><roll>-11.63512</roll><pitch>-2.041313</pitch><mode /></trkpt><trkpt lat="35.1123856" lon="-118.4773907"><ele>1313</ele><time>2026-04-25T12:50:17-07:00</time><course>227.4512</course><roll>-14.97094</roll><pitch>-2.634898</pitch><mode /></trkpt><trkpt lat="35.1123734" lon="-118.4773984"><ele>1312.96</ele><time>2026-04-25T12:50:17-07:00</time><course>227.2204</course><roll>-17.76118</roll><pitch>-3.549698</pitch><mode /></trkpt><trkpt lat="35.1123617" lon="-118.4774068"><ele>1313.01</ele><time>2026-04-25T12:50:17-07:00</time><course>225.912</course><roll>-16.21492</roll><pitch>-4.210818</pitch><mode /></trkpt><trkpt lat="35.1123504" lon="-118.4774153"><ele>1313.02</ele><time>2026-04-25T12:50:17-07:00</time><course>228.3135</course><roll>-12.96222</roll><pitch>-2.602165</pitch><mode /></trkpt><trkpt lat="35.1123393" lon="-118.4774239"><ele>1312.93</ele><time>2026-04-25T12:50:17-07:00</time><course>232.5769</course><roll>-12.3998</roll><pitch>-2.534667</pitch><mode /></trkpt><trkpt lat="35.1123284" lon="-118.4774331"><ele>1312.79</ele><time>2026-04-25T12:50:18-07:00</time><course>232.644</course><roll>-13.35403</roll><pitch>-4.124084</pitch><mode /></trkpt><trkpt lat="35.1123179" lon="-118.4774427"><ele>1312.64</ele><time>2026-04-25T12:50:18-07:00</time><course>233.8075</course><roll>-12.57464</roll><pitch>-5.066731</pitch><mode /></trkpt><trkpt lat="35.1123077" lon="-118.4774528"><ele>1312.47</ele><time>2026-04-25T12:50:18-07:00</time><course>235.41</course><roll>-11.16843</roll><pitch>-5.343988</pitch><mode /></trkpt><trkpt lat="35.1122979" lon="-118.4774638"><ele>1312.42</ele><time>2026-04-25T12:50:18-07:00</time><course>236.0068</course><roll>-10.54536</roll><pitch>-4.993383</pitch><mode /></trkpt><trkpt lat="35.1122884" lon="-118.477475"><ele>1312.42</ele><time>2026-04-25T12:50:18-07:00</time><course>236.5751</course><roll>-9.699014</roll><pitch>-5.022649</pitch><mode /></trkpt><trkpt lat="35.1122794" lon="-118.477486"><ele>1312.37</ele><time>2026-04-25T12:50:19-07:00</time><course>237.7799</course><roll>-10.0012</roll><pitch>-4.438074</pitch><mode /></trkpt><trkpt lat="35.1122704" lon="-118.4774975"><ele>1312.21</ele><time>2026-04-25T12:50:19-07:00</time><course>239.0472</course><roll>-9.795189</roll><pitch>-4.920621</pitch><mode /></trkpt><trkpt lat="35.1122617" lon="-118.4775091"><ele>1312.17</ele><time>2026-04-25T12:50:19-07:00</time><course>241.4354</course><roll>-8.77108</roll><pitch>-5.474438</pitch><mode /></trkpt><trkpt lat="35.1122536" lon="-118.4775206"><ele>1312.14</ele><time>2026-04-25T12:50:19-07:00</time><course>241.7028</course><roll>-9.016796</roll><pitch>-5.64567</pitch><mode /></trkpt><trkpt lat="35.1122457" lon="-118.4775327"><ele>1312.23</ele><time>2026-04-25T12:50:19-07:00</time><course>241.5097</course><roll>-7.793641</roll><pitch>-5.537307</pitch><mode /></trkpt><trkpt lat="35.1122381" lon="-118.4775444"><ele>1312.26</ele><time>2026-04-25T12:50:20-07:00</time><course>242.1996</course><roll>-8.608535</roll><pitch>-5.774215</pitch><mode /></trkpt><trkpt lat="35.1122313" lon="-118.477556"><ele>1312.38</ele><time>2026-04-25T12:50:20-07:00</time><course>241.114</course><roll>-6.343</roll><pitch>-5.538959</pitch><mode /></trkpt><trkpt lat="35.1122245" lon="-118.4775678"><ele>1312.41</ele><time>2026-04-25T12:50:20-07:00</time><course>242.3628</course><roll>-7.803001</roll><pitch>-5.170025</pitch><mode /></trkpt><trkpt lat="35.1122172" lon="-118.4775797"><ele>1312.37</ele><time>2026-04-25T12:50:20-07:00</time><course>244.2201</course><roll>-8.288917</roll><pitch>-5.058146</pitch><mode /></trkpt><trkpt lat="35.1122103" lon="-118.4775918"><ele>1312.35</ele><time>2026-04-25T12:50:20-07:00</time><course>244.0386</course><roll>-8.797171</roll><pitch>-5.639318</pitch><mode /></trkpt><trkpt lat="35.1122042" lon="-118.4776042"><ele>1312.51</ele><time>2026-04-25T12:50:21-07:00</time><course>242.2249</course><roll>-9.170017</roll><pitch>-5.212993</pitch><mode /></trkpt><trkpt lat="35.112198" lon="-118.4776164"><ele>1312.57</ele><time>2026-04-25T12:50:21-07:00</time><course>242.3578</course><roll>-8.882881</roll><pitch>-4.908751</pitch><mode /></trkpt><trkpt lat="35.1121917" lon="-118.4776292"><ele>1312.7</ele><time>2026-04-25T12:50:21-07:00</time><course>241.627</course><roll>-6.747449</roll><pitch>-5.103904</pitch><mode /></trkpt><trkpt lat="35.1121851" lon="-118.4776419"><ele>1312.71</ele><time>2026-04-25T12:50:21-07:00</time><course>244.3236</course><roll>-7.877359</roll><pitch>-4.093594</pitch><mode /></trkpt><trkpt lat="35.1121787" lon="-118.4776544"><ele>1312.63</ele><time>2026-04-25T12:50:21-07:00</time><course>245.0739</course><roll>-6.669503</roll><pitch>-4.449395</pitch><mode /></trkpt><trkpt lat="35.112173" lon="-118.4776667"><ele>1312.55</ele><time>2026-04-25T12:50:22-07:00</time><course>244.4972</course><roll>-8.762601</roll><pitch>-5.565564</pitch><mode /></trkpt><trkpt lat="35.1121676" lon="-118.4776792"><ele>1312.58</ele><time>2026-04-25T12:50:22-07:00</time><course>242.6323</course><roll>-5.005892</roll><pitch>-5.233453</pitch><mode /></trkpt><trkpt lat="35.1121622" lon="-118.4776919"><ele>1312.64</ele><time>2026-04-25T12:50:22-07:00</time><course>242.9039</course><roll>-5.739002</roll><pitch>-4.596683</pitch><mode /></trkpt><trkpt lat="35.1121565" lon="-118.4777042"><ele>1312.53</ele><time>2026-04-25T12:50:22-07:00</time><course>245.4139</course><roll>-5.363842</roll><pitch>-4.457105</pitch><mode /></trkpt><trkpt lat="35.112151" lon="-118.4777166"><ele>1312.32</ele><time>2026-04-25T12:50:22-07:00</time><course>246.2268</course><roll>-6.510336</roll><pitch>-5.504884</pitch><mode /></trkpt><trkpt lat="35.1121458" lon="-118.4777289"><ele>1312.14</ele><time>2026-04-25T12:50:23-07:00</time><course>245.5888</course><roll>-6.027717</roll><pitch>-5.771779</pitch><mode /></trkpt><trkpt lat="35.1121409" lon="-118.4777411"><ele>1311.96</ele><time>2026-04-25T12:50:23-07:00</time><course>245.9244</course><roll>-6.064363</roll><pitch>-6.722866</pitch><mode /></trkpt><trkpt lat="35.1121363" lon="-118.4777533"><ele>1311.82</ele><time>2026-04-25T12:50:23-07:00</time><course>245.2756</course><roll>-8.201585</roll><pitch>-6.971858</pitch><mode /></trkpt><trkpt lat="35.1121323" lon="-118.4777653"><ele>1311.83</ele><time>2026-04-25T12:50:23-07:00</time><course>241.9653</course><roll>-10.12886</roll><pitch>-8.861669</pitch><mode /></trkpt><trkpt lat="35.1121287" lon="-118.4777771"><ele>1311.89</ele><time>2026-04-25T12:50:23-07:00</time><course>241.4928</course><roll>-3.219335</roll><pitch>-7.71977</pitch><mode /></trkpt><trkpt lat="35.1121246" lon="-118.4777887"><ele>1311.91</ele><time>2026-04-25T12:50:24-07:00</time><course>244.4225</course><roll>-0.8902495</roll><pitch>-5.434386</pitch><mode /></trkpt><trkpt lat="35.1121202" lon="-118.4778003"><ele>1311.88</ele><time>2026-04-25T12:50:24-07:00</time><course>247.0355</course><roll>-2.347617</roll><pitch>-4.504066</pitch><mode /></trkpt><trkpt lat="35.1121156" lon="-118.4778123"><ele>1311.68</ele><time>2026-04-25T12:50:24-07:00</time><course>249.3661</course><roll>-2.455364</roll><pitch>-4.738312</pitch><mode /></trkpt><trkpt lat="35.1121116" lon="-118.4778242"><ele>1311.38</ele><time>2026-04-25T12:50:24-07:00</time><course>249.2384</course><roll>-5.093558</roll><pitch>-6.159227</pitch><mode /></trkpt><trkpt lat="35.1121078" lon="-118.4778364"><ele>1311.12</ele><time>2026-04-25T12:50:24-07:00</time><course>247.4129</course><roll>-4.84859</roll><pitch>-7.575221</pitch><mode /></trkpt><trkpt lat="35.112104" lon="-118.4778486"><ele>1311.02</ele><time>2026-04-25T12:50:25-07:00</time><course>245.0786</course><roll>-3.060175</roll><pitch>-8.020251</pitch><mode /></trkpt><trkpt lat="35.1120998" lon="-118.4778607"><ele>1310.98</ele><time>2026-04-25T12:50:25-07:00</time><course>245.794</course><roll>-2.527683</roll><pitch>-7.204002</pitch><mode /></trkpt><trkpt lat="35.1120955" lon="-118.4778727"><ele>1310.94</ele><time>2026-04-25T12:50:25-07:00</time><course>245.8874</course><roll>-3.880955</roll><pitch>-7.207283</pitch><mode /></trkpt><trkpt lat="35.1120912" lon="-118.4778853"><ele>1310.9</ele><time>2026-04-25T12:50:25-07:00</time><course>245.3255</course><roll>-5.221359</roll><pitch>-7.855428</pitch><mode /></trkpt><trkpt lat="35.1120866" lon="-118.4778983"><ele>1310.96</ele><time>2026-04-25T12:50:25-07:00</time><course>246.8544</course><roll>-6.840596</roll><pitch>-7.408812</pitch><mode /></trkpt><trkpt lat="35.1120822" lon="-118.4779112"><ele>1310.92</ele><time>2026-04-25T12:50:26-07:00</time><course>247.2297</course><roll>-7.932229</roll><pitch>-7.687522</pitch><mode /></trkpt><trkpt lat="35.1120779" lon="-118.4779243"><ele>1310.97</ele><time>2026-04-25T12:50:26-07:00</time><course>247.4222</course><roll>-6.485209</roll><pitch>-8.071975</pitch><mode /></trkpt><trkpt lat="35.1120735" lon="-118.4779378"><ele>1311.14</ele><time>2026-04-25T12:50:26-07:00</time><course>250.1091</course><roll>-6.387735</roll><pitch>-7.336407</pitch><mode /></trkpt><trkpt lat="35.1120696" lon="-118.4779511"><ele>1311.23</ele><time>2026-04-25T12:50:26-07:00</time><course>251.1842</course><roll>-5.894712</roll><pitch>-7.404591</pitch><mode /></trkpt><trkpt lat="35.1120662" lon="-118.477964"><ele>1311.51</ele><time>2026-04-25T12:50:26-07:00</time><course>250.8426</course><roll>-8.17875</roll><pitch>-7.793232</pitch><mode /></trkpt><trkpt lat="35.1120631" lon="-118.4779772"><ele>1311.77</ele><time>2026-04-25T12:50:27-07:00</time><course>249.0748</course><roll>-4.961818</roll><pitch>-7.480113</pitch><mode /></trkpt><trkpt lat="35.1120598" lon="-118.4779903"><ele>1312.01</ele><time>2026-04-25T12:50:27-07:00</time><course>253.2877</course><roll>-6.682641</roll><pitch>-6.082591</pitch><mode /></trkpt><trkpt lat="35.1120565" lon="-118.4780032"><ele>1312.04</ele><time>2026-04-25T12:50:27-07:00</time><course>254.4211</course><roll>-6.252248</roll><pitch>-6.212627</pitch><mode /></trkpt><trkpt lat="35.1120538" lon="-118.4780161"><ele>1312.16</ele><time>2026-04-25T12:50:27-07:00</time><course>254.2548</course><roll>-6.896693</roll><pitch>-6.12285</pitch><mode /></trkpt><trkpt lat="35.1120513" lon="-118.4780291"><ele>1312.22</ele><time>2026-04-25T12:50:27-07:00</time><course>253.8711</course><roll>-6.293049</roll><pitch>-6.230947</pitch><mode /></trkpt><trkpt lat="35.112049" lon="-118.4780423"><ele>1312.34</ele><time>2026-04-25T12:50:28-07:00</time><course>253.999</course><roll>-5.117933</roll><pitch>-5.983591</pitch><mode /></trkpt><trkpt lat="35.1120465" lon="-118.4780555"><ele>1312.41</ele><time>2026-04-25T12:50:28-07:00</time><course>255.6065</course><roll>-6.259086</roll><pitch>-4.983175</pitch><mode /></trkpt><trkpt lat="35.1120437" lon="-118.4780684"><ele>1312.38</ele><time>2026-04-25T12:50:28-07:00</time><course>260.8774</course><roll>-12.47322</roll><pitch>-4.301895</pitch><mode /></trkpt><trkpt lat="35.1120412" lon="-118.4780821"><ele>1312.22</ele><time>2026-04-25T12:50:28-07:00</time><course>261.3632</course><roll>-10.82565</roll><pitch>-6.828722</pitch><mode /></trkpt><trkpt lat="35.1120402" lon="-118.478096"><ele>1312.05</ele><time>2026-04-25T12:50:28-07:00</time><course>259.4082</course><roll>-6.949094</roll><pitch>-7.895633</pitch><mode /></trkpt><trkpt lat="35.1120392" lon="-118.47811"><ele>1312.03</ele><time>2026-04-25T12:50:29-07:00</time><course>258.9326</course><roll>-4.771211</roll><pitch>-7.493137</pitch><mode /></trkpt><trkpt lat="35.112038" lon="-118.4781243"><ele>1311.94</ele><time>2026-04-25T12:50:29-07:00</time><course>258.7083</course><roll>-6.372254</roll><pitch>-7.416621</pitch><mode /></trkpt><trkpt lat="35.1120367" lon="-118.478139"><ele>1311.9</ele><time>2026-04-25T12:50:29-07:00</time><course>259.136</course><roll>-7.936996</roll><pitch>-7.664005</pitch><mode /></trkpt><trkpt lat="35.1120356" lon="-118.4781538"><ele>1311.82</ele><time>2026-04-25T12:50:29-07:00</time><course>258.4949</course><roll>-7.789135</roll><pitch>-7.580898</pitch><mode /></trkpt><trkpt lat="35.1120349" lon="-118.4781684"><ele>1311.75</ele><time>2026-04-25T12:50:29-07:00</time><course>260.7526</course><roll>-6.382209</roll><pitch>-7.147345</pitch><mode /></trkpt><trkpt lat="35.1120347" lon="-118.4781826"><ele>1311.73</ele><time>2026-04-25T12:50:30-07:00</time><course>261.5841</course><roll>-6.218835</roll><pitch>-8.098573</pitch><mode /></trkpt><trkpt lat="35.1120348" lon="-118.4782117"><ele>1311.9</ele><time>2026-04-25T12:50:30-07:00</time><course>260.5958</course><roll>-4.380847</roll><pitch>-7.992767</pitch><mode /></trkpt><trkpt lat="35.1120352" lon="-118.4782397"><ele>1312.27</ele><time>2026-04-25T12:50:30-07:00</time><course>263.049</course><roll>-5.040299</roll><pitch>-6.955791</pitch><mode /></trkpt><trkpt lat="35.112036" lon="-118.4782533"><ele>1312.44</ele><time>2026-04-25T12:50:31-07:00</time><course>264.8729</course><roll>-0.6934575</roll><pitch>-6.577438</pitch><mode /></trkpt><trkpt lat="35.1120367" lon="-118.4782674"><ele>1312.5</ele><time>2026-04-25T12:50:31-07:00</time><course>264.997</course><roll>-0.5362235</roll><pitch>-7.182395</pitch><mode /></trkpt><trkpt lat="35.1120374" lon="-118.4782818"><ele>1312.54</ele><time>2026-04-25T12:50:31-07:00</time><course>263.7545</course><roll>-5.887263</roll><pitch>-7.641014</pitch><mode /></trkpt><trkpt lat="35.1120387" lon="-118.4782959"><ele>1312.57</ele><time>2026-04-25T12:50:31-07:00</time><course>261.9506</course><roll>-8.699649</roll><pitch>-7.452044</pitch><mode /></trkpt><trkpt lat="35.11204" lon="-118.4783096"><ele>1312.75</ele><time>2026-04-25T12:50:31-07:00</time><course>263.1328</course><roll>-10.87323</roll><pitch>-6.265739</pitch><mode /></trkpt><trkpt lat="35.1120415" lon="-118.4783239"><ele>1312.72</ele><time>2026-04-25T12:50:32-07:00</time><course>263.5986</course><roll>-11.64481</roll><pitch>-6.247493</pitch><mode /></trkpt><trkpt lat="35.1120436" lon="-118.4783382"><ele>1312.73</ele><time>2026-04-25T12:50:32-07:00</time><course>264.7549</course><roll>-11.88056</roll><pitch>-6.497592</pitch><mode /></trkpt><trkpt lat="35.1120458" lon="-118.4783525"><ele>1312.82</ele><time>2026-04-25T12:50:32-07:00</time><course>266.6818</course><roll>-11.89907</roll><pitch>-6.780408</pitch><mode /></trkpt><trkpt lat="35.1120489" lon="-118.4783667"><ele>1313.08</ele><time>2026-04-25T12:50:32-07:00</time><course>266.8992</course><roll>-10.82966</roll><pitch>-6.562191</pitch><mode /></trkpt><trkpt lat="35.1120526" lon="-118.4783815"><ele>1313.34</ele><time>2026-04-25T12:50:32-07:00</time><course>266.5614</course><roll>-8.131516</roll><pitch>-5.473734</pitch><mode /></trkpt><trkpt lat="35.1120562" lon="-118.4783965"><ele>1313.61</ele><time>2026-04-25T12:50:33-07:00</time><course>268.3773</course><roll>-12.33598</roll><pitch>-4.417584</pitch><mode /></trkpt><trkpt lat="35.1120602" lon="-118.4784114"><ele>1313.79</ele><time>2026-04-25T12:50:33-07:00</time><course>268.4997</course><roll>-12.95159</roll><pitch>-3.951836</pitch><mode /></trkpt><trkpt lat="35.1120644" lon="-118.4784268"><ele>1313.82</ele><time>2026-04-25T12:50:33-07:00</time><course>271.2541</course><roll>-12.95171</roll><pitch>-3.821057</pitch><mode /></trkpt><trkpt lat="35.1120688" lon="-118.4784424"><ele>1313.89</ele><time>2026-04-25T12:50:33-07:00</time><course>274.5023</course><roll>-15.91842</roll><pitch>-3.85152</pitch><mode /></trkpt><trkpt lat="35.112074" lon="-118.4784576"><ele>1314.01</ele><time>2026-04-25T12:50:33-07:00</time><course>274.1243</course><roll>-15.80632</roll><pitch>-4.852056</pitch><mode /></trkpt><trkpt lat="35.1120798" lon="-118.478473"><ele>1314.04</ele><time>2026-04-25T12:50:34-07:00</time><course>275.6472</course><roll>-12.42984</roll><pitch>-4.958106</pitch><mode /></trkpt><trkpt lat="35.1120858" lon="-118.4784884"><ele>1314.09</ele><time>2026-04-25T12:50:34-07:00</time><course>279.2141</course><roll>-10.27697</roll><pitch>-4.342908</pitch><mode /></trkpt><trkpt lat="35.1120925" lon="-118.4785037"><ele>1314.21</ele><time>2026-04-25T12:50:34-07:00</time><course>279.8069</course><roll>-14.42286</roll><pitch>-4.114698</pitch><mode /></trkpt><trkpt lat="35.1121" lon="-118.4785193"><ele>1314.31</ele><time>2026-04-25T12:50:34-07:00</time><course>278.3463</course><roll>-13.00528</roll><pitch>-4.575518</pitch><mode /></trkpt><trkpt lat="35.1121082" lon="-118.4785353"><ele>1314.32</ele><time>2026-04-25T12:50:34-07:00</time><course>276.8619</course><roll>-10.25808</roll><pitch>-3.986312</pitch><mode /></trkpt><trkpt lat="35.1121165" lon="-118.4785516"><ele>1314.41</ele><time>2026-04-25T12:50:35-07:00</time><course>278.5247</course><roll>-13.22665</roll><pitch>-2.930806</pitch><mode /></trkpt><trkpt lat="35.112125" lon="-118.4785685"><ele>1314.47</ele><time>2026-04-25T12:50:35-07:00</time><course>279.5535</course><roll>-16.53226</roll><pitch>-3.199686</pitch><mode /></trkpt><trkpt lat="35.1121347" lon="-118.4785853"><ele>1314.67</ele><time>2026-04-25T12:50:35-07:00</time><course>280.8264</course><roll>-14.66942</roll><pitch>-2.322666</pitch><mode /></trkpt><trkpt lat="35.1121446" lon="-118.4786021"><ele>1314.89</ele><time>2026-04-25T12:50:35-07:00</time><course>285.9301</course><roll>-10.21041</roll><pitch>-0.9085117</pitch><mode /></trkpt><trkpt lat="35.112155" lon="-118.4786182"><ele>1315.15</ele><time>2026-04-25T12:50:35-07:00</time><course>285.8791</course><roll>-14.70455</roll><pitch>-0.5647038</pitch><mode /></trkpt><trkpt lat="35.1121662" lon="-118.4786347"><ele>1315.33</ele><time>2026-04-25T12:50:36-07:00</time><course>282.4041</course><roll>-14.99529</roll><pitch>-1.532524</pitch><mode /></trkpt><trkpt lat="35.112178" lon="-118.478652"><ele>1315.28</ele><time>2026-04-25T12:50:36-07:00</time><course>280.8067</course><roll>-13.89061</roll><pitch>-1.62798</pitch><mode /></trkpt><trkpt lat="35.1121897" lon="-118.4786698"><ele>1315.1</ele><time>2026-04-25T12:50:36-07:00</time><course>285.091</course><roll>-17.80847</roll><pitch>-0.3516257</pitch><mode /></trkpt><trkpt lat="35.1122015" lon="-118.4786877"><ele>1314.8</ele><time>2026-04-25T12:50:36-07:00</time><course>288.8514</course><roll>-18.46598</roll><pitch>-0.8701323</pitch><mode /></trkpt><trkpt lat="35.1122146" lon="-118.4787051"><ele>1314.59</ele><time>2026-04-25T12:50:36-07:00</time><course>289.6735</course><roll>-22.0103</roll><pitch>-2.194543</pitch><mode /></trkpt><trkpt lat="35.1122285" lon="-118.4787221"><ele>1314.38</ele><time>2026-04-25T12:50:37-07:00</time><course>291.1225</course><roll>-20.51406</roll><pitch>-3.141094</pitch><mode /></trkpt><trkpt lat="35.1122432" lon="-118.4787388"><ele>1314.15</ele><time>2026-04-25T12:50:37-07:00</time><course>294.2881</course><roll>-20.90829</roll><pitch>-3.173022</pitch><mode /></trkpt><trkpt lat="35.1122586" lon="-118.4787549"><ele>1313.88</ele><time>2026-04-25T12:50:37-07:00</time><course>295.2798</course><roll>-18.75991</roll><pitch>-4.059481</pitch><mode /></trkpt><trkpt lat="35.112275" lon="-118.4787704"><ele>1313.68</ele><time>2026-04-25T12:50:37-07:00</time><course>297.4494</course><roll>-19.70217</roll><pitch>-5.126452</pitch><mode /></trkpt><trkpt lat="35.1122919" lon="-118.4787855"><ele>1313.42</ele><time>2026-04-25T12:50:37-07:00</time><course>299.9517</course><roll>-18.1434</roll><pitch>-4.504651</pitch><mode /></trkpt><trkpt lat="35.1123096" lon="-118.4788004"><ele>1313.18</ele><time>2026-04-25T12:50:38-07:00</time><course>303.2881</course><roll>-17.40184</roll><pitch>-4.731284</pitch><mode /></trkpt><trkpt lat="35.1123278" lon="-118.478815"><ele>1312.91</ele><time>2026-04-25T12:50:38-07:00</time><course>305.5191</course><roll>-15.10813</roll><pitch>-4.837903</pitch><mode /></trkpt><trkpt lat="35.1123469" lon="-118.4788283"><ele>1312.84</ele><time>2026-04-25T12:50:38-07:00</time><course>305.3257</course><roll>-14.48239</roll><pitch>-5.331711</pitch><mode /></trkpt><trkpt lat="35.1123663" lon="-118.4788407"><ele>1312.92</ele><time>2026-04-25T12:50:38-07:00</time><course>310.6134</course><roll>-11.02003</roll><pitch>-3.083333</pitch><mode /></trkpt><trkpt lat="35.112386" lon="-118.4788534"><ele>1313.16</ele><time>2026-04-25T12:50:38-07:00</time><course>318.0773</course><roll>-14.52714</roll><pitch>-1.015463</pitch><mode /></trkpt><trkpt lat="35.1124066" lon="-118.4788657"><ele>1313.37</ele><time>2026-04-25T12:50:39-07:00</time><course>319.4921</course><roll>-13.45009</roll><pitch>-2.199317</pitch><mode /></trkpt><trkpt lat="35.1124275" lon="-118.4788762"><ele>1313.59</ele><time>2026-04-25T12:50:39-07:00</time><course>317.7986</course><roll>-23.44956</roll><pitch>-3.279998</pitch><mode /></trkpt><trkpt lat="35.1124491" lon="-118.478885"><ele>1313.95</ele><time>2026-04-25T12:50:39-07:00</time><course>316.6484</course><roll>-24.03746</roll><pitch>-3.828623</pitch><mode /></trkpt><trkpt lat="35.1124707" lon="-118.4788933"><ele>1314.2</ele><time>2026-04-25T12:50:39-07:00</time><course>318.7239</course><roll>-20.36958</roll><pitch>-2.421265</pitch><mode /></trkpt><trkpt lat="35.112493" lon="-118.4789009"><ele>1314.44</ele><time>2026-04-25T12:50:39-07:00</time><course>319.4508</course><roll>-13.43501</roll><pitch>-0.8889325</pitch><mode /></trkpt><trkpt lat="35.1125166" lon="-118.4789082"><ele>1314.64</ele><time>2026-04-25T12:50:40-07:00</time><course>317.4616</course><roll>-17.1147</roll><pitch>0.02840991</pitch><mode /></trkpt><trkpt lat="35.1125408" lon="-118.4789154"><ele>1314.63</ele><time>2026-04-25T12:50:40-07:00</time><course>318.281</course><roll>-17.86574</roll><pitch>0.8475073</pitch><mode /></trkpt><trkpt lat="35.1125654" lon="-118.4789228"><ele>1314.45</ele><time>2026-04-25T12:50:40-07:00</time><course>320.3064</course><roll>-19.62734</roll><pitch>1.666518</pitch><mode /></trkpt><trkpt lat="35.1125904" lon="-118.4789302"><ele>1314.05</ele><time>2026-04-25T12:50:40-07:00</time><course>320.8298</course><roll>-20.54829</roll><pitch>0.1661711</pitch><mode /></trkpt><trkpt lat="35.1126154" lon="-118.4789364"><ele>1313.62</ele><time>2026-04-25T12:50:40-07:00</time><course>323.1042</course><roll>-20.99582</roll><pitch>-0.6511968</pitch><mode /></trkpt><trkpt lat="35.1126405" lon="-118.4789414"><ele>1313.21</ele><time>2026-04-25T12:50:41-07:00</time><course>327.0906</course><roll>-21.6916</roll><pitch>-1.84383</pitch><mode /></trkpt><trkpt lat="35.1126666" lon="-118.4789451"><ele>1312.8</ele><time>2026-04-25T12:50:41-07:00</time><course>327.0468</course><roll>-19.99203</roll><pitch>-3.692329</pitch><mode /></trkpt><trkpt lat="35.1126934" lon="-118.4789477"><ele>1312.58</ele><time>2026-04-25T12:50:41-07:00</time><course>332.9485</course><roll>-22.28335</roll><pitch>-2.152305</pitch><mode /></trkpt><trkpt lat="35.1127214" lon="-118.47895"><ele>1312.29</ele><time>2026-04-25T12:50:41-07:00</time><course>334.3928</course><roll>-21.51638</roll><pitch>-3.705225</pitch><mode /></trkpt><trkpt lat="35.1127501" lon="-118.4789499"><ele>1312.16</ele><time>2026-04-25T12:50:41-07:00</time><course>335.4229</course><roll>-21.9634</roll><pitch>-4.271152</pitch><mode /></trkpt><trkpt lat="35.1127777" lon="-118.4789478"><ele>1312.03</ele><time>2026-04-25T12:50:42-07:00</time><course>336.4662</course><roll>-22.45421</roll><pitch>-5.449022</pitch><mode /></trkpt><trkpt lat="35.112806" lon="-118.4789444"><ele>1311.97</ele><time>2026-04-25T12:50:42-07:00</time><course>337.521</course><roll>-24.07125</roll><pitch>-5.60999</pitch><mode /></trkpt><trkpt lat="35.112834" lon="-118.4789396"><ele>1311.88</ele><time>2026-04-25T12:50:42-07:00</time><course>341.8926</course><roll>-25.40086</roll><pitch>-4.524453</pitch><mode /></trkpt><trkpt lat="35.1128622" lon="-118.4789336"><ele>1311.78</ele><time>2026-04-25T12:50:42-07:00</time><course>346.7564</course><roll>-25.85051</roll><pitch>-4.358081</pitch><mode /></trkpt><trkpt lat="35.1128918" lon="-118.4789261"><ele>1311.72</ele><time>2026-04-25T12:50:42-07:00</time><course>350.3521</course><roll>-27.28418</roll><pitch>-5.491794</pitch><mode /></trkpt><trkpt lat="35.1129217" lon="-118.4789163"><ele>1311.75</ele><time>2026-04-25T12:50:43-07:00</time><course>353.8247</course><roll>-28.55968</roll><pitch>-6.733099</pitch><mode /></trkpt><trkpt lat="35.1129509" lon="-118.4789044"><ele>1311.74</ele><time>2026-04-25T12:50:43-07:00</time><course>357.2296</course><roll>-28.43141</roll><pitch>-6.16985</pitch><mode /></trkpt><trkpt lat="35.1129808" lon="-118.4788902"><ele>1311.96</ele><time>2026-04-25T12:50:43-07:00</time><course>1.369131</course><roll>-30.80416</roll><pitch>-5.703041</pitch><mode /></trkpt><trkpt lat="35.11301" lon="-118.4788745"><ele>1312.12</ele><time>2026-04-25T12:50:43-07:00</time><course>4.478932</course><roll>-31.57922</roll><pitch>-6.79281</pitch><mode /></trkpt><trkpt lat="35.113039" lon="-118.478856"><ele>1312.15</ele><time>2026-04-25T12:50:43-07:00</time><course>6.414564</course><roll>-31.67214</roll><pitch>-7.916008</pitch><mode /></trkpt><trkpt lat="35.1130676" lon="-118.4788351"><ele>1312.29</ele><time>2026-04-25T12:50:44-07:00</time><course>9.893566</course><roll>-32.69727</roll><pitch>-7.980415</pitch><mode /></trkpt><trkpt lat="35.1130952" lon="-118.4788128"><ele>1312.42</ele><time>2026-04-25T12:50:44-07:00</time><course>14.04767</course><roll>-31.24722</roll><pitch>-6.660298</pitch><mode /></trkpt><trkpt lat="35.1131222" lon="-118.4787892"><ele>1312.45</ele><time>2026-04-25T12:50:44-07:00</time><course>20.02657</course><roll>-31.51731</roll><pitch>-5.572931</pitch><mode /></trkpt><trkpt lat="35.1131479" lon="-118.4787633"><ele>1312.35</ele><time>2026-04-25T12:50:44-07:00</time><course>24.40673</course><roll>-32.234</roll><pitch>-5.824382</pitch><mode /></trkpt><trkpt lat="35.1131725" lon="-118.4787348"><ele>1312.25</ele><time>2026-04-25T12:50:44-07:00</time><course>27.56351</course><roll>-34.17198</roll><pitch>-7.215557</pitch><mode /></trkpt><trkpt lat="35.1131963" lon="-118.4787037"><ele>1312.39</ele><time>2026-04-25T12:50:45-07:00</time><course>31.98363</course><roll>-31.94928</roll><pitch>-6.84662</pitch><mode /></trkpt><trkpt lat="35.1132191" lon="-118.478671"><ele>1312.47</ele><time>2026-04-25T12:50:45-07:00</time><course>37.43126</course><roll>-33.23872</roll><pitch>-5.047922</pitch><mode /></trkpt><trkpt lat="35.1132409" lon="-118.4786366"><ele>1312.5</ele><time>2026-04-25T12:50:45-07:00</time><course>41.32816</course><roll>-31.92993</roll><pitch>-6.238109</pitch><mode /></trkpt><trkpt lat="35.1132605" lon="-118.4785998"><ele>1312.61</ele><time>2026-04-25T12:50:45-07:00</time><course>44.92818</course><roll>-32.50607</roll><pitch>-6.073843</pitch><mode /></trkpt><trkpt lat="35.1132784" lon="-118.4785617"><ele>1312.98</ele><time>2026-04-25T12:50:45-07:00</time><course>51.82511</course><roll>-37.12712</roll><pitch>-3.471754</pitch><mode /></trkpt><trkpt lat="35.1132954" lon="-118.4785228"><ele>1313.28</ele><time>2026-04-25T12:50:46-07:00</time><course>56.89963</course><roll>-41.81749</roll><pitch>-5.719996</pitch><mode /></trkpt><trkpt lat="35.1133113" lon="-118.4784824"><ele>1313.54</ele><time>2026-04-25T12:50:46-07:00</time><course>58.15178</course><roll>-47.88585</roll><pitch>-10.1422</pitch><mode /></trkpt><trkpt lat="35.1133252" lon="-118.4784395"><ele>1313.59</ele><time>2026-04-25T12:50:46-07:00</time><course>57.89017</course><roll>-51.80657</roll><pitch>-16.90515</pitch><mode /></trkpt><trkpt lat="35.1133363" lon="-118.4783955"><ele>1313.56</ele><time>2026-04-25T12:50:46-07:00</time><course>63.97345</course><roll>-47.12133</roll><pitch>-13.94445</pitch><mode /></trkpt><trkpt lat="35.1133452" lon="-118.4783517"><ele>1313.43</ele><time>2026-04-25T12:50:46-07:00</time><course>75.06822</course><roll>-44.00597</roll><pitch>-8.17217</pitch><mode /></trkpt><trkpt lat="35.1133514" lon="-118.4783064"><ele>1313.41</ele><time>2026-04-25T12:50:47-07:00</time><course>84.33167</course><roll>-43.36569</roll><pitch>-5.727008</pitch><mode /></trkpt><trkpt lat="35.1133549" lon="-118.4782609"><ele>1313.45</ele><time>2026-04-25T12:50:47-07:00</time><course>90.3021</course><roll>-43.6192</roll><pitch>-5.213552</pitch><mode /></trkpt><trkpt lat="35.1133559" lon="-118.4782154"><ele>1313.49</ele><time>2026-04-25T12:50:47-07:00</time><course>91.82995</course><roll>-41.36671</roll><pitch>-9.032637</pitch><mode /></trkpt><trkpt lat="35.1133545" lon="-118.4781703"><ele>1313.48</ele><time>2026-04-25T12:50:47-07:00</time><course>91.11778</course><roll>-31.91881</roll><pitch>-11.98661</pitch><mode /></trkpt><trkpt lat="35.1133511" lon="-118.4781255"><ele>1313.57</ele><time>2026-04-25T12:50:47-07:00</time><course>95.79049</course><roll>-34.96007</roll><pitch>-9.255556</pitch><mode /></trkpt><trkpt lat="35.1133466" lon="-118.4780814"><ele>1313.53</ele><time>2026-04-25T12:50:48-07:00</time><course>97.34828</course><roll>-35.27562</roll><pitch>-9.393771</pitch><mode /></trkpt><trkpt lat="35.1133417" lon="-118.4780376"><ele>1313.18</ele><time>2026-04-25T12:50:48-07:00</time><course>100.8469</course><roll>-32.78899</roll><pitch>-8.420737</pitch><mode /></trkpt><trkpt lat="35.1133358" lon="-118.477993"><ele>1312.87</ele><time>2026-04-25T12:50:48-07:00</time><course>108.3481</course><roll>-34.735</roll><pitch>-5.201292</pitch><mode /></trkpt><trkpt lat="35.1133286" lon="-118.4779487"><ele>1312.37</ele><time>2026-04-25T12:50:48-07:00</time><course>114.781</course><roll>-35.21496</roll><pitch>-5.636601</pitch><mode /></trkpt><trkpt lat="35.1133201" lon="-118.4779049"><ele>1311.67</ele><time>2026-04-25T12:50:48-07:00</time><course>120.2402</course><roll>-35.13321</roll><pitch>-7.54575</pitch><mode /></trkpt><trkpt lat="35.1133098" lon="-118.4778624"><ele>1311</ele><time>2026-04-25T12:50:49-07:00</time><course>127.3731</course><roll>-33.41307</roll><pitch>-8.477916</pitch><mode /></trkpt><trkpt lat="35.1132968" lon="-118.477821"><ele>1310.75</ele><time>2026-04-25T12:50:49-07:00</time><course>131.9258</course><roll>-34.7072</roll><pitch>-8.471229</pitch><mode /></trkpt><trkpt lat="35.1132829" lon="-118.477782"><ele>1310.3</ele><time>2026-04-25T12:50:49-07:00</time><course>136.4551</course><roll>-30.87137</roll><pitch>-10.01315</pitch><mode /></trkpt><trkpt lat="35.113267" lon="-118.4777439"><ele>1310.21</ele><time>2026-04-25T12:50:49-07:00</time><course>141.7255</course><roll>-28.83056</roll><pitch>-10.13871</pitch><mode /></trkpt><trkpt lat="35.1132499" lon="-118.4777083"><ele>1310.24</ele><time>2026-04-25T12:50:49-07:00</time><course>145.0485</course><roll>-28.53302</roll><pitch>-10.30018</pitch><mode /></trkpt><trkpt lat="35.1132313" lon="-118.4776745"><ele>1310.14</ele><time>2026-04-25T12:50:50-07:00</time><course>149.9971</course><roll>-30.52116</roll><pitch>-10.41944</pitch><mode /></trkpt><trkpt lat="35.1132127" lon="-118.4776423"><ele>1310.08</ele><time>2026-04-25T12:50:50-07:00</time><course>152.9254</course><roll>-31.11713</roll><pitch>-11.64007</pitch><mode /></trkpt><trkpt lat="35.1131929" lon="-118.477612"><ele>1309.98</ele><time>2026-04-25T12:50:50-07:00</time><course>156.3983</course><roll>-28.50385</roll><pitch>-12.78361</pitch><mode /></trkpt><trkpt lat="35.1131728" lon="-118.477584"><ele>1309.99</ele><time>2026-04-25T12:50:50-07:00</time><course>159.6815</course><roll>-25.5149</roll><pitch>-12.97875</pitch><mode /></trkpt><trkpt lat="35.1131524" lon="-118.4775579"><ele>1310.17</ele><time>2026-04-25T12:50:50-07:00</time><course>162.4052</course><roll>-27.00618</roll><pitch>-12.48984</pitch><mode /></trkpt><trkpt lat="35.113132" lon="-118.4775336"><ele>1310.29</ele><time>2026-04-25T12:50:51-07:00</time><course>163.727</course><roll>-26.1486</roll><pitch>-14.17813</pitch><mode /></trkpt><trkpt lat="35.1131114" lon="-118.4775109"><ele>1310.36</ele><time>2026-04-25T12:50:51-07:00</time><course>165.0893</course><roll>-24.17001</roll><pitch>-14.55315</pitch><mode /></trkpt><trkpt lat="35.1130906" lon="-118.4774893"><ele>1310.35</ele><time>2026-04-25T12:50:51-07:00</time><course>167.4757</course><roll>-24.21343</roll><pitch>-14.25455</pitch><mode /></trkpt><trkpt lat="35.11307" lon="-118.4774689"><ele>1310.4</ele><time>2026-04-25T12:50:51-07:00</time><course>171.0761</course><roll>-22.84101</roll><pitch>-13.47762</pitch><mode /></trkpt><trkpt lat="35.1130491" lon="-118.4774501"><ele>1310.34</ele><time>2026-04-25T12:50:51-07:00</time><course>172.1577</course><roll>-22.26454</roll><pitch>-14.50448</pitch><mode /></trkpt><trkpt lat="35.1130287" lon="-118.4774331"><ele>1310.28</ele><time>2026-04-25T12:50:52-07:00</time><course>175.4226</course><roll>-24.13449</roll><pitch>-14.11787</pitch><mode /></trkpt><trkpt lat="35.1130085" lon="-118.4774181"><ele>1310.26</ele><time>2026-04-25T12:50:52-07:00</time><course>178.3801</course><roll>-25.7311</roll><pitch>-13.73941</pitch><mode /></trkpt><trkpt lat="35.1129893" lon="-118.4774053"><ele>1310.39</ele><time>2026-04-25T12:50:52-07:00</time><course>179.5154</course><roll>-24.69689</roll><pitch>-14.93781</pitch><mode /></trkpt><trkpt lat="35.1129698" lon="-118.477394"><ele>1310.61</ele><time>2026-04-25T12:50:52-07:00</time><course>180.2559</course><roll>-19.91433</roll><pitch>-15.66344</pitch><mode /></trkpt><trkpt lat="35.1129492" lon="-118.4773834"><ele>1310.82</ele><time>2026-04-25T12:50:52-07:00</time><course>181.0953</course><roll>-18.35477</roll><pitch>-15.31813</pitch><mode /></trkpt><trkpt lat="35.1129288" lon="-118.4773742"><ele>1311.04</ele><time>2026-04-25T12:50:53-07:00</time><course>183.038</course><roll>-19.75939</roll><pitch>-13.8164</pitch><mode /></trkpt><trkpt lat="35.1129083" lon="-118.4773653"><ele>1311.27</ele><time>2026-04-25T12:50:53-07:00</time><course>182.8199</course><roll>-19.32588</roll><pitch>-13.42989</pitch><mode /></trkpt><trkpt lat="35.1128892" lon="-118.4773584"><ele>1311.72</ele><time>2026-04-25T12:50:53-07:00</time><course>183.1455</course><roll>-18.79463</roll><pitch>-12.42997</pitch><mode /></trkpt><trkpt lat="35.1128691" lon="-118.4773512"><ele>1311.97</ele><time>2026-04-25T12:50:53-07:00</time><course>186.3488</course><roll>-21.93017</roll><pitch>-11.43981</pitch><mode /></trkpt><trkpt lat="35.1128486" lon="-118.4773445"><ele>1312.23</ele><time>2026-04-25T12:50:53-07:00</time><course>188.1862</course><roll>-20.86157</roll><pitch>-10.68485</pitch><mode /></trkpt><trkpt lat="35.1128302" lon="-118.47734"><ele>1312.81</ele><time>2026-04-25T12:50:54-07:00</time><course>190.8314</course><roll>-17.14506</roll><pitch>-10.21363</pitch><mode /></trkpt><trkpt lat="35.112812" lon="-118.4773369"><ele>1313.54</ele><time>2026-04-25T12:50:54-07:00</time><course>193.3998</course><roll>-15.77114</roll><pitch>-7.984931</pitch><mode /></trkpt><trkpt lat="35.1127907" lon="-118.4773324"><ele>1313.88</ele><time>2026-04-25T12:50:54-07:00</time><course>199.4481</course><roll>-14.99108</roll><pitch>-5.482968</pitch><mode /></trkpt><trkpt lat="35.1127697" lon="-118.477329"><ele>1314.3</ele><time>2026-04-25T12:50:54-07:00</time><course>201.6328</course><roll>-11.42401</roll><pitch>-4.646091</pitch><mode /></trkpt><trkpt lat="35.1127485" lon="-118.4773263"><ele>1314.69</ele><time>2026-04-25T12:50:54-07:00</time><course>203.0232</course><roll>-5.836903</roll><pitch>-3.786021</pitch><mode /></trkpt><trkpt lat="35.1127263" lon="-118.477324"><ele>1315.06</ele><time>2026-04-25T12:50:55-07:00</time><course>203.8954</course><roll>-5.967079</roll><pitch>-4.029754</pitch><mode /></trkpt><trkpt lat="35.1127039" lon="-118.4773222"><ele>1315.47</ele><time>2026-04-25T12:50:55-07:00</time><course>204.4729</course><roll>-9.622432</roll><pitch>-3.738591</pitch><mode /></trkpt><trkpt lat="35.1126813" lon="-118.4773217"><ele>1315.89</ele><time>2026-04-25T12:50:55-07:00</time><course>201.8215</course><roll>-15.54834</roll><pitch>-3.115057</pitch><mode /></trkpt><trkpt lat="35.1126586" lon="-118.4773216"><ele>1316.15</ele><time>2026-04-25T12:50:55-07:00</time><course>202.9445</course><roll>-16.93689</roll><pitch>-1.771287</pitch><mode /></trkpt><trkpt lat="35.1126354" lon="-118.4773218"><ele>1316.23</ele><time>2026-04-25T12:50:55-07:00</time><course>204.5798</course><roll>-17.75944</roll><pitch>-1.598297</pitch><mode /></trkpt><trkpt lat="35.1126127" lon="-118.4773228"><ele>1316.16</ele><time>2026-04-25T12:50:56-07:00</time><course>202.9304</course><roll>-24.83601</roll><pitch>-3.717581</pitch><mode /></trkpt><trkpt lat="35.1125902" lon="-118.4773243"><ele>1315.91</ele><time>2026-04-25T12:50:56-07:00</time><course>202.6931</course><roll>-26.35633</roll><pitch>-4.592502</pitch><mode /></trkpt><trkpt lat="35.1125675" lon="-118.4773267"><ele>1315.54</ele><time>2026-04-25T12:50:56-07:00</time><course>206.3115</course><roll>-27.37955</roll><pitch>-4.543052</pitch><mode /></trkpt><trkpt lat="35.1125452" lon="-118.4773294"><ele>1315.14</ele><time>2026-04-25T12:50:56-07:00</time><course>210.699</course><roll>-24.69345</roll><pitch>-5.118976</pitch><mode /></trkpt><trkpt lat="35.1125238" lon="-118.4773333"><ele>1314.88</ele><time>2026-04-25T12:50:56-07:00</time><course>212.8574</course><roll>-23.39574</roll><pitch>-5.850234</pitch><mode /></trkpt><trkpt lat="35.1125029" lon="-118.4773386"><ele>1314.65</ele><time>2026-04-25T12:50:57-07:00</time><course>216.2991</course><roll>-24.15428</roll><pitch>-6.575902</pitch><mode /></trkpt><trkpt lat="35.1124833" lon="-118.4773457"><ele>1314.52</ele><time>2026-04-25T12:50:57-07:00</time><course>217.8335</course><roll>-26.5281</roll><pitch>-7.652369</pitch><mode /></trkpt><trkpt lat="35.112465" lon="-118.4773543"><ele>1314.44</ele><time>2026-04-25T12:50:57-07:00</time><course>215.6183</course><roll>-20.472</roll><pitch>-9.609483</pitch><mode /></trkpt><trkpt lat="35.1124475" lon="-118.4773636"><ele>1314.37</ele><time>2026-04-25T12:50:57-07:00</time><course>217.0169</course><roll>-19.31478</roll><pitch>-8.986994</pitch><mode /></trkpt><trkpt lat="35.1124307" lon="-118.4773737"><ele>1314.44</ele><time>2026-04-25T12:50:57-07:00</time><course>218.7754</course><roll>-20.16223</roll><pitch>-8.029644</pitch><mode /></trkpt><trkpt lat="35.1124145" lon="-118.4773844"><ele>1314.54</ele><time>2026-04-25T12:50:58-07:00</time><course>221.716</course><roll>-10.93099</roll><pitch>-5.57256</pitch><mode /></trkpt><trkpt lat="35.1123994" lon="-118.4773949"><ele>1314.67</ele><time>2026-04-25T12:50:58-07:00</time><course>226.5627</course><roll>-11.99611</roll><pitch>-3.484406</pitch><mode /></trkpt><trkpt lat="35.112385" lon="-118.4774055"><ele>1314.68</ele><time>2026-04-25T12:50:58-07:00</time><course>226.6316</course><roll>-11.63598</roll><pitch>-2.905016</pitch><mode /></trkpt><trkpt lat="35.1123706" lon="-118.4774169"><ele>1314.63</ele><time>2026-04-25T12:50:58-07:00</time><course>225.1076</course><roll>-7.935741</roll><pitch>-3.201938</pitch><mode /></trkpt><trkpt lat="35.1123561" lon="-118.4774288"><ele>1314.5</ele><time>2026-04-25T12:50:58-07:00</time><course>228.7991</course><roll>-6.602516</roll><pitch>-1.96493</pitch><mode /></trkpt><trkpt lat="35.1123415" lon="-118.4774409"><ele>1314.44</ele><time>2026-04-25T12:50:59-07:00</time><course>228.8848</course><roll>-8.521163</roll><pitch>-2.161382</pitch><mode /></trkpt><trkpt lat="35.1123274" lon="-118.4774535"><ele>1314.36</ele><time>2026-04-25T12:50:59-07:00</time><course>227.6392</course><roll>-11.21659</roll><pitch>-2.11925</pitch><mode /></trkpt><trkpt lat="35.1123136" lon="-118.4774662"><ele>1314.31</ele><time>2026-04-25T12:50:59-07:00</time><course>227.088</course><roll>-9.697056</roll><pitch>-1.885592</pitch><mode /></trkpt><trkpt lat="35.1122999" lon="-118.4774795"><ele>1314.26</ele><time>2026-04-25T12:50:59-07:00</time><course>228.794</course><roll>-10.49846</roll><pitch>-1.529378</pitch><mode /></trkpt><trkpt lat="35.1122856" lon="-118.4774931"><ele>1314.16</ele><time>2026-04-25T12:50:59-07:00</time><course>231.5103</course><roll>-12.82326</roll><pitch>-1.274326</pitch><mode /></trkpt><trkpt lat="35.1122717" lon="-118.4775067"><ele>1313.99</ele><time>2026-04-25T12:51:00-07:00</time><course>232.6234</course><roll>-10.17648</roll><pitch>-1.598582</pitch><mode /></trkpt><trkpt lat="35.112258" lon="-118.4775205"><ele>1313.67</ele><time>2026-04-25T12:51:00-07:00</time><course>236.0791</course><roll>-11.69873</roll><pitch>-2.03316</pitch><mode /></trkpt><trkpt lat="35.1122446" lon="-118.4775351"><ele>1313.56</ele><time>2026-04-25T12:51:00-07:00</time><course>237.2211</course><roll>-10.60031</roll><pitch>-2.331517</pitch><mode /></trkpt><trkpt lat="35.1122318" lon="-118.4775505"><ele>1313.59</ele><time>2026-04-25T12:51:00-07:00</time><course>237.1136</course><roll>-7.588615</roll><pitch>-2.741113</pitch><mode /></trkpt><trkpt lat="35.1122193" lon="-118.4775659"><ele>1313.58</ele><time>2026-04-25T12:51:00-07:00</time><course>236.9818</course><roll>-6.326348</roll><pitch>-2.788763</pitch><mode /></trkpt><trkpt lat="35.1122068" lon="-118.4775815"><ele>1313.67</ele><time>2026-04-25T12:51:01-07:00</time><course>238.2636</course><roll>-7.523905</roll><pitch>-1.961205</pitch><mode /></trkpt><trkpt lat="35.1121946" lon="-118.4775971"><ele>1313.7</ele><time>2026-04-25T12:51:01-07:00</time><course>237.5923</course><roll>-7.681707</roll><pitch>-1.628495</pitch><mode /></trkpt><trkpt lat="35.1121827" lon="-118.4776122"><ele>1313.76</ele><time>2026-04-25T12:51:01-07:00</time><course>239.1112</course><roll>-5.922689</roll><pitch>-1.365965</pitch><mode /></trkpt><trkpt lat="35.112171" lon="-118.4776279"><ele>1313.68</ele><time>2026-04-25T12:51:01-07:00</time><course>240.1128</course><roll>-7.294918</roll><pitch>-1.207688</pitch><mode /></trkpt><trkpt lat="35.1121594" lon="-118.4776441"><ele>1313.52</ele><time>2026-04-25T12:51:01-07:00</time><course>240.8918</course><roll>-11.92847</roll><pitch>-1.727957</pitch><mode /></trkpt><trkpt lat="35.1121475" lon="-118.4776606"><ele>1313.24</ele><time>2026-04-25T12:51:02-07:00</time><course>241.813</course><roll>-11.15785</roll><pitch>-3.351754</pitch><mode /></trkpt><trkpt lat="35.1121367" lon="-118.4776774"><ele>1313.05</ele><time>2026-04-25T12:51:02-07:00</time><course>241.3819</course><roll>-12.03828</roll><pitch>-3.423065</pitch><mode /></trkpt><trkpt lat="35.1121271" lon="-118.4776942"><ele>1312.94</ele><time>2026-04-25T12:51:02-07:00</time><course>239.2961</course><roll>-9.834417</roll><pitch>-5.33615</pitch><mode /></trkpt><trkpt lat="35.1121176" lon="-118.4777114"><ele>1312.85</ele><time>2026-04-25T12:51:02-07:00</time><course>241.7238</course><roll>-9.14775</roll><pitch>-5.643276</pitch><mode /></trkpt><trkpt lat="35.1121084" lon="-118.4777288"><ele>1312.79</ele><time>2026-04-25T12:51:02-07:00</time><course>243.9482</course><roll>-12.97149</roll><pitch>-4.960499</pitch><mode /></trkpt><trkpt lat="35.1120999" lon="-118.4777463"><ele>1312.71</ele><time>2026-04-25T12:51:03-07:00</time><course>245.8617</course><roll>-11.62103</roll><pitch>-4.799866</pitch><mode /></trkpt><trkpt lat="35.1120922" lon="-118.4777636"><ele>1312.69</ele><time>2026-04-25T12:51:03-07:00</time><course>249.1606</course><roll>-9.529725</roll><pitch>-3.792491</pitch><mode /></trkpt><trkpt lat="35.1120851" lon="-118.4777814"><ele>1312.86</ele><time>2026-04-25T12:51:03-07:00</time><course>249.099</course><roll>-8.990931</roll><pitch>-3.839962</pitch><mode /></trkpt><trkpt lat="35.1120787" lon="-118.4777991"><ele>1313.03</ele><time>2026-04-25T12:51:03-07:00</time><course>247.9424</course><roll>-8.892922</roll><pitch>-3.884754</pitch><mode /></trkpt><trkpt lat="35.1120725" lon="-118.4778171"><ele>1313.17</ele><time>2026-04-25T12:51:03-07:00</time><course>247.9107</course><roll>-9.741953</roll><pitch>-3.609715</pitch><mode /></trkpt><trkpt lat="35.1120666" lon="-118.4778351"><ele>1313.29</ele><time>2026-04-25T12:51:04-07:00</time><course>249.1597</course><roll>-8.723354</roll><pitch>-3.045296</pitch><mode /></trkpt><trkpt lat="35.1120608" lon="-118.4778531"><ele>1313.39</ele><time>2026-04-25T12:51:04-07:00</time><course>251.6174</course><roll>-9.688731</roll><pitch>-2.618356</pitch><mode /></trkpt><trkpt lat="35.1120553" lon="-118.4778711"><ele>1313.5</ele><time>2026-04-25T12:51:04-07:00</time><course>252.0698</course><roll>-9.298881</roll><pitch>-3.20458</pitch><mode /></trkpt><trkpt lat="35.11205" lon="-118.4778891"><ele>1313.58</ele><time>2026-04-25T12:51:04-07:00</time><course>254.6414</course><roll>-9.854621</roll><pitch>-2.959983</pitch><mode /></trkpt><trkpt lat="35.1120454" lon="-118.4779075"><ele>1313.71</ele><time>2026-04-25T12:51:04-07:00</time><course>253.3522</course><roll>-9.76895</roll><pitch>-3.623725</pitch><mode /></trkpt><trkpt lat="35.1120416" lon="-118.4779259"><ele>1313.77</ele><time>2026-04-25T12:51:05-07:00</time><course>254.194</course><roll>-11.13355</roll><pitch>-3.334562</pitch><mode /></trkpt><trkpt lat="35.1120378" lon="-118.4779438"><ele>1313.84</ele><time>2026-04-25T12:51:05-07:00</time><course>255.0461</course><roll>-9.649833</roll><pitch>-3.041916</pitch><mode /></trkpt><trkpt lat="35.1120348" lon="-118.4779619"><ele>1314.06</ele><time>2026-04-25T12:51:05-07:00</time><course>254.1239</course><roll>-9.980076</roll><pitch>-3.609758</pitch><mode /></trkpt><trkpt lat="35.112032" lon="-118.4779804"><ele>1314.15</ele><time>2026-04-25T12:51:05-07:00</time><course>254.5946</course><roll>-12.79587</roll><pitch>-3.100934</pitch><mode /></trkpt><trkpt lat="35.11203" lon="-118.4779992"><ele>1314.31</ele><time>2026-04-25T12:51:05-07:00</time><course>253.1725</course><roll>-10.3792</roll><pitch>-2.662017</pitch><mode /></trkpt><trkpt lat="35.1120284" lon="-118.478018"><ele>1314.41</ele><time>2026-04-25T12:51:06-07:00</time><course>254.2838</course><roll>-12.08049</roll><pitch>-2.689331</pitch><mode /></trkpt><trkpt lat="35.1120273" lon="-118.4780374"><ele>1314.54</ele><time>2026-04-25T12:51:06-07:00</time><course>253.176</course><roll>-11.59068</roll><pitch>-1.695393</pitch><mode /></trkpt><trkpt lat="35.1120263" lon="-118.4780572"><ele>1314.63</ele><time>2026-04-25T12:51:06-07:00</time><course>254.2038</course><roll>-6.516908</roll><pitch>-0.8579472</pitch><mode /></trkpt><trkpt lat="35.112025" lon="-118.4780773"><ele>1314.68</ele><time>2026-04-25T12:51:06-07:00</time><course>257.3839</course><roll>-8.188513</roll><pitch>-0.3096889</pitch><mode /></trkpt><trkpt lat="35.1120238" lon="-118.4780979"><ele>1314.69</ele><time>2026-04-25T12:51:06-07:00</time><course>257.3998</course><roll>-8.796401</roll><pitch>-1.222245</pitch><mode /></trkpt><trkpt lat="35.1120235" lon="-118.4781182"><ele>1314.74</ele><time>2026-04-25T12:51:07-07:00</time><course>257.0629</course><roll>-9.254294</roll><pitch>-1.654349</pitch><mode /></trkpt><trkpt lat="35.1120239" lon="-118.4781385"><ele>1314.78</ele><time>2026-04-25T12:51:07-07:00</time><course>257.6068</course><roll>-11.23558</roll><pitch>-1.67379</pitch><mode /></trkpt><trkpt lat="35.1120246" lon="-118.478159"><ele>1314.8</ele><time>2026-04-25T12:51:07-07:00</time><course>257.8545</course><roll>-9.901906</roll><pitch>-1.971419</pitch><mode /></trkpt><trkpt lat="35.1120251" lon="-118.4781797"><ele>1314.74</ele><time>2026-04-25T12:51:07-07:00</time><course>259.7635</course><roll>-9.551671</roll><pitch>-2.048326</pitch><mode /></trkpt><trkpt lat="35.112026" lon="-118.4782003"><ele>1314.75</ele><time>2026-04-25T12:51:07-07:00</time><course>261.573</course><roll>-12.40333</roll><pitch>-1.925181</pitch><mode /></trkpt><trkpt lat="35.1120273" lon="-118.478221"><ele>1314.77</ele><time>2026-04-25T12:51:08-07:00</time><course>262.1645</course><roll>-12.78927</roll><pitch>-1.868363</pitch><mode /></trkpt><trkpt lat="35.1120291" lon="-118.478242"><ele>1314.86</ele><time>2026-04-25T12:51:08-07:00</time><course>262.3029</course><roll>-9.521743</roll><pitch>-1.676054</pitch><mode /></trkpt><trkpt lat="35.1120306" lon="-118.4782626"><ele>1314.74</ele><time>2026-04-25T12:51:08-07:00</time><course>264.4125</course><roll>-8.987353</roll><pitch>-1.827785</pitch><mode /></trkpt><trkpt lat="35.1120326" lon="-118.4782834"><ele>1314.52</ele><time>2026-04-25T12:51:08-07:00</time><course>265.7367</course><roll>-7.412964</roll><pitch>-2.337293</pitch><mode /></trkpt><trkpt lat="35.1120352" lon="-118.4783043"><ele>1314.47</ele><time>2026-04-25T12:51:08-07:00</time><course>267.8973</course><roll>-8.903769</roll><pitch>-2.462517</pitch><mode /></trkpt><trkpt lat="35.1120386" lon="-118.4783249"><ele>1314.61</ele><time>2026-04-25T12:51:09-07:00</time><course>267.7759</course><roll>-8.369301</roll><pitch>-2.426873</pitch><mode /></trkpt><trkpt lat="35.1120424" lon="-118.4783453"><ele>1314.72</ele><time>2026-04-25T12:51:09-07:00</time><course>268.6002</course><roll>-12.25887</roll><pitch>-2.574613</pitch><mode /></trkpt><trkpt lat="35.1120472" lon="-118.4783659"><ele>1314.88</ele><time>2026-04-25T12:51:09-07:00</time><course>267.5369</course><roll>-9.970562</roll><pitch>-2.796873</pitch><mode /></trkpt><trkpt lat="35.1120526" lon="-118.4783867"><ele>1314.92</ele><time>2026-04-25T12:51:09-07:00</time><course>269.5605</course><roll>-13.76133</roll><pitch>-3.004639</pitch><mode /></trkpt><trkpt lat="35.112058" lon="-118.4784071"><ele>1314.79</ele><time>2026-04-25T12:51:09-07:00</time><course>270.4437</course><roll>-14.64712</roll><pitch>-3.115394</pitch><mode /></trkpt><trkpt lat="35.1120639" lon="-118.4784273"><ele>1314.76</ele><time>2026-04-25T12:51:10-07:00</time><course>271.7385</course><roll>-19.52104</roll><pitch>-3.04471</pitch><mode /></trkpt><trkpt lat="35.1120705" lon="-118.4784475"><ele>1314.65</ele><time>2026-04-25T12:51:10-07:00</time><course>272.7893</course><roll>-21.3103</roll><pitch>-4.359942</pitch><mode /></trkpt><trkpt lat="35.1120784" lon="-118.4784669"><ele>1314.57</ele><time>2026-04-25T12:51:10-07:00</time><course>273.063</course><roll>-16.62226</roll><pitch>-5.954093</pitch><mode /></trkpt><trkpt lat="35.1120872" lon="-118.4784855"><ele>1314.58</ele><time>2026-04-25T12:51:10-07:00</time><course>274.3841</course><roll>-12.53618</roll><pitch>-5.387305</pitch><mode /></trkpt><trkpt lat="35.1120962" lon="-118.4785035"><ele>1314.62</ele><time>2026-04-25T12:51:10-07:00</time><course>278.5588</course><roll>-10.76434</roll><pitch>-3.367244</pitch><mode /></trkpt><trkpt lat="35.1121051" lon="-118.4785216"><ele>1314.56</ele><time>2026-04-25T12:51:11-07:00</time><course>281.0067</course><roll>-8.94268</roll><pitch>-2.581676</pitch><mode /></trkpt><trkpt lat="35.1121147" lon="-118.4785397"><ele>1314.44</ele><time>2026-04-25T12:51:11-07:00</time><course>280.063</course><roll>-7.346011</roll><pitch>-3.328895</pitch><mode /></trkpt><trkpt lat="35.1121245" lon="-118.4785578"><ele>1314.27</ele><time>2026-04-25T12:51:11-07:00</time><course>282.4854</course><roll>-9.569264</roll><pitch>-3.561333</pitch><mode /></trkpt><trkpt lat="35.1121342" lon="-118.4785761"><ele>1314.13</ele><time>2026-04-25T12:51:11-07:00</time><course>285.4535</course><roll>-9.32718</roll><pitch>-3.502903</pitch><mode /></trkpt><trkpt lat="35.1121445" lon="-118.4785939"><ele>1314.02</ele><time>2026-04-25T12:51:11-07:00</time><course>285.2225</course><roll>-6.626626</roll><pitch>-4.031994</pitch><mode /></trkpt><trkpt lat="35.1121553" lon="-118.4786116"><ele>1313.92</ele><time>2026-04-25T12:51:12-07:00</time><course>285.8445</course><roll>-6.225869</roll><pitch>-4.449859</pitch><mode /></trkpt><trkpt lat="35.1121662" lon="-118.4786292"><ele>1314.04</ele><time>2026-04-25T12:51:12-07:00</time><course>288.4237</course><roll>-4.367105</roll><pitch>-3.535741</pitch><mode /></trkpt><trkpt lat="35.1121767" lon="-118.4786472"><ele>1313.98</ele><time>2026-04-25T12:51:12-07:00</time><course>289.9588</course><roll>-5.492433</roll><pitch>-3.624369</pitch><mode /></trkpt><trkpt lat="35.1121877" lon="-118.4786653"><ele>1314.08</ele><time>2026-04-25T12:51:12-07:00</time><course>293.5593</course><roll>-7.571987</roll><pitch>-2.816414</pitch><mode /></trkpt><trkpt lat="35.1121996" lon="-118.4786838"><ele>1314.09</ele><time>2026-04-25T12:51:12-07:00</time><course>292.7827</course><roll>-6.813969</roll><pitch>-3.506055</pitch><mode /></trkpt><trkpt lat="35.1122122" lon="-118.4787019"><ele>1314</ele><time>2026-04-25T12:51:13-07:00</time><course>289.9767</course><roll>-6.26577</roll><pitch>-5.257482</pitch><mode /></trkpt><trkpt lat="35.1122246" lon="-118.4787199"><ele>1314.09</ele><time>2026-04-25T12:51:13-07:00</time><course>291.9997</course><roll>-5.770897</roll><pitch>-3.997254</pitch><mode /></trkpt><trkpt lat="35.1122369" lon="-118.4787386"><ele>1314.19</ele><time>2026-04-25T12:51:13-07:00</time><course>296.8258</course><roll>-5.220541</roll><pitch>-4.219521</pitch><mode /></trkpt><trkpt lat="35.1122498" lon="-118.4787569"><ele>1314.21</ele><time>2026-04-25T12:51:13-07:00</time><course>295.9585</course><roll>-9.094806</roll><pitch>-4.81746</pitch><mode /></trkpt><trkpt lat="35.1122636" lon="-118.4787746"><ele>1314.26</ele><time>2026-04-25T12:51:13-07:00</time><course>293.7237</course><roll>-9.521051</roll><pitch>-5.164468</pitch><mode /></trkpt><trkpt lat="35.1122779" lon="-118.4787925"><ele>1314.31</ele><time>2026-04-25T12:51:14-07:00</time><course>294.3583</course><roll>-13.4541</roll><pitch>-3.861375</pitch><mode /></trkpt><trkpt lat="35.1122923" lon="-118.4788109"><ele>1314.23</ele><time>2026-04-25T12:51:14-07:00</time><course>296.3214</course><roll>-20.20691</roll><pitch>-3.018163</pitch><mode /></trkpt><trkpt lat="35.1123076" lon="-118.4788288"><ele>1314.09</ele><time>2026-04-25T12:51:14-07:00</time><course>297.1628</course><roll>-29.91838</roll><pitch>-4.200685</pitch><mode /></trkpt><trkpt lat="35.1123249" lon="-118.4788459"><ele>1314.04</ele><time>2026-04-25T12:51:14-07:00</time><course>298.1836</course><roll>-30.07343</roll><pitch>-5.301225</pitch><mode /></trkpt><trkpt lat="35.1123437" lon="-118.4788618"><ele>1313.96</ele><time>2026-04-25T12:51:14-07:00</time><course>299.9119</course><roll>-24.75668</roll><pitch>-5.982923</pitch><mode /></trkpt><trkpt lat="35.1123633" lon="-118.478877"><ele>1314.01</ele><time>2026-04-25T12:51:15-07:00</time><course>305.0555</course><roll>-22.52383</roll><pitch>-3.989707</pitch><mode /></trkpt><trkpt lat="35.1123837" lon="-118.4788921"><ele>1314.06</ele><time>2026-04-25T12:51:15-07:00</time><course>310.3293</course><roll>-23.04439</roll><pitch>-2.389956</pitch><mode /></trkpt><trkpt lat="35.1124051" lon="-118.4789061"><ele>1314.3</ele><time>2026-04-25T12:51:15-07:00</time><course>316.5309</course><roll>-22.54574</roll><pitch>-0.8018247</pitch><mode /></trkpt><trkpt lat="35.1124275" lon="-118.478919"><ele>1314.43</ele><time>2026-04-25T12:51:15-07:00</time><course>318.4669</course><roll>-19.11433</roll><pitch>-1.519908</pitch><mode /></trkpt><trkpt lat="35.1124511" lon="-118.4789311"><ele>1314.65</ele><time>2026-04-25T12:51:15-07:00</time><course>321.4869</course><roll>-19.35376</roll><pitch>-0.7592379</pitch><mode /></trkpt><trkpt lat="35.1124754" lon="-118.4789428"><ele>1314.81</ele><time>2026-04-25T12:51:16-07:00</time><course>326.1747</course><roll>-20.91561</roll><pitch>0.1582786</pitch><mode /></trkpt><trkpt lat="35.1125001" lon="-118.4789529"><ele>1314.97</ele><time>2026-04-25T12:51:16-07:00</time><course>326.9402</course><roll>-22.94972</roll><pitch>-1.318145</pitch><mode /></trkpt><trkpt lat="35.1125261" lon="-118.4789617"><ele>1315.05</ele><time>2026-04-25T12:51:16-07:00</time><course>325.4783</course><roll>-23.93521</roll><pitch>-3.300956</pitch><mode /></trkpt><trkpt lat="35.1125526" lon="-118.4789683"><ele>1315.27</ele><time>2026-04-25T12:51:16-07:00</time><course>322.1737</course><roll>-20.97633</roll><pitch>-5.396878</pitch><mode /></trkpt><trkpt lat="35.1125793" lon="-118.478974"><ele>1315.38</ele><time>2026-04-25T12:51:16-07:00</time><course>323.7245</course><roll>-22.30507</roll><pitch>-3.741218</pitch><mode /></trkpt><trkpt lat="35.1126069" lon="-118.4789796"><ele>1315.55</ele><time>2026-04-25T12:51:17-07:00</time><course>330.85</course><roll>-23.59849</roll><pitch>0.1037835</pitch><mode /></trkpt><trkpt lat="35.1126347" lon="-118.4789839"><ele>1315.55</ele><time>2026-04-25T12:51:17-07:00</time><course>331.8225</course><roll>-25.43807</roll><pitch>-1.581764</pitch><mode /></trkpt><trkpt lat="35.1126635" lon="-118.4789866"><ele>1315.53</ele><time>2026-04-25T12:51:17-07:00</time><course>334.4313</course><roll>-26.67977</roll><pitch>-2.143113</pitch><mode /></trkpt><trkpt lat="35.1126929" lon="-118.4789877"><ele>1315.57</ele><time>2026-04-25T12:51:17-07:00</time><course>340.153</course><roll>-28.01867</roll><pitch>-0.5832483</pitch><mode /></trkpt><trkpt lat="35.1127224" lon="-118.4789863"><ele>1315.66</ele><time>2026-04-25T12:51:17-07:00</time><course>344.0519</course><roll>-26.77012</roll><pitch>-0.848861</pitch><mode /></trkpt><trkpt lat="35.1127522" lon="-118.4789821"><ele>1315.92</ele><time>2026-04-25T12:51:18-07:00</time><course>345.3577</course><roll>-22.52519</roll><pitch>-2.417784</pitch><mode /></trkpt><trkpt lat="35.1127821" lon="-118.4789772"><ele>1316.04</ele><time>2026-04-25T12:51:18-07:00</time><course>347.9963</course><roll>-25.04793</roll><pitch>-0.8597031</pitch><mode /></trkpt><trkpt lat="35.1128121" lon="-118.4789719"><ele>1315.97</ele><time>2026-04-25T12:51:18-07:00</time><course>353.537</course><roll>-25.91722</roll><pitch>0.8561262</pitch><mode /></trkpt><trkpt lat="35.1128428" lon="-118.4789651"><ele>1315.78</ele><time>2026-04-25T12:51:18-07:00</time><course>355.808</course><roll>-28.95619</roll><pitch>-0.6583383</pitch><mode /></trkpt><trkpt lat="35.1128736" lon="-118.4789559"><ele>1315.62</ele><time>2026-04-25T12:51:18-07:00</time><course>359.2961</course><roll>-32.70369</roll><pitch>-1.598737</pitch><mode /></trkpt><trkpt lat="35.1129037" lon="-118.4789428"><ele>1315.64</ele><time>2026-04-25T12:51:19-07:00</time><course>0.01066832</course><roll>-34.75892</roll><pitch>-4.704093</pitch><mode /></trkpt><trkpt lat="35.112934" lon="-118.4789259"><ele>1316</ele><time>2026-04-25T12:51:19-07:00</time><course>359.9192</course><roll>-30.86351</roll><pitch>-6.540281</pitch><mode /></trkpt><trkpt lat="35.1129639" lon="-118.4789071"><ele>1316.23</ele><time>2026-04-25T12:51:19-07:00</time><course>359.2935</course><roll>-27.86241</roll><pitch>-6.309331</pitch><mode /></trkpt><trkpt lat="35.1129934" lon="-118.4788862"><ele>1316.42</ele><time>2026-04-25T12:51:19-07:00</time><course>359.7165</course><roll>-27.92798</roll><pitch>-4.620276</pitch><mode /></trkpt><trkpt lat="35.1130225" lon="-118.4788646"><ele>1316.41</ele><time>2026-04-25T12:51:19-07:00</time><course>1.74351</course><roll>-26.49137</roll><pitch>-2.543066</pitch><mode /></trkpt><trkpt lat="35.1130515" lon="-118.478842"><ele>1316.33</ele><time>2026-04-25T12:51:20-07:00</time><course>7.287844</course><roll>-28.17369</roll><pitch>-0.2131394</pitch><mode /></trkpt><trkpt lat="35.1130799" lon="-118.4788178"><ele>1316.17</ele><time>2026-04-25T12:51:20-07:00</time><course>11.41815</course><roll>-28.9521</roll><pitch>-0.3222006</pitch><mode /></trkpt><trkpt lat="35.1131078" lon="-118.4787911"><ele>1316.07</ele><time>2026-04-25T12:51:20-07:00</time><course>15.19956</course><roll>-28.59053</roll><pitch>-0.8403168</pitch><mode /></trkpt><trkpt lat="35.1131353" lon="-118.4787625"><ele>1316.02</ele><time>2026-04-25T12:51:20-07:00</time><course>20.99154</course><roll>-29.42061</roll><pitch>0.3824927</pitch><mode /></trkpt><trkpt lat="35.1131614" lon="-118.4787318"><ele>1315.96</ele><time>2026-04-25T12:51:20-07:00</time><course>26.01961</course><roll>-35.84544</roll><pitch>-0.2583955</pitch><mode /></trkpt><trkpt lat="35.113187" lon="-118.4786995"><ele>1315.75</ele><time>2026-04-25T12:51:21-07:00</time><course>31.99929</course><roll>-51.28963</roll><pitch>-3.728671</pitch><mode /></trkpt><trkpt lat="35.1132106" lon="-118.4786634"><ele>1315.63</ele><time>2026-04-25T12:51:21-07:00</time><course>33.9953</course><roll>-41.74906</roll><pitch>-6.090157</pitch><mode /></trkpt><trkpt lat="35.1132325" lon="-118.4786245"><ele>1315.62</ele><time>2026-04-25T12:51:21-07:00</time><course>44.86565</course><roll>-39.51277</roll><pitch>-1.021037</pitch><mode /></trkpt><trkpt lat="35.1132518" lon="-118.4785831"><ele>1315.76</ele><time>2026-04-25T12:51:21-07:00</time><course>50.92231</course><roll>-36.00854</roll><pitch>-1.843344</pitch><mode /></trkpt><trkpt lat="35.1132675" lon="-118.478538"><ele>1316.1</ele><time>2026-04-25T12:51:21-07:00</time><course>53.21441</course><roll>-32.85047</roll><pitch>-2.689204</pitch><mode /></trkpt><trkpt lat="35.1132823" lon="-118.4784918"><ele>1316.48</ele><time>2026-04-25T12:51:22-07:00</time><course>59.23977</course><roll>-33.58291</roll><pitch>1.224359</pitch><mode /></trkpt><trkpt lat="35.1132964" lon="-118.4784447"><ele>1316.71</ele><time>2026-04-25T12:51:22-07:00</time><course>63.84026</course><roll>-33.20712</roll><pitch>1.857842</pitch><mode /></trkpt><trkpt lat="35.1133093" lon="-118.478397"><ele>1316.84</ele><time>2026-04-25T12:51:22-07:00</time><course>69.11359</course><roll>-34.56731</roll><pitch>2.336862</pitch><mode /></trkpt><trkpt lat="35.11332" lon="-118.4783484"><ele>1317</ele><time>2026-04-25T12:51:22-07:00</time><course>70.33807</course><roll>-34.18381</roll><pitch>-0.3047657</pitch><mode /></trkpt><trkpt lat="35.1133279" lon="-118.4782986"><ele>1317.14</ele><time>2026-04-25T12:51:22-07:00</time><course>70.83477</course><roll>-33.28374</roll><pitch>-1.888789</pitch><mode /></trkpt><trkpt lat="35.1133339" lon="-118.4782481"><ele>1317.24</ele><time>2026-04-25T12:51:23-07:00</time><course>74.76263</course><roll>-34.38115</roll><pitch>0.4996139</pitch><mode /></trkpt><trkpt lat="35.1133386" lon="-118.4781973"><ele>1317.22</ele><time>2026-04-25T12:51:23-07:00</time><course>80.00208</course><roll>-37.52531</roll><pitch>2.818737</pitch><mode /></trkpt><trkpt lat="35.1133416" lon="-118.4781466"><ele>1317.08</ele><time>2026-04-25T12:51:23-07:00</time><course>84.79948</course><roll>-37.88001</roll><pitch>1.852329</pitch><mode /></trkpt><trkpt lat="35.1133413" lon="-118.4780954"><ele>1317.07</ele><time>2026-04-25T12:51:23-07:00</time><course>88.47535</course><roll>-32.34345</roll><pitch>0.5922523</pitch><mode /></trkpt><trkpt lat="35.113339" lon="-118.4780442"><ele>1317.07</ele><time>2026-04-25T12:51:23-07:00</time><course>94.81616</course><roll>-34.731</roll><pitch>2.606013</pitch><mode /></trkpt><trkpt lat="35.1133359" lon="-118.4779937"><ele>1316.78</ele><time>2026-04-25T12:51:24-07:00</time><course>98.82529</course><roll>-37.98273</roll><pitch>1.536143</pitch><mode /></trkpt><trkpt lat="35.1133297" lon="-118.4779438"><ele>1316.7</ele><time>2026-04-25T12:51:24-07:00</time><course>101.1702</course><roll>-38.23656</roll><pitch>0.3587977</pitch><mode /></trkpt><trkpt lat="35.1133222" lon="-118.4778957"><ele>1316.6</ele><time>2026-04-25T12:51:24-07:00</time><course>108.009</course><roll>-46.14115</roll><pitch>1.987303</pitch><mode /></trkpt><trkpt lat="35.1133139" lon="-118.4778479"><ele>1316.19</ele><time>2026-04-25T12:51:24-07:00</time><course>115.0503</course><roll>-46.97372</roll><pitch>0.327334</pitch><mode /></trkpt><trkpt lat="35.1133024" lon="-118.4777999"><ele>1315.6</ele><time>2026-04-25T12:51:24-07:00</time><course>121.7692</course><roll>-44.74009</roll><pitch>-1.893473</pitch><mode /></trkpt><trkpt lat="35.1132869" lon="-118.4777539"><ele>1315.21</ele><time>2026-04-25T12:51:25-07:00</time><course>126.5564</course><roll>-41.89537</roll><pitch>-5.962886</pitch><mode /></trkpt><trkpt lat="35.1132682" lon="-118.4777109"><ele>1314.9</ele><time>2026-04-25T12:51:25-07:00</time><course>130.194</course><roll>-42.77905</roll><pitch>-4.447095</pitch><mode /></trkpt><trkpt lat="35.113248" lon="-118.47767"><ele>1314.52</ele><time>2026-04-25T12:51:25-07:00</time><course>138.0305</course><roll>-42.42513</roll><pitch>-1.450552</pitch><mode /></trkpt><trkpt lat="35.1132269" lon="-118.4776301"><ele>1314.07</ele><time>2026-04-25T12:51:25-07:00</time><course>148.2485</course><roll>-37.38328</roll><pitch>0.07790199</pitch><mode /></trkpt><trkpt lat="35.1132049" lon="-118.4775935"><ele>1313.58</ele><time>2026-04-25T12:51:25-07:00</time><course>155.1113</course><roll>-32.91767</roll><pitch>-1.467695</pitch><mode /></trkpt><trkpt lat="35.1131809" lon="-118.47756"><ele>1313.37</ele><time>2026-04-25T12:51:26-07:00</time><course>161.9295</course><roll>-35.24696</roll><pitch>-2.914576</pitch><mode /></trkpt><trkpt lat="35.1131559" lon="-118.4775304"><ele>1313.28</ele><time>2026-04-25T12:51:26-07:00</time><course>162.6678</course><roll>-34.75964</roll><pitch>-6.074152</pitch><mode /></trkpt><trkpt lat="35.1131298" lon="-118.4775048"><ele>1313.5</ele><time>2026-04-25T12:51:26-07:00</time><course>163.2668</course><roll>-33.37203</roll><pitch>-8.015566</pitch><mode /></trkpt><trkpt lat="35.1131033" lon="-118.4774819"><ele>1313.8</ele><time>2026-04-25T12:51:26-07:00</time><course>168.7674</course><roll>-32.6664</roll><pitch>-5.338227</pitch><mode /></trkpt><trkpt lat="35.1130767" lon="-118.4774606"><ele>1313.93</ele><time>2026-04-25T12:51:26-07:00</time><course>172.9343</course><roll>-31.14112</roll><pitch>-4.64574</pitch><mode /></trkpt><trkpt lat="35.11305" lon="-118.4774417"><ele>1314.05</ele><time>2026-04-25T12:51:27-07:00</time><course>174.188</course><roll>-27.12143</roll><pitch>-6.622124</pitch><mode /></trkpt><trkpt lat="35.1130235" lon="-118.4774255"><ele>1314.37</ele><time>2026-04-25T12:51:27-07:00</time><course>175.7099</course><roll>-23.93853</roll><pitch>-5.575119</pitch><mode /></trkpt><trkpt lat="35.1129973" lon="-118.477411"><ele>1314.49</ele><time>2026-04-25T12:51:27-07:00</time><course>179.3581</course><roll>-21.9548</roll><pitch>-3.849733</pitch><mode /></trkpt><trkpt lat="35.1129713" lon="-118.4773968"><ele>1314.5</ele><time>2026-04-25T12:51:27-07:00</time><course>182.2111</course><roll>-18.81516</roll><pitch>-3.341499</pitch><mode /></trkpt><trkpt lat="35.1129448" lon="-118.4773836"><ele>1314.62</ele><time>2026-04-25T12:51:27-07:00</time><course>185.1378</course><roll>-18.87238</roll><pitch>-2.485363</pitch><mode /></trkpt><trkpt lat="35.1129182" lon="-118.4773722"><ele>1314.54</ele><time>2026-04-25T12:51:28-07:00</time><course>185.1737</course><roll>-20.71018</roll><pitch>-5.027154</pitch><mode /></trkpt><trkpt lat="35.1128914" lon="-118.4773616"><ele>1314.53</ele><time>2026-04-25T12:51:28-07:00</time><course>183.8961</course><roll>-22.14667</roll><pitch>-6.367825</pitch><mode /></trkpt><trkpt lat="35.1128654" lon="-118.4773528"><ele>1314.57</ele><time>2026-04-25T12:51:28-07:00</time><course>186.4307</course><roll>-25.43382</roll><pitch>-5.26925</pitch><mode /></trkpt><trkpt lat="35.1128403" lon="-118.4773457"><ele>1314.74</ele><time>2026-04-25T12:51:28-07:00</time><course>189.7227</course><roll>-24.97701</roll><pitch>-3.92747</pitch><mode /></trkpt><trkpt lat="35.1128144" lon="-118.4773401"><ele>1314.97</ele><time>2026-04-25T12:51:28-07:00</time><course>192.9636</course><roll>-22.43211</roll><pitch>-3.110814</pitch><mode /></trkpt><trkpt lat="35.112789" lon="-118.4773356"><ele>1314.97</ele><time>2026-04-25T12:51:29-07:00</time><course>195.6958</course><roll>-23.00659</roll><pitch>-3.666109</pitch><mode /></trkpt><trkpt lat="35.1127639" lon="-118.4773333"><ele>1315.15</ele><time>2026-04-25T12:51:29-07:00</time><course>197.6781</course><roll>-22.18329</roll><pitch>-2.864611</pitch><mode /></trkpt><trkpt lat="35.112739" lon="-118.4773326"><ele>1315.17</ele><time>2026-04-25T12:51:29-07:00</time><course>196.9391</course><roll>-20.22584</roll><pitch>-3.563027</pitch><mode /></trkpt><trkpt lat="35.1127139" lon="-118.477333"><ele>1315.32</ele><time>2026-04-25T12:51:29-07:00</time><course>197.8242</course><roll>-18.70314</roll><pitch>-2.791334</pitch><mode /></trkpt><trkpt lat="35.1126891" lon="-118.4773344"><ele>1315.55</ele><time>2026-04-25T12:51:29-07:00</time><course>199.7346</course><roll>-17.69797</roll><pitch>-2.095773</pitch><mode /></trkpt><trkpt lat="35.1126647" lon="-118.4773367"><ele>1315.69</ele><time>2026-04-25T12:51:30-07:00</time><course>201.5358</course><roll>-16.50524</roll><pitch>-1.567782</pitch><mode /></trkpt><trkpt lat="35.1126409" lon="-118.4773394"><ele>1315.73</ele><time>2026-04-25T12:51:30-07:00</time><course>205.4784</course><roll>-15.53788</roll><pitch>-0.6176904</pitch><mode /></trkpt><trkpt lat="35.1126172" lon="-118.477343"><ele>1315.76</ele><time>2026-04-25T12:51:30-07:00</time><course>206.247</course><roll>-18.77502</roll><pitch>-0.9128257</pitch><mode /></trkpt><trkpt lat="35.1125941" lon="-118.4773482"><ele>1315.86</ele><time>2026-04-25T12:51:30-07:00</time><course>206.0471</course><roll>-16.84805</roll><pitch>-0.310966</pitch><mode /></trkpt><trkpt lat="35.1125708" lon="-118.4773533"><ele>1315.79</ele><time>2026-04-25T12:51:30-07:00</time><course>209.7524</course><roll>-16.41081</roll><pitch>0.6009167</pitch><mode /></trkpt><trkpt lat="35.1125475" lon="-118.4773587"><ele>1315.57</ele><time>2026-04-25T12:51:31-07:00</time><course>211.8666</course><roll>-16.27923</roll><pitch>-0.2415891</pitch><mode /></trkpt><trkpt lat="35.112524" lon="-118.4773653"><ele>1315.41</ele><time>2026-04-25T12:51:31-07:00</time><course>213.82</course><roll>-18.07976</roll><pitch>-0.4614409</pitch><mode /></trkpt><trkpt lat="35.1125009" lon="-118.4773726"><ele>1315.27</ele><time>2026-04-25T12:51:31-07:00</time><course>215.2632</course><roll>-17.94794</roll><pitch>-1.046187</pitch><mode /></trkpt><trkpt lat="35.1124784" lon="-118.4773816"><ele>1315.19</ele><time>2026-04-25T12:51:31-07:00</time><course>215.1024</course><roll>-14.91549</roll><pitch>-1.683281</pitch><mode /></trkpt><trkpt lat="35.1124567" lon="-118.4773916"><ele>1315.03</ele><time>2026-04-25T12:51:31-07:00</time><course>217.256</course><roll>-15.413</roll><pitch>-0.9282995</pitch><mode /></trkpt><trkpt lat="35.112435" lon="-118.4774017"><ele>1314.73</ele><time>2026-04-25T12:51:32-07:00</time><course>220.1985</course><roll>-16.95885</roll><pitch>-1.284652</pitch><mode /></trkpt><trkpt lat="35.112414" lon="-118.4774119"><ele>1314.49</ele><time>2026-04-25T12:51:32-07:00</time><course>218.6735</course><roll>-15.02258</roll><pitch>-3.026345</pitch><mode /></trkpt><trkpt lat="35.1123943" lon="-118.4774233"><ele>1314.41</ele><time>2026-04-25T12:51:32-07:00</time><course>220.5002</course><roll>-9.949174</roll><pitch>-2.118873</pitch><mode /></trkpt><trkpt lat="35.1123744" lon="-118.4774349"><ele>1314.35</ele><time>2026-04-25T12:51:32-07:00</time><course>224.799</course><roll>-9.485587</roll><pitch>-1.136385</pitch><mode /></trkpt><trkpt lat="35.112355" lon="-118.4774469"><ele>1314.27</ele><time>2026-04-25T12:51:32-07:00</time><course>227.3477</course><roll>-8.099594</roll><pitch>-0.8598886</pitch><mode /></trkpt><trkpt lat="35.1123358" lon="-118.4774594"><ele>1314.4</ele><time>2026-04-25T12:51:33-07:00</time><course>229.8607</course><roll>-14.02076</roll><pitch>-0.5409902</pitch><mode /></trkpt><trkpt lat="35.1123166" lon="-118.4774722"><ele>1314.37</ele><time>2026-04-25T12:51:33-07:00</time><course>232.0928</course><roll>-13.99391</roll><pitch>-0.8628891</pitch><mode /></trkpt><trkpt lat="35.1122991" lon="-118.4774854"><ele>1313.96</ele><time>2026-04-25T12:51:33-07:00</time><course>230.6129</course><roll>-16.91833</roll><pitch>-2.551808</pitch><mode /></trkpt><trkpt lat="35.1122826" lon="-118.477499"><ele>1313.76</ele><time>2026-04-25T12:51:33-07:00</time><course>230.7505</course><roll>-15.91932</roll><pitch>-3.028491</pitch><mode /></trkpt><trkpt lat="35.112267" lon="-118.4775134"><ele>1313.57</ele><time>2026-04-25T12:51:33-07:00</time><course>231.0482</course><roll>-19.3208</roll><pitch>-3.941965</pitch><mode /></trkpt><trkpt lat="35.1122521" lon="-118.4775288"><ele>1313.48</ele><time>2026-04-25T12:51:34-07:00</time><course>229.0724</course><roll>-20.02267</roll><pitch>-5.012252</pitch><mode /></trkpt><trkpt lat="35.112238" lon="-118.4775447"><ele>1313.47</ele><time>2026-04-25T12:51:34-07:00</time><course>236.1991</course><roll>-19.6395</roll><pitch>-2.023907</pitch><mode /></trkpt><trkpt lat="35.1122243" lon="-118.4775606"><ele>1313.44</ele><time>2026-04-25T12:51:34-07:00</time><course>238.7008</course><roll>-20.27712</roll><pitch>-2.476216</pitch><mode /></trkpt><trkpt lat="35.1122121" lon="-118.477577"><ele>1313.34</ele><time>2026-04-25T12:51:34-07:00</time><course>239.1154</course><roll>-19.23797</roll><pitch>-3.623288</pitch><mode /></trkpt><trkpt lat="35.1122008" lon="-118.4775941"><ele>1313.37</ele><time>2026-04-25T12:51:34-07:00</time><course>239.5805</course><roll>-17.07413</roll><pitch>-4.124072</pitch><mode /></trkpt><trkpt lat="35.1121904" lon="-118.4776104"><ele>1313.41</ele><time>2026-04-25T12:51:35-07:00</time><course>242.7133</course><roll>-14.69129</roll><pitch>-4.349261</pitch><mode /></trkpt><trkpt lat="35.1121809" lon="-118.4776273"><ele>1313.48</ele><time>2026-04-25T12:51:35-07:00</time><course>240.0951</course><roll>-14.82871</roll><pitch>-4.816274</pitch><mode /></trkpt><trkpt lat="35.1121725" lon="-118.4776449"><ele>1313.66</ele><time>2026-04-25T12:51:35-07:00</time><course>236.5263</course><roll>-10.17982</roll><pitch>-4.312027</pitch><mode /></trkpt><trkpt lat="35.1121639" lon="-118.4776622"><ele>1313.91</ele><time>2026-04-25T12:51:35-07:00</time><course>240.4605</course><roll>-9.097304</roll><pitch>-0.8509844</pitch><mode /></trkpt><trkpt lat="35.1121545" lon="-118.4776792"><ele>1313.89</ele><time>2026-04-25T12:51:35-07:00</time><course>245.5777</course><roll>-15.73829</roll><pitch>-0.3367053</pitch><mode /></trkpt><trkpt lat="35.1121463" lon="-118.4776978"><ele>1313.96</ele><time>2026-04-25T12:51:36-07:00</time><course>241.7127</course><roll>-11.9851</roll><pitch>-1.731776</pitch><mode /></trkpt><trkpt lat="35.1121397" lon="-118.4777169"><ele>1314.15</ele><time>2026-04-25T12:51:36-07:00</time><course>246.2208</course><roll>-14.88868</roll><pitch>0.10391</pitch><mode /></trkpt><trkpt lat="35.1121321" lon="-118.477736"><ele>1314.13</ele><time>2026-04-25T12:51:36-07:00</time><course>256.6733</course><roll>-26.7238</roll><pitch>1.175463</pitch><mode /></trkpt><trkpt lat="35.112127" lon="-118.4777551"><ele>1314.06</ele><time>2026-04-25T12:51:36-07:00</time><course>256.9729</course><roll>-32.60766</roll><pitch>-1.365986</pitch><mode /></trkpt><trkpt lat="35.1121245" lon="-118.4777759"><ele>1314.15</ele><time>2026-04-25T12:51:36-07:00</time><course>257.5041</course><roll>-29.19926</roll><pitch>-3.255197</pitch><mode /></trkpt><trkpt lat="35.1121243" lon="-118.477797"><ele>1314.2</ele><time>2026-04-25T12:51:37-07:00</time><course>256.4031</course><roll>-16.19482</roll><pitch>-2.31296</pitch><mode /></trkpt><trkpt lat="35.1121244" lon="-118.4778173"><ele>1314.22</ele><time>2026-04-25T12:51:37-07:00</time><course>256.5847</course><roll>-11.11588</roll><pitch>-1.701374</pitch><mode /></trkpt><trkpt lat="35.112124" lon="-118.4778369"><ele>1314.17</ele><time>2026-04-25T12:51:37-07:00</time><course>258.5017</course><roll>-5.710903</roll><pitch>-1.623218</pitch><mode /></trkpt><trkpt lat="35.1121238" lon="-118.4778782"><ele>1314.35</ele><time>2026-04-25T12:51:37-07:00</time><course>263.0439</course><roll>-12.47099</roll><pitch>-0.6245179</pitch><mode /></trkpt><trkpt lat="35.1121242" lon="-118.4778986"><ele>1314.43</ele><time>2026-04-25T12:51:38-07:00</time><course>270.9884</course><roll>-20.91765</roll><pitch>-1.240461</pitch><mode /></trkpt><trkpt lat="35.1121264" lon="-118.4779192"><ele>1314.58</ele><time>2026-04-25T12:51:38-07:00</time><course>273.1685</course><roll>-27.80514</roll><pitch>-3.430121</pitch><mode /></trkpt><trkpt lat="35.1121306" lon="-118.4779396"><ele>1314.66</ele><time>2026-04-25T12:51:38-07:00</time><course>275.5222</course><roll>-32.03393</roll><pitch>-4.570201</pitch><mode /></trkpt><trkpt lat="35.1121368" lon="-118.47796"><ele>1314.7</ele><time>2026-04-25T12:51:38-07:00</time><course>277.3231</course><roll>-32.70816</roll><pitch>-4.080841</pitch><mode /></trkpt><trkpt lat="35.1121445" lon="-118.4779802"><ele>1314.68</ele><time>2026-04-25T12:51:38-07:00</time><course>283.6887</course><roll>-32.89014</roll><pitch>-0.2424541</pitch><mode /></trkpt><trkpt lat="35.1121536" lon="-118.4780005"><ele>1314.65</ele><time>2026-04-25T12:51:39-07:00</time><course>291.0223</course><roll>-38.92571</roll><pitch>0.4975937</pitch><mode /></trkpt><trkpt lat="35.1121645" lon="-118.4780202"><ele>1314.52</ele><time>2026-04-25T12:51:39-07:00</time><course>293.6157</course><roll>-42.28512</roll><pitch>-1.293709</pitch><mode /></trkpt><trkpt lat="35.1121783" lon="-118.4780387"><ele>1314.47</ele><time>2026-04-25T12:51:39-07:00</time><course>296.6943</course><roll>-39.38626</roll><pitch>-3.095819</pitch><mode /></trkpt><trkpt lat="35.1121948" lon="-118.4780549"><ele>1314.5</ele><time>2026-04-25T12:51:39-07:00</time><course>291.1793</course><roll>-28.73077</roll><pitch>-6.80196</pitch><mode /></trkpt><trkpt lat="35.1122122" lon="-118.4780695"><ele>1314.58</ele><time>2026-04-25T12:51:39-07:00</time><course>292.6319</course><roll>-21.8929</roll><pitch>-4.344208</pitch><mode /></trkpt><trkpt lat="35.112229" lon="-118.4780836"><ele>1314.56</ele><time>2026-04-25T12:51:40-07:00</time><course>296.67</course><roll>-11.3926</roll><pitch>-1.493246</pitch><mode /></trkpt><trkpt lat="35.1122459" lon="-118.4780968"><ele>1314.6</ele><time>2026-04-25T12:51:40-07:00</time><course>298.3944</course><roll>-5.255617</roll><pitch>-0.8107188</pitch><mode /></trkpt><trkpt lat="35.1122628" lon="-118.4781097"><ele>1314.5</ele><time>2026-04-25T12:51:40-07:00</time><course>294.7862</course><roll>5.11751</roll><pitch>0.2821658</pitch><mode /></trkpt><trkpt lat="35.1122786" lon="-118.4781222"><ele>1314.34</ele><time>2026-04-25T12:51:40-07:00</time><course>293.9063</course><roll>22.224</roll><pitch>4.189494</pitch><mode /></trkpt><trkpt lat="35.1122924" lon="-118.478135"><ele>1314.15</ele><time>2026-04-25T12:51:40-07:00</time><course>291.3766</course><roll>26.36198</roll><pitch>4.823319</pitch><mode /></trkpt><trkpt lat="35.1123053" lon="-118.4781492"><ele>1314.07</ele><time>2026-04-25T12:51:41-07:00</time><course>280.8785</course><roll>37.07399</roll><pitch>5.727014</pitch><mode /></trkpt><trkpt lat="35.1123155" lon="-118.4781649"><ele>1313.92</ele><time>2026-04-25T12:51:41-07:00</time><course>275.7088</course><roll>39.85844</roll><pitch>1.236414</pitch><mode /></trkpt><trkpt lat="35.1123218" lon="-118.4781821"><ele>1313.66</ele><time>2026-04-25T12:51:41-07:00</time><course>270.1054</course><roll>43.55</roll><pitch>-0.1281255</pitch><mode /></trkpt><trkpt lat="35.1123249" lon="-118.4781995"><ele>1313.42</ele><time>2026-04-25T12:51:41-07:00</time><course>261.6955</course><roll>45.02193</roll><pitch>-1.310281</pitch><mode /></trkpt><trkpt lat="35.1123244" lon="-118.4782165"><ele>1313.29</ele><time>2026-04-25T12:51:41-07:00</time><course>254.7272</course><roll>45.09872</roll><pitch>-3.233232</pitch><mode /></trkpt><trkpt lat="35.1123198" lon="-118.478232"><ele>1313.18</ele><time>2026-04-25T12:51:42-07:00</time><course>251.6694</course><roll>33.09409</roll><pitch>-11.45777</pitch><mode /></trkpt><trkpt lat="35.1123117" lon="-118.4782452"><ele>1313.29</ele><time>2026-04-25T12:51:42-07:00</time><course>250.5129</course><roll>18.24844</roll><pitch>-13.63275</pitch><mode /></trkpt><trkpt lat="35.1123023" lon="-118.4782561"><ele>1313.73</ele><time>2026-04-25T12:51:42-07:00</time><course>244.1645</course><roll>12.19812</roll><pitch>-9.685979</pitch><mode /></trkpt><trkpt lat="35.1122923" lon="-118.4782671"><ele>1314.03</ele><time>2026-04-25T12:51:42-07:00</time><course>245.6898</course><roll>2.374543</roll><pitch>-9.388604</pitch><mode /></trkpt><trkpt lat="35.1122821" lon="-118.4782777"><ele>1314.26</ele><time>2026-04-25T12:51:42-07:00</time><course>250.9649</course><roll>-14.18798</roll><pitch>-7.998205</pitch><mode /></trkpt><trkpt lat="35.1122728" lon="-118.4782884"><ele>1314.47</ele><time>2026-04-25T12:51:43-07:00</time><course>255.1787</course><roll>-25.96819</roll><pitch>-5.400286</pitch><mode /></trkpt><trkpt lat="35.112265" lon="-118.4782998"><ele>1314.59</ele><time>2026-04-25T12:51:43-07:00</time><course>256.1482</course><roll>-31.80659</roll><pitch>-5.827278</pitch><mode /></trkpt><trkpt lat="35.112259" lon="-118.4783122"><ele>1314.6</ele><time>2026-04-25T12:51:43-07:00</time><course>255.8896</course><roll>-35.15541</roll><pitch>-5.635613</pitch><mode /></trkpt><trkpt lat="35.1122542" lon="-118.4783248"><ele>1314.57</ele><time>2026-04-25T12:51:43-07:00</time><course>258.821</course><roll>-35.22973</roll><pitch>-2.486871</pitch><mode /></trkpt><trkpt lat="35.11225" lon="-118.4783382"><ele>1314.33</ele><time>2026-04-25T12:51:43-07:00</time><course>264.0546</course><roll>-31.18063</roll><pitch>0.3160412</pitch><mode /></trkpt><trkpt lat="35.1122473" lon="-118.4783522"><ele>1314.01</ele><time>2026-04-25T12:51:44-07:00</time><course>270.8866</course><roll>-36.96891</roll><pitch>1.225165</pitch><mode /></trkpt><trkpt lat="35.1122469" lon="-118.4783668"><ele>1313.6</ele><time>2026-04-25T12:51:44-07:00</time><course>277.9152</course><roll>-40.90439</roll><pitch>1.750068</pitch><mode /></trkpt><trkpt lat="35.1122488" lon="-118.4783818"><ele>1313.16</ele><time>2026-04-25T12:51:44-07:00</time><course>286.1692</course><roll>-41.4049</roll><pitch>1.482739</pitch><mode /></trkpt><trkpt lat="35.1122538" lon="-118.478396"><ele>1312.75</ele><time>2026-04-25T12:51:44-07:00</time><course>288.3136</course><roll>-40.55148</roll><pitch>-4.467486</pitch><mode /></trkpt><trkpt lat="35.1122631" lon="-118.4784092"><ele>1312.58</ele><time>2026-04-25T12:51:44-07:00</time><course>291.7782</course><roll>-43.64748</roll><pitch>-4.879159</pitch><mode /></trkpt><trkpt lat="35.1122759" lon="-118.4784209"><ele>1312.58</ele><time>2026-04-25T12:51:45-07:00</time><course>296.9372</course><roll>-39.37479</roll><pitch>-5.187238</pitch><mode /></trkpt><trkpt lat="35.1122911" lon="-118.4784306"><ele>1312.65</ele><time>2026-04-25T12:51:45-07:00</time><course>304.4803</course><roll>-39.69191</roll><pitch>-1.907591</pitch><mode /></trkpt><trkpt lat="35.1123074" lon="-118.4784386"><ele>1312.73</ele><time>2026-04-25T12:51:45-07:00</time><course>315.5536</course><roll>-45.32177</roll><pitch>1.618958</pitch><mode /></trkpt><trkpt lat="35.1123262" lon="-118.4784443"><ele>1312.74</ele><time>2026-04-25T12:51:45-07:00</time><course>323.1715</course><roll>-52.72653</roll><pitch>-2.669847</pitch><mode /></trkpt><trkpt lat="35.1123481" lon="-118.478446"><ele>1312.8</ele><time>2026-04-25T12:51:45-07:00</time><course>330.3165</course><roll>-45.47379</roll><pitch>-5.835751</pitch><mode /></trkpt><trkpt lat="35.1123717" lon="-118.478444"><ele>1312.88</ele><time>2026-04-25T12:51:46-07:00</time><course>338.113</course><roll>-53.21582</roll><pitch>-5.552009</pitch><mode /></trkpt><trkpt lat="35.1123965" lon="-118.4784382"><ele>1312.98</ele><time>2026-04-25T12:51:46-07:00</time><course>345.3738</course><roll>-52.40944</roll><pitch>-7.098921</pitch><mode /></trkpt><trkpt lat="35.1124224" lon="-118.4784281"><ele>1312.96</ele><time>2026-04-25T12:51:46-07:00</time><course>352.6294</course><roll>-48.0563</roll><pitch>-7.181583</pitch><mode /></trkpt><trkpt lat="35.1124485" lon="-118.4784134"><ele>1313</ele><time>2026-04-25T12:51:46-07:00</time><course>356.5175</course><roll>-43.53891</roll><pitch>-6.519751</pitch><mode /></trkpt><trkpt lat="35.1124742" lon="-118.4783945"><ele>1313.15</ele><time>2026-04-25T12:51:46-07:00</time><course>0.19993</course><roll>-39.83104</roll><pitch>-5.724409</pitch><mode /></trkpt><trkpt lat="35.1124996" lon="-118.4783724"><ele>1313.38</ele><time>2026-04-25T12:51:47-07:00</time><course>6.885801</course><roll>-38.12438</roll><pitch>-4.378543</pitch><mode /></trkpt><trkpt lat="35.1125248" lon="-118.4783475"><ele>1313.64</ele><time>2026-04-25T12:51:47-07:00</time><course>10.772</course><roll>-41.29161</roll><pitch>-3.729505</pitch><mode /></trkpt><trkpt lat="35.1125499" lon="-118.4783215"><ele>1313.78</ele><time>2026-04-25T12:51:47-07:00</time><course>19.38439</course><roll>-38.15548</roll><pitch>-0.0629878</pitch><mode /></trkpt><trkpt lat="35.1125748" lon="-118.4782942"><ele>1313.76</ele><time>2026-04-25T12:51:47-07:00</time><course>28.33579</course><roll>-35.48354</roll><pitch>2.061806</pitch><mode /></trkpt><trkpt lat="35.112599" lon="-118.4782633"><ele>1313.82</ele><time>2026-04-25T12:51:47-07:00</time><course>33.1057</course><roll>-39.0267</roll><pitch>0.9806153</pitch><mode /></trkpt><trkpt lat="35.1126222" lon="-118.4782284"><ele>1313.97</ele><time>2026-04-25T12:51:48-07:00</time><course>36.3951</course><roll>-36.68037</roll><pitch>-0.9294401</pitch><mode /></trkpt><trkpt lat="35.1126443" lon="-118.4781901"><ele>1314.19</ele><time>2026-04-25T12:51:48-07:00</time><course>37.82388</course><roll>-36.2638</roll><pitch>-2.554898</pitch><mode /></trkpt><trkpt lat="35.1126656" lon="-118.4781497"><ele>1314.42</ele><time>2026-04-25T12:51:48-07:00</time><course>42.48194</course><roll>-35.91749</roll><pitch>-0.4011634</pitch><mode /></trkpt><trkpt lat="35.1126864" lon="-118.478108"><ele>1314.61</ele><time>2026-04-25T12:51:48-07:00</time><course>49.94548</course><roll>-37.53239</roll><pitch>2.571954</pitch><mode /></trkpt><trkpt lat="35.1127066" lon="-118.4780648"><ele>1314.68</ele><time>2026-04-25T12:51:48-07:00</time><course>56.18079</course><roll>-49.30307</roll><pitch>2.224721</pitch><mode /></trkpt><trkpt lat="35.1127251" lon="-118.4780198"><ele>1314.5</ele><time>2026-04-25T12:51:49-07:00</time><course>60.06594</course><roll>-48.38973</roll><pitch>-3.385258</pitch><mode /></trkpt><trkpt lat="35.1127407" lon="-118.4779727"><ele>1314.29</ele><time>2026-04-25T12:51:49-07:00</time><course>64.45346</course><roll>-52.62863</roll><pitch>-6.334132</pitch><mode /></trkpt><trkpt lat="35.1127533" lon="-118.4779238"><ele>1314.08</ele><time>2026-04-25T12:51:49-07:00</time><course>69.15204</course><roll>-53.4398</roll><pitch>-6.843828</pitch><mode /></trkpt><trkpt lat="35.1127641" lon="-118.4778742"><ele>1313.66</ele><time>2026-04-25T12:51:49-07:00</time><course>73.32918</course><roll>-50.67448</roll><pitch>-8.165051</pitch><mode /></trkpt><trkpt lat="35.1127733" lon="-118.4778244"><ele>1313.18</ele><time>2026-04-25T12:51:49-07:00</time><course>81.10037</course><roll>-50.60752</roll><pitch>-4.905056</pitch><mode /></trkpt><trkpt lat="35.1127804" lon="-118.4777744"><ele>1312.58</ele><time>2026-04-25T12:51:50-07:00</time><course>89.82657</course><roll>-40.95592</roll><pitch>-1.691371</pitch><mode /></trkpt><trkpt lat="35.1127837" lon="-118.4777238"><ele>1312.14</ele><time>2026-04-25T12:51:50-07:00</time><course>99.66295</course><roll>-37.62855</roll><pitch>2.216821</pitch><mode /></trkpt><trkpt lat="35.1127826" lon="-118.4776731"><ele>1311.88</ele><time>2026-04-25T12:51:50-07:00</time><course>97.52079</course><roll>-30.88924</roll><pitch>-1.938382</pitch><mode /></trkpt><trkpt lat="35.1127791" lon="-118.4776234"><ele>1311.69</ele><time>2026-04-25T12:51:50-07:00</time><course>95.74706</course><roll>-18.36193</roll><pitch>-0.6838861</pitch><mode /></trkpt><trkpt lat="35.1127756" lon="-118.4775742"><ele>1311.44</ele><time>2026-04-25T12:51:50-07:00</time><course>98.61889</course><roll>-11.44732</roll><pitch>0.6092556</pitch><mode /></trkpt><trkpt lat="35.1127721" lon="-118.4775253"><ele>1311.08</ele><time>2026-04-25T12:51:51-07:00</time><course>100.0314</course><roll>-9.183037</roll><pitch>-0.5187023</pitch><mode /></trkpt><trkpt lat="35.1127681" lon="-118.4774768"><ele>1310.77</ele><time>2026-04-25T12:51:51-07:00</time><course>98.29874</course><roll>-4.184761</roll><pitch>-1.112896</pitch><mode /></trkpt><trkpt lat="35.112764" lon="-118.4774285"><ele>1310.52</ele><time>2026-04-25T12:51:51-07:00</time><course>99.8519</course><roll>-0.4053262</roll><pitch>0.06467164</pitch><mode /></trkpt><trkpt lat="35.1127601" lon="-118.4773802"><ele>1310.35</ele><time>2026-04-25T12:51:51-07:00</time><course>99.94215</course><roll>-0.2676264</roll><pitch>-0.1066811</pitch><mode /></trkpt><trkpt lat="35.1127563" lon="-118.4773322"><ele>1310.19</ele><time>2026-04-25T12:51:51-07:00</time><course>99.3943</course><roll>2.321394</roll><pitch>0.1482662</pitch><mode /></trkpt><trkpt lat="35.112753" lon="-118.477284"><ele>1310.05</ele><time>2026-04-25T12:51:52-07:00</time><course>101.6986</course><roll>4.087507</roll><pitch>0.239706</pitch><mode /></trkpt><trkpt lat="35.1127503" lon="-118.4772359"><ele>1309.99</ele><time>2026-04-25T12:51:52-07:00</time><course>101.4371</course><roll>3.250685</roll><pitch>0.1123185</pitch><mode /></trkpt><trkpt lat="35.1127477" lon="-118.4771876"><ele>1309.96</ele><time>2026-04-25T12:51:52-07:00</time><course>98.73433</course><roll>0.8130508</roll><pitch>-0.009594216</pitch><mode /></trkpt><trkpt lat="35.1127456" lon="-118.4771395"><ele>1309.95</ele><time>2026-04-25T12:51:52-07:00</time><course>96.29141</course><roll>10.38923</roll><pitch>1.893353</pitch><mode /></trkpt><trkpt lat="35.1127445" lon="-118.4770921"><ele>1309.85</ele><time>2026-04-25T12:51:52-07:00</time><course>92.84602</course><roll>19.06651</roll><pitch>4.604404</pitch><mode /></trkpt><trkpt lat="35.1127447" lon="-118.4770451"><ele>1309.68</ele><time>2026-04-25T12:51:53-07:00</time><course>87.6672</course><roll>25.11035</roll><pitch>6.880128</pitch><mode /></trkpt><trkpt lat="35.1127468" lon="-118.4769978"><ele>1309.49</ele><time>2026-04-25T12:51:53-07:00</time><course>82.95811</course><roll>36.66066</roll><pitch>7.208029</pitch><mode /></trkpt><trkpt lat="35.1127521" lon="-118.4769506"><ele>1309.27</ele><time>2026-04-25T12:51:53-07:00</time><course>77.47187</course><roll>46.33748</roll><pitch>1.572546</pitch><mode /></trkpt><trkpt lat="35.1127617" lon="-118.4769043"><ele>1309.23</ele><time>2026-04-25T12:51:53-07:00</time><course>68.20892</course><roll>48.06433</roll><pitch>-0.9959055</pitch><mode /></trkpt><trkpt lat="35.1127755" lon="-118.4768596"><ele>1309.29</ele><time>2026-04-25T12:51:53-07:00</time><course>58.42644</course><roll>50.73783</roll><pitch>-2.487308</pitch><mode /></trkpt><trkpt lat="35.1127937" lon="-118.4768178"><ele>1309.35</ele><time>2026-04-25T12:51:54-07:00</time><course>51.78543</course><roll>52.68917</roll><pitch>-5.368626</pitch><mode /></trkpt><trkpt lat="35.1128149" lon="-118.4767786"><ele>1309.44</ele><time>2026-04-25T12:51:54-07:00</time><course>38.00807</course><roll>53.01354</roll><pitch>-1.375064</pitch><mode /></trkpt><trkpt lat="35.1128386" lon="-118.476743"><ele>1309.54</ele><time>2026-04-25T12:51:54-07:00</time><course>28.08879</course><roll>52.65708</roll><pitch>-1.137911</pitch><mode /></trkpt><trkpt lat="35.1128652" lon="-118.4767131"><ele>1309.66</ele><time>2026-04-25T12:51:54-07:00</time><course>19.22974</course><roll>49.96557</roll><pitch>-3.327201</pitch><mode /></trkpt><trkpt lat="35.1128934" lon="-118.4766885"><ele>1309.79</ele><time>2026-04-25T12:51:54-07:00</time><course>9.088294</course><roll>49.21043</roll><pitch>-1.756535</pitch><mode /></trkpt><trkpt lat="35.1129226" lon="-118.4766692"><ele>1309.95</ele><time>2026-04-25T12:51:55-07:00</time><course>1.265488</course><roll>50.94201</roll><pitch>-1.789284</pitch><mode /></trkpt><trkpt lat="35.1129522" lon="-118.4766539"><ele>1309.98</ele><time>2026-04-25T12:51:55-07:00</time><course>354.1711</course><roll>51.02269</roll><pitch>-3.589423</pitch><mode /></trkpt><trkpt lat="35.1129817" lon="-118.476642"><ele>1309.84</ele><time>2026-04-25T12:51:55-07:00</time><course>345.2097</course><roll>48.99654</roll><pitch>-3.900403</pitch><mode /></trkpt><trkpt lat="35.1130104" lon="-118.4766346"><ele>1309.81</ele><time>2026-04-25T12:51:55-07:00</time><course>335.6778</course><roll>48.66646</roll><pitch>-1.814547</pitch><mode /></trkpt><trkpt lat="35.1130378" lon="-118.4766324"><ele>1309.83</ele><time>2026-04-25T12:51:55-07:00</time><course>326.9772</course><roll>42.91119</roll><pitch>-0.6102883</pitch><mode /></trkpt><trkpt lat="35.1130632" lon="-118.4766351"><ele>1309.95</ele><time>2026-04-25T12:51:56-07:00</time><course>318.6494</course><roll>41.54207</roll><pitch>0.2408998</pitch><mode /></trkpt><trkpt lat="35.1130864" lon="-118.4766411"><ele>1310.01</ele><time>2026-04-25T12:51:56-07:00</time><course>312.9877</course><roll>45.26345</roll><pitch>-0.2987968</pitch><mode /></trkpt><trkpt lat="35.1131073" lon="-118.4766503"><ele>1310.06</ele><time>2026-04-25T12:51:56-07:00</time><course>306.5296</course><roll>46.61332</roll><pitch>-1.819019</pitch><mode /></trkpt><trkpt lat="35.1131258" lon="-118.4766619"><ele>1310.11</ele><time>2026-04-25T12:51:56-07:00</time><course>297.1937</course><roll>47.51526</roll><pitch>-0.3197372</pitch><mode /></trkpt><trkpt lat="35.1131411" lon="-118.4766759"><ele>1310.12</ele><time>2026-04-25T12:51:56-07:00</time><course>287.0205</course><roll>47.4948</roll><pitch>1.398034</pitch><mode /></trkpt><trkpt lat="35.1131527" lon="-118.4766918"><ele>1310.24</ele><time>2026-04-25T12:51:57-07:00</time><course>276.7563</course><roll>50.49883</roll><pitch>1.804629</pitch><mode /></trkpt><trkpt lat="35.1131596" lon="-118.4767088"><ele>1310.39</ele><time>2026-04-25T12:51:57-07:00</time><course>269.2076</course><roll>46.59126</roll><pitch>-0.6269301</pitch><mode /></trkpt><trkpt lat="35.113163" lon="-118.4767264"><ele>1310.42</ele><time>2026-04-25T12:51:57-07:00</time><course>260.9375</course><roll>42.2802</roll><pitch>-3.431893</pitch><mode /></trkpt><trkpt lat="35.1131635" lon="-118.4767435"><ele>1310.41</ele><time>2026-04-25T12:51:57-07:00</time><course>257.7053</course><roll>33.61578</roll><pitch>-8.028423</pitch><mode /></trkpt><trkpt lat="35.1131605" lon="-118.4767595"><ele>1310.54</ele><time>2026-04-25T12:51:57-07:00</time><course>255.8156</course><roll>22.25578</roll><pitch>-10.13066</pitch><mode /></trkpt><trkpt lat="35.1131559" lon="-118.4767743"><ele>1310.86</ele><time>2026-04-25T12:51:58-07:00</time><course>249.23</course><roll>14.54463</roll><pitch>-6.403444</pitch><mode /></trkpt><trkpt lat="35.1131507" lon="-118.4767883"><ele>1311.19</ele><time>2026-04-25T12:51:58-07:00</time><course>244.8397</course><roll>11.26208</roll><pitch>-0.9729071</pitch><mode /></trkpt><trkpt lat="35.1131449" lon="-118.4768021"><ele>1311.33</ele><time>2026-04-25T12:51:58-07:00</time><course>246.3294</course><roll>5.663668</roll><pitch>4.596466</pitch><mode /></trkpt><trkpt lat="35.1131388" lon="-118.476816"><ele>1311.07</ele><time>2026-04-25T12:51:58-07:00</time><course>248.462</course><roll>-1.413783</roll><pitch>7.926542</pitch><mode /></trkpt><trkpt lat="35.1131334" lon="-118.4768303"><ele>1310.57</ele><time>2026-04-25T12:51:58-07:00</time><course>246.8474</course><roll>-6.862787</roll><pitch>9.436958</pitch><mode /></trkpt><trkpt lat="35.1131278" lon="-118.4768455"><ele>1310</ele><time>2026-04-25T12:51:59-07:00</time><course>246.9111</course><roll>-23.71844</roll><pitch>9.180445</pitch><mode /></trkpt><trkpt lat="35.1131233" lon="-118.476861"><ele>1309.28</ele><time>2026-04-25T12:51:59-07:00</time><course>241.7806</course><roll>-23.02812</roll><pitch>3.55085</pitch><mode /></trkpt><trkpt lat="35.1131204" lon="-118.4768777"><ele>1308.52</ele><time>2026-04-25T12:51:59-07:00</time><course>242.8619</course><roll>-25.84127</roll><pitch>4.41643</pitch><mode /></trkpt><trkpt lat="35.1131181" lon="-118.4768956"><ele>1307.95</ele><time>2026-04-25T12:51:59-07:00</time><course>243.0588</course><roll>-21.92755</roll><pitch>5.135243</pitch><mode /></trkpt><trkpt lat="35.1131162" lon="-118.4769144"><ele>1307.38</ele><time>2026-04-25T12:51:59-07:00</time><course>249.4587</course><roll>-21.29912</roll><pitch>8.28762</pitch><mode /></trkpt><trkpt lat="35.1131147" lon="-118.4769338"><ele>1306.84</ele><time>2026-04-25T12:52:00-07:00</time><course>249.1703</course><roll>-10.59453</roll><pitch>9.738639</pitch><mode /></trkpt><trkpt lat="35.1131135" lon="-118.4769535"><ele>1306.35</ele><time>2026-04-25T12:52:00-07:00</time><course>252.6389</course><roll>-0.4112206</roll><pitch>12.93309</pitch><mode /></trkpt><trkpt lat="35.1131117" lon="-118.4769735"><ele>1305.75</ele><time>2026-04-25T12:52:00-07:00</time><course>256.5652</course><roll>1.351403</roll><pitch>13.32677</pitch><mode /></trkpt><trkpt lat="35.1131096" lon="-118.476994"><ele>1305.12</ele><time>2026-04-25T12:52:00-07:00</time><course>261.2669</course><roll>-5.242438</roll><pitch>11.88135</pitch><mode /></trkpt><trkpt lat="35.1131082" lon="-118.4770153"><ele>1304.71</ele><time>2026-04-25T12:52:00-07:00</time><course>259.538</course><roll>-14.85868</roll><pitch>12.14845</pitch><mode /></trkpt><trkpt lat="35.113108" lon="-118.4770372"><ele>1304.21</ele><time>2026-04-25T12:52:01-07:00</time><course>258.0494</course><roll>-19.8977</roll><pitch>11.98278</pitch><mode /></trkpt><trkpt lat="35.1131086" lon="-118.4770595"><ele>1303.67</ele><time>2026-04-25T12:52:01-07:00</time><course>257.7653</course><roll>-18.89904</roll><pitch>13.16888</pitch><mode /></trkpt><trkpt lat="35.1131097" lon="-118.4770815"><ele>1302.89</ele><time>2026-04-25T12:52:01-07:00</time><course>256.8075</course><roll>-21.7347</roll><pitch>13.77866</pitch><mode /></trkpt><trkpt lat="35.1131107" lon="-118.4771028"><ele>1301.87</ele><time>2026-04-25T12:52:01-07:00</time><course>263.42</course><roll>-18.96683</roll><pitch>16.17887</pitch><mode /></trkpt><trkpt lat="35.1131114" lon="-118.4771238"><ele>1300.23</ele><time>2026-04-25T12:52:01-07:00</time><course>261.7997</course><roll>-15.28503</roll><pitch>13.78598</pitch><mode /></trkpt><trkpt lat="35.1131134" lon="-118.4771459"><ele>1298.93</ele><time>2026-04-25T12:52:02-07:00</time><course>261.6444</course><roll>-10.67486</roll><pitch>14.52611</pitch><mode /></trkpt><trkpt lat="35.1131163" lon="-118.477168"><ele>1297.72</ele><time>2026-04-25T12:52:02-07:00</time><course>265.8047</course><roll>-10.82425</roll><pitch>13.61605</pitch><mode /></trkpt><trkpt lat="35.1131197" lon="-118.4771911"><ele>1296.75</ele><time>2026-04-25T12:52:02-07:00</time><course>267.5828</course><roll>-13.11098</roll><pitch>12.86586</pitch><mode /></trkpt><trkpt lat="35.1131239" lon="-118.4772148"><ele>1295.84</ele><time>2026-04-25T12:52:02-07:00</time><course>268.1827</course><roll>-11.8271</roll><pitch>11.01122</pitch><mode /></trkpt><trkpt lat="35.1131285" lon="-118.4772379"><ele>1294.85</ele><time>2026-04-25T12:52:02-07:00</time><course>269.6813</course><roll>-10.74438</roll><pitch>9.599388</pitch><mode /></trkpt><trkpt lat="35.1131338" lon="-118.4772606"><ele>1293.79</ele><time>2026-04-25T12:52:03-07:00</time><course>266.5407</course><roll>-1.204837</roll><pitch>8.725296</pitch><mode /></trkpt><trkpt lat="35.113139" lon="-118.4772834"><ele>1292.86</ele><time>2026-04-25T12:52:03-07:00</time><course>272.4255</course><roll>1.1685</roll><pitch>8.552525</pitch><mode /></trkpt><trkpt lat="35.1131436" lon="-118.477306"><ele>1291.91</ele><time>2026-04-25T12:52:03-07:00</time><course>271.9984</course><roll>-2.680526</roll><pitch>6.325064</pitch><mode /></trkpt><trkpt lat="35.1131492" lon="-118.4773282"><ele>1291.18</ele><time>2026-04-25T12:52:03-07:00</time><course>270.9684</course><roll>-10.13522</roll><pitch>5.039248</pitch><mode /></trkpt><trkpt lat="35.1131553" lon="-118.4773494"><ele>1290.47</ele><time>2026-04-25T12:52:03-07:00</time><course>269.5595</course><roll>-10.27996</roll><pitch>2.876116</pitch><mode /></trkpt><trkpt lat="35.1131616" lon="-118.4773701"><ele>1289.84</ele><time>2026-04-25T12:52:04-07:00</time><course>266.7566</course><roll>-10.13513</roll><pitch>0.9112093</pitch><mode /></trkpt><trkpt lat="35.1131683" lon="-118.4773908"><ele>1289.19</ele><time>2026-04-25T12:52:04-07:00</time><course>268.3529</course><roll>-6.164176</roll><pitch>0.5230544</pitch><mode /></trkpt><trkpt lat="35.1131752" lon="-118.4774109"><ele>1288.87</ele><time>2026-04-25T12:52:04-07:00</time><course>264.9035</course><roll>-1.045191</roll><pitch>-0.3151456</pitch><mode /></trkpt><trkpt lat="35.1131821" lon="-118.4774303"><ele>1288.54</ele><time>2026-04-25T12:52:04-07:00</time><course>264.6071</course><roll>3.468979</roll><pitch>-1.30391</pitch><mode /></trkpt><trkpt lat="35.1131878" lon="-118.4774489"><ele>1288.33</ele><time>2026-04-25T12:52:04-07:00</time><course>268.4935</course><roll>-0.9230524</roll><pitch>-1.313831</pitch><mode /></trkpt><trkpt lat="35.1131936" lon="-118.4774667"><ele>1288.33</ele><time>2026-04-25T12:52:05-07:00</time><course>266.3733</course><roll>-0.1519007</roll><pitch>-1.469491</pitch><mode /></trkpt><trkpt lat="35.1131995" lon="-118.4774842"><ele>1288.34</ele><time>2026-04-25T12:52:05-07:00</time><course>268.8659</course><roll>-3.608864</roll><pitch>-1.174785</pitch><mode /></trkpt><trkpt lat="35.1132044" lon="-118.4775006"><ele>1288.69</ele><time>2026-04-25T12:52:05-07:00</time><course>269.1042</course><roll>-7.150329</roll><pitch>0.268496</pitch><mode /></trkpt><trkpt lat="35.1132099" lon="-118.4775179"><ele>1288.64</ele><time>2026-04-25T12:52:05-07:00</time><course>264.904</course><roll>-2.32919</roll><pitch>0.8832066</pitch><mode /></trkpt><trkpt lat="35.1132153" lon="-118.4775359"><ele>1288.28</ele><time>2026-04-25T12:52:05-07:00</time><course>262.1487</course><roll>5.010176</roll><pitch>1.311854</pitch><mode /></trkpt><trkpt lat="35.11322" lon="-118.4775529"><ele>1287.95</ele><time>2026-04-25T12:52:06-07:00</time><course>261.1451</course><roll>11.95069</roll><pitch>1.963365</pitch><mode /></trkpt><trkpt lat="35.1132228" lon="-118.4775699"><ele>1287.72</ele><time>2026-04-25T12:52:06-07:00</time><course>261.8239</course><roll>18.22939</roll><pitch>-1.162773</pitch><mode /></trkpt><trkpt lat="35.1132245" lon="-118.4775877"><ele>1287.33</ele><time>2026-04-25T12:52:06-07:00</time><course>261.2964</course><roll>6.119153</roll><pitch>-2.589776</pitch><mode /></trkpt><trkpt lat="35.1132254" lon="-118.4776052"><ele>1287.26</ele><time>2026-04-25T12:52:06-07:00</time><course>256.3199</course><roll>6.093313</roll><pitch>-1.145942</pitch><mode /></trkpt><trkpt lat="35.1132256" lon="-118.4776222"><ele>1287.23</ele><time>2026-04-25T12:52:06-07:00</time><course>262.2497</course><roll>3.13985</roll><pitch>-0.9107721</pitch><mode /></trkpt><trkpt lat="35.1132254" lon="-118.477638"><ele>1287.27</ele><time>2026-04-25T12:52:07-07:00</time><course>261.0406</course><roll>-6.545529</roll><pitch>-2.456889</pitch><mode /></trkpt><trkpt lat="35.1132268" lon="-118.4776541"><ele>1287.36</ele><time>2026-04-25T12:52:07-07:00</time><course>256.562</course><roll>-3.554198</roll><pitch>-1.742422</pitch><mode /></trkpt><trkpt lat="35.1132283" lon="-118.4776692"><ele>1287.32</ele><time>2026-04-25T12:52:07-07:00</time><course>255.3698</course><roll>1.934436</roll><pitch>-0.9318823</pitch><mode /></trkpt><trkpt lat="35.1132296" lon="-118.4776841"><ele>1287.06</ele><time>2026-04-25T12:52:07-07:00</time><course>256.5804</course><roll>9.097781</roll><pitch>0.3602634</pitch><mode /></trkpt><trkpt lat="35.1132295" lon="-118.4776984"><ele>1287.07</ele><time>2026-04-25T12:52:07-07:00</time><course>264.9796</course><roll>4.11285</roll><pitch>-1.414288</pitch><mode /></trkpt><trkpt lat="35.1132297" lon="-118.4777137"><ele>1286.86</ele><time>2026-04-25T12:52:08-07:00</time><course>259.0484</course><roll>0.4585565</roll><pitch>-1.783007</pitch><mode /></trkpt><trkpt lat="35.1132294" lon="-118.4777283"><ele>1286.82</ele><time>2026-04-25T12:52:08-07:00</time><course>260.3928</course><roll>-3.265753</roll><pitch>-1.026294</pitch><mode /></trkpt><trkpt lat="35.1132285" lon="-118.4777441"><ele>1286.88</ele><time>2026-04-25T12:52:08-07:00</time><course>260.191</course><roll>-0.03681297</roll><pitch>-0.01911009</pitch><mode /></trkpt><trkpt lat="35.113228" lon="-118.4777606"><ele>1286.82</ele><time>2026-04-25T12:52:08-07:00</time><course>257.7099</course><roll>4.049438</roll><pitch>-1.110333</pitch><mode /></trkpt><trkpt lat="35.1132265" lon="-118.4777768"><ele>1286.87</ele><time>2026-04-25T12:52:08-07:00</time><course>259.0656</course><roll>9.919448</roll><pitch>-0.2909459</pitch><mode /></trkpt><trkpt lat="35.1132236" lon="-118.477793"><ele>1286.99</ele><time>2026-04-25T12:52:09-07:00</time><course>263.774</course><roll>1.513806</roll><pitch>-2.698579</pitch><mode /></trkpt><trkpt lat="35.1132212" lon="-118.4778095"><ele>1287.15</ele><time>2026-04-25T12:52:09-07:00</time><course>259.1743</course><roll>-7.891992</roll><pitch>-1.774857</pitch><mode /></trkpt><trkpt lat="35.1132193" lon="-118.4778263"><ele>1287.26</ele><time>2026-04-25T12:52:09-07:00</time><course>254.3525</course><roll>-14.51033</roll><pitch>-2.305709</pitch><mode /></trkpt><trkpt lat="35.1132176" lon="-118.4778432"><ele>1287.18</ele><time>2026-04-25T12:52:09-07:00</time><course>253.3865</course><roll>-10.16006</roll><pitch>-1.790052</pitch><mode /></trkpt><trkpt lat="35.1132158" lon="-118.4778591"><ele>1286.97</ele><time>2026-04-25T12:52:09-07:00</time><course>254.2671</course><roll>-0.9824243</roll><pitch>-0.6734207</pitch><mode /></trkpt><trkpt lat="35.1132132" lon="-118.4778743"><ele>1287</ele><time>2026-04-25T12:52:10-07:00</time><course>257.7637</course><roll>8.102321</roll><pitch>-0.8793054</pitch><mode /></trkpt><trkpt lat="35.1132101" lon="-118.477889"><ele>1286.95</ele><time>2026-04-25T12:52:10-07:00</time><course>257.4711</course><roll>4.644915</roll><pitch>-1.883296</pitch><mode /></trkpt><trkpt lat="35.1132067" lon="-118.4779033"><ele>1287.28</ele><time>2026-04-25T12:52:10-07:00</time><course>261.2825</course><roll>-1.605327</roll><pitch>-1.898919</pitch><mode /></trkpt><trkpt lat="35.1132041" lon="-118.4779166"><ele>1287.22</ele><time>2026-04-25T12:52:10-07:00</time><course>256.6139</course><roll>-6.358594</roll><pitch>-2.779444</pitch><mode /></trkpt><trkpt lat="35.1132023" lon="-118.4779295"><ele>1287.36</ele><time>2026-04-25T12:52:10-07:00</time><course>257.4453</course><roll>-11.44009</roll><pitch>-1.213568</pitch><mode /></trkpt><trkpt lat="35.1132005" lon="-118.477942"><ele>1287.18</ele><time>2026-04-25T12:52:11-07:00</time><course>254.8707</course><roll>-10.74224</roll><pitch>-1.448919</pitch><mode /></trkpt><trkpt lat="35.1131995" lon="-118.4779543"><ele>1287</ele><time>2026-04-25T12:52:11-07:00</time><course>253.9331</course><roll>-8.553269</roll><pitch>-1.41939</pitch><mode /></trkpt><trkpt lat="35.1131984" lon="-118.4779666"><ele>1286.78</ele><time>2026-04-25T12:52:11-07:00</time><course>254.1253</course><roll>-6.706894</roll><pitch>-0.8711774</pitch><mode /></trkpt><trkpt lat="35.1131975" lon="-118.477978"><ele>1286.73</ele><time>2026-04-25T12:52:11-07:00</time><course>255.9227</course><roll>-4.183509</roll><pitch>1.075604</pitch><mode /></trkpt><trkpt lat="35.1131966" lon="-118.4779885"><ele>1286.7</ele><time>2026-04-25T12:52:11-07:00</time><course>259.449</course><roll>-10.43012</roll><pitch>0.6855401</pitch><mode /></trkpt><trkpt lat="35.1131964" lon="-118.4779998"><ele>1286.41</ele><time>2026-04-25T12:52:12-07:00</time><course>254.931</course><roll>-9.911922</roll><pitch>-1.611514</pitch><mode /></trkpt><trkpt lat="35.1131966" lon="-118.4780121"><ele>1286.16</ele><time>2026-04-25T12:52:12-07:00</time><course>254.8014</course><roll>-4.264482</roll><pitch>-2.15572</pitch><mode /></trkpt><trkpt lat="35.1131969" lon="-118.478025"><ele>1286.03</ele><time>2026-04-25T12:52:12-07:00</time><course>253.2388</course><roll>-1.543919</roll><pitch>-2.903295</pitch><mode /></trkpt><trkpt lat="35.1131968" lon="-118.4780378"><ele>1285.71</ele><time>2026-04-25T12:52:12-07:00</time><course>255.3109</course><roll>-0.133017</roll><pitch>-3.16925</pitch><mode /></trkpt><trkpt lat="35.113196" lon="-118.4780502"><ele>1285.78</ele><time>2026-04-25T12:52:12-07:00</time><course>257.7451</course><roll>0.8201416</roll><pitch>-2.282915</pitch><mode /></trkpt><trkpt lat="35.1131948" lon="-118.4780638"><ele>1285.69</ele><time>2026-04-25T12:52:13-07:00</time><course>257.9888</course><roll>2.154721</roll><pitch>-4.621166</pitch><mode /></trkpt><trkpt lat="35.1131938" lon="-118.4780783"><ele>1285.66</ele><time>2026-04-25T12:52:13-07:00</time><course>255.4334</course><roll>-0.126253</roll><pitch>-4.677419</pitch><mode /></trkpt><trkpt lat="35.1131925" lon="-118.4780929"><ele>1285.78</ele><time>2026-04-25T12:52:13-07:00</time><course>252.3116</course><roll>-4.071029</roll><pitch>-5.126209</pitch><mode /></trkpt><trkpt lat="35.113191" lon="-118.4781083"><ele>1285.84</ele><time>2026-04-25T12:52:13-07:00</time><course>256.1867</course><roll>-4.550122</roll><pitch>-3.279234</pitch><mode /></trkpt><trkpt lat="35.1131892" lon="-118.4781243"><ele>1285.85</ele><time>2026-04-25T12:52:13-07:00</time><course>255.8134</course><roll>-3.099954</roll><pitch>-3.163964</pitch><mode /></trkpt><trkpt lat="35.1131864" lon="-118.4781402"><ele>1285.96</ele><time>2026-04-25T12:52:14-07:00</time><course>260.8033</course><roll>-2.471245</roll><pitch>-4.032568</pitch><mode /></trkpt><trkpt lat="35.1131842" lon="-118.4781554"><ele>1286.26</ele><time>2026-04-25T12:52:14-07:00</time><course>252.1741</course><roll>1.093467</roll><pitch>-5.930073</pitch><mode /></trkpt><trkpt lat="35.1131831" lon="-118.4781706"><ele>1286.54</ele><time>2026-04-25T12:52:14-07:00</time><course>251.6119</course><roll>5.602864</roll><pitch>-5.813576</pitch><mode /></trkpt><trkpt lat="35.1131812" lon="-118.4781856"><ele>1286.83</ele><time>2026-04-25T12:52:14-07:00</time><course>253.1258</course><roll>5.267608</roll><pitch>-4.970626</pitch><mode /></trkpt><trkpt lat="35.1131789" lon="-118.4781998"><ele>1286.88</ele><time>2026-04-25T12:52:14-07:00</time><course>252.8754</course><roll>6.02123</roll><pitch>-4.788168</pitch><mode /></trkpt><trkpt lat="35.1131762" lon="-118.4782139"><ele>1287.05</ele><time>2026-04-25T12:52:15-07:00</time><course>251.907</course><roll>-3.549669</roll><pitch>-3.953257</pitch><mode /></trkpt><trkpt lat="35.1131735" lon="-118.4782278"><ele>1287.16</ele><time>2026-04-25T12:52:15-07:00</time><course>254.4256</course><roll>-9.001966</roll><pitch>-3.390029</pitch><mode /></trkpt><trkpt lat="35.1131717" lon="-118.4782421"><ele>1287.16</ele><time>2026-04-25T12:52:15-07:00</time><course>250.7101</course><roll>-7.477024</roll><pitch>-3.983385</pitch><mode /></trkpt><trkpt lat="35.1131701" lon="-118.4782566"><ele>1287.08</ele><time>2026-04-25T12:52:15-07:00</time><course>250.6836</course><roll>-9.091978</roll><pitch>-4.173842</pitch><mode /></trkpt><trkpt lat="35.1131688" lon="-118.4782703"><ele>1287.08</ele><time>2026-04-25T12:52:15-07:00</time><course>245.2919</course><roll>-0.6369442</roll><pitch>-4.696196</pitch><mode /></trkpt><trkpt lat="35.113167" lon="-118.4782833"><ele>1287.03</ele><time>2026-04-25T12:52:16-07:00</time><course>251.6148</course><roll>-0.9322296</roll><pitch>-4.204056</pitch><mode /></trkpt><trkpt lat="35.1131646" lon="-118.4782978"><ele>1287</ele><time>2026-04-25T12:52:16-07:00</time><course>252.6717</course><roll>-0.6774098</roll><pitch>-4.588836</pitch><mode /></trkpt><trkpt lat="35.1131627" lon="-118.4783121"><ele>1287.02</ele><time>2026-04-25T12:52:16-07:00</time><course>251.0142</course><roll>0.1937401</roll><pitch>-6.096091</pitch><mode /></trkpt><trkpt lat="35.1131611" lon="-118.4783263"><ele>1287.21</ele><time>2026-04-25T12:52:16-07:00</time><course>248.7564</course><roll>0.1450056</roll><pitch>-6.745028</pitch><mode /></trkpt><trkpt lat="35.1131594" lon="-118.4783399"><ele>1287.31</ele><time>2026-04-25T12:52:16-07:00</time><course>248.227</course><roll>-2.700525</roll><pitch>-5.980461</pitch><mode /></trkpt><trkpt lat="35.1131576" lon="-118.4783534"><ele>1287.44</ele><time>2026-04-25T12:52:17-07:00</time><course>249.7675</course><roll>-4.097791</roll><pitch>-4.421139</pitch><mode /></trkpt><trkpt lat="35.1131555" lon="-118.4783673"><ele>1287.47</ele><time>2026-04-25T12:52:17-07:00</time><course>250.183</course><roll>-7.156884</roll><pitch>-4.009664</pitch><mode /></trkpt><trkpt lat="35.1131538" lon="-118.4783819"><ele>1287.39</ele><time>2026-04-25T12:52:17-07:00</time><course>248.3631</course><roll>-6.886278</roll><pitch>-3.743343</pitch><mode /></trkpt><trkpt lat="35.1131524" lon="-118.4783963"><ele>1287.17</ele><time>2026-04-25T12:52:17-07:00</time><course>248.2484</course><roll>-4.736714</roll><pitch>-4.427834</pitch><mode /></trkpt><trkpt lat="35.1131508" lon="-118.4784105"><ele>1287.05</ele><time>2026-04-25T12:52:17-07:00</time><course>248.4885</course><roll>-1.48254</roll><pitch>-4.552856</pitch><mode /></trkpt><trkpt lat="35.1131489" lon="-118.4784246"><ele>1286.99</ele><time>2026-04-25T12:52:18-07:00</time><course>251.2584</course><roll>-4.767855</roll><pitch>-5.216494</pitch><mode /></trkpt><trkpt lat="35.1131468" lon="-118.4784396"><ele>1287.1</ele><time>2026-04-25T12:52:18-07:00</time><course>250.5903</course><roll>-3.254168</roll><pitch>-6.211682</pitch><mode /></trkpt><trkpt lat="35.113145" lon="-118.4784543"><ele>1287.1</ele><time>2026-04-25T12:52:18-07:00</time><course>249.1327</course><roll>-1.893088</roll><pitch>-8.416775</pitch><mode /></trkpt><trkpt lat="35.1131436" lon="-118.4784678"><ele>1287.26</ele><time>2026-04-25T12:52:18-07:00</time><course>248.5082</course><roll>-0.9476041</roll><pitch>-9.866099</pitch><mode /></trkpt><trkpt lat="35.1131417" lon="-118.478481"><ele>1287.52</ele><time>2026-04-25T12:52:18-07:00</time><course>249.5959</course><roll>1.349474</roll><pitch>-9.974137</pitch><mode /></trkpt><trkpt lat="35.113139" lon="-118.4784943"><ele>1287.86</ele><time>2026-04-25T12:52:19-07:00</time><course>252.8444</course><roll>1.341087</roll><pitch>-8.432327</pitch><mode /></trkpt><trkpt lat="35.1131363" lon="-118.4785078"><ele>1288.11</ele><time>2026-04-25T12:52:19-07:00</time><course>253.1192</course><roll>1.384863</roll><pitch>-8.970525</pitch><mode /></trkpt><trkpt lat="35.1131342" lon="-118.4785209"><ele>1288.41</ele><time>2026-04-25T12:52:19-07:00</time><course>248.0586</course><roll>-1.172231</roll><pitch>-10.1547</pitch><mode /></trkpt><trkpt lat="35.1131318" lon="-118.478533"><ele>1288.82</ele><time>2026-04-25T12:52:19-07:00</time><course>245.108</course><roll>-0.4534354</roll><pitch>-10.56121</pitch><mode /></trkpt><trkpt lat="35.113129" lon="-118.478545"><ele>1289.16</ele><time>2026-04-25T12:52:19-07:00</time><course>243.172</course><roll>2.911861</roll><pitch>-10.01791</pitch><mode /></trkpt><trkpt lat="35.113126" lon="-118.478556"><ele>1289.53</ele><time>2026-04-25T12:52:20-07:00</time><course>240.883</course><roll>2.449556</roll><pitch>-10.44568</pitch><mode /></trkpt><trkpt lat="35.1131225" lon="-118.4785668"><ele>1290.03</ele><time>2026-04-25T12:52:20-07:00</time><course>239.5499</course><roll>2.732263</roll><pitch>-10.49842</pitch><mode /></trkpt><trkpt lat="35.1131181" lon="-118.4785781"><ele>1290.42</ele><time>2026-04-25T12:52:20-07:00</time><course>239.9281</course><roll>-0.4252215</roll><pitch>-10.54892</pitch><mode /></trkpt><trkpt lat="35.1131135" lon="-118.4785894"><ele>1290.81</ele><time>2026-04-25T12:52:20-07:00</time><course>238.1917</course><roll>-1.182478</roll><pitch>-10.40124</pitch><mode /></trkpt><trkpt lat="35.113109" lon="-118.4786002"><ele>1291.23</ele><time>2026-04-25T12:52:20-07:00</time><course>235.2778</course><roll>0.03408011</roll><pitch>-10.71831</pitch><mode /></trkpt><trkpt lat="35.1131036" lon="-118.4786109"><ele>1291.64</ele><time>2026-04-25T12:52:21-07:00</time><course>237.8959</course><roll>0.9430596</roll><pitch>-11.48906</pitch><mode /></trkpt><trkpt lat="35.113098" lon="-118.4786209"><ele>1292.02</ele><time>2026-04-25T12:52:21-07:00</time><course>237.1454</course><roll>0.8962436</roll><pitch>-11.87907</pitch><mode /></trkpt><trkpt lat="35.1130929" lon="-118.4786304"><ele>1292.42</ele><time>2026-04-25T12:52:21-07:00</time><course>231.0669</course><roll>4.463837</roll><pitch>-11.32665</pitch><mode /></trkpt><trkpt lat="35.1130873" lon="-118.4786394"><ele>1292.86</ele><time>2026-04-25T12:52:21-07:00</time><course>226.6924</course><roll>11.97348</roll><pitch>-10.43204</pitch><mode /></trkpt><trkpt lat="35.11308" lon="-118.4786472"><ele>1293.37</ele><time>2026-04-25T12:52:21-07:00</time><course>232.9288</course><roll>12.28434</roll><pitch>-9.952015</pitch><mode /></trkpt><trkpt lat="35.1130712" lon="-118.4786546"><ele>1293.59</ele><time>2026-04-25T12:52:22-07:00</time><course>231.298</course><roll>13.42309</roll><pitch>-10.27053</pitch><mode /></trkpt><trkpt lat="35.1130632" lon="-118.4786627"><ele>1293.86</ele><time>2026-04-25T12:52:22-07:00</time><course>224.6457</course><roll>13.15262</roll><pitch>-9.779521</pitch><mode /></trkpt><trkpt lat="35.1130547" lon="-118.4786699"><ele>1294.33</ele><time>2026-04-25T12:52:22-07:00</time><course>216.4277</course><roll>19.94661</roll><pitch>-8.013237</pitch><mode /></trkpt><trkpt lat="35.1130446" lon="-118.4786753"><ele>1294.68</ele><time>2026-04-25T12:52:22-07:00</time><course>212.5209</course><roll>22.3692</roll><pitch>-8.272255</pitch><mode /></trkpt><trkpt lat="35.1130329" lon="-118.4786783"><ele>1294.96</ele><time>2026-04-25T12:52:22-07:00</time><course>214.2581</course><roll>19.94497</roll><pitch>-12.0746</pitch><mode /></trkpt><trkpt lat="35.1130205" lon="-118.4786802"><ele>1295.39</ele><time>2026-04-25T12:52:23-07:00</time><course>214.0529</course><roll>10.97161</roll><pitch>-13.76849</pitch><mode /></trkpt><trkpt lat="35.1130084" lon="-118.4786808"><ele>1296.05</ele><time>2026-04-25T12:52:23-07:00</time><course>209.1355</course><roll>13.03308</roll><pitch>-11.1163</pitch><mode /></trkpt><trkpt lat="35.1129962" lon="-118.4786807"><ele>1296.55</ele><time>2026-04-25T12:52:23-07:00</time><course>205.5474</course><roll>15.1684</roll><pitch>-10.48914</pitch><mode /></trkpt><trkpt lat="35.1129838" lon="-118.4786801"><ele>1296.84</ele><time>2026-04-25T12:52:23-07:00</time><course>197.9193</course><roll>11.90269</roll><pitch>-7.932496</pitch><mode /></trkpt><trkpt lat="35.1129705" lon="-118.4786783"><ele>1297.19</ele><time>2026-04-25T12:52:23-07:00</time><course>199.8286</course><roll>8.535823</roll><pitch>-7.133927</pitch><mode /></trkpt><trkpt lat="35.1129564" lon="-118.4786757"><ele>1297.48</ele><time>2026-04-25T12:52:24-07:00</time><course>200.5607</course><roll>15.26679</roll><pitch>-6.802208</pitch><mode /></trkpt><trkpt lat="35.1129419" lon="-118.478672"><ele>1297.73</ele><time>2026-04-25T12:52:24-07:00</time><course>203.4914</course><roll>25.02731</roll><pitch>-9.376793</pitch><mode /></trkpt><trkpt lat="35.1129271" lon="-118.4786676"><ele>1298.01</ele><time>2026-04-25T12:52:24-07:00</time><course>202.7779</course><roll>26.90071</roll><pitch>-14.85319</pitch><mode /></trkpt><trkpt lat="35.1129115" lon="-118.4786616"><ele>1298.27</ele><time>2026-04-25T12:52:24-07:00</time><course>200.3148</course><roll>25.51878</roll><pitch>-18.49224</pitch><mode /></trkpt><trkpt lat="35.1128957" lon="-118.4786532"><ele>1298.62</ele><time>2026-04-25T12:52:24-07:00</time><course>198.2451</course><roll>18.6361</roll><pitch>-19.29458</pitch><mode /></trkpt><trkpt lat="35.1128807" lon="-118.4786439"><ele>1298.97</ele><time>2026-04-25T12:52:25-07:00</time><course>191.3191</course><roll>19.25923</roll><pitch>-13.09821</pitch><mode /></trkpt><trkpt lat="35.1128659" lon="-118.4786328"><ele>1299.34</ele><time>2026-04-25T12:52:25-07:00</time><course>190.2459</course><roll>21.80377</roll><pitch>-8.27661</pitch><mode /></trkpt><trkpt lat="35.1128495" lon="-118.47862"><ele>1299.38</ele><time>2026-04-25T12:52:25-07:00</time><course>188.375</course><roll>17.43177</roll><pitch>-7.55873</pitch><mode /></trkpt><trkpt lat="35.1128323" lon="-118.4786069"><ele>1299.28</ele><time>2026-04-25T12:52:25-07:00</time><course>183.7596</course><roll>19.66768</roll><pitch>-7.72704</pitch><mode /></trkpt><trkpt lat="35.1128144" lon="-118.4785926"><ele>1299.22</ele><time>2026-04-25T12:52:25-07:00</time><course>179.9631</course><roll>22.71377</roll><pitch>-7.986356</pitch><mode /></trkpt><trkpt lat="35.1127967" lon="-118.4785763"><ele>1299.4</ele><time>2026-04-25T12:52:26-07:00</time><course>172.7483</course><roll>30.03423</roll><pitch>-7.450088</pitch><mode /></trkpt><trkpt lat="35.1127789" lon="-118.4785576"><ele>1299.42</ele><time>2026-04-25T12:52:26-07:00</time><course>165.0439</course><roll>34.40472</roll><pitch>-11.93187</pitch><mode /></trkpt><trkpt lat="35.1127615" lon="-118.4785367"><ele>1299.74</ele><time>2026-04-25T12:52:26-07:00</time><course>159.9988</course><roll>24.80315</roll><pitch>-15.82613</pitch><mode /></trkpt><trkpt lat="35.1127446" lon="-118.4785132"><ele>1299.99</ele><time>2026-04-25T12:52:26-07:00</time><course>157.0251</course><roll>18.08948</roll><pitch>-16.36484</pitch><mode /></trkpt><trkpt lat="35.1127285" lon="-118.4784875"><ele>1300.28</ele><time>2026-04-25T12:52:26-07:00</time><course>153.521</course><roll>9.108581</roll><pitch>-12.91308</pitch><mode /></trkpt><trkpt lat="35.1127134" lon="-118.4784616"><ele>1300.75</ele><time>2026-04-25T12:52:27-07:00</time><course>150.3902</course><roll>5.901431</roll><pitch>-8.268928</pitch><mode /></trkpt><trkpt lat="35.1126977" lon="-118.4784346"><ele>1300.86</ele><time>2026-04-25T12:52:27-07:00</time><course>147.4232</course><roll>5.288259</roll><pitch>-4.256378</pitch><mode /></trkpt><trkpt lat="35.1126823" lon="-118.4784072"><ele>1300.9</ele><time>2026-04-25T12:52:27-07:00</time><course>146.5866</course><roll>4.237121</roll><pitch>-2.356596</pitch><mode /></trkpt><trkpt lat="35.1126661" lon="-118.4783787"><ele>1300.8</ele><time>2026-04-25T12:52:27-07:00</time><course>145.8775</course><roll>5.763124</roll><pitch>-3.036098</pitch><mode /></trkpt><trkpt lat="35.1126499" lon="-118.4783491"><ele>1300.6</ele><time>2026-04-25T12:52:27-07:00</time><course>144.0137</course><roll>9.627735</roll><pitch>-3.6124</pitch><mode /></trkpt><trkpt lat="35.1126339" lon="-118.478319"><ele>1300.65</ele><time>2026-04-25T12:52:28-07:00</time><course>140.3605</course><roll>13.35201</roll><pitch>-3.206298</pitch><mode /></trkpt><trkpt lat="35.1126178" lon="-118.4782871"><ele>1300.67</ele><time>2026-04-25T12:52:28-07:00</time><course>137.853</course><roll>13.55125</roll><pitch>-3.412857</pitch><mode /></trkpt><trkpt lat="35.1126032" lon="-118.4782537"><ele>1300.74</ele><time>2026-04-25T12:52:28-07:00</time><course>136.8615</course><roll>14.41484</roll><pitch>-4.847723</pitch><mode /></trkpt><trkpt lat="35.1125892" lon="-118.4782187"><ele>1300.92</ele><time>2026-04-25T12:52:28-07:00</time><course>134.4562</course><roll>11.13731</roll><pitch>-6.485771</pitch><mode /></trkpt><trkpt lat="35.1125754" lon="-118.478183"><ele>1301.19</ele><time>2026-04-25T12:52:28-07:00</time><course>129.8251</course><roll>11.1062</roll><pitch>-7.041625</pitch><mode /></trkpt><trkpt lat="35.1125619" lon="-118.4781468"><ele>1301.38</ele><time>2026-04-25T12:52:29-07:00</time><course>127.3515</course><roll>14.47667</roll><pitch>-6.810249</pitch><mode /></trkpt><trkpt lat="35.1125492" lon="-118.4781096"><ele>1301.57</ele><time>2026-04-25T12:52:29-07:00</time><course>123.5578</course><roll>16.87901</roll><pitch>-6.240929</pitch><mode /></trkpt><trkpt lat="35.1125375" lon="-118.478072"><ele>1301.66</ele><time>2026-04-25T12:52:29-07:00</time><course>119.5384</course><roll>19.45523</roll><pitch>-5.720129</pitch><mode /></trkpt><trkpt lat="35.1125269" lon="-118.4780332"><ele>1301.84</ele><time>2026-04-25T12:52:29-07:00</time><course>117.986</course><roll>17.72195</roll><pitch>-6.913432</pitch><mode /></trkpt><trkpt lat="35.1125173" lon="-118.4779931"><ele>1301.78</ele><time>2026-04-25T12:52:29-07:00</time><course>120.7065</course><roll>7.361343</roll><pitch>-10.38058</pitch><mode /></trkpt><trkpt lat="35.1125089" lon="-118.477953"><ele>1302.02</ele><time>2026-04-25T12:52:30-07:00</time><course>116.7835</course><roll>3.808093</roll><pitch>-9.377135</pitch><mode /></trkpt><trkpt lat="35.1125" lon="-118.4779131"><ele>1302.14</ele><time>2026-04-25T12:52:30-07:00</time><course>112.3434</course><roll>3.912018</roll><pitch>-7.745967</pitch><mode /></trkpt><trkpt lat="35.1124918" lon="-118.477873"><ele>1302.18</ele><time>2026-04-25T12:52:30-07:00</time><course>112.04</course><roll>4.911724</roll><pitch>-5.436692</pitch><mode /></trkpt><trkpt lat="35.1124841" lon="-118.4778321"><ele>1302.13</ele><time>2026-04-25T12:52:30-07:00</time><course>111.2161</course><roll>4.951829</roll><pitch>-3.804051</pitch><mode /></trkpt><trkpt lat="35.1124771" lon="-118.4777909"><ele>1302.11</ele><time>2026-04-25T12:52:30-07:00</time><course>108.4836</course><roll>8.411969</roll><pitch>-3.708914</pitch><mode /></trkpt><trkpt lat="35.1124701" lon="-118.4777488"><ele>1302.01</ele><time>2026-04-25T12:52:31-07:00</time><course>103.9744</course><roll>13.64846</roll><pitch>-3.649682</pitch><mode /></trkpt><trkpt lat="35.1124638" lon="-118.4777058"><ele>1301.81</ele><time>2026-04-25T12:52:31-07:00</time><course>98.09575</course><roll>17.27247</roll><pitch>-4.105942</pitch><mode /></trkpt><trkpt lat="35.112459" lon="-118.4776624"><ele>1301.72</ele><time>2026-04-25T12:52:31-07:00</time><course>93.3061</course><roll>20.89936</roll><pitch>-5.533381</pitch><mode /></trkpt><trkpt lat="35.112456" lon="-118.4776183"><ele>1301.65</ele><time>2026-04-25T12:52:31-07:00</time><course>90.69776</course><roll>22.30306</roll><pitch>-6.74204</pitch><mode /></trkpt><trkpt lat="35.1124557" lon="-118.477574"><ele>1301.62</ele><time>2026-04-25T12:52:31-07:00</time><course>88.58518</course><roll>21.91291</roll><pitch>-6.853244</pitch><mode /></trkpt><trkpt lat="35.1124569" lon="-118.4775294"><ele>1301.7</ele><time>2026-04-25T12:52:32-07:00</time><course>84.68329</course><roll>23.32466</roll><pitch>-6.622354</pitch><mode /></trkpt><trkpt lat="35.1124594" lon="-118.4774847"><ele>1301.58</ele><time>2026-04-25T12:52:32-07:00</time><course>81.57611</course><roll>24.60021</roll><pitch>-6.141948</pitch><mode /></trkpt><trkpt lat="35.1124635" lon="-118.4774402"><ele>1301.59</ele><time>2026-04-25T12:52:32-07:00</time><course>77.41975</course><roll>26.29335</roll><pitch>-5.449853</pitch><mode /></trkpt><trkpt lat="35.1124693" lon="-118.4773953"><ele>1301.49</ele><time>2026-04-25T12:52:32-07:00</time><course>72.68314</course><roll>26.9555</roll><pitch>-5.679873</pitch><mode /></trkpt><trkpt lat="35.1124771" lon="-118.4773507"><ele>1301.39</ele><time>2026-04-25T12:52:32-07:00</time><course>65.57737</course><roll>28.19507</roll><pitch>-5.59083</pitch><mode /></trkpt><trkpt lat="35.1124873" lon="-118.4773071"><ele>1301.42</ele><time>2026-04-25T12:52:33-07:00</time><course>60.17008</course><roll>30.91199</roll><pitch>-6.643539</pitch><mode /></trkpt><trkpt lat="35.1125007" lon="-118.4772643"><ele>1301.31</ele><time>2026-04-25T12:52:33-07:00</time><course>56.56605</course><roll>31.03054</roll><pitch>-9.491447</pitch><mode /></trkpt><trkpt lat="35.1125163" lon="-118.4772234"><ele>1301.44</ele><time>2026-04-25T12:52:33-07:00</time><course>49.19934</course><roll>34.0487</roll><pitch>-8.592707</pitch><mode /></trkpt><trkpt lat="35.1125342" lon="-118.4771844"><ele>1301.68</ele><time>2026-04-25T12:52:33-07:00</time><course>40.7927</course><roll>37.05938</roll><pitch>-7.670025</pitch><mode /></trkpt><trkpt lat="35.1125547" lon="-118.4771475"><ele>1301.84</ele><time>2026-04-25T12:52:33-07:00</time><course>34.70756</course><roll>37.88159</roll><pitch>-8.751156</pitch><mode /></trkpt><trkpt lat="35.1125774" lon="-118.4771134"><ele>1301.94</ele><time>2026-04-25T12:52:34-07:00</time><course>29.1771</course><roll>38.61884</roll><pitch>-11.08037</pitch><mode /></trkpt><trkpt lat="35.1126017" lon="-118.4770831"><ele>1302.22</ele><time>2026-04-25T12:52:34-07:00</time><course>23.19458</course><roll>33.57784</roll><pitch>-11.51171</pitch><mode /></trkpt><trkpt lat="35.1126269" lon="-118.477056"><ele>1302.62</ele><time>2026-04-25T12:52:34-07:00</time><course>17.36988</course><roll>30.34092</roll><pitch>-9.839529</pitch><mode /></trkpt><trkpt lat="35.1126529" lon="-118.4770302"><ele>1302.83</ele><time>2026-04-25T12:52:34-07:00</time><course>11.75196</course><roll>30.10919</roll><pitch>-7.511745</pitch><mode /></trkpt><trkpt lat="35.1126794" lon="-118.4770065"><ele>1302.96</ele><time>2026-04-25T12:52:34-07:00</time><course>7.928701</course><roll>30.09219</roll><pitch>-6.087444</pitch><mode /></trkpt><trkpt lat="35.1127066" lon="-118.4769846"><ele>1302.79</ele><time>2026-04-25T12:52:35-07:00</time><course>1.608286</course><roll>33.48734</roll><pitch>-5.563187</pitch><mode /></trkpt><trkpt lat="35.1127343" lon="-118.476965"><ele>1302.78</ele><time>2026-04-25T12:52:35-07:00</time><course>354.7278</course><roll>37.65852</roll><pitch>-4.697422</pitch><mode /></trkpt><trkpt lat="35.112762" lon="-118.4769475"><ele>1302.74</ele><time>2026-04-25T12:52:35-07:00</time><course>342.7348</course><roll>42.93594</roll><pitch>-2.650245</pitch><mode /></trkpt><trkpt lat="35.1127895" lon="-118.4769352"><ele>1302.77</ele><time>2026-04-25T12:52:35-07:00</time><course>333.1669</course><roll>44.19495</roll><pitch>-4.618313</pitch><mode /></trkpt><trkpt lat="35.1128156" lon="-118.4769281"><ele>1302.94</ele><time>2026-04-25T12:52:35-07:00</time><course>324.2258</course><roll>43.21801</roll><pitch>-6.883987</pitch><mode /></trkpt><trkpt lat="35.1128399" lon="-118.4769249"><ele>1303.13</ele><time>2026-04-25T12:52:36-07:00</time><course>317.27</course><roll>41.77137</roll><pitch>-9.31847</pitch><mode /></trkpt><trkpt lat="35.1128814" lon="-118.4769264"><ele>1303.75</ele><time>2026-04-25T12:52:36-07:00</time><course>307.2267</course><roll>32.72903</roll><pitch>-11.57615</pitch><mode /></trkpt><trkpt lat="35.1128985" lon="-118.4769297"><ele>1304.2</ele><time>2026-04-25T12:52:36-07:00</time><course>302.9821</course><roll>29.18472</roll><pitch>-7.961324</pitch><mode /></trkpt><trkpt lat="35.1129146" lon="-118.476935"><ele>1304.5</ele><time>2026-04-25T12:52:36-07:00</time><course>300.3751</course><roll>27.59347</roll><pitch>-4.316129</pitch><mode /></trkpt><trkpt lat="35.1129304" lon="-118.4769418"><ele>1304.38</ele><time>2026-04-25T12:52:37-07:00</time><course>294.9552</course><roll>27.92988</roll><pitch>-1.23549</pitch><mode /></trkpt><trkpt lat="35.1129458" lon="-118.4769495"><ele>1304.14</ele><time>2026-04-25T12:52:37-07:00</time><course>290.8156</course><roll>28.45403</roll><pitch>-0.3294111</pitch><mode /></trkpt><trkpt lat="35.1129597" lon="-118.4769586"><ele>1303.81</ele><time>2026-04-25T12:52:37-07:00</time><course>286.3419</course><roll>26.52895</roll><pitch>-2.008113</pitch><mode /></trkpt><trkpt lat="35.1129722" lon="-118.4769687"><ele>1303.51</ele><time>2026-04-25T12:52:37-07:00</time><course>281.3337</course><roll>24.9371</roll><pitch>-2.405761</pitch><mode /></trkpt><trkpt lat="35.1129832" lon="-118.4769799"><ele>1303.2</ele><time>2026-04-25T12:52:37-07:00</time><course>276.6136</course><roll>20.04417</roll><pitch>-3.826165</pitch><mode /></trkpt><trkpt lat="35.1129922" lon="-118.4769922"><ele>1302.94</ele><time>2026-04-25T12:52:38-07:00</time><course>275.9782</course><roll>10.20516</roll><pitch>-5.866367</pitch><mode /></trkpt><trkpt lat="35.1130002" lon="-118.477004"><ele>1302.81</ele><time>2026-04-25T12:52:38-07:00</time><course>275.7733</course><roll>4.695199</roll><pitch>-4.605571</pitch><mode /></trkpt><trkpt lat="35.1130084" lon="-118.4770159"><ele>1302.59</ele><time>2026-04-25T12:52:38-07:00</time><course>272.0565</course><roll>4.278759</roll><pitch>-0.3753813</pitch><mode /></trkpt><trkpt lat="35.1130162" lon="-118.4770289"><ele>1302.26</ele><time>2026-04-25T12:52:38-07:00</time><course>271.0804</course><roll>4.917323</roll><pitch>5.242266</pitch><mode /></trkpt><trkpt lat="35.1130236" lon="-118.477042"><ele>1301.79</ele><time>2026-04-25T12:52:38-07:00</time><course>268.5375</course><roll>7.161733</roll><pitch>7.724177</pitch><mode /></trkpt><trkpt lat="35.1130306" lon="-118.477055"><ele>1301.15</ele><time>2026-04-25T12:52:39-07:00</time><course>269.0599</course><roll>8.422137</roll><pitch>5.763088</pitch><mode /></trkpt><trkpt lat="35.1130368" lon="-118.4770686"><ele>1300.51</ele><time>2026-04-25T12:52:39-07:00</time><course>265.9615</course><roll>10.02583</roll><pitch>4.090539</pitch><mode /></trkpt><trkpt lat="35.1130421" lon="-118.4770836"><ele>1300.02</ele><time>2026-04-25T12:52:39-07:00</time><course>261.4716</course><roll>11.73906</roll><pitch>2.57203</pitch><mode /></trkpt><trkpt lat="35.1130457" lon="-118.4770986"><ele>1299.71</ele><time>2026-04-25T12:52:39-07:00</time><course>263.4594</course><roll>11.3739</roll><pitch>1.314015</pitch><mode /></trkpt><trkpt lat="35.1130481" lon="-118.4771135"><ele>1299.41</ele><time>2026-04-25T12:52:39-07:00</time><course>263.2839</course><roll>8.106507</roll><pitch>0.3232188</pitch><mode /></trkpt><trkpt lat="35.1130499" lon="-118.4771288"><ele>1299.2</ele><time>2026-04-25T12:52:40-07:00</time><course>262.7566</course><roll>4.32337</roll><pitch>0.8521402</pitch><mode /></trkpt><trkpt lat="35.113051" lon="-118.4771444"><ele>1298.93</ele><time>2026-04-25T12:52:40-07:00</time><course>263.5538</course><roll>1.70626</roll><pitch>0.6770088</pitch><mode /></trkpt><trkpt lat="35.1130522" lon="-118.4771602"><ele>1298.7</ele><time>2026-04-25T12:52:40-07:00</time><course>261.8063</course><roll>0.3579405</roll><pitch>0.1584661</pitch><mode /></trkpt><trkpt lat="35.1130536" lon="-118.4771766"><ele>1298.48</ele><time>2026-04-25T12:52:40-07:00</time><course>260.5528</course><roll>-1.804567</roll><pitch>-0.2046486</pitch><mode /></trkpt><trkpt lat="35.1130548" lon="-118.4771927"><ele>1298.17</ele><time>2026-04-25T12:52:40-07:00</time><course>259.5143</course><roll>-3.476306</roll><pitch>-0.510658</pitch><mode /></trkpt><trkpt lat="35.113056" lon="-118.4772082"><ele>1297.98</ele><time>2026-04-25T12:52:41-07:00</time><course>258.1835</course><roll>-0.8267583</roll><pitch>0.4600722</pitch><mode /></trkpt><trkpt lat="35.1130574" lon="-118.4772236"><ele>1297.79</ele><time>2026-04-25T12:52:41-07:00</time><course>256.9117</course><roll>1.106279</roll><pitch>0.8691847</pitch><mode /></trkpt><trkpt lat="35.1130585" lon="-118.4772381"><ele>1297.61</ele><time>2026-04-25T12:52:41-07:00</time><course>255.9493</course><roll>3.210107</roll><pitch>1.554256</pitch><mode /></trkpt><trkpt lat="35.1130591" lon="-118.4772526"><ele>1297.45</ele><time>2026-04-25T12:52:41-07:00</time><course>259.9479</course><roll>-0.6862463</roll><pitch>1.780745</pitch><mode /></trkpt><trkpt lat="35.1130594" lon="-118.4772666"><ele>1297.22</ele><time>2026-04-25T12:52:41-07:00</time><course>261.0078</course><roll>-4.363531</roll><pitch>1.340012</pitch><mode /></trkpt><trkpt lat="35.1130601" lon="-118.4772801"><ele>1296.89</ele><time>2026-04-25T12:52:42-07:00</time><course>259.0556</course><roll>-3.489626</roll><pitch>1.245951</pitch><mode /></trkpt><trkpt lat="35.1130606" lon="-118.4772937"><ele>1296.69</ele><time>2026-04-25T12:52:42-07:00</time><course>260.1907</course><roll>-4.558082</roll><pitch>0.4697549</pitch><mode /></trkpt><trkpt lat="35.1130612" lon="-118.4773068"><ele>1296.51</ele><time>2026-04-25T12:52:42-07:00</time><course>261.3251</course><roll>-6.424094</roll><pitch>1.591873</pitch><mode /></trkpt><trkpt lat="35.1130622" lon="-118.4773195"><ele>1296.29</ele><time>2026-04-25T12:52:42-07:00</time><course>260.4543</course><roll>-7.911992</roll><pitch>2.027731</pitch><mode /></trkpt><trkpt lat="35.1130637" lon="-118.477332"><ele>1295.89</ele><time>2026-04-25T12:52:42-07:00</time><course>259.5678</course><roll>-3.885654</roll><pitch>1.943746</pitch><mode /></trkpt><trkpt lat="35.1130654" lon="-118.4773445"><ele>1295.5</ele><time>2026-04-25T12:52:43-07:00</time><course>260.2919</course><roll>-0.2094668</roll><pitch>1.282442</pitch><mode /></trkpt><trkpt lat="35.1130667" lon="-118.4773573"><ele>1295.17</ele><time>2026-04-25T12:52:43-07:00</time><course>264.2796</course><roll>-0.9239486</roll><pitch>1.434194</pitch><mode /></trkpt><trkpt lat="35.1130678" lon="-118.4773698"><ele>1294.94</ele><time>2026-04-25T12:52:43-07:00</time><course>267.1181</course><roll>-6.053654</roll><pitch>1.136256</pitch><mode /></trkpt><trkpt lat="35.1130694" lon="-118.477382"><ele>1294.71</ele><time>2026-04-25T12:52:43-07:00</time><course>265.2988</course><roll>-1.536799</roll><pitch>0.06314441</pitch><mode /></trkpt><trkpt lat="35.1130711" lon="-118.4773935"><ele>1294.49</ele><time>2026-04-25T12:52:43-07:00</time><course>265.9644</course><roll>-3.174629</roll><pitch>0.04066481</pitch><mode /></trkpt><trkpt lat="35.1130729" lon="-118.4774046"><ele>1294.24</ele><time>2026-04-25T12:52:44-07:00</time><course>267.1211</course><roll>1.201631</roll><pitch>-0.2070905</pitch><mode /></trkpt><trkpt lat="35.1130749" lon="-118.4774156"><ele>1294.13</ele><time>2026-04-25T12:52:44-07:00</time><course>267.9702</course><roll>3.848484</roll><pitch>0.3348783</pitch><mode /></trkpt><trkpt lat="35.1130766" lon="-118.4774264"><ele>1294.03</ele><time>2026-04-25T12:52:44-07:00</time><course>265.0988</course><roll>2.686319</roll><pitch>0.543489</pitch><mode /></trkpt><trkpt lat="35.1130779" lon="-118.477437"><ele>1293.94</ele><time>2026-04-25T12:52:44-07:00</time><course>266.177</course><roll>-6.084907</roll><pitch>-0.3716785</pitch><mode /></trkpt><trkpt lat="35.1130798" lon="-118.4774478"><ele>1293.8</ele><time>2026-04-25T12:52:44-07:00</time><course>264.0936</course><roll>-9.074996</roll><pitch>-0.8889204</pitch><mode /></trkpt><trkpt lat="35.1130823" lon="-118.4774587"><ele>1293.76</ele><time>2026-04-25T12:52:45-07:00</time><course>266.2163</course><roll>-14.60952</roll><pitch>0.4035213</pitch><mode /></trkpt><trkpt lat="35.1130847" lon="-118.4774692"><ele>1293.63</ele><time>2026-04-25T12:52:45-07:00</time><course>265.7524</course><roll>-10.14138</roll><pitch>-0.6251767</pitch><mode /></trkpt><trkpt lat="35.1130878" lon="-118.4774791"><ele>1293.66</ele><time>2026-04-25T12:52:45-07:00</time><course>264.425</course><roll>-5.168038</roll><pitch>-0.755988</pitch><mode /></trkpt><trkpt lat="35.1130913" lon="-118.477489"><ele>1293.5</ele><time>2026-04-25T12:52:45-07:00</time><course>261.6843</course><roll>0.8554294</roll><pitch>-0.9033071</pitch><mode /></trkpt><trkpt lat="35.1130942" lon="-118.4774981"><ele>1293.44</ele><time>2026-04-25T12:52:45-07:00</time><course>262.9575</course><roll>5.745066</roll><pitch>-0.8502641</pitch><mode /></trkpt><trkpt lat="35.1130965" lon="-118.4775066"><ele>1293.4</ele><time>2026-04-25T12:52:46-07:00</time><course>265.0576</course><roll>2.264865</roll><pitch>-0.7295024</pitch><mode /></trkpt><trkpt lat="35.1130989" lon="-118.4775151"><ele>1293.47</ele><time>2026-04-25T12:52:46-07:00</time><course>263.1606</course><roll>-0.3642114</roll><pitch>-0.5282397</pitch><mode /></trkpt><trkpt lat="35.1131012" lon="-118.4775234"><ele>1293.54</ele><time>2026-04-25T12:52:46-07:00</time><course>261.3369</course><roll>0.6147053</roll><pitch>1.286215</pitch><mode /></trkpt><trkpt lat="35.1131029" lon="-118.4775318"><ele>1293.27</ele><time>2026-04-25T12:52:46-07:00</time><course>260.5377</course><roll>-0.4251392</roll><pitch>1.637998</pitch><mode /></trkpt><trkpt lat="35.1131044" lon="-118.4775403"><ele>1293.26</ele><time>2026-04-25T12:52:46-07:00</time><course>256.3807</course><roll>-3.191638</roll><pitch>0.3113741</pitch><mode /></trkpt><trkpt lat="35.1131064" lon="-118.4775489"><ele>1293.05</ele><time>2026-04-25T12:52:47-07:00</time><course>250.6573</course><roll>-3.086558</roll><pitch>-0.8554565</pitch><mode /></trkpt><trkpt lat="35.113108" lon="-118.4775569"><ele>1292.69</ele><time>2026-04-25T12:52:47-07:00</time><course>252.9288</course><roll>-2.062225</roll><pitch>-1.016577</pitch><mode /></trkpt><trkpt lat="35.1131093" lon="-118.477565"><ele>1292.32</ele><time>2026-04-25T12:52:47-07:00</time><course>254.947</course><roll>0.01554753</roll><pitch>-1.209572</pitch><mode /></trkpt><trkpt lat="35.1131105" lon="-118.4775732"><ele>1292.09</ele><time>2026-04-25T12:52:47-07:00</time><course>254.6547</course><roll>4.271514</roll><pitch>-0.6242361</pitch><mode /></trkpt><trkpt lat="35.1131111" lon="-118.4775812"><ele>1291.63</ele><time>2026-04-25T12:52:47-07:00</time><course>259.9805</course><roll>1.37127</roll><pitch>-0.6613372</pitch><mode /></trkpt><trkpt lat="35.1131115" lon="-118.4775893"><ele>1291.25</ele><time>2026-04-25T12:52:48-07:00</time><course>262.1233</course><roll>-5.997507</roll><pitch>-2.119028</pitch><mode /></trkpt><trkpt lat="35.1131121" lon="-118.4775974"><ele>1290.94</ele><time>2026-04-25T12:52:48-07:00</time><course>262.8954</course><roll>-6.682163</roll><pitch>-2.218248</pitch><mode /></trkpt><trkpt lat="35.1131131" lon="-118.4776059"><ele>1290.59</ele><time>2026-04-25T12:52:48-07:00</time><course>261.1226</course><roll>-5.489752</roll><pitch>-3.058073</pitch><mode /></trkpt><trkpt lat="35.1131148" lon="-118.4776149"><ele>1290.38</ele><time>2026-04-25T12:52:48-07:00</time><course>258.9729</course><roll>-2.75061</roll><pitch>-3.983396</pitch><mode /></trkpt><trkpt lat="35.1131168" lon="-118.4776248"><ele>1290.21</ele><time>2026-04-25T12:52:48-07:00</time><course>256.7761</course><roll>-4.64379</roll><pitch>-4.580791</pitch><mode /></trkpt><trkpt lat="35.1131182" lon="-118.4776351"><ele>1290</ele><time>2026-04-25T12:52:49-07:00</time><course>257.6561</course><roll>-11.69028</roll><pitch>-4.041786</pitch><mode /></trkpt><trkpt lat="35.1131198" lon="-118.4776459"><ele>1289.94</ele><time>2026-04-25T12:52:49-07:00</time><course>257.0411</course><roll>-10.39409</roll><pitch>-3.93833</pitch><mode /></trkpt><trkpt lat="35.113122" lon="-118.4776571"><ele>1289.79</ele><time>2026-04-25T12:52:49-07:00</time><course>255.9876</course><roll>-8.56057</roll><pitch>-5.362848</pitch><mode /></trkpt><trkpt lat="35.1131243" lon="-118.4776683"><ele>1289.84</ele><time>2026-04-25T12:52:49-07:00</time><course>255.6096</course><roll>-3.792655</roll><pitch>-4.62621</pitch><mode /></trkpt><trkpt lat="35.1131265" lon="-118.4776791"><ele>1289.79</ele><time>2026-04-25T12:52:49-07:00</time><course>260.6206</course><roll>-9.166621</roll><pitch>-1.654366</pitch><mode /></trkpt><trkpt lat="35.1131289" lon="-118.47769"><ele>1289.58</ele><time>2026-04-25T12:52:50-07:00</time><course>257.7896</course><roll>-10.14709</roll><pitch>-2.86192</pitch><mode /></trkpt><trkpt lat="35.1131319" lon="-118.4777008"><ele>1289.48</ele><time>2026-04-25T12:52:50-07:00</time><course>263.3022</course><roll>-16.53044</roll><pitch>-0.4620588</pitch><mode /></trkpt><trkpt lat="35.1131351" lon="-118.4777119"><ele>1289.16</ele><time>2026-04-25T12:52:50-07:00</time><course>264.7964</course><roll>-11.25595</roll><pitch>-2.539612</pitch><mode /></trkpt><trkpt lat="35.113139" lon="-118.4777228"><ele>1288.81</ele><time>2026-04-25T12:52:50-07:00</time><course>263.5072</course><roll>-3.00271</roll><pitch>-1.987516</pitch><mode /></trkpt><trkpt lat="35.1131427" lon="-118.4777328"><ele>1288.69</ele><time>2026-04-25T12:52:50-07:00</time><course>263.7466</course><roll>5.697335</roll><pitch>-1.981917</pitch><mode /></trkpt><trkpt lat="35.1131462" lon="-118.4777429"><ele>1288.51</ele><time>2026-04-25T12:52:51-07:00</time><course>261.7484</course><roll>3.470508</roll><pitch>-2.386334</pitch><mode /></trkpt><trkpt lat="35.1131491" lon="-118.4777532"><ele>1288.5</ele><time>2026-04-25T12:52:51-07:00</time><course>264.3075</course><roll>3.359423</roll><pitch>-2.368557</pitch><mode /></trkpt><trkpt lat="35.1131513" lon="-118.4777633"><ele>1288.42</ele><time>2026-04-25T12:52:51-07:00</time><course>269.3676</course><roll>-1.525659</roll><pitch>-4.000024</pitch><mode /></trkpt><trkpt lat="35.1131536" lon="-118.4777729"><ele>1288.45</ele><time>2026-04-25T12:52:51-07:00</time><course>270.5257</course><roll>-7.958304</roll><pitch>-3.390592</pitch><mode /></trkpt><trkpt lat="35.1131564" lon="-118.4777825"><ele>1288.43</ele><time>2026-04-25T12:52:51-07:00</time><course>265.2366</course><roll>-9.285115</roll><pitch>-4.042086</pitch><mode /></trkpt><trkpt lat="35.1131601" lon="-118.4777928"><ele>1288.22</ele><time>2026-04-25T12:52:52-07:00</time><course>260.7539</course><roll>-10.2978</roll><pitch>-4.38341</pitch><mode /></trkpt><trkpt lat="35.1131641" lon="-118.4778034"><ele>1288.18</ele><time>2026-04-25T12:52:52-07:00</time><course>261.045</course><roll>-8.776952</roll><pitch>-4.151837</pitch><mode /></trkpt><trkpt lat="35.1131676" lon="-118.4778141"><ele>1288.01</ele><time>2026-04-25T12:52:52-07:00</time><course>262.1489</course><roll>-0.680081</roll><pitch>-3.805148</pitch><mode /></trkpt><trkpt lat="35.1131702" lon="-118.4778249"><ele>1287.96</ele><time>2026-04-25T12:52:52-07:00</time><course>268.3796</course><roll>3.409983</roll><pitch>-2.810732</pitch><mode /></trkpt><trkpt lat="35.1131718" lon="-118.4778361"><ele>1287.79</ele><time>2026-04-25T12:52:52-07:00</time><course>272.1972</course><roll>-3.954622</roll><pitch>-2.395993</pitch><mode /></trkpt><trkpt lat="35.1131742" lon="-118.477848"><ele>1287.6</ele><time>2026-04-25T12:52:53-07:00</time><course>268.9913</course><roll>-9.587827</roll><pitch>-1.626097</pitch><mode /></trkpt><trkpt lat="35.1131772" lon="-118.4778603"><ele>1287.31</ele><time>2026-04-25T12:52:53-07:00</time><course>264.6057</course><roll>-5.512327</roll><pitch>-2.613924</pitch><mode /></trkpt><trkpt lat="35.1131806" lon="-118.4778727"><ele>1287.08</ele><time>2026-04-25T12:52:53-07:00</time><course>265.0619</course><roll>0.8988644</roll><pitch>-2.653454</pitch><mode /></trkpt><trkpt lat="35.1131838" lon="-118.4778848"><ele>1286.92</ele><time>2026-04-25T12:52:53-07:00</time><course>266.2265</course><roll>2.900924</roll><pitch>-2.981047</pitch><mode /></trkpt><trkpt lat="35.1131871" lon="-118.4778966"><ele>1286.79</ele><time>2026-04-25T12:52:53-07:00</time><course>265.942</course><roll>3.839164</roll><pitch>-3.895309</pitch><mode /></trkpt><trkpt lat="35.1131901" lon="-118.4779086"><ele>1286.71</ele><time>2026-04-25T12:52:54-07:00</time><course>268.8497</course><roll>-0.9931692</roll><pitch>-3.966946</pitch><mode /></trkpt><trkpt lat="35.1131925" lon="-118.4779204"><ele>1286.6</ele><time>2026-04-25T12:52:54-07:00</time><course>269.5237</course><roll>-3.166431</roll><pitch>-3.581729</pitch><mode /></trkpt><trkpt lat="35.1131949" lon="-118.4779324"><ele>1286.62</ele><time>2026-04-25T12:52:54-07:00</time><course>268.5895</course><roll>-4.364796</roll><pitch>-2.157233</pitch><mode /></trkpt><trkpt lat="35.1131972" lon="-118.4779449"><ele>1286.51</ele><time>2026-04-25T12:52:54-07:00</time><course>272.4875</course><roll>-7.904456</roll><pitch>-0.3030498</pitch><mode /></trkpt><trkpt lat="35.1131994" lon="-118.4779571"><ele>1286.38</ele><time>2026-04-25T12:52:54-07:00</time><course>270.3246</course><roll>-7.546111</roll><pitch>-0.3922773</pitch><mode /></trkpt><trkpt lat="35.1132029" lon="-118.4779689"><ele>1286.36</ele><time>2026-04-25T12:52:55-07:00</time><course>264.2906</course><roll>-1.189293</roll><pitch>-2.809367</pitch><mode /></trkpt><trkpt lat="35.1132064" lon="-118.4779814"><ele>1286.35</ele><time>2026-04-25T12:52:55-07:00</time><course>261.8887</course><roll>-3.482311</roll><pitch>-3.051911</pitch><mode /></trkpt><trkpt lat="35.1132094" lon="-118.4779941"><ele>1286.29</ele><time>2026-04-25T12:52:55-07:00</time><course>262.1299</course><roll>-8.766177</roll><pitch>-2.537658</pitch><mode /></trkpt><trkpt lat="35.1132124" lon="-118.4780064"><ele>1286.1</ele><time>2026-04-25T12:52:55-07:00</time><course>265.0794</course><roll>-10.78408</roll><pitch>-2.593175</pitch><mode /></trkpt><trkpt lat="35.1132157" lon="-118.4780193"><ele>1285.86</ele><time>2026-04-25T12:52:55-07:00</time><course>264.2935</course><roll>0.06593718</roll><pitch>-1.858778</pitch><mode /></trkpt><trkpt lat="35.1132191" lon="-118.4780321"><ele>1285.75</ele><time>2026-04-25T12:52:56-07:00</time><course>263.8752</course><roll>3.486216</roll><pitch>0.03428697</pitch><mode /></trkpt><trkpt lat="35.113222" lon="-118.4780445"><ele>1285.56</ele><time>2026-04-25T12:52:56-07:00</time><course>267.476</course><roll>2.722704</roll><pitch>0.5810928</pitch><mode /></trkpt><trkpt lat="35.113224" lon="-118.4780568"><ele>1285.3</ele><time>2026-04-25T12:52:56-07:00</time><course>272.9687</course><roll>1.041182</roll><pitch>-1.367652</pitch><mode /></trkpt><trkpt lat="35.1132258" lon="-118.4780686"><ele>1285.16</ele><time>2026-04-25T12:52:56-07:00</time><course>274.2609</course><roll>-2.40878</roll><pitch>-2.85355</pitch><mode /></trkpt><trkpt lat="35.1132284" lon="-118.4780807"><ele>1284.8</ele><time>2026-04-25T12:52:56-07:00</time><course>269.2544</course><roll>-4.90657</roll><pitch>-1.793624</pitch><mode /></trkpt><trkpt lat="35.1132316" lon="-118.4780923"><ele>1284.51</ele><time>2026-04-25T12:52:57-07:00</time><course>259.937</course><roll>-0.4307002</roll><pitch>0.6833134</pitch><mode /></trkpt><trkpt lat="35.1132348" lon="-118.4781041"><ele>1284.07</ele><time>2026-04-25T12:52:57-07:00</time><course>258.5676</course><roll>0.8807679</roll><pitch>0.8245648</pitch><mode /></trkpt><trkpt lat="35.1132371" lon="-118.4781148"><ele>1283.68</ele><time>2026-04-25T12:52:57-07:00</time><course>259.4749</course><roll>0.1316318</roll><pitch>6.608111</pitch><mode /></trkpt><trkpt lat="35.1132374" lon="-118.4781205"><ele>1283.9</ele><time>2026-04-25T12:52:57-07:00</time><course>258.5614</course><roll>-2.12389</roll><pitch>-3.532298</pitch><mode /></trkpt><trkpt lat="35.1132371" lon="-118.4781225"><ele>1283.83</ele><time>2026-04-25T12:52:57-07:00</time><course>258.7436</course><roll>-1.549288</roll><pitch>3.29679</pitch><mode /></trkpt><trkpt lat="35.1132366" lon="-118.4781222"><ele>1283.89</ele><time>2026-04-25T12:52:58-07:00</time><course>258.646</course><roll>-1.309509</roll><pitch>7.166553</pitch><mode /></trkpt><trkpt lat="35.1132365" lon="-118.4781224"><ele>1283.8</ele><time>2026-04-25T12:52:58-07:00</time><course>258.5352</course><roll>-1.476021</roll><pitch>6.981081</pitch><mode /></trkpt><trkpt lat="35.113237" lon="-118.4781223"><ele>1283.73</ele><time>2026-04-25T12:52:58-07:00</time><course>258.5496</course><roll>-1.45304</roll><pitch>6.999763</pitch><mode /></trkpt><trkpt lat="35.1132369" lon="-118.4781217"><ele>1283.86</ele><time>2026-04-25T12:52:58-07:00</time><course>258.4569</course><roll>-1.53362</roll><pitch>6.853018</pitch><mode /></trkpt><trkpt lat="35.1132372" lon="-118.4781217"><ele>1283.79</ele><time>2026-04-25T12:52:59-07:00</time><course>258.4546</course><roll>-1.498167</roll><pitch>6.820597</pitch><mode /></trkpt><trkpt lat="35.1132379" lon="-118.4781218"><ele>1283.78</ele><time>2026-04-25T12:52:59-07:00</time><course>258.4241</course><roll>-1.527355</roll><pitch>6.85321</pitch><mode /></trkpt><trkpt lat="35.1132377" lon="-118.4781222"><ele>1283.83</ele><time>2026-04-25T12:52:59-07:00</time><course>258.395</course><roll>-1.551596</roll><pitch>6.840603</pitch><mode /></trkpt><trkpt lat="35.1132379" lon="-118.4781228"><ele>1283.74</ele><time>2026-04-25T12:52:59-07:00</time><course>258.3793</course><roll>-1.562981</roll><pitch>6.844904</pitch><mode /></trkpt><trkpt lat="35.1132383" lon="-118.4781232"><ele>1283.57</ele><time>2026-04-25T12:53:00-07:00</time><course>258.3809</course><roll>-1.566999</roll><pitch>6.834008</pitch><mode /></trkpt><trkpt lat="35.1132384" lon="-118.478123"><ele>1283.5</ele><time>2026-04-25T12:53:00-07:00</time><course>258.3835</course><roll>-1.562883</roll><pitch>6.816653</pitch><mode /></trkpt><trkpt lat="35.1132386" lon="-118.4781229"><ele>1283.44</ele><time>2026-04-25T12:53:00-07:00</time><course>258.369</course><roll>-1.596106</roll><pitch>6.785922</pitch><mode /></trkpt><trkpt lat="35.1132385" lon="-118.4781228"><ele>1283.4</ele><time>2026-04-25T12:53:00-07:00</time><course>258.36</course><roll>-1.613386</roll><pitch>6.779744</pitch><mode /></trkpt><trkpt lat="35.1132382" lon="-118.4781234"><ele>1283.06</ele><time>2026-04-25T12:53:01-07:00</time><course>258.3812</course><roll>-1.617348</roll><pitch>6.75515</pitch><mode /></trkpt><trkpt lat="35.1132382" lon="-118.4781231"><ele>1282.71</ele><time>2026-04-25T12:53:02-07:00</time><course>258.4774</course><roll>-1.599018</roll><pitch>6.702467</pitch><mode /></trkpt><trkpt lat="35.1132379" lon="-118.478123"><ele>1282.68</ele><time>2026-04-25T12:53:02-07:00</time><course>258.4659</course><roll>-1.638598</roll><pitch>6.703718</pitch><mode /></trkpt><trkpt lat="35.1132376" lon="-118.4781227"><ele>1282.65</ele><time>2026-04-25T12:53:02-07:00</time><course>258.4621</course><roll>-1.652454</roll><pitch>6.709235</pitch><mode /></trkpt><trkpt lat="35.1132372" lon="-118.4781228"><ele>1282.67</ele><time>2026-04-25T12:53:02-07:00</time><course>258.4291</course><roll>-1.689576</roll><pitch>6.660281</pitch><mode /></trkpt><trkpt lat="35.1132369" lon="-118.4781226"><ele>1282.7</ele><time>2026-04-25T12:53:03-07:00</time><course>258.3919</course><roll>-1.709186</roll><pitch>6.674437</pitch><mode /></trkpt><trkpt lat="35.1132367" lon="-118.4781225"><ele>1282.66</ele><time>2026-04-25T12:53:03-07:00</time><course>258.4518</course><roll>-1.663772</roll><pitch>6.648041</pitch><mode /></trkpt><trkpt lat="35.1132369" lon="-118.4781221"><ele>1282.71</ele><time>2026-04-25T12:53:03-07:00</time><course>258.5401</course><roll>-1.592838</roll><pitch>6.794253</pitch><mode /></trkpt><trkpt lat="35.1132371" lon="-118.4781218"><ele>1282.65</ele><time>2026-04-25T12:53:03-07:00</time><course>258.5103</course><roll>-1.703192</roll><pitch>6.752263</pitch><mode /></trkpt><trkpt lat="35.113237" lon="-118.478122"><ele>1282.63</ele><time>2026-04-25T12:53:03-07:00</time><course>258.5274</course><roll>-1.686945</roll><pitch>6.730851</pitch><mode /></trkpt><trkpt lat="35.1132373" lon="-118.4781218"><ele>1282.41</ele><time>2026-04-25T12:53:04-07:00</time><course>258.612</course><roll>-1.648529</roll><pitch>6.70185</pitch><mode /></trkpt><trkpt lat="35.1132374" lon="-118.4781219"><ele>1282.4</ele><time>2026-04-25T12:53:04-07:00</time><course>258.6345</course><roll>-1.705163</roll><pitch>6.717748</pitch><mode /></trkpt><trkpt lat="35.1132372" lon="-118.4781218"><ele>1282.39</ele><time>2026-04-25T12:53:04-07:00</time><course>258.733</course><roll>-1.745843</roll><pitch>6.702774</pitch><mode /></trkpt><trkpt lat="35.1132373" lon="-118.4781217"><ele>1282.23</ele><time>2026-04-25T12:53:05-07:00</time><course>258.6941</course><roll>-1.760024</roll><pitch>6.761409</pitch><mode /></trkpt><trkpt lat="35.1132374" lon="-118.4781214"><ele>1282.18</ele><time>2026-04-25T12:53:05-07:00</time><course>258.7247</course><roll>-1.772949</roll><pitch>6.734666</pitch><mode /></trkpt><trkpt lat="35.1132378" lon="-118.4781212"><ele>1282.04</ele><time>2026-04-25T12:53:05-07:00</time><course>258.8042</course><roll>-1.851228</roll><pitch>6.814042</pitch><mode /></trkpt><trkpt lat="35.113238" lon="-118.4781209"><ele>1282.01</ele><time>2026-04-25T12:53:05-07:00</time><course>258.8108</course><roll>-1.961973</roll><pitch>6.853075</pitch><mode /></trkpt><trkpt lat="35.1132381" lon="-118.4781204"><ele>1281.96</ele><time>2026-04-25T12:53:06-07:00</time><course>258.8191</course><roll>-1.892714</roll><pitch>6.783113</pitch><mode /></trkpt><trkpt lat="35.1132383" lon="-118.4781201"><ele>1281.87</ele><time>2026-04-25T12:53:06-07:00</time><course>259.0215</course><roll>-1.846713</roll><pitch>6.812947</pitch><mode /></trkpt><trkpt lat="35.1132386" lon="-118.4781196"><ele>1281.9</ele><time>2026-04-25T12:53:06-07:00</time><course>259.0811</course><roll>-1.739926</roll><pitch>6.789037</pitch><mode /></trkpt><trkpt lat="35.1132388" lon="-118.478119"><ele>1281.9</ele><time>2026-04-25T12:53:07-07:00</time><course>259.4648</course><roll>-1.563878</roll><pitch>6.860133</pitch><mode /></trkpt><trkpt lat="35.1132391" lon="-118.4781186"><ele>1281.87</ele><time>2026-04-25T12:53:07-07:00</time><course>259.4979</course><roll>-1.721566</roll><pitch>6.845414</pitch><mode /></trkpt><trkpt lat="35.1132392" lon="-118.4781181"><ele>1281.84</ele><time>2026-04-25T12:53:07-07:00</time><course>259.3682</course><roll>-1.787277</roll><pitch>6.875402</pitch><mode /></trkpt><trkpt lat="35.1132396" lon="-118.4781178"><ele>1281.79</ele><time>2026-04-25T12:53:07-07:00</time><course>259.3569</course><roll>-1.760568</roll><pitch>6.816717</pitch><mode /></trkpt><trkpt lat="35.1132399" lon="-118.4781177"><ele>1281.73</ele><time>2026-04-25T12:53:07-07:00</time><course>259.3938</course><roll>-1.70308</roll><pitch>6.798628</pitch><mode /></trkpt><trkpt lat="35.1132401" lon="-118.4781176"><ele>1281.66</ele><time>2026-04-25T12:53:08-07:00</time><course>259.3821</course><roll>-1.809099</roll><pitch>6.801353</pitch><mode /></trkpt><trkpt lat="35.1132404" lon="-118.4781177"><ele>1281.59</ele><time>2026-04-25T12:53:08-07:00</time><course>259.3448</course><roll>-1.820006</roll><pitch>6.667763</pitch><mode /></trkpt><trkpt lat="35.1132405" lon="-118.4781175"><ele>1281.64</ele><time>2026-04-25T12:53:08-07:00</time><course>259.3149</course><roll>-1.850471</roll><pitch>6.67898</pitch><mode /></trkpt><trkpt lat="35.1132407" lon="-118.4781179"><ele>1281.66</ele><time>2026-04-25T12:53:08-07:00</time><course>259.2625</course><roll>-1.991804</roll><pitch>6.756705</pitch><mode /></trkpt><trkpt lat="35.1132409" lon="-118.4781182"><ele>1281.66</ele><time>2026-04-25T12:53:08-07:00</time><course>259.2511</course><roll>-2.013986</roll><pitch>6.782521</pitch><mode /></trkpt><trkpt lat="35.1132411" lon="-118.4781183"><ele>1281.63</ele><time>2026-04-25T12:53:09-07:00</time><course>259.1387</course><roll>-2.050959</roll><pitch>6.749844</pitch><mode /></trkpt><trkpt lat="35.1132414" lon="-118.4781188"><ele>1281.59</ele><time>2026-04-25T12:53:09-07:00</time><course>259.1687</course><roll>-1.911009</roll><pitch>6.742962</pitch><mode /></trkpt><trkpt lat="35.1132419" lon="-118.4781192"><ele>1281.52</ele><time>2026-04-25T12:53:09-07:00</time><course>259.1512</course><roll>-1.876314</roll><pitch>6.820002</pitch><mode /></trkpt><trkpt lat="35.1132423" lon="-118.4781194"><ele>1281.47</ele><time>2026-04-25T12:53:09-07:00</time><course>259.1523</course><roll>-1.872348</roll><pitch>6.839799</pitch><mode /></trkpt><trkpt lat="35.1132427" lon="-118.4781202"><ele>1281.39</ele><time>2026-04-25T12:53:10-07:00</time><course>259.2123</course><roll>-1.763289</roll><pitch>6.791833</pitch><mode /></trkpt><trkpt lat="35.1132429" lon="-118.4781212"><ele>1281.36</ele><time>2026-04-25T12:53:10-07:00</time><course>259.2796</course><roll>-1.747943</roll><pitch>6.868988</pitch><mode /></trkpt><trkpt lat="35.1132428" lon="-118.4781215"><ele>1281.36</ele><time>2026-04-25T12:53:10-07:00</time><course>259.2819</course><roll>-1.715899</roll><pitch>6.922405</pitch><mode /></trkpt><trkpt lat="35.1132429" lon="-118.4781212"><ele>1281.39</ele><time>2026-04-25T12:53:10-07:00</time><course>259.3126</course><roll>-1.752025</roll><pitch>6.94478</pitch><mode /></trkpt><trkpt lat="35.1132433" lon="-118.4781208"><ele>1281.4</ele><time>2026-04-25T12:53:10-07:00</time><course>259.2823</course><roll>-1.924995</roll><pitch>7.07383</pitch><mode /></trkpt><trkpt lat="35.1132437" lon="-118.478121"><ele>1281.34</ele><time>2026-04-25T12:53:11-07:00</time><course>259.2736</course><roll>-1.806309</roll><pitch>6.958049</pitch><mode /></trkpt><trkpt lat="35.1132439" lon="-118.4781208"><ele>1281.33</ele><time>2026-04-25T12:53:11-07:00</time><course>259.2863</course><roll>-1.796271</roll><pitch>6.980069</pitch><mode /></trkpt><trkpt lat="35.1132441" lon="-118.4781207"><ele>1281.22</ele><time>2026-04-25T12:53:11-07:00</time><course>259.2781</course><roll>-1.795467</roll><pitch>6.944997</pitch><mode /></trkpt><trkpt lat="35.1132442" lon="-118.4781204"><ele>1281.23</ele><time>2026-04-25T12:53:11-07:00</time><course>259.2482</course><roll>-1.804505</roll><pitch>6.883317</pitch><mode /></trkpt><trkpt lat="35.1132446" lon="-118.47812"><ele>1281.23</ele><time>2026-04-25T12:53:11-07:00</time><course>259.3021</course><roll>-1.826079</roll><pitch>6.961982</pitch><mode /></trkpt><trkpt lat="35.1132442" lon="-118.4781195"><ele>1281.26</ele><time>2026-04-25T12:53:12-07:00</time><course>259.3027</course><roll>-1.798347</roll><pitch>6.87859</pitch><mode /></trkpt><trkpt lat="35.1132443" lon="-118.4781192"><ele>1281.35</ele><time>2026-04-25T12:53:12-07:00</time><course>259.3013</course><roll>-1.783924</roll><pitch>6.887112</pitch><mode /></trkpt><trkpt lat="35.1132444" lon="-118.478119"><ele>1281.39</ele><time>2026-04-25T12:53:12-07:00</time><course>259.2473</course><roll>-1.837883</roll><pitch>6.878574</pitch><mode /></trkpt><trkpt lat="35.1132445" lon="-118.4781185"><ele>1281.49</ele><time>2026-04-25T12:53:13-07:00</time><course>259.2458</course><roll>-1.836948</roll><pitch>6.859715</pitch><mode /></trkpt><trkpt lat="35.1132443" lon="-118.4781178"><ele>1281.63</ele><time>2026-04-25T12:53:13-07:00</time><course>259.2626</course><roll>-1.844997</roll><pitch>6.875087</pitch><mode /></trkpt><trkpt lat="35.1132444" lon="-118.4781166"><ele>1281.84</ele><time>2026-04-25T12:53:13-07:00</time><course>259.3011</course><roll>-1.885266</roll><pitch>6.885949</pitch><mode /></trkpt><trkpt lat="35.1132436" lon="-118.4781157"><ele>1282.16</ele><time>2026-04-25T12:53:13-07:00</time><course>259.3634</course><roll>-1.922715</roll><pitch>6.958029</pitch><mode /></trkpt><trkpt lat="35.113243" lon="-118.4781152"><ele>1282.37</ele><time>2026-04-25T12:53:14-07:00</time><course>259.3355</course><roll>-1.895116</roll><pitch>6.974479</pitch><mode /></trkpt><trkpt lat="35.1132423" lon="-118.4781149"><ele>1282.62</ele><time>2026-04-25T12:53:14-07:00</time><course>259.3647</course><roll>-1.860804</roll><pitch>6.972023</pitch><mode /></trkpt><trkpt lat="35.1132417" lon="-118.4781148"><ele>1282.79</ele><time>2026-04-25T12:53:14-07:00</time><course>259.3643</course><roll>-1.866799</roll><pitch>6.924724</pitch><mode /></trkpt><trkpt lat="35.1132409" lon="-118.4781143"><ele>1282.96</ele><time>2026-04-25T12:53:14-07:00</time><course>259.4329</course><roll>-1.774829</roll><pitch>6.938922</pitch><mode /></trkpt><trkpt lat="35.1132408" lon="-118.4781135"><ele>1283.1</ele><time>2026-04-25T12:53:14-07:00</time><course>259.4489</course><roll>-1.773625</roll><pitch>6.930511</pitch><mode /></trkpt><trkpt lat="35.1132406" lon="-118.4781136"><ele>1283.41</ele><time>2026-04-25T12:53:15-07:00</time><course>259.4848</course><roll>-1.74961</roll><pitch>6.910341</pitch><mode /></trkpt><trkpt lat="35.11324" lon="-118.478113"><ele>1283.69</ele><time>2026-04-25T12:53:15-07:00</time><course>259.3674</course><roll>-1.750874</roll><pitch>6.840535</pitch><mode /></trkpt><trkpt lat="35.1132401" lon="-118.4781119"><ele>1284.13</ele><time>2026-04-25T12:53:15-07:00</time><course>259.7216</course><roll>-1.587093</roll><pitch>7.220739</pitch><mode /></trkpt><trkpt lat="35.1132397" lon="-118.4781114"><ele>1284.36</ele><time>2026-04-25T12:53:16-07:00</time><course>259.7242</course><roll>-1.605651</roll><pitch>7.202956</pitch><mode /></trkpt><trkpt lat="35.1132391" lon="-118.4781108"><ele>1284.64</ele><time>2026-04-25T12:53:16-07:00</time><course>259.782</course><roll>-1.552146</roll><pitch>7.233908</pitch><mode /></trkpt><trkpt lat="35.1132387" lon="-118.4781103"><ele>1284.88</ele><time>2026-04-25T12:53:16-07:00</time><course>259.9033</course><roll>-1.532862</roll><pitch>7.329826</pitch><mode /></trkpt><trkpt lat="35.1132382" lon="-118.4781098"><ele>1285.3</ele><time>2026-04-25T12:53:16-07:00</time><course>259.8279</course><roll>-1.484123</roll><pitch>7.162838</pitch><mode /></trkpt><trkpt lat="35.1132378" lon="-118.4781077"><ele>1285.56</ele><time>2026-04-25T12:53:17-07:00</time><course>259.7098</course><roll>-1.630255</roll><pitch>7.171556</pitch><mode /></trkpt><trkpt lat="35.113238" lon="-118.4781054"><ele>1285.67</ele><time>2026-04-25T12:53:17-07:00</time><course>259.8469</course><roll>-1.621204</roll><pitch>7.074977</pitch><mode /></trkpt><trkpt lat="35.1132377" lon="-118.4781038"><ele>1285.64</ele><time>2026-04-25T12:53:17-07:00</time><course>259.7984</course><roll>-1.552581</roll><pitch>6.963284</pitch><mode /></trkpt><trkpt lat="35.113237" lon="-118.4781019"><ele>1285.74</ele><time>2026-04-25T12:53:17-07:00</time><course>260.0552</course><roll>-1.487412</roll><pitch>7.21128</pitch><mode /></trkpt><trkpt lat="35.113236" lon="-118.4781018"><ele>1285.98</ele><time>2026-04-25T12:53:18-07:00</time><course>260.0465</course><roll>-1.508319</roll><pitch>7.163561</pitch><mode /></trkpt><trkpt lat="35.1132355" lon="-118.4781027"><ele>1286.01</ele><time>2026-04-25T12:53:18-07:00</time><course>259.9117</course><roll>-1.541709</roll><pitch>7.017028</pitch><mode /></trkpt><trkpt lat="35.1132352" lon="-118.4781039"><ele>1285.95</ele><time>2026-04-25T12:53:18-07:00</time><course>259.9931</course><roll>-1.552445</roll><pitch>7.077868</pitch><mode /></trkpt><trkpt lat="35.1132336" lon="-118.4781035"><ele>1286.39</ele><time>2026-04-25T12:53:18-07:00</time><course>259.9969</course><roll>-1.55512</roll><pitch>7.141273</pitch><mode /></trkpt><trkpt lat="35.113233" lon="-118.4781041"><ele>1286.26</ele><time>2026-04-25T12:53:18-07:00</time><course>260.0522</course><roll>-1.512967</roll><pitch>7.203486</pitch><mode /></trkpt><trkpt lat="35.1132337" lon="-118.4781048"><ele>1285.98</ele><time>2026-04-25T12:53:19-07:00</time><course>260.1034</course><roll>-1.495618</roll><pitch>7.293361</pitch><mode /></trkpt><trkpt lat="35.1132341" lon="-118.4781044"><ele>1285.98</ele><time>2026-04-25T12:53:19-07:00</time><course>260.0606</course><roll>-1.548723</roll><pitch>7.260198</pitch><mode /></trkpt><trkpt lat="35.1132343" lon="-118.4781033"><ele>1286.04</ele><time>2026-04-25T12:53:19-07:00</time><course>260.0659</course><roll>-1.554724</roll><pitch>7.243808</pitch><mode /></trkpt><trkpt lat="35.1132344" lon="-118.4781024"><ele>1285.89</ele><time>2026-04-25T12:53:19-07:00</time><course>260.0676</course><roll>-1.511187</roll><pitch>7.218473</pitch><mode /></trkpt><trkpt lat="35.1132345" lon="-118.4780974"><ele>1286.11</ele><time>2026-04-25T12:53:19-07:00</time><course>260.0213</course><roll>-1.460647</roll><pitch>7.020445</pitch><mode /></trkpt><trkpt lat="35.1132342" lon="-118.4780926"><ele>1286.31</ele><time>2026-04-25T12:53:20-07:00</time><course>260.052</course><roll>-1.511095</roll><pitch>7.025021</pitch><mode /></trkpt><trkpt lat="35.1132338" lon="-118.4780886"><ele>1286.38</ele><time>2026-04-25T12:53:20-07:00</time><course>260.0771</course><roll>-1.522632</roll><pitch>6.944808</pitch><mode /></trkpt><trkpt lat="35.1132334" lon="-118.4780896"><ele>1286.28</ele><time>2026-04-25T12:53:20-07:00</time><course>260.1179</course><roll>-1.533213</roll><pitch>6.972213</pitch><mode /></trkpt><trkpt lat="35.1132332" lon="-118.4780898"><ele>1286.33</ele><time>2026-04-25T12:53:20-07:00</time><course>260.117</course><roll>-1.470995</roll><pitch>6.915983</pitch><mode /></trkpt><trkpt lat="35.1132333" lon="-118.4780889"><ele>1286.44</ele><time>2026-04-25T12:53:21-07:00</time><course>260.0689</course><roll>-1.53279</roll><pitch>6.92873</pitch><mode /></trkpt><trkpt lat="35.1132337" lon="-118.4780887"><ele>1286.53</ele><time>2026-04-25T12:53:21-07:00</time><course>260.049</course><roll>-1.526373</roll><pitch>6.725729</pitch><mode /></trkpt><trkpt lat="35.1132343" lon="-118.4780885"><ele>1286.52</ele><time>2026-04-25T12:53:21-07:00</time><course>260.0634</course><roll>-1.530951</roll><pitch>6.784426</pitch><mode /></trkpt><trkpt lat="35.1132346" lon="-118.4780871"><ele>1286.63</ele><time>2026-04-25T12:53:21-07:00</time><course>260.099</course><roll>-1.583192</roll><pitch>6.884644</pitch><mode /></trkpt><trkpt lat="35.1132351" lon="-118.4780849"><ele>1286.83</ele><time>2026-04-25T12:53:21-07:00</time><course>260.143</course><roll>-1.534689</roll><pitch>6.885778</pitch><mode /></trkpt><trkpt lat="35.1132357" lon="-118.4780834"><ele>1287.01</ele><time>2026-04-25T12:53:22-07:00</time><course>260.1338</course><roll>-1.562554</roll><pitch>6.908498</pitch><mode /></trkpt><trkpt lat="35.113236" lon="-118.4780822"><ele>1287.2</ele><time>2026-04-25T12:53:22-07:00</time><course>260.1103</course><roll>-1.541245</roll><pitch>6.846871</pitch><mode /></trkpt><trkpt lat="35.1132365" lon="-118.4780804"><ele>1287.42</ele><time>2026-04-25T12:53:22-07:00</time><course>260.1391</course><roll>-1.523062</roll><pitch>6.845198</pitch><mode /></trkpt><trkpt lat="35.1132376" lon="-118.4780816"><ele>1287.15</ele><time>2026-04-25T12:53:22-07:00</time><course>260.1829</course><roll>-1.488865</roll><pitch>6.80255</pitch><mode /></trkpt><trkpt lat="35.1132378" lon="-118.4780806"><ele>1287.35</ele><time>2026-04-25T12:53:22-07:00</time><course>260.1444</course><roll>-1.521996</roll><pitch>6.787939</pitch><mode /></trkpt><trkpt lat="35.1132381" lon="-118.47808"><ele>1287.48</ele><time>2026-04-25T12:53:23-07:00</time><course>260.159</course><roll>-1.53315</roll><pitch>6.819319</pitch><mode /></trkpt><trkpt lat="35.113239" lon="-118.4780792"><ele>1287.5</ele><time>2026-04-25T12:53:23-07:00</time><course>260.1072</course><roll>-1.593663</roll><pitch>6.794816</pitch><mode /></trkpt><trkpt lat="35.1132396" lon="-118.478079"><ele>1287.52</ele><time>2026-04-25T12:53:23-07:00</time><course>260.1035</course><roll>-1.585316</roll><pitch>6.802329</pitch><mode /></trkpt><trkpt lat="35.1132408" lon="-118.4780791"><ele>1287.42</ele><time>2026-04-25T12:53:23-07:00</time><course>260.1017</course><roll>-1.575697</roll><pitch>6.80576</pitch><mode /></trkpt><trkpt lat="35.113239" lon="-118.4780742"><ele>1288.29</ele><time>2026-04-25T12:53:23-07:00</time><course>260.1373</course><roll>-1.5609</roll><pitch>6.860334</pitch><mode /></trkpt><trkpt lat="35.1132361" lon="-118.4780731"><ele>1288.89</ele><time>2026-04-25T12:53:24-07:00</time><course>260.1487</course><roll>-1.590642</roll><pitch>6.877299</pitch><mode /></trkpt><trkpt lat="35.1132333" lon="-118.4780752"><ele>1289.24</ele><time>2026-04-25T12:53:24-07:00</time><course>260.1841</course><roll>-1.576188</roll><pitch>6.908164</pitch><mode /></trkpt><trkpt lat="35.1132322" lon="-118.4780756"><ele>1289.41</ele><time>2026-04-25T12:53:24-07:00</time><course>260.1839</course><roll>-1.547272</roll><pitch>6.907762</pitch><mode /></trkpt><trkpt lat="35.1132312" lon="-118.4780758"><ele>1289.63</ele><time>2026-04-25T12:53:24-07:00</time><course>260.1582</course><roll>-1.573727</roll><pitch>6.926852</pitch><mode /></trkpt><trkpt lat="35.1132335" lon="-118.4780769"><ele>1289.01</ele><time>2026-04-25T12:53:24-07:00</time><course>260.1302</course><roll>-1.61868</roll><pitch>6.92471</pitch><mode /></trkpt><trkpt lat="35.1132383" lon="-118.4780789"><ele>1288.15</ele><time>2026-04-25T12:53:25-07:00</time><course>260.1193</course><roll>-1.655126</roll><pitch>6.891481</pitch><mode /></trkpt><trkpt lat="35.1132373" lon="-118.4780771"><ele>1288.78</ele><time>2026-04-25T12:53:25-07:00</time><course>260.1252</course><roll>-1.6646</roll><pitch>6.83054</pitch><mode /></trkpt><trkpt lat="35.1132378" lon="-118.4780754"><ele>1289.09</ele><time>2026-04-25T12:53:25-07:00</time><course>260.1528</course><roll>-1.70567</roll><pitch>6.75134</pitch><mode /></trkpt><trkpt lat="35.1132403" lon="-118.478074"><ele>1289</ele><time>2026-04-25T12:53:25-07:00</time><course>260.1689</course><roll>-1.752859</roll><pitch>6.72586</pitch><mode /></trkpt><trkpt lat="35.1132427" lon="-118.4780722"><ele>1289.09</ele><time>2026-04-25T12:53:25-07:00</time><course>260.1688</course><roll>-1.744338</roll><pitch>6.662957</pitch><mode /></trkpt><trkpt lat="35.1132456" lon="-118.4780708"><ele>1289.16</ele><time>2026-04-25T12:53:26-07:00</time><course>260.2</course><roll>-1.686911</roll><pitch>6.561407</pitch><mode /></trkpt><trkpt lat="35.1132511" lon="-118.4780717"><ele>1288.58</ele><time>2026-04-25T12:53:26-07:00</time><course>260.2139</course><roll>-1.773457</roll><pitch>6.516584</pitch><mode /></trkpt><trkpt lat="35.1132576" lon="-118.4780753"><ele>1287.35</ele><time>2026-04-25T12:53:26-07:00</time><course>260.2248</course><roll>-1.85836</roll><pitch>6.548847</pitch><mode /></trkpt><trkpt lat="35.1132644" lon="-118.4780799"><ele>1285.87</ele><time>2026-04-25T12:53:26-07:00</time><course>260.1759</course><roll>-1.922874</roll><pitch>6.556116</pitch><mode /></trkpt><trkpt lat="35.1132692" lon="-118.4780845"><ele>1284.49</ele><time>2026-04-25T12:53:26-07:00</time><course>260.153</course><roll>-1.979476</roll><pitch>6.597561</pitch><mode /></trkpt><trkpt lat="35.1132751" lon="-118.4780918"><ele>1282.66</ele><time>2026-04-25T12:53:27-07:00</time><course>260.0848</course><roll>-2.055119</roll><pitch>6.644316</pitch><mode /></trkpt><trkpt lat="35.1132787" lon="-118.4780979"><ele>1281.21</ele><time>2026-04-25T12:53:27-07:00</time><course>260.0391</course><roll>-2.100603</roll><pitch>6.681669</pitch><mode /></trkpt><trkpt lat="35.1132827" lon="-118.4781042"><ele>1279.69</ele><time>2026-04-25T12:53:27-07:00</time><course>259.9244</course><roll>-2.199553</roll><pitch>6.69144</pitch><mode /></trkpt><trkpt lat="35.1132857" lon="-118.4781102"><ele>1278.43</ele><time>2026-04-25T12:53:27-07:00</time><course>259.8676</course><roll>-2.276211</roll><pitch>6.795294</pitch><mode /></trkpt><trkpt lat="35.1132893" lon="-118.4781154"><ele>1277.24</ele><time>2026-04-25T12:53:27-07:00</time><course>259.7513</course><roll>-2.381065</roll><pitch>6.916176</pitch><mode /></trkpt><trkpt lat="35.1132926" lon="-118.4781172"><ele>1276.41</ele><time>2026-04-25T12:53:28-07:00</time><course>259.6421</course><roll>-2.47731</roll><pitch>6.966966</pitch><mode /></trkpt><trkpt lat="35.1132949" lon="-118.478118"><ele>1275.9</ele><time>2026-04-25T12:53:28-07:00</time><course>259.5186</course><roll>-2.561784</roll><pitch>7.032915</pitch><mode /></trkpt><trkpt lat="35.1132969" lon="-118.4781182"><ele>1275.54</ele><time>2026-04-25T12:53:28-07:00</time><course>259.4104</course><roll>-2.671084</roll><pitch>7.13672</pitch><mode /></trkpt><trkpt lat="35.1132984" lon="-118.4781186"><ele>1275.22</ele><time>2026-04-25T12:53:28-07:00</time><course>259.3354</course><roll>-2.718916</roll><pitch>7.192051</pitch><mode /></trkpt><trkpt lat="35.1132993" lon="-118.4781184"><ele>1275.07</ele><time>2026-04-25T12:53:28-07:00</time><course>259.265</course><roll>-2.773251</roll><pitch>7.250588</pitch><mode /></trkpt><trkpt lat="35.1133003" lon="-118.4781183"><ele>1274.83</ele><time>2026-04-25T12:53:29-07:00</time><course>259.2029</course><roll>-2.816392</roll><pitch>7.292655</pitch><mode /></trkpt><trkpt lat="35.113301" lon="-118.4781176"><ele>1274.67</ele><time>2026-04-25T12:53:29-07:00</time><course>259.0679</course><roll>-2.870813</roll><pitch>7.269385</pitch><mode /></trkpt><trkpt lat="35.1133018" lon="-118.4781171"><ele>1274.44</ele><time>2026-04-25T12:53:29-07:00</time><course>259.1418</course><roll>-2.846032</roll><pitch>7.299758</pitch><mode /></trkpt><trkpt lat="35.1133015" lon="-118.478117"><ele>1274.28</ele><time>2026-04-25T12:53:29-07:00</time><course>259.0841</course><roll>-2.863761</roll><pitch>7.346759</pitch><mode /></trkpt><trkpt lat="35.1133011" lon="-118.4781155"><ele>1274.23</ele><time>2026-04-25T12:53:29-07:00</time><course>259.0484</course><roll>-2.88697</roll><pitch>7.405648</pitch><mode /></trkpt><trkpt lat="35.1133018" lon="-118.4781142"><ele>1273.95</ele><time>2026-04-25T12:53:30-07:00</time><course>258.9448</course><roll>-2.809546</roll><pitch>7.641743</pitch><mode /></trkpt><trkpt lat="35.1133014" lon="-118.4781133"><ele>1274.03</ele><time>2026-04-25T12:53:30-07:00</time><course>259.004</course><roll>-2.718256</roll><pitch>7.739028</pitch><mode /></trkpt><trkpt lat="35.1133026" lon="-118.4781136"><ele>1273.78</ele><time>2026-04-25T12:53:30-07:00</time><course>258.8935</course><roll>-2.861343</roll><pitch>7.657081</pitch><mode /></trkpt><trkpt lat="35.1133039" lon="-118.4781155"><ele>1273.51</ele><time>2026-04-25T12:53:30-07:00</time><course>258.9236</course><roll>-2.764378</roll><pitch>7.598649</pitch><mode /></trkpt><trkpt lat="35.1133036" lon="-118.4781158"><ele>1273.48</ele><time>2026-04-25T12:53:30-07:00</time><course>258.9472</course><roll>-2.832692</roll><pitch>7.328736</pitch><mode /></trkpt><trkpt lat="35.1133026" lon="-118.4781149"><ele>1273.68</ele><time>2026-04-25T12:53:31-07:00</time><course>258.903</course><roll>-2.824779</roll><pitch>7.622495</pitch><mode /></trkpt><trkpt lat="35.1133015" lon="-118.4781169"><ele>1273.62</ele><time>2026-04-25T12:53:31-07:00</time><course>258.8797</course><roll>-2.830313</roll><pitch>7.604189</pitch><mode /></trkpt><trkpt lat="35.1133016" lon="-118.4781191"><ele>1273.46</ele><time>2026-04-25T12:53:31-07:00</time><course>258.8771</course><roll>-2.829384</roll><pitch>7.617751</pitch><mode /></trkpt><trkpt lat="35.1133014" lon="-118.4781167"><ele>1273.96</ele><time>2026-04-25T12:53:31-07:00</time><course>258.8644</course><roll>-2.819262</roll><pitch>7.623333</pitch><mode /></trkpt><trkpt lat="35.1132999" lon="-118.4781149"><ele>1274.6</ele><time>2026-04-25T12:53:31-07:00</time><course>258.8609</course><roll>-2.796053</roll><pitch>7.636869</pitch><mode /></trkpt><trkpt lat="35.1132992" lon="-118.4781175"><ele>1274.42</ele><time>2026-04-25T12:53:32-07:00</time><course>258.8472</course><roll>-2.800904</roll><pitch>7.633397</pitch><mode /></trkpt><trkpt lat="35.113296" lon="-118.478115"><ele>1275.43</ele><time>2026-04-25T12:53:32-07:00</time><course>258.8185</course><roll>-2.739852</roll><pitch>7.635436</pitch><mode /></trkpt><trkpt lat="35.1132949" lon="-118.4781107"><ele>1276.22</ele><time>2026-04-25T12:53:32-07:00</time><course>258.812</course><roll>-2.701758</roll><pitch>7.600644</pitch><mode /></trkpt><trkpt lat="35.1132933" lon="-118.4781057"><ele>1277.14</ele><time>2026-04-25T12:53:32-07:00</time><course>258.8337</course><roll>-2.667548</roll><pitch>7.585151</pitch><mode /></trkpt><trkpt lat="35.1132914" lon="-118.4781034"><ele>1277.7</ele><time>2026-04-25T12:53:33-07:00</time><course>258.8457</course><roll>-2.634102</roll><pitch>7.585826</pitch><mode /></trkpt><trkpt lat="35.1132888" lon="-118.4781021"><ele>1278.35</ele><time>2026-04-25T12:53:33-07:00</time><course>258.8509</course><roll>-2.595348</roll><pitch>7.583403</pitch><mode /></trkpt><trkpt lat="35.1132883" lon="-118.4780981"><ele>1279.06</ele><time>2026-04-25T12:53:33-07:00</time><course>258.8572</course><roll>-2.550959</roll><pitch>7.552511</pitch><mode /></trkpt><trkpt lat="35.1132921" lon="-118.4780968"><ele>1278.55</ele><time>2026-04-25T12:53:33-07:00</time><course>258.8854</course><roll>-2.54361</roll><pitch>7.566145</pitch><mode /></trkpt><trkpt lat="35.1132932" lon="-118.4780943"><ele>1278.69</ele><time>2026-04-25T12:53:33-07:00</time><course>258.9004</course><roll>-2.476261</roll><pitch>7.402966</pitch><mode /></trkpt><trkpt lat="35.1132954" lon="-118.478093"><ele>1278.59</ele><time>2026-04-25T12:53:34-07:00</time><course>258.9396</course><roll>-2.49713</roll><pitch>7.335233</pitch><mode /></trkpt><trkpt lat="35.1132997" lon="-118.4780916"><ele>1278.09</ele><time>2026-04-25T12:53:34-07:00</time><course>258.9283</course><roll>-2.432686</roll><pitch>7.336898</pitch><mode /></trkpt><trkpt lat="35.1133048" lon="-118.4780919"><ele>1277.29</ele><time>2026-04-25T12:53:34-07:00</time><course>259.0482</course><roll>-2.426316</roll><pitch>7.447757</pitch><mode /></trkpt><trkpt lat="35.1133128" lon="-118.4780854"><ele>1276.7</ele><time>2026-04-25T12:53:34-07:00</time><course>259.0736</course><roll>-2.30209</roll><pitch>7.476559</pitch><mode /></trkpt><trkpt lat="35.1133179" lon="-118.4780791"><ele>1276.7</ele><time>2026-04-25T12:53:34-07:00</time><course>259.1016</course><roll>-2.27918</roll><pitch>7.454476</pitch><mode /></trkpt><trkpt lat="35.1133212" lon="-118.4780705"><ele>1277.44</ele><time>2026-04-25T12:53:35-07:00</time><course>259.1162</course><roll>-2.277984</roll><pitch>7.430022</pitch><mode /></trkpt><trkpt lat="35.1133289" lon="-118.4780525"><ele>1278.37</ele><time>2026-04-25T12:53:35-07:00</time><course>259.1143</course><roll>-2.264461</roll><pitch>7.383084</pitch><mode /></trkpt><trkpt lat="35.1133348" lon="-118.4780378"><ele>1278.94</ele><time>2026-04-25T12:53:35-07:00</time><course>259.1328</course><roll>-2.255543</roll><pitch>7.406932</pitch><mode /></trkpt><trkpt lat="35.1133385" lon="-118.4780297"><ele>1279.13</ele><time>2026-04-25T12:53:35-07:00</time><course>259.2416</course><roll>-2.268367</roll><pitch>7.367229</pitch><mode /></trkpt><trkpt lat="35.1133412" lon="-118.4780253"><ele>1279.27</ele><time>2026-04-25T12:53:35-07:00</time><course>259.2923</course><roll>-2.16943</roll><pitch>7.270662</pitch><mode /></trkpt><trkpt lat="35.1133444" lon="-118.4780235"><ele>1278.8</ele><time>2026-04-25T12:53:36-07:00</time><course>259.7335</course><roll>-2.01978</roll><pitch>2.150394</pitch><mode /></trkpt><trkpt lat="35.1133453" lon="-118.4780217"><ele>1278.97</ele><time>2026-04-25T12:53:36-07:00</time><course>259.6899</course><roll>-2.583491</roll><pitch>-0.04802249</pitch><mode /></trkpt><trkpt lat="35.1133447" lon="-118.4780194"><ele>1279.46</ele><time>2026-04-25T12:53:36-07:00</time><course>259.36</course><roll>-1.239757</roll><pitch>-2.574319</pitch><mode /></trkpt><trkpt lat="35.1133459" lon="-118.4780184"><ele>1279.34</ele><time>2026-04-25T12:53:36-07:00</time><course>259.3994</course><roll>0.4244682</roll><pitch>-5.610962</pitch><mode /></trkpt><trkpt lat="35.1133483" lon="-118.4780171"><ele>1279.19</ele><time>2026-04-25T12:53:36-07:00</time><course>257.3745</course><roll>0.6996919</roll><pitch>-9.865844</pitch><mode /></trkpt><trkpt lat="35.1133509" lon="-118.4780149"><ele>1279.14</ele><time>2026-04-25T12:53:37-07:00</time><course>253.1691</course><roll>3.908105</roll><pitch>-9.675425</pitch><mode /></trkpt><trkpt lat="35.1133519" lon="-118.4780154"><ele>1279.18</ele><time>2026-04-25T12:53:37-07:00</time><course>250.4131</course><roll>12.35306</roll><pitch>-7.721542</pitch><mode /></trkpt><trkpt lat="35.1133518" lon="-118.4780176"><ele>1279.51</ele><time>2026-04-25T12:53:37-07:00</time><course>247.0222</course><roll>27.54516</roll><pitch>-5.315391</pitch><mode /></trkpt><trkpt lat="35.1133513" lon="-118.4780214"><ele>1280.4</ele><time>2026-04-25T12:53:37-07:00</time><course>248.257</course><roll>20.07631</roll><pitch>-5.14951</pitch><mode /></trkpt><trkpt lat="35.1133507" lon="-118.4780243"><ele>1281.75</ele><time>2026-04-25T12:53:37-07:00</time><course>252.2556</course><roll>16.6416</roll><pitch>-11.46288</pitch><mode /></trkpt><trkpt lat="35.1133523" lon="-118.4780278"><ele>1283.05</ele><time>2026-04-25T12:53:38-07:00</time><course>248.9262</course><roll>13.34852</roll><pitch>-12.60823</pitch><mode /></trkpt><trkpt lat="35.1133555" lon="-118.4780287"><ele>1284.09</ele><time>2026-04-25T12:53:38-07:00</time><course>252.1586</course><roll>17.04894</roll><pitch>-9.86329</pitch><mode /></trkpt><trkpt lat="35.1133567" lon="-118.4780297"><ele>1284.18</ele><time>2026-04-25T12:53:38-07:00</time><course>248.5017</course><roll>24.39882</roll><pitch>-9.316551</pitch><mode /></trkpt><trkpt lat="35.113354" lon="-118.4780065"><ele>1287.24</ele><time>2026-04-25T12:53:38-07:00</time><course>243.7957</course><roll>28.54858</roll><pitch>-8.575395</pitch><mode /></trkpt><trkpt lat="35.1133481" lon="-118.4779788"><ele>1290.86</ele><time>2026-04-25T12:53:38-07:00</time><course>230.2012</course><roll>33.99411</roll><pitch>-7.006482</pitch><mode /></trkpt><trkpt lat="35.1133444" lon="-118.4779484"><ele>1294.49</ele><time>2026-04-25T12:53:39-07:00</time><course>212.4924</course><roll>39.34497</roll><pitch>-6.723029</pitch><mode /></trkpt><trkpt lat="35.1133381" lon="-118.4779169"><ele>1298.21</ele><time>2026-04-25T12:53:39-07:00</time><course>204.2915</course><roll>48.38238</roll><pitch>-4.968496</pitch><mode /></trkpt><trkpt lat="35.1133503" lon="-118.4778943"><ele>1300.39</ele><time>2026-04-25T12:53:39-07:00</time><course>197.2164</course><roll>50.47525</roll><pitch>-4.514699</pitch><mode /></trkpt><trkpt lat="35.1133641" lon="-118.4778719"><ele>1303.05</ele><time>2026-04-25T12:53:39-07:00</time><course>189.4913</course><roll>53.24702</roll><pitch>-4.611239</pitch><mode /></trkpt><trkpt lat="35.1133775" lon="-118.4778702"><ele>1303.5</ele><time>2026-04-25T12:53:39-07:00</time><course>180.3086</course><roll>50.55194</roll><pitch>-5.394783</pitch><mode /></trkpt><trkpt lat="35.1133905" lon="-118.4778713"><ele>1304.13</ele><time>2026-04-25T12:53:40-07:00</time><course>167.5357</course><roll>53.35398</roll><pitch>-5.400673</pitch><mode /></trkpt><trkpt lat="35.1134015" lon="-118.4778731"><ele>1304.4</ele><time>2026-04-25T12:53:40-07:00</time><course>160.0699</course><roll>55.80157</roll><pitch>-8.523094</pitch><mode /></trkpt><trkpt lat="35.1134103" lon="-118.4778778"><ele>1304.77</ele><time>2026-04-25T12:53:40-07:00</time><course>152.7176</course><roll>54.27995</roll><pitch>-10.75019</pitch><mode /></trkpt><trkpt lat="35.113418" lon="-118.4778813"><ele>1305.48</ele><time>2026-04-25T12:53:40-07:00</time><course>153.5309</course><roll>49.38215</roll><pitch>-7.977399</pitch><mode /></trkpt><trkpt lat="35.1134208" lon="-118.4778828"><ele>1305.73</ele><time>2026-04-25T12:53:40-07:00</time><course>158.699</course><roll>42.98291</roll><pitch>-6.901179</pitch><mode /></trkpt><trkpt lat="35.1134221" lon="-118.4778849"><ele>1306.01</ele><time>2026-04-25T12:53:41-07:00</time><course>164.607</course><roll>44.6759</roll><pitch>-5.25703</pitch><mode /></trkpt><trkpt lat="35.1134266" lon="-118.4778906"><ele>1305.31</ele><time>2026-04-25T12:53:41-07:00</time><course>167.3809</course><roll>46.60273</roll><pitch>-0.3681385</pitch><mode /></trkpt><trkpt lat="35.1134296" lon="-118.4778985"><ele>1305.2</ele><time>2026-04-25T12:53:41-07:00</time><course>170.1842</course><roll>42.14471</roll><pitch>4.681489</pitch><mode /></trkpt><trkpt lat="35.1134327" lon="-118.4779022"><ele>1305.65</ele><time>2026-04-25T12:53:41-07:00</time><course>171.1747</course><roll>47.52873</roll><pitch>3.867381</pitch><mode /></trkpt><trkpt lat="35.1134342" lon="-118.4779074"><ele>1305.65</ele><time>2026-04-25T12:53:41-07:00</time><course>177.4441</course><roll>52.50163</roll><pitch>7.180564</pitch><mode /></trkpt><trkpt lat="35.1134348" lon="-118.4779144"><ele>1305.87</ele><time>2026-04-25T12:53:42-07:00</time><course>189.1561</course><roll>55.58662</roll><pitch>7.048567</pitch><mode /></trkpt><trkpt lat="35.1134357" lon="-118.4779221"><ele>1306.15</ele><time>2026-04-25T12:53:42-07:00</time><course>198.3861</course><roll>65.05894</roll><pitch>3.74841</pitch><mode /></trkpt><trkpt lat="35.1134366" lon="-118.4779314"><ele>1306.35</ele><time>2026-04-25T12:53:42-07:00</time><course>207.6419</course><roll>65.40378</roll><pitch>1.568007</pitch><mode /></trkpt><trkpt lat="35.1134367" lon="-118.477942"><ele>1306.45</ele><time>2026-04-25T12:53:42-07:00</time><course>208.6329</course><roll>57.12543</roll><pitch>0.1811832</pitch><mode /></trkpt><trkpt lat="35.1134365" lon="-118.4779539"><ele>1306.56</ele><time>2026-04-25T12:53:42-07:00</time><course>206.6453</course><roll>57.19943</roll><pitch>2.687457</pitch><mode /></trkpt><trkpt lat="35.1134373" lon="-118.477967"><ele>1306.76</ele><time>2026-04-25T12:53:43-07:00</time><course>213.3372</course><roll>59.21431</roll><pitch>6.236158</pitch><mode /></trkpt><trkpt lat="35.1134351" lon="-118.4779789"><ele>1306.77</ele><time>2026-04-25T12:53:43-07:00</time><course>218.5318</course><roll>57.74889</roll><pitch>3.865328</pitch><mode /></trkpt><trkpt lat="35.1134334" lon="-118.4779903"><ele>1306.64</ele><time>2026-04-25T12:53:43-07:00</time><course>221.7899</course><roll>50.52281</roll><pitch>4.452256</pitch><mode /></trkpt><trkpt lat="35.1134379" lon="-118.4780068"><ele>1304.47</ele><time>2026-04-25T12:53:43-07:00</time><course>215.8158</course><roll>47.08774</roll><pitch>3.779399</pitch><mode /></trkpt><trkpt lat="35.1134457" lon="-118.4780205"><ele>1302.24</ele><time>2026-04-25T12:53:43-07:00</time><course>209.1737</course><roll>47.21605</roll><pitch>2.761706</pitch><mode /></trkpt><trkpt lat="35.1134461" lon="-118.478022"><ele>1301.95</ele><time>2026-04-25T12:53:44-07:00</time><course>212.8054</course><roll>50.62437</roll><pitch>4.185634</pitch><mode /></trkpt><trkpt lat="35.1134463" lon="-118.4780259"><ele>1301.59</ele><time>2026-04-25T12:53:44-07:00</time><course>222.9285</course><roll>59.21897</roll><pitch>-1.802412</pitch><mode /></trkpt><trkpt lat="35.1134474" lon="-118.4780264"><ele>1301.54</ele><time>2026-04-25T12:53:44-07:00</time><course>223.3071</course><roll>48.67276</roll><pitch>-1.829324</pitch><mode /></trkpt><trkpt lat="35.113447" lon="-118.4780268"><ele>1300.95</ele><time>2026-04-25T12:53:44-07:00</time><course>216.0806</course><roll>49.42965</roll><pitch>-4.008566</pitch><mode /></trkpt><trkpt lat="35.1134456" lon="-118.4780288"><ele>1300.17</ele><time>2026-04-25T12:53:45-07:00</time><course>214.5798</course><roll>53.32945</roll><pitch>-0.7309536</pitch><mode /></trkpt><trkpt lat="35.1134426" lon="-118.4780301"><ele>1299.19</ele><time>2026-04-25T12:53:45-07:00</time><course>219.7136</course><roll>52.47311</roll><pitch>1.887007</pitch><mode /></trkpt><trkpt lat="35.1134378" lon="-118.478034"><ele>1297.88</ele><time>2026-04-25T12:53:45-07:00</time><course>220.4205</course><roll>52.36969</roll><pitch>-2.007308</pitch><mode /></trkpt><trkpt lat="35.1134353" lon="-118.4780364"><ele>1297.06</ele><time>2026-04-25T12:53:45-07:00</time><course>218.2396</course><roll>48.1236</roll><pitch>-3.44532</pitch><mode /></trkpt><trkpt lat="35.1134346" lon="-118.4780362"><ele>1296.15</ele><time>2026-04-25T12:53:45-07:00</time><course>213.0657</course><roll>50.81923</roll><pitch>-6.140907</pitch><mode /></trkpt><trkpt lat="35.1134328" lon="-118.4780372"><ele>1294.78</ele><time>2026-04-25T12:53:46-07:00</time><course>210.7461</course><roll>47.22001</roll><pitch>-3.25739</pitch><mode /></trkpt><trkpt lat="35.1134313" lon="-118.4780384"><ele>1293.74</ele><time>2026-04-25T12:53:46-07:00</time><course>212.7149</course><roll>41.32153</roll><pitch>-1.31951</pitch><mode /></trkpt><trkpt lat="35.1134301" lon="-118.478041"><ele>1292.05</ele><time>2026-04-25T12:53:46-07:00</time><course>212.3428</course><roll>51.58039</roll><pitch>-3.849758</pitch><mode /></trkpt><trkpt lat="35.11343" lon="-118.4780432"><ele>1290.61</ele><time>2026-04-25T12:53:46-07:00</time><course>212.9507</course><roll>63.89731</roll><pitch>-10.44409</pitch><mode /></trkpt><trkpt lat="35.1134293" lon="-118.4780439"><ele>1289.71</ele><time>2026-04-25T12:53:46-07:00</time><course>213.0451</course><roll>51.51628</roll><pitch>-9.906262</pitch><mode /></trkpt><trkpt lat="35.1134273" lon="-118.4780444"><ele>1288.74</ele><time>2026-04-25T12:53:47-07:00</time><course>205.2909</course><roll>45.48382</roll><pitch>-13.03938</pitch><mode /></trkpt><trkpt lat="35.1134249" lon="-118.4780453"><ele>1288.14</ele><time>2026-04-25T12:53:47-07:00</time><course>201.9527</course><roll>51.56761</roll><pitch>-9.818954</pitch><mode /></trkpt><trkpt lat="35.1134222" lon="-118.4780457"><ele>1287.89</ele><time>2026-04-25T12:53:47-07:00</time><course>203.6257</course><roll>48.86866</roll><pitch>-8.143216</pitch><mode /></trkpt><trkpt lat="35.113419" lon="-118.4780464"><ele>1287.23</ele><time>2026-04-25T12:53:47-07:00</time><course>203.184</course><roll>47.29447</roll><pitch>-13.3288</pitch><mode /></trkpt><trkpt lat="35.1134171" lon="-118.4780479"><ele>1286.39</ele><time>2026-04-25T12:53:47-07:00</time><course>202.6654</course><roll>48.41824</roll><pitch>-13.70477</pitch><mode /></trkpt><trkpt lat="35.1134154" lon="-118.4780497"><ele>1285.43</ele><time>2026-04-25T12:53:48-07:00</time><course>197.5175</course><roll>49.74782</roll><pitch>-16.40093</pitch><mode /></trkpt><trkpt lat="35.1134132" lon="-118.4780493"><ele>1284.77</ele><time>2026-04-25T12:53:48-07:00</time><course>197.2209</course><roll>49.76857</roll><pitch>-16.09096</pitch><mode /></trkpt><trkpt lat="35.113412" lon="-118.4780507"><ele>1284.04</ele><time>2026-04-25T12:53:48-07:00</time><course>199.8991</course><roll>47.02125</roll><pitch>-16.70946</pitch><mode /></trkpt><trkpt lat="35.1134095" lon="-118.4780528"><ele>1282.77</ele><time>2026-04-25T12:53:48-07:00</time><course>201.1671</course><roll>43.99009</roll><pitch>-19.21387</pitch><mode /></trkpt><trkpt lat="35.1134084" lon="-118.4780546"><ele>1281.61</ele><time>2026-04-25T12:53:48-07:00</time><course>201.7115</course><roll>46.63106</roll><pitch>-18.37691</pitch><mode /></trkpt><trkpt lat="35.1134076" lon="-118.4780554"><ele>1280.87</ele><time>2026-04-25T12:53:49-07:00</time><course>193.4734</course><roll>46.32414</roll><pitch>-19.05402</pitch><mode /></trkpt><trkpt lat="35.1134107" lon="-118.4780566"><ele>1280.93</ele><time>2026-04-25T12:53:49-07:00</time><course>189.506</course><roll>47.77434</roll><pitch>-18.33851</pitch><mode /></trkpt><trkpt lat="35.1134102" lon="-118.4780548"><ele>1280.9</ele><time>2026-04-25T12:53:49-07:00</time><course>193.739</course><roll>40.53184</roll><pitch>-15.44483</pitch><mode /></trkpt><trkpt lat="35.1134067" lon="-118.4780521"><ele>1280.66</ele><time>2026-04-25T12:53:49-07:00</time><course>195.8425</course><roll>42.76698</roll><pitch>-14.20217</pitch><mode /></trkpt><trkpt lat="35.1134037" lon="-118.4780499"><ele>1280.54</ele><time>2026-04-25T12:53:49-07:00</time><course>199.6995</course><roll>46.09974</roll><pitch>-14.94728</pitch><mode /></trkpt><trkpt lat="35.1134059" lon="-118.4780509"><ele>1280.84</ele><time>2026-04-25T12:53:50-07:00</time><course>199.5822</course><roll>46.37895</roll><pitch>-11.90061</pitch><mode /></trkpt><trkpt lat="35.1134082" lon="-118.4780525"><ele>1281.02</ele><time>2026-04-25T12:53:50-07:00</time><course>193.992</course><roll>55.29877</roll><pitch>-14.23525</pitch><mode /></trkpt><trkpt lat="35.1134103" lon="-118.478054"><ele>1280.94</ele><time>2026-04-25T12:53:50-07:00</time><course>199.9542</course><roll>53.31828</roll><pitch>-11.09227</pitch><mode /></trkpt><trkpt lat="35.1134138" lon="-118.478053"><ele>1281.04</ele><time>2026-04-25T12:53:50-07:00</time><course>206.0558</course><roll>40.72672</roll><pitch>-9.685182</pitch><mode /></trkpt><trkpt lat="35.1134174" lon="-118.478052"><ele>1281.09</ele><time>2026-04-25T12:53:50-07:00</time><course>207.3107</course><roll>43.6688</roll><pitch>-12.40807</pitch><mode /></trkpt><trkpt lat="35.1134197" lon="-118.4780518"><ele>1281.05</ele><time>2026-04-25T12:53:51-07:00</time><course>207.7594</course><roll>42.10521</roll><pitch>-7.38665</pitch><mode /></trkpt><trkpt lat="35.1134225" lon="-118.4780515"><ele>1281.11</ele><time>2026-04-25T12:53:51-07:00</time><course>202.1854</course><roll>41.58568</roll><pitch>-12.39376</pitch><mode /></trkpt><trkpt lat="35.113425" lon="-118.4780527"><ele>1281.02</ele><time>2026-04-25T12:53:51-07:00</time><course>199.093</course><roll>45.02917</roll><pitch>-12.00846</pitch><mode /></trkpt><trkpt lat="35.1134268" lon="-118.4780515"><ele>1281.38</ele><time>2026-04-25T12:53:51-07:00</time><course>199.5692</course><roll>41.09343</roll><pitch>-12.44652</pitch><mode /></trkpt><trkpt lat="35.1134284" lon="-118.4780504"><ele>1281.55</ele><time>2026-04-25T12:53:51-07:00</time><course>198.0336</course><roll>45.83211</roll><pitch>-17.32977</pitch><mode /></trkpt><trkpt lat="35.1134343" lon="-118.478049"><ele>1281.65</ele><time>2026-04-25T12:53:52-07:00</time><course>194.1085</course><roll>43.47511</roll><pitch>-17.35246</pitch><mode /></trkpt><trkpt lat="35.1134365" lon="-118.4780502"><ele>1281.92</ele><time>2026-04-25T12:53:52-07:00</time><course>187.7556</course><roll>44.00093</roll><pitch>-17.31359</pitch><mode /></trkpt><trkpt lat="35.113439" lon="-118.4780518"><ele>1281.77</ele><time>2026-04-25T12:53:52-07:00</time><course>190.7379</course><roll>37.57336</roll><pitch>-15.13685</pitch><mode /></trkpt><trkpt lat="35.1134404" lon="-118.4780515"><ele>1282.07</ele><time>2026-04-25T12:53:52-07:00</time><course>196.8095</course><roll>46.105</roll><pitch>-18.60709</pitch><mode /></trkpt><trkpt lat="35.1134419" lon="-118.4780521"><ele>1282.2</ele><time>2026-04-25T12:53:53-07:00</time><course>201.6649</course><roll>49.53298</roll><pitch>-20.61902</pitch><mode /></trkpt><trkpt lat="35.113445" lon="-118.4780527"><ele>1282.57</ele><time>2026-04-25T12:53:53-07:00</time><course>198.9367</course><roll>44.00179</roll><pitch>-19.54752</pitch><mode /></trkpt><trkpt lat="35.11345" lon="-118.4780529"><ele>1282.75</ele><time>2026-04-25T12:53:53-07:00</time><course>190.6337</course><roll>45.28155</roll><pitch>-21.05464</pitch><mode /></trkpt><trkpt lat="35.1134539" lon="-118.4780525"><ele>1283.44</ele><time>2026-04-25T12:53:53-07:00</time><course>193.3779</course><roll>45.90254</roll><pitch>-18.17685</pitch><mode /></trkpt><trkpt lat="35.1134576" lon="-118.4780512"><ele>1284.49</ele><time>2026-04-25T12:53:53-07:00</time><course>200.2299</course><roll>39.51366</roll><pitch>-21.48502</pitch><mode /></trkpt><trkpt lat="35.1134606" lon="-118.4780503"><ele>1284.93</ele><time>2026-04-25T12:53:54-07:00</time><course>205.7994</course><roll>41.59996</roll><pitch>-23.91063</pitch><mode /></trkpt><trkpt lat="35.1134607" lon="-118.4780498"><ele>1285.42</ele><time>2026-04-25T12:53:54-07:00</time><course>205.0965</course><roll>37.90979</roll><pitch>-20.02598</pitch><mode /></trkpt><trkpt lat="35.1134609" lon="-118.47805"><ele>1286.03</ele><time>2026-04-25T12:53:54-07:00</time><course>194.8346</course><roll>43.03419</roll><pitch>-22.61523</pitch><mode /></trkpt><trkpt lat="35.1134648" lon="-118.4780514"><ele>1286.24</ele><time>2026-04-25T12:53:54-07:00</time><course>191.7645</course><roll>56.78902</roll><pitch>-18.92195</pitch><mode /></trkpt><trkpt lat="35.1134688" lon="-118.4780516"><ele>1286.33</ele><time>2026-04-25T12:53:54-07:00</time><course>196.9157</course><roll>46.84504</roll><pitch>-18.58252</pitch><mode /></trkpt><trkpt lat="35.1134713" lon="-118.478051"><ele>1286.68</ele><time>2026-04-25T12:53:55-07:00</time><course>197.2608</course><roll>43.0722</roll><pitch>-23.24014</pitch><mode /></trkpt><trkpt lat="35.1134725" lon="-118.4780507"><ele>1286.92</ele><time>2026-04-25T12:53:55-07:00</time><course>197.8605</course><roll>43.2601</roll><pitch>-21.93858</pitch><mode /></trkpt><trkpt lat="35.1134742" lon="-118.4780505"><ele>1286.91</ele><time>2026-04-25T12:53:55-07:00</time><course>193.9152</course><roll>44.90726</roll><pitch>-24.07463</pitch><mode /></trkpt><trkpt lat="35.1134765" lon="-118.4780497"><ele>1287.09</ele><time>2026-04-25T12:53:55-07:00</time><course>192.7545</course><roll>45.5919</roll><pitch>-25.16086</pitch><mode /></trkpt><trkpt lat="35.1134773" lon="-118.4780478"><ele>1287.34</ele><time>2026-04-25T12:53:55-07:00</time><course>197.9954</course><roll>44.84339</roll><pitch>-23.37889</pitch><mode /></trkpt><trkpt lat="35.1134789" lon="-118.4780471"><ele>1287.44</ele><time>2026-04-25T12:53:56-07:00</time><course>202.261</course><roll>44.91016</roll><pitch>-24.21246</pitch><mode /></trkpt><trkpt lat="35.1134793" lon="-118.4780466"><ele>1287.92</ele><time>2026-04-25T12:53:56-07:00</time><course>205.2587</course><roll>39.3406</roll><pitch>-23.45052</pitch><mode /></trkpt><trkpt lat="35.1134803" lon="-118.4780462"><ele>1288.07</ele><time>2026-04-25T12:53:56-07:00</time><course>202.5607</course><roll>38.3917</roll><pitch>-20.93406</pitch><mode /></trkpt><trkpt lat="35.1134802" lon="-118.478045"><ele>1288.47</ele><time>2026-04-25T12:53:56-07:00</time><course>198.8052</course><roll>38.75573</roll><pitch>-17.5927</pitch><mode /></trkpt><trkpt lat="35.1134803" lon="-118.4780438"><ele>1288.8</ele><time>2026-04-25T12:53:56-07:00</time><course>202.6345</course><roll>33.79997</roll><pitch>-12.08775</pitch><mode /></trkpt><trkpt lat="35.1134809" lon="-118.4780437"><ele>1288.91</ele><time>2026-04-25T12:53:57-07:00</time><course>203.6615</course><roll>36.72041</roll><pitch>-12.87132</pitch><mode /></trkpt><trkpt lat="35.1134816" lon="-118.4780439"><ele>1289</ele><time>2026-04-25T12:53:57-07:00</time><course>204.1256</course><roll>40.87428</roll><pitch>-18.11351</pitch><mode /></trkpt><trkpt lat="35.113484" lon="-118.4780425"><ele>1288.99</ele><time>2026-04-25T12:53:57-07:00</time><course>203.3145</course><roll>39.84695</roll><pitch>-16.11509</pitch><mode /></trkpt><trkpt lat="35.1134868" lon="-118.4780414"><ele>1289.12</ele><time>2026-04-25T12:53:57-07:00</time><course>198.5757</course><roll>37.70639</roll><pitch>-16.79446</pitch><mode /></trkpt><trkpt lat="35.1134896" lon="-118.4780405"><ele>1289.19</ele><time>2026-04-25T12:53:57-07:00</time><course>195.0707</course><roll>35.45885</roll><pitch>-16.34276</pitch><mode /></trkpt><trkpt lat="35.1134921" lon="-118.47804"><ele>1289.12</ele><time>2026-04-25T12:53:58-07:00</time><course>195.5376</course><roll>35.95429</roll><pitch>-14.47331</pitch><mode /></trkpt><trkpt lat="35.1134946" lon="-118.4780391"><ele>1289.21</ele><time>2026-04-25T12:53:58-07:00</time><course>197.6987</course><roll>44.12943</roll><pitch>-15.69896</pitch><mode /></trkpt><trkpt lat="35.1134969" lon="-118.4780378"><ele>1289.34</ele><time>2026-04-25T12:53:58-07:00</time><course>202.2306</course><roll>43.4029</roll><pitch>-15.66741</pitch><mode /></trkpt><trkpt lat="35.1134999" lon="-118.4780363"><ele>1289.45</ele><time>2026-04-25T12:53:58-07:00</time><course>201.006</course><roll>41.56132</roll><pitch>-13.96942</pitch><mode /></trkpt><trkpt lat="35.1135027" lon="-118.4780347"><ele>1289.73</ele><time>2026-04-25T12:53:58-07:00</time><course>195.903</course><roll>38.5332</roll><pitch>-11.99792</pitch><mode /></trkpt><trkpt lat="35.1135048" lon="-118.4780333"><ele>1289.79</ele><time>2026-04-25T12:53:59-07:00</time><course>197.2626</course><roll>39.63965</roll><pitch>-10.51484</pitch><mode /></trkpt><trkpt lat="35.1135061" lon="-118.4780327"><ele>1289.73</ele><time>2026-04-25T12:53:59-07:00</time><course>195.7176</course><roll>44.47245</roll><pitch>-13.00361</pitch><mode /></trkpt><trkpt lat="35.1135066" lon="-118.4780339"><ele>1289.83</ele><time>2026-04-25T12:53:59-07:00</time><course>197.6848</course><roll>42.46532</roll><pitch>-15.67625</pitch><mode /></trkpt><trkpt lat="35.1135072" lon="-118.4780345"><ele>1290.04</ele><time>2026-04-25T12:53:59-07:00</time><course>197.736</course><roll>36.81402</roll><pitch>-13.74084</pitch><mode /></trkpt><trkpt lat="35.1135064" lon="-118.478034"><ele>1290.3</ele><time>2026-04-25T12:53:59-07:00</time><course>195.7542</course><roll>40.18737</roll><pitch>-18.23762</pitch><mode /></trkpt><trkpt lat="35.1135069" lon="-118.4780326"><ele>1290.64</ele><time>2026-04-25T12:54:00-07:00</time><course>202.1783</course><roll>37.85361</roll><pitch>-16.1944</pitch><mode /></trkpt><trkpt lat="35.1135066" lon="-118.4780317"><ele>1290.62</ele><time>2026-04-25T12:54:00-07:00</time><course>203.1803</course><roll>37.84165</roll><pitch>-19.50691</pitch><mode /></trkpt><trkpt lat="35.1135076" lon="-118.4780291"><ele>1290.38</ele><time>2026-04-25T12:54:00-07:00</time><course>194.2491</course><roll>37.78662</roll><pitch>-19.33681</pitch><mode /></trkpt><trkpt lat="35.1135119" lon="-118.4780277"><ele>1290.03</ele><time>2026-04-25T12:54:01-07:00</time><course>196.1961</course><roll>38.42195</roll><pitch>-16.76433</pitch><mode /></trkpt><trkpt lat="35.1135132" lon="-118.4780254"><ele>1289.81</ele><time>2026-04-25T12:54:01-07:00</time><course>200.7841</course><roll>41.71644</roll><pitch>-21.02183</pitch><mode /></trkpt><trkpt lat="35.1135147" lon="-118.4780234"><ele>1289.59</ele><time>2026-04-25T12:54:01-07:00</time><course>205.8701</course><roll>36.26292</roll><pitch>-21.98035</pitch><mode /></trkpt><trkpt lat="35.1135162" lon="-118.4780221"><ele>1289.74</ele><time>2026-04-25T12:54:01-07:00</time><course>201.3465</course><roll>36.62205</roll><pitch>-17.63441</pitch><mode /></trkpt><trkpt lat="35.113518" lon="-118.4780231"><ele>1290.69</ele><time>2026-04-25T12:54:02-07:00</time><course>189.4358</course><roll>38.13699</roll><pitch>-11.76516</pitch><mode /></trkpt><trkpt lat="35.1135183" lon="-118.4780239"><ele>1291.09</ele><time>2026-04-25T12:54:02-07:00</time><course>191.1558</course><roll>35.34382</roll><pitch>-13.25239</pitch><mode /></trkpt><trkpt lat="35.1135175" lon="-118.4780252"><ele>1291.29</ele><time>2026-04-25T12:54:02-07:00</time><course>193.0558</course><roll>38.05947</roll><pitch>-18.3522</pitch><mode /></trkpt><trkpt lat="35.1135163" lon="-118.4780262"><ele>1291.72</ele><time>2026-04-25T12:54:02-07:00</time><course>190.5153</course><roll>41.36893</roll><pitch>-18.49911</pitch><mode /></trkpt><trkpt lat="35.1135161" lon="-118.4780269"><ele>1292.36</ele><time>2026-04-25T12:54:03-07:00</time><course>183.7621</course><roll>46.81519</roll><pitch>-18.07405</pitch><mode /></trkpt><trkpt lat="35.1135155" lon="-118.4780276"><ele>1293.05</ele><time>2026-04-25T12:54:03-07:00</time><course>182.5579</course><roll>44.72663</roll><pitch>-17.45403</pitch><mode /></trkpt><trkpt lat="35.1135129" lon="-118.478029"><ele>1294.14</ele><time>2026-04-25T12:54:03-07:00</time><course>183.693</course><roll>40.29571</roll><pitch>-19.16194</pitch><mode /></trkpt><trkpt lat="35.1135106" lon="-118.4780309"><ele>1295.12</ele><time>2026-04-25T12:54:03-07:00</time><course>188.6146</course><roll>41.94913</roll><pitch>-20.86502</pitch><mode /></trkpt><trkpt lat="35.1135054" lon="-118.4780338"><ele>1296.55</ele><time>2026-04-25T12:54:03-07:00</time><course>194.8165</course><roll>42.82102</roll><pitch>-20.47943</pitch><mode /></trkpt><trkpt lat="35.1135046" lon="-118.478034"><ele>1297.07</ele><time>2026-04-25T12:54:04-07:00</time><course>191.2651</course><roll>41.07869</roll><pitch>-15.83273</pitch><mode /></trkpt><trkpt lat="35.1135043" lon="-118.4780349"><ele>1297.58</ele><time>2026-04-25T12:54:04-07:00</time><course>186.2063</course><roll>37.949</roll><pitch>-16.4822</pitch><mode /></trkpt><trkpt lat="35.1135039" lon="-118.4780362"><ele>1297.97</ele><time>2026-04-25T12:54:04-07:00</time><course>187.1239</course><roll>38.3097</roll><pitch>-16.72853</pitch><mode /></trkpt><trkpt lat="35.1135028" lon="-118.4780367"><ele>1298.32</ele><time>2026-04-25T12:54:04-07:00</time><course>188.209</course><roll>41.57844</roll><pitch>-17.94527</pitch><mode /></trkpt><trkpt lat="35.113503" lon="-118.4780364"><ele>1299.02</ele><time>2026-04-25T12:54:04-07:00</time><course>189.6032</course><roll>43.64334</roll><pitch>-16.81878</pitch><mode /></trkpt><trkpt lat="35.1135017" lon="-118.4780346"><ele>1299.14</ele><time>2026-04-25T12:54:05-07:00</time><course>185.8575</course><roll>41.65861</roll><pitch>-16.59494</pitch><mode /></trkpt><trkpt lat="35.1134996" lon="-118.4780336"><ele>1299.62</ele><time>2026-04-25T12:54:05-07:00</time><course>179.2615</course><roll>41.63859</roll><pitch>-17.50455</pitch><mode /></trkpt><trkpt lat="35.1134975" lon="-118.4780331"><ele>1300.66</ele><time>2026-04-25T12:54:05-07:00</time><course>177.4938</course><roll>38.37542</roll><pitch>-16.20473</pitch><mode /></trkpt><trkpt lat="35.1134978" lon="-118.4780326"><ele>1301</ele><time>2026-04-25T12:54:05-07:00</time><course>178.7691</course><roll>37.92523</roll><pitch>-17.74475</pitch><mode /></trkpt><trkpt lat="35.1135" lon="-118.4780327"><ele>1301.09</ele><time>2026-04-25T12:54:06-07:00</time><course>174.9778</course><roll>39.89663</roll><pitch>-15.56252</pitch><mode /></trkpt><trkpt lat="35.1135019" lon="-118.4780335"><ele>1301.44</ele><time>2026-04-25T12:54:06-07:00</time><course>172.905</course><roll>41.85832</roll><pitch>-19.92491</pitch><mode /></trkpt><trkpt lat="35.1135045" lon="-118.4780345"><ele>1301.32</ele><time>2026-04-25T12:54:06-07:00</time><course>166.9154</course><roll>41.33646</roll><pitch>-21.96814</pitch><mode /></trkpt><trkpt lat="35.1135063" lon="-118.4780359"><ele>1301.38</ele><time>2026-04-25T12:54:06-07:00</time><course>163.6518</course><roll>41.61942</roll><pitch>-17.9243</pitch><mode /></trkpt><trkpt lat="35.1135084" lon="-118.478037"><ele>1301.46</ele><time>2026-04-25T12:54:06-07:00</time><course>166.0982</course><roll>46.25257</roll><pitch>-12.5086</pitch><mode /></trkpt><trkpt lat="35.1135118" lon="-118.4780377"><ele>1301.42</ele><time>2026-04-25T12:54:07-07:00</time><course>172.0271</course><roll>42.14243</roll><pitch>-10.64572</pitch><mode /></trkpt><trkpt lat="35.1135146" lon="-118.4780384"><ele>1301.15</ele><time>2026-04-25T12:54:07-07:00</time><course>170.9369</course><roll>43.69105</roll><pitch>-6.010907</pitch><mode /></trkpt><trkpt lat="35.1135179" lon="-118.4780387"><ele>1300.94</ele><time>2026-04-25T12:54:07-07:00</time><course>167.7228</course><roll>47.5499</roll><pitch>-1.935967</pitch><mode /></trkpt><trkpt lat="35.1135197" lon="-118.4780389"><ele>1300.71</ele><time>2026-04-25T12:54:07-07:00</time><course>169.5341</course><roll>47.59197</roll><pitch>4.348823</pitch><mode /></trkpt><trkpt lat="35.1135214" lon="-118.4780397"><ele>1300.48</ele><time>2026-04-25T12:54:07-07:00</time><course>169.8506</course><roll>40.72163</roll><pitch>9.262284</pitch><mode /></trkpt><trkpt lat="35.1135226" lon="-118.4780415"><ele>1300.35</ele><time>2026-04-25T12:54:08-07:00</time><course>173.0044</course><roll>35.8151</roll><pitch>9.294238</pitch><mode /></trkpt><trkpt lat="35.1135241" lon="-118.47804"><ele>1300.16</ele><time>2026-04-25T12:54:08-07:00</time><course>172.5629</course><roll>34.29251</roll><pitch>9.856216</pitch><mode /></trkpt><trkpt lat="35.113525" lon="-118.4780375"><ele>1300.05</ele><time>2026-04-25T12:54:08-07:00</time><course>171.8146</course><roll>37.85006</roll><pitch>10.29777</pitch><mode /></trkpt><trkpt lat="35.113526" lon="-118.478038"><ele>1299.97</ele><time>2026-04-25T12:54:08-07:00</time><course>172.4175</course><roll>40.05271</roll><pitch>11.6375</pitch><mode /></trkpt><trkpt lat="35.11353" lon="-118.4780396"><ele>1299.99</ele><time>2026-04-25T12:54:08-07:00</time><course>173.6886</course><roll>39.68272</roll><pitch>14.10673</pitch><mode /></trkpt><trkpt lat="35.1135333" lon="-118.478041"><ele>1300.04</ele><time>2026-04-25T12:54:09-07:00</time><course>174.5266</course><roll>35.54145</roll><pitch>15.72469</pitch><mode /></trkpt><trkpt lat="35.1135344" lon="-118.4780398"><ele>1298.91</ele><time>2026-04-25T12:54:10-07:00</time><course>190.5694</course><roll>45.35131</roll><pitch>22.37086</pitch><mode /></trkpt><trkpt lat="35.113538" lon="-118.4780516"><ele>1297.58</ele><time>2026-04-25T12:54:10-07:00</time><course>194.9072</course><roll>44.80328</roll><pitch>23.86104</pitch><mode /></trkpt><trkpt lat="35.1135438" lon="-118.4780599"><ele>1296.66</ele><time>2026-04-25T12:54:10-07:00</time><course>201.2749</course><roll>46.24201</roll><pitch>24.55919</pitch><mode /></trkpt><trkpt lat="35.1135487" lon="-118.4780676"><ele>1295.84</ele><time>2026-04-25T12:54:10-07:00</time><course>201.2962</course><roll>42.9884</roll><pitch>24.13277</pitch><mode /></trkpt><trkpt lat="35.1135537" lon="-118.4780707"><ele>1295.52</ele><time>2026-04-25T12:54:11-07:00</time><course>198.9194</course><roll>37.16984</roll><pitch>18.53135</pitch><mode /></trkpt><trkpt lat="35.1135584" lon="-118.4780738"><ele>1295.57</ele><time>2026-04-25T12:54:11-07:00</time><course>196.1361</course><roll>32.24684</roll><pitch>14.03593</pitch><mode /></trkpt><trkpt lat="35.1135646" lon="-118.4780773"><ele>1295.31</ele><time>2026-04-25T12:54:11-07:00</time><course>192.3897</course><roll>26.65841</roll><pitch>8.038167</pitch><mode /></trkpt><trkpt lat="35.1135717" lon="-118.478078"><ele>1295.13</ele><time>2026-04-25T12:54:11-07:00</time><course>189.9621</course><roll>21.08606</roll><pitch>1.406353</pitch><mode /></trkpt><trkpt lat="35.1135787" lon="-118.4780785"><ele>1295</ele><time>2026-04-25T12:54:11-07:00</time><course>189.0863</course><roll>15.25535</roll><pitch>-2.997829</pitch><mode /></trkpt><trkpt lat="35.1135844" lon="-118.4780784"><ele>1294.86</ele><time>2026-04-25T12:54:12-07:00</time><course>186.8059</course><roll>9.229602</roll><pitch>-0.3887583</pitch><mode /></trkpt><trkpt lat="35.1135915" lon="-118.4780846"><ele>1294.41</ele><time>2026-04-25T12:54:12-07:00</time><course>188.2613</course><roll>0.9314281</roll><pitch>-2.45353</pitch><mode /></trkpt><trkpt lat="35.1135961" lon="-118.4780872"><ele>1293.94</ele><time>2026-04-25T12:54:12-07:00</time><course>189.3809</course><roll>1.389667</roll><pitch>-4.73205</pitch><mode /></trkpt><trkpt lat="35.1135976" lon="-118.4780899"><ele>1294.21</ele><time>2026-04-25T12:54:12-07:00</time><course>189.269</course><roll>1.357132</roll><pitch>-3.326045</pitch><mode /></trkpt><trkpt lat="35.1135965" lon="-118.4780934"><ele>1294.84</ele><time>2026-04-25T12:54:12-07:00</time><course>189.3344</course><roll>1.107834</roll><pitch>-0.4884392</pitch><mode /></trkpt><trkpt lat="35.1135934" lon="-118.4780941"><ele>1295.3</ele><time>2026-04-25T12:54:13-07:00</time><course>189.3741</course><roll>0.9779378</roll><pitch>-0.1812023</pitch><mode /></trkpt><trkpt lat="35.113594" lon="-118.4780812"><ele>1296.17</ele><time>2026-04-25T12:54:13-07:00</time><course>189.4007</course><roll>0.8772921</roll><pitch>-1.264296</pitch><mode /></trkpt><trkpt lat="35.1135966" lon="-118.4780669"><ele>1300.37</ele><time>2026-04-25T12:54:13-07:00</time><course>189.4546</course><roll>0.8034264</roll><pitch>-2.286226</pitch><mode /></trkpt><trkpt lat="35.1135985" lon="-118.4780543"><ele>1301.9</ele><time>2026-04-25T12:54:13-07:00</time><course>189.5527</course><roll>0.8758426</roll><pitch>-1.479754</pitch><mode /></trkpt><trkpt lat="35.1136013" lon="-118.4780377"><ele>1305.83</ele><time>2026-04-25T12:54:13-07:00</time><course>189.6571</course><roll>1.074073</roll><pitch>-0.07851689</pitch><mode /></trkpt><trkpt lat="35.113604" lon="-118.4780218"><ele>1308.76</ele><time>2026-04-25T12:54:14-07:00</time><course>189.7514</course><roll>1.01101</roll><pitch>-0.797858</pitch><mode /></trkpt><trkpt lat="35.113608" lon="-118.4780077"><ele>1311.6</ele><time>2026-04-25T12:54:14-07:00</time><course>189.8064</course><roll>0.9581198</roll><pitch>-2.458601</pitch><mode /></trkpt><trkpt lat="35.1136126" lon="-118.4779931"><ele>1314.32</ele><time>2026-04-25T12:54:14-07:00</time><course>189.9009</course><roll>0.9621338</roll><pitch>-3.666334</pitch><mode /></trkpt><trkpt lat="35.113619" lon="-118.4779748"><ele>1318.17</ele><time>2026-04-25T12:54:14-07:00</time><course>190.013</course><roll>0.9872758</roll><pitch>-4.09404</pitch><mode /></trkpt><trkpt lat="35.1136265" lon="-118.4779571"><ele>1321.7</ele><time>2026-04-25T12:54:14-07:00</time><course>190.1478</course><roll>1.032135</roll><pitch>-3.778991</pitch><mode /></trkpt><trkpt lat="35.113633" lon="-118.477941"><ele>1325</ele><time>2026-04-25T12:54:15-07:00</time><course>190.2851</course><roll>1.098108</roll><pitch>-4.14194</pitch><mode /></trkpt><trkpt lat="35.1136393" lon="-118.4779234"><ele>1328.69</ele><time>2026-04-25T12:54:15-07:00</time><course>190.3655</course><roll>1.168092</roll><pitch>-3.561732</pitch><mode /></trkpt><trkpt lat="35.1136362" lon="-118.4779297"><ele>1327.32</ele><time>2026-04-25T12:54:15-07:00</time><course>190.4977</course><roll>1.337909</roll><pitch>-3.241092</pitch><mode /></trkpt><trkpt lat="35.1136335" lon="-118.4779354"><ele>1326.52</ele><time>2026-04-25T12:54:15-07:00</time><course>190.6384</course><roll>1.322544</roll><pitch>-3.988206</pitch><mode /></trkpt><trkpt lat="35.1136309" lon="-118.4779406"><ele>1325.72</ele><time>2026-04-25T12:54:15-07:00</time><course>190.7645</course><roll>1.394088</roll><pitch>-5.019798</pitch><mode /></trkpt><trkpt lat="35.1136281" lon="-118.4779459"><ele>1324.9</ele><time>2026-04-25T12:54:16-07:00</time><course>190.895</course><roll>1.410801</roll><pitch>-4.890214</pitch><mode /></trkpt><trkpt lat="35.113627" lon="-118.477947"><ele>1324.73</ele><time>2026-04-25T12:54:16-07:00</time><course>190.9905</course><roll>1.493001</roll><pitch>-4.7485</pitch><mode /></trkpt><trkpt lat="35.1136255" lon="-118.4779477"><ele>1324.49</ele><time>2026-04-25T12:54:16-07:00</time><course>191.0921</course><roll>1.565933</roll><pitch>-4.489833</pitch><mode /></trkpt><trkpt lat="35.1136238" lon="-118.4779484"><ele>1324.24</ele><time>2026-04-25T12:54:16-07:00</time><course>191.255</course><roll>1.692633</roll><pitch>-4.442715</pitch><mode /></trkpt><trkpt lat="35.1136197" lon="-118.4779563"><ele>1322.95</ele><time>2026-04-25T12:54:16-07:00</time><course>191.3607</course><roll>1.625288</roll><pitch>-5.644874</pitch><mode /></trkpt><trkpt lat="35.1136171" lon="-118.4779635"><ele>1321.73</ele><time>2026-04-25T12:54:17-07:00</time><course>191.4707</course><roll>1.698952</roll><pitch>-3.81077</pitch><mode /></trkpt><trkpt lat="35.1136145" lon="-118.4779697"><ele>1320.65</ele><time>2026-04-25T12:54:17-07:00</time><course>191.5621</course><roll>2.085206</roll><pitch>-1.201984</pitch><mode /></trkpt><trkpt lat="35.1136118" lon="-118.477977"><ele>1319.39</ele><time>2026-04-25T12:54:17-07:00</time><course>191.5715</course><roll>1.720771</roll><pitch>-3.827472</pitch><mode /></trkpt><trkpt lat="35.1136115" lon="-118.477982"><ele>1318.35</ele><time>2026-04-25T12:54:17-07:00</time><course>191.5537</course><roll>2.249279</roll><pitch>-5.49286</pitch><mode /></trkpt><trkpt lat="35.1136104" lon="-118.4779865"><ele>1317.53</ele><time>2026-04-25T12:54:17-07:00</time><course>191.5891</course><roll>2.184435</roll><pitch>-5.570547</pitch><mode /></trkpt><trkpt lat="35.113609" lon="-118.4779909"><ele>1316.49</ele><time>2026-04-25T12:54:18-07:00</time><course>191.6326</course><roll>2.220415</roll><pitch>-5.650026</pitch><mode /></trkpt><trkpt lat="35.1136079" lon="-118.4779951"><ele>1315.43</ele><time>2026-04-25T12:54:18-07:00</time><course>191.6613</course><roll>2.103986</roll><pitch>-5.650474</pitch><mode /></trkpt><trkpt lat="35.1136072" lon="-118.4779987"><ele>1314.4</ele><time>2026-04-25T12:54:18-07:00</time><course>191.6772</course><roll>2.008612</roll><pitch>-5.531198</pitch><mode /></trkpt><trkpt lat="35.1136061" lon="-118.4780016"><ele>1313.44</ele><time>2026-04-25T12:54:18-07:00</time><course>191.7083</course><roll>1.953105</roll><pitch>-5.452023</pitch><mode /></trkpt><trkpt lat="35.113606" lon="-118.4780027"><ele>1312.91</ele><time>2026-04-25T12:54:18-07:00</time><course>191.7248</course><roll>1.987427</roll><pitch>-5.335269</pitch><mode /></trkpt></trkseg></trk><wpt lat="35.1135821" lon="-118.4780774"><name>0</name></wpt><wpt lat="35.113583" lon="-118.4780764"><name>1</name></wpt><wpt lat="35.1135854" lon="-118.4780746"><name>2</name></wpt><wpt lat="35.1135884" lon="-118.478071"><name>3</name></wpt><wpt lat="35.1135885" lon="-118.4780708"><name>4</name></wpt><wpt lat="35.113588" lon="-118.4780705"><name>5</name></wpt><wpt lat="35.1135884" lon="-118.4780699"><name>6</name></wpt><wpt lat="35.1135892" lon="-118.4780696"><name>7</name></wpt><wpt lat="35.1135895" lon="-118.4780695"><name>8</name></wpt><wpt lat="35.1135944" lon="-118.4780636"><name>9</name></wpt><wpt lat="35.1135947" lon="-118.4780637"><name>10</name></wpt><wpt lat="35.1135984" lon="-118.4780634"><name>11</name></wpt><wpt lat="35.1135992" lon="-118.4780636"><name>12</name></wpt><wpt lat="35.1135997" lon="-118.4780634"><name>13</name></wpt><wpt lat="35.1135998" lon="-118.4780654"><name>14</name></wpt><wpt lat="35.113599" lon="-118.4780677"><name>15</name></wpt><wpt lat="35.1135999" lon="-118.4780675"><name>16</name></wpt><wpt lat="35.1136026" lon="-118.4780641"><name>17</name></wpt><wpt lat="35.1136039" lon="-118.478063"><name>18</name></wpt><wpt lat="35.113607" lon="-118.4780577"><name>19</name></wpt><wpt lat="35.1136103" lon="-118.4780533"><name>20</name></wpt><wpt lat="35.1136123" lon="-118.4780534"><name>21</name></wpt><wpt lat="35.1136135" lon="-118.4780531"><name>22</name></wpt><wpt lat="35.1136169" lon="-118.4780476"><name>23</name></wpt><wpt lat="35.1136173" lon="-118.478047"><name>24</name></wpt><wpt lat="35.1136169" lon="-118.4780463"><name>25</name></wpt><wpt lat="35.1136172" lon="-118.4780449"><name>26</name></wpt><wpt lat="35.1136173" lon="-118.4780442"><name>27</name></wpt><wpt lat="35.1136172" lon="-118.4780429"><name>28</name></wpt><wpt lat="35.1136177" lon="-118.4780417"><name>29</name></wpt><wpt lat="35.1136189" lon="-118.4780399"><name>30</name></wpt><wpt lat="35.1136194" lon="-118.4780382"><name>31</name></wpt><wpt lat="35.1136197" lon="-118.4780385"><name>32</name></wpt><wpt lat="35.1136223" lon="-118.4780348"><name>33</name></wpt><wpt lat="35.1136229" lon="-118.4780325"><name>34</name></wpt><wpt lat="35.1136238" lon="-118.4780304"><name>35</name></wpt><wpt lat="35.1136256" lon="-118.47803"><name>36</name></wpt><wpt lat="35.1136259" lon="-118.4780296"><name>37</name></wpt><wpt lat="35.1136277" lon="-118.4780255"><name>38</name></wpt><wpt lat="35.1136289" lon="-118.4780221"><name>39</name></wpt><wpt lat="35.1136297" lon="-118.478021"><name>40</name></wpt><wpt lat="35.1136305" lon="-118.4780192"><name>41</name></wpt><wpt lat="35.1136318" lon="-118.4780167"><name>42</name></wpt><wpt lat="35.1136337" lon="-118.4780137"><name>43</name></wpt><wpt lat="35.1136338" lon="-118.4780118"><name>44</name></wpt><wpt lat="35.1136329" lon="-118.4780121"><name>45</name></wpt><wpt lat="35.1136326" lon="-118.4780118"><name>46</name></wpt><wpt lat="35.1136324" lon="-118.4780109"><name>47</name></wpt><wpt lat="35.1136311" lon="-118.4780113"><name>48</name></wpt><wpt lat="35.1136305" lon="-118.4780115"><name>49</name></wpt><wpt lat="35.1136307" lon="-118.4780112"><name>50</name></wpt><wpt lat="35.1136309" lon="-118.4780105"><name>51</name></wpt><wpt lat="35.1136306" lon="-118.47801"><name>52</name></wpt><wpt lat="35.1136299" lon="-118.4780106"><name>53</name></wpt><wpt lat="35.1136288" lon="-118.4780111"><name>54</name></wpt><wpt lat="35.1136285" lon="-118.4780128"><name>55</name></wpt><wpt lat="35.113629" lon="-118.4780138"><name>56</name></wpt><wpt lat="35.1136297" lon="-118.478013"><name>57</name></wpt><wpt lat="35.1136306" lon="-118.4780129"><name>58</name></wpt><wpt lat="35.1136308" lon="-118.4780136"><name>59</name></wpt><wpt lat="35.1136312" lon="-118.4780129"><name>60</name></wpt><wpt lat="35.1136315" lon="-118.4780118"><name>61</name></wpt><wpt lat="35.1136311" lon="-118.478011"><name>62</name></wpt><wpt lat="35.113631" lon="-118.4780093"><name>63</name></wpt><wpt lat="35.1136308" lon="-118.4780085"><name>64</name></wpt><wpt lat="35.11363" lon="-118.478008"><name>65</name></wpt><wpt lat="35.1136296" lon="-118.4780077"><name>66</name></wpt><wpt lat="35.1136295" lon="-118.4780076"><name>67</name></wpt><wpt lat="35.11363" lon="-118.4780067"><name>68</name></wpt><wpt lat="35.1136302" lon="-118.4780059"><name>69</name></wpt><wpt lat="35.1136306" lon="-118.478004"><name>70</name></wpt><wpt lat="35.1136308" lon="-118.4780017"><name>71</name></wpt><wpt lat="35.113631" lon="-118.4780009"><name>72</name></wpt><wpt lat="35.1136305" lon="-118.4780009"><name>73</name></wpt><wpt lat="35.1136286" lon="-118.4780007"><name>74</name></wpt><wpt lat="35.1136279" lon="-118.4780003"><name>75</name></wpt><wpt lat="35.1136277" lon="-118.4779984"><name>76</name></wpt><wpt lat="35.1136268" lon="-118.4779976"><name>77</name></wpt><wpt lat="35.1136261" lon="-118.4779974"><name>78</name></wpt><wpt lat="35.1136256" lon="-118.4779962"><name>79</name></wpt><wpt lat="35.1136251" lon="-118.4779957"><name>80</name></wpt><wpt lat="35.1136247" lon="-118.4779958"><name>81</name></wpt><wpt lat="35.1136234" lon="-118.477996"><name>82</name></wpt><wpt lat="35.1136228" lon="-118.4779962"><name>83</name></wpt><wpt lat="35.1136223" lon="-118.4779965"><name>84</name></wpt><wpt lat="35.1136222" lon="-118.4779967"><name>85</name></wpt><wpt lat="35.1136225" lon="-118.4779972"><name>86</name></wpt><wpt lat="35.1136223" lon="-118.4779982"><name>87</name></wpt><wpt lat="35.1136216" lon="-118.477999"><name>88</name></wpt><wpt lat="35.1136219" lon="-118.4779991"><name>89</name></wpt><wpt lat="35.1136216" lon="-118.4779986"><name>90</name></wpt><wpt lat="35.1136219" lon="-118.4779987"><name>91</name></wpt><wpt lat="35.1136223" lon="-118.4779982"><name>92</name></wpt><wpt lat="35.1136224" lon="-118.477998"><name>93</name></wpt><wpt lat="35.113623" lon="-118.4779973"><name>94</name></wpt><wpt lat="35.1136232" lon="-118.4779969"><name>95</name></wpt><wpt lat="35.1136231" lon="-118.4779966"><name>96</name></wpt><wpt lat="35.1136232" lon="-118.477996"><name>97</name></wpt><wpt lat="35.1136229" lon="-118.4779942"><name>98</name></wpt><wpt lat="35.1136228" lon="-118.4779931"><name>99</name></wpt><wpt lat="35.1136225" lon="-118.4779929"><name>100</name></wpt><wpt lat="35.1136221" lon="-118.4779921"><name>101</name></wpt><wpt lat="35.1136214" lon="-118.477991"><name>102</name></wpt><wpt lat="35.113621" lon="-118.4779909"><name>103</name></wpt><wpt lat="35.1136205" lon="-118.4779906"><name>104</name></wpt><wpt lat="35.1136202" lon="-118.4779905"><name>105</name></wpt><wpt lat="35.113619" lon="-118.4779904"><name>106</name></wpt><wpt lat="35.1136189" lon="-118.4779903"><name>107</name></wpt><wpt lat="35.1136183" lon="-118.4779898"><name>108</name></wpt><wpt lat="35.1136185" lon="-118.4779892"><name>109</name></wpt><wpt lat="35.1136182" lon="-118.4779888"><name>110</name></wpt><wpt lat="35.113618" lon="-118.4779892"><name>111</name></wpt><wpt lat="35.1136183" lon="-118.4779887"><name>112</name></wpt><wpt lat="35.1136188" lon="-118.4779873"><name>113</name></wpt><wpt lat="35.1136195" lon="-118.4779872"><name>114</name></wpt><wpt lat="35.1136199" lon="-118.4779877"><name>115</name></wpt><wpt lat="35.1136201" lon="-118.4779881"><name>116</name></wpt><wpt lat="35.1136202" lon="-118.4779882"><name>117</name></wpt><wpt lat="35.1136213" lon="-118.4779875"><name>118</name></wpt><wpt lat="35.1136216" lon="-118.4779865"><name>119</name></wpt><wpt lat="35.1136209" lon="-118.4779859"><name>120</name></wpt><wpt lat="35.1136205" lon="-118.4779853"><name>121</name></wpt><wpt lat="35.113621" lon="-118.4779846"><name>122</name></wpt><wpt lat="35.1136214" lon="-118.4779844"><name>123</name></wpt><wpt lat="35.1136222" lon="-118.4779843"><name>124</name></wpt><wpt lat="35.1136233" lon="-118.4779841"><name>125</name></wpt><wpt lat="35.1136231" lon="-118.4779846"><name>126</name></wpt><wpt lat="35.1136235" lon="-118.4779842"><name>127</name></wpt><wpt lat="35.1136238" lon="-118.477983"><name>128</name></wpt><wpt lat="35.1136237" lon="-118.4779825"><name>129</name></wpt><wpt lat="35.1136233" lon="-118.4779832"><name>130</name></wpt><wpt lat="35.1136234" lon="-118.4779843"><name>131</name></wpt><wpt lat="35.113623" lon="-118.4779842"><name>132</name></wpt><wpt lat="35.1136222" lon="-118.477984"><name>133</name></wpt><wpt lat="35.1136217" lon="-118.4779848"><name>134</name></wpt><wpt lat="35.1136216" lon="-118.4779856"><name>135</name></wpt><wpt lat="35.1136218" lon="-118.4779858"><name>136</name></wpt><wpt lat="35.1136222" lon="-118.4779847"><name>137</name></wpt><wpt lat="35.1136215" lon="-118.4779848"><name>138</name></wpt><wpt lat="35.1136209" lon="-118.4779858"><name>139</name></wpt><wpt lat="35.1136204" lon="-118.4779864"><name>140</name></wpt><wpt lat="35.1136199" lon="-118.4779874"><name>141</name></wpt><wpt lat="35.1136196" lon="-118.4779881"><name>142</name></wpt><wpt lat="35.1136179" lon="-118.477989"><name>143</name></wpt><wpt lat="35.1136166" lon="-118.4779901"><name>144</name></wpt><wpt lat="35.1136164" lon="-118.4779905"><name>145</name></wpt><wpt lat="35.1136091" lon="-118.4779944"><name>146</name></wpt><wpt lat="35.1136083" lon="-118.4779957"><name>147</name></wpt><wpt lat="35.1136081" lon="-118.4779961"><name>148</name></wpt><wpt lat="35.1136082" lon="-118.4779975"><name>149</name></wpt><wpt lat="35.1136083" lon="-118.4780012"><name>150</name></wpt><wpt lat="35.1136093" lon="-118.4780025"><name>151</name></wpt><wpt lat="35.1136086" lon="-118.4780024"><name>152</name></wpt><wpt lat="35.1136083" lon="-118.4780022"><name>153</name></wpt><wpt lat="35.1136087" lon="-118.4780023"><name>154</name></wpt><wpt lat="35.1136091" lon="-118.478003"><name>155</name></wpt><wpt lat="35.1136092" lon="-118.4780033"><name>156</name></wpt><wpt lat="35.113609" lon="-118.4780036"><name>157</name></wpt><wpt lat="35.1136083" lon="-118.4780046"><name>158</name></wpt><wpt lat="35.1136079" lon="-118.4780044"><name>159</name></wpt><wpt lat="35.1136071" lon="-118.478007"><name>160</name></wpt><wpt lat="35.1136081" lon="-118.4780085"><name>161</name></wpt><wpt lat="35.1136076" lon="-118.478011"><name>162</name></wpt><wpt lat="35.1136083" lon="-118.4780113"><name>163</name></wpt><wpt lat="35.1136087" lon="-118.4780109"><name>164</name></wpt><wpt lat="35.1136089" lon="-118.4780107"><name>165</name></wpt><wpt lat="35.1136088" lon="-118.4780121"><name>166</name></wpt><wpt lat="35.1136086" lon="-118.4780135"><name>167</name></wpt><wpt lat="35.113609" lon="-118.478014"><name>168</name></wpt><wpt lat="35.1136099" lon="-118.4780145"><name>169</name></wpt><wpt lat="35.1136102" lon="-118.4780148"><name>170</name></wpt><wpt lat="35.1136103" lon="-118.4780149"><name>171</name></wpt><wpt lat="35.1136097" lon="-118.4780158"><name>172</name></wpt><wpt lat="35.1136093" lon="-118.4780171"><name>173</name></wpt><wpt lat="35.1136097" lon="-118.4780169"><name>174</name></wpt><wpt lat="35.1136096" lon="-118.4780165"><name>175</name></wpt><wpt lat="35.1136099" lon="-118.4780159"><name>176</name></wpt><wpt lat="35.1136095" lon="-118.4780152"><name>177</name></wpt><wpt lat="35.1136088" lon="-118.4780159"><name>178</name></wpt><wpt lat="35.1136081" lon="-118.4780156"><name>179</name></wpt><wpt lat="35.1136078" lon="-118.4780158"><name>180</name></wpt><wpt lat="35.1136072" lon="-118.4780168"><name>181</name></wpt><wpt lat="35.1136071" lon="-118.4780166"><name>182</name></wpt><wpt lat="35.1136068" lon="-118.4780184"><name>183</name></wpt><wpt lat="35.1136064" lon="-118.4780191"><name>184</name></wpt><wpt lat="35.1136051" lon="-118.478021"><name>185</name></wpt><wpt lat="35.1136047" lon="-118.4780223"><name>186</name></wpt><wpt lat="35.1136039" lon="-118.4780241"><name>187</name></wpt><wpt lat="35.1136034" lon="-118.4780252"><name>188</name></wpt><wpt lat="35.1136033" lon="-118.4780269"><name>189</name></wpt><wpt lat="35.1136021" lon="-118.478028"><name>190</name></wpt><wpt lat="35.1136014" lon="-118.4780285"><name>191</name></wpt><wpt lat="35.1136013" lon="-118.47803"><name>192</name></wpt><wpt lat="35.1136014" lon="-118.4780307"><name>193</name></wpt><wpt lat="35.1136006" lon="-118.4780315"><name>194</name></wpt><wpt lat="35.1136009" lon="-118.478031"><name>195</name></wpt><wpt lat="35.1136013" lon="-118.4780296"><name>196</name></wpt><wpt lat="35.1136014" lon="-118.4780304"><name>197</name></wpt><wpt lat="35.1136012" lon="-118.4780309"><name>198</name></wpt><wpt lat="35.1136015" lon="-118.4780312"><name>199</name></wpt><wpt lat="35.1136016" lon="-118.4780323"><name>200</name></wpt><wpt lat="35.1136026" lon="-118.4780322"><name>201</name></wpt><wpt lat="35.1136027" lon="-118.4780333"><name>202</name></wpt><wpt lat="35.1136028" lon="-118.4780342"><name>203</name></wpt><wpt lat="35.1136023" lon="-118.4780349"><name>204</name></wpt><wpt lat="35.1136029" lon="-118.4780339"><name>205</name></wpt><wpt lat="35.1136019" lon="-118.4780359"><name>206</name></wpt><wpt lat="35.1136009" lon="-118.4780371"><name>207</name></wpt><wpt lat="35.1135997" lon="-118.4780386"><name>208</name></wpt><wpt lat="35.1135993" lon="-118.4780407"><name>209</name></wpt><wpt lat="35.1135967" lon="-118.4780448"><name>210</name></wpt><wpt lat="35.1135965" lon="-118.4780459"><name>211</name></wpt><wpt lat="35.1135955" lon="-118.4780501"><name>212</name></wpt><wpt lat="35.1135936" lon="-118.4780543"><name>213</name></wpt><wpt lat="35.1135926" lon="-118.478058"><name>214</name></wpt><wpt lat="35.1135899" lon="-118.4780633"><name>215</name></wpt><wpt lat="35.1135889" lon="-118.4780643"><name>216</name></wpt><wpt lat="35.1135865" lon="-118.4780673"><name>217</name></wpt><wpt lat="35.1135848" lon="-118.4780698"><name>218</name></wpt><wpt lat="35.1135832" lon="-118.4780735"><name>219</name></wpt><wpt lat="35.1135827" lon="-118.4780751"><name>220</name></wpt><wpt lat="35.1135831" lon="-118.4780738"><name>221</name></wpt><wpt lat="35.1135834" lon="-118.4780753"><name>222</name></wpt><wpt lat="35.1135837" lon="-118.4780748"><name>223</name></wpt><wpt lat="35.1135816" lon="-118.478078"><name>224</name></wpt><wpt lat="35.1135814" lon="-118.4780781"><name>225</name></wpt><wpt lat="35.1135815" lon="-118.4780771"><name>226</name></wpt><wpt lat="35.1135825" lon="-118.4780757"><name>227</name></wpt><wpt lat="35.1135827" lon="-118.4780754"><name>228</name></wpt><wpt lat="35.1135819" lon="-118.4780773"><name>229</name></wpt><wpt lat="35.1135826" lon="-118.4780766"><name>230</name></wpt><wpt lat="35.1135842" lon="-118.4780726"><name>231</name></wpt><wpt lat="35.1135849" lon="-118.4780711"><name>232</name></wpt><wpt lat="35.1135852" lon="-118.4780687"><name>233</name></wpt><wpt lat="35.1135865" lon="-118.4780674"><name>234</name></wpt><wpt lat="35.1135866" lon="-118.4780665"><name>235</name></wpt><wpt lat="35.1135869" lon="-118.4780654"><name>236</name></wpt><wpt lat="35.1135871" lon="-118.4780656"><name>237</name></wpt><wpt lat="35.1135873" lon="-118.478064"><name>238</name></wpt><wpt lat="35.1135877" lon="-118.478063"><name>239</name></wpt><wpt lat="35.1135871" lon="-118.4780633"><name>240</name></wpt><wpt lat="35.1135859" lon="-118.478064"><name>241</name></wpt><wpt lat="35.1135849" lon="-118.4780651"><name>242</name></wpt><wpt lat="35.1135845" lon="-118.4780659"><name>243</name></wpt><wpt lat="35.1135838" lon="-118.4780673"><name>244</name></wpt><wpt lat="35.1135842" lon="-118.4780656"><name>245</name></wpt><wpt lat="35.1135843" lon="-118.4780661"><name>246</name></wpt><wpt lat="35.1135848" lon="-118.4780663"><name>247</name></wpt><wpt lat="35.113585" lon="-118.4780669"><name>248</name></wpt><wpt lat="35.1135853" lon="-118.4780674"><name>249</name></wpt><wpt lat="35.1135851" lon="-118.4780672"><name>250</name></wpt><wpt lat="35.1135848" lon="-118.478067"><name>251</name></wpt><wpt lat="35.113585" lon="-118.4780656"><name>252</name></wpt><wpt lat="35.1135845" lon="-118.478068"><name>253</name></wpt><wpt lat="35.1135852" lon="-118.478067"><name>254</name></wpt><wpt lat="35.113586" lon="-118.4780657"><name>255</name></wpt><wpt lat="35.1135868" lon="-118.4780637"><name>256</name></wpt><wpt lat="35.1135877" lon="-118.4780636"><name>257</name></wpt><wpt lat="35.113588" lon="-118.478063"><name>258</name></wpt><wpt lat="35.1135882" lon="-118.4780618"><name>259</name></wpt><wpt lat="35.113589" lon="-118.4780581"><name>260</name></wpt><wpt lat="35.1135905" lon="-118.4780549"><name>261</name></wpt><wpt lat="35.1135914" lon="-118.4780521"><name>262</name></wpt><wpt lat="35.1135915" lon="-118.4780507"><name>263</name></wpt><wpt lat="35.1135914" lon="-118.4780504"><name>264</name></wpt><wpt lat="35.1135911" lon="-118.478051"><name>265</name></wpt><wpt lat="35.1135926" lon="-118.4780482"><name>266</name></wpt><wpt lat="35.113594" lon="-118.4780455"><name>267</name></wpt><wpt lat="35.1135938" lon="-118.4780452"><name>268</name></wpt><wpt lat="35.1135929" lon="-118.4780461"><name>269</name></wpt><wpt lat="35.1135933" lon="-118.4780449"><name>270</name></wpt><wpt lat="35.1135942" lon="-118.478043"><name>271</name></wpt><wpt lat="35.1135945" lon="-118.4780414"><name>272</name></wpt><wpt lat="35.1135942" lon="-118.4780399"><name>273</name></wpt><wpt lat="35.1135934" lon="-118.4780398"><name>274</name></wpt><wpt lat="35.113593" lon="-118.4780401"><name>275</name></wpt><wpt lat="35.1135922" lon="-118.4780411"><name>276</name></wpt><wpt lat="35.1135923" lon="-118.4780408"><name>277</name></wpt><wpt lat="35.1135927" lon="-118.4780403"><name>278</name></wpt><wpt lat="35.1135937" lon="-118.4780386"><name>279</name></wpt><wpt lat="35.1135947" lon="-118.4780378"><name>280</name></wpt><wpt lat="35.1135959" lon="-118.4780368"><name>281</name></wpt><wpt lat="35.1135967" lon="-118.4780362"><name>282</name></wpt><wpt lat="35.1135973" lon="-118.4780355"><name>283</name></wpt><wpt lat="35.1135984" lon="-118.4780347"><name>284</name></wpt><wpt lat="35.1135993" lon="-118.4780338"><name>285</name></wpt><wpt lat="35.1135997" lon="-118.4780326"><name>286</name></wpt><wpt lat="35.1136003" lon="-118.4780323"><name>287</name></wpt><wpt lat="35.1136013" lon="-118.4780312"><name>288</name></wpt><wpt lat="35.11331" lon="-118.4780959"><name>289</name></wpt><wpt lat="35.1133091" lon="-118.4780957"><name>290</name></wpt><wpt lat="35.113309" lon="-118.4780949"><name>291</name></wpt><wpt lat="35.1133085" lon="-118.4780951"><name>292</name></wpt><wpt lat="35.1133081" lon="-118.4780932"><name>293</name></wpt><wpt lat="35.1133088" lon="-118.4780922"><name>294</name></wpt><wpt lat="35.1133089" lon="-118.4780913"><name>295</name></wpt><wpt lat="35.113311" lon="-118.4780902"><name>296</name></wpt><wpt lat="35.1133109" lon="-118.4780894"><name>297</name></wpt><wpt lat="35.1133107" lon="-118.4780886"><name>298</name></wpt><wpt lat="35.1133101" lon="-118.4780875"><name>299</name></wpt><wpt lat="35.113309" lon="-118.4780879"><name>300</name></wpt><wpt lat="35.1133088" lon="-118.4780886"><name>301</name></wpt><wpt lat="35.1133083" lon="-118.478088"><name>302</name></wpt><wpt lat="35.1133086" lon="-118.4780882"><name>303</name></wpt><wpt lat="35.1133103" lon="-118.478088"><name>304</name></wpt><wpt lat="35.1133101" lon="-118.4780871"><name>305</name></wpt><wpt lat="35.1133102" lon="-118.4780866"><name>306</name></wpt><wpt lat="35.1133108" lon="-118.4780875"><name>307</name></wpt><wpt lat="35.1133115" lon="-118.4780889"><name>308</name></wpt><wpt lat="35.1133129" lon="-118.47809"><name>309</name></wpt><wpt lat="35.1133143" lon="-118.4780909"><name>310</name></wpt><wpt lat="35.1133147" lon="-118.4780919"><name>311</name></wpt><wpt lat="35.1133146" lon="-118.4780929"><name>312</name></wpt><wpt lat="35.1133145" lon="-118.4780935"><name>313</name></wpt><wpt lat="35.1133144" lon="-118.4780939"><name>314</name></wpt><wpt lat="35.1133147" lon="-118.4780941"><name>315</name></wpt><wpt lat="35.1133145" lon="-118.4780937"><name>316</name></wpt><wpt lat="35.1133144" lon="-118.4780942"><name>317</name></wpt><wpt lat="35.1133142" lon="-118.4780947"><name>318</name></wpt><wpt lat="35.1133144" lon="-118.4780949"><name>319</name></wpt><wpt lat="35.1133148" lon="-118.4780951"><name>320</name></wpt><wpt lat="35.1133154" lon="-118.4780949"><name>321</name></wpt><wpt lat="35.113316" lon="-118.4780943"><name>322</name></wpt><wpt lat="35.1133176" lon="-118.4780951"><name>323</name></wpt><wpt lat="35.1133188" lon="-118.4780963"><name>324</name></wpt><wpt lat="35.1133193" lon="-118.4780959"><name>325</name></wpt><wpt lat="35.1133196" lon="-118.4780957"><name>326</name></wpt><wpt lat="35.1133195" lon="-118.4780962"><name>327</name></wpt><wpt lat="35.1133182" lon="-118.4780978"><name>328</name></wpt><wpt lat="35.1133165" lon="-118.4781001"><name>329</name></wpt><wpt lat="35.1133124" lon="-118.478103"><name>330</name></wpt><wpt lat="35.1133052" lon="-118.478108"><name>331</name></wpt><wpt lat="35.1132948" lon="-118.4781175"><name>332</name></wpt><wpt lat="35.1132832" lon="-118.4781275"><name>333</name></wpt><wpt lat="35.1132723" lon="-118.4781397"><name>334</name></wpt><wpt lat="35.1132616" lon="-118.4781531"><name>335</name></wpt><wpt lat="35.1132533" lon="-118.4781682"><name>336</name></wpt><wpt lat="35.1132437" lon="-118.4781825"><name>337</name></wpt><wpt lat="35.1132343" lon="-118.4781963"><name>338</name></wpt><wpt lat="35.113225" lon="-118.4782114"><name>339</name></wpt><wpt lat="35.1132155" lon="-118.4782281"><name>340</name></wpt><wpt lat="35.1132072" lon="-118.4782436"><name>341</name></wpt><wpt lat="35.1131991" lon="-118.4782593"><name>342</name></wpt><wpt lat="35.1131917" lon="-118.4782744"><name>343</name></wpt><wpt lat="35.1131853" lon="-118.4782867"><name>344</name></wpt><wpt lat="35.1131791" lon="-118.4782973"><name>345</name></wpt><wpt lat="35.1131721" lon="-118.4783081"><name>346</name></wpt><wpt lat="35.1131663" lon="-118.4783202"><name>347</name></wpt><wpt lat="35.1131607" lon="-118.4783328"><name>348</name></wpt><wpt lat="35.1131544" lon="-118.4783448"><name>349</name></wpt><wpt lat="35.1131469" lon="-118.4783565"><name>350</name></wpt><wpt lat="35.1131383" lon="-118.4783668"><name>351</name></wpt><wpt lat="35.1131293" lon="-118.4783783"><name>352</name></wpt><wpt lat="35.1131199" lon="-118.4783903"><name>353</name></wpt><wpt lat="35.1131097" lon="-118.4784017"><name>354</name></wpt><wpt lat="35.1130987" lon="-118.4784133"><name>355</name></wpt><wpt lat="35.1130875" lon="-118.4784233"><name>356</name></wpt><wpt lat="35.1130759" lon="-118.4784318"><name>357</name></wpt><wpt lat="35.1130652" lon="-118.4784422"><name>358</name></wpt><wpt lat="35.1130551" lon="-118.4784526"><name>359</name></wpt><wpt lat="35.1130453" lon="-118.4784647"><name>360</name></wpt><wpt lat="35.1130352" lon="-118.4784767"><name>361</name></wpt><wpt lat="35.1130251" lon="-118.478484"><name>362</name></wpt><wpt lat="35.1130159" lon="-118.4784958"><name>363</name></wpt><wpt lat="35.1130064" lon="-118.4785084"><name>364</name></wpt><wpt lat="35.1129972" lon="-118.4785225"><name>365</name></wpt><wpt lat="35.1129879" lon="-118.4785354"><name>366</name></wpt><wpt lat="35.1129785" lon="-118.4785484"><name>367</name></wpt><wpt lat="35.1129688" lon="-118.4785591"><name>368</name></wpt><wpt lat="35.1129594" lon="-118.4785683"><name>369</name></wpt><wpt lat="35.1129507" lon="-118.4785762"><name>370</name></wpt><wpt lat="35.1129421" lon="-118.4785834"><name>371</name></wpt><wpt lat="35.112933" lon="-118.4785896"><name>372</name></wpt><wpt lat="35.1129225" lon="-118.4785943"><name>373</name></wpt><wpt lat="35.1129109" lon="-118.4785987"><name>374</name></wpt><wpt lat="35.1128983" lon="-118.4786016"><name>375</name></wpt><wpt lat="35.1128836" lon="-118.478602"><name>376</name></wpt><wpt lat="35.1128666" lon="-118.4786004"><name>377</name></wpt><wpt lat="35.112847" lon="-118.4785945"><name>378</name></wpt><wpt lat="35.1128258" lon="-118.4785828"><name>379</name></wpt><wpt lat="35.1128041" lon="-118.4785653"><name>380</name></wpt><wpt lat="35.1127825" lon="-118.4785423"><name>381</name></wpt><wpt lat="35.1127613" lon="-118.4785161"><name>382</name></wpt><wpt lat="35.1127393" lon="-118.4784879"><name>383</name></wpt><wpt lat="35.1127175" lon="-118.4784578"><name>384</name></wpt><wpt lat="35.1126966" lon="-118.4784253"><name>385</name></wpt><wpt lat="35.1126764" lon="-118.4783896"><name>386</name></wpt><wpt lat="35.1126589" lon="-118.47835"><name>387</name></wpt><wpt lat="35.1126432" lon="-118.4783072"><name>388</name></wpt><wpt lat="35.1126281" lon="-118.4782636"><name>389</name></wpt><wpt lat="35.1126133" lon="-118.4782207"><name>390</name></wpt><wpt lat="35.1125998" lon="-118.4781766"><name>391</name></wpt><wpt lat="35.1125915" lon="-118.478129"><name>392</name></wpt><wpt lat="35.1125874" lon="-118.4780796"><name>393</name></wpt><wpt lat="35.1125857" lon="-118.4780301"><name>394</name></wpt><wpt lat="35.112585" lon="-118.4779808"><name>395</name></wpt><wpt lat="35.1125842" lon="-118.4779313"><name>396</name></wpt><wpt lat="35.1125836" lon="-118.4778817"><name>397</name></wpt><wpt lat="35.1125826" lon="-118.4778309"><name>398</name></wpt><wpt lat="35.1125809" lon="-118.477781"><name>399</name></wpt><wpt lat="35.1125783" lon="-118.4777335"><name>400</name></wpt><wpt lat="35.1125756" lon="-118.4776875"><name>401</name></wpt><wpt lat="35.1125733" lon="-118.4776423"><name>402</name></wpt><wpt lat="35.112571" lon="-118.4775967"><name>403</name></wpt><wpt lat="35.112569" lon="-118.4775507"><name>404</name></wpt><wpt lat="35.1125679" lon="-118.4775044"><name>405</name></wpt><wpt lat="35.1125681" lon="-118.4774574"><name>406</name></wpt><wpt lat="35.1125711" lon="-118.4774101"><name>407</name></wpt><wpt lat="35.1125781" lon="-118.4773636"><name>408</name></wpt><wpt lat="35.1125893" lon="-118.4773181"><name>409</name></wpt><wpt lat="35.1126033" lon="-118.4772737"><name>410</name></wpt><wpt lat="35.1126194" lon="-118.4772311"><name>411</name></wpt><wpt lat="35.1126387" lon="-118.4771915"><name>412</name></wpt><wpt lat="35.1126608" lon="-118.4771563"><name>413</name></wpt><wpt lat="35.112685" lon="-118.4771283"><name>414</name></wpt><wpt lat="35.1127105" lon="-118.4771071"><name>415</name></wpt><wpt lat="35.1127361" lon="-118.4770918"><name>416</name></wpt><wpt lat="35.1127614" lon="-118.4770813"><name>417</name></wpt><wpt lat="35.1127847" lon="-118.4770764"><name>418</name></wpt><wpt lat="35.1128051" lon="-118.4770775"><name>419</name></wpt><wpt lat="35.1128225" lon="-118.4770828"><name>420</name></wpt><wpt lat="35.112837" lon="-118.4770913"><name>421</name></wpt><wpt lat="35.1128477" lon="-118.4771029"><name>422</name></wpt><wpt lat="35.1128546" lon="-118.4771164"><name>423</name></wpt><wpt lat="35.1128587" lon="-118.4771308"><name>424</name></wpt><wpt lat="35.1128606" lon="-118.4771459"><name>425</name></wpt><wpt lat="35.1128622" lon="-118.4771618"><name>426</name></wpt><wpt lat="35.1128651" lon="-118.4771788"><name>427</name></wpt><wpt lat="35.112869" lon="-118.4771966"><name>428</name></wpt><wpt lat="35.1128742" lon="-118.4772149"><name>429</name></wpt><wpt lat="35.112881" lon="-118.4772335"><name>430</name></wpt><wpt lat="35.1128893" lon="-118.4772516"><name>431</name></wpt><wpt lat="35.1128983" lon="-118.4772692"><name>432</name></wpt><wpt lat="35.1129074" lon="-118.4772867"><name>433</name></wpt><wpt lat="35.1129169" lon="-118.4773041"><name>434</name></wpt><wpt lat="35.1129271" lon="-118.4773212"><name>435</name></wpt><wpt lat="35.1129375" lon="-118.4773383"><name>436</name></wpt><wpt lat="35.1129469" lon="-118.4773553"><name>437</name></wpt><wpt lat="35.112955" lon="-118.4773723"><name>438</name></wpt><wpt lat="35.1129619" lon="-118.4773903"><name>439</name></wpt><wpt lat="35.1129678" lon="-118.477409"><name>440</name></wpt><wpt lat="35.1129726" lon="-118.4774284"><name>441</name></wpt><wpt lat="35.112976" lon="-118.4774483"><name>442</name></wpt><wpt lat="35.1129783" lon="-118.4774682"><name>443</name></wpt><wpt lat="35.1129792" lon="-118.4774883"><name>444</name></wpt><wpt lat="35.1129791" lon="-118.4775081"><name>445</name></wpt><wpt lat="35.1129787" lon="-118.4775276"><name>446</name></wpt><wpt lat="35.1129777" lon="-118.4775467"><name>447</name></wpt><wpt lat="35.1129762" lon="-118.4775662"><name>448</name></wpt><wpt lat="35.1129739" lon="-118.4775861"><name>449</name></wpt><wpt lat="35.1129701" lon="-118.477606"><name>450</name></wpt><wpt lat="35.1129652" lon="-118.4776264"><name>451</name></wpt><wpt lat="35.1129595" lon="-118.4776467"><name>452</name></wpt><wpt lat="35.1129532" lon="-118.4776669"><name>453</name></wpt><wpt lat="35.1129468" lon="-118.4776871"><name>454</name></wpt><wpt lat="35.1129402" lon="-118.4777073"><name>455</name></wpt><wpt lat="35.1129333" lon="-118.4777278"><name>456</name></wpt><wpt lat="35.1129258" lon="-118.4777484"><name>457</name></wpt><wpt lat="35.1129175" lon="-118.4777689"><name>458</name></wpt><wpt lat="35.112909" lon="-118.4777891"><name>459</name></wpt><wpt lat="35.1129" lon="-118.477809"><name>460</name></wpt><wpt lat="35.112891" lon="-118.4778286"><name>461</name></wpt><wpt lat="35.1128824" lon="-118.4778482"><name>462</name></wpt><wpt lat="35.1128732" lon="-118.4778676"><name>463</name></wpt><wpt lat="35.1128645" lon="-118.4778874"><name>464</name></wpt><wpt lat="35.1128562" lon="-118.4779072"><name>465</name></wpt><wpt lat="35.1128474" lon="-118.4779265"><name>466</name></wpt><wpt lat="35.1128387" lon="-118.4779456"><name>467</name></wpt><wpt lat="35.1128305" lon="-118.4779653"><name>468</name></wpt><wpt lat="35.1128222" lon="-118.4779852"><name>469</name></wpt><wpt lat="35.1128139" lon="-118.4780047"><name>470</name></wpt><wpt lat="35.1128059" lon="-118.4780237"><name>471</name></wpt><wpt lat="35.1127973" lon="-118.4780423"><name>472</name></wpt><wpt lat="35.1127887" lon="-118.4780607"><name>473</name></wpt><wpt lat="35.1127795" lon="-118.4780792"><name>474</name></wpt><wpt lat="35.1127697" lon="-118.478098"><name>475</name></wpt><wpt lat="35.1127602" lon="-118.4781174"><name>476</name></wpt><wpt lat="35.1127493" lon="-118.4781363"><name>477</name></wpt><wpt lat="35.1127375" lon="-118.4781544"><name>478</name></wpt><wpt lat="35.1127257" lon="-118.4781717"><name>479</name></wpt><wpt lat="35.1127133" lon="-118.4781877"><name>480</name></wpt><wpt lat="35.1127002" lon="-118.4782035"><name>481</name></wpt><wpt lat="35.1126867" lon="-118.4782184"><name>482</name></wpt><wpt lat="35.1126718" lon="-118.4782318"><name>483</name></wpt><wpt lat="35.1126556" lon="-118.4782431"><name>484</name></wpt><wpt lat="35.112638" lon="-118.4782535"><name>485</name></wpt><wpt lat="35.1126183" lon="-118.4782625"><name>486</name></wpt><wpt lat="35.1125971" lon="-118.4782701"><name>487</name></wpt><wpt lat="35.1125753" lon="-118.4782767"><name>488</name></wpt><wpt lat="35.1125525" lon="-118.4782818"><name>489</name></wpt><wpt lat="35.1125293" lon="-118.4782857"><name>490</name></wpt><wpt lat="35.1125056" lon="-118.4782881"><name>491</name></wpt><wpt lat="35.112481" lon="-118.4782883"><name>492</name></wpt><wpt lat="35.1124561" lon="-118.4782871"><name>493</name></wpt><wpt lat="35.1124312" lon="-118.4782852"><name>494</name></wpt><wpt lat="35.1124064" lon="-118.4782824"><name>495</name></wpt><wpt lat="35.1123813" lon="-118.4782788"><name>496</name></wpt><wpt lat="35.1123562" lon="-118.478275"><name>497</name></wpt><wpt lat="35.1123313" lon="-118.4782704"><name>498</name></wpt><wpt lat="35.1123062" lon="-118.4782651"><name>499</name></wpt><wpt lat="35.1122817" lon="-118.4782597"><name>500</name></wpt><wpt lat="35.1122577" lon="-118.478254"><name>501</name></wpt><wpt lat="35.1122338" lon="-118.4782487"><name>502</name></wpt><wpt lat="35.1122102" lon="-118.4782442"><name>503</name></wpt><wpt lat="35.1121865" lon="-118.4782414"><name>504</name></wpt><wpt lat="35.1121632" lon="-118.4782402"><name>505</name></wpt><wpt lat="35.1121179" lon="-118.4782424"><name>506</name></wpt><wpt lat="35.1120958" lon="-118.4782459"><name>507</name></wpt><wpt lat="35.1120741" lon="-118.4782503"><name>508</name></wpt><wpt lat="35.112053" lon="-118.4782554"><name>509</name></wpt><wpt lat="35.1120322" lon="-118.4782613"><name>510</name></wpt><wpt lat="35.1120123" lon="-118.4782683"><name>511</name></wpt><wpt lat="35.1119924" lon="-118.478276"><name>512</name></wpt><wpt lat="35.1119728" lon="-118.4782833"><name>513</name></wpt><wpt lat="35.1119536" lon="-118.4782912"><name>514</name></wpt><wpt lat="35.1119352" lon="-118.4782998"><name>515</name></wpt><wpt lat="35.1119175" lon="-118.4783089"><name>516</name></wpt><wpt lat="35.1119002" lon="-118.478318"><name>517</name></wpt><wpt lat="35.1118833" lon="-118.4783277"><name>518</name></wpt><wpt lat="35.1118669" lon="-118.4783379"><name>519</name></wpt><wpt lat="35.1118509" lon="-118.4783486"><name>520</name></wpt><wpt lat="35.1118357" lon="-118.4783598"><name>521</name></wpt><wpt lat="35.1118211" lon="-118.4783713"><name>522</name></wpt><wpt lat="35.111807" lon="-118.4783828"><name>523</name></wpt><wpt lat="35.1117934" lon="-118.4783947"><name>524</name></wpt><wpt lat="35.1117803" lon="-118.4784071"><name>525</name></wpt><wpt lat="35.1117675" lon="-118.4784199"><name>526</name></wpt><wpt lat="35.1117549" lon="-118.4784326"><name>527</name></wpt><wpt lat="35.1117427" lon="-118.4784458"><name>528</name></wpt><wpt lat="35.111731" lon="-118.4784597"><name>529</name></wpt><wpt lat="35.1117186" lon="-118.4784737"><name>530</name></wpt><wpt lat="35.111706" lon="-118.4784876"><name>531</name></wpt><wpt lat="35.1116936" lon="-118.4785016"><name>532</name></wpt><wpt lat="35.1116806" lon="-118.4785154"><name>533</name></wpt><wpt lat="35.1116678" lon="-118.4785299"><name>534</name></wpt><wpt lat="35.1116554" lon="-118.478545"><name>535</name></wpt><wpt lat="35.1116439" lon="-118.4785618"><name>536</name></wpt><wpt lat="35.1116337" lon="-118.47858"><name>537</name></wpt><wpt lat="35.1116238" lon="-118.4785981"><name>538</name></wpt><wpt lat="35.1116144" lon="-118.4786167"><name>539</name></wpt><wpt lat="35.1116069" lon="-118.4786354"><name>540</name></wpt><wpt lat="35.1116015" lon="-118.4786548"><name>541</name></wpt><wpt lat="35.1115973" lon="-118.478675"><name>542</name></wpt><wpt lat="35.1115938" lon="-118.4786952"><name>543</name></wpt><wpt lat="35.111591" lon="-118.4787152"><name>544</name></wpt><wpt lat="35.1115898" lon="-118.478735"><name>545</name></wpt><wpt lat="35.1115901" lon="-118.4787547"><name>546</name></wpt><wpt lat="35.1115913" lon="-118.4787741"><name>547</name></wpt><wpt lat="35.1115937" lon="-118.4787928"><name>548</name></wpt><wpt lat="35.1115962" lon="-118.4788112"><name>549</name></wpt><wpt lat="35.1115987" lon="-118.4788298"><name>550</name></wpt><wpt lat="35.1116015" lon="-118.4788488"><name>551</name></wpt><wpt lat="35.1116045" lon="-118.4788684"><name>552</name></wpt><wpt lat="35.1116073" lon="-118.4788881"><name>553</name></wpt><wpt lat="35.11161" lon="-118.4789079"><name>554</name></wpt><wpt lat="35.1116128" lon="-118.478928"><name>555</name></wpt><wpt lat="35.1116162" lon="-118.4789487"><name>556</name></wpt><wpt lat="35.1116196" lon="-118.4789697"><name>557</name></wpt><wpt lat="35.1116228" lon="-118.4789909"><name>558</name></wpt><wpt lat="35.1116267" lon="-118.4790118"><name>559</name></wpt><wpt lat="35.1116303" lon="-118.4790326"><name>560</name></wpt><wpt lat="35.1116347" lon="-118.4790536"><name>561</name></wpt><wpt lat="35.1116392" lon="-118.479075"><name>562</name></wpt><wpt lat="35.111644" lon="-118.4790963"><name>563</name></wpt><wpt lat="35.1116498" lon="-118.4791175"><name>564</name></wpt><wpt lat="35.1116552" lon="-118.4791388"><name>565</name></wpt><wpt lat="35.1116606" lon="-118.4791602"><name>566</name></wpt><wpt lat="35.1116668" lon="-118.4791815"><name>567</name></wpt><wpt lat="35.1116728" lon="-118.4792028"><name>568</name></wpt><wpt lat="35.1116795" lon="-118.4792239"><name>569</name></wpt><wpt lat="35.1116872" lon="-118.4792449"><name>570</name></wpt><wpt lat="35.1116959" lon="-118.4792658"><name>571</name></wpt><wpt lat="35.1117056" lon="-118.4792859"><name>572</name></wpt><wpt lat="35.1117167" lon="-118.4793053"><name>573</name></wpt><wpt lat="35.1117297" lon="-118.4793239"><name>574</name></wpt><wpt lat="35.1117453" lon="-118.4793412"><name>575</name></wpt><wpt lat="35.111764" lon="-118.4793566"><name>576</name></wpt><wpt lat="35.1117844" lon="-118.4793711"><name>577</name></wpt><wpt lat="35.1118069" lon="-118.4793835"><name>578</name></wpt><wpt lat="35.1118331" lon="-118.4793912"><name>579</name></wpt><wpt lat="35.1118622" lon="-118.4793935"><name>580</name></wpt><wpt lat="35.1118929" lon="-118.4793908"><name>581</name></wpt><wpt lat="35.1119256" lon="-118.4793816"><name>582</name></wpt><wpt lat="35.1119589" lon="-118.4793669"><name>583</name></wpt><wpt lat="35.1119922" lon="-118.4793477"><name>584</name></wpt><wpt lat="35.1120257" lon="-118.4793253"><name>585</name></wpt><wpt lat="35.112059" lon="-118.4793018"><name>586</name></wpt><wpt lat="35.1120929" lon="-118.4792773"><name>587</name></wpt><wpt lat="35.1121261" lon="-118.4792502"><name>588</name></wpt><wpt lat="35.1121567" lon="-118.4792179"><name>589</name></wpt><wpt lat="35.1121835" lon="-118.4791804"><name>590</name></wpt><wpt lat="35.1122069" lon="-118.479139"><name>591</name></wpt><wpt lat="35.1122275" lon="-118.4790958"><name>592</name></wpt><wpt lat="35.1122463" lon="-118.4790517"><name>593</name></wpt><wpt lat="35.1122637" lon="-118.4790071"><name>594</name></wpt><wpt lat="35.1122796" lon="-118.4789624"><name>595</name></wpt><wpt lat="35.1122938" lon="-118.4789179"><name>596</name></wpt><wpt lat="35.1123071" lon="-118.4788733"><name>597</name></wpt><wpt lat="35.1123177" lon="-118.4788286"><name>598</name></wpt><wpt lat="35.1123248" lon="-118.4787843"><name>599</name></wpt><wpt lat="35.1123308" lon="-118.4787404"><name>600</name></wpt><wpt lat="35.1123363" lon="-118.4786969"><name>601</name></wpt><wpt lat="35.1123414" lon="-118.4786536"><name>602</name></wpt><wpt lat="35.112347" lon="-118.4786108"><name>603</name></wpt><wpt lat="35.1123526" lon="-118.4785671"><name>604</name></wpt><wpt lat="35.1123563" lon="-118.4785224"><name>605</name></wpt><wpt lat="35.1123582" lon="-118.4784772"><name>606</name></wpt><wpt lat="35.1123596" lon="-118.4784319"><name>607</name></wpt><wpt lat="35.1123613" lon="-118.4783863"><name>608</name></wpt><wpt lat="35.1123627" lon="-118.4783403"><name>609</name></wpt><wpt lat="35.112364" lon="-118.4782932"><name>610</name></wpt><wpt lat="35.1123659" lon="-118.4782459"><name>611</name></wpt><wpt lat="35.1123684" lon="-118.4781986"><name>612</name></wpt><wpt lat="35.1123713" lon="-118.4781508"><name>613</name></wpt><wpt lat="35.112374" lon="-118.4781026"><name>614</name></wpt><wpt lat="35.112376" lon="-118.4780537"><name>615</name></wpt><wpt lat="35.1123779" lon="-118.4780041"><name>616</name></wpt><wpt lat="35.1123802" lon="-118.4779537"><name>617</name></wpt><wpt lat="35.1123833" lon="-118.4779025"><name>618</name></wpt><wpt lat="35.1123892" lon="-118.4778509"><name>619</name></wpt><wpt lat="35.1123989" lon="-118.4777994"><name>620</name></wpt><wpt lat="35.1124096" lon="-118.4777479"><name>621</name></wpt><wpt lat="35.112421" lon="-118.4776961"><name>622</name></wpt><wpt lat="35.112434" lon="-118.4776443"><name>623</name></wpt><wpt lat="35.112449" lon="-118.4775932"><name>624</name></wpt><wpt lat="35.1124654" lon="-118.4775445"><name>625</name></wpt><wpt lat="35.112483" lon="-118.4774971"><name>626</name></wpt><wpt lat="35.1125007" lon="-118.4774516"><name>627</name></wpt><wpt lat="35.1125185" lon="-118.4774095"><name>628</name></wpt><wpt lat="35.1125377" lon="-118.4773702"><name>629</name></wpt><wpt lat="35.112559" lon="-118.4773326"><name>630</name></wpt><wpt lat="35.1125821" lon="-118.4772975"><name>631</name></wpt><wpt lat="35.1126067" lon="-118.4772655"><name>632</name></wpt><wpt lat="35.1126323" lon="-118.4772376"><name>633</name></wpt><wpt lat="35.1126582" lon="-118.4772135"><name>634</name></wpt><wpt lat="35.1126841" lon="-118.4771939"><name>635</name></wpt><wpt lat="35.11271" lon="-118.4771798"><name>636</name></wpt><wpt lat="35.1127367" lon="-118.4771699"><name>637</name></wpt><wpt lat="35.1127627" lon="-118.4771654"><name>638</name></wpt><wpt lat="35.112787" lon="-118.4771664"><name>639</name></wpt><wpt lat="35.1128092" lon="-118.477174"><name>640</name></wpt><wpt lat="35.112829" lon="-118.4771867"><name>641</name></wpt><wpt lat="35.1128471" lon="-118.4772011"><name>642</name></wpt><wpt lat="35.1128641" lon="-118.4772168"><name>643</name></wpt><wpt lat="35.112879" lon="-118.4772343"><name>644</name></wpt><wpt lat="35.1128908" lon="-118.4772541"><name>645</name></wpt><wpt lat="35.1128985" lon="-118.4772755"><name>646</name></wpt><wpt lat="35.1129035" lon="-118.4772964"><name>647</name></wpt><wpt lat="35.1129078" lon="-118.4773164"><name>648</name></wpt><wpt lat="35.1129116" lon="-118.4773378"><name>649</name></wpt><wpt lat="35.1129156" lon="-118.4773595"><name>650</name></wpt><wpt lat="35.1129194" lon="-118.4773809"><name>651</name></wpt><wpt lat="35.1129231" lon="-118.4774027"><name>652</name></wpt><wpt lat="35.1129276" lon="-118.4774248"><name>653</name></wpt><wpt lat="35.1129341" lon="-118.4774476"><name>654</name></wpt><wpt lat="35.1129428" lon="-118.4774699"><name>655</name></wpt><wpt lat="35.1129533" lon="-118.4774913"><name>656</name></wpt><wpt lat="35.1129647" lon="-118.4775126"><name>657</name></wpt><wpt lat="35.1129763" lon="-118.4775333"><name>658</name></wpt><wpt lat="35.1129884" lon="-118.4775531"><name>659</name></wpt><wpt lat="35.1129998" lon="-118.4775728"><name>660</name></wpt><wpt lat="35.1130099" lon="-118.4775932"><name>661</name></wpt><wpt lat="35.11302" lon="-118.4776151"><name>662</name></wpt><wpt lat="35.1130304" lon="-118.4776379"><name>663</name></wpt><wpt lat="35.1130395" lon="-118.4776621"><name>664</name></wpt><wpt lat="35.1130468" lon="-118.4776873"><name>665</name></wpt><wpt lat="35.1130514" lon="-118.4777125"><name>666</name></wpt><wpt lat="35.1130554" lon="-118.4777381"><name>667</name></wpt><wpt lat="35.1130598" lon="-118.477764"><name>668</name></wpt><wpt lat="35.1130635" lon="-118.4777896"><name>669</name></wpt><wpt lat="35.1130672" lon="-118.4778153"><name>670</name></wpt><wpt lat="35.1130705" lon="-118.4778417"><name>671</name></wpt><wpt lat="35.1130723" lon="-118.4778694"><name>672</name></wpt><wpt lat="35.1130727" lon="-118.4778976"><name>673</name></wpt><wpt lat="35.113072" lon="-118.4779265"><name>674</name></wpt><wpt lat="35.1130703" lon="-118.4779548"><name>675</name></wpt><wpt lat="35.1130683" lon="-118.4779826"><name>676</name></wpt><wpt lat="35.1130661" lon="-118.4780092"><name>677</name></wpt><wpt lat="35.1130639" lon="-118.478035"><name>678</name></wpt><wpt lat="35.1130618" lon="-118.4780607"><name>679</name></wpt><wpt lat="35.1130606" lon="-118.478087"><name>680</name></wpt><wpt lat="35.11306" lon="-118.4781133"><name>681</name></wpt><wpt lat="35.1130586" lon="-118.4781391"><name>682</name></wpt><wpt lat="35.1130557" lon="-118.478163"><name>683</name></wpt><wpt lat="35.1130511" lon="-118.4781855"><name>684</name></wpt><wpt lat="35.113047" lon="-118.4782079"><name>685</name></wpt><wpt lat="35.1130437" lon="-118.478231"><name>686</name></wpt><wpt lat="35.1130399" lon="-118.4782541"><name>687</name></wpt><wpt lat="35.1130354" lon="-118.4782774"><name>688</name></wpt><wpt lat="35.1130305" lon="-118.4782999"><name>689</name></wpt><wpt lat="35.1130247" lon="-118.4783212"><name>690</name></wpt><wpt lat="35.1130186" lon="-118.4783407"><name>691</name></wpt><wpt lat="35.1130133" lon="-118.4783596"><name>692</name></wpt><wpt lat="35.1130077" lon="-118.4783788"><name>693</name></wpt><wpt lat="35.1130025" lon="-118.4783976"><name>694</name></wpt><wpt lat="35.1129982" lon="-118.4784157"><name>695</name></wpt><wpt lat="35.1129947" lon="-118.4784341"><name>696</name></wpt><wpt lat="35.1129918" lon="-118.4784521"><name>697</name></wpt><wpt lat="35.1129905" lon="-118.4784689"><name>698</name></wpt><wpt lat="35.1129895" lon="-118.4784847"><name>699</name></wpt><wpt lat="35.1129873" lon="-118.4785003"><name>700</name></wpt><wpt lat="35.1129854" lon="-118.4785171"><name>701</name></wpt><wpt lat="35.1129833" lon="-118.4785343"><name>702</name></wpt><wpt lat="35.1129794" lon="-118.4785515"><name>703</name></wpt><wpt lat="35.1129739" lon="-118.4785686"><name>704</name></wpt><wpt lat="35.1129671" lon="-118.4785863"><name>705</name></wpt><wpt lat="35.112958" lon="-118.4786028"><name>706</name></wpt><wpt lat="35.1129463" lon="-118.4786183"><name>707</name></wpt><wpt lat="35.1129325" lon="-118.4786311"><name>708</name></wpt><wpt lat="35.1129158" lon="-118.4786408"><name>709</name></wpt><wpt lat="35.1128968" lon="-118.4786468"><name>710</name></wpt><wpt lat="35.112876" lon="-118.4786495"><name>711</name></wpt><wpt lat="35.1128541" lon="-118.478648"><name>712</name></wpt><wpt lat="35.1128301" lon="-118.4786429"><name>713</name></wpt><wpt lat="35.1128049" lon="-118.4786341"><name>714</name></wpt><wpt lat="35.1127793" lon="-118.478622"><name>715</name></wpt><wpt lat="35.1127549" lon="-118.4786066"><name>716</name></wpt><wpt lat="35.1127319" lon="-118.4785877"><name>717</name></wpt><wpt lat="35.1127102" lon="-118.4785639"><name>718</name></wpt><wpt lat="35.1126875" lon="-118.4785354"><name>719</name></wpt><wpt lat="35.1126674" lon="-118.4785021"><name>720</name></wpt><wpt lat="35.1126515" lon="-118.4784647"><name>721</name></wpt><wpt lat="35.1126378" lon="-118.4784248"><name>722</name></wpt><wpt lat="35.1126255" lon="-118.4783833"><name>723</name></wpt><wpt lat="35.112616" lon="-118.4783407"><name>724</name></wpt><wpt lat="35.1126067" lon="-118.4782979"><name>725</name></wpt><wpt lat="35.1125973" lon="-118.4782545"><name>726</name></wpt><wpt lat="35.1125891" lon="-118.4782094"><name>727</name></wpt><wpt lat="35.1125817" lon="-118.478163"><name>728</name></wpt><wpt lat="35.1125742" lon="-118.478116"><name>729</name></wpt><wpt lat="35.1125659" lon="-118.47807"><name>730</name></wpt><wpt lat="35.1125583" lon="-118.478024"><name>731</name></wpt><wpt lat="35.1125515" lon="-118.4779778"><name>732</name></wpt><wpt lat="35.1125438" lon="-118.4779306"><name>733</name></wpt><wpt lat="35.1125344" lon="-118.4778833"><name>734</name></wpt><wpt lat="35.1125246" lon="-118.4778356"><name>735</name></wpt><wpt lat="35.1125147" lon="-118.4777876"><name>736</name></wpt><wpt lat="35.1125038" lon="-118.477739"><name>737</name></wpt><wpt lat="35.1124926" lon="-118.4776903"><name>738</name></wpt><wpt lat="35.1124807" lon="-118.4776423"><name>739</name></wpt><wpt lat="35.1124686" lon="-118.4775942"><name>740</name></wpt><wpt lat="35.1124561" lon="-118.477545"><name>741</name></wpt><wpt lat="35.1124435" lon="-118.4774946"><name>742</name></wpt><wpt lat="35.1124312" lon="-118.477444"><name>743</name></wpt><wpt lat="35.1124205" lon="-118.4773924"><name>744</name></wpt><wpt lat="35.112412" lon="-118.4773401"><name>745</name></wpt><wpt lat="35.1124057" lon="-118.4772882"><name>746</name></wpt><wpt lat="35.1124024" lon="-118.4772354"><name>747</name></wpt><wpt lat="35.1124009" lon="-118.4771823"><name>748</name></wpt><wpt lat="35.112402" lon="-118.4771287"><name>749</name></wpt><wpt lat="35.1124066" lon="-118.4770753"><name>750</name></wpt><wpt lat="35.1124153" lon="-118.4770225"><name>751</name></wpt><wpt lat="35.1124283" lon="-118.4769721"><name>752</name></wpt><wpt lat="35.1124463" lon="-118.4769244"><name>753</name></wpt><wpt lat="35.1124688" lon="-118.4768804"><name>754</name></wpt><wpt lat="35.1124946" lon="-118.4768403"><name>755</name></wpt><wpt lat="35.1125228" lon="-118.4768045"><name>756</name></wpt><wpt lat="35.1125532" lon="-118.4767748"><name>757</name></wpt><wpt lat="35.1125854" lon="-118.4767533"><name>758</name></wpt><wpt lat="35.1126178" lon="-118.4767405"><name>759</name></wpt><wpt lat="35.1126491" lon="-118.4767344"><name>760</name></wpt><wpt lat="35.1126783" lon="-118.4767341"><name>761</name></wpt><wpt lat="35.1127043" lon="-118.4767402"><name>762</name></wpt><wpt lat="35.1127264" lon="-118.4767515"><name>763</name></wpt><wpt lat="35.1127448" lon="-118.4767667"><name>764</name></wpt><wpt lat="35.1127602" lon="-118.4767843"><name>765</name></wpt><wpt lat="35.1127726" lon="-118.4768041"><name>766</name></wpt><wpt lat="35.112782" lon="-118.4768254"><name>767</name></wpt><wpt lat="35.1127904" lon="-118.4768472"><name>768</name></wpt><wpt lat="35.1127982" lon="-118.4768686"><name>769</name></wpt><wpt lat="35.1128056" lon="-118.476891"><name>770</name></wpt><wpt lat="35.1128124" lon="-118.4769155"><name>771</name></wpt><wpt lat="35.1128178" lon="-118.4769414"><name>772</name></wpt><wpt lat="35.1128208" lon="-118.4769666"><name>773</name></wpt><wpt lat="35.1128222" lon="-118.4769904"><name>774</name></wpt><wpt lat="35.1128247" lon="-118.4770136"><name>775</name></wpt><wpt lat="35.1128282" lon="-118.4770359"><name>776</name></wpt><wpt lat="35.1128303" lon="-118.4770582"><name>777</name></wpt><wpt lat="35.112832" lon="-118.4770803"><name>778</name></wpt><wpt lat="35.1128361" lon="-118.4771016"><name>779</name></wpt><wpt lat="35.1128391" lon="-118.477123"><name>780</name></wpt><wpt lat="35.1128412" lon="-118.4771455"><name>781</name></wpt><wpt lat="35.1128435" lon="-118.4771674"><name>782</name></wpt><wpt lat="35.1128458" lon="-118.4771891"><name>783</name></wpt><wpt lat="35.1128475" lon="-118.4772115"><name>784</name></wpt><wpt lat="35.1128483" lon="-118.4772346"><name>785</name></wpt><wpt lat="35.1128495" lon="-118.4772587"><name>786</name></wpt><wpt lat="35.1128504" lon="-118.4772825"><name>787</name></wpt><wpt lat="35.1128499" lon="-118.477306"><name>788</name></wpt><wpt lat="35.1128491" lon="-118.4773303"><name>789</name></wpt><wpt lat="35.1128474" lon="-118.477355"><name>790</name></wpt><wpt lat="35.1128447" lon="-118.4773793"><name>791</name></wpt><wpt lat="35.1128415" lon="-118.4774035"><name>792</name></wpt><wpt lat="35.1128381" lon="-118.4774276"><name>793</name></wpt><wpt lat="35.1128339" lon="-118.4774517"><name>794</name></wpt><wpt lat="35.1128281" lon="-118.4774748"><name>795</name></wpt><wpt lat="35.1128221" lon="-118.4774985"><name>796</name></wpt><wpt lat="35.1128164" lon="-118.4775219"><name>797</name></wpt><wpt lat="35.1128102" lon="-118.4775445"><name>798</name></wpt><wpt lat="35.1128038" lon="-118.4775666"><name>799</name></wpt><wpt lat="35.112797" lon="-118.4775884"><name>800</name></wpt><wpt lat="35.1127892" lon="-118.4776094"><name>801</name></wpt><wpt lat="35.1127815" lon="-118.4776302"><name>802</name></wpt><wpt lat="35.1127735" lon="-118.4776519"><name>803</name></wpt><wpt lat="35.1127649" lon="-118.4776757"><name>804</name></wpt><wpt lat="35.1127564" lon="-118.4776987"><name>805</name></wpt><wpt lat="35.1127481" lon="-118.477719"><name>806</name></wpt><wpt lat="35.1127402" lon="-118.4777402"><name>807</name></wpt><wpt lat="35.1127331" lon="-118.4777619"><name>808</name></wpt><wpt lat="35.1127262" lon="-118.4777827"><name>809</name></wpt><wpt lat="35.1127191" lon="-118.477803"><name>810</name></wpt><wpt lat="35.1127124" lon="-118.4778232"><name>811</name></wpt><wpt lat="35.1127053" lon="-118.4778423"><name>812</name></wpt><wpt lat="35.112698" lon="-118.4778616"><name>813</name></wpt><wpt lat="35.1126904" lon="-118.4778805"><name>814</name></wpt><wpt lat="35.1126822" lon="-118.4778991"><name>815</name></wpt><wpt lat="35.1126741" lon="-118.4779178"><name>816</name></wpt><wpt lat="35.1126659" lon="-118.4779357"><name>817</name></wpt><wpt lat="35.1126573" lon="-118.4779532"><name>818</name></wpt><wpt lat="35.1126489" lon="-118.4779702"><name>819</name></wpt><wpt lat="35.1126396" lon="-118.4779869"><name>820</name></wpt><wpt lat="35.1126299" lon="-118.4780035"><name>821</name></wpt><wpt lat="35.1126198" lon="-118.4780193"><name>822</name></wpt><wpt lat="35.112608" lon="-118.4780344"><name>823</name></wpt><wpt lat="35.1125945" lon="-118.4780477"><name>824</name></wpt><wpt lat="35.1125799" lon="-118.4780594"><name>825</name></wpt><wpt lat="35.112565" lon="-118.4780708"><name>826</name></wpt><wpt lat="35.1125502" lon="-118.4780822"><name>827</name></wpt><wpt lat="35.1125346" lon="-118.4780928"><name>828</name></wpt><wpt lat="35.1125188" lon="-118.4781029"><name>829</name></wpt><wpt lat="35.1125024" lon="-118.4781126"><name>830</name></wpt><wpt lat="35.1124851" lon="-118.478121"><name>831</name></wpt><wpt lat="35.1124682" lon="-118.4781284"><name>832</name></wpt><wpt lat="35.1124498" lon="-118.4781347"><name>833</name></wpt><wpt lat="35.1124307" lon="-118.4781392"><name>834</name></wpt><wpt lat="35.1124121" lon="-118.4781436"><name>835</name></wpt><wpt lat="35.1123933" lon="-118.4781475"><name>836</name></wpt><wpt lat="35.1123755" lon="-118.4781517"><name>837</name></wpt><wpt lat="35.112358" lon="-118.4781561"><name>838</name></wpt><wpt lat="35.1123399" lon="-118.4781593"><name>839</name></wpt><wpt lat="35.1123212" lon="-118.4781623"><name>840</name></wpt><wpt lat="35.1123027" lon="-118.4781658"><name>841</name></wpt><wpt lat="35.112284" lon="-118.4781692"><name>842</name></wpt><wpt lat="35.1122652" lon="-118.4781723"><name>843</name></wpt><wpt lat="35.1122464" lon="-118.4781757"><name>844</name></wpt><wpt lat="35.1122278" lon="-118.4781785"><name>845</name></wpt><wpt lat="35.1122089" lon="-118.4781816"><name>846</name></wpt><wpt lat="35.1121902" lon="-118.4781832"><name>847</name></wpt><wpt lat="35.1121714" lon="-118.4781869"><name>848</name></wpt><wpt lat="35.1121529" lon="-118.4781933"><name>849</name></wpt><wpt lat="35.1121348" lon="-118.4781977"><name>850</name></wpt><wpt lat="35.112116" lon="-118.4782025"><name>851</name></wpt><wpt lat="35.1120964" lon="-118.4782081"><name>852</name></wpt><wpt lat="35.1120766" lon="-118.4782137"><name>853</name></wpt><wpt lat="35.1120568" lon="-118.4782195"><name>854</name></wpt><wpt lat="35.1120375" lon="-118.4782253"><name>855</name></wpt><wpt lat="35.1120183" lon="-118.4782318"><name>856</name></wpt><wpt lat="35.1119989" lon="-118.4782385"><name>857</name></wpt><wpt lat="35.1119798" lon="-118.4782462"><name>858</name></wpt><wpt lat="35.1119616" lon="-118.4782537"><name>859</name></wpt><wpt lat="35.1119431" lon="-118.4782606"><name>860</name></wpt><wpt lat="35.1119232" lon="-118.4782693"><name>861</name></wpt><wpt lat="35.1119043" lon="-118.4782777"><name>862</name></wpt><wpt lat="35.1118865" lon="-118.4782878"><name>863</name></wpt><wpt lat="35.1118694" lon="-118.4782984"><name>864</name></wpt><wpt lat="35.1118528" lon="-118.4783085"><name>865</name></wpt><wpt lat="35.1118368" lon="-118.478319"><name>866</name></wpt><wpt lat="35.1118214" lon="-118.4783303"><name>867</name></wpt><wpt lat="35.1118054" lon="-118.4783431"><name>868</name></wpt><wpt lat="35.1117901" lon="-118.4783569"><name>869</name></wpt><wpt lat="35.1117755" lon="-118.4783699"><name>870</name></wpt><wpt lat="35.1117613" lon="-118.4783836"><name>871</name></wpt><wpt lat="35.1117483" lon="-118.4783969"><name>872</name></wpt><wpt lat="35.1117361" lon="-118.4784113"><name>873</name></wpt><wpt lat="35.1117241" lon="-118.4784261"><name>874</name></wpt><wpt lat="35.1117125" lon="-118.4784413"><name>875</name></wpt><wpt lat="35.1117024" lon="-118.4784555"><name>876</name></wpt><wpt lat="35.1116931" lon="-118.4784695"><name>877</name></wpt><wpt lat="35.1116841" lon="-118.4784846"><name>878</name></wpt><wpt lat="35.1116751" lon="-118.4784997"><name>879</name></wpt><wpt lat="35.1116663" lon="-118.4785165"><name>880</name></wpt><wpt lat="35.1116599" lon="-118.4785314"><name>881</name></wpt><wpt lat="35.1116547" lon="-118.4785449"><name>882</name></wpt><wpt lat="35.1116491" lon="-118.478558"><name>883</name></wpt><wpt lat="35.111644" lon="-118.4785714"><name>884</name></wpt><wpt lat="35.1116395" lon="-118.4785853"><name>885</name></wpt><wpt lat="35.1116361" lon="-118.4785987"><name>886</name></wpt><wpt lat="35.1116323" lon="-118.4786125"><name>887</name></wpt><wpt lat="35.1116291" lon="-118.4786266"><name>888</name></wpt><wpt lat="35.1116257" lon="-118.4786401"><name>889</name></wpt><wpt lat="35.1116228" lon="-118.4786533"><name>890</name></wpt><wpt lat="35.1116205" lon="-118.4786657"><name>891</name></wpt><wpt lat="35.1116183" lon="-118.4786786"><name>892</name></wpt><wpt lat="35.1116163" lon="-118.4786913"><name>893</name></wpt><wpt lat="35.1116147" lon="-118.4787046"><name>894</name></wpt><wpt lat="35.1116133" lon="-118.4787178"><name>895</name></wpt><wpt lat="35.1116121" lon="-118.4787304"><name>896</name></wpt><wpt lat="35.1116114" lon="-118.4787428"><name>897</name></wpt><wpt lat="35.1116112" lon="-118.4787552"><name>898</name></wpt><wpt lat="35.1116111" lon="-118.4787677"><name>899</name></wpt><wpt lat="35.1116105" lon="-118.4787805"><name>900</name></wpt><wpt lat="35.11161" lon="-118.478794"><name>901</name></wpt><wpt lat="35.1116096" lon="-118.4788195"><name>902</name></wpt><wpt lat="35.1116092" lon="-118.4788327"><name>903</name></wpt><wpt lat="35.1116085" lon="-118.4788456"><name>904</name></wpt><wpt lat="35.1116079" lon="-118.4788593"><name>905</name></wpt><wpt lat="35.1116075" lon="-118.4788727"><name>906</name></wpt><wpt lat="35.1116068" lon="-118.4788863"><name>907</name></wpt><wpt lat="35.1116065" lon="-118.4789007"><name>908</name></wpt><wpt lat="35.1116062" lon="-118.4789143"><name>909</name></wpt><wpt lat="35.1116064" lon="-118.4789415"><name>910</name></wpt><wpt lat="35.1116066" lon="-118.4789557"><name>911</name></wpt><wpt lat="35.1116074" lon="-118.4789689"><name>912</name></wpt><wpt lat="35.1116085" lon="-118.4789815"><name>913</name></wpt><wpt lat="35.1116098" lon="-118.4789946"><name>914</name></wpt><wpt lat="35.1116111" lon="-118.4790085"><name>915</name></wpt><wpt lat="35.1116126" lon="-118.479022"><name>916</name></wpt><wpt lat="35.1116138" lon="-118.4790356"><name>917</name></wpt><wpt lat="35.1116154" lon="-118.4790497"><name>918</name></wpt><wpt lat="35.1116171" lon="-118.4790631"><name>919</name></wpt><wpt lat="35.1116194" lon="-118.479077"><name>920</name></wpt><wpt lat="35.111622" lon="-118.4790915"><name>921</name></wpt><wpt lat="35.1116248" lon="-118.4791057"><name>922</name></wpt><wpt lat="35.1116283" lon="-118.47912"><name>923</name></wpt><wpt lat="35.1116315" lon="-118.479134"><name>924</name></wpt><wpt lat="35.1116349" lon="-118.4791479"><name>925</name></wpt><wpt lat="35.1116387" lon="-118.4791629"><name>926</name></wpt><wpt lat="35.1116421" lon="-118.4791773"><name>927</name></wpt><wpt lat="35.111646" lon="-118.4791914"><name>928</name></wpt><wpt lat="35.1116503" lon="-118.4792064"><name>929</name></wpt><wpt lat="35.1116551" lon="-118.4792213"><name>930</name></wpt><wpt lat="35.1116599" lon="-118.479236"><name>931</name></wpt><wpt lat="35.1116646" lon="-118.4792511"><name>932</name></wpt><wpt lat="35.11167" lon="-118.479266"><name>933</name></wpt><wpt lat="35.1116756" lon="-118.4792808"><name>934</name></wpt><wpt lat="35.1116815" lon="-118.4792952"><name>935</name></wpt><wpt lat="35.1116878" lon="-118.4793097"><name>936</name></wpt><wpt lat="35.1116942" lon="-118.4793245"><name>937</name></wpt><wpt lat="35.111701" lon="-118.4793391"><name>938</name></wpt><wpt lat="35.1117084" lon="-118.4793541"><name>939</name></wpt><wpt lat="35.1117163" lon="-118.4793687"><name>940</name></wpt><wpt lat="35.1117243" lon="-118.4793835"><name>941</name></wpt><wpt lat="35.1117327" lon="-118.479398"><name>942</name></wpt><wpt lat="35.1117414" lon="-118.4794125"><name>943</name></wpt><wpt lat="35.1117503" lon="-118.4794261"><name>944</name></wpt><wpt lat="35.1117599" lon="-118.4794403"><name>945</name></wpt><wpt lat="35.1117696" lon="-118.4794536"><name>946</name></wpt><wpt lat="35.1117797" lon="-118.4794668"><name>947</name></wpt><wpt lat="35.1117904" lon="-118.4794794"><name>948</name></wpt><wpt lat="35.1118015" lon="-118.4794912"><name>949</name></wpt><wpt lat="35.1118127" lon="-118.479503"><name>950</name></wpt><wpt lat="35.1118239" lon="-118.479515"><name>951</name></wpt><wpt lat="35.1118357" lon="-118.4795272"><name>952</name></wpt><wpt lat="35.1118475" lon="-118.4795394"><name>953</name></wpt><wpt lat="35.1118593" lon="-118.4795514"><name>954</name></wpt><wpt lat="35.1118713" lon="-118.4795635"><name>955</name></wpt><wpt lat="35.1118839" lon="-118.4795753"><name>956</name></wpt><wpt lat="35.1118968" lon="-118.4795876"><name>957</name></wpt><wpt lat="35.1119102" lon="-118.4796004"><name>958</name></wpt><wpt lat="35.111924" lon="-118.4796123"><name>959</name></wpt><wpt lat="35.1119386" lon="-118.4796246"><name>960</name></wpt><wpt lat="35.1119533" lon="-118.4796364"><name>961</name></wpt><wpt lat="35.1119682" lon="-118.4796476"><name>962</name></wpt><wpt lat="35.111984" lon="-118.4796591"><name>963</name></wpt><wpt lat="35.1120004" lon="-118.4796696"><name>964</name></wpt><wpt lat="35.1120173" lon="-118.47968"><name>965</name></wpt><wpt lat="35.1120349" lon="-118.4796889"><name>966</name></wpt><wpt lat="35.1120536" lon="-118.4796966"><name>967</name></wpt><wpt lat="35.1120727" lon="-118.4797042"><name>968</name></wpt><wpt lat="35.112092" lon="-118.4797112"><name>969</name></wpt><wpt lat="35.1121122" lon="-118.479718"><name>970</name></wpt><wpt lat="35.1121327" lon="-118.4797241"><name>971</name></wpt><wpt lat="35.1121541" lon="-118.4797297"><name>972</name></wpt><wpt lat="35.1121765" lon="-118.4797344"><name>973</name></wpt><wpt lat="35.1121998" lon="-118.4797387"><name>974</name></wpt><wpt lat="35.1122234" lon="-118.479742"><name>975</name></wpt><wpt lat="35.1122479" lon="-118.4797442"><name>976</name></wpt><wpt lat="35.1122733" lon="-118.4797448"><name>977</name></wpt><wpt lat="35.1122993" lon="-118.4797432"><name>978</name></wpt><wpt lat="35.1123261" lon="-118.4797392"><name>979</name></wpt><wpt lat="35.1123535" lon="-118.4797332"><name>980</name></wpt><wpt lat="35.1123814" lon="-118.4797252"><name>981</name></wpt><wpt lat="35.1124093" lon="-118.4797154"><name>982</name></wpt><wpt lat="35.1124376" lon="-118.479705"><name>983</name></wpt><wpt lat="35.1124665" lon="-118.4796931"><name>984</name></wpt><wpt lat="35.1124959" lon="-118.4796791"><name>985</name></wpt><wpt lat="35.1125252" lon="-118.4796639"><name>986</name></wpt><wpt lat="35.112555" lon="-118.4796471"><name>987</name></wpt><wpt lat="35.1125851" lon="-118.4796286"><name>988</name></wpt><wpt lat="35.1126148" lon="-118.4796071"><name>989</name></wpt><wpt lat="35.112644" lon="-118.4795825"><name>990</name></wpt><wpt lat="35.1126721" lon="-118.4795541"><name>991</name></wpt><wpt lat="35.1126995" lon="-118.4795241"><name>992</name></wpt><wpt lat="35.1127259" lon="-118.4794919"><name>993</name></wpt><wpt lat="35.1127509" lon="-118.479457"><name>994</name></wpt><wpt lat="35.1127747" lon="-118.4794197"><name>995</name></wpt><wpt lat="35.1127969" lon="-118.4793801"><name>996</name></wpt><wpt lat="35.1128172" lon="-118.4793391"><name>997</name></wpt><wpt lat="35.1128357" lon="-118.4792968"><name>998</name></wpt><wpt lat="35.1128535" lon="-118.4792528"><name>999</name></wpt><wpt lat="35.1128695" lon="-118.4792076"><name>1000</name></wpt><wpt lat="35.1128838" lon="-118.479161"><name>1001</name></wpt><wpt lat="35.1128968" lon="-118.4791132"><name>1002</name></wpt><wpt lat="35.1129068" lon="-118.4790654"><name>1003</name></wpt><wpt lat="35.1129138" lon="-118.4790176"><name>1004</name></wpt><wpt lat="35.1129175" lon="-118.4789698"><name>1005</name></wpt><wpt lat="35.112918" lon="-118.4789228"><name>1006</name></wpt><wpt lat="35.1129159" lon="-118.478877"><name>1007</name></wpt><wpt lat="35.1129127" lon="-118.4788316"><name>1008</name></wpt><wpt lat="35.1129073" lon="-118.4787878"><name>1009</name></wpt><wpt lat="35.1129002" lon="-118.4787446"><name>1010</name></wpt><wpt lat="35.1128914" lon="-118.4787021"><name>1011</name></wpt><wpt lat="35.1128816" lon="-118.478661"><name>1012</name></wpt><wpt lat="35.1128706" lon="-118.4786214"><name>1013</name></wpt><wpt lat="35.1128583" lon="-118.4785832"><name>1014</name></wpt><wpt lat="35.1128443" lon="-118.4785465"><name>1015</name></wpt><wpt lat="35.1128293" lon="-118.4785116"><name>1016</name></wpt><wpt lat="35.1128133" lon="-118.4784785"><name>1017</name></wpt><wpt lat="35.1127957" lon="-118.4784476"><name>1018</name></wpt><wpt lat="35.1127774" lon="-118.478419"><name>1019</name></wpt><wpt lat="35.1127596" lon="-118.4783918"><name>1020</name></wpt><wpt lat="35.1127418" lon="-118.4783657"><name>1021</name></wpt><wpt lat="35.1127227" lon="-118.4783406"><name>1022</name></wpt><wpt lat="35.112703" lon="-118.4783167"><name>1023</name></wpt><wpt lat="35.1126836" lon="-118.4782928"><name>1024</name></wpt><wpt lat="35.1126638" lon="-118.4782697"><name>1025</name></wpt><wpt lat="35.1126435" lon="-118.4782471"><name>1026</name></wpt><wpt lat="35.1126226" lon="-118.4782263"><name>1027</name></wpt><wpt lat="35.1126021" lon="-118.4782068"><name>1028</name></wpt><wpt lat="35.1125806" lon="-118.4781868"><name>1029</name></wpt><wpt lat="35.1125589" lon="-118.478168"><name>1030</name></wpt><wpt lat="35.112537" lon="-118.4781504"><name>1031</name></wpt><wpt lat="35.1125142" lon="-118.4781341"><name>1032</name></wpt><wpt lat="35.1124912" lon="-118.4781198"><name>1033</name></wpt><wpt lat="35.1124676" lon="-118.4781064"><name>1034</name></wpt><wpt lat="35.1124439" lon="-118.4780942"><name>1035</name></wpt><wpt lat="35.1124203" lon="-118.4780832"><name>1036</name></wpt><wpt lat="35.112397" lon="-118.4780742"><name>1037</name></wpt><wpt lat="35.1123737" lon="-118.4780667"><name>1038</name></wpt><wpt lat="35.112351" lon="-118.4780607"><name>1039</name></wpt><wpt lat="35.1123283" lon="-118.4780552"><name>1040</name></wpt><wpt lat="35.1123064" lon="-118.4780521"><name>1041</name></wpt><wpt lat="35.1122852" lon="-118.4780504"><name>1042</name></wpt><wpt lat="35.112264" lon="-118.4780496"><name>1043</name></wpt><wpt lat="35.1122434" lon="-118.4780491"><name>1044</name></wpt><wpt lat="35.1122233" lon="-118.4780503"><name>1045</name></wpt><wpt lat="35.1122032" lon="-118.478052"><name>1046</name></wpt><wpt lat="35.1121839" lon="-118.4780551"><name>1047</name></wpt><wpt lat="35.1121655" lon="-118.4780582"><name>1048</name></wpt><wpt lat="35.1121475" lon="-118.4780618"><name>1049</name></wpt><wpt lat="35.1121295" lon="-118.4780655"><name>1050</name></wpt><wpt lat="35.1121119" lon="-118.4780701"><name>1051</name></wpt><wpt lat="35.1120949" lon="-118.4780756"><name>1052</name></wpt><wpt lat="35.1120786" lon="-118.4780818"><name>1053</name></wpt><wpt lat="35.1120623" lon="-118.4780884"><name>1054</name></wpt><wpt lat="35.1120467" lon="-118.4780951"><name>1055</name></wpt><wpt lat="35.1120316" lon="-118.478102"><name>1056</name></wpt><wpt lat="35.1120167" lon="-118.4781097"><name>1057</name></wpt><wpt lat="35.1120021" lon="-118.4781179"><name>1058</name></wpt><wpt lat="35.1119877" lon="-118.4781267"><name>1059</name></wpt><wpt lat="35.1119733" lon="-118.4781357"><name>1060</name></wpt><wpt lat="35.1119596" lon="-118.4781447"><name>1061</name></wpt><wpt lat="35.1119465" lon="-118.4781547"><name>1062</name></wpt><wpt lat="35.1119325" lon="-118.478165"><name>1063</name></wpt><wpt lat="35.1119184" lon="-118.4781755"><name>1064</name></wpt><wpt lat="35.1119047" lon="-118.478187"><name>1065</name></wpt><wpt lat="35.1118916" lon="-118.4781985"><name>1066</name></wpt><wpt lat="35.1118785" lon="-118.4782108"><name>1067</name></wpt><wpt lat="35.1118657" lon="-118.4782234"><name>1068</name></wpt><wpt lat="35.1118529" lon="-118.4782368"><name>1069</name></wpt><wpt lat="35.1118406" lon="-118.4782501"><name>1070</name></wpt><wpt lat="35.1118284" lon="-118.4782642"><name>1071</name></wpt><wpt lat="35.1118163" lon="-118.4782792"><name>1072</name></wpt><wpt lat="35.111805" lon="-118.4782938"><name>1073</name></wpt><wpt lat="35.1117948" lon="-118.4783081"><name>1074</name></wpt><wpt lat="35.1117854" lon="-118.4783228"><name>1075</name></wpt><wpt lat="35.1117763" lon="-118.4783373"><name>1076</name></wpt><wpt lat="35.1117675" lon="-118.4783521"><name>1077</name></wpt><wpt lat="35.1117589" lon="-118.4783668"><name>1078</name></wpt><wpt lat="35.1117502" lon="-118.4783814"><name>1079</name></wpt><wpt lat="35.1117414" lon="-118.4783971"><name>1080</name></wpt><wpt lat="35.1117331" lon="-118.4784128"><name>1081</name></wpt><wpt lat="35.1117244" lon="-118.4784293"><name>1082</name></wpt><wpt lat="35.1117157" lon="-118.4784455"><name>1083</name></wpt><wpt lat="35.1117076" lon="-118.4784617"><name>1084</name></wpt><wpt lat="35.1117002" lon="-118.478478"><name>1085</name></wpt><wpt lat="35.1116929" lon="-118.4784944"><name>1086</name></wpt><wpt lat="35.1116859" lon="-118.4785111"><name>1087</name></wpt><wpt lat="35.1116791" lon="-118.4785283"><name>1088</name></wpt><wpt lat="35.1116728" lon="-118.4785455"><name>1089</name></wpt><wpt lat="35.111667" lon="-118.4785629"><name>1090</name></wpt><wpt lat="35.1116618" lon="-118.4785801"><name>1091</name></wpt><wpt lat="35.1116569" lon="-118.4785969"><name>1092</name></wpt><wpt lat="35.1116523" lon="-118.4786138"><name>1093</name></wpt><wpt lat="35.1116478" lon="-118.4786307"><name>1094</name></wpt><wpt lat="35.1116435" lon="-118.4786472"><name>1095</name></wpt><wpt lat="35.1116396" lon="-118.4786638"><name>1096</name></wpt><wpt lat="35.111636" lon="-118.4786807"><name>1097</name></wpt><wpt lat="35.1116331" lon="-118.4786973"><name>1098</name></wpt><wpt lat="35.1116297" lon="-118.4787142"><name>1099</name></wpt><wpt lat="35.1116265" lon="-118.4787314"><name>1100</name></wpt><wpt lat="35.1116236" lon="-118.4787485"><name>1101</name></wpt><wpt lat="35.1116205" lon="-118.478766"><name>1102</name></wpt><wpt lat="35.1116179" lon="-118.4787839"><name>1103</name></wpt><wpt lat="35.1116152" lon="-118.4788019"><name>1104</name></wpt><wpt lat="35.1116124" lon="-118.4788206"><name>1105</name></wpt><wpt lat="35.1116101" lon="-118.4788396"><name>1106</name></wpt><wpt lat="35.1116082" lon="-118.4788583"><name>1107</name></wpt><wpt lat="35.1116064" lon="-118.478877"><name>1108</name></wpt><wpt lat="35.111605" lon="-118.4788957"><name>1109</name></wpt><wpt lat="35.1116039" lon="-118.4789151"><name>1110</name></wpt><wpt lat="35.1116034" lon="-118.4789348"><name>1111</name></wpt><wpt lat="35.1116029" lon="-118.4789543"><name>1112</name></wpt><wpt lat="35.1116031" lon="-118.4789737"><name>1113</name></wpt><wpt lat="35.1116038" lon="-118.4789931"><name>1114</name></wpt><wpt lat="35.1116042" lon="-118.4790122"><name>1115</name></wpt><wpt lat="35.1116055" lon="-118.4790314"><name>1116</name></wpt><wpt lat="35.111608" lon="-118.4790507"><name>1117</name></wpt><wpt lat="35.1116107" lon="-118.4790704"><name>1118</name></wpt><wpt lat="35.1116137" lon="-118.4790898"><name>1119</name></wpt><wpt lat="35.1116172" lon="-118.4791094"><name>1120</name></wpt><wpt lat="35.111621" lon="-118.4791294"><name>1121</name></wpt><wpt lat="35.1116249" lon="-118.4791494"><name>1122</name></wpt><wpt lat="35.111629" lon="-118.4791696"><name>1123</name></wpt><wpt lat="35.1116338" lon="-118.4791898"><name>1124</name></wpt><wpt lat="35.1116392" lon="-118.4792102"><name>1125</name></wpt><wpt lat="35.1116452" lon="-118.4792306"><name>1126</name></wpt><wpt lat="35.1116519" lon="-118.479251"><name>1127</name></wpt><wpt lat="35.1116591" lon="-118.479271"><name>1128</name></wpt><wpt lat="35.1116668" lon="-118.479291"><name>1129</name></wpt><wpt lat="35.1116751" lon="-118.4793105"><name>1130</name></wpt><wpt lat="35.1116838" lon="-118.4793294"><name>1131</name></wpt><wpt lat="35.1116932" lon="-118.4793483"><name>1132</name></wpt><wpt lat="35.1117032" lon="-118.4793666"><name>1133</name></wpt><wpt lat="35.1117138" lon="-118.4793832"><name>1134</name></wpt><wpt lat="35.1117248" lon="-118.4793993"><name>1135</name></wpt><wpt lat="35.1117368" lon="-118.4794154"><name>1136</name></wpt><wpt lat="35.1117494" lon="-118.4794307"><name>1137</name></wpt><wpt lat="35.1117621" lon="-118.4794464"><name>1138</name></wpt><wpt lat="35.1117749" lon="-118.4794623"><name>1139</name></wpt><wpt lat="35.1117884" lon="-118.4794782"><name>1140</name></wpt><wpt lat="35.1118021" lon="-118.4794936"><name>1141</name></wpt><wpt lat="35.1118165" lon="-118.4795091"><name>1142</name></wpt><wpt lat="35.1118313" lon="-118.4795243"><name>1143</name></wpt><wpt lat="35.1118468" lon="-118.4795395"><name>1144</name></wpt><wpt lat="35.1118625" lon="-118.4795546"><name>1145</name></wpt><wpt lat="35.1118787" lon="-118.4795693"><name>1146</name></wpt><wpt lat="35.1118953" lon="-118.4795836"><name>1147</name></wpt><wpt lat="35.1119128" lon="-118.4795973"><name>1148</name></wpt><wpt lat="35.1119309" lon="-118.47961"><name>1149</name></wpt><wpt lat="35.1119497" lon="-118.4796221"><name>1150</name></wpt><wpt lat="35.1119689" lon="-118.4796336"><name>1151</name></wpt><wpt lat="35.1119886" lon="-118.479645"><name>1152</name></wpt><wpt lat="35.1120089" lon="-118.4796555"><name>1153</name></wpt><wpt lat="35.1120299" lon="-118.4796652"><name>1154</name></wpt><wpt lat="35.1120513" lon="-118.4796737"><name>1155</name></wpt><wpt lat="35.1120731" lon="-118.4796814"><name>1156</name></wpt><wpt lat="35.1120957" lon="-118.479688"><name>1157</name></wpt><wpt lat="35.1121189" lon="-118.479693"><name>1158</name></wpt><wpt lat="35.1121423" lon="-118.4796969"><name>1159</name></wpt><wpt lat="35.1121659" lon="-118.4796999"><name>1160</name></wpt><wpt lat="35.1121902" lon="-118.479702"><name>1161</name></wpt><wpt lat="35.1122148" lon="-118.4797033"><name>1162</name></wpt><wpt lat="35.1122396" lon="-118.479703"><name>1163</name></wpt><wpt lat="35.1122652" lon="-118.4797019"><name>1164</name></wpt><wpt lat="35.1122911" lon="-118.4797007"><name>1165</name></wpt><wpt lat="35.1123172" lon="-118.4796982"><name>1166</name></wpt><wpt lat="35.1123438" lon="-118.4796946"><name>1167</name></wpt><wpt lat="35.1123711" lon="-118.4796904"><name>1168</name></wpt><wpt lat="35.1123993" lon="-118.4796851"><name>1169</name></wpt><wpt lat="35.1124279" lon="-118.4796775"><name>1170</name></wpt><wpt lat="35.1124567" lon="-118.479668"><name>1171</name></wpt><wpt lat="35.1124853" lon="-118.4796578"><name>1172</name></wpt><wpt lat="35.1125139" lon="-118.4796455"><name>1173</name></wpt><wpt lat="35.1125422" lon="-118.4796301"><name>1174</name></wpt><wpt lat="35.1125702" lon="-118.4796139"><name>1175</name></wpt><wpt lat="35.1125974" lon="-118.479595"><name>1176</name></wpt><wpt lat="35.1126241" lon="-118.4795734"><name>1177</name></wpt><wpt lat="35.1126495" lon="-118.4795486"><name>1178</name></wpt><wpt lat="35.112673" lon="-118.4795197"><name>1179</name></wpt><wpt lat="35.1126939" lon="-118.4794861"><name>1180</name></wpt><wpt lat="35.1127111" lon="-118.4794479"><name>1181</name></wpt><wpt lat="35.1127242" lon="-118.4794058"><name>1182</name></wpt><wpt lat="35.1127329" lon="-118.4793605"><name>1183</name></wpt><wpt lat="35.112737" lon="-118.479314"><name>1184</name></wpt><wpt lat="35.1127359" lon="-118.4792661"><name>1185</name></wpt><wpt lat="35.1127301" lon="-118.4792177"><name>1186</name></wpt><wpt lat="35.1127193" lon="-118.4791699"><name>1187</name></wpt><wpt lat="35.1127056" lon="-118.4791244"><name>1188</name></wpt><wpt lat="35.1126895" lon="-118.4790815"><name>1189</name></wpt><wpt lat="35.1126712" lon="-118.4790414"><name>1190</name></wpt><wpt lat="35.1126527" lon="-118.4790037"><name>1191</name></wpt><wpt lat="35.1126347" lon="-118.4789681"><name>1192</name></wpt><wpt lat="35.1126169" lon="-118.4789334"><name>1193</name></wpt><wpt lat="35.1126002" lon="-118.4788978"><name>1194</name></wpt><wpt lat="35.1125853" lon="-118.4788609"><name>1195</name></wpt><wpt lat="35.1125706" lon="-118.4788233"><name>1196</name></wpt><wpt lat="35.1125552" lon="-118.4787864"><name>1197</name></wpt><wpt lat="35.1125405" lon="-118.4787506"><name>1198</name></wpt><wpt lat="35.1125263" lon="-118.4787147"><name>1199</name></wpt><wpt lat="35.1125115" lon="-118.4786788"><name>1200</name></wpt><wpt lat="35.1124969" lon="-118.4786436"><name>1201</name></wpt><wpt lat="35.1124813" lon="-118.4786093"><name>1202</name></wpt><wpt lat="35.1124641" lon="-118.4785753"><name>1203</name></wpt><wpt lat="35.1124457" lon="-118.4785415"><name>1204</name></wpt><wpt lat="35.1124262" lon="-118.4785077"><name>1205</name></wpt><wpt lat="35.1124051" lon="-118.478475"><name>1206</name></wpt><wpt lat="35.1123828" lon="-118.4784447"><name>1207</name></wpt><wpt lat="35.1123587" lon="-118.4784172"><name>1208</name></wpt><wpt lat="35.1123337" lon="-118.4783936"><name>1209</name></wpt><wpt lat="35.1123078" lon="-118.4783711"><name>1210</name></wpt><wpt lat="35.1122813" lon="-118.4783482"><name>1211</name></wpt><wpt lat="35.1122543" lon="-118.4783271"><name>1212</name></wpt><wpt lat="35.1122264" lon="-118.4783084"><name>1213</name></wpt><wpt lat="35.1121986" lon="-118.4782938"><name>1214</name></wpt><wpt lat="35.1121718" lon="-118.4782818"><name>1215</name></wpt><wpt lat="35.1121453" lon="-118.4782728"><name>1216</name></wpt><wpt lat="35.1121193" lon="-118.4782672"><name>1217</name></wpt><wpt lat="35.1120943" lon="-118.4782646"><name>1218</name></wpt><wpt lat="35.11207" lon="-118.4782635"><name>1219</name></wpt><wpt lat="35.1120462" lon="-118.4782621"><name>1220</name></wpt><wpt lat="35.112023" lon="-118.4782631"><name>1221</name></wpt><wpt lat="35.112001" lon="-118.4782665"><name>1222</name></wpt><wpt lat="35.1119804" lon="-118.4782711"><name>1223</name></wpt><wpt lat="35.1119592" lon="-118.478276"><name>1224</name></wpt><wpt lat="35.1119383" lon="-118.4782818"><name>1225</name></wpt><wpt lat="35.1119178" lon="-118.4782889"><name>1226</name></wpt><wpt lat="35.1118976" lon="-118.4782967"><name>1227</name></wpt><wpt lat="35.1118781" lon="-118.4783054"><name>1228</name></wpt><wpt lat="35.1118592" lon="-118.4783148"><name>1229</name></wpt><wpt lat="35.1118407" lon="-118.4783244"><name>1230</name></wpt><wpt lat="35.1118228" lon="-118.4783341"><name>1231</name></wpt><wpt lat="35.111807" lon="-118.4783456"><name>1232</name></wpt><wpt lat="35.1117915" lon="-118.4783577"><name>1233</name></wpt><wpt lat="35.1117762" lon="-118.4783697"><name>1234</name></wpt><wpt lat="35.1117613" lon="-118.4783823"><name>1235</name></wpt><wpt lat="35.1117461" lon="-118.4783953"><name>1236</name></wpt><wpt lat="35.111732" lon="-118.4784091"><name>1237</name></wpt><wpt lat="35.1117191" lon="-118.4784242"><name>1238</name></wpt><wpt lat="35.1117069" lon="-118.4784392"><name>1239</name></wpt><wpt lat="35.1116955" lon="-118.4784549"><name>1240</name></wpt><wpt lat="35.1116856" lon="-118.478471"><name>1241</name></wpt><wpt lat="35.1116766" lon="-118.4784871"><name>1242</name></wpt><wpt lat="35.1116677" lon="-118.4785025"><name>1243</name></wpt><wpt lat="35.1116598" lon="-118.4785184"><name>1244</name></wpt><wpt lat="35.1116524" lon="-118.4785346"><name>1245</name></wpt><wpt lat="35.1116451" lon="-118.4785517"><name>1246</name></wpt><wpt lat="35.111638" lon="-118.4785693"><name>1247</name></wpt><wpt lat="35.111631" lon="-118.4785874"><name>1248</name></wpt><wpt lat="35.1116238" lon="-118.4786055"><name>1249</name></wpt><wpt lat="35.1116171" lon="-118.4786236"><name>1250</name></wpt><wpt lat="35.1116105" lon="-118.4786424"><name>1251</name></wpt><wpt lat="35.1116046" lon="-118.4786615"><name>1252</name></wpt><wpt lat="35.111599" lon="-118.4786801"><name>1253</name></wpt><wpt lat="35.111594" lon="-118.4786994"><name>1254</name></wpt><wpt lat="35.1115896" lon="-118.4787192"><name>1255</name></wpt><wpt lat="35.1115849" lon="-118.4787391"><name>1256</name></wpt><wpt lat="35.1115803" lon="-118.4787595"><name>1257</name></wpt><wpt lat="35.1115769" lon="-118.4787808"><name>1258</name></wpt><wpt lat="35.1115739" lon="-118.4788019"><name>1259</name></wpt><wpt lat="35.1115711" lon="-118.4788233"><name>1260</name></wpt><wpt lat="35.1115693" lon="-118.4788445"><name>1261</name></wpt><wpt lat="35.1115683" lon="-118.4788658"><name>1262</name></wpt><wpt lat="35.1115673" lon="-118.478887"><name>1263</name></wpt><wpt lat="35.1115674" lon="-118.4789085"><name>1264</name></wpt><wpt lat="35.1115685" lon="-118.47893"><name>1265</name></wpt><wpt lat="35.1115708" lon="-118.4789515"><name>1266</name></wpt><wpt lat="35.1115735" lon="-118.4789726"><name>1267</name></wpt><wpt lat="35.1115763" lon="-118.4789939"><name>1268</name></wpt><wpt lat="35.1115795" lon="-118.4790154"><name>1269</name></wpt><wpt lat="35.1115835" lon="-118.4790369"><name>1270</name></wpt><wpt lat="35.1115875" lon="-118.4790583"><name>1271</name></wpt><wpt lat="35.1115926" lon="-118.4790797"><name>1272</name></wpt><wpt lat="35.1115979" lon="-118.4791013"><name>1273</name></wpt><wpt lat="35.1116044" lon="-118.4791222"><name>1274</name></wpt><wpt lat="35.1116117" lon="-118.4791429"><name>1275</name></wpt><wpt lat="35.1116189" lon="-118.4791637"><name>1276</name></wpt><wpt lat="35.1116258" lon="-118.4791841"><name>1277</name></wpt><wpt lat="35.111633" lon="-118.4792037"><name>1278</name></wpt><wpt lat="35.1116405" lon="-118.4792234"><name>1279</name></wpt><wpt lat="35.1116492" lon="-118.4792426"><name>1280</name></wpt><wpt lat="35.1116581" lon="-118.4792614"><name>1281</name></wpt><wpt lat="35.111667" lon="-118.4792799"><name>1282</name></wpt><wpt lat="35.1116769" lon="-118.4792978"><name>1283</name></wpt><wpt lat="35.1116883" lon="-118.4793149"><name>1284</name></wpt><wpt lat="35.1116996" lon="-118.4793328"><name>1285</name></wpt><wpt lat="35.1117102" lon="-118.4793504"><name>1286</name></wpt><wpt lat="35.1117215" lon="-118.479368"><name>1287</name></wpt><wpt lat="35.1117335" lon="-118.4793863"><name>1288</name></wpt><wpt lat="35.1117452" lon="-118.4794059"><name>1289</name></wpt><wpt lat="35.1117566" lon="-118.479426"><name>1290</name></wpt><wpt lat="35.1117686" lon="-118.4794465"><name>1291</name></wpt><wpt lat="35.1117813" lon="-118.4794672"><name>1292</name></wpt><wpt lat="35.1117945" lon="-118.4794872"><name>1293</name></wpt><wpt lat="35.1118083" lon="-118.4795064"><name>1294</name></wpt><wpt lat="35.1118238" lon="-118.4795256"><name>1295</name></wpt><wpt lat="35.1118395" lon="-118.4795445"><name>1296</name></wpt><wpt lat="35.111856" lon="-118.4795633"><name>1297</name></wpt><wpt lat="35.1118719" lon="-118.479581"><name>1298</name></wpt><wpt lat="35.1118888" lon="-118.4795979"><name>1299</name></wpt><wpt lat="35.1119069" lon="-118.4796138"><name>1300</name></wpt><wpt lat="35.1119251" lon="-118.4796291"><name>1301</name></wpt><wpt lat="35.1119435" lon="-118.4796431"><name>1302</name></wpt><wpt lat="35.111963" lon="-118.4796556"><name>1303</name></wpt><wpt lat="35.1119839" lon="-118.4796672"><name>1304</name></wpt><wpt lat="35.112005" lon="-118.4796773"><name>1305</name></wpt><wpt lat="35.1120262" lon="-118.4796868"><name>1306</name></wpt><wpt lat="35.1120477" lon="-118.4796949"><name>1307</name></wpt><wpt lat="35.1120697" lon="-118.479702"><name>1308</name></wpt><wpt lat="35.1120922" lon="-118.4797083"><name>1309</name></wpt><wpt lat="35.1121157" lon="-118.4797146"><name>1310</name></wpt><wpt lat="35.1121399" lon="-118.4797204"><name>1311</name></wpt><wpt lat="35.1121648" lon="-118.4797248"><name>1312</name></wpt><wpt lat="35.1121904" lon="-118.479727"><name>1313</name></wpt><wpt lat="35.1122154" lon="-118.4797275"><name>1314</name></wpt><wpt lat="35.1122415" lon="-118.4797271"><name>1315</name></wpt><wpt lat="35.1122693" lon="-118.4797257"><name>1316</name></wpt><wpt lat="35.1122975" lon="-118.4797234"><name>1317</name></wpt><wpt lat="35.1123266" lon="-118.4797194"><name>1318</name></wpt><wpt lat="35.1123561" lon="-118.4797138"><name>1319</name></wpt><wpt lat="35.1123862" lon="-118.4797066"><name>1320</name></wpt><wpt lat="35.1124161" lon="-118.479697"><name>1321</name></wpt><wpt lat="35.1124455" lon="-118.4796858"><name>1322</name></wpt><wpt lat="35.1124762" lon="-118.4796741"><name>1323</name></wpt><wpt lat="35.1125074" lon="-118.4796622"><name>1324</name></wpt><wpt lat="35.1125388" lon="-118.4796484"><name>1325</name></wpt><wpt lat="35.112571" lon="-118.4796321"><name>1326</name></wpt><wpt lat="35.1126024" lon="-118.479614"><name>1327</name></wpt><wpt lat="35.1126333" lon="-118.479594"><name>1328</name></wpt><wpt lat="35.1126633" lon="-118.479571"><name>1329</name></wpt><wpt lat="35.1126918" lon="-118.4795453"><name>1330</name></wpt><wpt lat="35.1127194" lon="-118.4795171"><name>1331</name></wpt><wpt lat="35.1127456" lon="-118.4794855"><name>1332</name></wpt><wpt lat="35.1127709" lon="-118.4794514"><name>1333</name></wpt><wpt lat="35.1127954" lon="-118.4794166"><name>1334</name></wpt><wpt lat="35.1128186" lon="-118.4793801"><name>1335</name></wpt><wpt lat="35.1128393" lon="-118.4793411"><name>1336</name></wpt><wpt lat="35.1128584" lon="-118.4793002"><name>1337</name></wpt><wpt lat="35.112875" lon="-118.4792575"><name>1338</name></wpt><wpt lat="35.1128892" lon="-118.479214"><name>1339</name></wpt><wpt lat="35.1129017" lon="-118.4791694"><name>1340</name></wpt><wpt lat="35.1129118" lon="-118.4791234"><name>1341</name></wpt><wpt lat="35.1129202" lon="-118.4790773"><name>1342</name></wpt><wpt lat="35.1129258" lon="-118.4790313"><name>1343</name></wpt><wpt lat="35.1129277" lon="-118.4789839"><name>1344</name></wpt><wpt lat="35.1129265" lon="-118.478937"><name>1345</name></wpt><wpt lat="35.1129222" lon="-118.4788907"><name>1346</name></wpt><wpt lat="35.1129159" lon="-118.4788453"><name>1347</name></wpt><wpt lat="35.1129082" lon="-118.4788006"><name>1348</name></wpt><wpt lat="35.1128996" lon="-118.4787561"><name>1349</name></wpt><wpt lat="35.1128893" lon="-118.4787123"><name>1350</name></wpt><wpt lat="35.1128775" lon="-118.4786696"><name>1351</name></wpt><wpt lat="35.1128643" lon="-118.478627"><name>1352</name></wpt><wpt lat="35.11285" lon="-118.4785859"><name>1353</name></wpt><wpt lat="35.1128346" lon="-118.4785462"><name>1354</name></wpt><wpt lat="35.1128178" lon="-118.4785078"><name>1355</name></wpt><wpt lat="35.1127996" lon="-118.4784711"><name>1356</name></wpt><wpt lat="35.1127805" lon="-118.4784363"><name>1357</name></wpt><wpt lat="35.1127606" lon="-118.4784041"><name>1358</name></wpt><wpt lat="35.11274" lon="-118.4783745"><name>1359</name></wpt><wpt lat="35.1127184" lon="-118.4783471"><name>1360</name></wpt><wpt lat="35.1126967" lon="-118.4783214"><name>1361</name></wpt><wpt lat="35.112674" lon="-118.4782973"><name>1362</name></wpt><wpt lat="35.1126506" lon="-118.4782744"><name>1363</name></wpt><wpt lat="35.1126267" lon="-118.4782537"><name>1364</name></wpt><wpt lat="35.1126028" lon="-118.4782352"><name>1365</name></wpt><wpt lat="35.1125787" lon="-118.4782172"><name>1366</name></wpt><wpt lat="35.1125548" lon="-118.4782004"><name>1367</name></wpt><wpt lat="35.1125306" lon="-118.478185"><name>1368</name></wpt><wpt lat="35.1125057" lon="-118.4781702"><name>1369</name></wpt><wpt lat="35.1124809" lon="-118.4781577"><name>1370</name></wpt><wpt lat="35.1124561" lon="-118.4781462"><name>1371</name></wpt><wpt lat="35.112431" lon="-118.4781348"><name>1372</name></wpt><wpt lat="35.1124065" lon="-118.478125"><name>1373</name></wpt><wpt lat="35.1123813" lon="-118.4781159"><name>1374</name></wpt><wpt lat="35.1123561" lon="-118.4781087"><name>1375</name></wpt><wpt lat="35.1123309" lon="-118.4781031"><name>1376</name></wpt><wpt lat="35.112306" lon="-118.4780985"><name>1377</name></wpt><wpt lat="35.1122821" lon="-118.4780949"><name>1378</name></wpt><wpt lat="35.1122569" lon="-118.478091"><name>1379</name></wpt><wpt lat="35.1122319" lon="-118.4780877"><name>1380</name></wpt><wpt lat="35.1122072" lon="-118.478087"><name>1381</name></wpt><wpt lat="35.112183" lon="-118.4780882"><name>1382</name></wpt><wpt lat="35.1121594" lon="-118.4780907"><name>1383</name></wpt><wpt lat="35.1121363" lon="-118.4780938"><name>1384</name></wpt><wpt lat="35.1121138" lon="-118.4780984"><name>1385</name></wpt><wpt lat="35.1120916" lon="-118.4781045"><name>1386</name></wpt><wpt lat="35.1120702" lon="-118.4781101"><name>1387</name></wpt><wpt lat="35.1120493" lon="-118.478117"><name>1388</name></wpt><wpt lat="35.1120292" lon="-118.4781246"><name>1389</name></wpt><wpt lat="35.1120095" lon="-118.4781328"><name>1390</name></wpt><wpt lat="35.1119902" lon="-118.4781425"><name>1391</name></wpt><wpt lat="35.1119711" lon="-118.4781521"><name>1392</name></wpt><wpt lat="35.1119529" lon="-118.478163"><name>1393</name></wpt><wpt lat="35.1119352" lon="-118.4781747"><name>1394</name></wpt><wpt lat="35.111917" lon="-118.4781862"><name>1395</name></wpt><wpt lat="35.1118995" lon="-118.4781982"><name>1396</name></wpt><wpt lat="35.1118825" lon="-118.4782109"><name>1397</name></wpt><wpt lat="35.1118664" lon="-118.4782243"><name>1398</name></wpt><wpt lat="35.1118506" lon="-118.4782378"><name>1399</name></wpt><wpt lat="35.1118354" lon="-118.4782518"><name>1400</name></wpt><wpt lat="35.1118208" lon="-118.478266"><name>1401</name></wpt><wpt lat="35.1118063" lon="-118.4782814"><name>1402</name></wpt><wpt lat="35.111792" lon="-118.478297"><name>1403</name></wpt><wpt lat="35.1117779" lon="-118.478313"><name>1404</name></wpt><wpt lat="35.1117648" lon="-118.4783301"><name>1405</name></wpt><wpt lat="35.111752" lon="-118.4783468"><name>1406</name></wpt><wpt lat="35.1117398" lon="-118.4783639"><name>1407</name></wpt><wpt lat="35.1117275" lon="-118.4783819"><name>1408</name></wpt><wpt lat="35.1117141" lon="-118.4783994"><name>1409</name></wpt><wpt lat="35.1117007" lon="-118.4784166"><name>1410</name></wpt><wpt lat="35.1116887" lon="-118.4784348"><name>1411</name></wpt><wpt lat="35.1116769" lon="-118.4784536"><name>1412</name></wpt><wpt lat="35.1116652" lon="-118.4784722"><name>1413</name></wpt><wpt lat="35.1116546" lon="-118.4784911"><name>1414</name></wpt><wpt lat="35.1116459" lon="-118.4785107"><name>1415</name></wpt><wpt lat="35.1116374" lon="-118.4785304"><name>1416</name></wpt><wpt lat="35.1116288" lon="-118.4785503"><name>1417</name></wpt><wpt lat="35.1116215" lon="-118.47857"><name>1418</name></wpt><wpt lat="35.1116155" lon="-118.4785905"><name>1419</name></wpt><wpt lat="35.1116092" lon="-118.4786108"><name>1420</name></wpt><wpt lat="35.1116028" lon="-118.4786306"><name>1421</name></wpt><wpt lat="35.1115961" lon="-118.47865"><name>1422</name></wpt><wpt lat="35.1115884" lon="-118.4786691"><name>1423</name></wpt><wpt lat="35.1115808" lon="-118.4786882"><name>1424</name></wpt><wpt lat="35.1115736" lon="-118.4787071"><name>1425</name></wpt><wpt lat="35.1115661" lon="-118.4787259"><name>1426</name></wpt><wpt lat="35.1115594" lon="-118.4787452"><name>1427</name></wpt><wpt lat="35.1115541" lon="-118.4787653"><name>1428</name></wpt><wpt lat="35.1115501" lon="-118.4787863"><name>1429</name></wpt><wpt lat="35.1115463" lon="-118.4788079"><name>1430</name></wpt><wpt lat="35.1115425" lon="-118.4788298"><name>1431</name></wpt><wpt lat="35.11154" lon="-118.4788521"><name>1432</name></wpt><wpt lat="35.1115386" lon="-118.4788745"><name>1433</name></wpt><wpt lat="35.1115391" lon="-118.4788972"><name>1434</name></wpt><wpt lat="35.1115404" lon="-118.4789199"><name>1435</name></wpt><wpt lat="35.111543" lon="-118.4789421"><name>1436</name></wpt><wpt lat="35.1115471" lon="-118.4789629"><name>1437</name></wpt><wpt lat="35.1115527" lon="-118.4789832"><name>1438</name></wpt><wpt lat="35.1115592" lon="-118.4790024"><name>1439</name></wpt><wpt lat="35.1115659" lon="-118.4790215"><name>1440</name></wpt><wpt lat="35.1115728" lon="-118.4790394"><name>1441</name></wpt><wpt lat="35.1115802" lon="-118.4790567"><name>1442</name></wpt><wpt lat="35.1115875" lon="-118.4790743"><name>1443</name></wpt><wpt lat="35.111595" lon="-118.4790919"><name>1444</name></wpt><wpt lat="35.1116024" lon="-118.4791088"><name>1445</name></wpt><wpt lat="35.11161" lon="-118.4791261"><name>1446</name></wpt><wpt lat="35.1116174" lon="-118.4791428"><name>1447</name></wpt><wpt lat="35.1116247" lon="-118.4791594"><name>1448</name></wpt><wpt lat="35.1116323" lon="-118.4791768"><name>1449</name></wpt><wpt lat="35.1116402" lon="-118.4791938"><name>1450</name></wpt><wpt lat="35.111648" lon="-118.4792096"><name>1451</name></wpt><wpt lat="35.1116553" lon="-118.4792245"><name>1452</name></wpt><wpt lat="35.1116629" lon="-118.4792394"><name>1453</name></wpt><wpt lat="35.1116701" lon="-118.4792542"><name>1454</name></wpt><wpt lat="35.1116768" lon="-118.4792675"><name>1455</name></wpt><wpt lat="35.1116842" lon="-118.4792812"><name>1456</name></wpt><wpt lat="35.1116918" lon="-118.4792952"><name>1457</name></wpt><wpt lat="35.1116994" lon="-118.4793091"><name>1458</name></wpt><wpt lat="35.111707" lon="-118.4793237"><name>1459</name></wpt><wpt lat="35.1117145" lon="-118.4793382"><name>1460</name></wpt><wpt lat="35.1117225" lon="-118.4793526"><name>1461</name></wpt><wpt lat="35.1117305" lon="-118.4793667"><name>1462</name></wpt><wpt lat="35.1117393" lon="-118.4793803"><name>1463</name></wpt><wpt lat="35.1117483" lon="-118.4793935"><name>1464</name></wpt><wpt lat="35.1117574" lon="-118.4794065"><name>1465</name></wpt><wpt lat="35.1117672" lon="-118.4794188"><name>1466</name></wpt><wpt lat="35.1117774" lon="-118.4794306"><name>1467</name></wpt><wpt lat="35.1117871" lon="-118.4794422"><name>1468</name></wpt><wpt lat="35.1117968" lon="-118.4794535"><name>1469</name></wpt><wpt lat="35.1118069" lon="-118.479465"><name>1470</name></wpt><wpt lat="35.1118172" lon="-118.4794764"><name>1471</name></wpt><wpt lat="35.1118276" lon="-118.479488"><name>1472</name></wpt><wpt lat="35.1118386" lon="-118.4795004"><name>1473</name></wpt><wpt lat="35.1118499" lon="-118.4795125"><name>1474</name></wpt><wpt lat="35.1118611" lon="-118.4795249"><name>1475</name></wpt><wpt lat="35.1118731" lon="-118.4795373"><name>1476</name></wpt><wpt lat="35.1118858" lon="-118.4795502"><name>1477</name></wpt><wpt lat="35.1118985" lon="-118.4795635"><name>1478</name></wpt><wpt lat="35.111911" lon="-118.4795762"><name>1479</name></wpt><wpt lat="35.1119246" lon="-118.4795879"><name>1480</name></wpt><wpt lat="35.1119393" lon="-118.4795989"><name>1481</name></wpt><wpt lat="35.1119543" lon="-118.4796096"><name>1482</name></wpt><wpt lat="35.1119696" lon="-118.4796198"><name>1483</name></wpt><wpt lat="35.1119852" lon="-118.4796293"><name>1484</name></wpt><wpt lat="35.1120014" lon="-118.4796382"><name>1485</name></wpt><wpt lat="35.112018" lon="-118.4796462"><name>1486</name></wpt><wpt lat="35.1120353" lon="-118.4796538"><name>1487</name></wpt><wpt lat="35.112053" lon="-118.4796613"><name>1488</name></wpt><wpt lat="35.1120711" lon="-118.4796688"><name>1489</name></wpt><wpt lat="35.1120891" lon="-118.4796765"><name>1490</name></wpt><wpt lat="35.1121079" lon="-118.4796839"><name>1491</name></wpt><wpt lat="35.112127" lon="-118.4796902"><name>1492</name></wpt><wpt lat="35.1121457" lon="-118.479696"><name>1493</name></wpt><wpt lat="35.1121652" lon="-118.4797013"><name>1494</name></wpt><wpt lat="35.1121856" lon="-118.479706"><name>1495</name></wpt><wpt lat="35.1122066" lon="-118.47971"><name>1496</name></wpt><wpt lat="35.1122282" lon="-118.4797127"><name>1497</name></wpt><wpt lat="35.1122501" lon="-118.4797148"><name>1498</name></wpt><wpt lat="35.1122724" lon="-118.4797151"><name>1499</name></wpt><wpt lat="35.1122967" lon="-118.4797137"><name>1500</name></wpt><wpt lat="35.1123215" lon="-118.479711"><name>1501</name></wpt><wpt lat="35.1123455" lon="-118.4797078"><name>1502</name></wpt><wpt lat="35.1123691" lon="-118.4797036"><name>1503</name></wpt><wpt lat="35.1123935" lon="-118.4796973"><name>1504</name></wpt><wpt lat="35.1124193" lon="-118.4796898"><name>1505</name></wpt><wpt lat="35.1124454" lon="-118.479681"><name>1506</name></wpt><wpt lat="35.112472" lon="-118.4796701"><name>1507</name></wpt><wpt lat="35.1124986" lon="-118.4796572"><name>1508</name></wpt><wpt lat="35.1125253" lon="-118.4796428"><name>1509</name></wpt><wpt lat="35.1125521" lon="-118.4796267"><name>1510</name></wpt><wpt lat="35.1125789" lon="-118.4796098"><name>1511</name></wpt><wpt lat="35.1126045" lon="-118.4795903"><name>1512</name></wpt><wpt lat="35.1126293" lon="-118.4795681"><name>1513</name></wpt><wpt lat="35.1126541" lon="-118.4795459"><name>1514</name></wpt><wpt lat="35.1126776" lon="-118.4795213"><name>1515</name></wpt><wpt lat="35.1127001" lon="-118.4794941"><name>1516</name></wpt><wpt lat="35.1127223" lon="-118.4794662"><name>1517</name></wpt><wpt lat="35.1127442" lon="-118.4794368"><name>1518</name></wpt><wpt lat="35.112766" lon="-118.4794058"><name>1519</name></wpt><wpt lat="35.1127866" lon="-118.4793725"><name>1520</name></wpt><wpt lat="35.1128062" lon="-118.4793367"><name>1521</name></wpt><wpt lat="35.1128253" lon="-118.4792998"><name>1522</name></wpt><wpt lat="35.1128432" lon="-118.4792614"><name>1523</name></wpt><wpt lat="35.1128594" lon="-118.4792208"><name>1524</name></wpt><wpt lat="35.112874" lon="-118.4791782"><name>1525</name></wpt><wpt lat="35.1128859" lon="-118.4791337"><name>1526</name></wpt><wpt lat="35.1128966" lon="-118.4790883"><name>1527</name></wpt><wpt lat="35.1129062" lon="-118.4790425"><name>1528</name></wpt><wpt lat="35.1129142" lon="-118.4789966"><name>1529</name></wpt><wpt lat="35.1129201" lon="-118.4789496"><name>1530</name></wpt><wpt lat="35.112925" lon="-118.4789018"><name>1531</name></wpt><wpt lat="35.1129279" lon="-118.4788534"><name>1532</name></wpt><wpt lat="35.1129281" lon="-118.478805"><name>1533</name></wpt><wpt lat="35.1129255" lon="-118.4787581"><name>1534</name></wpt><wpt lat="35.1129186" lon="-118.4787106"><name>1535</name></wpt><wpt lat="35.1129091" lon="-118.4786631"><name>1536</name></wpt><wpt lat="35.1128977" lon="-118.4786145"><name>1537</name></wpt><wpt lat="35.1128851" lon="-118.4785665"><name>1538</name></wpt><wpt lat="35.1128709" lon="-118.4785204"><name>1539</name></wpt><wpt lat="35.1128555" lon="-118.4784743"><name>1540</name></wpt><wpt lat="35.1128384" lon="-118.4784298"><name>1541</name></wpt><wpt lat="35.1128176" lon="-118.4783897"><name>1542</name></wpt><wpt lat="35.112793" lon="-118.4783551"><name>1543</name></wpt><wpt lat="35.1127659" lon="-118.4783235"><name>1544</name></wpt><wpt lat="35.1127377" lon="-118.4782956"><name>1545</name></wpt><wpt lat="35.1127092" lon="-118.4782704"><name>1546</name></wpt><wpt lat="35.112681" lon="-118.4782468"><name>1547</name></wpt><wpt lat="35.1126521" lon="-118.4782248"><name>1548</name></wpt><wpt lat="35.1126231" lon="-118.4782049"><name>1549</name></wpt><wpt lat="35.112594" lon="-118.478187"><name>1550</name></wpt><wpt lat="35.1125646" lon="-118.4781721"><name>1551</name></wpt><wpt lat="35.1125349" lon="-118.4781566"><name>1552</name></wpt><wpt lat="35.1125059" lon="-118.4781451"><name>1553</name></wpt><wpt lat="35.112477" lon="-118.4781388"><name>1554</name></wpt><wpt lat="35.1124492" lon="-118.4781342"><name>1555</name></wpt><wpt lat="35.112421" lon="-118.4781278"><name>1556</name></wpt><wpt lat="35.112393" lon="-118.4781215"><name>1557</name></wpt><wpt lat="35.1123647" lon="-118.4781167"><name>1558</name></wpt><wpt lat="35.1123358" lon="-118.4781127"><name>1559</name></wpt><wpt lat="35.1123066" lon="-118.4781099"><name>1560</name></wpt><wpt lat="35.1122784" lon="-118.4781074"><name>1561</name></wpt><wpt lat="35.1122512" lon="-118.4781066"><name>1562</name></wpt><wpt lat="35.1122254" lon="-118.4781075"><name>1563</name></wpt><wpt lat="35.1122006" lon="-118.4781101"><name>1564</name></wpt><wpt lat="35.1121768" lon="-118.4781141"><name>1565</name></wpt><wpt lat="35.1121543" lon="-118.4781204"><name>1566</name></wpt><wpt lat="35.1121327" lon="-118.4781283"><name>1567</name></wpt><wpt lat="35.1121127" lon="-118.4781383"><name>1568</name></wpt><wpt lat="35.1120946" lon="-118.4781502"><name>1569</name></wpt><wpt lat="35.1120785" lon="-118.4781627"><name>1570</name></wpt><wpt lat="35.1120634" lon="-118.4781758"><name>1571</name></wpt><wpt lat="35.1120498" lon="-118.4781903"><name>1572</name></wpt><wpt lat="35.11204" lon="-118.4782068"><name>1573</name></wpt><wpt lat="35.1120312" lon="-118.478223"><name>1574</name></wpt><wpt lat="35.1120233" lon="-118.4782397"><name>1575</name></wpt><wpt lat="35.112017" lon="-118.4782565"><name>1576</name></wpt><wpt lat="35.1120103" lon="-118.4782731"><name>1577</name></wpt><wpt lat="35.1120045" lon="-118.4782882"><name>1578</name></wpt><wpt lat="35.112002" lon="-118.4783035"><name>1579</name></wpt><wpt lat="35.1120014" lon="-118.47832"><name>1580</name></wpt><wpt lat="35.1120027" lon="-118.4783357"><name>1581</name></wpt><wpt lat="35.1120043" lon="-118.4783507"><name>1582</name></wpt><wpt lat="35.112007" lon="-118.4783651"><name>1583</name></wpt><wpt lat="35.1120112" lon="-118.4783781"><name>1584</name></wpt><wpt lat="35.1120149" lon="-118.4783913"><name>1585</name></wpt><wpt lat="35.1120186" lon="-118.4784043"><name>1586</name></wpt><wpt lat="35.112022" lon="-118.4784169"><name>1587</name></wpt><wpt lat="35.1120255" lon="-118.4784293"><name>1588</name></wpt><wpt lat="35.1120303" lon="-118.4784426"><name>1589</name></wpt><wpt lat="35.1120353" lon="-118.4784547"><name>1590</name></wpt><wpt lat="35.1120423" lon="-118.4784667"><name>1591</name></wpt><wpt lat="35.1120499" lon="-118.4784792"><name>1592</name></wpt><wpt lat="35.1120574" lon="-118.478492"><name>1593</name></wpt><wpt lat="35.1120645" lon="-118.4785033"><name>1594</name></wpt><wpt lat="35.1120721" lon="-118.4785144"><name>1595</name></wpt><wpt lat="35.1120803" lon="-118.4785253"><name>1596</name></wpt><wpt lat="35.1120884" lon="-118.4785363"><name>1597</name></wpt><wpt lat="35.1120967" lon="-118.4785465"><name>1598</name></wpt><wpt lat="35.1121046" lon="-118.4785564"><name>1599</name></wpt><wpt lat="35.1121121" lon="-118.478567"><name>1600</name></wpt><wpt lat="35.1121194" lon="-118.4785774"><name>1601</name></wpt><wpt lat="35.1121267" lon="-118.4785866"><name>1602</name></wpt><wpt lat="35.1121347" lon="-118.4785956"><name>1603</name></wpt><wpt lat="35.1121426" lon="-118.4786049"><name>1604</name></wpt><wpt lat="35.11215" lon="-118.4786142"><name>1605</name></wpt><wpt lat="35.1121574" lon="-118.4786247"><name>1606</name></wpt><wpt lat="35.1121647" lon="-118.4786345"><name>1607</name></wpt><wpt lat="35.1121721" lon="-118.4786449"><name>1608</name></wpt><wpt lat="35.1121799" lon="-118.478655"><name>1609</name></wpt><wpt lat="35.1121872" lon="-118.4786642"><name>1610</name></wpt><wpt lat="35.1121948" lon="-118.4786736"><name>1611</name></wpt><wpt lat="35.1122018" lon="-118.4786834"><name>1612</name></wpt><wpt lat="35.1122088" lon="-118.4786937"><name>1613</name></wpt><wpt lat="35.1122165" lon="-118.4787038"><name>1614</name></wpt><wpt lat="35.1122247" lon="-118.4787148"><name>1615</name></wpt><wpt lat="35.1122321" lon="-118.4787262"><name>1616</name></wpt><wpt lat="35.1122395" lon="-118.4787375"><name>1617</name></wpt><wpt lat="35.112247" lon="-118.4787496"><name>1618</name></wpt><wpt lat="35.1122547" lon="-118.4787621"><name>1619</name></wpt><wpt lat="35.1122635" lon="-118.4787749"><name>1620</name></wpt><wpt lat="35.112273" lon="-118.4787881"><name>1621</name></wpt><wpt lat="35.1122827" lon="-118.4788008"><name>1622</name></wpt><wpt lat="35.1122934" lon="-118.4788131"><name>1623</name></wpt><wpt lat="35.1123056" lon="-118.4788247"><name>1624</name></wpt><wpt lat="35.1123191" lon="-118.4788348"><name>1625</name></wpt><wpt lat="35.1123326" lon="-118.478844"><name>1626</name></wpt><wpt lat="35.1123454" lon="-118.4788541"><name>1627</name></wpt><wpt lat="35.1123591" lon="-118.4788657"><name>1628</name></wpt><wpt lat="35.1123743" lon="-118.4788765"><name>1629</name></wpt><wpt lat="35.1123891" lon="-118.4788855"><name>1630</name></wpt><wpt lat="35.1124036" lon="-118.4788934"><name>1631</name></wpt><wpt lat="35.1124189" lon="-118.4789008"><name>1632</name></wpt><wpt lat="35.1124343" lon="-118.4789068"><name>1633</name></wpt><wpt lat="35.112451" lon="-118.4789126"><name>1634</name></wpt><wpt lat="35.112468" lon="-118.4789171"><name>1635</name></wpt><wpt lat="35.1124852" lon="-118.4789214"><name>1636</name></wpt><wpt lat="35.1125024" lon="-118.4789252"><name>1637</name></wpt><wpt lat="35.1125207" lon="-118.4789284"><name>1638</name></wpt><wpt lat="35.112539" lon="-118.4789318"><name>1639</name></wpt><wpt lat="35.1125568" lon="-118.4789347"><name>1640</name></wpt><wpt lat="35.1125745" lon="-118.4789368"><name>1641</name></wpt><wpt lat="35.1125929" lon="-118.4789389"><name>1642</name></wpt><wpt lat="35.1126131" lon="-118.4789418"><name>1643</name></wpt><wpt lat="35.1126347" lon="-118.478944"><name>1644</name></wpt><wpt lat="35.1126565" lon="-118.4789468"><name>1645</name></wpt><wpt lat="35.112678" lon="-118.4789485"><name>1646</name></wpt><wpt lat="35.1126998" lon="-118.47895"><name>1647</name></wpt><wpt lat="35.1127218" lon="-118.4789503"><name>1648</name></wpt><wpt lat="35.1127435" lon="-118.4789495"><name>1649</name></wpt><wpt lat="35.1127657" lon="-118.4789472"><name>1650</name></wpt><wpt lat="35.1127889" lon="-118.4789441"><name>1651</name></wpt><wpt lat="35.112812" lon="-118.4789388"><name>1652</name></wpt><wpt lat="35.1128341" lon="-118.4789327"><name>1653</name></wpt><wpt lat="35.1128562" lon="-118.4789265"><name>1654</name></wpt><wpt lat="35.1128797" lon="-118.4789198"><name>1655</name></wpt><wpt lat="35.1129032" lon="-118.4789107"><name>1656</name></wpt><wpt lat="35.1129286" lon="-118.4789023"><name>1657</name></wpt><wpt lat="35.1129539" lon="-118.4788925"><name>1658</name></wpt><wpt lat="35.1129795" lon="-118.4788793"><name>1659</name></wpt><wpt lat="35.1130045" lon="-118.4788665"><name>1660</name></wpt><wpt lat="35.1130292" lon="-118.4788514"><name>1661</name></wpt><wpt lat="35.1130545" lon="-118.4788354"><name>1662</name></wpt><wpt lat="35.1130802" lon="-118.4788183"><name>1663</name></wpt><wpt lat="35.1131062" lon="-118.4787997"><name>1664</name></wpt><wpt lat="35.1131321" lon="-118.4787796"><name>1665</name></wpt><wpt lat="35.1131585" lon="-118.4787565"><name>1666</name></wpt><wpt lat="35.113185" lon="-118.4787308"><name>1667</name></wpt><wpt lat="35.1132111" lon="-118.4787039"><name>1668</name></wpt><wpt lat="35.1132379" lon="-118.4786745"><name>1669</name></wpt><wpt lat="35.1132641" lon="-118.4786418"><name>1670</name></wpt><wpt lat="35.1132884" lon="-118.4786058"><name>1671</name></wpt><wpt lat="35.1133112" lon="-118.4785661"><name>1672</name></wpt><wpt lat="35.1133303" lon="-118.4785232"><name>1673</name></wpt><wpt lat="35.1133489" lon="-118.4784783"><name>1674</name></wpt><wpt lat="35.1133657" lon="-118.4784299"><name>1675</name></wpt><wpt lat="35.1133792" lon="-118.4783787"><name>1676</name></wpt><wpt lat="35.1133888" lon="-118.4783262"><name>1677</name></wpt><wpt lat="35.1133946" lon="-118.478274"><name>1678</name></wpt><wpt lat="35.1133987" lon="-118.4782197"><name>1679</name></wpt><wpt lat="35.1134018" lon="-118.4781634"><name>1680</name></wpt><wpt lat="35.1134032" lon="-118.4781066"><name>1681</name></wpt><wpt lat="35.1134023" lon="-118.47805"><name>1682</name></wpt><wpt lat="35.1133985" lon="-118.4779924"><name>1683</name></wpt><wpt lat="35.1133911" lon="-118.4779349"><name>1684</name></wpt><wpt lat="35.1133811" lon="-118.4778787"><name>1685</name></wpt><wpt lat="35.113367" lon="-118.4778237"><name>1686</name></wpt><wpt lat="35.1133499" lon="-118.4777711"><name>1687</name></wpt><wpt lat="35.1133307" lon="-118.4777191"><name>1688</name></wpt><wpt lat="35.1133097" lon="-118.4776693"><name>1689</name></wpt><wpt lat="35.1132868" lon="-118.4776237"><name>1690</name></wpt><wpt lat="35.1132618" lon="-118.4775832"><name>1691</name></wpt><wpt lat="35.1132351" lon="-118.4775476"><name>1692</name></wpt><wpt lat="35.1132082" lon="-118.4775148"><name>1693</name></wpt><wpt lat="35.1131815" lon="-118.477486"><name>1694</name></wpt><wpt lat="35.1131547" lon="-118.4774617"><name>1695</name></wpt><wpt lat="35.1131281" lon="-118.4774414"><name>1696</name></wpt><wpt lat="35.113102" lon="-118.4774244"><name>1697</name></wpt><wpt lat="35.113077" lon="-118.4774096"><name>1698</name></wpt><wpt lat="35.1130529" lon="-118.4773966"><name>1699</name></wpt><wpt lat="35.1130292" lon="-118.4773852"><name>1700</name></wpt><wpt lat="35.1130054" lon="-118.4773757"><name>1701</name></wpt><wpt lat="35.1129817" lon="-118.4773661"><name>1702</name></wpt><wpt lat="35.1129578" lon="-118.4773561"><name>1703</name></wpt><wpt lat="35.1129342" lon="-118.477348"><name>1704</name></wpt><wpt lat="35.1129105" lon="-118.4773407"><name>1705</name></wpt><wpt lat="35.1128869" lon="-118.4773352"><name>1706</name></wpt><wpt lat="35.1128635" lon="-118.4773304"><name>1707</name></wpt><wpt lat="35.1128405" lon="-118.4773271"><name>1708</name></wpt><wpt lat="35.1128173" lon="-118.4773238"><name>1709</name></wpt><wpt lat="35.1127943" lon="-118.4773202"><name>1710</name></wpt><wpt lat="35.1127723" lon="-118.4773182"><name>1711</name></wpt><wpt lat="35.1127516" lon="-118.4773163"><name>1712</name></wpt><wpt lat="35.1127305" lon="-118.4773157"><name>1713</name></wpt><wpt lat="35.112708" lon="-118.4773144"><name>1714</name></wpt><wpt lat="35.112686" lon="-118.4773138"><name>1715</name></wpt><wpt lat="35.1126635" lon="-118.4773141"><name>1716</name></wpt><wpt lat="35.1126404" lon="-118.4773155"><name>1717</name></wpt><wpt lat="35.1126177" lon="-118.4773184"><name>1718</name></wpt><wpt lat="35.1125957" lon="-118.4773224"><name>1719</name></wpt><wpt lat="35.1125743" lon="-118.4773268"><name>1720</name></wpt><wpt lat="35.1125537" lon="-118.4773324"><name>1721</name></wpt><wpt lat="35.1125335" lon="-118.4773382"><name>1722</name></wpt><wpt lat="35.112514" lon="-118.477345"><name>1723</name></wpt><wpt lat="35.1124959" lon="-118.4773527"><name>1724</name></wpt><wpt lat="35.1124782" lon="-118.4773598"><name>1725</name></wpt><wpt lat="35.1124589" lon="-118.4773673"><name>1726</name></wpt><wpt lat="35.1124424" lon="-118.4773755"><name>1727</name></wpt><wpt lat="35.1124273" lon="-118.4773834"><name>1728</name></wpt><wpt lat="35.1124131" lon="-118.4773917"><name>1729</name></wpt><wpt lat="35.1124007" lon="-118.4774005"><name>1730</name></wpt><wpt lat="35.112389" lon="-118.4774089"><name>1731</name></wpt><wpt lat="35.1123766" lon="-118.4774171"><name>1732</name></wpt><wpt lat="35.1123644" lon="-118.4774236"><name>1733</name></wpt><wpt lat="35.112353" lon="-118.4774304"><name>1734</name></wpt><wpt lat="35.1123393" lon="-118.4774375"><name>1735</name></wpt><wpt lat="35.1123263" lon="-118.4774439"><name>1736</name></wpt><wpt lat="35.1123135" lon="-118.4774502"><name>1737</name></wpt><wpt lat="35.1123025" lon="-118.4774575"><name>1738</name></wpt><wpt lat="35.112291" lon="-118.4774656"><name>1739</name></wpt><wpt lat="35.1122797" lon="-118.4774737"><name>1740</name></wpt><wpt lat="35.1122708" lon="-118.4774829"><name>1741</name></wpt><wpt lat="35.1122613" lon="-118.4774924"><name>1742</name></wpt><wpt lat="35.1122522" lon="-118.4775016"><name>1743</name></wpt><wpt lat="35.1122444" lon="-118.477511"><name>1744</name></wpt><wpt lat="35.1122368" lon="-118.4775206"><name>1745</name></wpt><wpt lat="35.1122296" lon="-118.4775301"><name>1746</name></wpt><wpt lat="35.1122228" lon="-118.4775388"><name>1747</name></wpt><wpt lat="35.1122169" lon="-118.4775474"><name>1748</name></wpt><wpt lat="35.1122116" lon="-118.4775561"><name>1749</name></wpt><wpt lat="35.1122065" lon="-118.4775645"><name>1750</name></wpt><wpt lat="35.1122016" lon="-118.4775725"><name>1751</name></wpt><wpt lat="35.1121974" lon="-118.4775801"><name>1752</name></wpt><wpt lat="35.1121926" lon="-118.4775882"><name>1753</name></wpt><wpt lat="35.1121884" lon="-118.4775957"><name>1754</name></wpt><wpt lat="35.1121843" lon="-118.4776032"><name>1755</name></wpt><wpt lat="35.1121796" lon="-118.4776115"><name>1756</name></wpt><wpt lat="35.1121749" lon="-118.4776202"><name>1757</name></wpt><wpt lat="35.11217" lon="-118.4776293"><name>1758</name></wpt><wpt lat="35.1121649" lon="-118.4776386"><name>1759</name></wpt><wpt lat="35.1121597" lon="-118.4776489"><name>1760</name></wpt><wpt lat="35.1121552" lon="-118.4776587"><name>1761</name></wpt><wpt lat="35.1121505" lon="-118.4776684"><name>1762</name></wpt><wpt lat="35.1121462" lon="-118.4776781"><name>1763</name></wpt><wpt lat="35.1121415" lon="-118.4776887"><name>1764</name></wpt><wpt lat="35.112137" lon="-118.477699"><name>1765</name></wpt><wpt lat="35.1121333" lon="-118.4777096"><name>1766</name></wpt><wpt lat="35.1121293" lon="-118.4777203"><name>1767</name></wpt><wpt lat="35.1121256" lon="-118.477731"><name>1768</name></wpt><wpt lat="35.1121221" lon="-118.4777419"><name>1769</name></wpt><wpt lat="35.1121182" lon="-118.4777523"><name>1770</name></wpt><wpt lat="35.1121142" lon="-118.4777631"><name>1771</name></wpt><wpt lat="35.1121106" lon="-118.4777736"><name>1772</name></wpt><wpt lat="35.1121076" lon="-118.4777839"><name>1773</name></wpt><wpt lat="35.1121044" lon="-118.477794"><name>1774</name></wpt><wpt lat="35.1121015" lon="-118.4778043"><name>1775</name></wpt><wpt lat="35.1120988" lon="-118.4778147"><name>1776</name></wpt><wpt lat="35.112096" lon="-118.477825"><name>1777</name></wpt><wpt lat="35.1120936" lon="-118.4778353"><name>1778</name></wpt><wpt lat="35.1120912" lon="-118.4778457"><name>1779</name></wpt><wpt lat="35.1120884" lon="-118.4778563"><name>1780</name></wpt><wpt lat="35.1120858" lon="-118.4778667"><name>1781</name></wpt><wpt lat="35.1120835" lon="-118.4778773"><name>1782</name></wpt><wpt lat="35.112081" lon="-118.4778881"><name>1783</name></wpt><wpt lat="35.1120786" lon="-118.4778985"><name>1784</name></wpt><wpt lat="35.1120765" lon="-118.4779087"><name>1785</name></wpt><wpt lat="35.1120747" lon="-118.4779186"><name>1786</name></wpt><wpt lat="35.1120732" lon="-118.4779283"><name>1787</name></wpt><wpt lat="35.1120717" lon="-118.477938"><name>1788</name></wpt><wpt lat="35.1120703" lon="-118.4779477"><name>1789</name></wpt><wpt lat="35.1120687" lon="-118.4779575"><name>1790</name></wpt><wpt lat="35.1120674" lon="-118.4779674"><name>1791</name></wpt><wpt lat="35.1120663" lon="-118.4779772"><name>1792</name></wpt><wpt lat="35.1120651" lon="-118.4779872"><name>1793</name></wpt><wpt lat="35.112064" lon="-118.4779973"><name>1794</name></wpt><wpt lat="35.1120632" lon="-118.4780074"><name>1795</name></wpt><wpt lat="35.112062" lon="-118.4780178"><name>1796</name></wpt><wpt lat="35.1120607" lon="-118.4780283"><name>1797</name></wpt><wpt lat="35.1120594" lon="-118.4780389"><name>1798</name></wpt><wpt lat="35.112058" lon="-118.4780497"><name>1799</name></wpt><wpt lat="35.1120568" lon="-118.4780608"><name>1800</name></wpt><wpt lat="35.1120557" lon="-118.4780716"><name>1801</name></wpt><wpt lat="35.1120547" lon="-118.4780825"><name>1802</name></wpt><wpt lat="35.1120537" lon="-118.4780934"><name>1803</name></wpt><wpt lat="35.112053" lon="-118.4781041"><name>1804</name></wpt><wpt lat="35.1120521" lon="-118.4781141"><name>1805</name></wpt><wpt lat="35.1120513" lon="-118.4781235"><name>1806</name></wpt><wpt lat="35.1120514" lon="-118.4781334"><name>1807</name></wpt><wpt lat="35.1120516" lon="-118.4781429"><name>1808</name></wpt><wpt lat="35.112052" lon="-118.4781519"><name>1809</name></wpt><wpt lat="35.1120531" lon="-118.4781606"><name>1810</name></wpt><wpt lat="35.1120543" lon="-118.4781695"><name>1811</name></wpt><wpt lat="35.1120553" lon="-118.4781783"><name>1812</name></wpt><wpt lat="35.1120563" lon="-118.4781874"><name>1813</name></wpt><wpt lat="35.1120572" lon="-118.4781967"><name>1814</name></wpt><wpt lat="35.1120581" lon="-118.4782062"><name>1815</name></wpt><wpt lat="35.1120589" lon="-118.4782159"><name>1816</name></wpt><wpt lat="35.1120591" lon="-118.4782256"><name>1817</name></wpt><wpt lat="35.1120594" lon="-118.4782356"><name>1818</name></wpt><wpt lat="35.11206" lon="-118.4782461"><name>1819</name></wpt><wpt lat="35.1120598" lon="-118.4782564"><name>1820</name></wpt><wpt lat="35.1120593" lon="-118.4782665"><name>1821</name></wpt><wpt lat="35.1120591" lon="-118.4782866"><name>1822</name></wpt><wpt lat="35.1120592" lon="-118.4782966"><name>1823</name></wpt><wpt lat="35.1120593" lon="-118.4783068"><name>1824</name></wpt><wpt lat="35.1120592" lon="-118.4783171"><name>1825</name></wpt><wpt lat="35.1120597" lon="-118.4783272"><name>1826</name></wpt><wpt lat="35.1120606" lon="-118.4783368"><name>1827</name></wpt><wpt lat="35.1120615" lon="-118.4783462"><name>1828</name></wpt><wpt lat="35.1120626" lon="-118.4783556"><name>1829</name></wpt><wpt lat="35.1120638" lon="-118.4783651"><name>1830</name></wpt><wpt lat="35.1120651" lon="-118.4783746"><name>1831</name></wpt><wpt lat="35.1120666" lon="-118.4783839"><name>1832</name></wpt><wpt lat="35.1120679" lon="-118.4783932"><name>1833</name></wpt><wpt lat="35.1120695" lon="-118.4784027"><name>1834</name></wpt><wpt lat="35.1120717" lon="-118.478412"><name>1835</name></wpt><wpt lat="35.1120745" lon="-118.4784212"><name>1836</name></wpt><wpt lat="35.1120776" lon="-118.4784302"><name>1837</name></wpt><wpt lat="35.1120803" lon="-118.4784397"><name>1838</name></wpt><wpt lat="35.1120831" lon="-118.4784495"><name>1839</name></wpt><wpt lat="35.1120863" lon="-118.4784589"><name>1840</name></wpt><wpt lat="35.1120897" lon="-118.4784683"><name>1841</name></wpt><wpt lat="35.1120931" lon="-118.4784779"><name>1842</name></wpt><wpt lat="35.1120967" lon="-118.4784868"><name>1843</name></wpt><wpt lat="35.1120999" lon="-118.478496"><name>1844</name></wpt><wpt lat="35.1121032" lon="-118.4785054"><name>1845</name></wpt><wpt lat="35.1121069" lon="-118.4785145"><name>1846</name></wpt><wpt lat="35.1121108" lon="-118.4785234"><name>1847</name></wpt><wpt lat="35.112115" lon="-118.478532"><name>1848</name></wpt><wpt lat="35.112119" lon="-118.4785404"><name>1849</name></wpt><wpt lat="35.1121231" lon="-118.4785486"><name>1850</name></wpt><wpt lat="35.1121275" lon="-118.4785577"><name>1851</name></wpt><wpt lat="35.1121319" lon="-118.4785668"><name>1852</name></wpt><wpt lat="35.1121365" lon="-118.4785759"><name>1853</name></wpt><wpt lat="35.1121412" lon="-118.4785839"><name>1854</name></wpt><wpt lat="35.1121455" lon="-118.4785929"><name>1855</name></wpt><wpt lat="35.1121501" lon="-118.4786017"><name>1856</name></wpt><wpt lat="35.112155" lon="-118.4786095"><name>1857</name></wpt><wpt lat="35.1121599" lon="-118.4786181"><name>1858</name></wpt><wpt lat="35.1121649" lon="-118.478626"><name>1859</name></wpt><wpt lat="35.1121701" lon="-118.4786341"><name>1860</name></wpt><wpt lat="35.1121753" lon="-118.4786424"><name>1861</name></wpt><wpt lat="35.1121809" lon="-118.4786506"><name>1862</name></wpt><wpt lat="35.112187" lon="-118.4786587"><name>1863</name></wpt><wpt lat="35.1121926" lon="-118.4786668"><name>1864</name></wpt><wpt lat="35.1121979" lon="-118.4786748"><name>1865</name></wpt><wpt lat="35.1122037" lon="-118.4786827"><name>1866</name></wpt><wpt lat="35.1122091" lon="-118.4786907"><name>1867</name></wpt><wpt lat="35.1122148" lon="-118.4786991"><name>1868</name></wpt><wpt lat="35.1122208" lon="-118.478707"><name>1869</name></wpt><wpt lat="35.1122268" lon="-118.4787149"><name>1870</name></wpt><wpt lat="35.1122328" lon="-118.4787226"><name>1871</name></wpt><wpt lat="35.1122387" lon="-118.47873"><name>1872</name></wpt><wpt lat="35.1122446" lon="-118.4787375"><name>1873</name></wpt><wpt lat="35.1122504" lon="-118.4787445"><name>1874</name></wpt><wpt lat="35.1122566" lon="-118.4787514"><name>1875</name></wpt><wpt lat="35.1122632" lon="-118.4787582"><name>1876</name></wpt><wpt lat="35.1122696" lon="-118.4787649"><name>1877</name></wpt><wpt lat="35.1122763" lon="-118.4787715"><name>1878</name></wpt><wpt lat="35.1122832" lon="-118.4787776"><name>1879</name></wpt><wpt lat="35.1122901" lon="-118.4787837"><name>1880</name></wpt><wpt lat="35.1122973" lon="-118.4787898"><name>1881</name></wpt><wpt lat="35.1123043" lon="-118.4787954"><name>1882</name></wpt><wpt lat="35.1123115" lon="-118.4788015"><name>1883</name></wpt><wpt lat="35.1123189" lon="-118.4788081"><name>1884</name></wpt><wpt lat="35.1123264" lon="-118.4788145"><name>1885</name></wpt><wpt lat="35.112334" lon="-118.478821"><name>1886</name></wpt><wpt lat="35.1123414" lon="-118.4788271"><name>1887</name></wpt><wpt lat="35.1123489" lon="-118.4788341"><name>1888</name></wpt><wpt lat="35.1123567" lon="-118.4788406"><name>1889</name></wpt><wpt lat="35.1123645" lon="-118.4788468"><name>1890</name></wpt><wpt lat="35.1123724" lon="-118.4788533"><name>1891</name></wpt><wpt lat="35.1123804" lon="-118.4788593"><name>1892</name></wpt><wpt lat="35.1123884" lon="-118.4788651"><name>1893</name></wpt><wpt lat="35.1123965" lon="-118.4788712"><name>1894</name></wpt><wpt lat="35.1124046" lon="-118.4788774"><name>1895</name></wpt><wpt lat="35.112413" lon="-118.4788841"><name>1896</name></wpt><wpt lat="35.1124217" lon="-118.4788905"><name>1897</name></wpt><wpt lat="35.1124309" lon="-118.4788966"><name>1898</name></wpt><wpt lat="35.1124406" lon="-118.4789027"><name>1899</name></wpt><wpt lat="35.1124503" lon="-118.4789087"><name>1900</name></wpt><wpt lat="35.1124604" lon="-118.4789148"><name>1901</name></wpt><wpt lat="35.1124711" lon="-118.4789208"><name>1902</name></wpt><wpt lat="35.1124817" lon="-118.4789267"><name>1903</name></wpt><wpt lat="35.1124927" lon="-118.4789324"><name>1904</name></wpt><wpt lat="35.1125041" lon="-118.4789383"><name>1905</name></wpt><wpt lat="35.1125159" lon="-118.4789445"><name>1906</name></wpt><wpt lat="35.112528" lon="-118.4789506"><name>1907</name></wpt><wpt lat="35.1125403" lon="-118.4789565"><name>1908</name></wpt><wpt lat="35.1125531" lon="-118.4789621"><name>1909</name></wpt><wpt lat="35.1125662" lon="-118.4789674"><name>1910</name></wpt><wpt lat="35.1125796" lon="-118.4789723"><name>1911</name></wpt><wpt lat="35.1125934" lon="-118.4789767"><name>1912</name></wpt><wpt lat="35.112608" lon="-118.4789803"><name>1913</name></wpt><wpt lat="35.112623" lon="-118.4789837"><name>1914</name></wpt><wpt lat="35.1126384" lon="-118.4789868"><name>1915</name></wpt><wpt lat="35.1126543" lon="-118.478989"><name>1916</name></wpt><wpt lat="35.1126705" lon="-118.4789908"><name>1917</name></wpt><wpt lat="35.1126865" lon="-118.4789918"><name>1918</name></wpt><wpt lat="35.1127029" lon="-118.4789921"><name>1919</name></wpt><wpt lat="35.11272" lon="-118.4789922"><name>1920</name></wpt><wpt lat="35.112737" lon="-118.478991"><name>1921</name></wpt><wpt lat="35.1127541" lon="-118.4789892"><name>1922</name></wpt><wpt lat="35.1127713" lon="-118.4789872"><name>1923</name></wpt><wpt lat="35.1127887" lon="-118.478985"><name>1924</name></wpt><wpt lat="35.1128066" lon="-118.4789823"><name>1925</name></wpt><wpt lat="35.1128253" lon="-118.4789791"><name>1926</name></wpt><wpt lat="35.112844" lon="-118.4789762"><name>1927</name></wpt><wpt lat="35.1128629" lon="-118.4789728"><name>1928</name></wpt><wpt lat="35.1128829" lon="-118.4789688"><name>1929</name></wpt><wpt lat="35.1129035" lon="-118.4789645"><name>1930</name></wpt><wpt lat="35.1129241" lon="-118.4789602"><name>1931</name></wpt><wpt lat="35.1129455" lon="-118.4789561"><name>1932</name></wpt><wpt lat="35.1129686" lon="-118.47895"><name>1933</name></wpt><wpt lat="35.1129923" lon="-118.4789434"><name>1934</name></wpt><wpt lat="35.1130169" lon="-118.4789358"><name>1935</name></wpt><wpt lat="35.1130423" lon="-118.4789266"><name>1936</name></wpt><wpt lat="35.1130685" lon="-118.4789143"><name>1937</name></wpt><wpt lat="35.1130953" lon="-118.478899"><name>1938</name></wpt><wpt lat="35.1131223" lon="-118.4788818"><name>1939</name></wpt><wpt lat="35.1131494" lon="-118.478863"><name>1940</name></wpt><wpt lat="35.1131766" lon="-118.4788425"><name>1941</name></wpt><wpt lat="35.1132042" lon="-118.4788188"><name>1942</name></wpt><wpt lat="35.1132322" lon="-118.4787923"><name>1943</name></wpt><wpt lat="35.1132604" lon="-118.4787641"><name>1944</name></wpt><wpt lat="35.1132875" lon="-118.4787332"><name>1945</name></wpt><wpt lat="35.1133117" lon="-118.4786967"><name>1946</name></wpt><wpt lat="35.1133332" lon="-118.4786559"><name>1947</name></wpt><wpt lat="35.1133527" lon="-118.4786128"><name>1948</name></wpt><wpt lat="35.1133689" lon="-118.4785665"><name>1949</name></wpt><wpt lat="35.1133822" lon="-118.4785182"><name>1950</name></wpt><wpt lat="35.1133928" lon="-118.4784683"><name>1951</name></wpt><wpt lat="35.1134001" lon="-118.4784172"><name>1952</name></wpt><wpt lat="35.1134039" lon="-118.478365"><name>1953</name></wpt><wpt lat="35.1134044" lon="-118.4783121"><name>1954</name></wpt><wpt lat="35.1134016" lon="-118.4782594"><name>1955</name></wpt><wpt lat="35.1133959" lon="-118.4782067"><name>1956</name></wpt><wpt lat="35.1133877" lon="-118.4781548"><name>1957</name></wpt><wpt lat="35.1133773" lon="-118.4781032"><name>1958</name></wpt><wpt lat="35.1133656" lon="-118.4780522"><name>1959</name></wpt><wpt lat="35.1133525" lon="-118.4780017"><name>1960</name></wpt><wpt lat="35.1133381" lon="-118.4779518"><name>1961</name></wpt><wpt lat="35.1133222" lon="-118.4779032"><name>1962</name></wpt><wpt lat="35.1133043" lon="-118.4778556"><name>1963</name></wpt><wpt lat="35.1132853" lon="-118.4778102"><name>1964</name></wpt><wpt lat="35.1132645" lon="-118.4777657"><name>1965</name></wpt><wpt lat="35.1132416" lon="-118.4777225"><name>1966</name></wpt><wpt lat="35.1132167" lon="-118.4776822"><name>1967</name></wpt><wpt lat="35.1131905" lon="-118.4776443"><name>1968</name></wpt><wpt lat="35.1131627" lon="-118.4776092"><name>1969</name></wpt><wpt lat="35.1131338" lon="-118.4775768"><name>1970</name></wpt><wpt lat="35.1131048" lon="-118.4775474"><name>1971</name></wpt><wpt lat="35.1130752" lon="-118.4775211"><name>1972</name></wpt><wpt lat="35.113045" lon="-118.4774976"><name>1973</name></wpt><wpt lat="35.1130153" lon="-118.4774778"><name>1974</name></wpt><wpt lat="35.112986" lon="-118.4774618"><name>1975</name></wpt><wpt lat="35.1129573" lon="-118.477448"><name>1976</name></wpt><wpt lat="35.1129288" lon="-118.4774354"><name>1977</name></wpt><wpt lat="35.1129001" lon="-118.477424"><name>1978</name></wpt><wpt lat="35.1128723" lon="-118.4774145"><name>1979</name></wpt><wpt lat="35.1128442" lon="-118.4774047"><name>1980</name></wpt><wpt lat="35.1128164" lon="-118.4773965"><name>1981</name></wpt><wpt lat="35.1127878" lon="-118.4773886"><name>1982</name></wpt><wpt lat="35.1127591" lon="-118.4773822"><name>1983</name></wpt><wpt lat="35.1127302" lon="-118.4773775"><name>1984</name></wpt><wpt lat="35.1127019" lon="-118.4773743"><name>1985</name></wpt><wpt lat="35.1126745" lon="-118.4773732"><name>1986</name></wpt><wpt lat="35.1126473" lon="-118.4773727"><name>1987</name></wpt><wpt lat="35.1126206" lon="-118.4773724"><name>1988</name></wpt><wpt lat="35.1125944" lon="-118.4773725"><name>1989</name></wpt><wpt lat="35.1125684" lon="-118.4773734"><name>1990</name></wpt><wpt lat="35.112543" lon="-118.4773753"><name>1991</name></wpt><wpt lat="35.1125182" lon="-118.4773775"><name>1992</name></wpt><wpt lat="35.1124943" lon="-118.477381"><name>1993</name></wpt><wpt lat="35.1124717" lon="-118.4773861"><name>1994</name></wpt><wpt lat="35.1124509" lon="-118.4773919"><name>1995</name></wpt><wpt lat="35.1124318" lon="-118.477398"><name>1996</name></wpt><wpt lat="35.1124144" lon="-118.4774041"><name>1997</name></wpt><wpt lat="35.1123979" lon="-118.4774104"><name>1998</name></wpt><wpt lat="35.1123826" lon="-118.477417"><name>1999</name></wpt><wpt lat="35.1123686" lon="-118.4774237"><name>2000</name></wpt><wpt lat="35.1123559" lon="-118.4774298"><name>2001</name></wpt><wpt lat="35.112344" lon="-118.4774364"><name>2002</name></wpt><wpt lat="35.1123323" lon="-118.4774431"><name>2003</name></wpt><wpt lat="35.1123215" lon="-118.4774498"><name>2004</name></wpt><wpt lat="35.1123116" lon="-118.4774569"><name>2005</name></wpt><wpt lat="35.112302" lon="-118.4774638"><name>2006</name></wpt><wpt lat="35.1122926" lon="-118.477471"><name>2007</name></wpt><wpt lat="35.1122837" lon="-118.4774784"><name>2008</name></wpt><wpt lat="35.1122749" lon="-118.4774853"><name>2009</name></wpt><wpt lat="35.1122668" lon="-118.4774927"><name>2010</name></wpt><wpt lat="35.1122582" lon="-118.4775001"><name>2011</name></wpt><wpt lat="35.1122508" lon="-118.4775076"><name>2012</name></wpt><wpt lat="35.1122451" lon="-118.477514"><name>2013</name></wpt><wpt lat="35.1122397" lon="-118.4775193"><name>2014</name></wpt><wpt lat="35.1122336" lon="-118.4775245"><name>2015</name></wpt><wpt lat="35.1122274" lon="-118.4775312"><name>2016</name></wpt><wpt lat="35.1122221" lon="-118.4775389"><name>2017</name></wpt><wpt lat="35.1122168" lon="-118.477547"><name>2018</name></wpt><wpt lat="35.1122114" lon="-118.477555"><name>2019</name></wpt><wpt lat="35.1122058" lon="-118.4775631"><name>2020</name></wpt><wpt lat="35.1121999" lon="-118.4775709"><name>2021</name></wpt><wpt lat="35.1121937" lon="-118.4775786"><name>2022</name></wpt><wpt lat="35.1121876" lon="-118.4775854"><name>2023</name></wpt><wpt lat="35.1121816" lon="-118.4775926"><name>2024</name></wpt><wpt lat="35.1121757" lon="-118.4776003"><name>2025</name></wpt><wpt lat="35.1121701" lon="-118.4776076"><name>2026</name></wpt><wpt lat="35.1121643" lon="-118.4776154"><name>2027</name></wpt><wpt lat="35.1121589" lon="-118.4776229"><name>2028</name></wpt><wpt lat="35.1121539" lon="-118.4776302"><name>2029</name></wpt><wpt lat="35.1121493" lon="-118.4776381"><name>2030</name></wpt><wpt lat="35.1121447" lon="-118.4776452"><name>2031</name></wpt><wpt lat="35.1121402" lon="-118.4776523"><name>2032</name></wpt><wpt lat="35.1121357" lon="-118.4776594"><name>2033</name></wpt><wpt lat="35.1121316" lon="-118.4776667"><name>2034</name></wpt><wpt lat="35.1121287" lon="-118.4776724"><name>2035</name></wpt><wpt lat="35.1121258" lon="-118.4776781"><name>2036</name></wpt><wpt lat="35.1121225" lon="-118.4776861"><name>2037</name></wpt><wpt lat="35.1121196" lon="-118.4776945"><name>2038</name></wpt><wpt lat="35.1121173" lon="-118.477701"><name>2039</name></wpt><wpt lat="35.1121148" lon="-118.4777075"><name>2040</name></wpt><wpt lat="35.1121128" lon="-118.4777143"><name>2041</name></wpt><wpt lat="35.1121109" lon="-118.4777207"><name>2042</name></wpt><wpt lat="35.1121089" lon="-118.4777278"><name>2043</name></wpt><wpt lat="35.1121072" lon="-118.477735"><name>2044</name></wpt><wpt lat="35.1121057" lon="-118.4777418"><name>2045</name></wpt><wpt lat="35.1121041" lon="-118.4777486"><name>2046</name></wpt><wpt lat="35.1121024" lon="-118.4777552"><name>2047</name></wpt><wpt lat="35.1121012" lon="-118.4777625"><name>2048</name></wpt><wpt lat="35.1120996" lon="-118.4777696"><name>2049</name></wpt><wpt lat="35.1120975" lon="-118.4777766"><name>2050</name></wpt><wpt lat="35.1120955" lon="-118.4777844"><name>2051</name></wpt><wpt lat="35.112093" lon="-118.4777924"><name>2052</name></wpt><wpt lat="35.1120904" lon="-118.4778006"><name>2053</name></wpt><wpt lat="35.1120883" lon="-118.4778094"><name>2054</name></wpt><wpt lat="35.1120863" lon="-118.4778179"><name>2055</name></wpt><wpt lat="35.112084" lon="-118.4778266"><name>2056</name></wpt><wpt lat="35.1120814" lon="-118.4778352"><name>2057</name></wpt><wpt lat="35.1120788" lon="-118.4778424"><name>2058</name></wpt><wpt lat="35.1120761" lon="-118.4778506"><name>2059</name></wpt><wpt lat="35.1120741" lon="-118.4778592"><name>2060</name></wpt><wpt lat="35.1120721" lon="-118.4778671"><name>2061</name></wpt><wpt lat="35.1120703" lon="-118.4778741"><name>2062</name></wpt><wpt lat="35.1120684" lon="-118.4778805"><name>2063</name></wpt><wpt lat="35.1120673" lon="-118.4778868"><name>2064</name></wpt><wpt lat="35.1120663" lon="-118.477893"><name>2065</name></wpt><wpt lat="35.112065" lon="-118.4778992"><name>2066</name></wpt><wpt lat="35.1120639" lon="-118.4779052"><name>2067</name></wpt><wpt lat="35.1120634" lon="-118.4779112"><name>2068</name></wpt><wpt lat="35.1120629" lon="-118.4779169"><name>2069</name></wpt><wpt lat="35.1120617" lon="-118.4779228"><name>2070</name></wpt><wpt lat="35.1120603" lon="-118.4779292"><name>2071</name></wpt><wpt lat="35.1120592" lon="-118.4779359"><name>2072</name></wpt><wpt lat="35.1120582" lon="-118.4779426"><name>2073</name></wpt><wpt lat="35.1120573" lon="-118.4779491"><name>2074</name></wpt><wpt lat="35.1120567" lon="-118.4779555"><name>2075</name></wpt><wpt lat="35.1120561" lon="-118.4779614"><name>2076</name></wpt><wpt lat="35.1120548" lon="-118.4779674"><name>2077</name></wpt><wpt lat="35.1120538" lon="-118.4779734"><name>2078</name></wpt><wpt lat="35.1120534" lon="-118.4779788"><name>2079</name></wpt><wpt lat="35.1120529" lon="-118.477984"><name>2080</name></wpt><wpt lat="35.1120523" lon="-118.4779892"><name>2081</name></wpt><wpt lat="35.1120516" lon="-118.4779939"><name>2082</name></wpt><wpt lat="35.1120506" lon="-118.4779986"><name>2083</name></wpt><wpt lat="35.1120503" lon="-118.4780039"><name>2084</name></wpt><wpt lat="35.1120499" lon="-118.4780096"><name>2085</name></wpt><wpt lat="35.1120488" lon="-118.4780151"><name>2086</name></wpt><wpt lat="35.1120478" lon="-118.4780205"><name>2087</name></wpt><wpt lat="35.1120473" lon="-118.4780257"><name>2088</name></wpt><wpt lat="35.1120469" lon="-118.4780308"><name>2089</name></wpt><wpt lat="35.1120463" lon="-118.4780357"><name>2090</name></wpt><wpt lat="35.1120454" lon="-118.4780405"><name>2091</name></wpt><wpt lat="35.1120445" lon="-118.4780454"><name>2092</name></wpt><wpt lat="35.112044" lon="-118.4780502"><name>2093</name></wpt><wpt lat="35.1120434" lon="-118.4780551"><name>2094</name></wpt><wpt lat="35.1120425" lon="-118.4780606"><name>2095</name></wpt><wpt lat="35.1120419" lon="-118.4780658"><name>2096</name></wpt><wpt lat="35.1120414" lon="-118.4780711"><name>2097</name></wpt><wpt lat="35.1120408" lon="-118.4780759"><name>2098</name></wpt><wpt lat="35.1120402" lon="-118.4780811"><name>2099</name></wpt><wpt lat="35.1120396" lon="-118.4780866"><name>2100</name></wpt><wpt lat="35.1120392" lon="-118.4780918"><name>2101</name></wpt><wpt lat="35.1120388" lon="-118.4780972"><name>2102</name></wpt><wpt lat="35.1120384" lon="-118.4781026"><name>2103</name></wpt><wpt lat="35.1120379" lon="-118.4781078"><name>2104</name></wpt><wpt lat="35.1120373" lon="-118.4781129"><name>2105</name></wpt><wpt lat="35.1120366" lon="-118.478118"><name>2106</name></wpt><wpt lat="35.112036" lon="-118.4781231"><name>2107</name></wpt><wpt lat="35.1120356" lon="-118.4781287"><name>2108</name></wpt><wpt lat="35.1120351" lon="-118.4781346"><name>2109</name></wpt><wpt lat="35.1120347" lon="-118.4781404"><name>2110</name></wpt><wpt lat="35.1120342" lon="-118.4781463"><name>2111</name></wpt><wpt lat="35.1120335" lon="-118.4781523"><name>2112</name></wpt><wpt lat="35.112033" lon="-118.4781587"><name>2113</name></wpt><wpt lat="35.1120328" lon="-118.4781654"><name>2114</name></wpt><wpt lat="35.1120325" lon="-118.478172"><name>2115</name></wpt><wpt lat="35.1120321" lon="-118.4781789"><name>2116</name></wpt><wpt lat="35.1120317" lon="-118.478186"><name>2117</name></wpt><wpt lat="35.1120314" lon="-118.4781931"><name>2118</name></wpt><wpt lat="35.1120313" lon="-118.4782005"><name>2119</name></wpt><wpt lat="35.1120309" lon="-118.4782078"><name>2120</name></wpt><wpt lat="35.1120305" lon="-118.4782157"><name>2121</name></wpt><wpt lat="35.1120301" lon="-118.4782238"><name>2122</name></wpt><wpt lat="35.1120299" lon="-118.4782318"><name>2123</name></wpt><wpt lat="35.1120301" lon="-118.478246"><name>2124</name></wpt><wpt lat="35.1120304" lon="-118.4782525"><name>2125</name></wpt><wpt lat="35.1120309" lon="-118.478259"><name>2126</name></wpt><wpt lat="35.1120317" lon="-118.4782648"><name>2127</name></wpt><wpt lat="35.1120325" lon="-118.4782709"><name>2128</name></wpt><wpt lat="35.1120335" lon="-118.4782774"><name>2129</name></wpt><wpt lat="35.1120344" lon="-118.4782837"><name>2130</name></wpt><wpt lat="35.112035" lon="-118.4782908"><name>2131</name></wpt><wpt lat="35.1120357" lon="-118.4782991"><name>2132</name></wpt><wpt lat="35.1120364" lon="-118.4783073"><name>2133</name></wpt><wpt lat="35.1120372" lon="-118.478316"><name>2134</name></wpt><wpt lat="35.1120381" lon="-118.4783251"><name>2135</name></wpt><wpt lat="35.1120391" lon="-118.4783341"><name>2136</name></wpt><wpt lat="35.1120402" lon="-118.4783433"><name>2137</name></wpt><wpt lat="35.1120416" lon="-118.4783528"><name>2138</name></wpt><wpt lat="35.112043" lon="-118.4783627"><name>2139</name></wpt><wpt lat="35.1120444" lon="-118.4783726"><name>2140</name></wpt><wpt lat="35.112046" lon="-118.4783825"><name>2141</name></wpt><wpt lat="35.1120479" lon="-118.4783925"><name>2142</name></wpt><wpt lat="35.1120498" lon="-118.4784026"><name>2143</name></wpt><wpt lat="35.1120519" lon="-118.478413"><name>2144</name></wpt><wpt lat="35.1120544" lon="-118.4784235"><name>2145</name></wpt><wpt lat="35.1120571" lon="-118.4784342"><name>2146</name></wpt><wpt lat="35.1120598" lon="-118.4784449"><name>2147</name></wpt><wpt lat="35.1120626" lon="-118.4784555"><name>2148</name></wpt><wpt lat="35.1120657" lon="-118.4784662"><name>2149</name></wpt><wpt lat="35.112069" lon="-118.4784763"><name>2150</name></wpt><wpt lat="35.1120727" lon="-118.4784868"><name>2151</name></wpt><wpt lat="35.1120765" lon="-118.4784977"><name>2152</name></wpt><wpt lat="35.1120819" lon="-118.478508"><name>2153</name></wpt><wpt lat="35.1120885" lon="-118.4785179"><name>2154</name></wpt><wpt lat="35.1120941" lon="-118.4785276"><name>2155</name></wpt><wpt lat="35.1120992" lon="-118.4785368"><name>2156</name></wpt><wpt lat="35.1121045" lon="-118.4785461"><name>2157</name></wpt><wpt lat="35.1121096" lon="-118.478556"><name>2158</name></wpt><wpt lat="35.1121151" lon="-118.4785662"><name>2159</name></wpt><wpt lat="35.1121209" lon="-118.478577"><name>2160</name></wpt><wpt lat="35.1121271" lon="-118.4785876"><name>2161</name></wpt><wpt lat="35.1121335" lon="-118.4785981"><name>2162</name></wpt><wpt lat="35.1121399" lon="-118.4786073"><name>2163</name></wpt><wpt lat="35.1121461" lon="-118.4786172"><name>2164</name></wpt><wpt lat="35.1121522" lon="-118.4786272"><name>2165</name></wpt><wpt lat="35.1121593" lon="-118.4786368"><name>2166</name></wpt><wpt lat="35.1121677" lon="-118.4786458"><name>2167</name></wpt><wpt lat="35.1121753" lon="-118.4786544"><name>2168</name></wpt><wpt lat="35.1121824" lon="-118.4786632"><name>2169</name></wpt><wpt lat="35.1121903" lon="-118.4786714"><name>2170</name></wpt><wpt lat="35.1121984" lon="-118.4786795"><name>2171</name></wpt><wpt lat="35.1122066" lon="-118.4786877"><name>2172</name></wpt><wpt lat="35.1122145" lon="-118.4786959"><name>2173</name></wpt><wpt lat="35.1122222" lon="-118.4787039"><name>2174</name></wpt><wpt lat="35.1122302" lon="-118.4787111"><name>2175</name></wpt><wpt lat="35.112238" lon="-118.4787193"><name>2176</name></wpt><wpt lat="35.1122457" lon="-118.4787273"><name>2177</name></wpt><wpt lat="35.1122531" lon="-118.4787357"><name>2178</name></wpt><wpt lat="35.1122603" lon="-118.4787435"><name>2179</name></wpt><wpt lat="35.1122674" lon="-118.4787515"><name>2180</name></wpt><wpt lat="35.1122747" lon="-118.4787591"><name>2181</name></wpt><wpt lat="35.1122819" lon="-118.4787673"><name>2182</name></wpt><wpt lat="35.1122892" lon="-118.478775"><name>2183</name></wpt><wpt lat="35.1122961" lon="-118.4787831"><name>2184</name></wpt><wpt lat="35.1123031" lon="-118.478791"><name>2185</name></wpt><wpt lat="35.1123103" lon="-118.4787986"><name>2186</name></wpt><wpt lat="35.1123175" lon="-118.4788062"><name>2187</name></wpt><wpt lat="35.112325" lon="-118.4788144"><name>2188</name></wpt><wpt lat="35.1123332" lon="-118.4788231"><name>2189</name></wpt><wpt lat="35.1123419" lon="-118.4788321"><name>2190</name></wpt><wpt lat="35.1123503" lon="-118.4788414"><name>2191</name></wpt><wpt lat="35.1123588" lon="-118.4788511"><name>2192</name></wpt><wpt lat="35.1123676" lon="-118.4788595"><name>2193</name></wpt><wpt lat="35.1123767" lon="-118.4788682"><name>2194</name></wpt><wpt lat="35.112386" lon="-118.4788761"><name>2195</name></wpt><wpt lat="35.1123961" lon="-118.4788848"><name>2196</name></wpt><wpt lat="35.1124065" lon="-118.4788928"><name>2197</name></wpt><wpt lat="35.1124172" lon="-118.4789001"><name>2198</name></wpt><wpt lat="35.1124284" lon="-118.4789064"><name>2199</name></wpt><wpt lat="35.1124398" lon="-118.4789118"><name>2200</name></wpt><wpt lat="35.1124515" lon="-118.4789166"><name>2201</name></wpt><wpt lat="35.1124639" lon="-118.4789215"><name>2202</name></wpt><wpt lat="35.1124764" lon="-118.4789263"><name>2203</name></wpt><wpt lat="35.1124887" lon="-118.478931"><name>2204</name></wpt><wpt lat="35.1125011" lon="-118.4789359"><name>2205</name></wpt><wpt lat="35.1125139" lon="-118.4789411"><name>2206</name></wpt><wpt lat="35.1125267" lon="-118.4789466"><name>2207</name></wpt><wpt lat="35.1125395" lon="-118.4789522"><name>2208</name></wpt><wpt lat="35.1125526" lon="-118.478958"><name>2209</name></wpt><wpt lat="35.112566" lon="-118.4789642"><name>2210</name></wpt><wpt lat="35.1125794" lon="-118.4789709"><name>2211</name></wpt><wpt lat="35.1125928" lon="-118.4789774"><name>2212</name></wpt><wpt lat="35.112607" lon="-118.4789839"><name>2213</name></wpt><wpt lat="35.112622" lon="-118.4789896"><name>2214</name></wpt><wpt lat="35.1126374" lon="-118.4789941"><name>2215</name></wpt><wpt lat="35.1126527" lon="-118.4789993"><name>2216</name></wpt><wpt lat="35.1126688" lon="-118.4790058"><name>2217</name></wpt><wpt lat="35.1126862" lon="-118.4790123"><name>2218</name></wpt><wpt lat="35.1127038" lon="-118.4790181"><name>2219</name></wpt><wpt lat="35.1127225" lon="-118.479023"><name>2220</name></wpt><wpt lat="35.1127423" lon="-118.4790266"><name>2221</name></wpt><wpt lat="35.1127637" lon="-118.4790293"><name>2222</name></wpt><wpt lat="35.1127864" lon="-118.4790296"><name>2223</name></wpt><wpt lat="35.1128098" lon="-118.4790294"><name>2224</name></wpt><wpt lat="35.1128335" lon="-118.4790285"><name>2225</name></wpt><wpt lat="35.112858" lon="-118.4790258"><name>2226</name></wpt><wpt lat="35.1128833" lon="-118.4790208"><name>2227</name></wpt><wpt lat="35.1129095" lon="-118.4790144"><name>2228</name></wpt><wpt lat="35.1129366" lon="-118.4790068"><name>2229</name></wpt><wpt lat="35.1129646" lon="-118.4789978"><name>2230</name></wpt><wpt lat="35.1129935" lon="-118.4789868"><name>2231</name></wpt><wpt lat="35.1130226" lon="-118.4789731"><name>2232</name></wpt><wpt lat="35.1130513" lon="-118.4789563"><name>2233</name></wpt><wpt lat="35.1130798" lon="-118.4789358"><name>2234</name></wpt><wpt lat="35.1131078" lon="-118.4789125"><name>2235</name></wpt><wpt lat="35.1131347" lon="-118.478887"><name>2236</name></wpt><wpt lat="35.1131606" lon="-118.4788582"><name>2237</name></wpt><wpt lat="35.1131844" lon="-118.4788273"><name>2238</name></wpt><wpt lat="35.1132065" lon="-118.4787946"><name>2239</name></wpt><wpt lat="35.1132273" lon="-118.4787597"><name>2240</name></wpt><wpt lat="35.1132465" lon="-118.4787233"><name>2241</name></wpt><wpt lat="35.1132639" lon="-118.4786865"><name>2242</name></wpt><wpt lat="35.1132787" lon="-118.4786481"><name>2243</name></wpt><wpt lat="35.1132904" lon="-118.4786095"><name>2244</name></wpt><wpt lat="35.1132993" lon="-118.4785712"><name>2245</name></wpt><wpt lat="35.1133059" lon="-118.478532"><name>2246</name></wpt><wpt lat="35.113311" lon="-118.4784931"><name>2247</name></wpt><wpt lat="35.1133144" lon="-118.4784556"><name>2248</name></wpt><wpt lat="35.1133184" lon="-118.4784176"><name>2249</name></wpt><wpt lat="35.1133232" lon="-118.4783789"><name>2250</name></wpt><wpt lat="35.1133271" lon="-118.4783403"><name>2251</name></wpt><wpt lat="35.1133305" lon="-118.4783024"><name>2252</name></wpt><wpt lat="35.1133328" lon="-118.4782648"><name>2253</name></wpt><wpt lat="35.1133354" lon="-118.4782268"><name>2254</name></wpt><wpt lat="35.1133368" lon="-118.4781885"><name>2255</name></wpt><wpt lat="35.1133363" lon="-118.4781514"><name>2256</name></wpt><wpt lat="35.1133347" lon="-118.4781146"><name>2257</name></wpt><wpt lat="35.1133315" lon="-118.4780782"><name>2258</name></wpt><wpt lat="35.113327" lon="-118.4780426"><name>2259</name></wpt><wpt lat="35.1133225" lon="-118.4780075"><name>2260</name></wpt><wpt lat="35.1133171" lon="-118.4779725"><name>2261</name></wpt><wpt lat="35.1133109" lon="-118.4779378"><name>2262</name></wpt><wpt lat="35.1133036" lon="-118.4779038"><name>2263</name></wpt><wpt lat="35.1132945" lon="-118.4778714"><name>2264</name></wpt><wpt lat="35.1132842" lon="-118.4778404"><name>2265</name></wpt><wpt lat="35.1132731" lon="-118.4778105"><name>2266</name></wpt><wpt lat="35.1132612" lon="-118.4777816"><name>2267</name></wpt><wpt lat="35.1132485" lon="-118.4777543"><name>2268</name></wpt><wpt lat="35.113235" lon="-118.4777283"><name>2269</name></wpt><wpt lat="35.113222" lon="-118.4777041"><name>2270</name></wpt><wpt lat="35.1132082" lon="-118.4776805"><name>2271</name></wpt><wpt lat="35.1131941" lon="-118.4776573"><name>2272</name></wpt><wpt lat="35.1131803" lon="-118.4776354"><name>2273</name></wpt><wpt lat="35.1131662" lon="-118.4776146"><name>2274</name></wpt><wpt lat="35.1131519" lon="-118.4775941"><name>2275</name></wpt><wpt lat="35.1131373" lon="-118.4775745"><name>2276</name></wpt><wpt lat="35.1131224" lon="-118.4775564"><name>2277</name></wpt><wpt lat="35.113107" lon="-118.4775382"><name>2278</name></wpt><wpt lat="35.1130918" lon="-118.4775207"><name>2279</name></wpt><wpt lat="35.1130762" lon="-118.4775042"><name>2280</name></wpt><wpt lat="35.1130608" lon="-118.4774883"><name>2281</name></wpt><wpt lat="35.1130454" lon="-118.4774736"><name>2282</name></wpt><wpt lat="35.11303" lon="-118.4774605"><name>2283</name></wpt><wpt lat="35.1130147" lon="-118.4774482"><name>2284</name></wpt><wpt lat="35.1129994" lon="-118.4774361"><name>2285</name></wpt><wpt lat="35.1129846" lon="-118.4774254"><name>2286</name></wpt><wpt lat="35.1129701" lon="-118.4774153"><name>2287</name></wpt><wpt lat="35.1129553" lon="-118.477405"><name>2288</name></wpt><wpt lat="35.1129403" lon="-118.4773952"><name>2289</name></wpt><wpt lat="35.1129254" lon="-118.4773863"><name>2290</name></wpt><wpt lat="35.11291" lon="-118.4773783"><name>2291</name></wpt><wpt lat="35.1128945" lon="-118.4773706"><name>2292</name></wpt><wpt lat="35.1128788" lon="-118.4773633"><name>2293</name></wpt><wpt lat="35.1128627" lon="-118.4773565"><name>2294</name></wpt><wpt lat="35.112847" lon="-118.4773503"><name>2295</name></wpt><wpt lat="35.1128312" lon="-118.477345"><name>2296</name></wpt><wpt lat="35.1128145" lon="-118.4773395"><name>2297</name></wpt><wpt lat="35.1127981" lon="-118.4773352"><name>2298</name></wpt><wpt lat="35.1127823" lon="-118.477332"><name>2299</name></wpt><wpt lat="35.1127672" lon="-118.4773292"><name>2300</name></wpt><wpt lat="35.1127525" lon="-118.4773265"><name>2301</name></wpt><wpt lat="35.1127375" lon="-118.4773247"><name>2302</name></wpt><wpt lat="35.1127225" lon="-118.477324"><name>2303</name></wpt><wpt lat="35.1127074" lon="-118.4773232"><name>2304</name></wpt><wpt lat="35.1126926" lon="-118.4773227"><name>2305</name></wpt><wpt lat="35.1126776" lon="-118.4773234"><name>2306</name></wpt><wpt lat="35.1126626" lon="-118.477325"><name>2307</name></wpt><wpt lat="35.1126475" lon="-118.4773268"><name>2308</name></wpt><wpt lat="35.1126324" lon="-118.4773287"><name>2309</name></wpt><wpt lat="35.1126176" lon="-118.4773312"><name>2310</name></wpt><wpt lat="35.1126027" lon="-118.4773333"><name>2311</name></wpt><wpt lat="35.1125885" lon="-118.4773355"><name>2312</name></wpt><wpt lat="35.1125746" lon="-118.4773388"><name>2313</name></wpt><wpt lat="35.1125608" lon="-118.4773417"><name>2314</name></wpt><wpt lat="35.1125462" lon="-118.4773441"><name>2315</name></wpt><wpt lat="35.1125321" lon="-118.4773467"><name>2316</name></wpt><wpt lat="35.1125186" lon="-118.4773496"><name>2317</name></wpt><wpt lat="35.112505" lon="-118.4773523"><name>2318</name></wpt><wpt lat="35.1124917" lon="-118.4773551"><name>2319</name></wpt><wpt lat="35.1124779" lon="-118.4773579"><name>2320</name></wpt><wpt lat="35.1124644" lon="-118.4773609"><name>2321</name></wpt><wpt lat="35.112451" lon="-118.4773639"><name>2322</name></wpt><wpt lat="35.1124373" lon="-118.4773675"><name>2323</name></wpt><wpt lat="35.1124246" lon="-118.477372"><name>2324</name></wpt><wpt lat="35.1124118" lon="-118.4773776"><name>2325</name></wpt><wpt lat="35.1123982" lon="-118.477384"><name>2326</name></wpt><wpt lat="35.1123856" lon="-118.4773907"><name>2327</name></wpt><wpt lat="35.1123734" lon="-118.4773984"><name>2328</name></wpt><wpt lat="35.1123617" lon="-118.4774068"><name>2329</name></wpt><wpt lat="35.1123504" lon="-118.4774153"><name>2330</name></wpt><wpt lat="35.1123393" lon="-118.4774239"><name>2331</name></wpt><wpt lat="35.1123284" lon="-118.4774331"><name>2332</name></wpt><wpt lat="35.1123179" lon="-118.4774427"><name>2333</name></wpt><wpt lat="35.1123077" lon="-118.4774528"><name>2334</name></wpt><wpt lat="35.1122979" lon="-118.4774638"><name>2335</name></wpt><wpt lat="35.1122884" lon="-118.477475"><name>2336</name></wpt><wpt lat="35.1122794" lon="-118.477486"><name>2337</name></wpt><wpt lat="35.1122704" lon="-118.4774975"><name>2338</name></wpt><wpt lat="35.1122617" lon="-118.4775091"><name>2339</name></wpt><wpt lat="35.1122536" lon="-118.4775206"><name>2340</name></wpt><wpt lat="35.1122457" lon="-118.4775327"><name>2341</name></wpt><wpt lat="35.1122381" lon="-118.4775444"><name>2342</name></wpt><wpt lat="35.1122313" lon="-118.477556"><name>2343</name></wpt><wpt lat="35.1122245" lon="-118.4775678"><name>2344</name></wpt><wpt lat="35.1122172" lon="-118.4775797"><name>2345</name></wpt><wpt lat="35.1122103" lon="-118.4775918"><name>2346</name></wpt><wpt lat="35.1122042" lon="-118.4776042"><name>2347</name></wpt><wpt lat="35.112198" lon="-118.4776164"><name>2348</name></wpt><wpt lat="35.1121917" lon="-118.4776292"><name>2349</name></wpt><wpt lat="35.1121851" lon="-118.4776419"><name>2350</name></wpt><wpt lat="35.1121787" lon="-118.4776544"><name>2351</name></wpt><wpt lat="35.112173" lon="-118.4776667"><name>2352</name></wpt><wpt lat="35.1121676" lon="-118.4776792"><name>2353</name></wpt><wpt lat="35.1121622" lon="-118.4776919"><name>2354</name></wpt><wpt lat="35.1121565" lon="-118.4777042"><name>2355</name></wpt><wpt lat="35.112151" lon="-118.4777166"><name>2356</name></wpt><wpt lat="35.1121458" lon="-118.4777289"><name>2357</name></wpt><wpt lat="35.1121409" lon="-118.4777411"><name>2358</name></wpt><wpt lat="35.1121363" lon="-118.4777533"><name>2359</name></wpt><wpt lat="35.1121323" lon="-118.4777653"><name>2360</name></wpt><wpt lat="35.1121287" lon="-118.4777771"><name>2361</name></wpt><wpt lat="35.1121246" lon="-118.4777887"><name>2362</name></wpt><wpt lat="35.1121202" lon="-118.4778003"><name>2363</name></wpt><wpt lat="35.1121156" lon="-118.4778123"><name>2364</name></wpt><wpt lat="35.1121116" lon="-118.4778242"><name>2365</name></wpt><wpt lat="35.1121078" lon="-118.4778364"><name>2366</name></wpt><wpt lat="35.112104" lon="-118.4778486"><name>2367</name></wpt><wpt lat="35.1120998" lon="-118.4778607"><name>2368</name></wpt><wpt lat="35.1120955" lon="-118.4778727"><name>2369</name></wpt><wpt lat="35.1120912" lon="-118.4778853"><name>2370</name></wpt><wpt lat="35.1120866" lon="-118.4778983"><name>2371</name></wpt><wpt lat="35.1120822" lon="-118.4779112"><name>2372</name></wpt><wpt lat="35.1120779" lon="-118.4779243"><name>2373</name></wpt><wpt lat="35.1120735" lon="-118.4779378"><name>2374</name></wpt><wpt lat="35.1120696" lon="-118.4779511"><name>2375</name></wpt><wpt lat="35.1120662" lon="-118.477964"><name>2376</name></wpt><wpt lat="35.1120631" lon="-118.4779772"><name>2377</name></wpt><wpt lat="35.1120598" lon="-118.4779903"><name>2378</name></wpt><wpt lat="35.1120565" lon="-118.4780032"><name>2379</name></wpt><wpt lat="35.1120538" lon="-118.4780161"><name>2380</name></wpt><wpt lat="35.1120513" lon="-118.4780291"><name>2381</name></wpt><wpt lat="35.112049" lon="-118.4780423"><name>2382</name></wpt><wpt lat="35.1120465" lon="-118.4780555"><name>2383</name></wpt><wpt lat="35.1120437" lon="-118.4780684"><name>2384</name></wpt><wpt lat="35.1120412" lon="-118.4780821"><name>2385</name></wpt><wpt lat="35.1120402" lon="-118.478096"><name>2386</name></wpt><wpt lat="35.1120392" lon="-118.47811"><name>2387</name></wpt><wpt lat="35.112038" lon="-118.4781243"><name>2388</name></wpt><wpt lat="35.1120367" lon="-118.478139"><name>2389</name></wpt><wpt lat="35.1120356" lon="-118.4781538"><name>2390</name></wpt><wpt lat="35.1120349" lon="-118.4781684"><name>2391</name></wpt><wpt lat="35.1120347" lon="-118.4781826"><name>2392</name></wpt><wpt lat="35.1120348" lon="-118.4782117"><name>2393</name></wpt><wpt lat="35.1120352" lon="-118.4782397"><name>2394</name></wpt><wpt lat="35.112036" lon="-118.4782533"><name>2395</name></wpt><wpt lat="35.1120367" lon="-118.4782674"><name>2396</name></wpt><wpt lat="35.1120374" lon="-118.4782818"><name>2397</name></wpt><wpt lat="35.1120387" lon="-118.4782959"><name>2398</name></wpt><wpt lat="35.11204" lon="-118.4783096"><name>2399</name></wpt><wpt lat="35.1120415" lon="-118.4783239"><name>2400</name></wpt><wpt lat="35.1120436" lon="-118.4783382"><name>2401</name></wpt><wpt lat="35.1120458" lon="-118.4783525"><name>2402</name></wpt><wpt lat="35.1120489" lon="-118.4783667"><name>2403</name></wpt><wpt lat="35.1120526" lon="-118.4783815"><name>2404</name></wpt><wpt lat="35.1120562" lon="-118.4783965"><name>2405</name></wpt><wpt lat="35.1120602" lon="-118.4784114"><name>2406</name></wpt><wpt lat="35.1120644" lon="-118.4784268"><name>2407</name></wpt><wpt lat="35.1120688" lon="-118.4784424"><name>2408</name></wpt><wpt lat="35.112074" lon="-118.4784576"><name>2409</name></wpt><wpt lat="35.1120798" lon="-118.478473"><name>2410</name></wpt><wpt lat="35.1120858" lon="-118.4784884"><name>2411</name></wpt><wpt lat="35.1120925" lon="-118.4785037"><name>2412</name></wpt><wpt lat="35.1121" lon="-118.4785193"><name>2413</name></wpt><wpt lat="35.1121082" lon="-118.4785353"><name>2414</name></wpt><wpt lat="35.1121165" lon="-118.4785516"><name>2415</name></wpt><wpt lat="35.112125" lon="-118.4785685"><name>2416</name></wpt><wpt lat="35.1121347" lon="-118.4785853"><name>2417</name></wpt><wpt lat="35.1121446" lon="-118.4786021"><name>2418</name></wpt><wpt lat="35.112155" lon="-118.4786182"><name>2419</name></wpt><wpt lat="35.1121662" lon="-118.4786347"><name>2420</name></wpt><wpt lat="35.112178" lon="-118.478652"><name>2421</name></wpt><wpt lat="35.1121897" lon="-118.4786698"><name>2422</name></wpt><wpt lat="35.1122015" lon="-118.4786877"><name>2423</name></wpt><wpt lat="35.1122146" lon="-118.4787051"><name>2424</name></wpt><wpt lat="35.1122285" lon="-118.4787221"><name>2425</name></wpt><wpt lat="35.1122432" lon="-118.4787388"><name>2426</name></wpt><wpt lat="35.1122586" lon="-118.4787549"><name>2427</name></wpt><wpt lat="35.112275" lon="-118.4787704"><name>2428</name></wpt><wpt lat="35.1122919" lon="-118.4787855"><name>2429</name></wpt><wpt lat="35.1123096" lon="-118.4788004"><name>2430</name></wpt><wpt lat="35.1123278" lon="-118.478815"><name>2431</name></wpt><wpt lat="35.1123469" lon="-118.4788283"><name>2432</name></wpt><wpt lat="35.1123663" lon="-118.4788407"><name>2433</name></wpt><wpt lat="35.112386" lon="-118.4788534"><name>2434</name></wpt><wpt lat="35.1124066" lon="-118.4788657"><name>2435</name></wpt><wpt lat="35.1124275" lon="-118.4788762"><name>2436</name></wpt><wpt lat="35.1124491" lon="-118.478885"><name>2437</name></wpt><wpt lat="35.1124707" lon="-118.4788933"><name>2438</name></wpt><wpt lat="35.112493" lon="-118.4789009"><name>2439</name></wpt><wpt lat="35.1125166" lon="-118.4789082"><name>2440</name></wpt><wpt lat="35.1125408" lon="-118.4789154"><name>2441</name></wpt><wpt lat="35.1125654" lon="-118.4789228"><name>2442</name></wpt><wpt lat="35.1125904" lon="-118.4789302"><name>2443</name></wpt><wpt lat="35.1126154" lon="-118.4789364"><name>2444</name></wpt><wpt lat="35.1126405" lon="-118.4789414"><name>2445</name></wpt><wpt lat="35.1126666" lon="-118.4789451"><name>2446</name></wpt><wpt lat="35.1126934" lon="-118.4789477"><name>2447</name></wpt><wpt lat="35.1127214" lon="-118.47895"><name>2448</name></wpt><wpt lat="35.1127501" lon="-118.4789499"><name>2449</name></wpt><wpt lat="35.1127777" lon="-118.4789478"><name>2450</name></wpt><wpt lat="35.112806" lon="-118.4789444"><name>2451</name></wpt><wpt lat="35.112834" lon="-118.4789396"><name>2452</name></wpt><wpt lat="35.1128622" lon="-118.4789336"><name>2453</name></wpt><wpt lat="35.1128918" lon="-118.4789261"><name>2454</name></wpt><wpt lat="35.1129217" lon="-118.4789163"><name>2455</name></wpt><wpt lat="35.1129509" lon="-118.4789044"><name>2456</name></wpt><wpt lat="35.1129808" lon="-118.4788902"><name>2457</name></wpt><wpt lat="35.11301" lon="-118.4788745"><name>2458</name></wpt><wpt lat="35.113039" lon="-118.478856"><name>2459</name></wpt><wpt lat="35.1130676" lon="-118.4788351"><name>2460</name></wpt><wpt lat="35.1130952" lon="-118.4788128"><name>2461</name></wpt><wpt lat="35.1131222" lon="-118.4787892"><name>2462</name></wpt><wpt lat="35.1131479" lon="-118.4787633"><name>2463</name></wpt><wpt lat="35.1131725" lon="-118.4787348"><name>2464</name></wpt><wpt lat="35.1131963" lon="-118.4787037"><name>2465</name></wpt><wpt lat="35.1132191" lon="-118.478671"><name>2466</name></wpt><wpt lat="35.1132409" lon="-118.4786366"><name>2467</name></wpt><wpt lat="35.1132605" lon="-118.4785998"><name>2468</name></wpt><wpt lat="35.1132784" lon="-118.4785617"><name>2469</name></wpt><wpt lat="35.1132954" lon="-118.4785228"><name>2470</name></wpt><wpt lat="35.1133113" lon="-118.4784824"><name>2471</name></wpt><wpt lat="35.1133252" lon="-118.4784395"><name>2472</name></wpt><wpt lat="35.1133363" lon="-118.4783955"><name>2473</name></wpt><wpt lat="35.1133452" lon="-118.4783517"><name>2474</name></wpt><wpt lat="35.1133514" lon="-118.4783064"><name>2475</name></wpt><wpt lat="35.1133549" lon="-118.4782609"><name>2476</name></wpt><wpt lat="35.1133559" lon="-118.4782154"><name>2477</name></wpt><wpt lat="35.1133545" lon="-118.4781703"><name>2478</name></wpt><wpt lat="35.1133511" lon="-118.4781255"><name>2479</name></wpt><wpt lat="35.1133466" lon="-118.4780814"><name>2480</name></wpt><wpt lat="35.1133417" lon="-118.4780376"><name>2481</name></wpt><wpt lat="35.1133358" lon="-118.477993"><name>2482</name></wpt><wpt lat="35.1133286" lon="-118.4779487"><name>2483</name></wpt><wpt lat="35.1133201" lon="-118.4779049"><name>2484</name></wpt><wpt lat="35.1133098" lon="-118.4778624"><name>2485</name></wpt><wpt lat="35.1132968" lon="-118.477821"><name>2486</name></wpt><wpt lat="35.1132829" lon="-118.477782"><name>2487</name></wpt><wpt lat="35.113267" lon="-118.4777439"><name>2488</name></wpt><wpt lat="35.1132499" lon="-118.4777083"><name>2489</name></wpt><wpt lat="35.1132313" lon="-118.4776745"><name>2490</name></wpt><wpt lat="35.1132127" lon="-118.4776423"><name>2491</name></wpt><wpt lat="35.1131929" lon="-118.477612"><name>2492</name></wpt><wpt lat="35.1131728" lon="-118.477584"><name>2493</name></wpt><wpt lat="35.1131524" lon="-118.4775579"><name>2494</name></wpt><wpt lat="35.113132" lon="-118.4775336"><name>2495</name></wpt><wpt lat="35.1131114" lon="-118.4775109"><name>2496</name></wpt><wpt lat="35.1130906" lon="-118.4774893"><name>2497</name></wpt><wpt lat="35.11307" lon="-118.4774689"><name>2498</name></wpt><wpt lat="35.1130491" lon="-118.4774501"><name>2499</name></wpt><wpt lat="35.1130287" lon="-118.4774331"><name>2500</name></wpt><wpt lat="35.1130085" lon="-118.4774181"><name>2501</name></wpt><wpt lat="35.1129893" lon="-118.4774053"><name>2502</name></wpt><wpt lat="35.1129698" lon="-118.477394"><name>2503</name></wpt><wpt lat="35.1129492" lon="-118.4773834"><name>2504</name></wpt><wpt lat="35.1129288" lon="-118.4773742"><name>2505</name></wpt><wpt lat="35.1129083" lon="-118.4773653"><name>2506</name></wpt><wpt lat="35.1128892" lon="-118.4773584"><name>2507</name></wpt><wpt lat="35.1128691" lon="-118.4773512"><name>2508</name></wpt><wpt lat="35.1128486" lon="-118.4773445"><name>2509</name></wpt><wpt lat="35.1128302" lon="-118.47734"><name>2510</name></wpt><wpt lat="35.112812" lon="-118.4773369"><name>2511</name></wpt><wpt lat="35.1127907" lon="-118.4773324"><name>2512</name></wpt><wpt lat="35.1127697" lon="-118.477329"><name>2513</name></wpt><wpt lat="35.1127485" lon="-118.4773263"><name>2514</name></wpt><wpt lat="35.1127263" lon="-118.477324"><name>2515</name></wpt><wpt lat="35.1127039" lon="-118.4773222"><name>2516</name></wpt><wpt lat="35.1126813" lon="-118.4773217"><name>2517</name></wpt><wpt lat="35.1126586" lon="-118.4773216"><name>2518</name></wpt><wpt lat="35.1126354" lon="-118.4773218"><name>2519</name></wpt><wpt lat="35.1126127" lon="-118.4773228"><name>2520</name></wpt><wpt lat="35.1125902" lon="-118.4773243"><name>2521</name></wpt><wpt lat="35.1125675" lon="-118.4773267"><name>2522</name></wpt><wpt lat="35.1125452" lon="-118.4773294"><name>2523</name></wpt><wpt lat="35.1125238" lon="-118.4773333"><name>2524</name></wpt><wpt lat="35.1125029" lon="-118.4773386"><name>2525</name></wpt><wpt lat="35.1124833" lon="-118.4773457"><name>2526</name></wpt><wpt lat="35.112465" lon="-118.4773543"><name>2527</name></wpt><wpt lat="35.1124475" lon="-118.4773636"><name>2528</name></wpt><wpt lat="35.1124307" lon="-118.4773737"><name>2529</name></wpt><wpt lat="35.1124145" lon="-118.4773844"><name>2530</name></wpt><wpt lat="35.1123994" lon="-118.4773949"><name>2531</name></wpt><wpt lat="35.112385" lon="-118.4774055"><name>2532</name></wpt><wpt lat="35.1123706" lon="-118.4774169"><name>2533</name></wpt><wpt lat="35.1123561" lon="-118.4774288"><name>2534</name></wpt><wpt lat="35.1123415" lon="-118.4774409"><name>2535</name></wpt><wpt lat="35.1123274" lon="-118.4774535"><name>2536</name></wpt><wpt lat="35.1123136" lon="-118.4774662"><name>2537</name></wpt><wpt lat="35.1122999" lon="-118.4774795"><name>2538</name></wpt><wpt lat="35.1122856" lon="-118.4774931"><name>2539</name></wpt><wpt lat="35.1122717" lon="-118.4775067"><name>2540</name></wpt><wpt lat="35.112258" lon="-118.4775205"><name>2541</name></wpt><wpt lat="35.1122446" lon="-118.4775351"><name>2542</name></wpt><wpt lat="35.1122318" lon="-118.4775505"><name>2543</name></wpt><wpt lat="35.1122193" lon="-118.4775659"><name>2544</name></wpt><wpt lat="35.1122068" lon="-118.4775815"><name>2545</name></wpt><wpt lat="35.1121946" lon="-118.4775971"><name>2546</name></wpt><wpt lat="35.1121827" lon="-118.4776122"><name>2547</name></wpt><wpt lat="35.112171" lon="-118.4776279"><name>2548</name></wpt><wpt lat="35.1121594" lon="-118.4776441"><name>2549</name></wpt><wpt lat="35.1121475" lon="-118.4776606"><name>2550</name></wpt><wpt lat="35.1121367" lon="-118.4776774"><name>2551</name></wpt><wpt lat="35.1121271" lon="-118.4776942"><name>2552</name></wpt><wpt lat="35.1121176" lon="-118.4777114"><name>2553</name></wpt><wpt lat="35.1121084" lon="-118.4777288"><name>2554</name></wpt><wpt lat="35.1120999" lon="-118.4777463"><name>2555</name></wpt><wpt lat="35.1120922" lon="-118.4777636"><name>2556</name></wpt><wpt lat="35.1120851" lon="-118.4777814"><name>2557</name></wpt><wpt lat="35.1120787" lon="-118.4777991"><name>2558</name></wpt><wpt lat="35.1120725" lon="-118.4778171"><name>2559</name></wpt><wpt lat="35.1120666" lon="-118.4778351"><name>2560</name></wpt><wpt lat="35.1120608" lon="-118.4778531"><name>2561</name></wpt><wpt lat="35.1120553" lon="-118.4778711"><name>2562</name></wpt><wpt lat="35.11205" lon="-118.4778891"><name>2563</name></wpt><wpt lat="35.1120454" lon="-118.4779075"><name>2564</name></wpt><wpt lat="35.1120416" lon="-118.4779259"><name>2565</name></wpt><wpt lat="35.1120378" lon="-118.4779438"><name>2566</name></wpt><wpt lat="35.1120348" lon="-118.4779619"><name>2567</name></wpt><wpt lat="35.112032" lon="-118.4779804"><name>2568</name></wpt><wpt lat="35.11203" lon="-118.4779992"><name>2569</name></wpt><wpt lat="35.1120284" lon="-118.478018"><name>2570</name></wpt><wpt lat="35.1120273" lon="-118.4780374"><name>2571</name></wpt><wpt lat="35.1120263" lon="-118.4780572"><name>2572</name></wpt><wpt lat="35.112025" lon="-118.4780773"><name>2573</name></wpt><wpt lat="35.1120238" lon="-118.4780979"><name>2574</name></wpt><wpt lat="35.1120235" lon="-118.4781182"><name>2575</name></wpt><wpt lat="35.1120239" lon="-118.4781385"><name>2576</name></wpt><wpt lat="35.1120246" lon="-118.478159"><name>2577</name></wpt><wpt lat="35.1120251" lon="-118.4781797"><name>2578</name></wpt><wpt lat="35.112026" lon="-118.4782003"><name>2579</name></wpt><wpt lat="35.1120273" lon="-118.478221"><name>2580</name></wpt><wpt lat="35.1120291" lon="-118.478242"><name>2581</name></wpt><wpt lat="35.1120306" lon="-118.4782626"><name>2582</name></wpt><wpt lat="35.1120326" lon="-118.4782834"><name>2583</name></wpt><wpt lat="35.1120352" lon="-118.4783043"><name>2584</name></wpt><wpt lat="35.1120386" lon="-118.4783249"><name>2585</name></wpt><wpt lat="35.1120424" lon="-118.4783453"><name>2586</name></wpt><wpt lat="35.1120472" lon="-118.4783659"><name>2587</name></wpt><wpt lat="35.1120526" lon="-118.4783867"><name>2588</name></wpt><wpt lat="35.112058" lon="-118.4784071"><name>2589</name></wpt><wpt lat="35.1120639" lon="-118.4784273"><name>2590</name></wpt><wpt lat="35.1120705" lon="-118.4784475"><name>2591</name></wpt><wpt lat="35.1120784" lon="-118.4784669"><name>2592</name></wpt><wpt lat="35.1120872" lon="-118.4784855"><name>2593</name></wpt><wpt lat="35.1120962" lon="-118.4785035"><name>2594</name></wpt><wpt lat="35.1121051" lon="-118.4785216"><name>2595</name></wpt><wpt lat="35.1121147" lon="-118.4785397"><name>2596</name></wpt><wpt lat="35.1121245" lon="-118.4785578"><name>2597</name></wpt><wpt lat="35.1121342" lon="-118.4785761"><name>2598</name></wpt><wpt lat="35.1121445" lon="-118.4785939"><name>2599</name></wpt><wpt lat="35.1121553" lon="-118.4786116"><name>2600</name></wpt><wpt lat="35.1121662" lon="-118.4786292"><name>2601</name></wpt><wpt lat="35.1121767" lon="-118.4786472"><name>2602</name></wpt><wpt lat="35.1121877" lon="-118.4786653"><name>2603</name></wpt><wpt lat="35.1121996" lon="-118.4786838"><name>2604</name></wpt><wpt lat="35.1122122" lon="-118.4787019"><name>2605</name></wpt><wpt lat="35.1122246" lon="-118.4787199"><name>2606</name></wpt><wpt lat="35.1122369" lon="-118.4787386"><name>2607</name></wpt><wpt lat="35.1122498" lon="-118.4787569"><name>2608</name></wpt><wpt lat="35.1122636" lon="-118.4787746"><name>2609</name></wpt><wpt lat="35.1122779" lon="-118.4787925"><name>2610</name></wpt><wpt lat="35.1122923" lon="-118.4788109"><name>2611</name></wpt><wpt lat="35.1123076" lon="-118.4788288"><name>2612</name></wpt><wpt lat="35.1123249" lon="-118.4788459"><name>2613</name></wpt><wpt lat="35.1123437" lon="-118.4788618"><name>2614</name></wpt><wpt lat="35.1123633" lon="-118.478877"><name>2615</name></wpt><wpt lat="35.1123837" lon="-118.4788921"><name>2616</name></wpt><wpt lat="35.1124051" lon="-118.4789061"><name>2617</name></wpt><wpt lat="35.1124275" lon="-118.478919"><name>2618</name></wpt><wpt lat="35.1124511" lon="-118.4789311"><name>2619</name></wpt><wpt lat="35.1124754" lon="-118.4789428"><name>2620</name></wpt><wpt lat="35.1125001" lon="-118.4789529"><name>2621</name></wpt><wpt lat="35.1125261" lon="-118.4789617"><name>2622</name></wpt><wpt lat="35.1125526" lon="-118.4789683"><name>2623</name></wpt><wpt lat="35.1125793" lon="-118.478974"><name>2624</name></wpt><wpt lat="35.1126069" lon="-118.4789796"><name>2625</name></wpt><wpt lat="35.1126347" lon="-118.4789839"><name>2626</name></wpt><wpt lat="35.1126635" lon="-118.4789866"><name>2627</name></wpt><wpt lat="35.1126929" lon="-118.4789877"><name>2628</name></wpt><wpt lat="35.1127224" lon="-118.4789863"><name>2629</name></wpt><wpt lat="35.1127522" lon="-118.4789821"><name>2630</name></wpt><wpt lat="35.1127821" lon="-118.4789772"><name>2631</name></wpt><wpt lat="35.1128121" lon="-118.4789719"><name>2632</name></wpt><wpt lat="35.1128428" lon="-118.4789651"><name>2633</name></wpt><wpt lat="35.1128736" lon="-118.4789559"><name>2634</name></wpt><wpt lat="35.1129037" lon="-118.4789428"><name>2635</name></wpt><wpt lat="35.112934" lon="-118.4789259"><name>2636</name></wpt><wpt lat="35.1129639" lon="-118.4789071"><name>2637</name></wpt><wpt lat="35.1129934" lon="-118.4788862"><name>2638</name></wpt><wpt lat="35.1130225" lon="-118.4788646"><name>2639</name></wpt><wpt lat="35.1130515" lon="-118.478842"><name>2640</name></wpt><wpt lat="35.1130799" lon="-118.4788178"><name>2641</name></wpt><wpt lat="35.1131078" lon="-118.4787911"><name>2642</name></wpt><wpt lat="35.1131353" lon="-118.4787625"><name>2643</name></wpt><wpt lat="35.1131614" lon="-118.4787318"><name>2644</name></wpt><wpt lat="35.113187" lon="-118.4786995"><name>2645</name></wpt><wpt lat="35.1132106" lon="-118.4786634"><name>2646</name></wpt><wpt lat="35.1132325" lon="-118.4786245"><name>2647</name></wpt><wpt lat="35.1132518" lon="-118.4785831"><name>2648</name></wpt><wpt lat="35.1132675" lon="-118.478538"><name>2649</name></wpt><wpt lat="35.1132823" lon="-118.4784918"><name>2650</name></wpt><wpt lat="35.1132964" lon="-118.4784447"><name>2651</name></wpt><wpt lat="35.1133093" lon="-118.478397"><name>2652</name></wpt><wpt lat="35.11332" lon="-118.4783484"><name>2653</name></wpt><wpt lat="35.1133279" lon="-118.4782986"><name>2654</name></wpt><wpt lat="35.1133339" lon="-118.4782481"><name>2655</name></wpt><wpt lat="35.1133386" lon="-118.4781973"><name>2656</name></wpt><wpt lat="35.1133416" lon="-118.4781466"><name>2657</name></wpt><wpt lat="35.1133413" lon="-118.4780954"><name>2658</name></wpt><wpt lat="35.113339" lon="-118.4780442"><name>2659</name></wpt><wpt lat="35.1133359" lon="-118.4779937"><name>2660</name></wpt><wpt lat="35.1133297" lon="-118.4779438"><name>2661</name></wpt><wpt lat="35.1133222" lon="-118.4778957"><name>2662</name></wpt><wpt lat="35.1133139" lon="-118.4778479"><name>2663</name></wpt><wpt lat="35.1133024" lon="-118.4777999"><name>2664</name></wpt><wpt lat="35.1132869" lon="-118.4777539"><name>2665</name></wpt><wpt lat="35.1132682" lon="-118.4777109"><name>2666</name></wpt><wpt lat="35.113248" lon="-118.47767"><name>2667</name></wpt><wpt lat="35.1132269" lon="-118.4776301"><name>2668</name></wpt><wpt lat="35.1132049" lon="-118.4775935"><name>2669</name></wpt><wpt lat="35.1131809" lon="-118.47756"><name>2670</name></wpt><wpt lat="35.1131559" lon="-118.4775304"><name>2671</name></wpt><wpt lat="35.1131298" lon="-118.4775048"><name>2672</name></wpt><wpt lat="35.1131033" lon="-118.4774819"><name>2673</name></wpt><wpt lat="35.1130767" lon="-118.4774606"><name>2674</name></wpt><wpt lat="35.11305" lon="-118.4774417"><name>2675</name></wpt><wpt lat="35.1130235" lon="-118.4774255"><name>2676</name></wpt><wpt lat="35.1129973" lon="-118.477411"><name>2677</name></wpt><wpt lat="35.1129713" lon="-118.4773968"><name>2678</name></wpt><wpt lat="35.1129448" lon="-118.4773836"><name>2679</name></wpt><wpt lat="35.1129182" lon="-118.4773722"><name>2680</name></wpt><wpt lat="35.1128914" lon="-118.4773616"><name>2681</name></wpt><wpt lat="35.1128654" lon="-118.4773528"><name>2682</name></wpt><wpt lat="35.1128403" lon="-118.4773457"><name>2683</name></wpt><wpt lat="35.1128144" lon="-118.4773401"><name>2684</name></wpt><wpt lat="35.112789" lon="-118.4773356"><name>2685</name></wpt><wpt lat="35.1127639" lon="-118.4773333"><name>2686</name></wpt><wpt lat="35.112739" lon="-118.4773326"><name>2687</name></wpt><wpt lat="35.1127139" lon="-118.477333"><name>2688</name></wpt><wpt lat="35.1126891" lon="-118.4773344"><name>2689</name></wpt><wpt lat="35.1126647" lon="-118.4773367"><name>2690</name></wpt><wpt lat="35.1126409" lon="-118.4773394"><name>2691</name></wpt><wpt lat="35.1126172" lon="-118.477343"><name>2692</name></wpt><wpt lat="35.1125941" lon="-118.4773482"><name>2693</name></wpt><wpt lat="35.1125708" lon="-118.4773533"><name>2694</name></wpt><wpt lat="35.1125475" lon="-118.4773587"><name>2695</name></wpt><wpt lat="35.112524" lon="-118.4773653"><name>2696</name></wpt><wpt lat="35.1125009" lon="-118.4773726"><name>2697</name></wpt><wpt lat="35.1124784" lon="-118.4773816"><name>2698</name></wpt><wpt lat="35.1124567" lon="-118.4773916"><name>2699</name></wpt><wpt lat="35.112435" lon="-118.4774017"><name>2700</name></wpt><wpt lat="35.112414" lon="-118.4774119"><name>2701</name></wpt><wpt lat="35.1123943" lon="-118.4774233"><name>2702</name></wpt><wpt lat="35.1123744" lon="-118.4774349"><name>2703</name></wpt><wpt lat="35.112355" lon="-118.4774469"><name>2704</name></wpt><wpt lat="35.1123358" lon="-118.4774594"><name>2705</name></wpt><wpt lat="35.1123166" lon="-118.4774722"><name>2706</name></wpt><wpt lat="35.1122991" lon="-118.4774854"><name>2707</name></wpt><wpt lat="35.1122826" lon="-118.477499"><name>2708</name></wpt><wpt lat="35.112267" lon="-118.4775134"><name>2709</name></wpt><wpt lat="35.1122521" lon="-118.4775288"><name>2710</name></wpt><wpt lat="35.112238" lon="-118.4775447"><name>2711</name></wpt><wpt lat="35.1122243" lon="-118.4775606"><name>2712</name></wpt><wpt lat="35.1122121" lon="-118.477577"><name>2713</name></wpt><wpt lat="35.1122008" lon="-118.4775941"><name>2714</name></wpt><wpt lat="35.1121904" lon="-118.4776104"><name>2715</name></wpt><wpt lat="35.1121809" lon="-118.4776273"><name>2716</name></wpt><wpt lat="35.1121725" lon="-118.4776449"><name>2717</name></wpt><wpt lat="35.1121639" lon="-118.4776622"><name>2718</name></wpt><wpt lat="35.1121545" lon="-118.4776792"><name>2719</name></wpt><wpt lat="35.1121463" lon="-118.4776978"><name>2720</name></wpt><wpt lat="35.1121397" lon="-118.4777169"><name>2721</name></wpt><wpt lat="35.1121321" lon="-118.477736"><name>2722</name></wpt><wpt lat="35.112127" lon="-118.4777551"><name>2723</name></wpt><wpt lat="35.1121245" lon="-118.4777759"><name>2724</name></wpt><wpt lat="35.1121243" lon="-118.477797"><name>2725</name></wpt><wpt lat="35.1121244" lon="-118.4778173"><name>2726</name></wpt><wpt lat="35.112124" lon="-118.4778369"><name>2727</name></wpt><wpt lat="35.1121238" lon="-118.4778782"><name>2728</name></wpt><wpt lat="35.1121242" lon="-118.4778986"><name>2729</name></wpt><wpt lat="35.1121264" lon="-118.4779192"><name>2730</name></wpt><wpt lat="35.1121306" lon="-118.4779396"><name>2731</name></wpt><wpt lat="35.1121368" lon="-118.47796"><name>2732</name></wpt><wpt lat="35.1121445" lon="-118.4779802"><name>2733</name></wpt><wpt lat="35.1121536" lon="-118.4780005"><name>2734</name></wpt><wpt lat="35.1121645" lon="-118.4780202"><name>2735</name></wpt><wpt lat="35.1121783" lon="-118.4780387"><name>2736</name></wpt><wpt lat="35.1121948" lon="-118.4780549"><name>2737</name></wpt><wpt lat="35.1122122" lon="-118.4780695"><name>2738</name></wpt><wpt lat="35.112229" lon="-118.4780836"><name>2739</name></wpt><wpt lat="35.1122459" lon="-118.4780968"><name>2740</name></wpt><wpt lat="35.1122628" lon="-118.4781097"><name>2741</name></wpt><wpt lat="35.1122786" lon="-118.4781222"><name>2742</name></wpt><wpt lat="35.1122924" lon="-118.478135"><name>2743</name></wpt><wpt lat="35.1123053" lon="-118.4781492"><name>2744</name></wpt><wpt lat="35.1123155" lon="-118.4781649"><name>2745</name></wpt><wpt lat="35.1123218" lon="-118.4781821"><name>2746</name></wpt><wpt lat="35.1123249" lon="-118.4781995"><name>2747</name></wpt><wpt lat="35.1123244" lon="-118.4782165"><name>2748</name></wpt><wpt lat="35.1123198" lon="-118.478232"><name>2749</name></wpt><wpt lat="35.1123117" lon="-118.4782452"><name>2750</name></wpt><wpt lat="35.1123023" lon="-118.4782561"><name>2751</name></wpt><wpt lat="35.1122923" lon="-118.4782671"><name>2752</name></wpt><wpt lat="35.1122821" lon="-118.4782777"><name>2753</name></wpt><wpt lat="35.1122728" lon="-118.4782884"><name>2754</name></wpt><wpt lat="35.112265" lon="-118.4782998"><name>2755</name></wpt><wpt lat="35.112259" lon="-118.4783122"><name>2756</name></wpt><wpt lat="35.1122542" lon="-118.4783248"><name>2757</name></wpt><wpt lat="35.11225" lon="-118.4783382"><name>2758</name></wpt><wpt lat="35.1122473" lon="-118.4783522"><name>2759</name></wpt><wpt lat="35.1122469" lon="-118.4783668"><name>2760</name></wpt><wpt lat="35.1122488" lon="-118.4783818"><name>2761</name></wpt><wpt lat="35.1122538" lon="-118.478396"><name>2762</name></wpt><wpt lat="35.1122631" lon="-118.4784092"><name>2763</name></wpt><wpt lat="35.1122759" lon="-118.4784209"><name>2764</name></wpt><wpt lat="35.1122911" lon="-118.4784306"><name>2765</name></wpt><wpt lat="35.1123074" lon="-118.4784386"><name>2766</name></wpt><wpt lat="35.1123262" lon="-118.4784443"><name>2767</name></wpt><wpt lat="35.1123481" lon="-118.478446"><name>2768</name></wpt><wpt lat="35.1123717" lon="-118.478444"><name>2769</name></wpt><wpt lat="35.1123965" lon="-118.4784382"><name>2770</name></wpt><wpt lat="35.1124224" lon="-118.4784281"><name>2771</name></wpt><wpt lat="35.1124485" lon="-118.4784134"><name>2772</name></wpt><wpt lat="35.1124742" lon="-118.4783945"><name>2773</name></wpt><wpt lat="35.1124996" lon="-118.4783724"><name>2774</name></wpt><wpt lat="35.1125248" lon="-118.4783475"><name>2775</name></wpt><wpt lat="35.1125499" lon="-118.4783215"><name>2776</name></wpt><wpt lat="35.1125748" lon="-118.4782942"><name>2777</name></wpt><wpt lat="35.112599" lon="-118.4782633"><name>2778</name></wpt><wpt lat="35.1126222" lon="-118.4782284"><name>2779</name></wpt><wpt lat="35.1126443" lon="-118.4781901"><name>2780</name></wpt><wpt lat="35.1126656" lon="-118.4781497"><name>2781</name></wpt><wpt lat="35.1126864" lon="-118.478108"><name>2782</name></wpt><wpt lat="35.1127066" lon="-118.4780648"><name>2783</name></wpt><wpt lat="35.1127251" lon="-118.4780198"><name>2784</name></wpt><wpt lat="35.1127407" lon="-118.4779727"><name>2785</name></wpt><wpt lat="35.1127533" lon="-118.4779238"><name>2786</name></wpt><wpt lat="35.1127641" lon="-118.4778742"><name>2787</name></wpt><wpt lat="35.1127733" lon="-118.4778244"><name>2788</name></wpt><wpt lat="35.1127804" lon="-118.4777744"><name>2789</name></wpt><wpt lat="35.1127837" lon="-118.4777238"><name>2790</name></wpt><wpt lat="35.1127826" lon="-118.4776731"><name>2791</name></wpt><wpt lat="35.1127791" lon="-118.4776234"><name>2792</name></wpt><wpt lat="35.1127756" lon="-118.4775742"><name>2793</name></wpt><wpt lat="35.1127721" lon="-118.4775253"><name>2794</name></wpt><wpt lat="35.1127681" lon="-118.4774768"><name>2795</name></wpt><wpt lat="35.112764" lon="-118.4774285"><name>2796</name></wpt><wpt lat="35.1127601" lon="-118.4773802"><name>2797</name></wpt><wpt lat="35.1127563" lon="-118.4773322"><name>2798</name></wpt><wpt lat="35.112753" lon="-118.477284"><name>2799</name></wpt><wpt lat="35.1127503" lon="-118.4772359"><name>2800</name></wpt><wpt lat="35.1127477" lon="-118.4771876"><name>2801</name></wpt><wpt lat="35.1127456" lon="-118.4771395"><name>2802</name></wpt><wpt lat="35.1127445" lon="-118.4770921"><name>2803</name></wpt><wpt lat="35.1127447" lon="-118.4770451"><name>2804</name></wpt><wpt lat="35.1127468" lon="-118.4769978"><name>2805</name></wpt><wpt lat="35.1127521" lon="-118.4769506"><name>2806</name></wpt><wpt lat="35.1127617" lon="-118.4769043"><name>2807</name></wpt><wpt lat="35.1127755" lon="-118.4768596"><name>2808</name></wpt><wpt lat="35.1127937" lon="-118.4768178"><name>2809</name></wpt><wpt lat="35.1128149" lon="-118.4767786"><name>2810</name></wpt><wpt lat="35.1128386" lon="-118.476743"><name>2811</name></wpt><wpt lat="35.1128652" lon="-118.4767131"><name>2812</name></wpt><wpt lat="35.1128934" lon="-118.4766885"><name>2813</name></wpt><wpt lat="35.1129226" lon="-118.4766692"><name>2814</name></wpt><wpt lat="35.1129522" lon="-118.4766539"><name>2815</name></wpt><wpt lat="35.1129817" lon="-118.476642"><name>2816</name></wpt><wpt lat="35.1130104" lon="-118.4766346"><name>2817</name></wpt><wpt lat="35.1130378" lon="-118.4766324"><name>2818</name></wpt><wpt lat="35.1130632" lon="-118.4766351"><name>2819</name></wpt><wpt lat="35.1130864" lon="-118.4766411"><name>2820</name></wpt><wpt lat="35.1131073" lon="-118.4766503"><name>2821</name></wpt><wpt lat="35.1131258" lon="-118.4766619"><name>2822</name></wpt><wpt lat="35.1131411" lon="-118.4766759"><name>2823</name></wpt><wpt lat="35.1131527" lon="-118.4766918"><name>2824</name></wpt><wpt lat="35.1131596" lon="-118.4767088"><name>2825</name></wpt><wpt lat="35.113163" lon="-118.4767264"><name>2826</name></wpt><wpt lat="35.1131635" lon="-118.4767435"><name>2827</name></wpt><wpt lat="35.1131605" lon="-118.4767595"><name>2828</name></wpt><wpt lat="35.1131559" lon="-118.4767743"><name>2829</name></wpt><wpt lat="35.1131507" lon="-118.4767883"><name>2830</name></wpt><wpt lat="35.1131449" lon="-118.4768021"><name>2831</name></wpt><wpt lat="35.1131388" lon="-118.476816"><name>2832</name></wpt><wpt lat="35.1131334" lon="-118.4768303"><name>2833</name></wpt><wpt lat="35.1131278" lon="-118.4768455"><name>2834</name></wpt><wpt lat="35.1131233" lon="-118.476861"><name>2835</name></wpt><wpt lat="35.1131204" lon="-118.4768777"><name>2836</name></wpt><wpt lat="35.1131181" lon="-118.4768956"><name>2837</name></wpt><wpt lat="35.1131162" lon="-118.4769144"><name>2838</name></wpt><wpt lat="35.1131147" lon="-118.4769338"><name>2839</name></wpt><wpt lat="35.1131135" lon="-118.4769535"><name>2840</name></wpt><wpt lat="35.1131117" lon="-118.4769735"><name>2841</name></wpt><wpt lat="35.1131096" lon="-118.476994"><name>2842</name></wpt><wpt lat="35.1131082" lon="-118.4770153"><name>2843</name></wpt><wpt lat="35.113108" lon="-118.4770372"><name>2844</name></wpt><wpt lat="35.1131086" lon="-118.4770595"><name>2845</name></wpt><wpt lat="35.1131097" lon="-118.4770815"><name>2846</name></wpt><wpt lat="35.1131107" lon="-118.4771028"><name>2847</name></wpt><wpt lat="35.1131114" lon="-118.4771238"><name>2848</name></wpt><wpt lat="35.1131134" lon="-118.4771459"><name>2849</name></wpt><wpt lat="35.1131163" lon="-118.477168"><name>2850</name></wpt><wpt lat="35.1131197" lon="-118.4771911"><name>2851</name></wpt><wpt lat="35.1131239" lon="-118.4772148"><name>2852</name></wpt><wpt lat="35.1131285" lon="-118.4772379"><name>2853</name></wpt><wpt lat="35.1131338" lon="-118.4772606"><name>2854</name></wpt><wpt lat="35.113139" lon="-118.4772834"><name>2855</name></wpt><wpt lat="35.1131436" lon="-118.477306"><name>2856</name></wpt><wpt lat="35.1131492" lon="-118.4773282"><name>2857</name></wpt><wpt lat="35.1131553" lon="-118.4773494"><name>2858</name></wpt><wpt lat="35.1131616" lon="-118.4773701"><name>2859</name></wpt><wpt lat="35.1131683" lon="-118.4773908"><name>2860</name></wpt><wpt lat="35.1131752" lon="-118.4774109"><name>2861</name></wpt><wpt lat="35.1131821" lon="-118.4774303"><name>2862</name></wpt><wpt lat="35.1131878" lon="-118.4774489"><name>2863</name></wpt><wpt lat="35.1131936" lon="-118.4774667"><name>2864</name></wpt><wpt lat="35.1131995" lon="-118.4774842"><name>2865</name></wpt><wpt lat="35.1132044" lon="-118.4775006"><name>2866</name></wpt><wpt lat="35.1132099" lon="-118.4775179"><name>2867</name></wpt><wpt lat="35.1132153" lon="-118.4775359"><name>2868</name></wpt><wpt lat="35.11322" lon="-118.4775529"><name>2869</name></wpt><wpt lat="35.1132228" lon="-118.4775699"><name>2870</name></wpt><wpt lat="35.1132245" lon="-118.4775877"><name>2871</name></wpt><wpt lat="35.1132254" lon="-118.4776052"><name>2872</name></wpt><wpt lat="35.1132256" lon="-118.4776222"><name>2873</name></wpt><wpt lat="35.1132254" lon="-118.477638"><name>2874</name></wpt><wpt lat="35.1132268" lon="-118.4776541"><name>2875</name></wpt><wpt lat="35.1132283" lon="-118.4776692"><name>2876</name></wpt><wpt lat="35.1132296" lon="-118.4776841"><name>2877</name></wpt><wpt lat="35.1132295" lon="-118.4776984"><name>2878</name></wpt><wpt lat="35.1132297" lon="-118.4777137"><name>2879</name></wpt><wpt lat="35.1132294" lon="-118.4777283"><name>2880</name></wpt><wpt lat="35.1132285" lon="-118.4777441"><name>2881</name></wpt><wpt lat="35.113228" lon="-118.4777606"><name>2882</name></wpt><wpt lat="35.1132265" lon="-118.4777768"><name>2883</name></wpt><wpt lat="35.1132236" lon="-118.477793"><name>2884</name></wpt><wpt lat="35.1132212" lon="-118.4778095"><name>2885</name></wpt><wpt lat="35.1132193" lon="-118.4778263"><name>2886</name></wpt><wpt lat="35.1132176" lon="-118.4778432"><name>2887</name></wpt><wpt lat="35.1132158" lon="-118.4778591"><name>2888</name></wpt><wpt lat="35.1132132" lon="-118.4778743"><name>2889</name></wpt><wpt lat="35.1132101" lon="-118.477889"><name>2890</name></wpt><wpt lat="35.1132067" lon="-118.4779033"><name>2891</name></wpt><wpt lat="35.1132041" lon="-118.4779166"><name>2892</name></wpt><wpt lat="35.1132023" lon="-118.4779295"><name>2893</name></wpt><wpt lat="35.1132005" lon="-118.477942"><name>2894</name></wpt><wpt lat="35.1131995" lon="-118.4779543"><name>2895</name></wpt><wpt lat="35.1131984" lon="-118.4779666"><name>2896</name></wpt><wpt lat="35.1131975" lon="-118.477978"><name>2897</name></wpt><wpt lat="35.1131966" lon="-118.4779885"><name>2898</name></wpt><wpt lat="35.1131964" lon="-118.4779998"><name>2899</name></wpt><wpt lat="35.1131966" lon="-118.4780121"><name>2900</name></wpt><wpt lat="35.1131969" lon="-118.478025"><name>2901</name></wpt><wpt lat="35.1131968" lon="-118.4780378"><name>2902</name></wpt><wpt lat="35.113196" lon="-118.4780502"><name>2903</name></wpt><wpt lat="35.1131948" lon="-118.4780638"><name>2904</name></wpt><wpt lat="35.1131938" lon="-118.4780783"><name>2905</name></wpt><wpt lat="35.1131925" lon="-118.4780929"><name>2906</name></wpt><wpt lat="35.113191" lon="-118.4781083"><name>2907</name></wpt><wpt lat="35.1131892" lon="-118.4781243"><name>2908</name></wpt><wpt lat="35.1131864" lon="-118.4781402"><name>2909</name></wpt><wpt lat="35.1131842" lon="-118.4781554"><name>2910</name></wpt><wpt lat="35.1131831" lon="-118.4781706"><name>2911</name></wpt><wpt lat="35.1131812" lon="-118.4781856"><name>2912</name></wpt><wpt lat="35.1131789" lon="-118.4781998"><name>2913</name></wpt><wpt lat="35.1131762" lon="-118.4782139"><name>2914</name></wpt><wpt lat="35.1131735" lon="-118.4782278"><name>2915</name></wpt><wpt lat="35.1131717" lon="-118.4782421"><name>2916</name></wpt><wpt lat="35.1131701" lon="-118.4782566"><name>2917</name></wpt><wpt lat="35.1131688" lon="-118.4782703"><name>2918</name></wpt><wpt lat="35.113167" lon="-118.4782833"><name>2919</name></wpt><wpt lat="35.1131646" lon="-118.4782978"><name>2920</name></wpt><wpt lat="35.1131627" lon="-118.4783121"><name>2921</name></wpt><wpt lat="35.1131611" lon="-118.4783263"><name>2922</name></wpt><wpt lat="35.1131594" lon="-118.4783399"><name>2923</name></wpt><wpt lat="35.1131576" lon="-118.4783534"><name>2924</name></wpt><wpt lat="35.1131555" lon="-118.4783673"><name>2925</name></wpt><wpt lat="35.1131538" lon="-118.4783819"><name>2926</name></wpt><wpt lat="35.1131524" lon="-118.4783963"><name>2927</name></wpt><wpt lat="35.1131508" lon="-118.4784105"><name>2928</name></wpt><wpt lat="35.1131489" lon="-118.4784246"><name>2929</name></wpt><wpt lat="35.1131468" lon="-118.4784396"><name>2930</name></wpt><wpt lat="35.113145" lon="-118.4784543"><name>2931</name></wpt><wpt lat="35.1131436" lon="-118.4784678"><name>2932</name></wpt><wpt lat="35.1131417" lon="-118.478481"><name>2933</name></wpt><wpt lat="35.113139" lon="-118.4784943"><name>2934</name></wpt><wpt lat="35.1131363" lon="-118.4785078"><name>2935</name></wpt><wpt lat="35.1131342" lon="-118.4785209"><name>2936</name></wpt><wpt lat="35.1131318" lon="-118.478533"><name>2937</name></wpt><wpt lat="35.113129" lon="-118.478545"><name>2938</name></wpt><wpt lat="35.113126" lon="-118.478556"><name>2939</name></wpt><wpt lat="35.1131225" lon="-118.4785668"><name>2940</name></wpt><wpt lat="35.1131181" lon="-118.4785781"><name>2941</name></wpt><wpt lat="35.1131135" lon="-118.4785894"><name>2942</name></wpt><wpt lat="35.113109" lon="-118.4786002"><name>2943</name></wpt><wpt lat="35.1131036" lon="-118.4786109"><name>2944</name></wpt><wpt lat="35.113098" lon="-118.4786209"><name>2945</name></wpt><wpt lat="35.1130929" lon="-118.4786304"><name>2946</name></wpt><wpt lat="35.1130873" lon="-118.4786394"><name>2947</name></wpt><wpt lat="35.11308" lon="-118.4786472"><name>2948</name></wpt><wpt lat="35.1130712" lon="-118.4786546"><name>2949</name></wpt><wpt lat="35.1130632" lon="-118.4786627"><name>2950</name></wpt><wpt lat="35.1130547" lon="-118.4786699"><name>2951</name></wpt><wpt lat="35.1130446" lon="-118.4786753"><name>2952</name></wpt><wpt lat="35.1130329" lon="-118.4786783"><name>2953</name></wpt><wpt lat="35.1130205" lon="-118.4786802"><name>2954</name></wpt><wpt lat="35.1130084" lon="-118.4786808"><name>2955</name></wpt><wpt lat="35.1129962" lon="-118.4786807"><name>2956</name></wpt><wpt lat="35.1129838" lon="-118.4786801"><name>2957</name></wpt><wpt lat="35.1129705" lon="-118.4786783"><name>2958</name></wpt><wpt lat="35.1129564" lon="-118.4786757"><name>2959</name></wpt><wpt lat="35.1129419" lon="-118.478672"><name>2960</name></wpt><wpt lat="35.1129271" lon="-118.4786676"><name>2961</name></wpt><wpt lat="35.1129115" lon="-118.4786616"><name>2962</name></wpt><wpt lat="35.1128957" lon="-118.4786532"><name>2963</name></wpt><wpt lat="35.1128807" lon="-118.4786439"><name>2964</name></wpt><wpt lat="35.1128659" lon="-118.4786328"><name>2965</name></wpt><wpt lat="35.1128495" lon="-118.47862"><name>2966</name></wpt><wpt lat="35.1128323" lon="-118.4786069"><name>2967</name></wpt><wpt lat="35.1128144" lon="-118.4785926"><name>2968</name></wpt><wpt lat="35.1127967" lon="-118.4785763"><name>2969</name></wpt><wpt lat="35.1127789" lon="-118.4785576"><name>2970</name></wpt><wpt lat="35.1127615" lon="-118.4785367"><name>2971</name></wpt><wpt lat="35.1127446" lon="-118.4785132"><name>2972</name></wpt><wpt lat="35.1127285" lon="-118.4784875"><name>2973</name></wpt><wpt lat="35.1127134" lon="-118.4784616"><name>2974</name></wpt><wpt lat="35.1126977" lon="-118.4784346"><name>2975</name></wpt><wpt lat="35.1126823" lon="-118.4784072"><name>2976</name></wpt><wpt lat="35.1126661" lon="-118.4783787"><name>2977</name></wpt><wpt lat="35.1126499" lon="-118.4783491"><name>2978</name></wpt><wpt lat="35.1126339" lon="-118.478319"><name>2979</name></wpt><wpt lat="35.1126178" lon="-118.4782871"><name>2980</name></wpt><wpt lat="35.1126032" lon="-118.4782537"><name>2981</name></wpt><wpt lat="35.1125892" lon="-118.4782187"><name>2982</name></wpt><wpt lat="35.1125754" lon="-118.478183"><name>2983</name></wpt><wpt lat="35.1125619" lon="-118.4781468"><name>2984</name></wpt><wpt lat="35.1125492" lon="-118.4781096"><name>2985</name></wpt><wpt lat="35.1125375" lon="-118.478072"><name>2986</name></wpt><wpt lat="35.1125269" lon="-118.4780332"><name>2987</name></wpt><wpt lat="35.1125173" lon="-118.4779931"><name>2988</name></wpt><wpt lat="35.1125089" lon="-118.477953"><name>2989</name></wpt><wpt lat="35.1125" lon="-118.4779131"><name>2990</name></wpt><wpt lat="35.1124918" lon="-118.477873"><name>2991</name></wpt><wpt lat="35.1124841" lon="-118.4778321"><name>2992</name></wpt><wpt lat="35.1124771" lon="-118.4777909"><name>2993</name></wpt><wpt lat="35.1124701" lon="-118.4777488"><name>2994</name></wpt><wpt lat="35.1124638" lon="-118.4777058"><name>2995</name></wpt><wpt lat="35.112459" lon="-118.4776624"><name>2996</name></wpt><wpt lat="35.112456" lon="-118.4776183"><name>2997</name></wpt><wpt lat="35.1124557" lon="-118.477574"><name>2998</name></wpt><wpt lat="35.1124569" lon="-118.4775294"><name>2999</name></wpt><wpt lat="35.1124594" lon="-118.4774847"><name>3000</name></wpt><wpt lat="35.1124635" lon="-118.4774402"><name>3001</name></wpt><wpt lat="35.1124693" lon="-118.4773953"><name>3002</name></wpt><wpt lat="35.1124771" lon="-118.4773507"><name>3003</name></wpt><wpt lat="35.1124873" lon="-118.4773071"><name>3004</name></wpt><wpt lat="35.1125007" lon="-118.4772643"><name>3005</name></wpt><wpt lat="35.1125163" lon="-118.4772234"><name>3006</name></wpt><wpt lat="35.1125342" lon="-118.4771844"><name>3007</name></wpt><wpt lat="35.1125547" lon="-118.4771475"><name>3008</name></wpt><wpt lat="35.1125774" lon="-118.4771134"><name>3009</name></wpt><wpt lat="35.1126017" lon="-118.4770831"><name>3010</name></wpt><wpt lat="35.1126269" lon="-118.477056"><name>3011</name></wpt><wpt lat="35.1126529" lon="-118.4770302"><name>3012</name></wpt><wpt lat="35.1126794" lon="-118.4770065"><name>3013</name></wpt><wpt lat="35.1127066" lon="-118.4769846"><name>3014</name></wpt><wpt lat="35.1127343" lon="-118.476965"><name>3015</name></wpt><wpt lat="35.112762" lon="-118.4769475"><name>3016</name></wpt><wpt lat="35.1127895" lon="-118.4769352"><name>3017</name></wpt><wpt lat="35.1128156" lon="-118.4769281"><name>3018</name></wpt><wpt lat="35.1128399" lon="-118.4769249"><name>3019</name></wpt><wpt lat="35.1128814" lon="-118.4769264"><name>3020</name></wpt><wpt lat="35.1128985" lon="-118.4769297"><name>3021</name></wpt><wpt lat="35.1129146" lon="-118.476935"><name>3022</name></wpt><wpt lat="35.1129304" lon="-118.4769418"><name>3023</name></wpt><wpt lat="35.1129458" lon="-118.4769495"><name>3024</name></wpt><wpt lat="35.1129597" lon="-118.4769586"><name>3025</name></wpt><wpt lat="35.1129722" lon="-118.4769687"><name>3026</name></wpt><wpt lat="35.1129832" lon="-118.4769799"><name>3027</name></wpt><wpt lat="35.1129922" lon="-118.4769922"><name>3028</name></wpt><wpt lat="35.1130002" lon="-118.477004"><name>3029</name></wpt><wpt lat="35.1130084" lon="-118.4770159"><name>3030</name></wpt><wpt lat="35.1130162" lon="-118.4770289"><name>3031</name></wpt><wpt lat="35.1130236" lon="-118.477042"><name>3032</name></wpt><wpt lat="35.1130306" lon="-118.477055"><name>3033</name></wpt><wpt lat="35.1130368" lon="-118.4770686"><name>3034</name></wpt><wpt lat="35.1130421" lon="-118.4770836"><name>3035</name></wpt><wpt lat="35.1130457" lon="-118.4770986"><name>3036</name></wpt><wpt lat="35.1130481" lon="-118.4771135"><name>3037</name></wpt><wpt lat="35.1130499" lon="-118.4771288"><name>3038</name></wpt><wpt lat="35.113051" lon="-118.4771444"><name>3039</name></wpt><wpt lat="35.1130522" lon="-118.4771602"><name>3040</name></wpt><wpt lat="35.1130536" lon="-118.4771766"><name>3041</name></wpt><wpt lat="35.1130548" lon="-118.4771927"><name>3042</name></wpt><wpt lat="35.113056" lon="-118.4772082"><name>3043</name></wpt><wpt lat="35.1130574" lon="-118.4772236"><name>3044</name></wpt><wpt lat="35.1130585" lon="-118.4772381"><name>3045</name></wpt><wpt lat="35.1130591" lon="-118.4772526"><name>3046</name></wpt><wpt lat="35.1130594" lon="-118.4772666"><name>3047</name></wpt><wpt lat="35.1130601" lon="-118.4772801"><name>3048</name></wpt><wpt lat="35.1130606" lon="-118.4772937"><name>3049</name></wpt><wpt lat="35.1130612" lon="-118.4773068"><name>3050</name></wpt><wpt lat="35.1130622" lon="-118.4773195"><name>3051</name></wpt><wpt lat="35.1130637" lon="-118.477332"><name>3052</name></wpt><wpt lat="35.1130654" lon="-118.4773445"><name>3053</name></wpt><wpt lat="35.1130667" lon="-118.4773573"><name>3054</name></wpt><wpt lat="35.1130678" lon="-118.4773698"><name>3055</name></wpt><wpt lat="35.1130694" lon="-118.477382"><name>3056</name></wpt><wpt lat="35.1130711" lon="-118.4773935"><name>3057</name></wpt><wpt lat="35.1130729" lon="-118.4774046"><name>3058</name></wpt><wpt lat="35.1130749" lon="-118.4774156"><name>3059</name></wpt><wpt lat="35.1130766" lon="-118.4774264"><name>3060</name></wpt><wpt lat="35.1130779" lon="-118.477437"><name>3061</name></wpt><wpt lat="35.1130798" lon="-118.4774478"><name>3062</name></wpt><wpt lat="35.1130823" lon="-118.4774587"><name>3063</name></wpt><wpt lat="35.1130847" lon="-118.4774692"><name>3064</name></wpt><wpt lat="35.1130878" lon="-118.4774791"><name>3065</name></wpt><wpt lat="35.1130913" lon="-118.477489"><name>3066</name></wpt><wpt lat="35.1130942" lon="-118.4774981"><name>3067</name></wpt><wpt lat="35.1130965" lon="-118.4775066"><name>3068</name></wpt><wpt lat="35.1130989" lon="-118.4775151"><name>3069</name></wpt><wpt lat="35.1131012" lon="-118.4775234"><name>3070</name></wpt><wpt lat="35.1131029" lon="-118.4775318"><name>3071</name></wpt><wpt lat="35.1131044" lon="-118.4775403"><name>3072</name></wpt><wpt lat="35.1131064" lon="-118.4775489"><name>3073</name></wpt><wpt lat="35.113108" lon="-118.4775569"><name>3074</name></wpt><wpt lat="35.1131093" lon="-118.477565"><name>3075</name></wpt><wpt lat="35.1131105" lon="-118.4775732"><name>3076</name></wpt><wpt lat="35.1131111" lon="-118.4775812"><name>3077</name></wpt><wpt lat="35.1131115" lon="-118.4775893"><name>3078</name></wpt><wpt lat="35.1131121" lon="-118.4775974"><name>3079</name></wpt><wpt lat="35.1131131" lon="-118.4776059"><name>3080</name></wpt><wpt lat="35.1131148" lon="-118.4776149"><name>3081</name></wpt><wpt lat="35.1131168" lon="-118.4776248"><name>3082</name></wpt><wpt lat="35.1131182" lon="-118.4776351"><name>3083</name></wpt><wpt lat="35.1131198" lon="-118.4776459"><name>3084</name></wpt><wpt lat="35.113122" lon="-118.4776571"><name>3085</name></wpt><wpt lat="35.1131243" lon="-118.4776683"><name>3086</name></wpt><wpt lat="35.1131265" lon="-118.4776791"><name>3087</name></wpt><wpt lat="35.1131289" lon="-118.47769"><name>3088</name></wpt><wpt lat="35.1131319" lon="-118.4777008"><name>3089</name></wpt><wpt lat="35.1131351" lon="-118.4777119"><name>3090</name></wpt><wpt lat="35.113139" lon="-118.4777228"><name>3091</name></wpt><wpt lat="35.1131427" lon="-118.4777328"><name>3092</name></wpt><wpt lat="35.1131462" lon="-118.4777429"><name>3093</name></wpt><wpt lat="35.1131491" lon="-118.4777532"><name>3094</name></wpt><wpt lat="35.1131513" lon="-118.4777633"><name>3095</name></wpt><wpt lat="35.1131536" lon="-118.4777729"><name>3096</name></wpt><wpt lat="35.1131564" lon="-118.4777825"><name>3097</name></wpt><wpt lat="35.1131601" lon="-118.4777928"><name>3098</name></wpt><wpt lat="35.1131641" lon="-118.4778034"><name>3099</name></wpt><wpt lat="35.1131676" lon="-118.4778141"><name>3100</name></wpt><wpt lat="35.1131702" lon="-118.4778249"><name>3101</name></wpt><wpt lat="35.1131718" lon="-118.4778361"><name>3102</name></wpt><wpt lat="35.1131742" lon="-118.477848"><name>3103</name></wpt><wpt lat="35.1131772" lon="-118.4778603"><name>3104</name></wpt><wpt lat="35.1131806" lon="-118.4778727"><name>3105</name></wpt><wpt lat="35.1131838" lon="-118.4778848"><name>3106</name></wpt><wpt lat="35.1131871" lon="-118.4778966"><name>3107</name></wpt><wpt lat="35.1131901" lon="-118.4779086"><name>3108</name></wpt><wpt lat="35.1131925" lon="-118.4779204"><name>3109</name></wpt><wpt lat="35.1131949" lon="-118.4779324"><name>3110</name></wpt><wpt lat="35.1131972" lon="-118.4779449"><name>3111</name></wpt><wpt lat="35.1131994" lon="-118.4779571"><name>3112</name></wpt><wpt lat="35.1132029" lon="-118.4779689"><name>3113</name></wpt><wpt lat="35.1132064" lon="-118.4779814"><name>3114</name></wpt><wpt lat="35.1132094" lon="-118.4779941"><name>3115</name></wpt><wpt lat="35.1132124" lon="-118.4780064"><name>3116</name></wpt><wpt lat="35.1132157" lon="-118.4780193"><name>3117</name></wpt><wpt lat="35.1132191" lon="-118.4780321"><name>3118</name></wpt><wpt lat="35.113222" lon="-118.4780445"><name>3119</name></wpt><wpt lat="35.113224" lon="-118.4780568"><name>3120</name></wpt><wpt lat="35.1132258" lon="-118.4780686"><name>3121</name></wpt><wpt lat="35.1132284" lon="-118.4780807"><name>3122</name></wpt><wpt lat="35.1132316" lon="-118.4780923"><name>3123</name></wpt><wpt lat="35.1132348" lon="-118.4781041"><name>3124</name></wpt><wpt lat="35.1132371" lon="-118.4781148"><name>3125</name></wpt><wpt lat="35.1132374" lon="-118.4781205"><name>3126</name></wpt><wpt lat="35.1132371" lon="-118.4781225"><name>3127</name></wpt><wpt lat="35.1132366" lon="-118.4781222"><name>3128</name></wpt><wpt lat="35.1132365" lon="-118.4781224"><name>3129</name></wpt><wpt lat="35.113237" lon="-118.4781223"><name>3130</name></wpt><wpt lat="35.1132369" lon="-118.4781217"><name>3131</name></wpt><wpt lat="35.1132372" lon="-118.4781217"><name>3132</name></wpt><wpt lat="35.1132379" lon="-118.4781218"><name>3133</name></wpt><wpt lat="35.1132377" lon="-118.4781222"><name>3134</name></wpt><wpt lat="35.1132379" lon="-118.4781228"><name>3135</name></wpt><wpt lat="35.1132383" lon="-118.4781232"><name>3136</name></wpt><wpt lat="35.1132384" lon="-118.478123"><name>3137</name></wpt><wpt lat="35.1132386" lon="-118.4781229"><name>3138</name></wpt><wpt lat="35.1132385" lon="-118.4781228"><name>3139</name></wpt><wpt lat="35.1132382" lon="-118.4781234"><name>3140</name></wpt><wpt lat="35.1132382" lon="-118.4781231"><name>3141</name></wpt><wpt lat="35.1132379" lon="-118.478123"><name>3142</name></wpt><wpt lat="35.1132376" lon="-118.4781227"><name>3143</name></wpt><wpt lat="35.1132372" lon="-118.4781228"><name>3144</name></wpt><wpt lat="35.1132369" lon="-118.4781226"><name>3145</name></wpt><wpt lat="35.1132367" lon="-118.4781225"><name>3146</name></wpt><wpt lat="35.1132369" lon="-118.4781221"><name>3147</name></wpt><wpt lat="35.1132371" lon="-118.4781218"><name>3148</name></wpt><wpt lat="35.113237" lon="-118.478122"><name>3149</name></wpt><wpt lat="35.1132373" lon="-118.4781218"><name>3150</name></wpt><wpt lat="35.1132374" lon="-118.4781219"><name>3151</name></wpt><wpt lat="35.1132372" lon="-118.4781218"><name>3152</name></wpt><wpt lat="35.1132373" lon="-118.4781217"><name>3153</name></wpt><wpt lat="35.1132374" lon="-118.4781214"><name>3154</name></wpt><wpt lat="35.1132378" lon="-118.4781212"><name>3155</name></wpt><wpt lat="35.113238" lon="-118.4781209"><name>3156</name></wpt><wpt lat="35.1132381" lon="-118.4781204"><name>3157</name></wpt><wpt lat="35.1132383" lon="-118.4781201"><name>3158</name></wpt><wpt lat="35.1132386" lon="-118.4781196"><name>3159</name></wpt><wpt lat="35.1132388" lon="-118.478119"><name>3160</name></wpt><wpt lat="35.1132391" lon="-118.4781186"><name>3161</name></wpt><wpt lat="35.1132392" lon="-118.4781181"><name>3162</name></wpt><wpt lat="35.1132396" lon="-118.4781178"><name>3163</name></wpt><wpt lat="35.1132399" lon="-118.4781177"><name>3164</name></wpt><wpt lat="35.1132401" lon="-118.4781176"><name>3165</name></wpt><wpt lat="35.1132404" lon="-118.4781177"><name>3166</name></wpt><wpt lat="35.1132405" lon="-118.4781175"><name>3167</name></wpt><wpt lat="35.1132407" lon="-118.4781179"><name>3168</name></wpt><wpt lat="35.1132409" lon="-118.4781182"><name>3169</name></wpt><wpt lat="35.1132411" lon="-118.4781183"><name>3170</name></wpt><wpt lat="35.1132414" lon="-118.4781188"><name>3171</name></wpt><wpt lat="35.1132419" lon="-118.4781192"><name>3172</name></wpt><wpt lat="35.1132423" lon="-118.4781194"><name>3173</name></wpt><wpt lat="35.1132427" lon="-118.4781202"><name>3174</name></wpt><wpt lat="35.1132429" lon="-118.4781212"><name>3175</name></wpt><wpt lat="35.1132428" lon="-118.4781215"><name>3176</name></wpt><wpt lat="35.1132429" lon="-118.4781212"><name>3177</name></wpt><wpt lat="35.1132433" lon="-118.4781208"><name>3178</name></wpt><wpt lat="35.1132437" lon="-118.478121"><name>3179</name></wpt><wpt lat="35.1132439" lon="-118.4781208"><name>3180</name></wpt><wpt lat="35.1132441" lon="-118.4781207"><name>3181</name></wpt><wpt lat="35.1132442" lon="-118.4781204"><name>3182</name></wpt><wpt lat="35.1132446" lon="-118.47812"><name>3183</name></wpt><wpt lat="35.1132442" lon="-118.4781195"><name>3184</name></wpt><wpt lat="35.1132443" lon="-118.4781192"><name>3185</name></wpt><wpt lat="35.1132444" lon="-118.478119"><name>3186</name></wpt><wpt lat="35.1132445" lon="-118.4781185"><name>3187</name></wpt><wpt lat="35.1132443" lon="-118.4781178"><name>3188</name></wpt><wpt lat="35.1132444" lon="-118.4781166"><name>3189</name></wpt><wpt lat="35.1132436" lon="-118.4781157"><name>3190</name></wpt><wpt lat="35.113243" lon="-118.4781152"><name>3191</name></wpt><wpt lat="35.1132423" lon="-118.4781149"><name>3192</name></wpt><wpt lat="35.1132417" lon="-118.4781148"><name>3193</name></wpt><wpt lat="35.1132409" lon="-118.4781143"><name>3194</name></wpt><wpt lat="35.1132408" lon="-118.4781135"><name>3195</name></wpt><wpt lat="35.1132406" lon="-118.4781136"><name>3196</name></wpt><wpt lat="35.11324" lon="-118.478113"><name>3197</name></wpt><wpt lat="35.1132401" lon="-118.4781119"><name>3198</name></wpt><wpt lat="35.1132397" lon="-118.4781114"><name>3199</name></wpt><wpt lat="35.1132391" lon="-118.4781108"><name>3200</name></wpt><wpt lat="35.1132387" lon="-118.4781103"><name>3201</name></wpt><wpt lat="35.1132382" lon="-118.4781098"><name>3202</name></wpt><wpt lat="35.1132378" lon="-118.4781077"><name>3203</name></wpt><wpt lat="35.113238" lon="-118.4781054"><name>3204</name></wpt><wpt lat="35.1132377" lon="-118.4781038"><name>3205</name></wpt><wpt lat="35.113237" lon="-118.4781019"><name>3206</name></wpt><wpt lat="35.113236" lon="-118.4781018"><name>3207</name></wpt><wpt lat="35.1132355" lon="-118.4781027"><name>3208</name></wpt><wpt lat="35.1132352" lon="-118.4781039"><name>3209</name></wpt><wpt lat="35.1132336" lon="-118.4781035"><name>3210</name></wpt><wpt lat="35.113233" lon="-118.4781041"><name>3211</name></wpt><wpt lat="35.1132337" lon="-118.4781048"><name>3212</name></wpt><wpt lat="35.1132341" lon="-118.4781044"><name>3213</name></wpt><wpt lat="35.1132343" lon="-118.4781033"><name>3214</name></wpt><wpt lat="35.1132344" lon="-118.4781024"><name>3215</name></wpt><wpt lat="35.1132345" lon="-118.4780974"><name>3216</name></wpt><wpt lat="35.1132342" lon="-118.4780926"><name>3217</name></wpt><wpt lat="35.1132338" lon="-118.4780886"><name>3218</name></wpt><wpt lat="35.1132334" lon="-118.4780896"><name>3219</name></wpt><wpt lat="35.1132332" lon="-118.4780898"><name>3220</name></wpt><wpt lat="35.1132333" lon="-118.4780889"><name>3221</name></wpt><wpt lat="35.1132337" lon="-118.4780887"><name>3222</name></wpt><wpt lat="35.1132343" lon="-118.4780885"><name>3223</name></wpt><wpt lat="35.1132346" lon="-118.4780871"><name>3224</name></wpt><wpt lat="35.1132351" lon="-118.4780849"><name>3225</name></wpt><wpt lat="35.1132357" lon="-118.4780834"><name>3226</name></wpt><wpt lat="35.113236" lon="-118.4780822"><name>3227</name></wpt><wpt lat="35.1132365" lon="-118.4780804"><name>3228</name></wpt><wpt lat="35.1132376" lon="-118.4780816"><name>3229</name></wpt><wpt lat="35.1132378" lon="-118.4780806"><name>3230</name></wpt><wpt lat="35.1132381" lon="-118.47808"><name>3231</name></wpt><wpt lat="35.113239" lon="-118.4780792"><name>3232</name></wpt><wpt lat="35.1132396" lon="-118.478079"><name>3233</name></wpt><wpt lat="35.1132408" lon="-118.4780791"><name>3234</name></wpt><wpt lat="35.113239" lon="-118.4780742"><name>3235</name></wpt><wpt lat="35.1132361" lon="-118.4780731"><name>3236</name></wpt><wpt lat="35.1132333" lon="-118.4780752"><name>3237</name></wpt><wpt lat="35.1132322" lon="-118.4780756"><name>3238</name></wpt><wpt lat="35.1132312" lon="-118.4780758"><name>3239</name></wpt><wpt lat="35.1132335" lon="-118.4780769"><name>3240</name></wpt><wpt lat="35.1132383" lon="-118.4780789"><name>3241</name></wpt><wpt lat="35.1132373" lon="-118.4780771"><name>3242</name></wpt><wpt lat="35.1132378" lon="-118.4780754"><name>3243</name></wpt><wpt lat="35.1132403" lon="-118.478074"><name>3244</name></wpt><wpt lat="35.1132427" lon="-118.4780722"><name>3245</name></wpt><wpt lat="35.1132456" lon="-118.4780708"><name>3246</name></wpt><wpt lat="35.1132511" lon="-118.4780717"><name>3247</name></wpt><wpt lat="35.1132576" lon="-118.4780753"><name>3248</name></wpt><wpt lat="35.1132644" lon="-118.4780799"><name>3249</name></wpt><wpt lat="35.1132692" lon="-118.4780845"><name>3250</name></wpt><wpt lat="35.1132751" lon="-118.4780918"><name>3251</name></wpt><wpt lat="35.1132787" lon="-118.4780979"><name>3252</name></wpt><wpt lat="35.1132827" lon="-118.4781042"><name>3253</name></wpt><wpt lat="35.1132857" lon="-118.4781102"><name>3254</name></wpt><wpt lat="35.1132893" lon="-118.4781154"><name>3255</name></wpt><wpt lat="35.1132926" lon="-118.4781172"><name>3256</name></wpt><wpt lat="35.1132949" lon="-118.478118"><name>3257</name></wpt><wpt lat="35.1132969" lon="-118.4781182"><name>3258</name></wpt><wpt lat="35.1132984" lon="-118.4781186"><name>3259</name></wpt><wpt lat="35.1132993" lon="-118.4781184"><name>3260</name></wpt><wpt lat="35.1133003" lon="-118.4781183"><name>3261</name></wpt><wpt lat="35.113301" lon="-118.4781176"><name>3262</name></wpt><wpt lat="35.1133018" lon="-118.4781171"><name>3263</name></wpt><wpt lat="35.1133015" lon="-118.478117"><name>3264</name></wpt><wpt lat="35.1133011" lon="-118.4781155"><name>3265</name></wpt><wpt lat="35.1133018" lon="-118.4781142"><name>3266</name></wpt><wpt lat="35.1133014" lon="-118.4781133"><name>3267</name></wpt><wpt lat="35.1133026" lon="-118.4781136"><name>3268</name></wpt><wpt lat="35.1133039" lon="-118.4781155"><name>3269</name></wpt><wpt lat="35.1133036" lon="-118.4781158"><name>3270</name></wpt><wpt lat="35.1133026" lon="-118.4781149"><name>3271</name></wpt><wpt lat="35.1133015" lon="-118.4781169"><name>3272</name></wpt><wpt lat="35.1133016" lon="-118.4781191"><name>3273</name></wpt><wpt lat="35.1133014" lon="-118.4781167"><name>3274</name></wpt><wpt lat="35.1132999" lon="-118.4781149"><name>3275</name></wpt><wpt lat="35.1132992" lon="-118.4781175"><name>3276</name></wpt><wpt lat="35.113296" lon="-118.478115"><name>3277</name></wpt><wpt lat="35.1132949" lon="-118.4781107"><name>3278</name></wpt><wpt lat="35.1132933" lon="-118.4781057"><name>3279</name></wpt><wpt lat="35.1132914" lon="-118.4781034"><name>3280</name></wpt><wpt lat="35.1132888" lon="-118.4781021"><name>3281</name></wpt><wpt lat="35.1132883" lon="-118.4780981"><name>3282</name></wpt><wpt lat="35.1132921" lon="-118.4780968"><name>3283</name></wpt><wpt lat="35.1132932" lon="-118.4780943"><name>3284</name></wpt><wpt lat="35.1132954" lon="-118.478093"><name>3285</name></wpt><wpt lat="35.1132997" lon="-118.4780916"><name>3286</name></wpt><wpt lat="35.1133048" lon="-118.4780919"><name>3287</name></wpt><wpt lat="35.1133128" lon="-118.4780854"><name>3288</name></wpt><wpt lat="35.1133179" lon="-118.4780791"><name>3289</name></wpt><wpt lat="35.1133212" lon="-118.4780705"><name>3290</name></wpt><wpt lat="35.1133289" lon="-118.4780525"><name>3291</name></wpt><wpt lat="35.1133348" lon="-118.4780378"><name>3292</name></wpt><wpt lat="35.1133385" lon="-118.4780297"><name>3293</name></wpt><wpt lat="35.1133412" lon="-118.4780253"><name>3294</name></wpt><wpt lat="35.1133444" lon="-118.4780235"><name>3295</name></wpt><wpt lat="35.1133453" lon="-118.4780217"><name>3296</name></wpt><wpt lat="35.1133447" lon="-118.4780194"><name>3297</name></wpt><wpt lat="35.1133459" lon="-118.4780184"><name>3298</name></wpt><wpt lat="35.1133483" lon="-118.4780171"><name>3299</name></wpt><wpt lat="35.1133509" lon="-118.4780149"><name>3300</name></wpt><wpt lat="35.1133519" lon="-118.4780154"><name>3301</name></wpt><wpt lat="35.1133518" lon="-118.4780176"><name>3302</name></wpt><wpt lat="35.1133513" lon="-118.4780214"><name>3303</name></wpt><wpt lat="35.1133507" lon="-118.4780243"><name>3304</name></wpt><wpt lat="35.1133523" lon="-118.4780278"><name>3305</name></wpt><wpt lat="35.1133555" lon="-118.4780287"><name>3306</name></wpt><wpt lat="35.1133567" lon="-118.4780297"><name>3307</name></wpt><wpt lat="35.113354" lon="-118.4780065"><name>3308</name></wpt><wpt lat="35.1133481" lon="-118.4779788"><name>3309</name></wpt><wpt lat="35.1133444" lon="-118.4779484"><name>3310</name></wpt><wpt lat="35.1133381" lon="-118.4779169"><name>3311</name></wpt><wpt lat="35.1133503" lon="-118.4778943"><name>3312</name></wpt><wpt lat="35.1133641" lon="-118.4778719"><name>3313</name></wpt><wpt lat="35.1133775" lon="-118.4778702"><name>3314</name></wpt><wpt lat="35.1133905" lon="-118.4778713"><name>3315</name></wpt><wpt lat="35.1134015" lon="-118.4778731"><name>3316</name></wpt><wpt lat="35.1134103" lon="-118.4778778"><name>3317</name></wpt><wpt lat="35.113418" lon="-118.4778813"><name>3318</name></wpt><wpt lat="35.1134208" lon="-118.4778828"><name>3319</name></wpt><wpt lat="35.1134221" lon="-118.4778849"><name>3320</name></wpt><wpt lat="35.1134266" lon="-118.4778906"><name>3321</name></wpt><wpt lat="35.1134296" lon="-118.4778985"><name>3322</name></wpt><wpt lat="35.1134327" lon="-118.4779022"><name>3323</name></wpt><wpt lat="35.1134342" lon="-118.4779074"><name>3324</name></wpt><wpt lat="35.1134348" lon="-118.4779144"><name>3325</name></wpt><wpt lat="35.1134357" lon="-118.4779221"><name>3326</name></wpt><wpt lat="35.1134366" lon="-118.4779314"><name>3327</name></wpt><wpt lat="35.1134367" lon="-118.477942"><name>3328</name></wpt><wpt lat="35.1134365" lon="-118.4779539"><name>3329</name></wpt><wpt lat="35.1134373" lon="-118.477967"><name>3330</name></wpt><wpt lat="35.1134351" lon="-118.4779789"><name>3331</name></wpt><wpt lat="35.1134334" lon="-118.4779903"><name>3332</name></wpt><wpt lat="35.1134379" lon="-118.4780068"><name>3333</name></wpt><wpt lat="35.1134457" lon="-118.4780205"><name>3334</name></wpt><wpt lat="35.1134461" lon="-118.478022"><name>3335</name></wpt><wpt lat="35.1134463" lon="-118.4780259"><name>3336</name></wpt><wpt lat="35.1134474" lon="-118.4780264"><name>3337</name></wpt><wpt lat="35.113447" lon="-118.4780268"><name>3338</name></wpt><wpt lat="35.1134456" lon="-118.4780288"><name>3339</name></wpt><wpt lat="35.1134426" lon="-118.4780301"><name>3340</name></wpt><wpt lat="35.1134378" lon="-118.478034"><name>3341</name></wpt><wpt lat="35.1134353" lon="-118.4780364"><name>3342</name></wpt><wpt lat="35.1134346" lon="-118.4780362"><name>3343</name></wpt><wpt lat="35.1134328" lon="-118.4780372"><name>3344</name></wpt><wpt lat="35.1134313" lon="-118.4780384"><name>3345</name></wpt><wpt lat="35.1134301" lon="-118.478041"><name>3346</name></wpt><wpt lat="35.11343" lon="-118.4780432"><name>3347</name></wpt><wpt lat="35.1134293" lon="-118.4780439"><name>3348</name></wpt><wpt lat="35.1134273" lon="-118.4780444"><name>3349</name></wpt><wpt lat="35.1134249" lon="-118.4780453"><name>3350</name></wpt><wpt lat="35.1134222" lon="-118.4780457"><name>3351</name></wpt><wpt lat="35.113419" lon="-118.4780464"><name>3352</name></wpt><wpt lat="35.1134171" lon="-118.4780479"><name>3353</name></wpt><wpt lat="35.1134154" lon="-118.4780497"><name>3354</name></wpt><wpt lat="35.1134132" lon="-118.4780493"><name>3355</name></wpt><wpt lat="35.113412" lon="-118.4780507"><name>3356</name></wpt><wpt lat="35.1134095" lon="-118.4780528"><name>3357</name></wpt><wpt lat="35.1134084" lon="-118.4780546"><name>3358</name></wpt><wpt lat="35.1134076" lon="-118.4780554"><name>3359</name></wpt><wpt lat="35.1134107" lon="-118.4780566"><name>3360</name></wpt><wpt lat="35.1134102" lon="-118.4780548"><name>3361</name></wpt><wpt lat="35.1134067" lon="-118.4780521"><name>3362</name></wpt><wpt lat="35.1134037" lon="-118.4780499"><name>3363</name></wpt><wpt lat="35.1134059" lon="-118.4780509"><name>3364</name></wpt><wpt lat="35.1134082" lon="-118.4780525"><name>3365</name></wpt><wpt lat="35.1134103" lon="-118.478054"><name>3366</name></wpt><wpt lat="35.1134138" lon="-118.478053"><name>3367</name></wpt><wpt lat="35.1134174" lon="-118.478052"><name>3368</name></wpt><wpt lat="35.1134197" lon="-118.4780518"><name>3369</name></wpt><wpt lat="35.1134225" lon="-118.4780515"><name>3370</name></wpt><wpt lat="35.113425" lon="-118.4780527"><name>3371</name></wpt><wpt lat="35.1134268" lon="-118.4780515"><name>3372</name></wpt><wpt lat="35.1134284" lon="-118.4780504"><name>3373</name></wpt><wpt lat="35.1134343" lon="-118.478049"><name>3374</name></wpt><wpt lat="35.1134365" lon="-118.4780502"><name>3375</name></wpt><wpt lat="35.113439" lon="-118.4780518"><name>3376</name></wpt><wpt lat="35.1134404" lon="-118.4780515"><name>3377</name></wpt><wpt lat="35.1134419" lon="-118.4780521"><name>3378</name></wpt><wpt lat="35.113445" lon="-118.4780527"><name>3379</name></wpt><wpt lat="35.11345" lon="-118.4780529"><name>3380</name></wpt><wpt lat="35.1134539" lon="-118.4780525"><name>3381</name></wpt><wpt lat="35.1134576" lon="-118.4780512"><name>3382</name></wpt><wpt lat="35.1134606" lon="-118.4780503"><name>3383</name></wpt><wpt lat="35.1134607" lon="-118.4780498"><name>3384</name></wpt><wpt lat="35.1134609" lon="-118.47805"><name>3385</name></wpt><wpt lat="35.1134648" lon="-118.4780514"><name>3386</name></wpt><wpt lat="35.1134688" lon="-118.4780516"><name>3387</name></wpt><wpt lat="35.1134713" lon="-118.478051"><name>3388</name></wpt><wpt lat="35.1134725" lon="-118.4780507"><name>3389</name></wpt><wpt lat="35.1134742" lon="-118.4780505"><name>3390</name></wpt><wpt lat="35.1134765" lon="-118.4780497"><name>3391</name></wpt><wpt lat="35.1134773" lon="-118.4780478"><name>3392</name></wpt><wpt lat="35.1134789" lon="-118.4780471"><name>3393</name></wpt><wpt lat="35.1134793" lon="-118.4780466"><name>3394</name></wpt><wpt lat="35.1134803" lon="-118.4780462"><name>3395</name></wpt><wpt lat="35.1134802" lon="-118.478045"><name>3396</name></wpt><wpt lat="35.1134803" lon="-118.4780438"><name>3397</name></wpt><wpt lat="35.1134809" lon="-118.4780437"><name>3398</name></wpt><wpt lat="35.1134816" lon="-118.4780439"><name>3399</name></wpt><wpt lat="35.113484" lon="-118.4780425"><name>3400</name></wpt><wpt lat="35.1134868" lon="-118.4780414"><name>3401</name></wpt><wpt lat="35.1134896" lon="-118.4780405"><name>3402</name></wpt><wpt lat="35.1134921" lon="-118.47804"><name>3403</name></wpt><wpt lat="35.1134946" lon="-118.4780391"><name>3404</name></wpt><wpt lat="35.1134969" lon="-118.4780378"><name>3405</name></wpt><wpt lat="35.1134999" lon="-118.4780363"><name>3406</name></wpt><wpt lat="35.1135027" lon="-118.4780347"><name>3407</name></wpt><wpt lat="35.1135048" lon="-118.4780333"><name>3408</name></wpt><wpt lat="35.1135061" lon="-118.4780327"><name>3409</name></wpt><wpt lat="35.1135066" lon="-118.4780339"><name>3410</name></wpt><wpt lat="35.1135072" lon="-118.4780345"><name>3411</name></wpt><wpt lat="35.1135064" lon="-118.478034"><name>3412</name></wpt><wpt lat="35.1135069" lon="-118.4780326"><name>3413</name></wpt><wpt lat="35.1135066" lon="-118.4780317"><name>3414</name></wpt><wpt lat="35.1135076" lon="-118.4780291"><name>3415</name></wpt><wpt lat="35.1135119" lon="-118.4780277"><name>3416</name></wpt><wpt lat="35.1135132" lon="-118.4780254"><name>3417</name></wpt><wpt lat="35.1135147" lon="-118.4780234"><name>3418</name></wpt><wpt lat="35.1135162" lon="-118.4780221"><name>3419</name></wpt><wpt lat="35.113518" lon="-118.4780231"><name>3420</name></wpt><wpt lat="35.1135183" lon="-118.4780239"><name>3421</name></wpt><wpt lat="35.1135175" lon="-118.4780252"><name>3422</name></wpt><wpt lat="35.1135163" lon="-118.4780262"><name>3423</name></wpt><wpt lat="35.1135161" lon="-118.4780269"><name>3424</name></wpt><wpt lat="35.1135155" lon="-118.4780276"><name>3425</name></wpt><wpt lat="35.1135129" lon="-118.478029"><name>3426</name></wpt><wpt lat="35.1135106" lon="-118.4780309"><name>3427</name></wpt><wpt lat="35.1135054" lon="-118.4780338"><name>3428</name></wpt><wpt lat="35.1135046" lon="-118.478034"><name>3429</name></wpt><wpt lat="35.1135043" lon="-118.4780349"><name>3430</name></wpt><wpt lat="35.1135039" lon="-118.4780362"><name>3431</name></wpt><wpt lat="35.1135028" lon="-118.4780367"><name>3432</name></wpt><wpt lat="35.113503" lon="-118.4780364"><name>3433</name></wpt><wpt lat="35.1135017" lon="-118.4780346"><name>3434</name></wpt><wpt lat="35.1134996" lon="-118.4780336"><name>3435</name></wpt><wpt lat="35.1134975" lon="-118.4780331"><name>3436</name></wpt><wpt lat="35.1134978" lon="-118.4780326"><name>3437</name></wpt><wpt lat="35.1135" lon="-118.4780327"><name>3438</name></wpt><wpt lat="35.1135019" lon="-118.4780335"><name>3439</name></wpt><wpt lat="35.1135045" lon="-118.4780345"><name>3440</name></wpt><wpt lat="35.1135063" lon="-118.4780359"><name>3441</name></wpt><wpt lat="35.1135084" lon="-118.478037"><name>3442</name></wpt><wpt lat="35.1135118" lon="-118.4780377"><name>3443</name></wpt><wpt lat="35.1135146" lon="-118.4780384"><name>3444</name></wpt><wpt lat="35.1135179" lon="-118.4780387"><name>3445</name></wpt><wpt lat="35.1135197" lon="-118.4780389"><name>3446</name></wpt><wpt lat="35.1135214" lon="-118.4780397"><name>3447</name></wpt><wpt lat="35.1135226" lon="-118.4780415"><name>3448</name></wpt><wpt lat="35.1135241" lon="-118.47804"><name>3449</name></wpt><wpt lat="35.113525" lon="-118.4780375"><name>3450</name></wpt><wpt lat="35.113526" lon="-118.478038"><name>3451</name></wpt><wpt lat="35.11353" lon="-118.4780396"><name>3452</name></wpt><wpt lat="35.1135333" lon="-118.478041"><name>3453</name></wpt><wpt lat="35.1135344" lon="-118.4780398"><name>3454</name></wpt><wpt lat="35.113538" lon="-118.4780516"><name>3455</name></wpt><wpt lat="35.1135438" lon="-118.4780599"><name>3456</name></wpt><wpt lat="35.1135487" lon="-118.4780676"><name>3457</name></wpt><wpt lat="35.1135537" lon="-118.4780707"><name>3458</name></wpt><wpt lat="35.1135584" lon="-118.4780738"><name>3459</name></wpt><wpt lat="35.1135646" lon="-118.4780773"><name>3460</name></wpt><wpt lat="35.1135717" lon="-118.478078"><name>3461</name></wpt><wpt lat="35.1135787" lon="-118.4780785"><name>3462</name></wpt><wpt lat="35.1135844" lon="-118.4780784"><name>3463</name></wpt><wpt lat="35.1135915" lon="-118.4780846"><name>3464</name></wpt><wpt lat="35.1135961" lon="-118.4780872"><name>3465</name></wpt><wpt lat="35.1135976" lon="-118.4780899"><name>3466</name></wpt><wpt lat="35.1135965" lon="-118.4780934"><name>3467</name></wpt><wpt lat="35.1135934" lon="-118.4780941"><name>3468</name></wpt><wpt lat="35.113594" lon="-118.4780812"><name>3469</name></wpt><wpt lat="35.1135966" lon="-118.4780669"><name>3470</name></wpt><wpt lat="35.1135985" lon="-118.4780543"><name>3471</name></wpt><wpt lat="35.1136013" lon="-118.4780377"><name>3472</name></wpt><wpt lat="35.113604" lon="-118.4780218"><name>3473</name></wpt><wpt lat="35.113608" lon="-118.4780077"><name>3474</name></wpt><wpt lat="35.1136126" lon="-118.4779931"><name>3475</name></wpt><wpt lat="35.113619" lon="-118.4779748"><name>3476</name></wpt><wpt lat="35.1136265" lon="-118.4779571"><name>3477</name></wpt><wpt lat="35.113633" lon="-118.477941"><name>3478</name></wpt><wpt lat="35.1136393" lon="-118.4779234"><name>3479</name></wpt><wpt lat="35.1136362" lon="-118.4779297"><name>3480</name></wpt><wpt lat="35.1136335" lon="-118.4779354"><name>3481</name></wpt><wpt lat="35.1136309" lon="-118.4779406"><name>3482</name></wpt><wpt lat="35.1136281" lon="-118.4779459"><name>3483</name></wpt><wpt lat="35.113627" lon="-118.477947"><name>3484</name></wpt><wpt lat="35.1136255" lon="-118.4779477"><name>3485</name></wpt><wpt lat="35.1136238" lon="-118.4779484"><name>3486</name></wpt><wpt lat="35.1136197" lon="-118.4779563"><name>3487</name></wpt><wpt lat="35.1136171" lon="-118.4779635"><name>3488</name></wpt><wpt lat="35.1136145" lon="-118.4779697"><name>3489</name></wpt><wpt lat="35.1136118" lon="-118.477977"><name>3490</name></wpt><wpt lat="35.1136115" lon="-118.477982"><name>3491</name></wpt><wpt lat="35.1136104" lon="-118.4779865"><name>3492</name></wpt><wpt lat="35.113609" lon="-118.4779909"><name>3493</name></wpt><wpt lat="35.1136079" lon="-118.4779951"><name>3494</name></wpt><wpt lat="35.1136072" lon="-118.4779987"><name>3495</name></wpt><wpt lat="35.1136061" lon="-118.4780016"><name>3496</name></wpt><wpt lat="35.113606" lon="-118.4780027"><name>3497</name></wpt></gpx>