<gpx creator="Mission Planner" xmlns="http://www.topografix.com/GPX/1/1"><trk><trkseg><trkpt lat="34.7542429" lon="-118.3315843"><ele>769.59</ele><time>2026-06-27T13:50:51-05:00</time><course>248.8298</course><roll>6.075297</roll><pitch>-14.98259</pitch><mode /></trkpt><trkpt lat="34.7542426" lon="-118.3315841"><ele>769.56</ele><time>2026-06-27T13:50:51-05:00</time><course>250.452</course><roll>-0.6424886</roll><pitch>-16.50595</pitch><mode /></trkpt><trkpt lat="34.7542426" lon="-118.3315841"><ele>769.59</ele><time>2026-06-27T13:50:51-05:00</time><course>250.181</course><roll>-3.821645</roll><pitch>-13.11194</pitch><mode /></trkpt><trkpt lat="34.7542425" lon="-118.3315841"><ele>769.61</ele><time>2026-06-27T13:50:52-05:00</time><course>248.3657</course><roll>-1.25889</roll><pitch>-14.41117</pitch><mode /></trkpt><trkpt lat="34.7542423" lon="-118.331584"><ele>769.64</ele><time>2026-06-27T13:50:52-05:00</time><course>247.3383</course><roll>2.266114</roll><pitch>-15.09449</pitch><mode /></trkpt><trkpt lat="34.7542421" lon="-118.3315844"><ele>769.67</ele><time>2026-06-27T13:50:52-05:00</time><course>247.6644</course><roll>-5.909405</roll><pitch>-17.01882</pitch><mode /></trkpt><trkpt lat="34.7542418" lon="-118.3315853"><ele>769.77</ele><time>2026-06-27T13:50:53-05:00</time><course>247.2029</course><roll>-4.208635</roll><pitch>-13.77409</pitch><mode /></trkpt><trkpt lat="34.7542416" lon="-118.3315857"><ele>769.8</ele><time>2026-06-27T13:50:53-05:00</time><course>245.2339</course><roll>-5.461361</roll><pitch>-13.17941</pitch><mode /></trkpt><trkpt lat="34.7542414" lon="-118.3315859"><ele>769.85</ele><time>2026-06-27T13:50:53-05:00</time><course>246.5149</course><roll>-4.88833</roll><pitch>-11.99597</pitch><mode /></trkpt><trkpt lat="34.7542412" lon="-118.3315861"><ele>769.9</ele><time>2026-06-27T13:50:53-05:00</time><course>245.282</course><roll>-6.04944</roll><pitch>-13.45029</pitch><mode /></trkpt><trkpt lat="34.7542411" lon="-118.331586"><ele>769.9</ele><time>2026-06-27T13:50:54-05:00</time><course>243.1808</course><roll>0.009269807</roll><pitch>-9.487211</pitch><mode /></trkpt><trkpt lat="34.7542403" lon="-118.3315865"><ele>769.84</ele><time>2026-06-27T13:50:54-05:00</time><course>241.9928</course><roll>2.473635</roll><pitch>-7.020198</pitch><mode /></trkpt><trkpt lat="34.7542396" lon="-118.3315869"><ele>769.82</ele><time>2026-06-27T13:50:54-05:00</time><course>243.3405</course><roll>-1.528191</roll><pitch>-7.711846</pitch><mode /></trkpt><trkpt lat="34.754239" lon="-118.3315871"><ele>769.85</ele><time>2026-06-27T13:50:54-05:00</time><course>245.7505</course><roll>3.107324</roll><pitch>-9.604881</pitch><mode /></trkpt><trkpt lat="34.7542387" lon="-118.3315872"><ele>769.81</ele><time>2026-06-27T13:50:54-05:00</time><course>247.2054</course><roll>-0.5719906</roll><pitch>-10.16075</pitch><mode /></trkpt><trkpt lat="34.7542385" lon="-118.3315875"><ele>769.82</ele><time>2026-06-27T13:50:55-05:00</time><course>247.8105</course><roll>-4.716403</roll><pitch>-9.62808</pitch><mode /></trkpt><trkpt lat="34.7542384" lon="-118.3315874"><ele>769.85</ele><time>2026-06-27T13:50:55-05:00</time><course>247.9865</course><roll>-8.202633</roll><pitch>-10.56935</pitch><mode /></trkpt><trkpt lat="34.7542381" lon="-118.3315875"><ele>769.88</ele><time>2026-06-27T13:50:55-05:00</time><course>248.5268</course><roll>-5.820581</roll><pitch>-8.152753</pitch><mode /></trkpt><trkpt lat="34.7542374" lon="-118.331588"><ele>769.91</ele><time>2026-06-27T13:50:56-05:00</time><course>247.9743</course><roll>0.1667533</roll><pitch>-8.650875</pitch><mode /></trkpt><trkpt lat="34.7542371" lon="-118.3315883"><ele>769.95</ele><time>2026-06-27T13:50:56-05:00</time><course>248.5112</course><roll>-0.7686881</roll><pitch>-9.328733</pitch><mode /></trkpt><trkpt lat="34.7542362" lon="-118.3315886"><ele>769.89</ele><time>2026-06-27T13:50:57-05:00</time><course>248.3508</course><roll>0.7342261</roll><pitch>-14.11715</pitch><mode /></trkpt><trkpt lat="34.7542358" lon="-118.3315913"><ele>769.85</ele><time>2026-06-27T13:50:58-05:00</time><course>248.3818</course><roll>-10.99851</roll><pitch>-21.80841</pitch><mode /></trkpt><trkpt lat="34.7542362" lon="-118.3315931"><ele>770.18</ele><time>2026-06-27T13:50:58-05:00</time><course>255.6149</course><roll>-18.37696</roll><pitch>-51.62458</pitch><mode /></trkpt><trkpt lat="34.7542402" lon="-118.3315897"><ele>771.28</ele><time>2026-06-27T13:50:58-05:00</time><course>243.6363</course><roll>16.99144</roll><pitch>-38.26674</pitch><mode /></trkpt><trkpt lat="34.7542437" lon="-118.3315816"><ele>772.85</ele><time>2026-06-27T13:50:58-05:00</time><course>253.5395</course><roll>19.99163</roll><pitch>-28.81048</pitch><mode /></trkpt><trkpt lat="34.7542442" lon="-118.3315743"><ele>774.17</ele><time>2026-06-27T13:50:59-05:00</time><course>259.5756</course><roll>18.0747</roll><pitch>-26.5469</pitch><mode /></trkpt><trkpt lat="34.7542443" lon="-118.3315678"><ele>775.22</ele><time>2026-06-27T13:50:59-05:00</time><course>262.2383</course><roll>9.422114</roll><pitch>-18.86048</pitch><mode /></trkpt><trkpt lat="34.7542445" lon="-118.3315626"><ele>776.08</ele><time>2026-06-27T13:50:59-05:00</time><course>259.0373</course><roll>-0.5473125</roll><pitch>-11.03291</pitch><mode /></trkpt><trkpt lat="34.7542455" lon="-118.3315602"><ele>776.52</ele><time>2026-06-27T13:50:59-05:00</time><course>253.5994</course><roll>1.554547</roll><pitch>-2.544987</pitch><mode /></trkpt><trkpt lat="34.7542463" lon="-118.3315606"><ele>776.35</ele><time>2026-06-27T13:50:59-05:00</time><course>253.5525</course><roll>-8.049873</roll><pitch>3.297549</pitch><mode /></trkpt><trkpt lat="34.7542464" lon="-118.3315631"><ele>775.94</ele><time>2026-06-27T13:51:00-05:00</time><course>252.7515</course><roll>-12.74789</roll><pitch>-3.570743</pitch><mode /></trkpt><trkpt lat="34.7542471" lon="-118.3315677"><ele>775.74</ele><time>2026-06-27T13:51:00-05:00</time><course>250.1884</course><roll>-16.7401</roll><pitch>-14.05936</pitch><mode /></trkpt><trkpt lat="34.7542501" lon="-118.3315729"><ele>776.04</ele><time>2026-06-27T13:51:00-05:00</time><course>244.47</course><roll>-5.572058</roll><pitch>-23.19726</pitch><mode /></trkpt><trkpt lat="34.7542534" lon="-118.331576"><ele>777</ele><time>2026-06-27T13:51:00-05:00</time><course>249.0749</course><roll>-2.01905</roll><pitch>-18.8491</pitch><mode /></trkpt><trkpt lat="34.7542558" lon="-118.3315776"><ele>777.97</ele><time>2026-06-27T13:51:00-05:00</time><course>247.4996</course><roll>-4.580963</roll><pitch>-12.40373</pitch><mode /></trkpt><trkpt lat="34.7542574" lon="-118.3315799"><ele>778.6</ele><time>2026-06-27T13:51:01-05:00</time><course>244.6286</course><roll>-6.926078</roll><pitch>-4.644444</pitch><mode /></trkpt><trkpt lat="34.754258" lon="-118.3315833"><ele>778.7</ele><time>2026-06-27T13:51:01-05:00</time><course>243.5493</course><roll>-0.7460739</roll><pitch>7.360266</pitch><mode /></trkpt><trkpt lat="34.7542573" lon="-118.3315876"><ele>778.23</ele><time>2026-06-27T13:51:01-05:00</time><course>245.8109</course><roll>7.439352</roll><pitch>11.56537</pitch><mode /></trkpt><trkpt lat="34.7542554" lon="-118.3315919"><ele>777.38</ele><time>2026-06-27T13:51:01-05:00</time><course>240.9098</course><roll>10.44548</roll><pitch>-1.744162</pitch><mode /></trkpt><trkpt lat="34.754251" lon="-118.3315969"><ele>777.07</ele><time>2026-06-27T13:51:01-05:00</time><course>235.1805</course><roll>9.531619</roll><pitch>-7.927197</pitch><mode /></trkpt><trkpt lat="34.7542438" lon="-118.3316011"><ele>777.48</ele><time>2026-06-27T13:51:02-05:00</time><course>230.7087</course><roll>11.23132</roll><pitch>-6.783576</pitch><mode /></trkpt><trkpt lat="34.7542346" lon="-118.3316041"><ele>777.96</ele><time>2026-06-27T13:51:02-05:00</time><course>240.2479</course><roll>2.75659</roll><pitch>-4.411956</pitch><mode /></trkpt><trkpt lat="34.7542245" lon="-118.3316073"><ele>777.9</ele><time>2026-06-27T13:51:02-05:00</time><course>239.3468</course><roll>-11.81328</roll><pitch>-0.6671616</pitch><mode /></trkpt><trkpt lat="34.7542155" lon="-118.3316129"><ele>777.75</ele><time>2026-06-27T13:51:02-05:00</time><course>231.2332</course><roll>-15.9939</roll><pitch>-0.2911466</pitch><mode /></trkpt><trkpt lat="34.7542063" lon="-118.3316193"><ele>777.63</ele><time>2026-06-27T13:51:02-05:00</time><course>229.7157</course><roll>-11.40114</roll><pitch>-0.6027413</pitch><mode /></trkpt><trkpt lat="34.754196" lon="-118.331626"><ele>777.52</ele><time>2026-06-27T13:51:03-05:00</time><course>231.1928</course><roll>-4.691016</roll><pitch>-2.047518</pitch><mode /></trkpt><trkpt lat="34.7541852" lon="-118.3316335"><ele>777.55</ele><time>2026-06-27T13:51:03-05:00</time><course>235.258</course><roll>-5.763723</roll><pitch>-1.007462</pitch><mode /></trkpt><trkpt lat="34.7541735" lon="-118.3316418"><ele>777.52</ele><time>2026-06-27T13:51:03-05:00</time><course>238.0001</course><roll>-4.431475</roll><pitch>-1.127189</pitch><mode /></trkpt><trkpt lat="34.7541613" lon="-118.3316507"><ele>777.42</ele><time>2026-06-27T13:51:03-05:00</time><course>234.2238</course><roll>-9.53462</roll><pitch>-0.3990481</pitch><mode /></trkpt><trkpt lat="34.7541488" lon="-118.3316605"><ele>777.41</ele><time>2026-06-27T13:51:03-05:00</time><course>231.6924</course><roll>-4.938843</roll><pitch>-1.141634</pitch><mode /></trkpt><trkpt lat="34.7541354" lon="-118.3316705"><ele>777.52</ele><time>2026-06-27T13:51:04-05:00</time><course>238.0161</course><roll>-13.37463</roll><pitch>0.4316332</pitch><mode /></trkpt><trkpt lat="34.7541217" lon="-118.3316806"><ele>777.44</ele><time>2026-06-27T13:51:04-05:00</time><course>235.2725</course><roll>-14.5544</roll><pitch>0.4230584</pitch><mode /></trkpt><trkpt lat="34.7541085" lon="-118.3316911"><ele>776.92</ele><time>2026-06-27T13:51:04-05:00</time><course>233.5905</course><roll>-6.107927</roll><pitch>-1.077522</pitch><mode /></trkpt><trkpt lat="34.7540948" lon="-118.3317012"><ele>776.49</ele><time>2026-06-27T13:51:04-05:00</time><course>236.9599</course><roll>-5.208604</roll><pitch>-4.425894</pitch><mode /></trkpt><trkpt lat="34.754081" lon="-118.3317112"><ele>776.54</ele><time>2026-06-27T13:51:04-05:00</time><course>237.7959</course><roll>-10.59777</roll><pitch>-8.613175</pitch><mode /></trkpt><trkpt lat="34.7540677" lon="-118.3317209"><ele>777.15</ele><time>2026-06-27T13:51:05-05:00</time><course>238.594</course><roll>-8.320536</roll><pitch>-10.65391</pitch><mode /></trkpt><trkpt lat="34.7540547" lon="-118.3317308"><ele>777.83</ele><time>2026-06-27T13:51:05-05:00</time><course>238.9652</course><roll>-10.3978</roll><pitch>-9.370864</pitch><mode /></trkpt><trkpt lat="34.7540417" lon="-118.3317408"><ele>778.38</ele><time>2026-06-27T13:51:05-05:00</time><course>238.2276</course><roll>-14.23265</roll><pitch>-5.821941</pitch><mode /></trkpt><trkpt lat="34.754029" lon="-118.3317518"><ele>778.75</ele><time>2026-06-27T13:51:05-05:00</time><course>232.6227</course><roll>-13.84789</roll><pitch>-6.244504</pitch><mode /></trkpt><trkpt lat="34.7540163" lon="-118.3317629"><ele>779.22</ele><time>2026-06-27T13:51:05-05:00</time><course>237.4767</course><roll>-17.79697</roll><pitch>-2.714449</pitch><mode /></trkpt><trkpt lat="34.7540035" lon="-118.3317745"><ele>779.77</ele><time>2026-06-27T13:51:06-05:00</time><course>241.0392</course><roll>-20.05062</roll><pitch>-3.659914</pitch><mode /></trkpt><trkpt lat="34.7539909" lon="-118.3317862"><ele>780.03</ele><time>2026-06-27T13:51:06-05:00</time><course>241.9736</course><roll>-20.49828</roll><pitch>-4.410258</pitch><mode /></trkpt><trkpt lat="34.7539787" lon="-118.3317982"><ele>780.1</ele><time>2026-06-27T13:51:06-05:00</time><course>244.8634</course><roll>-25.79395</roll><pitch>-2.53084</pitch><mode /></trkpt><trkpt lat="34.7539673" lon="-118.3318107"><ele>780.04</ele><time>2026-06-27T13:51:06-05:00</time><course>248.7744</course><roll>-31.80568</roll><pitch>1.443943</pitch><mode /></trkpt><trkpt lat="34.7539573" lon="-118.3318238"><ele>779.88</ele><time>2026-06-27T13:51:06-05:00</time><course>249.5999</course><roll>-35.38044</roll><pitch>-0.1575833</pitch><mode /></trkpt><trkpt lat="34.7539498" lon="-118.331838"><ele>779.73</ele><time>2026-06-27T13:51:07-05:00</time><course>248.3562</course><roll>-31.88302</roll><pitch>-9.771268</pitch><mode /></trkpt><trkpt lat="34.7539453" lon="-118.3318523"><ele>779.87</ele><time>2026-06-27T13:51:07-05:00</time><course>252.2784</course><roll>-27.53069</roll><pitch>-11.64989</pitch><mode /></trkpt><trkpt lat="34.7539438" lon="-118.3318659"><ele>780.28</ele><time>2026-06-27T13:51:07-05:00</time><course>251.9852</course><roll>-19.86571</roll><pitch>-13.11016</pitch><mode /></trkpt><trkpt lat="34.7539429" lon="-118.3318783"><ele>780.86</ele><time>2026-06-27T13:51:07-05:00</time><course>256.6653</course><roll>-18.28556</roll><pitch>-10.05443</pitch><mode /></trkpt><trkpt lat="34.7539426" lon="-118.331901"><ele>781.99</ele><time>2026-06-27T13:51:08-05:00</time><course>257.1148</course><roll>-12.12188</roll><pitch>-7.321833</pitch><mode /></trkpt><trkpt lat="34.7539418" lon="-118.3319115"><ele>782.45</ele><time>2026-06-27T13:51:08-05:00</time><course>250.8384</course><roll>-9.450406</roll><pitch>-7.868577</pitch><mode /></trkpt><trkpt lat="34.7539413" lon="-118.3319219"><ele>782.83</ele><time>2026-06-27T13:51:08-05:00</time><course>251.3795</course><roll>-6.91933</roll><pitch>-3.831424</pitch><mode /></trkpt><trkpt lat="34.7539398" lon="-118.3319322"><ele>782.98</ele><time>2026-06-27T13:51:08-05:00</time><course>250.6597</course><roll>-5.190878</roll><pitch>-3.921033</pitch><mode /></trkpt><trkpt lat="34.7539378" lon="-118.3319426"><ele>783.04</ele><time>2026-06-27T13:51:08-05:00</time><course>252.8122</course><roll>-0.1637936</roll><pitch>-4.589533</pitch><mode /></trkpt><trkpt lat="34.7539348" lon="-118.3319529"><ele>783.37</ele><time>2026-06-27T13:51:09-05:00</time><course>254.4207</course><roll>-7.530639</roll><pitch>-4.998832</pitch><mode /></trkpt><trkpt lat="34.7539318" lon="-118.331964"><ele>783.87</ele><time>2026-06-27T13:51:09-05:00</time><course>251.5121</course><roll>-3.378193</roll><pitch>-5.978199</pitch><mode /></trkpt><trkpt lat="34.7539287" lon="-118.3319757"><ele>784.48</ele><time>2026-06-27T13:51:09-05:00</time><course>250.6972</course><roll>-4.380863</roll><pitch>-5.86248</pitch><mode /></trkpt><trkpt lat="34.753925" lon="-118.3319877"><ele>785.03</ele><time>2026-06-27T13:51:09-05:00</time><course>250.1728</course><roll>-8.135645</roll><pitch>-5.291141</pitch><mode /></trkpt><trkpt lat="34.7539208" lon="-118.3320002"><ele>785.36</ele><time>2026-06-27T13:51:09-05:00</time><course>251.3881</course><roll>-12.66489</roll><pitch>-2.42516</pitch><mode /></trkpt><trkpt lat="34.7539167" lon="-118.3320122"><ele>785.64</ele><time>2026-06-27T13:51:10-05:00</time><course>250.7755</course><roll>-12.16033</roll><pitch>-2.360037</pitch><mode /></trkpt><trkpt lat="34.7539132" lon="-118.3320231"><ele>785.83</ele><time>2026-06-27T13:51:10-05:00</time><course>251.7552</course><roll>-4.967294</roll><pitch>-1.318435</pitch><mode /></trkpt><trkpt lat="34.7539097" lon="-118.3320332"><ele>785.78</ele><time>2026-06-27T13:51:10-05:00</time><course>251.0566</course><roll>-0.3773444</roll><pitch>-1.652237</pitch><mode /></trkpt><trkpt lat="34.7539059" lon="-118.3320426"><ele>785.52</ele><time>2026-06-27T13:51:10-05:00</time><course>253.1723</course><roll>-0.644978</roll><pitch>-1.828094</pitch><mode /></trkpt><trkpt lat="34.753902" lon="-118.3320514"><ele>785.29</ele><time>2026-06-27T13:51:10-05:00</time><course>250.1968</course><roll>-1.072226</roll><pitch>-3.58418</pitch><mode /></trkpt><trkpt lat="34.7538984" lon="-118.3320599"><ele>785.2</ele><time>2026-06-27T13:51:11-05:00</time><course>248.0963</course><roll>-0.2206408</roll><pitch>-7.817969</pitch><mode /></trkpt><trkpt lat="34.7538945" lon="-118.3320676"><ele>785.29</ele><time>2026-06-27T13:51:11-05:00</time><course>249.0345</course><roll>-1.65797</roll><pitch>-10.88483</pitch><mode /></trkpt><trkpt lat="34.7538906" lon="-118.3320741"><ele>785.71</ele><time>2026-06-27T13:51:11-05:00</time><course>246.8543</course><roll>-2.45795</roll><pitch>-15.17035</pitch><mode /></trkpt><trkpt lat="34.7538869" lon="-118.3320793"><ele>786.53</ele><time>2026-06-27T13:51:11-05:00</time><course>248.1885</course><roll>-3.605771</roll><pitch>-14.21584</pitch><mode /></trkpt><trkpt lat="34.7538833" lon="-118.3320839"><ele>787.44</ele><time>2026-06-27T13:51:11-05:00</time><course>248.6666</course><roll>-5.205648</roll><pitch>-10.67342</pitch><mode /></trkpt><trkpt lat="34.7538797" lon="-118.3320882"><ele>788.15</ele><time>2026-06-27T13:51:12-05:00</time><course>250.4762</course><roll>-7.789592</roll><pitch>-5.146557</pitch><mode /></trkpt><trkpt lat="34.753876" lon="-118.3320923"><ele>788.43</ele><time>2026-06-27T13:51:12-05:00</time><course>249.9814</course><roll>-9.10897</roll><pitch>-2.66142</pitch><mode /></trkpt><trkpt lat="34.753872" lon="-118.3320966"><ele>788.52</ele><time>2026-06-27T13:51:12-05:00</time><course>252.7683</course><roll>-25.50135</roll><pitch>-0.7613673</pitch><mode /></trkpt><trkpt lat="34.7538689" lon="-118.3321013"><ele>788.61</ele><time>2026-06-27T13:51:12-05:00</time><course>249.1473</course><roll>-27.75652</roll><pitch>-5.412188</pitch><mode /></trkpt><trkpt lat="34.7538674" lon="-118.332107"><ele>788.78</ele><time>2026-06-27T13:51:12-05:00</time><course>249.2151</course><roll>-20.16426</roll><pitch>-8.655178</pitch><mode /></trkpt><trkpt lat="34.7538661" lon="-118.3321127"><ele>789.01</ele><time>2026-06-27T13:51:13-05:00</time><course>250.9705</course><roll>-9.272324</roll><pitch>-6.675307</pitch><mode /></trkpt><trkpt lat="34.7538647" lon="-118.3321184"><ele>789.21</ele><time>2026-06-27T13:51:13-05:00</time><course>249.733</course><roll>-4.509407</roll><pitch>-7.450745</pitch><mode /></trkpt><trkpt lat="34.7538629" lon="-118.3321238"><ele>789.39</ele><time>2026-06-27T13:51:13-05:00</time><course>247.4823</course><roll>6.218011</roll><pitch>-7.966331</pitch><mode /></trkpt><trkpt lat="34.7538601" lon="-118.3321283"><ele>789.72</ele><time>2026-06-27T13:51:13-05:00</time><course>246.7542</course><roll>19.78003</roll><pitch>-8.970962</pitch><mode /></trkpt><trkpt lat="34.7538553" lon="-118.3321313"><ele>790.13</ele><time>2026-06-27T13:51:13-05:00</time><course>249.0501</course><roll>25.89616</roll><pitch>-10.82897</pitch><mode /></trkpt><trkpt lat="34.7538485" lon="-118.3321329"><ele>790.47</ele><time>2026-06-27T13:51:14-05:00</time><course>248.4439</course><roll>28.27951</roll><pitch>-7.790199</pitch><mode /></trkpt><trkpt lat="34.7538405" lon="-118.3321341"><ele>790.72</ele><time>2026-06-27T13:51:14-05:00</time><course>243.4709</course><roll>24.92727</roll><pitch>-4.699968</pitch><mode /></trkpt><trkpt lat="34.753831" lon="-118.3321352"><ele>790.92</ele><time>2026-06-27T13:51:14-05:00</time><course>230.8315</course><roll>27.40247</roll><pitch>0.3265302</pitch><mode /></trkpt><trkpt lat="34.7538185" lon="-118.3321343"><ele>791.26</ele><time>2026-06-27T13:51:14-05:00</time><course>228.9396</course><roll>29.66548</roll><pitch>-2.186363</pitch><mode /></trkpt><trkpt lat="34.7538029" lon="-118.3321313"><ele>791.57</ele><time>2026-06-27T13:51:14-05:00</time><course>232.378</course><roll>27.44307</roll><pitch>-6.698801</pitch><mode /></trkpt><trkpt lat="34.7537863" lon="-118.3321271"><ele>791.81</ele><time>2026-06-27T13:51:15-05:00</time><course>227.1476</course><roll>25.70234</roll><pitch>-4.758852</pitch><mode /></trkpt><trkpt lat="34.7537685" lon="-118.3321217"><ele>792.11</ele><time>2026-06-27T13:51:15-05:00</time><course>221.4092</course><roll>29.2109</roll><pitch>-2.327071</pitch><mode /></trkpt><trkpt lat="34.7537492" lon="-118.3321147"><ele>792.33</ele><time>2026-06-27T13:51:15-05:00</time><course>214.3876</course><roll>31.71788</roll><pitch>-0.9722613</pitch><mode /></trkpt><trkpt lat="34.753728" lon="-118.3321049"><ele>792.49</ele><time>2026-06-27T13:51:15-05:00</time><course>209.9162</course><roll>34.61275</roll><pitch>-1.006179</pitch><mode /></trkpt><trkpt lat="34.7537047" lon="-118.3320912"><ele>792.77</ele><time>2026-06-27T13:51:15-05:00</time><course>207.9747</course><roll>34.75436</roll><pitch>-1.390295</pitch><mode /></trkpt><trkpt lat="34.7536798" lon="-118.3320744"><ele>793.02</ele><time>2026-06-27T13:51:16-05:00</time><course>200.4558</course><roll>35.66646</roll><pitch>-1.803504</pitch><mode /></trkpt><trkpt lat="34.7536538" lon="-118.3320551"><ele>793.27</ele><time>2026-06-27T13:51:16-05:00</time><course>197.1075</course><roll>36.99041</roll><pitch>-3.037413</pitch><mode /></trkpt><trkpt lat="34.7536267" lon="-118.3320318"><ele>793.43</ele><time>2026-06-27T13:51:16-05:00</time><course>193.1688</course><roll>37.22586</roll><pitch>-3.609559</pitch><mode /></trkpt><trkpt lat="34.7535987" lon="-118.3320052"><ele>793.58</ele><time>2026-06-27T13:51:16-05:00</time><course>189.1214</course><roll>34.111</roll><pitch>-1.987552</pitch><mode /></trkpt><trkpt lat="34.7535701" lon="-118.3319757"><ele>793.7</ele><time>2026-06-27T13:51:16-05:00</time><course>182.7324</course><roll>34.31303</roll><pitch>2.166203</pitch><mode /></trkpt><trkpt lat="34.7535412" lon="-118.3319434"><ele>793.7</ele><time>2026-06-27T13:51:17-05:00</time><course>175.7803</course><roll>33.28881</roll><pitch>0.9608042</pitch><mode /></trkpt><trkpt lat="34.7535124" lon="-118.3319077"><ele>793.73</ele><time>2026-06-27T13:51:17-05:00</time><course>169.7756</course><roll>32.96072</roll><pitch>1.765914</pitch><mode /></trkpt><trkpt lat="34.7534839" lon="-118.3318676"><ele>793.84</ele><time>2026-06-27T13:51:17-05:00</time><course>166.0855</course><roll>30.77032</roll><pitch>-3.697151</pitch><mode /></trkpt><trkpt lat="34.7534559" lon="-118.331823"><ele>794.16</ele><time>2026-06-27T13:51:17-05:00</time><course>160.8935</course><roll>28.56875</roll><pitch>-6.703457</pitch><mode /></trkpt><trkpt lat="34.7534291" lon="-118.3317741"><ele>794.86</ele><time>2026-06-27T13:51:17-05:00</time><course>152.8004</course><roll>29.52961</roll><pitch>-3.99269</pitch><mode /></trkpt><trkpt lat="34.753403" lon="-118.3317227"><ele>795.52</ele><time>2026-06-27T13:51:18-05:00</time><course>146.5918</course><roll>29.16941</roll><pitch>-0.7744902</pitch><mode /></trkpt><trkpt lat="34.7533772" lon="-118.3316708"><ele>795.69</ele><time>2026-06-27T13:51:18-05:00</time><course>144.6876</course><roll>29.18048</roll><pitch>-0.09734748</pitch><mode /></trkpt><trkpt lat="34.7533526" lon="-118.3316165"><ele>795.84</ele><time>2026-06-27T13:51:18-05:00</time><course>139.4319</course><roll>37.76709</roll><pitch>-1.819981</pitch><mode /></trkpt><trkpt lat="34.7533304" lon="-118.3315576"><ele>796.14</ele><time>2026-06-27T13:51:18-05:00</time><course>134.5678</course><roll>36.96832</roll><pitch>-5.572471</pitch><mode /></trkpt><trkpt lat="34.753311" lon="-118.3314948"><ele>796.58</ele><time>2026-06-27T13:51:18-05:00</time><course>126.3187</course><roll>39.04821</roll><pitch>-6.598766</pitch><mode /></trkpt><trkpt lat="34.7532942" lon="-118.3314293"><ele>797.08</ele><time>2026-06-27T13:51:19-05:00</time><course>124.2414</course><roll>38.76092</roll><pitch>-9.082905</pitch><mode /></trkpt><trkpt lat="34.7532798" lon="-118.3313614"><ele>797.48</ele><time>2026-06-27T13:51:19-05:00</time><course>124.8992</course><roll>36.35836</roll><pitch>-9.810802</pitch><mode /></trkpt><trkpt lat="34.7532676" lon="-118.3312911"><ele>797.9</ele><time>2026-06-27T13:51:19-05:00</time><course>123.6672</course><roll>32.36774</roll><pitch>-8.694533</pitch><mode /></trkpt><trkpt lat="34.753257" lon="-118.3312193"><ele>798.38</ele><time>2026-06-27T13:51:19-05:00</time><course>120.5299</course><roll>26.99627</roll><pitch>-7.058685</pitch><mode /></trkpt><trkpt lat="34.7532474" lon="-118.3311466"><ele>798.85</ele><time>2026-06-27T13:51:19-05:00</time><course>116.0733</course><roll>17.70488</roll><pitch>-4.980037</pitch><mode /></trkpt><trkpt lat="34.7532385" lon="-118.3310732"><ele>799.22</ele><time>2026-06-27T13:51:20-05:00</time><course>112.4996</course><roll>12.13476</roll><pitch>-2.928277</pitch><mode /></trkpt><trkpt lat="34.7532301" lon="-118.3309995"><ele>799.45</ele><time>2026-06-27T13:51:20-05:00</time><course>113.4984</course><roll>7.475997</roll><pitch>-2.297493</pitch><mode /></trkpt><trkpt lat="34.7532221" lon="-118.3309254"><ele>799.6</ele><time>2026-06-27T13:51:20-05:00</time><course>114.3508</course><roll>5.788708</roll><pitch>-0.2322422</pitch><mode /></trkpt><trkpt lat="34.7532142" lon="-118.3308512"><ele>799.74</ele><time>2026-06-27T13:51:20-05:00</time><course>102.7052</course><roll>13.21323</roll><pitch>0.280628</pitch><mode /></trkpt><trkpt lat="34.7532076" lon="-118.3307766"><ele>799.93</ele><time>2026-06-27T13:51:20-05:00</time><course>100.9257</course><roll>18.00619</roll><pitch>3.897695</pitch><mode /></trkpt><trkpt lat="34.753203" lon="-118.3307011"><ele>800</ele><time>2026-06-27T13:51:21-05:00</time><course>98.31553</course><roll>19.39093</roll><pitch>4.509445</pitch><mode /></trkpt><trkpt lat="34.7531991" lon="-118.3306254"><ele>799.82</ele><time>2026-06-27T13:51:21-05:00</time><course>90.7957</course><roll>24.83612</roll><pitch>4.136494</pitch><mode /></trkpt><trkpt lat="34.7531986" lon="-118.3305486"><ele>799.7</ele><time>2026-06-27T13:51:21-05:00</time><course>96.96763</course><roll>32.7196</roll><pitch>0.09731087</pitch><mode /></trkpt><trkpt lat="34.7532002" lon="-118.3304711"><ele>799.42</ele><time>2026-06-27T13:51:21-05:00</time><course>92.06575</course><roll>35.55551</roll><pitch>-3.241612</pitch><mode /></trkpt><trkpt lat="34.7532038" lon="-118.3303935"><ele>799.11</ele><time>2026-06-27T13:51:21-05:00</time><course>82.60162</course><roll>35.16543</roll><pitch>-4.843573</pitch><mode /></trkpt><trkpt lat="34.7532129" lon="-118.3303156"><ele>799.11</ele><time>2026-06-27T13:51:22-05:00</time><course>77.40267</course><roll>44.59285</roll><pitch>-7.127938</pitch><mode /></trkpt><trkpt lat="34.7532251" lon="-118.3302377"><ele>799.06</ele><time>2026-06-27T13:51:22-05:00</time><course>74.78487</course><roll>39.9486</roll><pitch>-6.302181</pitch><mode /></trkpt><trkpt lat="34.7532392" lon="-118.3301601"><ele>798.88</ele><time>2026-06-27T13:51:22-05:00</time><course>73.02544</course><roll>38.00933</roll><pitch>-3.930919</pitch><mode /></trkpt><trkpt lat="34.7532554" lon="-118.3300826"><ele>798.65</ele><time>2026-06-27T13:51:22-05:00</time><course>67.25469</course><roll>35.3216</roll><pitch>-0.1157014</pitch><mode /></trkpt><trkpt lat="34.7532738" lon="-118.3300053"><ele>798.27</ele><time>2026-06-27T13:51:22-05:00</time><course>65.10277</course><roll>32.4279</roll><pitch>-1.131142</pitch><mode /></trkpt><trkpt lat="34.7532957" lon="-118.3299295"><ele>798.03</ele><time>2026-06-27T13:51:23-05:00</time><course>59.7565</course><roll>34.31066</roll><pitch>-4.01681</pitch><mode /></trkpt><trkpt lat="34.7533208" lon="-118.3298555"><ele>797.9</ele><time>2026-06-27T13:51:23-05:00</time><course>53.06077</course><roll>34.99249</roll><pitch>-5.599149</pitch><mode /></trkpt><trkpt lat="34.7533485" lon="-118.3297841"><ele>797.91</ele><time>2026-06-27T13:51:23-05:00</time><course>45.27074</course><roll>35.85773</roll><pitch>-7.382102</pitch><mode /></trkpt><trkpt lat="34.7533792" lon="-118.3297167"><ele>798.05</ele><time>2026-06-27T13:51:23-05:00</time><course>41.69476</course><roll>31.73789</roll><pitch>-6.981802</pitch><mode /></trkpt><trkpt lat="34.7534115" lon="-118.3296519"><ele>798.12</ele><time>2026-06-27T13:51:23-05:00</time><course>34.61758</course><roll>29.17468</roll><pitch>-4.100884</pitch><mode /></trkpt><trkpt lat="34.7534448" lon="-118.3295893"><ele>798.14</ele><time>2026-06-27T13:51:24-05:00</time><course>29.69751</course><roll>29.71095</roll><pitch>-3.671573</pitch><mode /></trkpt><trkpt lat="34.7534797" lon="-118.3295301"><ele>798.23</ele><time>2026-06-27T13:51:24-05:00</time><course>24.11337</course><roll>33.92105</roll><pitch>-1.873027</pitch><mode /></trkpt><trkpt lat="34.7535157" lon="-118.3294739"><ele>798.24</ele><time>2026-06-27T13:51:24-05:00</time><course>19.56491</course><roll>38.44498</roll><pitch>-6.386225</pitch><mode /></trkpt><trkpt lat="34.7535531" lon="-118.329422"><ele>798.32</ele><time>2026-06-27T13:51:24-05:00</time><course>11.09602</course><roll>40.45441</roll><pitch>-8.220045</pitch><mode /></trkpt><trkpt lat="34.7535917" lon="-118.3293766"><ele>798.64</ele><time>2026-06-27T13:51:24-05:00</time><course>4.300575</course><roll>41.44795</roll><pitch>-9.643537</pitch><mode /></trkpt><trkpt lat="34.7536306" lon="-118.3293371"><ele>799.12</ele><time>2026-06-27T13:51:25-05:00</time><course>3.324668</course><roll>44.49635</roll><pitch>-7.068786</pitch><mode /></trkpt><trkpt lat="34.7536697" lon="-118.3293002"><ele>799.34</ele><time>2026-06-27T13:51:25-05:00</time><course>0.4066012</course><roll>42.51472</roll><pitch>-8.250137</pitch><mode /></trkpt><trkpt lat="34.7537093" lon="-118.3292664"><ele>799.43</ele><time>2026-06-27T13:51:25-05:00</time><course>350.9578</course><roll>44.64813</roll><pitch>-8.950292</pitch><mode /></trkpt><trkpt lat="34.7537483" lon="-118.3292385"><ele>799.63</ele><time>2026-06-27T13:51:25-05:00</time><course>341.4516</course><roll>46.60389</roll><pitch>-13.1549</pitch><mode /></trkpt><trkpt lat="34.7537855" lon="-118.3292171"><ele>799.99</ele><time>2026-06-27T13:51:25-05:00</time><course>334.0949</course><roll>46.89447</roll><pitch>-14.55737</pitch><mode /></trkpt><trkpt lat="34.7538204" lon="-118.3292012"><ele>800.49</ele><time>2026-06-27T13:51:26-05:00</time><course>324.1929</course><roll>48.80854</roll><pitch>-14.39277</pitch><mode /></trkpt><trkpt lat="34.7538528" lon="-118.3291902"><ele>800.99</ele><time>2026-06-27T13:51:26-05:00</time><course>320.5623</course><roll>49.00546</roll><pitch>-16.19009</pitch><mode /></trkpt><trkpt lat="34.7538825" lon="-118.3291835"><ele>801.49</ele><time>2026-06-27T13:51:26-05:00</time><course>313.1037</course><roll>50.64985</roll><pitch>-14.68601</pitch><mode /></trkpt><trkpt lat="34.7539104" lon="-118.3291793"><ele>801.91</ele><time>2026-06-27T13:51:26-05:00</time><course>304.8088</course><roll>48.50698</roll><pitch>-12.77716</pitch><mode /></trkpt><trkpt lat="34.7539352" lon="-118.3291783"><ele>802.35</ele><time>2026-06-27T13:51:26-05:00</time><course>296.8171</course><roll>46.87831</roll><pitch>-11.10085</pitch><mode /></trkpt><trkpt lat="34.7539559" lon="-118.3291803"><ele>802.82</ele><time>2026-06-27T13:51:27-05:00</time><course>288.2341</course><roll>47.65209</roll><pitch>-9.250789</pitch><mode /></trkpt><trkpt lat="34.7539736" lon="-118.3291843"><ele>803.21</ele><time>2026-06-27T13:51:27-05:00</time><course>284.0895</course><roll>48.16279</roll><pitch>-8.255118</pitch><mode /></trkpt><trkpt lat="34.7539883" lon="-118.3291899"><ele>803.53</ele><time>2026-06-27T13:51:27-05:00</time><course>278.44</course><roll>48.15448</roll><pitch>-7.928111</pitch><mode /></trkpt><trkpt lat="34.7539998" lon="-118.3291967"><ele>803.73</ele><time>2026-06-27T13:51:27-05:00</time><course>272.1885</course><roll>49.06718</roll><pitch>-7.113665</pitch><mode /></trkpt><trkpt lat="34.7540078" lon="-118.3292044"><ele>803.87</ele><time>2026-06-27T13:51:27-05:00</time><course>267.2969</course><roll>47.84811</roll><pitch>-7.229805</pitch><mode /></trkpt><trkpt lat="34.7540119" lon="-118.3292125"><ele>804.01</ele><time>2026-06-27T13:51:28-05:00</time><course>265.1862</course><roll>37.92822</roll><pitch>-9.658273</pitch><mode /></trkpt><trkpt lat="34.7540133" lon="-118.3292204"><ele>804.14</ele><time>2026-06-27T13:51:28-05:00</time><course>262.1746</course><roll>30.29571</roll><pitch>-9.812716</pitch><mode /></trkpt><trkpt lat="34.7540124" lon="-118.3292282"><ele>804.34</ele><time>2026-06-27T13:51:28-05:00</time><course>259.7207</course><roll>21.74783</roll><pitch>-8.413759</pitch><mode /></trkpt><trkpt lat="34.7540102" lon="-118.3292356"><ele>804.55</ele><time>2026-06-27T13:51:28-05:00</time><course>257.1418</course><roll>15.64423</roll><pitch>-3.746823</pitch><mode /></trkpt><trkpt lat="34.7540075" lon="-118.3292435"><ele>804.59</ele><time>2026-06-27T13:51:28-05:00</time><course>256.5974</course><roll>11.55986</roll><pitch>-2.181388</pitch><mode /></trkpt><trkpt lat="34.754004" lon="-118.3292519"><ele>804.55</ele><time>2026-06-27T13:51:29-05:00</time><course>256.5795</course><roll>10.47504</roll><pitch>-0.05354756</pitch><mode /></trkpt><trkpt lat="34.7539997" lon="-118.3292606"><ele>804.49</ele><time>2026-06-27T13:51:29-05:00</time><course>256.3718</course><roll>6.413891</roll><pitch>2.142953</pitch><mode /></trkpt><trkpt lat="34.7539949" lon="-118.3292696"><ele>804.35</ele><time>2026-06-27T13:51:29-05:00</time><course>256.3221</course><roll>0.8898757</roll><pitch>2.913666</pitch><mode /></trkpt><trkpt lat="34.7539899" lon="-118.3292791"><ele>804.06</ele><time>2026-06-27T13:51:29-05:00</time><course>253.833</course><roll>-1.368733</roll><pitch>3.777099</pitch><mode /></trkpt><trkpt lat="34.753985" lon="-118.329289"><ele>803.69</ele><time>2026-06-27T13:51:29-05:00</time><course>250.8045</course><roll>-0.7379552</roll><pitch>2.014643</pitch><mode /></trkpt><trkpt lat="34.7539795" lon="-118.329299"><ele>803.36</ele><time>2026-06-27T13:51:30-05:00</time><course>251.5785</course><roll>-0.6366675</roll><pitch>0.9195239</pitch><mode /></trkpt><trkpt lat="34.7539732" lon="-118.3293093"><ele>803.25</ele><time>2026-06-27T13:51:30-05:00</time><course>252.2502</course><roll>-0.5040584</roll><pitch>-2.263905</pitch><mode /></trkpt><trkpt lat="34.7539668" lon="-118.3293195"><ele>803.32</ele><time>2026-06-27T13:51:30-05:00</time><course>249.678</course><roll>-2.529443</roll><pitch>-3.929676</pitch><mode /></trkpt><trkpt lat="34.7539603" lon="-118.3293292"><ele>803.51</ele><time>2026-06-27T13:51:30-05:00</time><course>250.7382</course><roll>-1.582624</roll><pitch>-4.141306</pitch><mode /></trkpt><trkpt lat="34.7539535" lon="-118.3293383"><ele>803.66</ele><time>2026-06-27T13:51:30-05:00</time><course>250.1722</course><roll>-2.319556</roll><pitch>-3.990441</pitch><mode /></trkpt><trkpt lat="34.7539467" lon="-118.3293465"><ele>804.01</ele><time>2026-06-27T13:51:31-05:00</time><course>247.8864</course><roll>-2.517373</roll><pitch>-2.949674</pitch><mode /></trkpt><trkpt lat="34.7539401" lon="-118.3293535"><ele>804.49</ele><time>2026-06-27T13:51:31-05:00</time><course>250.471</course><roll>0.0262055</roll><pitch>-0.7339247</pitch><mode /></trkpt><trkpt lat="34.7539334" lon="-118.3293597"><ele>804.7</ele><time>2026-06-27T13:51:31-05:00</time><course>250.2884</course><roll>-3.446718</roll><pitch>0.9944265</pitch><mode /></trkpt><trkpt lat="34.7539271" lon="-118.3293654"><ele>804.67</ele><time>2026-06-27T13:51:31-05:00</time><course>246.6617</course><roll>-3.937471</roll><pitch>-1.388555</pitch><mode /></trkpt><trkpt lat="34.7539206" lon="-118.3293704"><ele>804.66</ele><time>2026-06-27T13:51:31-05:00</time><course>248.606</course><roll>-1.189259</roll><pitch>-1.486192</pitch><mode /></trkpt><trkpt lat="34.753914" lon="-118.3293748"><ele>804.7</ele><time>2026-06-27T13:51:32-05:00</time><course>250.0775</course><roll>-3.301753</roll><pitch>-1.000606</pitch><mode /></trkpt><trkpt lat="34.7539074" lon="-118.3293791"><ele>804.65</ele><time>2026-06-27T13:51:32-05:00</time><course>248.6363</course><roll>-4.271847</roll><pitch>0.6005192</pitch><mode /></trkpt><trkpt lat="34.7539007" lon="-118.3293834"><ele>804.45</ele><time>2026-06-27T13:51:32-05:00</time><course>250.9114</course><roll>-7.051457</roll><pitch>1.091751</pitch><mode /></trkpt><trkpt lat="34.753894" lon="-118.3293876"><ele>804.19</ele><time>2026-06-27T13:51:32-05:00</time><course>250.6031</course><roll>-9.388437</roll><pitch>0.1631324</pitch><mode /></trkpt><trkpt lat="34.7538877" lon="-118.3293919"><ele>804.01</ele><time>2026-06-27T13:51:32-05:00</time><course>251.6028</course><roll>-11.25837</roll><pitch>-0.1456245</pitch><mode /></trkpt><trkpt lat="34.7538819" lon="-118.3293962"><ele>803.79</ele><time>2026-06-27T13:51:33-05:00</time><course>253.1927</course><roll>-12.65258</roll><pitch>-1.183182</pitch><mode /></trkpt><trkpt lat="34.7538769" lon="-118.3294007"><ele>803.68</ele><time>2026-06-27T13:51:33-05:00</time><course>253.9966</course><roll>-14.93199</roll><pitch>-0.9953455</pitch><mode /></trkpt><trkpt lat="34.7538728" lon="-118.3294052"><ele>803.65</ele><time>2026-06-27T13:51:33-05:00</time><course>255.1714</course><roll>-17.80137</roll><pitch>-0.4099116</pitch><mode /></trkpt><trkpt lat="34.7538694" lon="-118.3294096"><ele>803.56</ele><time>2026-06-27T13:51:33-05:00</time><course>252.3146</course><roll>-13.33739</roll><pitch>-3.189145</pitch><mode /></trkpt><trkpt lat="34.7538666" lon="-118.3294136"><ele>803.5</ele><time>2026-06-27T13:51:33-05:00</time><course>252.4212</course><roll>-8.163613</roll><pitch>-4.526821</pitch><mode /></trkpt><trkpt lat="34.7538641" lon="-118.3294167"><ele>803.51</ele><time>2026-06-27T13:51:34-05:00</time><course>248.5235</course><roll>0.297842</roll><pitch>-7.855499</pitch><mode /></trkpt><trkpt lat="34.7538616" lon="-118.3294187"><ele>803.7</ele><time>2026-06-27T13:51:34-05:00</time><course>248.4854</course><roll>4.418099</roll><pitch>-7.428573</pitch><mode /></trkpt><trkpt lat="34.7538583" lon="-118.3294196"><ele>804</ele><time>2026-06-27T13:51:34-05:00</time><course>248.8141</course><roll>5.963416</roll><pitch>-6.505283</pitch><mode /></trkpt><trkpt lat="34.7538499" lon="-118.3294194"><ele>804.3</ele><time>2026-06-27T13:51:34-05:00</time><course>250.0958</course><roll>2.186635</roll><pitch>-3.301322</pitch><mode /></trkpt><trkpt lat="34.7538455" lon="-118.3294191"><ele>804.24</ele><time>2026-06-27T13:51:35-05:00</time><course>250.1519</course><roll>1.089151</roll><pitch>-1.439674</pitch><mode /></trkpt><trkpt lat="34.7538404" lon="-118.3294188"><ele>804.12</ele><time>2026-06-27T13:51:35-05:00</time><course>249.8478</course><roll>-2.345357</roll><pitch>-0.6060601</pitch><mode /></trkpt><trkpt lat="34.7538352" lon="-118.3294185"><ele>803.97</ele><time>2026-06-27T13:51:35-05:00</time><course>249.1169</course><roll>-4.698778</roll><pitch>-0.699241</pitch><mode /></trkpt><trkpt lat="34.7538299" lon="-118.3294182"><ele>803.79</ele><time>2026-06-27T13:51:35-05:00</time><course>247.8759</course><roll>-4.451375</roll><pitch>-1.656564</pitch><mode /></trkpt><trkpt lat="34.7538247" lon="-118.329418"><ele>803.68</ele><time>2026-06-27T13:51:35-05:00</time><course>244.8264</course><roll>-1.010678</roll><pitch>-6.063083</pitch><mode /></trkpt><trkpt lat="34.753819" lon="-118.3294175"><ele>803.87</ele><time>2026-06-27T13:51:36-05:00</time><course>246.0625</course><roll>-4.134122</roll><pitch>-7.97241</pitch><mode /></trkpt><trkpt lat="34.7538132" lon="-118.3294164"><ele>804.34</ele><time>2026-06-27T13:51:36-05:00</time><course>242.8148</course><roll>-6.692282</roll><pitch>-7.797706</pitch><mode /></trkpt><trkpt lat="34.7538075" lon="-118.3294151"><ele>804.76</ele><time>2026-06-27T13:51:36-05:00</time><course>240.8318</course><roll>-6.581061</roll><pitch>-6.646629</pitch><mode /></trkpt><trkpt lat="34.7538016" lon="-118.3294136"><ele>804.99</ele><time>2026-06-27T13:51:36-05:00</time><course>242.036</course><roll>-2.249235</roll><pitch>-5.079442</pitch><mode /></trkpt><trkpt lat="34.7537952" lon="-118.3294117"><ele>805.1</ele><time>2026-06-27T13:51:36-05:00</time><course>245.2025</course><roll>0.05077411</roll><pitch>-3.351784</pitch><mode /></trkpt><trkpt lat="34.7537878" lon="-118.3294096"><ele>805.16</ele><time>2026-06-27T13:51:37-05:00</time><course>252.4683</course><roll>-7.680532</roll><pitch>0.1615475</pitch><mode /></trkpt><trkpt lat="34.7537805" lon="-118.3294085"><ele>805.06</ele><time>2026-06-27T13:51:37-05:00</time><course>249.6953</course><roll>-12.88232</roll><pitch>-0.9244272</pitch><mode /></trkpt><trkpt lat="34.753774" lon="-118.3294087"><ele>804.85</ele><time>2026-06-27T13:51:37-05:00</time><course>250.6896</course><roll>-18.54169</roll><pitch>0.6922432</pitch><mode /></trkpt><trkpt lat="34.7537676" lon="-118.3294101"><ele>804.6</ele><time>2026-06-27T13:51:37-05:00</time><course>247.0405</course><roll>-18.14794</roll><pitch>-2.874791</pitch><mode /></trkpt><trkpt lat="34.7537617" lon="-118.3294127"><ele>804.41</ele><time>2026-06-27T13:51:37-05:00</time><course>247.7476</course><roll>-16.93166</roll><pitch>-5.670195</pitch><mode /></trkpt><trkpt lat="34.7537565" lon="-118.3294158"><ele>804.44</ele><time>2026-06-27T13:51:38-05:00</time><course>249.644</course><roll>-13.81509</roll><pitch>-5.953772</pitch><mode /></trkpt><trkpt lat="34.7537512" lon="-118.3294194"><ele>804.49</ele><time>2026-06-27T13:51:38-05:00</time><course>247.6748</course><roll>-11.3646</roll><pitch>-8.979695</pitch><mode /></trkpt><trkpt lat="34.7537459" lon="-118.3294231"><ele>804.53</ele><time>2026-06-27T13:51:38-05:00</time><course>246.4837</course><roll>-6.711934</roll><pitch>-9.834084</pitch><mode /></trkpt><trkpt lat="34.7537404" lon="-118.3294265"><ele>804.7</ele><time>2026-06-27T13:51:38-05:00</time><course>247.7597</course><roll>-4.946247</roll><pitch>-7.087798</pitch><mode /></trkpt><trkpt lat="34.7537345" lon="-118.3294299"><ele>804.79</ele><time>2026-06-27T13:51:38-05:00</time><course>250.6255</course><roll>-7.961883</roll><pitch>-4.922404</pitch><mode /></trkpt><trkpt lat="34.7537282" lon="-118.3294338"><ele>804.77</ele><time>2026-06-27T13:51:39-05:00</time><course>253.0961</course><roll>-14.50616</roll><pitch>-3.407893</pitch><mode /></trkpt><trkpt lat="34.7537229" lon="-118.3294385"><ele>804.73</ele><time>2026-06-27T13:51:39-05:00</time><course>249.0177</course><roll>-14.96123</roll><pitch>-4.921286</pitch><mode /></trkpt><trkpt lat="34.753718" lon="-118.3294439"><ele>804.77</ele><time>2026-06-27T13:51:39-05:00</time><course>253.2576</course><roll>-17.2155</roll><pitch>-3.769289</pitch><mode /></trkpt><trkpt lat="34.7537134" lon="-118.3294498"><ele>804.79</ele><time>2026-06-27T13:51:39-05:00</time><course>253.6506</course><roll>-19.43679</roll><pitch>-1.470625</pitch><mode /></trkpt><trkpt lat="34.7537094" lon="-118.3294567"><ele>804.66</ele><time>2026-06-27T13:51:39-05:00</time><course>255.6621</course><roll>-24.27287</roll><pitch>-0.009539266</pitch><mode /></trkpt><trkpt lat="34.753706" lon="-118.3294645"><ele>804.38</ele><time>2026-06-27T13:51:40-05:00</time><course>252.837</course><roll>-22.08236</roll><pitch>-1.965909</pitch><mode /></trkpt><trkpt lat="34.7537041" lon="-118.3294732"><ele>804.09</ele><time>2026-06-27T13:51:40-05:00</time><course>249.636</course><roll>-13.79793</roll><pitch>-2.658648</pitch><mode /></trkpt><trkpt lat="34.7537024" lon="-118.3294821"><ele>803.8</ele><time>2026-06-27T13:51:40-05:00</time><course>251.2045</course><roll>-7.556682</roll><pitch>-4.391649</pitch><mode /></trkpt><trkpt lat="34.7537004" lon="-118.3294908"><ele>803.69</ele><time>2026-06-27T13:51:40-05:00</time><course>249.1923</course><roll>0.5650613</roll><pitch>-8.078681</pitch><mode /></trkpt><trkpt lat="34.753698" lon="-118.3294989"><ele>803.87</ele><time>2026-06-27T13:51:40-05:00</time><course>247.8505</course><roll>10.08465</roll><pitch>-10.08654</pitch><mode /></trkpt><trkpt lat="34.7536938" lon="-118.3295056"><ele>804.33</ele><time>2026-06-27T13:51:41-05:00</time><course>254.0991</course><roll>12.33646</roll><pitch>-7.519519</pitch><mode /></trkpt><trkpt lat="34.7536886" lon="-118.3295119"><ele>804.79</ele><time>2026-06-27T13:51:41-05:00</time><course>254.2</course><roll>8.038098</roll><pitch>-4.157347</pitch><mode /></trkpt><trkpt lat="34.7536834" lon="-118.3295192"><ele>804.95</ele><time>2026-06-27T13:51:41-05:00</time><course>253.5689</course><roll>2.775445</roll><pitch>-2.032629</pitch><mode /></trkpt><trkpt lat="34.7536779" lon="-118.3295272"><ele>805.19</ele><time>2026-06-27T13:51:41-05:00</time><course>250.4077</course><roll>1.673622</roll><pitch>-0.3414551</pitch><mode /></trkpt><trkpt lat="34.7536718" lon="-118.3295354"><ele>805.55</ele><time>2026-06-27T13:51:41-05:00</time><course>250.028</course><roll>-3.534681</roll><pitch>-0.04758918</pitch><mode /></trkpt><trkpt lat="34.7536652" lon="-118.329544"><ele>805.71</ele><time>2026-06-27T13:51:42-05:00</time><course>255.729</course><roll>-17.02009</roll><pitch>3.288033</pitch><mode /></trkpt><trkpt lat="34.7536589" lon="-118.3295535"><ele>805.58</ele><time>2026-06-27T13:51:42-05:00</time><course>254.9943</course><roll>-21.09612</roll><pitch>4.09248</pitch><mode /></trkpt><trkpt lat="34.7536529" lon="-118.3295635"><ele>805.12</ele><time>2026-06-27T13:51:42-05:00</time><course>257.221</course><roll>-23.30787</roll><pitch>2.653708</pitch><mode /></trkpt><trkpt lat="34.7536486" lon="-118.3295743"><ele>804.86</ele><time>2026-06-27T13:51:42-05:00</time><course>253.6093</course><roll>-26.55921</roll><pitch>-1.884656</pitch><mode /></trkpt><trkpt lat="34.7536468" lon="-118.329586"><ele>804.89</ele><time>2026-06-27T13:51:42-05:00</time><course>253.9979</course><roll>-22.16636</roll><pitch>-4.044382</pitch><mode /></trkpt><trkpt lat="34.7536454" lon="-118.3295975"><ele>804.97</ele><time>2026-06-27T13:51:43-05:00</time><course>262.3449</course><roll>-22.84792</roll><pitch>-2.117245</pitch><mode /></trkpt><trkpt lat="34.7536472" lon="-118.3296198"><ele>805.34</ele><time>2026-06-27T13:51:43-05:00</time><course>257.5514</course><roll>-19.37756</roll><pitch>-8.319732</pitch><mode /></trkpt><trkpt lat="34.7536487" lon="-118.3296301"><ele>805.44</ele><time>2026-06-27T13:51:43-05:00</time><course>261.9103</course><roll>-16.20492</roll><pitch>-5.151489</pitch><mode /></trkpt><trkpt lat="34.7536507" lon="-118.3296397"><ele>805.49</ele><time>2026-06-27T13:51:43-05:00</time><course>257.3942</course><roll>-14.62549</roll><pitch>-4.026505</pitch><mode /></trkpt><trkpt lat="34.7536525" lon="-118.3296491"><ele>805.44</ele><time>2026-06-27T13:51:44-05:00</time><course>260.5741</course><roll>-11.23407</roll><pitch>0.991573</pitch><mode /></trkpt><trkpt lat="34.7536538" lon="-118.3296587"><ele>805.18</ele><time>2026-06-27T13:51:44-05:00</time><course>257.192</course><roll>-13.83295</roll><pitch>-0.4225486</pitch><mode /></trkpt><trkpt lat="34.7536556" lon="-118.3296689"><ele>804.91</ele><time>2026-06-27T13:51:44-05:00</time><course>257.4782</course><roll>-9.580492</roll><pitch>-2.388591</pitch><mode /></trkpt><trkpt lat="34.7536569" lon="-118.3296794"><ele>804.87</ele><time>2026-06-27T13:51:44-05:00</time><course>260.4066</course><roll>-6.21427</roll><pitch>-1.864426</pitch><mode /></trkpt><trkpt lat="34.7536582" lon="-118.3296902"><ele>805.03</ele><time>2026-06-27T13:51:44-05:00</time><course>259.2297</course><roll>2.153363</roll><pitch>-2.689156</pitch><mode /></trkpt><trkpt lat="34.7536591" lon="-118.3297012"><ele>805.23</ele><time>2026-06-27T13:51:45-05:00</time><course>259.395</course><roll>2.641925</roll><pitch>-2.352177</pitch><mode /></trkpt><trkpt lat="34.7536588" lon="-118.3297123"><ele>805.38</ele><time>2026-06-27T13:51:45-05:00</time><course>262.4288</course><roll>6.049858</roll><pitch>-1.40234</pitch><mode /></trkpt><trkpt lat="34.7536577" lon="-118.3297239"><ele>805.46</ele><time>2026-06-27T13:51:45-05:00</time><course>262.1195</course><roll>7.167079</roll><pitch>0.5164415</pitch><mode /></trkpt><trkpt lat="34.7536564" lon="-118.3297361"><ele>805.46</ele><time>2026-06-27T13:51:45-05:00</time><course>260.1495</course><roll>6.579478</roll><pitch>1.371303</pitch><mode /></trkpt><trkpt lat="34.7536541" lon="-118.3297488"><ele>805.54</ele><time>2026-06-27T13:51:45-05:00</time><course>265.0138</course><roll>1.534346</roll><pitch>2.881588</pitch><mode /></trkpt><trkpt lat="34.7536517" lon="-118.329762"><ele>805.58</ele><time>2026-06-27T13:51:46-05:00</time><course>258.6988</course><roll>1.272257</roll><pitch>1.788019</pitch><mode /></trkpt><trkpt lat="34.7536492" lon="-118.3297753"><ele>805.47</ele><time>2026-06-27T13:51:46-05:00</time><course>258.5222</course><roll>-1.28647</roll><pitch>0.7831569</pitch><mode /></trkpt><trkpt lat="34.7536464" lon="-118.3297887"><ele>805.38</ele><time>2026-06-27T13:51:46-05:00</time><course>257.6707</course><roll>-6.20711</roll><pitch>1.883049</pitch><mode /></trkpt><trkpt lat="34.7536438" lon="-118.3298023"><ele>805.22</ele><time>2026-06-27T13:51:46-05:00</time><course>258.3032</course><roll>-6.688704</roll><pitch>1.806972</pitch><mode /></trkpt><trkpt lat="34.7536412" lon="-118.3298164"><ele>804.98</ele><time>2026-06-27T13:51:46-05:00</time><course>256.2271</course><roll>-4.557658</roll><pitch>0.0874476</pitch><mode /></trkpt><trkpt lat="34.7536384" lon="-118.3298306"><ele>804.74</ele><time>2026-06-27T13:51:47-05:00</time><course>258.5969</course><roll>-6.4314</roll><pitch>-1.870767</pitch><mode /></trkpt><trkpt lat="34.7536351" lon="-118.3298446"><ele>804.63</ele><time>2026-06-27T13:51:47-05:00</time><course>262.1882</course><roll>-10.63445</roll><pitch>-1.804455</pitch><mode /></trkpt><trkpt lat="34.7536324" lon="-118.3298587"><ele>804.55</ele><time>2026-06-27T13:51:47-05:00</time><course>259.8491</course><roll>-12.63894</roll><pitch>-3.067233</pitch><mode /></trkpt><trkpt lat="34.7536305" lon="-118.3298728"><ele>804.5</ele><time>2026-06-27T13:51:47-05:00</time><course>258.9147</course><roll>-13.15682</roll><pitch>-4.581452</pitch><mode /></trkpt><trkpt lat="34.753629" lon="-118.3298862"><ele>804.54</ele><time>2026-06-27T13:51:47-05:00</time><course>257.9677</course><roll>-7.676033</roll><pitch>-5.820032</pitch><mode /></trkpt><trkpt lat="34.7536273" lon="-118.3298989"><ele>804.7</ele><time>2026-06-27T13:51:48-05:00</time><course>264.7559</course><roll>-16.12245</roll><pitch>-4.145974</pitch><mode /></trkpt><trkpt lat="34.7536265" lon="-118.3299114"><ele>805.02</ele><time>2026-06-27T13:51:48-05:00</time><course>262.579</course><roll>-15.97762</roll><pitch>-3.422018</pitch><mode /></trkpt><trkpt lat="34.7536264" lon="-118.3299239"><ele>805.21</ele><time>2026-06-27T13:51:48-05:00</time><course>261.9044</course><roll>-12.08327</roll><pitch>0.08049431</pitch><mode /></trkpt><trkpt lat="34.7536259" lon="-118.3299364"><ele>805.08</ele><time>2026-06-27T13:51:48-05:00</time><course>257.7863</course><roll>-10.90483</roll><pitch>1.929794</pitch><mode /></trkpt><trkpt lat="34.7536253" lon="-118.3299488"><ele>804.71</ele><time>2026-06-27T13:51:48-05:00</time><course>257.1216</course><roll>-7.95254</roll><pitch>2.967423</pitch><mode /></trkpt><trkpt lat="34.7536242" lon="-118.3299611"><ele>804.23</ele><time>2026-06-27T13:51:49-05:00</time><course>258.1179</course><roll>-5.31079</roll><pitch>-2.112414</pitch><mode /></trkpt><trkpt lat="34.7536231" lon="-118.3299734"><ele>803.97</ele><time>2026-06-27T13:51:49-05:00</time><course>259.2771</course><roll>-3.575162</roll><pitch>-4.910612</pitch><mode /></trkpt><trkpt lat="34.753622" lon="-118.329985"><ele>804.15</ele><time>2026-06-27T13:51:49-05:00</time><course>258.8492</course><roll>-2.09484</roll><pitch>-6.700039</pitch><mode /></trkpt><trkpt lat="34.7536205" lon="-118.3299957"><ele>804.42</ele><time>2026-06-27T13:51:49-05:00</time><course>258.5551</course><roll>-2.022041</roll><pitch>-5.820193</pitch><mode /></trkpt><trkpt lat="34.7536188" lon="-118.330006"><ele>804.63</ele><time>2026-06-27T13:51:49-05:00</time><course>256.0217</course><roll>-1.075303</roll><pitch>-5.177526</pitch><mode /></trkpt><trkpt lat="34.7536168" lon="-118.3300157"><ele>804.65</ele><time>2026-06-27T13:51:50-05:00</time><course>256.9919</course><roll>-2.924907</roll><pitch>-3.807885</pitch><mode /></trkpt><trkpt lat="34.7536147" lon="-118.3300253"><ele>804.63</ele><time>2026-06-27T13:51:50-05:00</time><course>253.182</course><roll>-5.185526</roll><pitch>-3.547398</pitch><mode /></trkpt><trkpt lat="34.7536126" lon="-118.330035"><ele>804.84</ele><time>2026-06-27T13:51:50-05:00</time><course>252.5195</course><roll>-7.956946</roll><pitch>-3.384999</pitch><mode /></trkpt><trkpt lat="34.7536105" lon="-118.330045"><ele>805.4</ele><time>2026-06-27T13:51:50-05:00</time><course>257.1747</course><roll>-10.74304</roll><pitch>-0.803206</pitch><mode /></trkpt><trkpt lat="34.7536087" lon="-118.3300553"><ele>805.9</ele><time>2026-06-27T13:51:50-05:00</time><course>257.7164</course><roll>-13.13533</roll><pitch>1.123832</pitch><mode /></trkpt><trkpt lat="34.7536073" lon="-118.3300658"><ele>806.04</ele><time>2026-06-27T13:51:51-05:00</time><course>257.4855</course><roll>-16.39019</roll><pitch>4.952364</pitch><mode /></trkpt><trkpt lat="34.7536055" lon="-118.3300761"><ele>805.72</ele><time>2026-06-27T13:51:51-05:00</time><course>258.1194</course><roll>-18.58986</roll><pitch>6.807243</pitch><mode /></trkpt><trkpt lat="34.7536041" lon="-118.3300865"><ele>805.14</ele><time>2026-06-27T13:51:51-05:00</time><course>258.0589</course><roll>-16.6644</roll><pitch>5.170929</pitch><mode /></trkpt><trkpt lat="34.7536031" lon="-118.3300975"><ele>804.66</ele><time>2026-06-27T13:51:51-05:00</time><course>265.058</course><roll>-12.07798</roll><pitch>7.501467</pitch><mode /></trkpt><trkpt lat="34.7536027" lon="-118.3301086"><ele>804.11</ele><time>2026-06-27T13:51:51-05:00</time><course>266.4217</course><roll>-13.49581</roll><pitch>10.43591</pitch><mode /></trkpt><trkpt lat="34.7536032" lon="-118.3301314"><ele>802.16</ele><time>2026-06-27T13:51:52-05:00</time><course>268.843</course><roll>-20.42437</roll><pitch>11.51562</pitch><mode /></trkpt><trkpt lat="34.7536049" lon="-118.3301436"><ele>801.08</ele><time>2026-06-27T13:51:52-05:00</time><course>270.8105</course><roll>-21.26502</roll><pitch>9.758536</pitch><mode /></trkpt><trkpt lat="34.7536081" lon="-118.3301564"><ele>800.02</ele><time>2026-06-27T13:51:52-05:00</time><course>271.0956</course><roll>-20.88675</roll><pitch>6.062501</pitch><mode /></trkpt><trkpt lat="34.7536134" lon="-118.3301699"><ele>799.34</ele><time>2026-06-27T13:51:52-05:00</time><course>271.8428</course><roll>-21.96964</roll><pitch>2.913548</pitch><mode /></trkpt><trkpt lat="34.7536204" lon="-118.3301838"><ele>798.88</ele><time>2026-06-27T13:51:53-05:00</time><course>270.4038</course><roll>-18.32914</roll><pitch>-0.2515799</pitch><mode /></trkpt><trkpt lat="34.7536277" lon="-118.3301974"><ele>798.59</ele><time>2026-06-27T13:51:53-05:00</time><course>276.9951</course><roll>-22.65636</roll><pitch>1.137124</pitch><mode /></trkpt><trkpt lat="34.7536361" lon="-118.3302101"><ele>798.51</ele><time>2026-06-27T13:51:53-05:00</time><course>276.4698</course><roll>-19.77584</roll><pitch>-1.149964</pitch><mode /></trkpt><trkpt lat="34.7536453" lon="-118.3302218"><ele>798.49</ele><time>2026-06-27T13:51:53-05:00</time><course>275.3797</course><roll>-14.07783</roll><pitch>-3.503839</pitch><mode /></trkpt><trkpt lat="34.7536551" lon="-118.3302326"><ele>798.63</ele><time>2026-06-27T13:51:53-05:00</time><course>272.0756</course><roll>-10.03885</roll><pitch>-5.842255</pitch><mode /></trkpt><trkpt lat="34.7536649" lon="-118.3302427"><ele>798.92</ele><time>2026-06-27T13:51:54-05:00</time><course>270.9956</course><roll>-0.1587911</roll><pitch>-8.600823</pitch><mode /></trkpt><trkpt lat="34.7536739" lon="-118.3302521"><ele>799.37</ele><time>2026-06-27T13:51:54-05:00</time><course>270.8769</course><roll>6.54757</roll><pitch>-10.85794</pitch><mode /></trkpt><trkpt lat="34.7536816" lon="-118.3302605"><ele>800.05</ele><time>2026-06-27T13:51:54-05:00</time><course>267.6984</course><roll>14.71544</roll><pitch>-11.48682</pitch><mode /></trkpt><trkpt lat="34.7536876" lon="-118.3302682"><ele>800.85</ele><time>2026-06-27T13:51:54-05:00</time><course>269.6387</course><roll>22.05916</roll><pitch>-8.732065</pitch><mode /></trkpt><trkpt lat="34.7536922" lon="-118.3302759"><ele>801.52</ele><time>2026-06-27T13:51:54-05:00</time><course>273.0891</course><roll>19.37984</roll><pitch>-6.137768</pitch><mode /></trkpt><trkpt lat="34.7536967" lon="-118.3302843"><ele>801.87</ele><time>2026-06-27T13:51:55-05:00</time><course>271.9453</course><roll>12.21527</roll><pitch>-2.745362</pitch><mode /></trkpt><trkpt lat="34.7537012" lon="-118.3302931"><ele>802</ele><time>2026-06-27T13:51:55-05:00</time><course>270.0964</course><roll>11.16086</roll><pitch>-0.3325053</pitch><mode /></trkpt><trkpt lat="34.7537052" lon="-118.3303023"><ele>801.96</ele><time>2026-06-27T13:51:55-05:00</time><course>270.2909</course><roll>8.635508</roll><pitch>3.030936</pitch><mode /></trkpt><trkpt lat="34.7537089" lon="-118.3303119"><ele>801.62</ele><time>2026-06-27T13:51:55-05:00</time><course>270.5074</course><roll>8.881896</roll><pitch>4.987443</pitch><mode /></trkpt><trkpt lat="34.7537126" lon="-118.3303218"><ele>801.05</ele><time>2026-06-27T13:51:55-05:00</time><course>264.9061</course><roll>9.535222</roll><pitch>3.986944</pitch><mode /></trkpt><trkpt lat="34.7537152" lon="-118.3303322"><ele>800.56</ele><time>2026-06-27T13:51:56-05:00</time><course>265.6681</course><roll>9.344832</roll><pitch>1.816771</pitch><mode /></trkpt><trkpt lat="34.7537166" lon="-118.3303427"><ele>800.22</ele><time>2026-06-27T13:51:56-05:00</time><course>262.7317</course><roll>14.86849</roll><pitch>0.3071999</pitch><mode /></trkpt><trkpt lat="34.753717" lon="-118.330353"><ele>800.17</ele><time>2026-06-27T13:51:56-05:00</time><course>261.2442</course><roll>10.32268</roll><pitch>-1.58927</pitch><mode /></trkpt><trkpt lat="34.7537163" lon="-118.3303629"><ele>800.2</ele><time>2026-06-27T13:51:56-05:00</time><course>263.0447</course><roll>1.090138</roll><pitch>0.2271579</pitch><mode /></trkpt><trkpt lat="34.7537155" lon="-118.3303731"><ele>800.14</ele><time>2026-06-27T13:51:56-05:00</time><course>259.383</course><roll>-4.60764</roll><pitch>0.8532835</pitch><mode /></trkpt><trkpt lat="34.7537147" lon="-118.3303835"><ele>800.02</ele><time>2026-06-27T13:51:57-05:00</time><course>263.0525</course><roll>-6.543837</roll><pitch>2.791594</pitch><mode /></trkpt><trkpt lat="34.7537138" lon="-118.330394"><ele>799.83</ele><time>2026-06-27T13:51:57-05:00</time><course>261.6797</course><roll>-8.163075</roll><pitch>2.653417</pitch><mode /></trkpt><trkpt lat="34.753713" lon="-118.3304047"><ele>799.53</ele><time>2026-06-27T13:51:57-05:00</time><course>260.9648</course><roll>-11.75001</roll><pitch>1.485582</pitch><mode /></trkpt><trkpt lat="34.753712" lon="-118.3304155"><ele>799.29</ele><time>2026-06-27T13:51:57-05:00</time><course>260.4143</course><roll>-12.78214</roll><pitch>2.681829</pitch><mode /></trkpt><trkpt lat="34.7537111" lon="-118.3304265"><ele>799.06</ele><time>2026-06-27T13:51:57-05:00</time><course>259.6655</course><roll>-10.11138</roll><pitch>0.927237</pitch><mode /></trkpt><trkpt lat="34.7537103" lon="-118.3304377"><ele>798.86</ele><time>2026-06-27T13:51:58-05:00</time><course>257.4771</course><roll>-5.770562</roll><pitch>-0.5542516</pitch><mode /></trkpt><trkpt lat="34.7537095" lon="-118.3304485"><ele>798.74</ele><time>2026-06-27T13:51:58-05:00</time><course>257.7425</course><roll>-3.375449</roll><pitch>-0.6654823</pitch><mode /></trkpt><trkpt lat="34.753708" lon="-118.330459"><ele>798.62</ele><time>2026-06-27T13:51:58-05:00</time><course>260.2174</course><roll>-4.067031</roll><pitch>0.8195571</pitch><mode /></trkpt><trkpt lat="34.7537063" lon="-118.3304694"><ele>798.45</ele><time>2026-06-27T13:51:58-05:00</time><course>259.2263</course><roll>-4.432903</roll><pitch>0.9702696</pitch><mode /></trkpt><trkpt lat="34.7537043" lon="-118.3304796"><ele>798.14</ele><time>2026-06-27T13:51:58-05:00</time><course>259.84</course><roll>-5.783398</roll><pitch>2.017733</pitch><mode /></trkpt><trkpt lat="34.7537019" lon="-118.3304898"><ele>797.78</ele><time>2026-06-27T13:51:59-05:00</time><course>259.2575</course><roll>-6.735471</roll><pitch>1.517326</pitch><mode /></trkpt><trkpt lat="34.7536994" lon="-118.3305"><ele>797.33</ele><time>2026-06-27T13:51:59-05:00</time><course>259.7341</course><roll>-6.945131</roll><pitch>-0.6500462</pitch><mode /></trkpt><trkpt lat="34.7536967" lon="-118.3305102"><ele>797.11</ele><time>2026-06-27T13:51:59-05:00</time><course>263.4106</course><roll>-8.224344</roll><pitch>-3.110648</pitch><mode /></trkpt><trkpt lat="34.7536949" lon="-118.3305204"><ele>797.27</ele><time>2026-06-27T13:51:59-05:00</time><course>260.4721</course><roll>-9.804242</roll><pitch>-3.947375</pitch><mode /></trkpt><trkpt lat="34.7536936" lon="-118.3305306"><ele>797.61</ele><time>2026-06-27T13:51:59-05:00</time><course>259.5758</course><roll>-8.809759</roll><pitch>-1.783446</pitch><mode /></trkpt><trkpt lat="34.7536921" lon="-118.3305407"><ele>797.82</ele><time>2026-06-27T13:52:00-05:00</time><course>258.485</course><roll>5.052933</roll><pitch>1.672063</pitch><mode /></trkpt><trkpt lat="34.7536903" lon="-118.3305509"><ele>797.73</ele><time>2026-06-27T13:52:00-05:00</time><course>258.092</course><roll>5.399442</roll><pitch>1.135941</pitch><mode /></trkpt><trkpt lat="34.7536876" lon="-118.3305613"><ele>797.5</ele><time>2026-06-27T13:52:00-05:00</time><course>258.7841</course><roll>16.07914</roll><pitch>0.9897377</pitch><mode /></trkpt><trkpt lat="34.7536839" lon="-118.3305722"><ele>797.24</ele><time>2026-06-27T13:52:00-05:00</time><course>261.3441</course><roll>13.9908</roll><pitch>-0.8142473</pitch><mode /></trkpt><trkpt lat="34.7536799" lon="-118.330583"><ele>796.92</ele><time>2026-06-27T13:52:00-05:00</time><course>256.6967</course><roll>10.91203</roll><pitch>1.423145</pitch><mode /></trkpt><trkpt lat="34.7536752" lon="-118.3305941"><ele>796.77</ele><time>2026-06-27T13:52:01-05:00</time><course>256.366</course><roll>3.559792</roll><pitch>0.6845077</pitch><mode /></trkpt><trkpt lat="34.7536697" lon="-118.3306052"><ele>796.63</ele><time>2026-06-27T13:52:01-05:00</time><course>258.4533</course><roll>-2.789255</roll><pitch>2.269415</pitch><mode /></trkpt><trkpt lat="34.7536642" lon="-118.3306165"><ele>796.36</ele><time>2026-06-27T13:52:01-05:00</time><course>258.2867</course><roll>-5.188643</roll><pitch>2.973383</pitch><mode /></trkpt><trkpt lat="34.7536588" lon="-118.3306285"><ele>796.11</ele><time>2026-06-27T13:52:01-05:00</time><course>259.6729</course><roll>-6.959456</roll><pitch>4.699961</pitch><mode /></trkpt><trkpt lat="34.7536535" lon="-118.3306409"><ele>795.79</ele><time>2026-06-27T13:52:01-05:00</time><course>258.8275</course><roll>-9.674014</roll><pitch>4.227439</pitch><mode /></trkpt><trkpt lat="34.7536486" lon="-118.3306536"><ele>795.31</ele><time>2026-06-27T13:52:02-05:00</time><course>258.7498</course><roll>-12.40069</roll><pitch>2.88712</pitch><mode /></trkpt><trkpt lat="34.7536442" lon="-118.3306669"><ele>794.88</ele><time>2026-06-27T13:52:02-05:00</time><course>260.6306</course><roll>-14.14055</roll><pitch>0.2784461</pitch><mode /></trkpt><trkpt lat="34.753641" lon="-118.3306805"><ele>794.67</ele><time>2026-06-27T13:52:02-05:00</time><course>259.3946</course><roll>-13.13879</roll><pitch>-4.337362</pitch><mode /></trkpt><trkpt lat="34.7536388" lon="-118.3306936"><ele>794.75</ele><time>2026-06-27T13:52:02-05:00</time><course>260.7192</course><roll>-15.18098</roll><pitch>-5.865341</pitch><mode /></trkpt><trkpt lat="34.7536375" lon="-118.3307063"><ele>794.99</ele><time>2026-06-27T13:52:02-05:00</time><course>258.9444</course><roll>-16.91669</roll><pitch>-5.715971</pitch><mode /></trkpt><trkpt lat="34.7536366" lon="-118.3307188"><ele>795.14</ele><time>2026-06-27T13:52:03-05:00</time><course>258.0394</course><roll>-14.35885</roll><pitch>-6.034446</pitch><mode /></trkpt><trkpt lat="34.7536355" lon="-118.3307308"><ele>795.22</ele><time>2026-06-27T13:52:03-05:00</time><course>259.4865</course><roll>-13.05383</roll><pitch>-5.101714</pitch><mode /></trkpt><trkpt lat="34.7536346" lon="-118.3307425"><ele>795.27</ele><time>2026-06-27T13:52:03-05:00</time><course>259.2341</course><roll>-9.494864</roll><pitch>-4.530067</pitch><mode /></trkpt><trkpt lat="34.7536337" lon="-118.3307541"><ele>795.33</ele><time>2026-06-27T13:52:03-05:00</time><course>259.4517</course><roll>-7.442106</roll><pitch>-4.757227</pitch><mode /></trkpt><trkpt lat="34.7536329" lon="-118.3307655"><ele>795.47</ele><time>2026-06-27T13:52:03-05:00</time><course>259.553</course><roll>-5.895143</roll><pitch>-4.867609</pitch><mode /></trkpt><trkpt lat="34.7536316" lon="-118.3307769"><ele>795.73</ele><time>2026-06-27T13:52:04-05:00</time><course>258.9156</course><roll>-5.283888</roll><pitch>-3.14703</pitch><mode /></trkpt><trkpt lat="34.75363" lon="-118.3307882"><ele>795.9</ele><time>2026-06-27T13:52:04-05:00</time><course>258.1278</course><roll>-4.212372</roll><pitch>-2.24828</pitch><mode /></trkpt><trkpt lat="34.753628" lon="-118.3307999"><ele>795.95</ele><time>2026-06-27T13:52:04-05:00</time><course>257.0305</course><roll>-4.176186</roll><pitch>-1.745156</pitch><mode /></trkpt><trkpt lat="34.7536259" lon="-118.330812"><ele>795.97</ele><time>2026-06-27T13:52:04-05:00</time><course>256.5262</course><roll>-3.568057</roll><pitch>-1.277504</pitch><mode /></trkpt><trkpt lat="34.7536232" lon="-118.3308242"><ele>795.98</ele><time>2026-06-27T13:52:04-05:00</time><course>257.549</course><roll>-6.262346</roll><pitch>-1.790501</pitch><mode /></trkpt><trkpt lat="34.7536203" lon="-118.3308366"><ele>795.94</ele><time>2026-06-27T13:52:05-05:00</time><course>255.8533</course><roll>-4.194243</roll><pitch>-2.86718</pitch><mode /></trkpt><trkpt lat="34.7536175" lon="-118.3308492"><ele>795.97</ele><time>2026-06-27T13:52:05-05:00</time><course>254.2812</course><roll>-6.160275</roll><pitch>-2.586137</pitch><mode /></trkpt><trkpt lat="34.7536141" lon="-118.3308614"><ele>796.11</ele><time>2026-06-27T13:52:05-05:00</time><course>255.1319</course><roll>-8.78864</roll><pitch>-0.7927608</pitch><mode /></trkpt><trkpt lat="34.7536106" lon="-118.3308736"><ele>796.18</ele><time>2026-06-27T13:52:05-05:00</time><course>252.5775</course><roll>-6.807982</roll><pitch>-0.3237903</pitch><mode /></trkpt><trkpt lat="34.753607" lon="-118.3308857"><ele>796.1</ele><time>2026-06-27T13:52:05-05:00</time><course>251.8897</course><roll>-7.176931</roll><pitch>0.1849119</pitch><mode /></trkpt><trkpt lat="34.753603" lon="-118.3308975"><ele>795.91</ele><time>2026-06-27T13:52:06-05:00</time><course>252.4297</course><roll>-6.468184</roll><pitch>-0.1275916</pitch><mode /></trkpt><trkpt lat="34.7535987" lon="-118.3309093"><ele>795.74</ele><time>2026-06-27T13:52:06-05:00</time><course>253.5858</course><roll>-6.545677</roll><pitch>-1.929065</pitch><mode /></trkpt><trkpt lat="34.753594" lon="-118.3309211"><ele>795.71</ele><time>2026-06-27T13:52:06-05:00</time><course>258.0883</course><roll>-7.203969</roll><pitch>-2.336405</pitch><mode /></trkpt><trkpt lat="34.7535897" lon="-118.3309329"><ele>795.69</ele><time>2026-06-27T13:52:06-05:00</time><course>257.4887</course><roll>-10.5878</roll><pitch>-0.3390279</pitch><mode /></trkpt><trkpt lat="34.7535858" lon="-118.3309446"><ele>795.44</ele><time>2026-06-27T13:52:06-05:00</time><course>256.4438</course><roll>-21.35165</roll><pitch>2.036478</pitch><mode /></trkpt><trkpt lat="34.7535822" lon="-118.3309562"><ele>794.97</ele><time>2026-06-27T13:52:07-05:00</time><course>254.0794</course><roll>-26.75727</roll><pitch>-0.7166125</pitch><mode /></trkpt><trkpt lat="34.7535796" lon="-118.3309688"><ele>794.61</ele><time>2026-06-27T13:52:07-05:00</time><course>254.9185</course><roll>-22.98361</roll><pitch>-4.063738</pitch><mode /></trkpt><trkpt lat="34.7535782" lon="-118.3309818"><ele>794.41</ele><time>2026-06-27T13:52:07-05:00</time><course>258.4034</course><roll>-21.45419</roll><pitch>-6.658778</pitch><mode /></trkpt><trkpt lat="34.7535793" lon="-118.3310067"><ele>794.73</ele><time>2026-06-27T13:52:07-05:00</time><course>262.037</course><roll>-14.88137</roll><pitch>-10.61773</pitch><mode /></trkpt><trkpt lat="34.7535808" lon="-118.3310187"><ele>795.08</ele><time>2026-06-27T13:52:08-05:00</time><course>262.9604</course><roll>-6.968514</roll><pitch>-9.802542</pitch><mode /></trkpt><trkpt lat="34.7535825" lon="-118.3310305"><ele>795.5</ele><time>2026-06-27T13:52:08-05:00</time><course>264.0676</course><roll>-9.131098</roll><pitch>-6.783556</pitch><mode /></trkpt><trkpt lat="34.7535838" lon="-118.331042"><ele>795.95</ele><time>2026-06-27T13:52:08-05:00</time><course>261.9026</course><roll>-6.01921</roll><pitch>-4.241968</pitch><mode /></trkpt><trkpt lat="34.7535844" lon="-118.3310541"><ele>796.09</ele><time>2026-06-27T13:52:08-05:00</time><course>260.9194</course><roll>-7.936474</roll><pitch>-2.896042</pitch><mode /></trkpt><trkpt lat="34.7535847" lon="-118.3310668"><ele>796.2</ele><time>2026-06-27T13:52:08-05:00</time><course>257.869</course><roll>-8.687682</roll><pitch>-1.808198</pitch><mode /></trkpt><trkpt lat="34.7535848" lon="-118.3310795"><ele>796.3</ele><time>2026-06-27T13:52:09-05:00</time><course>258.6768</course><roll>-5.966338</roll><pitch>-2.382632</pitch><mode /></trkpt><trkpt lat="34.7535844" lon="-118.3310922"><ele>796.33</ele><time>2026-06-27T13:52:09-05:00</time><course>263.6137</course><roll>-9.282762</roll><pitch>-2.475245</pitch><mode /></trkpt><trkpt lat="34.7535842" lon="-118.3311049"><ele>796.44</ele><time>2026-06-27T13:52:09-05:00</time><course>260.4533</course><roll>-12.10003</roll><pitch>-3.040917</pitch><mode /></trkpt><trkpt lat="34.7535846" lon="-118.3311178"><ele>796.48</ele><time>2026-06-27T13:52:09-05:00</time><course>257.6031</course><roll>-9.615643</roll><pitch>0.5513548</pitch><mode /></trkpt><trkpt lat="34.7535841" lon="-118.3311436"><ele>796.07</ele><time>2026-06-27T13:52:10-05:00</time><course>256.9052</course><roll>-8.345874</roll><pitch>4.501087</pitch><mode /></trkpt><trkpt lat="34.7535833" lon="-118.3311568"><ele>795.61</ele><time>2026-06-27T13:52:10-05:00</time><course>254.2523</course><roll>-4.476567</roll><pitch>2.757813</pitch><mode /></trkpt><trkpt lat="34.7535822" lon="-118.3311701"><ele>795.2</ele><time>2026-06-27T13:52:10-05:00</time><course>254.1737</course><roll>-3.19607</roll><pitch>1.212664</pitch><mode /></trkpt><trkpt lat="34.7535803" lon="-118.3311833"><ele>794.97</ele><time>2026-06-27T13:52:10-05:00</time><course>254.8864</course><roll>-2.906909</roll><pitch>-1.301453</pitch><mode /></trkpt><trkpt lat="34.7535782" lon="-118.3311967"><ele>794.98</ele><time>2026-06-27T13:52:10-05:00</time><course>253.5575</course><roll>0.9616053</roll><pitch>-1.866747</pitch><mode /></trkpt><trkpt lat="34.7535754" lon="-118.3312099"><ele>795.06</ele><time>2026-06-27T13:52:11-05:00</time><course>256.0311</course><roll>-0.110351</roll><pitch>-1.074001</pitch><mode /></trkpt><trkpt lat="34.7535723" lon="-118.3312222"><ele>794.97</ele><time>2026-06-27T13:52:11-05:00</time><course>257.9548</course><roll>-6.780529</roll><pitch>0.1090824</pitch><mode /></trkpt><trkpt lat="34.75357" lon="-118.3312332"><ele>794.93</ele><time>2026-06-27T13:52:11-05:00</time><course>254.0085</course><roll>-14.43034</roll><pitch>3.112003</pitch><mode /></trkpt><trkpt lat="34.7535686" lon="-118.3312431"><ele>794.92</ele><time>2026-06-27T13:52:11-05:00</time><course>251.5341</course><roll>-12.29358</roll><pitch>5.903117</pitch><mode /></trkpt><trkpt lat="34.7535666" lon="-118.3312518"><ele>794.65</ele><time>2026-06-27T13:52:11-05:00</time><course>257.3376</course><roll>-9.481339</roll><pitch>9.511776</pitch><mode /></trkpt><trkpt lat="34.7535647" lon="-118.33126"><ele>793.99</ele><time>2026-06-27T13:52:12-05:00</time><course>254.5576</course><roll>-8.542047</roll><pitch>7.42628</pitch><mode /></trkpt><trkpt lat="34.7535628" lon="-118.3312688"><ele>793.33</ele><time>2026-06-27T13:52:12-05:00</time><course>256.1187</course><roll>-8.942546</roll><pitch>6.706602</pitch><mode /></trkpt><trkpt lat="34.7535609" lon="-118.3312786"><ele>792.73</ele><time>2026-06-27T13:52:12-05:00</time><course>253.6416</course><roll>-10.24721</roll><pitch>5.83779</pitch><mode /></trkpt><trkpt lat="34.7535593" lon="-118.331289"><ele>792.16</ele><time>2026-06-27T13:52:12-05:00</time><course>251.7811</course><roll>-9.669429</roll><pitch>7.319446</pitch><mode /></trkpt><trkpt lat="34.7535575" lon="-118.3312996"><ele>791.58</ele><time>2026-06-27T13:52:12-05:00</time><course>254.0919</course><roll>-8.806501</roll><pitch>9.561583</pitch><mode /></trkpt><trkpt lat="34.7535552" lon="-118.3313104"><ele>790.86</ele><time>2026-06-27T13:52:13-05:00</time><course>256.2554</course><roll>-5.490431</roll><pitch>11.3077</pitch><mode /></trkpt><trkpt lat="34.7535527" lon="-118.3313214"><ele>789.89</ele><time>2026-06-27T13:52:13-05:00</time><course>257.8824</course><roll>-5.245274</roll><pitch>9.528303</pitch><mode /></trkpt><trkpt lat="34.7535504" lon="-118.3313325"><ele>788.89</ele><time>2026-06-27T13:52:13-05:00</time><course>258.747</course><roll>-6.721457</roll><pitch>7.675035</pitch><mode /></trkpt><trkpt lat="34.7535482" lon="-118.3313435"><ele>788.11</ele><time>2026-06-27T13:52:13-05:00</time><course>259.5185</course><roll>-6.491789</roll><pitch>7.519908</pitch><mode /></trkpt><trkpt lat="34.7535463" lon="-118.331355"><ele>787.51</ele><time>2026-06-27T13:52:13-05:00</time><course>257.9677</course><roll>-7.511575</roll><pitch>8.944402</pitch><mode /></trkpt><trkpt lat="34.7535444" lon="-118.3313668"><ele>786.89</ele><time>2026-06-27T13:52:14-05:00</time><course>260.7202</course><roll>-9.276044</roll><pitch>10.10472</pitch><mode /></trkpt><trkpt lat="34.7535425" lon="-118.3313789"><ele>786.21</ele><time>2026-06-27T13:52:14-05:00</time><course>259.0056</course><roll>-8.021275</roll><pitch>9.592111</pitch><mode /></trkpt><trkpt lat="34.7535411" lon="-118.3313914"><ele>785.52</ele><time>2026-06-27T13:52:14-05:00</time><course>255.7229</course><roll>-1.092379</roll><pitch>8.786346</pitch><mode /></trkpt><trkpt lat="34.7535398" lon="-118.3314036"><ele>784.79</ele><time>2026-06-27T13:52:14-05:00</time><course>256.7603</course><roll>-2.971517</roll><pitch>8.555189</pitch><mode /></trkpt><trkpt lat="34.7535384" lon="-118.3314157"><ele>784.04</ele><time>2026-06-27T13:52:14-05:00</time><course>255.562</course><roll>-5.718256</roll><pitch>9.135191</pitch><mode /></trkpt><trkpt lat="34.7535372" lon="-118.3314274"><ele>783.27</ele><time>2026-06-27T13:52:15-05:00</time><course>256.1232</course><roll>-6.558086</roll><pitch>9.491005</pitch><mode /></trkpt><trkpt lat="34.7535363" lon="-118.3314385"><ele>782.45</ele><time>2026-06-27T13:52:15-05:00</time><course>255.8038</course><roll>-3.693113</roll><pitch>10.46327</pitch><mode /></trkpt><trkpt lat="34.7535352" lon="-118.3314494"><ele>781.76</ele><time>2026-06-27T13:52:15-05:00</time><course>260.2191</course><roll>-2.544187</roll><pitch>13.58526</pitch><mode /></trkpt><trkpt lat="34.7535345" lon="-118.3314602"><ele>781.03</ele><time>2026-06-27T13:52:15-05:00</time><course>257.2607</course><roll>-1.616509</roll><pitch>15.34196</pitch><mode /></trkpt><trkpt lat="34.7535341" lon="-118.3314704"><ele>779.99</ele><time>2026-06-27T13:52:15-05:00</time><course>257.1187</course><roll>3.668689</roll><pitch>14.67405</pitch><mode /></trkpt><trkpt lat="34.7535332" lon="-118.3314807"><ele>778.87</ele><time>2026-06-27T13:52:16-05:00</time><course>260.6523</course><roll>7.337336</roll><pitch>11.15655</pitch><mode /></trkpt><trkpt lat="34.7535319" lon="-118.3314915"><ele>777.78</ele><time>2026-06-27T13:52:16-05:00</time><course>259.1158</course><roll>6.788942</roll><pitch>9.043648</pitch><mode /></trkpt><trkpt lat="34.7535299" lon="-118.3315033"><ele>776.83</ele><time>2026-06-27T13:52:16-05:00</time><course>257.9055</course><roll>2.781306</roll><pitch>6.077457</pitch><mode /></trkpt><trkpt lat="34.753527" lon="-118.3315165"><ele>776.13</ele><time>2026-06-27T13:52:16-05:00</time><course>258.8895</course><roll>0.351166</roll><pitch>2.976209</pitch><mode /></trkpt><trkpt lat="34.7535239" lon="-118.3315308"><ele>775.75</ele><time>2026-06-27T13:52:16-05:00</time><course>252.7066</course><roll>1.371635</roll><pitch>1.613501</pitch><mode /></trkpt><trkpt lat="34.7535205" lon="-118.3315454"><ele>775.45</ele><time>2026-06-27T13:52:17-05:00</time><course>251.7199</course><roll>0.4930268</roll><pitch>-2.092371</pitch><mode /></trkpt><trkpt lat="34.7535167" lon="-118.3315604"><ele>775.38</ele><time>2026-06-27T13:52:17-05:00</time><course>249.2544</course><roll>-1.493591</roll><pitch>-6.444803</pitch><mode /></trkpt><trkpt lat="34.7535123" lon="-118.3315751"><ele>775.62</ele><time>2026-06-27T13:52:17-05:00</time><course>250.9237</course><roll>-0.7294592</roll><pitch>-10.49199</pitch><mode /></trkpt><trkpt lat="34.7535075" lon="-118.3315887"><ele>776.18</ele><time>2026-06-27T13:52:17-05:00</time><course>251.4943</course><roll>-1.536703</roll><pitch>-17.32073</pitch><mode /></trkpt><trkpt lat="34.7535028" lon="-118.3316005"><ele>777.14</ele><time>2026-06-27T13:52:17-05:00</time><course>251.4039</course><roll>-4.516959</roll><pitch>-20.76518</pitch><mode /></trkpt><trkpt lat="34.7534986" lon="-118.3316099"><ele>778.45</ele><time>2026-06-27T13:52:18-05:00</time><course>249.0382</course><roll>-9.492605</roll><pitch>-19.45137</pitch><mode /></trkpt><trkpt lat="34.7534951" lon="-118.3316175"><ele>779.76</ele><time>2026-06-27T13:52:18-05:00</time><course>244.2202</course><roll>-10.00176</roll><pitch>-16.94379</pitch><mode /></trkpt><trkpt lat="34.7534913" lon="-118.3316241"><ele>780.82</ele><time>2026-06-27T13:52:18-05:00</time><course>246.662</course><roll>-17.11012</roll><pitch>-12.27719</pitch><mode /></trkpt><trkpt lat="34.7534867" lon="-118.3316309"><ele>781.53</ele><time>2026-06-27T13:52:18-05:00</time><course>244.9362</course><roll>-10.6411</roll><pitch>-12.76603</pitch><mode /></trkpt><trkpt lat="34.7534819" lon="-118.331638"><ele>782.1</ele><time>2026-06-27T13:52:18-05:00</time><course>245.0717</course><roll>-7.486907</roll><pitch>-11.22279</pitch><mode /></trkpt><trkpt lat="34.7534769" lon="-118.3316444"><ele>782.86</ele><time>2026-06-27T13:52:19-05:00</time><course>246.0523</course><roll>-8.050442</roll><pitch>-12.46749</pitch><mode /></trkpt><trkpt lat="34.7534717" lon="-118.3316502"><ele>783.57</ele><time>2026-06-27T13:52:19-05:00</time><course>248.3805</course><roll>-10.88262</roll><pitch>-13.82863</pitch><mode /></trkpt><trkpt lat="34.7534665" lon="-118.3316557"><ele>784.28</ele><time>2026-06-27T13:52:19-05:00</time><course>246.3707</course><roll>-15.89795</roll><pitch>-15.17087</pitch><mode /></trkpt><trkpt lat="34.753462" lon="-118.3316608"><ele>785.09</ele><time>2026-06-27T13:52:19-05:00</time><course>244.9278</course><roll>-16.18152</roll><pitch>-12.60479</pitch><mode /></trkpt><trkpt lat="34.753458" lon="-118.331666"><ele>785.87</ele><time>2026-06-27T13:52:19-05:00</time><course>240.3259</course><roll>-14.8643</roll><pitch>-10.84525</pitch><mode /></trkpt><trkpt lat="34.7534536" lon="-118.3316714"><ele>786.49</ele><time>2026-06-27T13:52:20-05:00</time><course>241.8832</course><roll>-12.55735</roll><pitch>-7.167808</pitch><mode /></trkpt><trkpt lat="34.7534482" lon="-118.3316766"><ele>786.89</ele><time>2026-06-27T13:52:20-05:00</time><course>241.1764</course><roll>-7.848272</roll><pitch>-6.253297</pitch><mode /></trkpt><trkpt lat="34.7534425" lon="-118.3316819"><ele>787.26</ele><time>2026-06-27T13:52:20-05:00</time><course>239.49</course><roll>-3.171443</roll><pitch>-9.578534</pitch><mode /></trkpt><trkpt lat="34.7534368" lon="-118.3316869"><ele>787.82</ele><time>2026-06-27T13:52:20-05:00</time><course>239.7152</course><roll>-3.21465</roll><pitch>-14.32474</pitch><mode /></trkpt><trkpt lat="34.7534308" lon="-118.3316912"><ele>788.58</ele><time>2026-06-27T13:52:20-05:00</time><course>240.1886</course><roll>-8.255635</roll><pitch>-15.99415</pitch><mode /></trkpt><trkpt lat="34.7534245" lon="-118.3316946"><ele>789.42</ele><time>2026-06-27T13:52:21-05:00</time><course>240.2007</course><roll>-2.326702</roll><pitch>-15.85116</pitch><mode /></trkpt><trkpt lat="34.7534181" lon="-118.3316973"><ele>790.37</ele><time>2026-06-27T13:52:21-05:00</time><course>242.4926</course><roll>-1.598972</roll><pitch>-12.09974</pitch><mode /></trkpt><trkpt lat="34.7534113" lon="-118.3317001"><ele>791.22</ele><time>2026-06-27T13:52:21-05:00</time><course>240.5578</course><roll>0.9273307</roll><pitch>-9.525543</pitch><mode /></trkpt><trkpt lat="34.7534036" lon="-118.3317034"><ele>791.86</ele><time>2026-06-27T13:52:21-05:00</time><course>239.6853</course><roll>4.703846</roll><pitch>-6.26494</pitch><mode /></trkpt><trkpt lat="34.753395" lon="-118.3317069"><ele>792.27</ele><time>2026-06-27T13:52:21-05:00</time><course>240.6166</course><roll>10.47114</roll><pitch>-4.691359</pitch><mode /></trkpt><trkpt lat="34.7533855" lon="-118.3317107"><ele>792.49</ele><time>2026-06-27T13:52:22-05:00</time><course>240.0696</course><roll>8.527152</roll><pitch>-5.028471</pitch><mode /></trkpt><trkpt lat="34.7533751" lon="-118.3317145"><ele>792.72</ele><time>2026-06-27T13:52:22-05:00</time><course>239.6147</course><roll>6.912159</roll><pitch>-6.577566</pitch><mode /></trkpt><trkpt lat="34.7533636" lon="-118.331718"><ele>793.09</ele><time>2026-06-27T13:52:22-05:00</time><course>240.3777</course><roll>-0.1073757</roll><pitch>-7.045192</pitch><mode /></trkpt><trkpt lat="34.7533516" lon="-118.3317214"><ele>793.55</ele><time>2026-06-27T13:52:22-05:00</time><course>243.3814</course><roll>-9.934625</roll><pitch>-6.038256</pitch><mode /></trkpt><trkpt lat="34.75334" lon="-118.3317255"><ele>793.95</ele><time>2026-06-27T13:52:22-05:00</time><course>242.5037</course><roll>-16.895</roll><pitch>-4.383235</pitch><mode /></trkpt><trkpt lat="34.7533288" lon="-118.3317305"><ele>794.24</ele><time>2026-06-27T13:52:23-05:00</time><course>244.879</course><roll>-24.79548</roll><pitch>-1.601807</pitch><mode /></trkpt><trkpt lat="34.7533179" lon="-118.3317368"><ele>794.4</ele><time>2026-06-27T13:52:23-05:00</time><course>247.1477</course><roll>-28.55964</roll><pitch>0.9712159</pitch><mode /></trkpt><trkpt lat="34.7533079" lon="-118.331744"><ele>794.44</ele><time>2026-06-27T13:52:23-05:00</time><course>248.5324</course><roll>-31.6389</roll><pitch>1.781175</pitch><mode /></trkpt><trkpt lat="34.7532995" lon="-118.3317523"><ele>794.44</ele><time>2026-06-27T13:52:23-05:00</time><course>248.293</course><roll>-34.68115</roll><pitch>0.00793145</pitch><mode /></trkpt><trkpt lat="34.7532935" lon="-118.3317617"><ele>794.52</ele><time>2026-06-27T13:52:23-05:00</time><course>251.2745</course><roll>-35.50356</roll><pitch>-2.518775</pitch><mode /></trkpt><trkpt lat="34.7532888" lon="-118.3317716"><ele>794.55</ele><time>2026-06-27T13:52:24-05:00</time><course>254.1104</course><roll>-33.80921</roll><pitch>-4.367437</pitch><mode /></trkpt><trkpt lat="34.7532849" lon="-118.3317819"><ele>794.49</ele><time>2026-06-27T13:52:24-05:00</time><course>257.4056</course><roll>-33.07866</roll><pitch>-4.708376</pitch><mode /></trkpt><trkpt lat="34.7532825" lon="-118.3317923"><ele>794.44</ele><time>2026-06-27T13:52:24-05:00</time><course>259.1498</course><roll>-31.57202</roll><pitch>-6.847055</pitch><mode /></trkpt><trkpt lat="34.7532829" lon="-118.3318029"><ele>794.48</ele><time>2026-06-27T13:52:24-05:00</time><course>258.6213</course><roll>-31.26264</roll><pitch>-9.573196</pitch><mode /></trkpt><trkpt lat="34.7532845" lon="-118.3318133"><ele>794.66</ele><time>2026-06-27T13:52:24-05:00</time><course>261.4499</course><roll>-31.85187</roll><pitch>-12.07559</pitch><mode /></trkpt><trkpt lat="34.7532873" lon="-118.3318235"><ele>794.78</ele><time>2026-06-27T13:52:25-05:00</time><course>262.0096</course><roll>-25.58908</roll><pitch>-9.059255</pitch><mode /></trkpt><trkpt lat="34.7532909" lon="-118.3318337"><ele>794.92</ele><time>2026-06-27T13:52:25-05:00</time><course>265.9074</course><roll>-26.37691</roll><pitch>-3.223947</pitch><mode /></trkpt><trkpt lat="34.7532947" lon="-118.3318444"><ele>794.9</ele><time>2026-06-27T13:52:25-05:00</time><course>266.1586</course><roll>-24.13192</roll><pitch>-1.523548</pitch><mode /></trkpt><trkpt lat="34.7532991" lon="-118.3318558"><ele>794.86</ele><time>2026-06-27T13:52:25-05:00</time><course>266.8445</course><roll>-15.05865</roll><pitch>-0.7609133</pitch><mode /></trkpt><trkpt lat="34.7533037" lon="-118.3318676"><ele>794.87</ele><time>2026-06-27T13:52:25-05:00</time><course>269.5974</course><roll>-5.837564</roll><pitch>-1.639619</pitch><mode /></trkpt><trkpt lat="34.753308" lon="-118.33188"><ele>794.8</ele><time>2026-06-27T13:52:26-05:00</time><course>268.9162</course><roll>0.9867222</roll><pitch>-3.221255</pitch><mode /></trkpt><trkpt lat="34.7533115" lon="-118.3318927"><ele>794.83</ele><time>2026-06-27T13:52:26-05:00</time><course>272.018</course><roll>1.892005</roll><pitch>-4.337533</pitch><mode /></trkpt><trkpt lat="34.7533143" lon="-118.3319052"><ele>795</ele><time>2026-06-27T13:52:26-05:00</time><course>270.884</course><roll>-0.1015671</roll><pitch>-6.229757</pitch><mode /></trkpt><trkpt lat="34.7533167" lon="-118.3319176"><ele>795.31</ele><time>2026-06-27T13:52:26-05:00</time><course>268.8856</course><roll>-0.5555881</roll><pitch>-6.399031</pitch><mode /></trkpt><trkpt lat="34.7533187" lon="-118.3319299"><ele>795.58</ele><time>2026-06-27T13:52:26-05:00</time><course>267.4064</course><roll>2.663281</roll><pitch>-5.9965</pitch><mode /></trkpt><trkpt lat="34.7533199" lon="-118.3319422"><ele>795.91</ele><time>2026-06-27T13:52:27-05:00</time><course>269.6435</course><roll>5.045148</roll><pitch>-3.970043</pitch><mode /></trkpt><trkpt lat="34.7533204" lon="-118.3319546"><ele>796.08</ele><time>2026-06-27T13:52:27-05:00</time><course>268.6</course><roll>3.379826</roll><pitch>-3.73471</pitch><mode /></trkpt><trkpt lat="34.7533209" lon="-118.3319673"><ele>796.24</ele><time>2026-06-27T13:52:27-05:00</time><course>262.9678</course><roll>2.442958</roll><pitch>-3.05304</pitch><mode /></trkpt><trkpt lat="34.7533212" lon="-118.3319804"><ele>796.29</ele><time>2026-06-27T13:52:27-05:00</time><course>262.8117</course><roll>4.815342</roll><pitch>-3.365457</pitch><mode /></trkpt><trkpt lat="34.7533206" lon="-118.3319935"><ele>796.27</ele><time>2026-06-27T13:52:27-05:00</time><course>263.909</course><roll>0.9830624</roll><pitch>-5.877624</pitch><mode /></trkpt><trkpt lat="34.7533197" lon="-118.3320063"><ele>796.54</ele><time>2026-06-27T13:52:28-05:00</time><course>254.2693</course><roll>0.7098055</roll><pitch>-6.237872</pitch><mode /></trkpt><trkpt lat="34.7533185" lon="-118.3320189"><ele>796.81</ele><time>2026-06-27T13:52:28-05:00</time><course>255.1728</course><roll>1.228545</roll><pitch>-4.451162</pitch><mode /></trkpt><trkpt lat="34.7533166" lon="-118.3320314"><ele>797.03</ele><time>2026-06-27T13:52:28-05:00</time><course>254.4987</course><roll>-2.392625</roll><pitch>-1.157055</pitch><mode /></trkpt><trkpt lat="34.7533144" lon="-118.3320438"><ele>796.96</ele><time>2026-06-27T13:52:28-05:00</time><course>254.6554</course><roll>-3.93325</roll><pitch>-0.6203068</pitch><mode /></trkpt><trkpt lat="34.7533117" lon="-118.3320565"><ele>796.69</ele><time>2026-06-27T13:52:28-05:00</time><course>258.4105</course><roll>-7.043069</roll><pitch>-0.3928148</pitch><mode /></trkpt><trkpt lat="34.7533092" lon="-118.3320693"><ele>796.34</ele><time>2026-06-27T13:52:29-05:00</time><course>255.3268</course><roll>-7.469566</roll><pitch>-2.806409</pitch><mode /></trkpt><trkpt lat="34.7533073" lon="-118.3320822"><ele>796.15</ele><time>2026-06-27T13:52:29-05:00</time><course>256.0161</course><roll>-8.896676</roll><pitch>-7.118091</pitch><mode /></trkpt><trkpt lat="34.7533058" lon="-118.3320946"><ele>796.36</ele><time>2026-06-27T13:52:29-05:00</time><course>254.4424</course><roll>-10.73016</roll><pitch>-10.3674</pitch><mode /></trkpt><trkpt lat="34.7533048" lon="-118.3321063"><ele>796.89</ele><time>2026-06-27T13:52:29-05:00</time><course>254.281</course><roll>-7.217951</roll><pitch>-9.600003</pitch><mode /></trkpt><trkpt lat="34.7533038" lon="-118.3321174"><ele>797.35</ele><time>2026-06-27T13:52:29-05:00</time><course>256.6539</course><roll>-8.489923</roll><pitch>-5.382276</pitch><mode /></trkpt><trkpt lat="34.7533027" lon="-118.3321284"><ele>797.52</ele><time>2026-06-27T13:52:30-05:00</time><course>253.6825</course><roll>-6.039054</roll><pitch>-3.632055</pitch><mode /></trkpt><trkpt lat="34.7533012" lon="-118.3321395"><ele>797.55</ele><time>2026-06-27T13:52:30-05:00</time><course>257.106</course><roll>-8.649721</roll><pitch>-3.520463</pitch><mode /></trkpt><trkpt lat="34.7533" lon="-118.3321507"><ele>797.52</ele><time>2026-06-27T13:52:30-05:00</time><course>258.9587</course><roll>-10.5074</roll><pitch>-4.147958</pitch><mode /></trkpt><trkpt lat="34.7532992" lon="-118.3321625"><ele>797.57</ele><time>2026-06-27T13:52:30-05:00</time><course>262.3474</course><roll>-16.86814</roll><pitch>-3.835522</pitch><mode /></trkpt><trkpt lat="34.7532989" lon="-118.3321744"><ele>797.59</ele><time>2026-06-27T13:52:30-05:00</time><course>262.1698</course><roll>-19.4211</roll><pitch>-2.940992</pitch><mode /></trkpt><trkpt lat="34.7532997" lon="-118.3321867"><ele>797.49</ele><time>2026-06-27T13:52:31-05:00</time><course>262.0011</course><roll>-21.63893</roll><pitch>-1.690824</pitch><mode /></trkpt><trkpt lat="34.7533011" lon="-118.3321994"><ele>797.37</ele><time>2026-06-27T13:52:31-05:00</time><course>262.8227</course><roll>-22.77162</roll><pitch>-0.8496406</pitch><mode /></trkpt><trkpt lat="34.7533036" lon="-118.3322129"><ele>797.23</ele><time>2026-06-27T13:52:31-05:00</time><course>259.6394</course><roll>-22.07879</roll><pitch>-3.12409</pitch><mode /></trkpt><trkpt lat="34.7533072" lon="-118.3322269"><ele>797.1</ele><time>2026-06-27T13:52:31-05:00</time><course>260.7487</course><roll>-21.32481</roll><pitch>-3.847063</pitch><mode /></trkpt><trkpt lat="34.753311" lon="-118.3322409"><ele>796.98</ele><time>2026-06-27T13:52:31-05:00</time><course>262.4128</course><roll>-18.06997</roll><pitch>-6.109146</pitch><mode /></trkpt><trkpt lat="34.7533157" lon="-118.3322547"><ele>796.97</ele><time>2026-06-27T13:52:32-05:00</time><course>264.8232</course><roll>-16.23184</roll><pitch>-9.579526</pitch><mode /></trkpt><trkpt lat="34.7533217" lon="-118.332268"><ele>797.26</ele><time>2026-06-27T13:52:32-05:00</time><course>264.5114</course><roll>-13.62298</roll><pitch>-11.95213</pitch><mode /></trkpt><trkpt lat="34.7533283" lon="-118.3322801"><ele>797.72</ele><time>2026-06-27T13:52:32-05:00</time><course>266.8349</course><roll>-12.30198</roll><pitch>-10.89791</pitch><mode /></trkpt><trkpt lat="34.753335" lon="-118.3322917"><ele>798.25</ele><time>2026-06-27T13:52:32-05:00</time><course>265.4078</course><roll>-10.01221</roll><pitch>-9.494891</pitch><mode /></trkpt><trkpt lat="34.7533415" lon="-118.3323032"><ele>798.71</ele><time>2026-06-27T13:52:32-05:00</time><course>264.0658</course><roll>-6.325033</roll><pitch>-6.572942</pitch><mode /></trkpt><trkpt lat="34.7533476" lon="-118.3323146"><ele>798.95</ele><time>2026-06-27T13:52:33-05:00</time><course>263.9137</course><roll>3.513609</roll><pitch>-1.860311</pitch><mode /></trkpt><trkpt lat="34.7533529" lon="-118.3323261"><ele>799.04</ele><time>2026-06-27T13:52:33-05:00</time><course>261.1601</course><roll>8.85889</roll><pitch>-0.6342004</pitch><mode /></trkpt><trkpt lat="34.7533572" lon="-118.3323375"><ele>799.06</ele><time>2026-06-27T13:52:33-05:00</time><course>257.472</course><roll>16.3556</roll><pitch>-2.112434</pitch><mode /></trkpt><trkpt lat="34.7533594" lon="-118.3323486"><ele>799.15</ele><time>2026-06-27T13:52:33-05:00</time><course>252.6509</course><roll>21.99201</roll><pitch>-3.024772</pitch><mode /></trkpt><trkpt lat="34.7533592" lon="-118.3323591"><ele>799.32</ele><time>2026-06-27T13:52:33-05:00</time><course>248.2147</course><roll>28.25954</roll><pitch>-3.282162</pitch><mode /></trkpt><trkpt lat="34.7533561" lon="-118.3323683"><ele>799.63</ele><time>2026-06-27T13:52:34-05:00</time><course>242.6019</course><roll>30.50795</roll><pitch>-2.495193</pitch><mode /></trkpt><trkpt lat="34.7533502" lon="-118.3323759"><ele>799.99</ele><time>2026-06-27T13:52:34-05:00</time><course>239.537</course><roll>32.87477</roll><pitch>-2.190516</pitch><mode /></trkpt><trkpt lat="34.7533418" lon="-118.3323821"><ele>800.29</ele><time>2026-06-27T13:52:34-05:00</time><course>236.7079</course><roll>38.40161</roll><pitch>-2.969178</pitch><mode /></trkpt><trkpt lat="34.7533302" lon="-118.3323863"><ele>800.58</ele><time>2026-06-27T13:52:34-05:00</time><course>230.547</course><roll>39.64438</roll><pitch>-3.725401</pitch><mode /></trkpt><trkpt lat="34.7533151" lon="-118.3323877"><ele>800.96</ele><time>2026-06-27T13:52:34-05:00</time><course>223.0652</course><roll>40.80559</roll><pitch>-3.732465</pitch><mode /></trkpt><trkpt lat="34.753297" lon="-118.3323857"><ele>801.4</ele><time>2026-06-27T13:52:35-05:00</time><course>216.4371</course><roll>43.90549</roll><pitch>-6.431152</pitch><mode /></trkpt><trkpt lat="34.753276" lon="-118.3323796"><ele>801.89</ele><time>2026-06-27T13:52:35-05:00</time><course>212.9672</course><roll>43.90749</roll><pitch>-5.560779</pitch><mode /></trkpt><trkpt lat="34.7532531" lon="-118.3323702"><ele>802.32</ele><time>2026-06-27T13:52:35-05:00</time><course>208.8157</course><roll>45.21712</roll><pitch>-3.654272</pitch><mode /></trkpt><trkpt lat="34.753229" lon="-118.3323591"><ele>802.52</ele><time>2026-06-27T13:52:35-05:00</time><course>205.7235</course><roll>42.13666</roll><pitch>-3.303675</pitch><mode /></trkpt><trkpt lat="34.7532033" lon="-118.3323449"><ele>802.64</ele><time>2026-06-27T13:52:35-05:00</time><course>197.1628</course><roll>41.87318</roll><pitch>-2.369779</pitch><mode /></trkpt><trkpt lat="34.7531759" lon="-118.3323259"><ele>802.78</ele><time>2026-06-27T13:52:36-05:00</time><course>189.6595</course><roll>43.46741</roll><pitch>-5.355887</pitch><mode /></trkpt><trkpt lat="34.7531474" lon="-118.3323015"><ele>803.02</ele><time>2026-06-27T13:52:36-05:00</time><course>183.9236</course><roll>44.9962</roll><pitch>-5.836577</pitch><mode /></trkpt><trkpt lat="34.7531183" lon="-118.3322715"><ele>803.28</ele><time>2026-06-27T13:52:36-05:00</time><course>177.8073</course><roll>45.26619</roll><pitch>-6.919528</pitch><mode /></trkpt><trkpt lat="34.7530891" lon="-118.3322366"><ele>803.53</ele><time>2026-06-27T13:52:36-05:00</time><course>172.0106</course><roll>46.09224</roll><pitch>-6.624196</pitch><mode /></trkpt><trkpt lat="34.7530604" lon="-118.3321971"><ele>803.76</ele><time>2026-06-27T13:52:36-05:00</time><course>166.0561</course><roll>47.32758</roll><pitch>-3.995391</pitch><mode /></trkpt><trkpt lat="34.753032" lon="-118.3321533"><ele>803.91</ele><time>2026-06-27T13:52:37-05:00</time><course>159.1004</course><roll>47.5342</roll><pitch>-3.416785</pitch><mode /></trkpt><trkpt lat="34.7530043" lon="-118.3321057"><ele>803.95</ele><time>2026-06-27T13:52:37-05:00</time><course>153.1902</course><roll>47.87247</roll><pitch>-2.849717</pitch><mode /></trkpt><trkpt lat="34.7529779" lon="-118.3320537"><ele>803.95</ele><time>2026-06-27T13:52:37-05:00</time><course>144.1491</course><roll>50.20536</roll><pitch>-1.699498</pitch><mode /></trkpt><trkpt lat="34.7529534" lon="-118.3319976"><ele>803.92</ele><time>2026-06-27T13:52:37-05:00</time><course>136.1233</course><roll>48.79519</roll><pitch>-1.347025</pitch><mode /></trkpt><trkpt lat="34.7529318" lon="-118.3319373"><ele>803.91</ele><time>2026-06-27T13:52:37-05:00</time><course>132.0194</course><roll>42.25621</roll><pitch>-3.154028</pitch><mode /></trkpt><trkpt lat="34.7529136" lon="-118.3318732"><ele>804.05</ele><time>2026-06-27T13:52:38-05:00</time><course>125.888</course><roll>29.3677</roll><pitch>-1.860438</pitch><mode /></trkpt><trkpt lat="34.7528973" lon="-118.3318075"><ele>804.25</ele><time>2026-06-27T13:52:38-05:00</time><course>124.1516</course><roll>25.32957</roll><pitch>-2.609399</pitch><mode /></trkpt><trkpt lat="34.7528827" lon="-118.3317406"><ele>804.43</ele><time>2026-06-27T13:52:38-05:00</time><course>125.8651</course><roll>18.06846</roll><pitch>-2.586144</pitch><mode /></trkpt><trkpt lat="34.752869" lon="-118.3316732"><ele>804.65</ele><time>2026-06-27T13:52:38-05:00</time><course>123.5866</course><roll>11.94936</roll><pitch>0.6328382</pitch><mode /></trkpt><trkpt lat="34.7528552" lon="-118.331606"><ele>804.61</ele><time>2026-06-27T13:52:38-05:00</time><course>123.0573</course><roll>12.28767</roll><pitch>2.380124</pitch><mode /></trkpt><trkpt lat="34.7528416" lon="-118.3315385"><ele>804.4</ele><time>2026-06-27T13:52:39-05:00</time><course>120.4568</course><roll>12.57403</roll><pitch>4.341628</pitch><mode /></trkpt><trkpt lat="34.7528287" lon="-118.3314701"><ele>804.15</ele><time>2026-06-27T13:52:39-05:00</time><course>121.4406</course><roll>6.771133</roll><pitch>5.13137</pitch><mode /></trkpt><trkpt lat="34.7528163" lon="-118.3314007"><ele>803.83</ele><time>2026-06-27T13:52:39-05:00</time><course>125.0058</course><roll>-4.210369</roll><pitch>6.609154</pitch><mode /></trkpt><trkpt lat="34.7528036" lon="-118.3313308"><ele>803.26</ele><time>2026-06-27T13:52:39-05:00</time><course>120.36</course><roll>-13.70474</roll><pitch>7.567014</pitch><mode /></trkpt><trkpt lat="34.7527907" lon="-118.3312608"><ele>802.43</ele><time>2026-06-27T13:52:39-05:00</time><course>118.8277</course><roll>-14.63788</roll><pitch>3.694724</pitch><mode /></trkpt><trkpt lat="34.7527777" lon="-118.3311907"><ele>801.61</ele><time>2026-06-27T13:52:40-05:00</time><course>118.6516</course><roll>-11.11778</roll><pitch>-1.133575</pitch><mode /></trkpt><trkpt lat="34.7527645" lon="-118.331121"><ele>801.02</ele><time>2026-06-27T13:52:40-05:00</time><course>117.0803</course><roll>-12.90472</roll><pitch>-4.541541</pitch><mode /></trkpt><trkpt lat="34.752751" lon="-118.3310517"><ele>800.66</ele><time>2026-06-27T13:52:40-05:00</time><course>116.6485</course><roll>-13.06712</roll><pitch>-7.681475</pitch><mode /></trkpt><trkpt lat="34.7527378" lon="-118.3309828"><ele>800.46</ele><time>2026-06-27T13:52:40-05:00</time><course>122.1739</course><roll>-15.52555</roll><pitch>-9.101192</pitch><mode /></trkpt><trkpt lat="34.7527246" lon="-118.3309149"><ele>800.43</ele><time>2026-06-27T13:52:40-05:00</time><course>121.4545</course><roll>-11.17546</roll><pitch>-10.2268</pitch><mode /></trkpt><trkpt lat="34.7527113" lon="-118.3308482"><ele>800.7</ele><time>2026-06-27T13:52:41-05:00</time><course>120.8258</course><roll>-3.909014</roll><pitch>-8.44456</pitch><mode /></trkpt><trkpt lat="34.7526983" lon="-118.330782"><ele>801</ele><time>2026-06-27T13:52:41-05:00</time><course>118.937</course><roll>-1.024676</roll><pitch>-5.661062</pitch><mode /></trkpt><trkpt lat="34.7526857" lon="-118.3307154"><ele>801.05</ele><time>2026-06-27T13:52:41-05:00</time><course>117.5854</course><roll>4.708804</roll><pitch>-1.809467</pitch><mode /></trkpt><trkpt lat="34.7526732" lon="-118.330648"><ele>800.86</ele><time>2026-06-27T13:52:41-05:00</time><course>109.48</course><roll>7.845438</roll><pitch>1.546273</pitch><mode /></trkpt><trkpt lat="34.7526612" lon="-118.3305795"><ele>800.62</ele><time>2026-06-27T13:52:41-05:00</time><course>105.0931</course><roll>18.17763</roll><pitch>1.436089</pitch><mode /></trkpt><trkpt lat="34.7526514" lon="-118.3305095"><ele>800.47</ele><time>2026-06-27T13:52:42-05:00</time><course>102.656</course><roll>28.75229</roll><pitch>-0.4651943</pitch><mode /></trkpt><trkpt lat="34.7526441" lon="-118.3304382"><ele>800.43</ele><time>2026-06-27T13:52:42-05:00</time><course>97.32101</course><roll>33.75673</roll><pitch>1.110759</pitch><mode /></trkpt><trkpt lat="34.7526397" lon="-118.3303659"><ele>800.4</ele><time>2026-06-27T13:52:42-05:00</time><course>94.51865</course><roll>33.93564</roll><pitch>3.546082</pitch><mode /></trkpt><trkpt lat="34.752638" lon="-118.3302929"><ele>800.24</ele><time>2026-06-27T13:52:42-05:00</time><course>89.79234</course><roll>33.75949</roll><pitch>4.398976</pitch><mode /></trkpt><trkpt lat="34.7526389" lon="-118.3302192"><ele>800.03</ele><time>2026-06-27T13:52:42-05:00</time><course>85.17817</course><roll>38.34873</roll><pitch>5.212233</pitch><mode /></trkpt><trkpt lat="34.752643" lon="-118.3301453"><ele>799.77</ele><time>2026-06-27T13:52:43-05:00</time><course>80.12606</course><roll>37.98291</roll><pitch>1.976156</pitch><mode /></trkpt><trkpt lat="34.7526507" lon="-118.3300716"><ele>799.54</ele><time>2026-06-27T13:52:43-05:00</time><course>72.37389</course><roll>39.14183</roll><pitch>-3.772169</pitch><mode /></trkpt><trkpt lat="34.7526633" lon="-118.329999"><ele>799.53</ele><time>2026-06-27T13:52:43-05:00</time><course>67.68688</course><roll>34.2263</roll><pitch>-8.095251</pitch><mode /></trkpt><trkpt lat="34.7526802" lon="-118.3299285"><ele>799.8</ele><time>2026-06-27T13:52:43-05:00</time><course>57.82983</course><roll>40.73343</roll><pitch>-6.627977</pitch><mode /></trkpt><trkpt lat="34.7527007" lon="-118.3298607"><ele>800.26</ele><time>2026-06-27T13:52:43-05:00</time><course>53.84304</course><roll>42.7133</roll><pitch>-4.279592</pitch><mode /></trkpt><trkpt lat="34.7527242" lon="-118.3297951"><ele>800.61</ele><time>2026-06-27T13:52:44-05:00</time><course>47.90533</course><roll>46.85165</roll><pitch>-4.430971</pitch><mode /></trkpt><trkpt lat="34.7527503" lon="-118.3297317"><ele>800.79</ele><time>2026-06-27T13:52:44-05:00</time><course>45.15165</course><roll>48.75225</roll><pitch>-6.183908</pitch><mode /></trkpt><trkpt lat="34.7527796" lon="-118.3296714"><ele>800.99</ele><time>2026-06-27T13:52:44-05:00</time><course>38.55941</course><roll>54.01878</roll><pitch>-4.425452</pitch><mode /></trkpt><trkpt lat="34.7528113" lon="-118.329614"><ele>801.09</ele><time>2026-06-27T13:52:44-05:00</time><course>29.09963</course><roll>49.6919</roll><pitch>-1.823557</pitch><mode /></trkpt><trkpt lat="34.7528452" lon="-118.3295593"><ele>801.04</ele><time>2026-06-27T13:52:44-05:00</time><course>22.12847</course><roll>52.86695</roll><pitch>-2.205746</pitch><mode /></trkpt><trkpt lat="34.7528813" lon="-118.3295091"><ele>800.99</ele><time>2026-06-27T13:52:45-05:00</time><course>11.1908</course><roll>50.39589</roll><pitch>-4.509192</pitch><mode /></trkpt><trkpt lat="34.7529196" lon="-118.3294656"><ele>801.02</ele><time>2026-06-27T13:52:45-05:00</time><course>4.301817</course><roll>45.40536</roll><pitch>-4.439319</pitch><mode /></trkpt><trkpt lat="34.7529591" lon="-118.3294281"><ele>801.17</ele><time>2026-06-27T13:52:45-05:00</time><course>2.077886</course><roll>33.61487</roll><pitch>-2.472993</pitch><mode /></trkpt><trkpt lat="34.7529991" lon="-118.3293934"><ele>801.12</ele><time>2026-06-27T13:52:45-05:00</time><course>359.5607</course><roll>31.46061</roll><pitch>-1.165165</pitch><mode /></trkpt><trkpt lat="34.7530398" lon="-118.3293605"><ele>800.99</ele><time>2026-06-27T13:52:45-05:00</time><course>356.481</course><roll>25.28938</roll><pitch>-1.242285</pitch><mode /></trkpt><trkpt lat="34.7530809" lon="-118.3293298"><ele>800.88</ele><time>2026-06-27T13:52:46-05:00</time><course>347.3609</course><roll>20.25923</roll><pitch>0.06564558</pitch><mode /></trkpt><trkpt lat="34.7531219" lon="-118.3293017"><ele>800.85</ele><time>2026-06-27T13:52:46-05:00</time><course>342.4561</course><roll>18.07339</roll><pitch>-2.68381</pitch><mode /></trkpt><trkpt lat="34.7531624" lon="-118.3292769"><ele>801</ele><time>2026-06-27T13:52:46-05:00</time><course>338.0554</course><roll>20.51404</roll><pitch>-4.702937</pitch><mode /></trkpt><trkpt lat="34.7532021" lon="-118.3292552"><ele>801.27</ele><time>2026-06-27T13:52:46-05:00</time><course>334.9653</course><roll>20.74702</roll><pitch>-4.884202</pitch><mode /></trkpt><trkpt lat="34.753241" lon="-118.3292355"><ele>801.45</ele><time>2026-06-27T13:52:46-05:00</time><course>331.825</course><roll>24.25955</roll><pitch>-4.413442</pitch><mode /></trkpt><trkpt lat="34.753279" lon="-118.3292182"><ele>801.59</ele><time>2026-06-27T13:52:47-05:00</time><course>326.651</course><roll>36.04729</roll><pitch>-0.4197609</pitch><mode /></trkpt><trkpt lat="34.7533158" lon="-118.3292039"><ele>801.7</ele><time>2026-06-27T13:52:47-05:00</time><course>323.4048</course><roll>40.72139</roll><pitch>0.5362061</pitch><mode /></trkpt><trkpt lat="34.753351" lon="-118.329193"><ele>801.74</ele><time>2026-06-27T13:52:47-05:00</time><course>320.2141</course><roll>39.03538</roll><pitch>-1.024202</pitch><mode /></trkpt><trkpt lat="34.7533843" lon="-118.3291858"><ele>801.74</ele><time>2026-06-27T13:52:47-05:00</time><course>313.0087</course><roll>37.28849</roll><pitch>-2.593747</pitch><mode /></trkpt><trkpt lat="34.7534154" lon="-118.3291822"><ele>801.79</ele><time>2026-06-27T13:52:47-05:00</time><course>308.2015</course><roll>34.44729</roll><pitch>-5.706896</pitch><mode /></trkpt><trkpt lat="34.7534435" lon="-118.3291821"><ele>801.98</ele><time>2026-06-27T13:52:48-05:00</time><course>304.4029</course><roll>36.55175</roll><pitch>-3.908723</pitch><mode /></trkpt><trkpt lat="34.7534696" lon="-118.3291841"><ele>802.13</ele><time>2026-06-27T13:52:48-05:00</time><course>300.5743</course><roll>38.36753</roll><pitch>-2.125783</pitch><mode /></trkpt><trkpt lat="34.7534941" lon="-118.3291879"><ele>802.15</ele><time>2026-06-27T13:52:48-05:00</time><course>296.0005</course><roll>36.0014</roll><pitch>-1.66396</pitch><mode /></trkpt><trkpt lat="34.7535165" lon="-118.3291939"><ele>802.12</ele><time>2026-06-27T13:52:48-05:00</time><course>291.4178</course><roll>31.67635</roll><pitch>-1.287477</pitch><mode /></trkpt><trkpt lat="34.7535366" lon="-118.3292018"><ele>802.08</ele><time>2026-06-27T13:52:48-05:00</time><course>287.7104</course><roll>31.67202</roll><pitch>-1.721851</pitch><mode /></trkpt><trkpt lat="34.7535541" lon="-118.3292116"><ele>802.09</ele><time>2026-06-27T13:52:49-05:00</time><course>282.6104</course><roll>35.63378</roll><pitch>-2.545675</pitch><mode /></trkpt><trkpt lat="34.7535688" lon="-118.3292228"><ele>802.15</ele><time>2026-06-27T13:52:49-05:00</time><course>277.6206</course><roll>35.9494</roll><pitch>-3.131207</pitch><mode /></trkpt><trkpt lat="34.7535802" lon="-118.3292352"><ele>802.28</ele><time>2026-06-27T13:52:49-05:00</time><course>274.6946</course><roll>32.59096</roll><pitch>-2.07545</pitch><mode /></trkpt><trkpt lat="34.753589" lon="-118.3292482"><ele>802.4</ele><time>2026-06-27T13:52:49-05:00</time><course>271.7101</course><roll>29.18162</roll><pitch>-1.279856</pitch><mode /></trkpt><trkpt lat="34.7535957" lon="-118.3292616"><ele>802.45</ele><time>2026-06-27T13:52:49-05:00</time><course>273.6231</course><roll>23.58851</roll><pitch>-2.161216</pitch><mode /></trkpt><trkpt lat="34.7536015" lon="-118.3292755"><ele>802.36</ele><time>2026-06-27T13:52:50-05:00</time><course>271.2988</course><roll>19.10574</roll><pitch>0.02216914</pitch><mode /></trkpt><trkpt lat="34.7536071" lon="-118.3292897"><ele>802.06</ele><time>2026-06-27T13:52:50-05:00</time><course>270.1978</course><roll>13.72392</roll><pitch>0.3494366</pitch><mode /></trkpt><trkpt lat="34.7536117" lon="-118.3293042"><ele>801.84</ele><time>2026-06-27T13:52:50-05:00</time><course>268.287</course><roll>12.30474</roll><pitch>1.271687</pitch><mode /></trkpt><trkpt lat="34.7536153" lon="-118.329319"><ele>801.71</ele><time>2026-06-27T13:52:50-05:00</time><course>265.9694</course><roll>15.66811</roll><pitch>0.2041278</pitch><mode /></trkpt><trkpt lat="34.7536175" lon="-118.329334"><ele>801.72</ele><time>2026-06-27T13:52:50-05:00</time><course>265.9209</course><roll>22.1188</roll><pitch>-0.366859</pitch><mode /></trkpt><trkpt lat="34.7536182" lon="-118.329349"><ele>801.81</ele><time>2026-06-27T13:52:51-05:00</time><course>266.7884</course><roll>13.62886</roll><pitch>-0.3775478</pitch><mode /></trkpt><trkpt lat="34.7536186" lon="-118.3293639"><ele>801.72</ele><time>2026-06-27T13:52:51-05:00</time><course>264.1023</course><roll>9.084408</roll><pitch>0.2304127</pitch><mode /></trkpt><trkpt lat="34.7536182" lon="-118.3293935"><ele>801.62</ele><time>2026-06-27T13:52:51-05:00</time><course>257.832</course><roll>4.10007</roll><pitch>2.382881</pitch><mode /></trkpt><trkpt lat="34.7536174" lon="-118.3294078"><ele>801.42</ele><time>2026-06-27T13:52:51-05:00</time><course>258.8093</course><roll>3.320612</roll><pitch>-0.8638021</pitch><mode /></trkpt><trkpt lat="34.7536163" lon="-118.3294218"><ele>801.36</ele><time>2026-06-27T13:52:52-05:00</time><course>257.0835</course><roll>-1.357641</roll><pitch>-1.105046</pitch><mode /></trkpt><trkpt lat="34.7536151" lon="-118.3294355"><ele>801.45</ele><time>2026-06-27T13:52:52-05:00</time><course>254.4423</course><roll>-2.8068</roll><pitch>-0.9734482</pitch><mode /></trkpt><trkpt lat="34.7536137" lon="-118.3294488"><ele>801.51</ele><time>2026-06-27T13:52:52-05:00</time><course>255.7443</course><roll>-3.492555</roll><pitch>0.2476839</pitch><mode /></trkpt><trkpt lat="34.753612" lon="-118.3294621"><ele>801.35</ele><time>2026-06-27T13:52:52-05:00</time><course>254.357</course><roll>-3.395192</roll><pitch>0.4477873</pitch><mode /></trkpt><trkpt lat="34.75361" lon="-118.3294752"><ele>801.23</ele><time>2026-06-27T13:52:52-05:00</time><course>255.9065</course><roll>-4.133772</roll><pitch>0.7494523</pitch><mode /></trkpt><trkpt lat="34.7536078" lon="-118.3294878"><ele>801.12</ele><time>2026-06-27T13:52:53-05:00</time><course>258.6482</course><roll>-5.8352</roll><pitch>-0.7552978</pitch><mode /></trkpt><trkpt lat="34.7536059" lon="-118.3295006"><ele>801.03</ele><time>2026-06-27T13:52:53-05:00</time><course>258.1882</course><roll>-6.4721</roll><pitch>-1.700198</pitch><mode /></trkpt><trkpt lat="34.7536042" lon="-118.3295134"><ele>801.01</ele><time>2026-06-27T13:52:53-05:00</time><course>259.628</course><roll>-8.252923</roll><pitch>-1.677864</pitch><mode /></trkpt><trkpt lat="34.7536027" lon="-118.3295259"><ele>801</ele><time>2026-06-27T13:52:53-05:00</time><course>261.321</course><roll>-12.2352</roll><pitch>-0.5629788</pitch><mode /></trkpt><trkpt lat="34.7536017" lon="-118.3295384"><ele>800.87</ele><time>2026-06-27T13:52:53-05:00</time><course>261.2412</course><roll>-16.46519</roll><pitch>0.355342</pitch><mode /></trkpt><trkpt lat="34.7536018" lon="-118.329551"><ele>800.73</ele><time>2026-06-27T13:52:54-05:00</time><course>254.5657</course><roll>-12.71724</roll><pitch>0.06814458</pitch><mode /></trkpt><trkpt lat="34.7536022" lon="-118.3295636"><ele>800.48</ele><time>2026-06-27T13:52:54-05:00</time><course>256.1347</course><roll>-12.04457</roll><pitch>-0.1369008</pitch><mode /></trkpt><trkpt lat="34.7536021" lon="-118.3295762"><ele>800.22</ele><time>2026-06-27T13:52:54-05:00</time><course>256.085</course><roll>-10.24284</roll><pitch>-2.946057</pitch><mode /></trkpt><trkpt lat="34.7536023" lon="-118.3295889"><ele>800.11</ele><time>2026-06-27T13:52:54-05:00</time><course>256.3782</course><roll>-5.795416</roll><pitch>-5.045208</pitch><mode /></trkpt><trkpt lat="34.7536028" lon="-118.3296012"><ele>800.3</ele><time>2026-06-27T13:52:54-05:00</time><course>252.6568</course><roll>-1.344213</roll><pitch>-6.630704</pitch><mode /></trkpt><trkpt lat="34.7536029" lon="-118.329613"><ele>800.73</ele><time>2026-06-27T13:52:55-05:00</time><course>252.0732</course><roll>3.824195</roll><pitch>-6.116092</pitch><mode /></trkpt><trkpt lat="34.7536019" lon="-118.3296238"><ele>801.11</ele><time>2026-06-27T13:52:55-05:00</time><course>257.1447</course><roll>1.164863</roll><pitch>-3.745848</pitch><mode /></trkpt><trkpt lat="34.7536004" lon="-118.3296344"><ele>801.25</ele><time>2026-06-27T13:52:55-05:00</time><course>256.6198</course><roll>-1.180156</roll><pitch>-2.411692</pitch><mode /></trkpt><trkpt lat="34.7535989" lon="-118.3296454"><ele>801.21</ele><time>2026-06-27T13:52:55-05:00</time><course>258.0372</course><roll>-3.921387</roll><pitch>-1.611227</pitch><mode /></trkpt><trkpt lat="34.7535972" lon="-118.3296566"><ele>801.1</ele><time>2026-06-27T13:52:55-05:00</time><course>258.8954</course><roll>-5.612685</roll><pitch>0.1562177</pitch><mode /></trkpt><trkpt lat="34.753596" lon="-118.3296684"><ele>800.86</ele><time>2026-06-27T13:52:56-05:00</time><course>253.9314</course><roll>-4.664766</roll><pitch>-2.458166</pitch><mode /></trkpt><trkpt lat="34.7535945" lon="-118.3296803"><ele>800.64</ele><time>2026-06-27T13:52:56-05:00</time><course>257.8087</course><roll>-9.508018</roll><pitch>-2.134794</pitch><mode /></trkpt><trkpt lat="34.7535926" lon="-118.3296923"><ele>800.47</ele><time>2026-06-27T13:52:56-05:00</time><course>259.5076</course><roll>-14.57751</roll><pitch>-0.6482502</pitch><mode /></trkpt><trkpt lat="34.7535915" lon="-118.3297046"><ele>800.25</ele><time>2026-06-27T13:52:56-05:00</time><course>256.4692</course><roll>-17.35058</roll><pitch>-0.8285101</pitch><mode /></trkpt><trkpt lat="34.7535918" lon="-118.3297173"><ele>800.08</ele><time>2026-06-27T13:52:56-05:00</time><course>252.6518</course><roll>-13.17909</roll><pitch>-1.072552</pitch><mode /></trkpt><trkpt lat="34.7535922" lon="-118.32973"><ele>799.98</ele><time>2026-06-27T13:52:57-05:00</time><course>255.5105</course><roll>-9.695876</roll><pitch>-0.06055677</pitch><mode /></trkpt><trkpt lat="34.753592" lon="-118.3297423"><ele>799.71</ele><time>2026-06-27T13:52:57-05:00</time><course>258.6906</course><roll>-10.92942</roll><pitch>-1.15798</pitch><mode /></trkpt><trkpt lat="34.7535922" lon="-118.329755"><ele>799.64</ele><time>2026-06-27T13:52:57-05:00</time><course>261.131</course><roll>-16.18525</roll><pitch>-3.140422</pitch><mode /></trkpt><trkpt lat="34.7535942" lon="-118.3297683"><ele>799.9</ele><time>2026-06-27T13:52:57-05:00</time><course>256.5046</course><roll>-17.60205</roll><pitch>-5.665312</pitch><mode /></trkpt><trkpt lat="34.7535973" lon="-118.3297818"><ele>800.24</ele><time>2026-06-27T13:52:57-05:00</time><course>256.7588</course><roll>-16.58857</roll><pitch>-5.486392</pitch><mode /></trkpt><trkpt lat="34.7536004" lon="-118.3297954"><ele>800.48</ele><time>2026-06-27T13:52:58-05:00</time><course>254.5389</course><roll>-15.05917</roll><pitch>-6.687736</pitch><mode /></trkpt><trkpt lat="34.7536035" lon="-118.3298089"><ele>800.62</ele><time>2026-06-27T13:52:58-05:00</time><course>254.2823</course><roll>-12.65851</roll><pitch>-3.595089</pitch><mode /></trkpt><trkpt lat="34.7536063" lon="-118.3298222"><ele>800.54</ele><time>2026-06-27T13:52:58-05:00</time><course>255.5337</course><roll>-10.5795</roll><pitch>1.690355</pitch><mode /></trkpt><trkpt lat="34.7536083" lon="-118.3298354"><ele>800.15</ele><time>2026-06-27T13:52:58-05:00</time><course>258.0175</course><roll>-7.611505</roll><pitch>5.643892</pitch><mode /></trkpt><trkpt lat="34.7536098" lon="-118.3298491"><ele>799.57</ele><time>2026-06-27T13:52:58-05:00</time><course>256.2899</course><roll>-6.585558</roll><pitch>5.299884</pitch><mode /></trkpt><trkpt lat="34.7536111" lon="-118.3298635"><ele>798.96</ele><time>2026-06-27T13:52:59-05:00</time><course>255.3976</course><roll>-5.64932</roll><pitch>1.355416</pitch><mode /></trkpt><trkpt lat="34.7536122" lon="-118.3298782"><ele>798.57</ele><time>2026-06-27T13:52:59-05:00</time><course>257.025</course><roll>-7.040406</roll><pitch>-0.2799219</pitch><mode /></trkpt><trkpt lat="34.7536131" lon="-118.3298933"><ele>798.46</ele><time>2026-06-27T13:52:59-05:00</time><course>261.4706</course><roll>-11.5488</roll><pitch>0.7228336</pitch><mode /></trkpt><trkpt lat="34.7536144" lon="-118.3299086"><ele>798.44</ele><time>2026-06-27T13:52:59-05:00</time><course>262.291</course><roll>-16.08051</roll><pitch>2.145322</pitch><mode /></trkpt><trkpt lat="34.7536165" lon="-118.3299242"><ele>798.28</ele><time>2026-06-27T13:52:59-05:00</time><course>262.1224</course><roll>-19.19463</roll><pitch>3.060801</pitch><mode /></trkpt><trkpt lat="34.7536189" lon="-118.3299401"><ele>797.9</ele><time>2026-06-27T13:53:00-05:00</time><course>264.4836</course><roll>-17.83467</roll><pitch>3.165785</pitch><mode /></trkpt><trkpt lat="34.7536219" lon="-118.3299563"><ele>797.59</ele><time>2026-06-27T13:53:00-05:00</time><course>266.9483</course><roll>-19.46643</roll><pitch>2.763768</pitch><mode /></trkpt><trkpt lat="34.7536259" lon="-118.3299729"><ele>797.31</ele><time>2026-06-27T13:53:00-05:00</time><course>269.6202</course><roll>-19.86951</roll><pitch>-0.4477074</pitch><mode /></trkpt><trkpt lat="34.7536315" lon="-118.3299895"><ele>797.16</ele><time>2026-06-27T13:53:00-05:00</time><course>269.6175</course><roll>-18.95914</roll><pitch>-1.893272</pitch><mode /></trkpt><trkpt lat="34.7536388" lon="-118.3300061"><ele>797.17</ele><time>2026-06-27T13:53:00-05:00</time><course>267.7645</course><roll>-19.67592</roll><pitch>-2.533684</pitch><mode /></trkpt><trkpt lat="34.753647" lon="-118.3300223"><ele>797.17</ele><time>2026-06-27T13:53:01-05:00</time><course>266.9985</course><roll>-19.69558</roll><pitch>-1.172826</pitch><mode /></trkpt><trkpt lat="34.7536554" lon="-118.3300381"><ele>797.25</ele><time>2026-06-27T13:53:01-05:00</time><course>268.6493</course><roll>-13.48281</roll><pitch>0.1197935</pitch><mode /></trkpt><trkpt lat="34.7536634" lon="-118.3300535"><ele>797.15</ele><time>2026-06-27T13:53:01-05:00</time><course>270.4624</course><roll>-11.64706</roll><pitch>1.914098</pitch><mode /></trkpt><trkpt lat="34.7536714" lon="-118.3300686"><ele>796.88</ele><time>2026-06-27T13:53:01-05:00</time><course>266.8411</course><roll>-6.921008</roll><pitch>2.552547</pitch><mode /></trkpt><trkpt lat="34.7536791" lon="-118.3300836"><ele>796.69</ele><time>2026-06-27T13:53:01-05:00</time><course>267.4845</course><roll>-0.1475622</roll><pitch>2.584584</pitch><mode /></trkpt><trkpt lat="34.7536859" lon="-118.3300985"><ele>796.52</ele><time>2026-06-27T13:53:02-05:00</time><course>268.9793</course><roll>11.79213</roll><pitch>0.9550501</pitch><mode /></trkpt><trkpt lat="34.7536914" lon="-118.3301135"><ele>796.37</ele><time>2026-06-27T13:53:02-05:00</time><course>271.7793</course><roll>17.15173</roll><pitch>-1.644896</pitch><mode /></trkpt><trkpt lat="34.7536954" lon="-118.3301287"><ele>796.31</ele><time>2026-06-27T13:53:02-05:00</time><course>269.8833</course><roll>14.0839</roll><pitch>-0.894602</pitch><mode /></trkpt><trkpt lat="34.7536991" lon="-118.3301444"><ele>796.22</ele><time>2026-06-27T13:53:02-05:00</time><course>266.765</course><roll>9.779085</roll><pitch>-0.0948258</pitch><mode /></trkpt><trkpt lat="34.7537023" lon="-118.3301603"><ele>796.09</ele><time>2026-06-27T13:53:02-05:00</time><course>265.0742</course><roll>6.043732</roll><pitch>2.455607</pitch><mode /></trkpt><trkpt lat="34.7537047" lon="-118.3301764"><ele>795.83</ele><time>2026-06-27T13:53:03-05:00</time><course>267.8575</course><roll>0.8003994</roll><pitch>3.649987</pitch><mode /></trkpt><trkpt lat="34.753707" lon="-118.3301929"><ele>795.41</ele><time>2026-06-27T13:53:03-05:00</time><course>262.7751</course><roll>0.9622471</roll><pitch>2.073493</pitch><mode /></trkpt><trkpt lat="34.753709" lon="-118.3302095"><ele>795.13</ele><time>2026-06-27T13:53:03-05:00</time><course>265.3004</course><roll>-1.051081</roll><pitch>-0.34653</pitch><mode /></trkpt><trkpt lat="34.7537102" lon="-118.330226"><ele>795.06</ele><time>2026-06-27T13:53:03-05:00</time><course>269.2785</course><roll>-1.588358</roll><pitch>-1.231488</pitch><mode /></trkpt><trkpt lat="34.753711" lon="-118.3302424"><ele>795.06</ele><time>2026-06-27T13:53:03-05:00</time><course>268.4708</course><roll>7.003084</roll><pitch>1.338234</pitch><mode /></trkpt><trkpt lat="34.7537117" lon="-118.3302586"><ele>794.76</ele><time>2026-06-27T13:53:04-05:00</time><course>267.5191</course><roll>4.302134</roll><pitch>0.3005957</pitch><mode /></trkpt><trkpt lat="34.753712" lon="-118.3302747"><ele>794.4</ele><time>2026-06-27T13:53:04-05:00</time><course>266.1525</course><roll>3.812217</roll><pitch>0.9155319</pitch><mode /></trkpt><trkpt lat="34.7537119" lon="-118.3302908"><ele>794.14</ele><time>2026-06-27T13:53:04-05:00</time><course>267.7667</course><roll>2.322076</roll><pitch>-1.701518</pitch><mode /></trkpt><trkpt lat="34.7537112" lon="-118.330307"><ele>794.02</ele><time>2026-06-27T13:53:04-05:00</time><course>265.5045</course><roll>2.311671</roll><pitch>-3.680349</pitch><mode /></trkpt><trkpt lat="34.7537098" lon="-118.3303234"><ele>794.24</ele><time>2026-06-27T13:53:04-05:00</time><course>265.1175</course><roll>4.170044</roll><pitch>-4.057186</pitch><mode /></trkpt><trkpt lat="34.7537079" lon="-118.3303396"><ele>794.53</ele><time>2026-06-27T13:53:05-05:00</time><course>263.996</course><roll>1.288477</roll><pitch>-2.246947</pitch><mode /></trkpt><trkpt lat="34.7537055" lon="-118.3303556"><ele>794.83</ele><time>2026-06-27T13:53:05-05:00</time><course>263.0541</course><roll>1.987711</roll><pitch>0.7256713</pitch><mode /></trkpt><trkpt lat="34.753703" lon="-118.3303719"><ele>795</ele><time>2026-06-27T13:53:05-05:00</time><course>260.283</course><roll>5.996918</roll><pitch>1.158122</pitch><mode /></trkpt><trkpt lat="34.7536997" lon="-118.3303887"><ele>795.01</ele><time>2026-06-27T13:53:05-05:00</time><course>261.1897</course><roll>5.077866</roll><pitch>0.6908371</pitch><mode /></trkpt><trkpt lat="34.7536958" lon="-118.3304058"><ele>794.96</ele><time>2026-06-27T13:53:05-05:00</time><course>261.5485</course><roll>0.7755761</roll><pitch>0.3946845</pitch><mode /></trkpt><trkpt lat="34.7536916" lon="-118.3304231"><ele>794.98</ele><time>2026-06-27T13:53:06-05:00</time><course>262.4188</course><roll>-3.154489</roll><pitch>-0.0873198</pitch><mode /></trkpt><trkpt lat="34.7536875" lon="-118.3304401"><ele>794.94</ele><time>2026-06-27T13:53:06-05:00</time><course>263.4575</course><roll>-7.905342</roll><pitch>0.113447</pitch><mode /></trkpt><trkpt lat="34.7536837" lon="-118.3304567"><ele>794.71</ele><time>2026-06-27T13:53:06-05:00</time><course>261.9772</course><roll>-8.790347</roll><pitch>0.6812255</pitch><mode /></trkpt><trkpt lat="34.7536806" lon="-118.3304732"><ele>794.42</ele><time>2026-06-27T13:53:06-05:00</time><course>260.528</course><roll>-8.621673</roll><pitch>-1.37346</pitch><mode /></trkpt><trkpt lat="34.7536779" lon="-118.3304894"><ele>794.25</ele><time>2026-06-27T13:53:06-05:00</time><course>261.1165</course><roll>-7.919596</roll><pitch>-3.278227</pitch><mode /></trkpt><trkpt lat="34.7536753" lon="-118.3305048"><ele>794.14</ele><time>2026-06-27T13:53:07-05:00</time><course>264.0054</course><roll>-12.32646</roll><pitch>-4.556063</pitch><mode /></trkpt><trkpt lat="34.7536732" lon="-118.3305195"><ele>794.17</ele><time>2026-06-27T13:53:07-05:00</time><course>265.3999</course><roll>-17.36295</roll><pitch>-3.471279</pitch><mode /></trkpt><trkpt lat="34.7536724" lon="-118.3305337"><ele>794.36</ele><time>2026-06-27T13:53:07-05:00</time><course>262.7657</course><roll>-15.28538</roll><pitch>-5.422697</pitch><mode /></trkpt><trkpt lat="34.7536729" lon="-118.3305473"><ele>794.74</ele><time>2026-06-27T13:53:07-05:00</time><course>259.9484</course><roll>-10.00551</roll><pitch>-7.236199</pitch><mode /></trkpt><trkpt lat="34.7536734" lon="-118.3305603"><ele>795.25</ele><time>2026-06-27T13:53:07-05:00</time><course>263.083</course><roll>-12.26792</roll><pitch>-6.612419</pitch><mode /></trkpt><trkpt lat="34.7536739" lon="-118.3305732"><ele>795.71</ele><time>2026-06-27T13:53:08-05:00</time><course>261.9219</course><roll>-9.356939</roll><pitch>-4.165196</pitch><mode /></trkpt><trkpt lat="34.7536747" lon="-118.3305859"><ele>796.14</ele><time>2026-06-27T13:53:08-05:00</time><course>261.1714</course><roll>-8.705431</roll><pitch>-2.35343</pitch><mode /></trkpt><trkpt lat="34.7536753" lon="-118.3305983"><ele>796.49</ele><time>2026-06-27T13:53:08-05:00</time><course>262.086</course><roll>-2.072678</roll><pitch>0.1261957</pitch><mode /></trkpt><trkpt lat="34.753675" lon="-118.3306231"><ele>796.89</ele><time>2026-06-27T13:53:08-05:00</time><course>260.9754</course><roll>-6.810765</roll><pitch>1.801858</pitch><mode /></trkpt><trkpt lat="34.7536739" lon="-118.3306357"><ele>796.95</ele><time>2026-06-27T13:53:09-05:00</time><course>267.4197</course><roll>-6.568881</roll><pitch>1.172546</pitch><mode /></trkpt><trkpt lat="34.7536732" lon="-118.3306487"><ele>797</ele><time>2026-06-27T13:53:09-05:00</time><course>263.4958</course><roll>-2.526089</roll><pitch>0.3142591</pitch><mode /></trkpt><trkpt lat="34.7536724" lon="-118.3306616"><ele>797.14</ele><time>2026-06-27T13:53:09-05:00</time><course>267.2526</course><roll>-2.149535</roll><pitch>-0.2642365</pitch><mode /></trkpt><trkpt lat="34.7536711" lon="-118.330674"><ele>797.22</ele><time>2026-06-27T13:53:09-05:00</time><course>262.9084</course><roll>-2.070196</roll><pitch>2.438632</pitch><mode /></trkpt><trkpt lat="34.7536697" lon="-118.3306863"><ele>797.05</ele><time>2026-06-27T13:53:09-05:00</time><course>262.2386</course><roll>0.4323016</roll><pitch>3.169801</pitch><mode /></trkpt><trkpt lat="34.7536675" lon="-118.3306982"><ele>796.56</ele><time>2026-06-27T13:53:10-05:00</time><course>264.5975</course><roll>0.158386</roll><pitch>4.866012</pitch><mode /></trkpt><trkpt lat="34.7536648" lon="-118.3307101"><ele>796.07</ele><time>2026-06-27T13:53:10-05:00</time><course>263.9612</course><roll>-1.920714</roll><pitch>3.109618</pitch><mode /></trkpt><trkpt lat="34.7536617" lon="-118.3307221"><ele>795.78</ele><time>2026-06-27T13:53:10-05:00</time><course>263.2134</course><roll>-3.846854</roll><pitch>1.132577</pitch><mode /></trkpt><trkpt lat="34.7536582" lon="-118.3307335"><ele>795.64</ele><time>2026-06-27T13:53:10-05:00</time><course>264.93</course><roll>-4.409254</roll><pitch>-2.853104</pitch><mode /></trkpt><trkpt lat="34.7536546" lon="-118.3307442"><ele>795.66</ele><time>2026-06-27T13:53:10-05:00</time><course>266.3275</course><roll>-13.4883</roll><pitch>-4.394797</pitch><mode /></trkpt><trkpt lat="34.7536525" lon="-118.3307544"><ele>796.04</ele><time>2026-06-27T13:53:11-05:00</time><course>260.2418</course><roll>-7.320702</roll><pitch>-3.505129</pitch><mode /></trkpt><trkpt lat="34.753651" lon="-118.3307642"><ele>796.58</ele><time>2026-06-27T13:53:11-05:00</time><course>261.4219</course><roll>-9.771683</roll><pitch>-0.7551716</pitch><mode /></trkpt><trkpt lat="34.7536486" lon="-118.3307736"><ele>796.87</ele><time>2026-06-27T13:53:11-05:00</time><course>260.128</course><roll>-15.40507</roll><pitch>1.920926</pitch><mode /></trkpt><trkpt lat="34.7536459" lon="-118.3307829"><ele>796.83</ele><time>2026-06-27T13:53:11-05:00</time><course>261.8735</course><roll>-8.833731</roll><pitch>2.482386</pitch><mode /></trkpt><trkpt lat="34.7536427" lon="-118.330792"><ele>796.64</ele><time>2026-06-27T13:53:11-05:00</time><course>265.6037</course><roll>-9.168543</roll><pitch>-1.571211</pitch><mode /></trkpt><trkpt lat="34.7536402" lon="-118.3308005"><ele>796.63</ele><time>2026-06-27T13:53:12-05:00</time><course>262.5081</course><roll>-8.8514</roll><pitch>-7.018163</pitch><mode /></trkpt><trkpt lat="34.7536386" lon="-118.3308081"><ele>796.87</ele><time>2026-06-27T13:53:12-05:00</time><course>262.9931</course><roll>-6.869213</roll><pitch>-8.929987</pitch><mode /></trkpt><trkpt lat="34.7536369" lon="-118.3308146"><ele>797.29</ele><time>2026-06-27T13:53:12-05:00</time><course>262.9258</course><roll>-2.092079</roll><pitch>-8.743277</pitch><mode /></trkpt><trkpt lat="34.753635" lon="-118.3308196"><ele>797.65</ele><time>2026-06-27T13:53:12-05:00</time><course>261.2361</course><roll>0.4171737</roll><pitch>-4.376958</pitch><mode /></trkpt><trkpt lat="34.753633" lon="-118.3308241"><ele>797.68</ele><time>2026-06-27T13:53:12-05:00</time><course>256.0804</course><roll>-19.77262</roll><pitch>-0.370523</pitch><mode /></trkpt><trkpt lat="34.7536304" lon="-118.3308284"><ele>797.39</ele><time>2026-06-27T13:53:13-05:00</time><course>257.2409</course><roll>-7.3736</roll><pitch>1.98824</pitch><mode /></trkpt><trkpt lat="34.7536269" lon="-118.3308327"><ele>796.94</ele><time>2026-06-27T13:53:13-05:00</time><course>260.194</course><roll>-3.406527</roll><pitch>2.918189</pitch><mode /></trkpt><trkpt lat="34.7536234" lon="-118.330838"><ele>796.54</ele><time>2026-06-27T13:53:13-05:00</time><course>257.3564</course><roll>-1.346022</roll><pitch>-0.3024932</pitch><mode /></trkpt><trkpt lat="34.7536193" lon="-118.3308445"><ele>796.37</ele><time>2026-06-27T13:53:13-05:00</time><course>256.0042</course><roll>-0.7828504</roll><pitch>-4.994666</pitch><mode /></trkpt><trkpt lat="34.7536142" lon="-118.3308518"><ele>796.52</ele><time>2026-06-27T13:53:13-05:00</time><course>256.2889</course><roll>0.1016747</roll><pitch>-4.830074</pitch><mode /></trkpt><trkpt lat="34.7536085" lon="-118.3308595"><ele>796.72</ele><time>2026-06-27T13:53:14-05:00</time><course>255.4137</course><roll>2.343003</roll><pitch>-0.8320362</pitch><mode /></trkpt><trkpt lat="34.7536018" lon="-118.3308681"><ele>796.81</ele><time>2026-06-27T13:53:14-05:00</time><course>254.707</course><roll>0.4341585</roll><pitch>1.558406</pitch><mode /></trkpt><trkpt lat="34.7535947" lon="-118.3308772"><ele>796.71</ele><time>2026-06-27T13:53:14-05:00</time><course>252.2697</course><roll>-0.4514855</roll><pitch>2.993125</pitch><mode /></trkpt><trkpt lat="34.7535868" lon="-118.3308872"><ele>796.63</ele><time>2026-06-27T13:53:14-05:00</time><course>251.016</course><roll>-3.786804</roll><pitch>2.557157</pitch><mode /></trkpt><trkpt lat="34.7535783" lon="-118.3308981"><ele>796.64</ele><time>2026-06-27T13:53:14-05:00</time><course>251.4383</course><roll>-6.994883</roll><pitch>1.042714</pitch><mode /></trkpt><trkpt lat="34.7535695" lon="-118.3309094"><ele>796.67</ele><time>2026-06-27T13:53:15-05:00</time><course>254.0773</course><roll>-8.782044</roll><pitch>-2.296249</pitch><mode /></trkpt><trkpt lat="34.7535604" lon="-118.330921"><ele>796.89</ele><time>2026-06-27T13:53:15-05:00</time><course>256.3146</course><roll>-8.858794</roll><pitch>-1.455777</pitch><mode /></trkpt><trkpt lat="34.7535519" lon="-118.3309321"><ele>797.16</ele><time>2026-06-27T13:53:15-05:00</time><course>252.2827</course><roll>-6.744743</roll><pitch>1.776919</pitch><mode /></trkpt><trkpt lat="34.7535438" lon="-118.3309432"><ele>797.32</ele><time>2026-06-27T13:53:15-05:00</time><course>254.5173</course><roll>-1.656016</roll><pitch>6.149665</pitch><mode /></trkpt><trkpt lat="34.7535351" lon="-118.3309548"><ele>797.37</ele><time>2026-06-27T13:53:15-05:00</time><course>257.9427</course><roll>4.799319</roll><pitch>8.336112</pitch><mode /></trkpt><trkpt lat="34.7535266" lon="-118.3309668"><ele>797.26</ele><time>2026-06-27T13:53:16-05:00</time><course>254.1471</course><roll>15.77861</roll><pitch>9.121405</pitch><mode /></trkpt><trkpt lat="34.7535188" lon="-118.3309794"><ele>797</ele><time>2026-06-27T13:53:16-05:00</time><course>251.0998</course><roll>13.03203</roll><pitch>8.724421</pitch><mode /></trkpt><trkpt lat="34.7535103" lon="-118.3309921"><ele>796.64</ele><time>2026-06-27T13:53:16-05:00</time><course>253.8969</course><roll>5.943739</roll><pitch>9.130919</pitch><mode /></trkpt><trkpt lat="34.7535012" lon="-118.3310044"><ele>796.23</ele><time>2026-06-27T13:53:16-05:00</time><course>253.0402</course><roll>2.351076</roll><pitch>14.75382</pitch><mode /></trkpt><trkpt lat="34.7534925" lon="-118.3310166"><ele>795.66</ele><time>2026-06-27T13:53:16-05:00</time><course>250.8843</course><roll>3.907759</roll><pitch>19.06712</pitch><mode /></trkpt><trkpt lat="34.7534835" lon="-118.3310294"><ele>794.86</ele><time>2026-06-27T13:53:17-05:00</time><course>258.3377</course><roll>2.047915</roll><pitch>19.95113</pitch><mode /></trkpt><trkpt lat="34.7534741" lon="-118.3310433"><ele>793.95</ele><time>2026-06-27T13:53:17-05:00</time><course>260.8652</course><roll>-3.942786</roll><pitch>18.85577</pitch><mode /></trkpt><trkpt lat="34.7534649" lon="-118.331058"><ele>793</ele><time>2026-06-27T13:53:17-05:00</time><course>260.1809</course><roll>-9.996914</roll><pitch>20.12595</pitch><mode /></trkpt><trkpt lat="34.753456" lon="-118.3310731"><ele>791.9</ele><time>2026-06-27T13:53:17-05:00</time><course>261.3839</course><roll>-15.06203</roll><pitch>20.01933</pitch><mode /></trkpt><trkpt lat="34.7534478" lon="-118.3310889"><ele>790.71</ele><time>2026-06-27T13:53:17-05:00</time><course>260.833</course><roll>-18.61381</roll><pitch>18.20568</pitch><mode /></trkpt><trkpt lat="34.7534407" lon="-118.3311054"><ele>789.42</ele><time>2026-06-27T13:53:18-05:00</time><course>260.284</course><roll>-18.35145</roll><pitch>17.48429</pitch><mode /></trkpt><trkpt lat="34.7534341" lon="-118.331123"><ele>788.21</ele><time>2026-06-27T13:53:18-05:00</time><course>266.6659</course><roll>-16.85449</roll><pitch>19.61165</pitch><mode /></trkpt><trkpt lat="34.7534288" lon="-118.3311421"><ele>787.15</ele><time>2026-06-27T13:53:18-05:00</time><course>265.236</course><roll>-15.86468</roll><pitch>18.63395</pitch><mode /></trkpt><trkpt lat="34.7534247" lon="-118.331162"><ele>786.1</ele><time>2026-06-27T13:53:18-05:00</time><course>267.094</course><roll>-18.31895</roll><pitch>18.78206</pitch><mode /></trkpt><trkpt lat="34.7534213" lon="-118.3311821"><ele>784.94</ele><time>2026-06-27T13:53:18-05:00</time><course>267.4362</course><roll>-23.61443</roll><pitch>13.2266</pitch><mode /></trkpt><trkpt lat="34.7534196" lon="-118.3312028"><ele>783.86</ele><time>2026-06-27T13:53:19-05:00</time><course>268.201</course><roll>-31.53353</roll><pitch>4.883846</pitch><mode /></trkpt><trkpt lat="34.753422" lon="-118.3312248"><ele>783.43</ele><time>2026-06-27T13:53:19-05:00</time><course>271.9662</course><roll>-18.96554</roll><pitch>1.202796</pitch><mode /></trkpt><trkpt lat="34.7534278" lon="-118.3312473"><ele>783.43</ele><time>2026-06-27T13:53:19-05:00</time><course>270.4861</course><roll>-17.80531</roll><pitch>-0.4548346</pitch><mode /></trkpt><trkpt lat="34.7534339" lon="-118.3312694"><ele>783.45</ele><time>2026-06-27T13:53:19-05:00</time><course>269.166</course><roll>-14.76896</roll><pitch>1.992293</pitch><mode /></trkpt><trkpt lat="34.753439" lon="-118.3312912"><ele>783.18</ele><time>2026-06-27T13:53:19-05:00</time><course>277.6974</course><roll>-14.25751</roll><pitch>7.919954</pitch><mode /></trkpt><trkpt lat="34.7534439" lon="-118.331312"><ele>782.5</ele><time>2026-06-27T13:53:20-05:00</time><course>274.5444</course><roll>-9.01963</roll><pitch>8.227726</pitch><mode /></trkpt><trkpt lat="34.7534496" lon="-118.3313321"><ele>781.85</ele><time>2026-06-27T13:53:20-05:00</time><course>274.6595</course><roll>-0.9580442</roll><pitch>8.992661</pitch><mode /></trkpt><trkpt lat="34.7534554" lon="-118.3313519"><ele>781.34</ele><time>2026-06-27T13:53:20-05:00</time><course>273.4566</course><roll>3.123336</roll><pitch>8.361987</pitch><mode /></trkpt><trkpt lat="34.7534606" lon="-118.3313715"><ele>780.8</ele><time>2026-06-27T13:53:20-05:00</time><course>279.9123</course><roll>2.314098</roll><pitch>8.669212</pitch><mode /></trkpt><trkpt lat="34.7534656" lon="-118.3313907"><ele>780.08</ele><time>2026-06-27T13:53:20-05:00</time><course>280.3369</course><roll>4.537302</roll><pitch>10.4985</pitch><mode /></trkpt><trkpt lat="34.7534708" lon="-118.3314088"><ele>779.05</ele><time>2026-06-27T13:53:21-05:00</time><course>281.8427</course><roll>7.111511</roll><pitch>12.48042</pitch><mode /></trkpt><trkpt lat="34.7534755" lon="-118.3314276"><ele>777.99</ele><time>2026-06-27T13:53:21-05:00</time><course>284.5869</course><roll>1.138566</roll><pitch>13.27235</pitch><mode /></trkpt><trkpt lat="34.75348" lon="-118.331447"><ele>776.98</ele><time>2026-06-27T13:53:21-05:00</time><course>279.6077</course><roll>1.399635</roll><pitch>12.33264</pitch><mode /></trkpt><trkpt lat="34.7534858" lon="-118.3314663"><ele>775.96</ele><time>2026-06-27T13:53:21-05:00</time><course>268.7418</course><roll>-3.032523</roll><pitch>9.086424</pitch><mode /></trkpt><trkpt lat="34.7534917" lon="-118.331486"><ele>775.22</ele><time>2026-06-27T13:53:21-05:00</time><course>272.9681</course><roll>-1.767898</roll><pitch>9.176101</pitch><mode /></trkpt><trkpt lat="34.7534966" lon="-118.3315054"><ele>774.49</ele><time>2026-06-27T13:53:22-05:00</time><course>276.9056</course><roll>4.378138</roll><pitch>6.636584</pitch><mode /></trkpt><trkpt lat="34.7535018" lon="-118.3315247"><ele>773.83</ele><time>2026-06-27T13:53:22-05:00</time><course>272.6381</course><roll>-1.57614</roll><pitch>4.674747</pitch><mode /></trkpt><trkpt lat="34.7535069" lon="-118.3315449"><ele>773.48</ele><time>2026-06-27T13:53:22-05:00</time><course>272.8068</course><roll>-1.183715</roll><pitch>6.942971</pitch><mode /></trkpt><trkpt lat="34.7535111" lon="-118.3315651"><ele>772.85</ele><time>2026-06-27T13:53:22-05:00</time><course>282.4343</course><roll>-13.1535</roll><pitch>7.917249</pitch><mode /></trkpt><trkpt lat="34.7535162" lon="-118.3315849"><ele>772.12</ele><time>2026-06-27T13:53:22-05:00</time><course>272.6113</course><roll>-27.83891</roll><pitch>6.202908</pitch><mode /></trkpt><trkpt lat="34.7535236" lon="-118.3316047"><ele>771.6</ele><time>2026-06-27T13:53:23-05:00</time><course>266.4607</course><roll>-28.35182</roll><pitch>0.3662719</pitch><mode /></trkpt><trkpt lat="34.7535307" lon="-118.3316242"><ele>770.91</ele><time>2026-06-27T13:53:23-05:00</time><course>274.3454</course><roll>-26.50912</roll><pitch>0.6812117</pitch><mode /></trkpt><trkpt lat="34.7535388" lon="-118.3316439"><ele>770.28</ele><time>2026-06-27T13:53:23-05:00</time><course>275.1538</course><roll>-26.6582</roll><pitch>-2.739405</pitch><mode /></trkpt><trkpt lat="34.7535502" lon="-118.3316641"><ele>770.23</ele><time>2026-06-27T13:53:23-05:00</time><course>278.8594</course><roll>-17.03341</roll><pitch>-7.826982</pitch><mode /></trkpt><trkpt lat="34.7535624" lon="-118.3316836"><ele>770.46</ele><time>2026-06-27T13:53:23-05:00</time><course>288.2737</course><roll>-22.27037</roll><pitch>-11.65421</pitch><mode /></trkpt><trkpt lat="34.7535751" lon="-118.3317016"><ele>770.93</ele><time>2026-06-27T13:53:24-05:00</time><course>288.1698</course><roll>-15.96614</roll><pitch>-11.5733</pitch><mode /></trkpt><trkpt lat="34.7535888" lon="-118.3317186"><ele>771.46</ele><time>2026-06-27T13:53:24-05:00</time><course>284.8771</course><roll>-18.62321</roll><pitch>-11.28559</pitch><mode /></trkpt><trkpt lat="34.7536024" lon="-118.3317345"><ele>772.04</ele><time>2026-06-27T13:53:24-05:00</time><course>286.5058</course><roll>-14.21913</roll><pitch>-7.289094</pitch><mode /></trkpt><trkpt lat="34.753616" lon="-118.3317485"><ele>772.71</ele><time>2026-06-27T13:53:24-05:00</time><course>283.5502</course><roll>-8.347073</roll><pitch>-4.803966</pitch><mode /></trkpt><trkpt lat="34.7536287" lon="-118.3317613"><ele>773.14</ele><time>2026-06-27T13:53:24-05:00</time><course>282.4123</course><roll>-4.958417</roll><pitch>-3.591571</pitch><mode /></trkpt><trkpt lat="34.7536404" lon="-118.3317733"><ele>773.3</ele><time>2026-06-27T13:53:25-05:00</time><course>280.4142</course><roll>-6.516781</roll><pitch>-7.715593</pitch><mode /></trkpt><trkpt lat="34.7536517" lon="-118.3317849"><ele>773.6</ele><time>2026-06-27T13:53:25-05:00</time><course>280.2976</course><roll>4.884777</roll><pitch>-10.40071</pitch><mode /></trkpt><trkpt lat="34.7536621" lon="-118.3317956"><ele>774.11</ele><time>2026-06-27T13:53:25-05:00</time><course>278.6702</course><roll>9.394354</roll><pitch>-14.31835</pitch><mode /></trkpt><trkpt lat="34.7536707" lon="-118.3318049"><ele>774.98</ele><time>2026-06-27T13:53:25-05:00</time><course>276.7092</course><roll>15.16324</roll><pitch>-6.150134</pitch><mode /></trkpt><trkpt lat="34.7536782" lon="-118.3318141"><ele>775.62</ele><time>2026-06-27T13:53:25-05:00</time><course>277.4527</course><roll>17.95322</roll><pitch>1.035806</pitch><mode /></trkpt><trkpt lat="34.7536858" lon="-118.3318232"><ele>775.57</ele><time>2026-06-27T13:53:26-05:00</time><course>267.9901</course><roll>25.57591</roll><pitch>1.710151</pitch><mode /></trkpt><trkpt lat="34.7536915" lon="-118.3318319"><ele>775.39</ele><time>2026-06-27T13:53:26-05:00</time><course>267.1722</course><roll>26.44487</roll><pitch>-2.77729</pitch><mode /></trkpt><trkpt lat="34.7536935" lon="-118.3318406"><ele>775.45</ele><time>2026-06-27T13:53:26-05:00</time><course>264.1859</course><roll>25.79033</roll><pitch>-8.524186</pitch><mode /></trkpt><trkpt lat="34.7536924" lon="-118.3318485"><ele>775.71</ele><time>2026-06-27T13:53:26-05:00</time><course>263.7931</course><roll>22.41619</roll><pitch>-11.46084</pitch><mode /></trkpt><trkpt lat="34.7536886" lon="-118.331855"><ele>776.24</ele><time>2026-06-27T13:53:26-05:00</time><course>262.8171</course><roll>21.39411</roll><pitch>-9.807966</pitch><mode /></trkpt><trkpt lat="34.7536836" lon="-118.3318607"><ele>776.76</ele><time>2026-06-27T13:53:27-05:00</time><course>261.9528</course><roll>14.49075</roll><pitch>-3.983644</pitch><mode /></trkpt><trkpt lat="34.7536781" lon="-118.3318664"><ele>777.02</ele><time>2026-06-27T13:53:27-05:00</time><course>263.3427</course><roll>11.06713</roll><pitch>-0.4015006</pitch><mode /></trkpt><trkpt lat="34.7536728" lon="-118.3318727"><ele>777</ele><time>2026-06-27T13:53:27-05:00</time><course>262.4297</course><roll>9.188979</roll><pitch>2.116611</pitch><mode /></trkpt><trkpt lat="34.7536675" lon="-118.3318795"><ele>776.64</ele><time>2026-06-27T13:53:27-05:00</time><course>260.1679</course><roll>8.755045</roll><pitch>0.9562317</pitch><mode /></trkpt><trkpt lat="34.7536612" lon="-118.3318867"><ele>776.48</ele><time>2026-06-27T13:53:27-05:00</time><course>257.6427</course><roll>7.008003</roll><pitch>-3.872792</pitch><mode /></trkpt><trkpt lat="34.753654" lon="-118.3318938"><ele>776.52</ele><time>2026-06-27T13:53:28-05:00</time><course>257.2697</course><roll>3.949085</roll><pitch>-4.882215</pitch><mode /></trkpt><trkpt lat="34.753646" lon="-118.3319005"><ele>776.68</ele><time>2026-06-27T13:53:28-05:00</time><course>258.7484</course><roll>1.857689</roll><pitch>-5.123339</pitch><mode /></trkpt><trkpt lat="34.7536377" lon="-118.3319069"><ele>776.81</ele><time>2026-06-27T13:53:28-05:00</time><course>258.2345</course><roll>-2.563657</roll><pitch>-3.02038</pitch><mode /></trkpt><trkpt lat="34.7536297" lon="-118.3319137"><ele>776.85</ele><time>2026-06-27T13:53:28-05:00</time><course>254.7479</course><roll>-4.229362</roll><pitch>-0.8821849</pitch><mode /></trkpt><trkpt lat="34.7536215" lon="-118.3319205"><ele>776.8</ele><time>2026-06-27T13:53:28-05:00</time><course>251.5722</course><roll>-4.376278</roll><pitch>2.034233</pitch><mode /></trkpt><trkpt lat="34.7536127" lon="-118.3319275"><ele>776.62</ele><time>2026-06-27T13:53:29-05:00</time><course>252.8727</course><roll>-4.573833</roll><pitch>5.008282</pitch><mode /></trkpt><trkpt lat="34.7536036" lon="-118.3319348"><ele>776.13</ele><time>2026-06-27T13:53:29-05:00</time><course>249.6737</course><roll>-0.8189967</roll><pitch>-0.1803875</pitch><mode /></trkpt><trkpt lat="34.7535943" lon="-118.3319423"><ele>775.86</ele><time>2026-06-27T13:53:29-05:00</time><course>251.4509</course><roll>-2.644581</roll><pitch>-7.720644</pitch><mode /></trkpt><trkpt lat="34.7535847" lon="-118.3319495"><ele>776.14</ele><time>2026-06-27T13:53:29-05:00</time><course>249.8036</course><roll>-5.389477</roll><pitch>-14.24069</pitch><mode /></trkpt><trkpt lat="34.7535755" lon="-118.3319554"><ele>776.95</ele><time>2026-06-27T13:53:29-05:00</time><course>249.5363</course><roll>-7.16812</roll><pitch>-15.77666</pitch><mode /></trkpt><trkpt lat="34.7535664" lon="-118.33196"><ele>777.89</ele><time>2026-06-27T13:53:30-05:00</time><course>254.9878</course><roll>-13.29856</roll><pitch>-12.09945</pitch><mode /></trkpt><trkpt lat="34.7535574" lon="-118.3319641"><ele>778.76</ele><time>2026-06-27T13:53:30-05:00</time><course>253.1901</course><roll>-14.9965</roll><pitch>-7.43247</pitch><mode /></trkpt><trkpt lat="34.7535488" lon="-118.3319681"><ele>779.33</ele><time>2026-06-27T13:53:30-05:00</time><course>252.8909</course><roll>-18.53748</roll><pitch>-4.071889</pitch><mode /></trkpt><trkpt lat="34.7535399" lon="-118.3319719"><ele>779.57</ele><time>2026-06-27T13:53:30-05:00</time><course>251.9412</course><roll>-18.63539</roll><pitch>-4.40779</pitch><mode /></trkpt><trkpt lat="34.7535315" lon="-118.3319759"><ele>779.69</ele><time>2026-06-27T13:53:30-05:00</time><course>254.1294</course><roll>-16.6531</roll><pitch>-9.693463</pitch><mode /></trkpt><trkpt lat="34.7535241" lon="-118.3319795"><ele>780.01</ele><time>2026-06-27T13:53:31-05:00</time><course>258.0871</course><roll>-18.23965</roll><pitch>-11.92101</pitch><mode /></trkpt><trkpt lat="34.7535179" lon="-118.3319828"><ele>780.56</ele><time>2026-06-27T13:53:31-05:00</time><course>257.8922</course><roll>-17.83636</roll><pitch>-12.03417</pitch><mode /></trkpt><trkpt lat="34.7535126" lon="-118.331986"><ele>781.1</ele><time>2026-06-27T13:53:31-05:00</time><course>256.2475</course><roll>-15.40468</roll><pitch>-10.28898</pitch><mode /></trkpt><trkpt lat="34.7535076" lon="-118.3319887"><ele>781.56</ele><time>2026-06-27T13:53:31-05:00</time><course>256.0467</course><roll>-10.99298</roll><pitch>-11.99442</pitch><mode /></trkpt><trkpt lat="34.7535024" lon="-118.331991"><ele>782</ele><time>2026-06-27T13:53:31-05:00</time><course>259.9279</course><roll>-10.62641</roll><pitch>-11.97447</pitch><mode /></trkpt><trkpt lat="34.7534973" lon="-118.3319926"><ele>782.62</ele><time>2026-06-27T13:53:32-05:00</time><course>262.2956</course><roll>-13.94688</roll><pitch>-10.96181</pitch><mode /></trkpt><trkpt lat="34.7534931" lon="-118.3319946"><ele>783.18</ele><time>2026-06-27T13:53:32-05:00</time><course>257.198</course><roll>-9.129925</roll><pitch>-12.64749</pitch><mode /></trkpt><trkpt lat="34.7534892" lon="-118.331997"><ele>783.43</ele><time>2026-06-27T13:53:32-05:00</time><course>255.5806</course><roll>-13.05943</roll><pitch>-11.62824</pitch><mode /></trkpt><trkpt lat="34.7534845" lon="-118.3319996"><ele>783.66</ele><time>2026-06-27T13:53:32-05:00</time><course>259.8658</course><roll>-19.94463</roll><pitch>-11.52527</pitch><mode /></trkpt><trkpt lat="34.7534804" lon="-118.3320017"><ele>784.02</ele><time>2026-06-27T13:53:32-05:00</time><course>261.0889</course><roll>-20.12488</roll><pitch>-10.15589</pitch><mode /></trkpt><trkpt lat="34.7534775" lon="-118.3320041"><ele>784.3</ele><time>2026-06-27T13:53:33-05:00</time><course>254.289</course><roll>-15.01501</roll><pitch>-8.860295</pitch><mode /></trkpt><trkpt lat="34.7534746" lon="-118.3320065"><ele>784.41</ele><time>2026-06-27T13:53:33-05:00</time><course>254.4122</course><roll>-17.71435</roll><pitch>-5.857771</pitch><mode /></trkpt><trkpt lat="34.7534709" lon="-118.3320086"><ele>784.34</ele><time>2026-06-27T13:53:33-05:00</time><course>259.6343</course><roll>-29.23287</roll><pitch>-5.808213</pitch><mode /></trkpt><trkpt lat="34.7534675" lon="-118.332011"><ele>784.13</ele><time>2026-06-27T13:53:33-05:00</time><course>260.6548</course><roll>-29.48421</roll><pitch>-10.6925</pitch><mode /></trkpt><trkpt lat="34.753466" lon="-118.3320137"><ele>784.04</ele><time>2026-06-27T13:53:33-05:00</time><course>260.8051</course><roll>-22.86398</roll><pitch>-11.57804</pitch><mode /></trkpt><trkpt lat="34.7534656" lon="-118.332016"><ele>784.03</ele><time>2026-06-27T13:53:34-05:00</time><course>265.2449</course><roll>-23.21024</roll><pitch>-7.574162</pitch><mode /></trkpt><trkpt lat="34.7534653" lon="-118.3320184"><ele>783.95</ele><time>2026-06-27T13:53:34-05:00</time><course>262.7782</course><roll>-21.18782</roll><pitch>-6.316536</pitch><mode /></trkpt><trkpt lat="34.7534652" lon="-118.332021"><ele>783.65</ele><time>2026-06-27T13:53:34-05:00</time><course>260.713</course><roll>-15.49078</roll><pitch>-2.191675</pitch><mode /></trkpt><trkpt lat="34.7534644" lon="-118.332024"><ele>783.24</ele><time>2026-06-27T13:53:34-05:00</time><course>263.3638</course><roll>-11.47487</roll><pitch>-2.231881</pitch><mode /></trkpt><trkpt lat="34.7534636" lon="-118.3320275"><ele>782.93</ele><time>2026-06-27T13:53:34-05:00</time><course>263.202</course><roll>-10.61239</roll><pitch>-8.080503</pitch><mode /></trkpt><trkpt lat="34.7534634" lon="-118.3320311"><ele>783.06</ele><time>2026-06-27T13:53:35-05:00</time><course>262.6036</course><roll>-8.525764</roll><pitch>-12.20364</pitch><mode /></trkpt><trkpt lat="34.7534632" lon="-118.3320344"><ele>783.48</ele><time>2026-06-27T13:53:35-05:00</time><course>266.0141</course><roll>-7.188599</roll><pitch>-10.99575</pitch><mode /></trkpt><trkpt lat="34.7534626" lon="-118.3320372"><ele>783.94</ele><time>2026-06-27T13:53:35-05:00</time><course>267.7853</course><roll>-4.586101</roll><pitch>-9.581973</pitch><mode /></trkpt><trkpt lat="34.7534621" lon="-118.3320397"><ele>784.35</ele><time>2026-06-27T13:53:35-05:00</time><course>264.0513</course><roll>-8.092879</roll><pitch>-8.84845</pitch><mode /></trkpt><trkpt lat="34.7534615" lon="-118.3320425"><ele>784.65</ele><time>2026-06-27T13:53:35-05:00</time><course>262.2976</course><roll>-13.14577</roll><pitch>-10.27462</pitch><mode /></trkpt><trkpt lat="34.7534608" lon="-118.3320453"><ele>784.87</ele><time>2026-06-27T13:53:36-05:00</time><course>262.0963</course><roll>-7.923916</roll><pitch>-5.140089</pitch><mode /></trkpt><trkpt lat="34.7534594" lon="-118.3320484"><ele>784.99</ele><time>2026-06-27T13:53:36-05:00</time><course>263.269</course><roll>-3.898309</roll><pitch>-0.1567315</pitch><mode /></trkpt><trkpt lat="34.7534573" lon="-118.3320519"><ele>784.7</ele><time>2026-06-27T13:53:36-05:00</time><course>264.233</course><roll>-0.4765541</roll><pitch>-2.51401</pitch><mode /></trkpt><trkpt lat="34.7534546" lon="-118.3320558"><ele>784.42</ele><time>2026-06-27T13:53:36-05:00</time><course>265.1726</course><roll>1.943829</roll><pitch>-6.430242</pitch><mode /></trkpt><trkpt lat="34.7534515" lon="-118.3320598"><ele>784.58</ele><time>2026-06-27T13:53:36-05:00</time><course>261.4131</course><roll>1.311643</roll><pitch>-6.888863</pitch><mode /></trkpt><trkpt lat="34.7534479" lon="-118.3320636"><ele>784.93</ele><time>2026-06-27T13:53:37-05:00</time><course>261.647</course><roll>1.337027</roll><pitch>-4.718117</pitch><mode /></trkpt><trkpt lat="34.7534435" lon="-118.3320674"><ele>785.2</ele><time>2026-06-27T13:53:37-05:00</time><course>260.9903</course><roll>0.6730667</roll><pitch>-3.063578</pitch><mode /></trkpt><trkpt lat="34.7534385" lon="-118.3320716"><ele>785.27</ele><time>2026-06-27T13:53:37-05:00</time><course>261.2716</course><roll>-0.08859041</roll><pitch>-4.57269</pitch><mode /></trkpt><trkpt lat="34.7534333" lon="-118.332076"><ele>785.31</ele><time>2026-06-27T13:53:37-05:00</time><course>258.9828</course><roll>-1.958353</roll><pitch>-4.565963</pitch><mode /></trkpt><trkpt lat="34.7534277" lon="-118.3320807"><ele>785.45</ele><time>2026-06-27T13:53:37-05:00</time><course>259.2295</course><roll>-7.454709</roll><pitch>-8.925775</pitch><mode /></trkpt><trkpt lat="34.7534222" lon="-118.332085"><ele>785.78</ele><time>2026-06-27T13:53:38-05:00</time><course>254.4921</course><roll>-1.77244</roll><pitch>-16.2783</pitch><mode /></trkpt><trkpt lat="34.7534166" lon="-118.3320882"><ele>786.58</ele><time>2026-06-27T13:53:38-05:00</time><course>255.1898</course><roll>0.05550713</roll><pitch>-18.20402</pitch><mode /></trkpt><trkpt lat="34.753411" lon="-118.3320899"><ele>787.66</ele><time>2026-06-27T13:53:38-05:00</time><course>251.0733</course><roll>10.13272</roll><pitch>-15.2209</pitch><mode /></trkpt><trkpt lat="34.7534049" lon="-118.332092"><ele>788.55</ele><time>2026-06-27T13:53:38-05:00</time><course>255.3453</course><roll>8.023967</roll><pitch>-11.83768</pitch><mode /></trkpt><trkpt lat="34.7533982" lon="-118.3320951"><ele>789.14</ele><time>2026-06-27T13:53:38-05:00</time><course>253.7482</course><roll>13.68889</roll><pitch>-10.15623</pitch><mode /></trkpt><trkpt lat="34.7533912" lon="-118.3320989"><ele>789.55</ele><time>2026-06-27T13:53:39-05:00</time><course>250.756</course><roll>5.400267</roll><pitch>-5.692492</pitch><mode /></trkpt><trkpt lat="34.7533836" lon="-118.3321038"><ele>789.82</ele><time>2026-06-27T13:53:39-05:00</time><course>246.7949</course><roll>3.389491</roll><pitch>-7.16308</pitch><mode /></trkpt><trkpt lat="34.753375" lon="-118.3321092"><ele>790.14</ele><time>2026-06-27T13:53:39-05:00</time><course>251.1742</course><roll>-3.615671</roll><pitch>-8.875217</pitch><mode /></trkpt><trkpt lat="34.7533662" lon="-118.3321147"><ele>790.49</ele><time>2026-06-27T13:53:39-05:00</time><course>245.3699</course><roll>-7.588234</roll><pitch>-10.0076</pitch><mode /></trkpt><trkpt lat="34.7533579" lon="-118.3321207"><ele>790.99</ele><time>2026-06-27T13:53:39-05:00</time><course>241.3855</course><roll>-8.523166</roll><pitch>-7.691009</pitch><mode /></trkpt><trkpt lat="34.7533487" lon="-118.3321268"><ele>791.39</ele><time>2026-06-27T13:53:40-05:00</time><course>244.0048</course><roll>-8.748068</roll><pitch>-9.683159</pitch><mode /></trkpt><trkpt lat="34.7533393" lon="-118.3321334"><ele>791.85</ele><time>2026-06-27T13:53:40-05:00</time><course>241.4616</course><roll>-8.987652</roll><pitch>-7.490029</pitch><mode /></trkpt><trkpt lat="34.7533298" lon="-118.3321402"><ele>792.38</ele><time>2026-06-27T13:53:40-05:00</time><course>239.1274</course><roll>-9.03277</roll><pitch>-7.587153</pitch><mode /></trkpt><trkpt lat="34.7533194" lon="-118.3321472"><ele>792.73</ele><time>2026-06-27T13:53:40-05:00</time><course>240.5248</course><roll>-7.202477</roll><pitch>-10.54674</pitch><mode /></trkpt><trkpt lat="34.7533092" lon="-118.332154"><ele>793.2</ele><time>2026-06-27T13:53:40-05:00</time><course>238.7439</course><roll>-7.214682</roll><pitch>-14.54595</pitch><mode /></trkpt><trkpt lat="34.7532992" lon="-118.3321602"><ele>793.88</ele><time>2026-06-27T13:53:41-05:00</time><course>241.7704</course><roll>-1.090674</roll><pitch>-15.67488</pitch><mode /></trkpt><trkpt lat="34.753289" lon="-118.3321653"><ele>794.66</ele><time>2026-06-27T13:53:41-05:00</time><course>242.347</course><roll>-4.934014</roll><pitch>-15.292</pitch><mode /></trkpt><trkpt lat="34.7532792" lon="-118.3321699"><ele>795.63</ele><time>2026-06-27T13:53:41-05:00</time><course>236.6656</course><roll>-4.024373</roll><pitch>-15.00522</pitch><mode /></trkpt><trkpt lat="34.7532688" lon="-118.3321743"><ele>796.49</ele><time>2026-06-27T13:53:41-05:00</time><course>238.2802</course><roll>-5.505327</roll><pitch>-12.00412</pitch><mode /></trkpt><trkpt lat="34.7532575" lon="-118.3321786"><ele>797.19</ele><time>2026-06-27T13:53:41-05:00</time><course>237.5644</course><roll>-8.905726</roll><pitch>-12.08433</pitch><mode /></trkpt><trkpt lat="34.7532461" lon="-118.332183"><ele>797.9</ele><time>2026-06-27T13:53:42-05:00</time><course>233.6257</course><roll>-3.860936</roll><pitch>-8.185266</pitch><mode /></trkpt><trkpt lat="34.7532341" lon="-118.3321874"><ele>798.53</ele><time>2026-06-27T13:53:42-05:00</time><course>231.7454</course><roll>7.234728</roll><pitch>-7.783902</pitch><mode /></trkpt><trkpt lat="34.7532211" lon="-118.3321914"><ele>799.14</ele><time>2026-06-27T13:53:42-05:00</time><course>226.3056</course><roll>14.17689</roll><pitch>-8.546869</pitch><mode /></trkpt><trkpt lat="34.7532068" lon="-118.3321941"><ele>799.9</ele><time>2026-06-27T13:53:42-05:00</time><course>221.0396</course><roll>25.39785</roll><pitch>-8.561292</pitch><mode /></trkpt><trkpt lat="34.7531904" lon="-118.3321949"><ele>800.73</ele><time>2026-06-27T13:53:42-05:00</time><course>215.4517</course><roll>32.92902</roll><pitch>-8.201472</pitch><mode /></trkpt><trkpt lat="34.7531714" lon="-118.3321923"><ele>801.64</ele><time>2026-06-27T13:53:43-05:00</time><course>218.3109</course><roll>32.24074</roll><pitch>-10.08704</pitch><mode /></trkpt><trkpt lat="34.7531502" lon="-118.3321862"><ele>802.57</ele><time>2026-06-27T13:53:43-05:00</time><course>216.3053</course><roll>27.75527</roll><pitch>-8.413547</pitch><mode /></trkpt><trkpt lat="34.7531276" lon="-118.332178"><ele>803.52</ele><time>2026-06-27T13:53:43-05:00</time><course>206.9839</course><roll>33.27813</roll><pitch>-4.318559</pitch><mode /></trkpt><trkpt lat="34.7531036" lon="-118.3321672"><ele>804.38</ele><time>2026-06-27T13:53:43-05:00</time><course>205.1915</course><roll>40.18714</roll><pitch>-4.733744</pitch><mode /></trkpt><trkpt lat="34.7530779" lon="-118.3321539"><ele>805.02</ele><time>2026-06-27T13:53:43-05:00</time><course>206.3994</course><roll>42.90552</roll><pitch>-3.970848</pitch><mode /></trkpt><trkpt lat="34.7530512" lon="-118.332139"><ele>805.39</ele><time>2026-06-27T13:53:44-05:00</time><course>200.8964</course><roll>39.91521</roll><pitch>-4.094877</pitch><mode /></trkpt><trkpt lat="34.7530232" lon="-118.3321213"><ele>805.59</ele><time>2026-06-27T13:53:44-05:00</time><course>199.9745</course><roll>37.55674</roll><pitch>-3.825403</pitch><mode /></trkpt><trkpt lat="34.752994" lon="-118.3321015"><ele>805.67</ele><time>2026-06-27T13:53:44-05:00</time><course>200.188</course><roll>30.13948</roll><pitch>-7.464526</pitch><mode /></trkpt><trkpt lat="34.7529642" lon="-118.3320796"><ele>805.73</ele><time>2026-06-27T13:53:44-05:00</time><course>198.2111</course><roll>25.36076</roll><pitch>-2.342051</pitch><mode /></trkpt><trkpt lat="34.7529343" lon="-118.3320572"><ele>805.59</ele><time>2026-06-27T13:53:44-05:00</time><course>188.5998</course><roll>25.48512</roll><pitch>7.064692</pitch><mode /></trkpt><trkpt lat="34.7529042" lon="-118.3320345"><ele>805.1</ele><time>2026-06-27T13:53:45-05:00</time><course>182.5661</course><roll>31.05392</roll><pitch>6.420217</pitch><mode /></trkpt><trkpt lat="34.7528737" lon="-118.3320081"><ele>804.48</ele><time>2026-06-27T13:53:45-05:00</time><course>178.2413</course><roll>38.2138</roll><pitch>2.859381</pitch><mode /></trkpt><trkpt lat="34.7528425" lon="-118.3319769"><ele>804.14</ele><time>2026-06-27T13:53:45-05:00</time><course>167.9842</course><roll>42.02207</roll><pitch>1.625684</pitch><mode /></trkpt><trkpt lat="34.7528117" lon="-118.3319391"><ele>804.02</ele><time>2026-06-27T13:53:45-05:00</time><course>167.14</course><roll>35.97576</roll><pitch>-1.408845</pitch><mode /></trkpt><trkpt lat="34.7527811" lon="-118.3318975"><ele>803.96</ele><time>2026-06-27T13:53:45-05:00</time><course>153.3567</course><roll>37.55301</roll><pitch>1.046333</pitch><mode /></trkpt><trkpt lat="34.7527517" lon="-118.3318535"><ele>804.01</ele><time>2026-06-27T13:53:46-05:00</time><course>143.1118</course><roll>42.13869</roll><pitch>1.13218</pitch><mode /></trkpt><trkpt lat="34.7527248" lon="-118.3318035"><ele>804.18</ele><time>2026-06-27T13:53:46-05:00</time><course>139.6642</course><roll>41.44623</roll><pitch>3.637012</pitch><mode /></trkpt><trkpt lat="34.7527004" lon="-118.3317495"><ele>804.42</ele><time>2026-06-27T13:53:46-05:00</time><course>129.0446</course><roll>52.47683</roll><pitch>3.674036</pitch><mode /></trkpt><trkpt lat="34.7526796" lon="-118.3316912"><ele>804.64</ele><time>2026-06-27T13:53:46-05:00</time><course>126.4874</course><roll>60.36194</roll><pitch>-1.371249</pitch><mode /></trkpt><trkpt lat="34.7526651" lon="-118.3316261"><ele>805.02</ele><time>2026-06-27T13:53:46-05:00</time><course>116.0228</course><roll>63.91308</roll><pitch>2.476649</pitch><mode /></trkpt><trkpt lat="34.752657" lon="-118.3315558"><ele>805.5</ele><time>2026-06-27T13:53:47-05:00</time><course>110.3627</course><roll>50.79969</roll><pitch>3.385979</pitch><mode /></trkpt><trkpt lat="34.7526514" lon="-118.3314837"><ele>805.75</ele><time>2026-06-27T13:53:47-05:00</time><course>107.0597</course><roll>47.22192</roll><pitch>5.958714</pitch><mode /></trkpt><trkpt lat="34.7526485" lon="-118.3314105"><ele>805.89</ele><time>2026-06-27T13:53:47-05:00</time><course>105.0051</course><roll>40.96002</roll><pitch>0.1523132</pitch><mode /></trkpt><trkpt lat="34.7526502" lon="-118.3313353"><ele>806.1</ele><time>2026-06-27T13:53:47-05:00</time><course>103.616</course><roll>38.18732</roll><pitch>3.240467</pitch><mode /></trkpt><trkpt lat="34.7526533" lon="-118.3312596"><ele>806.27</ele><time>2026-06-27T13:53:47-05:00</time><course>95.19978</course><roll>37.15155</roll><pitch>5.203743</pitch><mode /></trkpt><trkpt lat="34.7526575" lon="-118.3311839"><ele>806.15</ele><time>2026-06-27T13:53:48-05:00</time><course>86.87477</course><roll>38.79906</roll><pitch>4.128444</pitch><mode /></trkpt><trkpt lat="34.7526644" lon="-118.3311083"><ele>806.05</ele><time>2026-06-27T13:53:48-05:00</time><course>76.65828</course><roll>44.45528</roll><pitch>3.598731</pitch><mode /></trkpt><trkpt lat="34.7526766" lon="-118.3310337"><ele>806.16</ele><time>2026-06-27T13:53:48-05:00</time><course>71.32257</course><roll>45.48765</roll><pitch>1.70855</pitch><mode /></trkpt><trkpt lat="34.7526936" lon="-118.3309606"><ele>806.42</ele><time>2026-06-27T13:53:48-05:00</time><course>68.16232</course><roll>45.89392</roll><pitch>-0.3179352</pitch><mode /></trkpt><trkpt lat="34.752713" lon="-118.3308888"><ele>806.54</ele><time>2026-06-27T13:53:48-05:00</time><course>63.25877</course><roll>40.49739</roll><pitch>3.937963</pitch><mode /></trkpt><trkpt lat="34.7527348" lon="-118.3308187"><ele>806.61</ele><time>2026-06-27T13:53:49-05:00</time><course>61.00927</course><roll>34.38352</roll><pitch>2.974176</pitch><mode /></trkpt><trkpt lat="34.7527594" lon="-118.3307508"><ele>806.73</ele><time>2026-06-27T13:53:49-05:00</time><course>54.13236</course><roll>33.50261</roll><pitch>5.483779</pitch><mode /></trkpt><trkpt lat="34.752786" lon="-118.3306848"><ele>806.9</ele><time>2026-06-27T13:53:49-05:00</time><course>44.37729</course><roll>36.87204</roll><pitch>8.543177</pitch><mode /></trkpt><trkpt lat="34.7528141" lon="-118.3306212"><ele>806.98</ele><time>2026-06-27T13:53:49-05:00</time><course>40.70291</course><roll>39.6095</roll><pitch>4.882636</pitch><mode /></trkpt><trkpt lat="34.7528444" lon="-118.3305608"><ele>807.09</ele><time>2026-06-27T13:53:49-05:00</time><course>32.07032</course><roll>41.17713</roll><pitch>4.09878</pitch><mode /></trkpt><trkpt lat="34.7528773" lon="-118.3305043"><ele>807.09</ele><time>2026-06-27T13:53:50-05:00</time><course>29.53525</course><roll>43.74321</roll><pitch>1.16812</pitch><mode /></trkpt><trkpt lat="34.7529118" lon="-118.3304511"><ele>807.08</ele><time>2026-06-27T13:53:50-05:00</time><course>23.6691</course><roll>40.2235</roll><pitch>1.798166</pitch><mode /></trkpt><trkpt lat="34.7529482" lon="-118.330402"><ele>807.1</ele><time>2026-06-27T13:53:50-05:00</time><course>15.90391</course><roll>40.68163</roll><pitch>4.339839</pitch><mode /></trkpt><trkpt lat="34.7529862" lon="-118.3303576"><ele>807.28</ele><time>2026-06-27T13:53:50-05:00</time><course>12.15211</course><roll>33.39758</roll><pitch>5.80185</pitch><mode /></trkpt><trkpt lat="34.7530252" lon="-118.3303159"><ele>807.18</ele><time>2026-06-27T13:53:50-05:00</time><course>10.46379</course><roll>29.98447</roll><pitch>6.650986</pitch><mode /></trkpt><trkpt lat="34.7530644" lon="-118.3302758"><ele>806.95</ele><time>2026-06-27T13:53:51-05:00</time><course>358.9392</course><roll>49.49138</roll><pitch>4.630718</pitch><mode /></trkpt><trkpt lat="34.7531045" lon="-118.3302414"><ele>806.77</ele><time>2026-06-27T13:53:51-05:00</time><course>353.9625</course><roll>50.3116</roll><pitch>1.769295</pitch><mode /></trkpt><trkpt lat="34.7531453" lon="-118.3302145"><ele>806.75</ele><time>2026-06-27T13:53:51-05:00</time><course>347.3243</course><roll>49.60641</roll><pitch>0.6277496</pitch><mode /></trkpt><trkpt lat="34.7531861" lon="-118.3301925"><ele>806.71</ele><time>2026-06-27T13:53:51-05:00</time><course>340.5416</course><roll>49.20781</roll><pitch>5.422998</pitch><mode /></trkpt><trkpt lat="34.7532263" lon="-118.3301717"><ele>806.33</ele><time>2026-06-27T13:53:51-05:00</time><course>336.7101</course><roll>47.42537</roll><pitch>4.017229</pitch><mode /></trkpt><trkpt lat="34.7532658" lon="-118.3301531"><ele>805.86</ele><time>2026-06-27T13:53:52-05:00</time><course>325.4124</course><roll>41.91505</roll><pitch>2.358104</pitch><mode /></trkpt><trkpt lat="34.7533032" lon="-118.3301408"><ele>805.55</ele><time>2026-06-27T13:53:52-05:00</time><course>317.7697</course><roll>41.3506</roll><pitch>2.335993</pitch><mode /></trkpt><trkpt lat="34.753337" lon="-118.3301344"><ele>805.47</ele><time>2026-06-27T13:53:52-05:00</time><course>311.3982</course><roll>46.17184</roll><pitch>-1.320943</pitch><mode /></trkpt><trkpt lat="34.7533668" lon="-118.330133"><ele>805.62</ele><time>2026-06-27T13:53:52-05:00</time><course>302.4636</course><roll>49.15772</roll><pitch>-2.810155</pitch><mode /></trkpt><trkpt lat="34.7533922" lon="-118.3301356"><ele>805.79</ele><time>2026-06-27T13:53:52-05:00</time><course>296.0813</course><roll>51.6944</roll><pitch>-3.290648</pitch><mode /></trkpt><trkpt lat="34.7534134" lon="-118.330141"><ele>806.05</ele><time>2026-06-27T13:53:53-05:00</time><course>285.327</course><roll>48.24633</roll><pitch>-5.158596</pitch><mode /></trkpt><trkpt lat="34.7534298" lon="-118.3301489"><ele>806.42</ele><time>2026-06-27T13:53:53-05:00</time><course>279.0137</course><roll>51.24459</roll><pitch>-4.57442</pitch><mode /></trkpt><trkpt lat="34.7534411" lon="-118.3301585"><ele>806.85</ele><time>2026-06-27T13:53:53-05:00</time><course>273.3196</course><roll>50.80501</roll><pitch>-5.374411</pitch><mode /></trkpt><trkpt lat="34.7534492" lon="-118.3301686"><ele>807.18</ele><time>2026-06-27T13:53:53-05:00</time><course>267.6889</course><roll>46.08603</roll><pitch>-7.628955</pitch><mode /></trkpt><trkpt lat="34.7534523" lon="-118.3301791"><ele>807.63</ele><time>2026-06-27T13:53:53-05:00</time><course>261.1328</course><roll>53.40842</roll><pitch>-11.19865</pitch><mode /></trkpt><trkpt lat="34.7534497" lon="-118.330189"><ele>808.18</ele><time>2026-06-27T13:53:54-05:00</time><course>255.6559</course><roll>47.25842</roll><pitch>-15.4055</pitch><mode /></trkpt><trkpt lat="34.7534419" lon="-118.3301971"><ele>808.98</ele><time>2026-06-27T13:53:54-05:00</time><course>249.7091</course><roll>39.69107</roll><pitch>-14.52302</pitch><mode /></trkpt><trkpt lat="34.7534296" lon="-118.3302027"><ele>809.95</ele><time>2026-06-27T13:53:54-05:00</time><course>249.2397</course><roll>29.562</roll><pitch>-14.65946</pitch><mode /></trkpt><trkpt lat="34.7534149" lon="-118.3302067"><ele>810.97</ele><time>2026-06-27T13:53:54-05:00</time><course>248.6536</course><roll>24.631</roll><pitch>-13.60242</pitch><mode /></trkpt><trkpt lat="34.7533993" lon="-118.3302098"><ele>812.11</ele><time>2026-06-27T13:53:54-05:00</time><course>242.1958</course><roll>21.52544</roll><pitch>-8.454444</pitch><mode /></trkpt><trkpt lat="34.7533836" lon="-118.3302134"><ele>813.07</ele><time>2026-06-27T13:53:55-05:00</time><course>236.5314</course><roll>10.46501</roll><pitch>-0.9769902</pitch><mode /></trkpt><trkpt lat="34.753368" lon="-118.3302177"><ele>813.6</ele><time>2026-06-27T13:53:55-05:00</time><course>236.7625</course><roll>7.201046</roll><pitch>0.862265</pitch><mode /></trkpt><trkpt lat="34.7533521" lon="-118.3302222"><ele>813.79</ele><time>2026-06-27T13:53:55-05:00</time><course>237.7641</course><roll>0.7725063</roll><pitch>-0.1166994</pitch><mode /></trkpt><trkpt lat="34.7533362" lon="-118.3302273"><ele>813.97</ele><time>2026-06-27T13:53:55-05:00</time><course>238.6491</course><roll>-6.235323</roll><pitch>-0.3908385</pitch><mode /></trkpt><trkpt lat="34.7533202" lon="-118.3302328"><ele>814.24</ele><time>2026-06-27T13:53:55-05:00</time><course>241.9536</course><roll>-11.29034</roll><pitch>-0.5397306</pitch><mode /></trkpt><trkpt lat="34.7533048" lon="-118.3302388"><ele>814.4</ele><time>2026-06-27T13:53:56-05:00</time><course>242.5742</course><roll>-24.4727</roll><pitch>1.228514</pitch><mode /></trkpt><trkpt lat="34.7532906" lon="-118.3302454"><ele>814.43</ele><time>2026-06-27T13:53:56-05:00</time><course>240.2642</course><roll>-26.18052</roll><pitch>2.60932</pitch><mode /></trkpt><trkpt lat="34.7532772" lon="-118.3302527"><ele>814.24</ele><time>2026-06-27T13:53:56-05:00</time><course>240.9605</course><roll>-26.7354</roll><pitch>3.174946</pitch><mode /></trkpt><trkpt lat="34.7532644" lon="-118.330261"><ele>814</ele><time>2026-06-27T13:53:56-05:00</time><course>244.3634</course><roll>-29.49461</roll><pitch>2.049753</pitch><mode /></trkpt><trkpt lat="34.7532531" lon="-118.3302707"><ele>813.77</ele><time>2026-06-27T13:53:56-05:00</time><course>248.1526</course><roll>-34.54132</roll><pitch>2.043951</pitch><mode /></trkpt><trkpt lat="34.7532439" lon="-118.3302811"><ele>813.59</ele><time>2026-06-27T13:53:57-05:00</time><course>252.2111</course><roll>-33.38451</roll><pitch>-0.1768908</pitch><mode /></trkpt><trkpt lat="34.7532372" lon="-118.330292"><ele>813.54</ele><time>2026-06-27T13:53:57-05:00</time><course>255.9098</course><roll>-34.0962</roll><pitch>1.886836</pitch><mode /></trkpt><trkpt lat="34.7532332" lon="-118.3303032"><ele>813.55</ele><time>2026-06-27T13:53:57-05:00</time><course>257.1531</course><roll>-39.88289</roll><pitch>1.986687</pitch><mode /></trkpt><trkpt lat="34.7532315" lon="-118.3303143"><ele>813.55</ele><time>2026-06-27T13:53:57-05:00</time><course>260.144</course><roll>-40.76711</roll><pitch>1.204921</pitch><mode /></trkpt><trkpt lat="34.7532326" lon="-118.3303253"><ele>813.58</ele><time>2026-06-27T13:53:57-05:00</time><course>265.3878</course><roll>-39.6906</roll><pitch>-0.5652589</pitch><mode /></trkpt><trkpt lat="34.7532371" lon="-118.3303359"><ele>813.73</ele><time>2026-06-27T13:53:58-05:00</time><course>266.0245</course><roll>-37.39915</roll><pitch>-3.509865</pitch><mode /></trkpt><trkpt lat="34.7532433" lon="-118.3303456"><ele>813.84</ele><time>2026-06-27T13:53:58-05:00</time><course>271.6744</course><roll>-29.30713</roll><pitch>-3.633701</pitch><mode /></trkpt><trkpt lat="34.7532509" lon="-118.3303541"><ele>814.06</ele><time>2026-06-27T13:53:58-05:00</time><course>276.7954</course><roll>-22.94299</roll><pitch>-1.05988</pitch><mode /></trkpt><trkpt lat="34.75326" lon="-118.3303617"><ele>814.33</ele><time>2026-06-27T13:53:58-05:00</time><course>278.9441</course><roll>-17.61156</roll><pitch>-1.219232</pitch><mode /></trkpt><trkpt lat="34.7532696" lon="-118.3303689"><ele>814.53</ele><time>2026-06-27T13:53:58-05:00</time><course>279.5693</course><roll>-20.90546</roll><pitch>-0.3472229</pitch><mode /></trkpt><trkpt lat="34.7532799" lon="-118.3303756"><ele>814.68</ele><time>2026-06-27T13:53:59-05:00</time><course>279.4054</course><roll>-23.60047</roll><pitch>4.607707</pitch><mode /></trkpt><trkpt lat="34.75329" lon="-118.3303822"><ele>814.59</ele><time>2026-06-27T13:53:59-05:00</time><course>282.5531</course><roll>-20.98955</roll><pitch>9.813571</pitch><mode /></trkpt><trkpt lat="34.7532994" lon="-118.3303887"><ele>814.07</ele><time>2026-06-27T13:53:59-05:00</time><course>287.2901</course><roll>-24.6532</roll><pitch>14.09463</pitch><mode /></trkpt><trkpt lat="34.7533093" lon="-118.3303946"><ele>813.24</ele><time>2026-06-27T13:53:59-05:00</time><course>282.6914</course><roll>-22.96411</roll><pitch>10.42717</pitch><mode /></trkpt><trkpt lat="34.7533209" lon="-118.3304009"><ele>812.65</ele><time>2026-06-27T13:53:59-05:00</time><course>285.7063</course><roll>-11.27947</roll><pitch>6.442297</pitch><mode /></trkpt><trkpt lat="34.753334" lon="-118.3304081"><ele>812.6</ele><time>2026-06-27T13:54:00-05:00</time><course>285.7863</course><roll>-5.475851</roll><pitch>2.229702</pitch><mode /></trkpt><trkpt lat="34.7533474" lon="-118.3304159"><ele>812.99</ele><time>2026-06-27T13:54:00-05:00</time><course>287.7583</course><roll>-2.819827</roll><pitch>4.904531</pitch><mode /></trkpt><trkpt lat="34.7533603" lon="-118.3304236"><ele>813.12</ele><time>2026-06-27T13:54:00-05:00</time><course>292.0055</course><roll>12.51898</roll><pitch>11.83348</pitch><mode /></trkpt><trkpt lat="34.7533731" lon="-118.330431"><ele>812.75</ele><time>2026-06-27T13:54:00-05:00</time><course>294.7444</course><roll>12.48449</roll><pitch>15.61556</pitch><mode /></trkpt><trkpt lat="34.7533858" lon="-118.3304384"><ele>812.08</ele><time>2026-06-27T13:54:00-05:00</time><course>294.4564</course><roll>9.696177</roll><pitch>16.69498</pitch><mode /></trkpt><trkpt lat="34.753398" lon="-118.3304467"><ele>811.38</ele><time>2026-06-27T13:54:01-05:00</time><course>293.7296</course><roll>7.855333</roll><pitch>18.37541</pitch><mode /></trkpt><trkpt lat="34.75341" lon="-118.330456"><ele>810.76</ele><time>2026-06-27T13:54:01-05:00</time><course>290.931</course><roll>2.438019</roll><pitch>18.43715</pitch><mode /></trkpt><trkpt lat="34.7534221" lon="-118.330465"><ele>809.88</ele><time>2026-06-27T13:54:01-05:00</time><course>287.2055</course><roll>0.1847577</roll><pitch>12.10073</pitch><mode /></trkpt><trkpt lat="34.7534339" lon="-118.3304747"><ele>809.05</ele><time>2026-06-27T13:54:01-05:00</time><course>287.8153</course><roll>-2.066904</roll><pitch>11.14824</pitch><mode /></trkpt><trkpt lat="34.7534456" lon="-118.3304853"><ele>808.28</ele><time>2026-06-27T13:54:01-05:00</time><course>282.948</course><roll>-5.072009</roll><pitch>11.92382</pitch><mode /></trkpt><trkpt lat="34.7534572" lon="-118.3304959"><ele>807.5</ele><time>2026-06-27T13:54:02-05:00</time><course>282.8507</course><roll>-8.530773</roll><pitch>12.98949</pitch><mode /></trkpt><trkpt lat="34.7534685" lon="-118.3305065"><ele>806.53</ele><time>2026-06-27T13:54:02-05:00</time><course>282.7218</course><roll>-9.25103</roll><pitch>13.19425</pitch><mode /></trkpt><trkpt lat="34.7534799" lon="-118.3305171"><ele>805.55</ele><time>2026-06-27T13:54:02-05:00</time><course>284.7558</course><roll>-8.202502</roll><pitch>13.11074</pitch><mode /></trkpt><trkpt lat="34.7534915" lon="-118.3305279"><ele>804.7</ele><time>2026-06-27T13:54:02-05:00</time><course>284.9943</course><roll>-5.713121</roll><pitch>8.274296</pitch><mode /></trkpt><trkpt lat="34.7535032" lon="-118.3305388"><ele>804.05</ele><time>2026-06-27T13:54:02-05:00</time><course>287.9701</course><roll>-5.794544</roll><pitch>5.658397</pitch><mode /></trkpt><trkpt lat="34.7535153" lon="-118.3305495"><ele>803.58</ele><time>2026-06-27T13:54:03-05:00</time><course>289.0355</course><roll>-8.455661</roll><pitch>6.380061</pitch><mode /></trkpt><trkpt lat="34.7535278" lon="-118.3305597"><ele>803.2</ele><time>2026-06-27T13:54:03-05:00</time><course>288.1927</course><roll>-12.29314</roll><pitch>8.470848</pitch><mode /></trkpt><trkpt lat="34.7535408" lon="-118.3305691"><ele>802.72</ele><time>2026-06-27T13:54:03-05:00</time><course>282.7288</course><roll>-11.39215</roll><pitch>9.827707</pitch><mode /></trkpt><trkpt lat="34.7535534" lon="-118.3305779"><ele>802.11</ele><time>2026-06-27T13:54:03-05:00</time><course>283.896</course><roll>-5.557481</roll><pitch>7.585374</pitch><mode /></trkpt><trkpt lat="34.7535655" lon="-118.3305863"><ele>801.54</ele><time>2026-06-27T13:54:03-05:00</time><course>284.5253</course><roll>-4.035808</roll><pitch>5.871999</pitch><mode /></trkpt><trkpt lat="34.7535775" lon="-118.3305944"><ele>801.1</ele><time>2026-06-27T13:54:04-05:00</time><course>283.945</course><roll>-1.094896</roll><pitch>1.435132</pitch><mode /></trkpt><trkpt lat="34.7535892" lon="-118.3306026"><ele>800.9</ele><time>2026-06-27T13:54:04-05:00</time><course>282.9072</course><roll>1.276462</roll><pitch>-1.170096</pitch><mode /></trkpt><trkpt lat="34.7536002" lon="-118.3306105"><ele>801.05</ele><time>2026-06-27T13:54:04-05:00</time><course>279.2925</course><roll>7.642209</roll><pitch>-1.789216</pitch><mode /></trkpt><trkpt lat="34.7536102" lon="-118.3306181"><ele>801.27</ele><time>2026-06-27T13:54:04-05:00</time><course>280.8815</course><roll>6.438438</roll><pitch>0.3636026</pitch><mode /></trkpt><trkpt lat="34.753619" lon="-118.3306257"><ele>801.43</ele><time>2026-06-27T13:54:04-05:00</time><course>282.9675</course><roll>6.134524</roll><pitch>1.890461</pitch><mode /></trkpt><trkpt lat="34.7536276" lon="-118.3306333"><ele>801.37</ele><time>2026-06-27T13:54:05-05:00</time><course>281.8429</course><roll>2.871228</roll><pitch>6.749538</pitch><mode /></trkpt><trkpt lat="34.753636" lon="-118.3306408"><ele>801.11</ele><time>2026-06-27T13:54:05-05:00</time><course>280.4063</course><roll>2.885842</roll><pitch>8.604528</pitch><mode /></trkpt><trkpt lat="34.753644" lon="-118.3306482"><ele>800.65</ele><time>2026-06-27T13:54:05-05:00</time><course>276.3262</course><roll>6.137651</roll><pitch>9.036039</pitch><mode /></trkpt><trkpt lat="34.7536514" lon="-118.3306557"><ele>800.14</ele><time>2026-06-27T13:54:05-05:00</time><course>274.7274</course><roll>8.472692</roll><pitch>8.107046</pitch><mode /></trkpt><trkpt lat="34.7536578" lon="-118.3306636"><ele>799.64</ele><time>2026-06-27T13:54:05-05:00</time><course>275.3458</course><roll>12.19182</roll><pitch>7.337023</pitch><mode /></trkpt><trkpt lat="34.753663" lon="-118.3306716"><ele>799.15</ele><time>2026-06-27T13:54:06-05:00</time><course>276.5142</course><roll>12.67473</roll><pitch>9.805212</pitch><mode /></trkpt><trkpt lat="34.7536681" lon="-118.3306793"><ele>798.5</ele><time>2026-06-27T13:54:06-05:00</time><course>272.0925</course><roll>13.7028</roll><pitch>13.52971</pitch><mode /></trkpt><trkpt lat="34.7536729" lon="-118.3306866"><ele>797.61</ele><time>2026-06-27T13:54:06-05:00</time><course>274.8008</course><roll>9.780269</roll><pitch>13.01734</pitch><mode /></trkpt><trkpt lat="34.7536771" lon="-118.3306941"><ele>796.62</ele><time>2026-06-27T13:54:06-05:00</time><course>275.9747</course><roll>2.843956</roll><pitch>9.245468</pitch><mode /></trkpt><trkpt lat="34.7536809" lon="-118.3307026"><ele>795.8</ele><time>2026-06-27T13:54:06-05:00</time><course>277.3373</course><roll>-3.328688</roll><pitch>4.212522</pitch><mode /></trkpt><trkpt lat="34.7536851" lon="-118.3307117"><ele>795.33</ele><time>2026-06-27T13:54:07-05:00</time><course>276.5485</course><roll>-8.544937</roll><pitch>2.415678</pitch><mode /></trkpt><trkpt lat="34.7536899" lon="-118.3307209"><ele>795.07</ele><time>2026-06-27T13:54:07-05:00</time><course>277.3629</course><roll>-11.39127</roll><pitch>2.699464</pitch><mode /></trkpt><trkpt lat="34.753695" lon="-118.3307304"><ele>794.86</ele><time>2026-06-27T13:54:07-05:00</time><course>279.9632</course><roll>-15.65848</roll><pitch>4.653461</pitch><mode /></trkpt><trkpt lat="34.753701" lon="-118.33074"><ele>794.63</ele><time>2026-06-27T13:54:07-05:00</time><course>279.9756</course><roll>-16.07736</roll><pitch>4.643566</pitch><mode /></trkpt><trkpt lat="34.7537079" lon="-118.3307498"><ele>794.36</ele><time>2026-06-27T13:54:07-05:00</time><course>275.3232</course><roll>-15.87208</roll><pitch>2.224939</pitch><mode /></trkpt><trkpt lat="34.7537155" lon="-118.3307597"><ele>794.19</ele><time>2026-06-27T13:54:08-05:00</time><course>275.3416</course><roll>-9.763974</roll><pitch>-0.3812072</pitch><mode /></trkpt><trkpt lat="34.7537231" lon="-118.3307693"><ele>794.18</ele><time>2026-06-27T13:54:08-05:00</time><course>276.8953</course><roll>-7.232227</roll><pitch>-1.38859</pitch><mode /></trkpt><trkpt lat="34.753731" lon="-118.3307784"><ele>794.19</ele><time>2026-06-27T13:54:08-05:00</time><course>272.8129</course><roll>-6.267554</roll><pitch>-2.390536</pitch><mode /></trkpt><trkpt lat="34.7537388" lon="-118.3307874"><ele>794.18</ele><time>2026-06-27T13:54:08-05:00</time><course>272.6994</course><roll>-5.164748</roll><pitch>0.7701992</pitch><mode /></trkpt><trkpt lat="34.7537463" lon="-118.3307966"><ele>794.01</ele><time>2026-06-27T13:54:08-05:00</time><course>269.5981</course><roll>-7.671098</roll><pitch>4.850928</pitch><mode /></trkpt><trkpt lat="34.7537535" lon="-118.330806"><ele>793.66</ele><time>2026-06-27T13:54:09-05:00</time><course>271.5421</course><roll>-6.562312</roll><pitch>6.873706</pitch><mode /></trkpt><trkpt lat="34.7537603" lon="-118.330816"><ele>793.27</ele><time>2026-06-27T13:54:09-05:00</time><course>269.2188</course><roll>-4.146057</roll><pitch>6.211138</pitch><mode /></trkpt><trkpt lat="34.753767" lon="-118.3308267"><ele>792.99</ele><time>2026-06-27T13:54:09-05:00</time><course>269.91</course><roll>-2.055124</roll><pitch>4.522152</pitch><mode /></trkpt><trkpt lat="34.7537736" lon="-118.3308379"><ele>792.85</ele><time>2026-06-27T13:54:09-05:00</time><course>266.9528</course><roll>-0.8240332</roll><pitch>3.824407</pitch><mode /></trkpt><trkpt lat="34.7537794" lon="-118.3308488"><ele>792.62</ele><time>2026-06-27T13:54:09-05:00</time><course>274.3439</course><roll>-0.1138606</roll><pitch>4.463189</pitch><mode /></trkpt><trkpt lat="34.7537845" lon="-118.33086"><ele>792.4</ele><time>2026-06-27T13:54:10-05:00</time><course>276.9716</course><roll>1.534481</roll><pitch>6.100525</pitch><mode /></trkpt><trkpt lat="34.7537899" lon="-118.3308718"><ele>792.13</ele><time>2026-06-27T13:54:10-05:00</time><course>271.9724</course><roll>-1.656418</roll><pitch>10.00572</pitch><mode /></trkpt><trkpt lat="34.7537952" lon="-118.3308838"><ele>791.68</ele><time>2026-06-27T13:54:10-05:00</time><course>275.7404</course><roll>-7.566581</roll><pitch>12.11727</pitch><mode /></trkpt><trkpt lat="34.7538001" lon="-118.330896"><ele>791.05</ele><time>2026-06-27T13:54:10-05:00</time><course>279.3903</course><roll>-19.10845</roll><pitch>14.05923</pitch><mode /></trkpt><trkpt lat="34.7538057" lon="-118.3309084"><ele>790.34</ele><time>2026-06-27T13:54:10-05:00</time><course>275.1165</course><roll>-18.79972</roll><pitch>9.824733</pitch><mode /></trkpt><trkpt lat="34.7538124" lon="-118.3309209"><ele>789.57</ele><time>2026-06-27T13:54:11-05:00</time><course>276.7378</course><roll>-15.0401</roll><pitch>7.294549</pitch><mode /></trkpt><trkpt lat="34.7538198" lon="-118.3309339"><ele>789</ele><time>2026-06-27T13:54:11-05:00</time><course>275.6785</course><roll>-14.0902</roll><pitch>8.517701</pitch><mode /></trkpt><trkpt lat="34.753828" lon="-118.330947"><ele>788.58</ele><time>2026-06-27T13:54:11-05:00</time><course>275.1029</course><roll>-13.50679</roll><pitch>8.848259</pitch><mode /></trkpt><trkpt lat="34.7538358" lon="-118.3309595"><ele>787.98</ele><time>2026-06-27T13:54:11-05:00</time><course>277.4206</course><roll>-19.99322</roll><pitch>10.82011</pitch><mode /></trkpt><trkpt lat="34.7538435" lon="-118.3309718"><ele>787.22</ele><time>2026-06-27T13:54:11-05:00</time><course>277.157</course><roll>-22.41174</roll><pitch>9.812128</pitch><mode /></trkpt><trkpt lat="34.7538518" lon="-118.3309842"><ele>786.39</ele><time>2026-06-27T13:54:12-05:00</time><course>276.8378</course><roll>-20.48711</roll><pitch>8.778754</pitch><mode /></trkpt><trkpt lat="34.7538608" lon="-118.3309967"><ele>785.6</ele><time>2026-06-27T13:54:12-05:00</time><course>277.6936</course><roll>-18.66681</roll><pitch>6.241183</pitch><mode /></trkpt><trkpt lat="34.7538703" lon="-118.3310092"><ele>784.94</ele><time>2026-06-27T13:54:12-05:00</time><course>284.9855</course><roll>-13.89393</roll><pitch>2.633487</pitch><mode /></trkpt><trkpt lat="34.7538803" lon="-118.3310212"><ele>784.47</ele><time>2026-06-27T13:54:12-05:00</time><course>286.0692</course><roll>-12.03353</roll><pitch>0.7631929</pitch><mode /></trkpt><trkpt lat="34.7538916" lon="-118.3310326"><ele>784.37</ele><time>2026-06-27T13:54:12-05:00</time><course>281.7745</course><roll>-12.34159</roll><pitch>1.378276</pitch><mode /></trkpt><trkpt lat="34.7539033" lon="-118.3310435"><ele>784.47</ele><time>2026-06-27T13:54:13-05:00</time><course>277.2764</course><roll>3.003968</roll><pitch>-4.712158</pitch><mode /></trkpt><trkpt lat="34.7539141" lon="-118.331054"><ele>784.66</ele><time>2026-06-27T13:54:13-05:00</time><course>274.9547</course><roll>8.410868</roll><pitch>-8.998046</pitch><mode /></trkpt><trkpt lat="34.7539236" lon="-118.3310638"><ele>785.07</ele><time>2026-06-27T13:54:13-05:00</time><course>272.7105</course><roll>11.34673</roll><pitch>-10.56508</pitch><mode /></trkpt><trkpt lat="34.7539317" lon="-118.3310731"><ele>785.51</ele><time>2026-06-27T13:54:13-05:00</time><course>276.6429</course><roll>10.48584</roll><pitch>-6.279178</pitch><mode /></trkpt><trkpt lat="34.7539389" lon="-118.3310822"><ele>785.79</ele><time>2026-06-27T13:54:13-05:00</time><course>276.4245</course><roll>8.395029</roll><pitch>-0.5344267</pitch><mode /></trkpt><trkpt lat="34.7539459" lon="-118.3310913"><ele>785.82</ele><time>2026-06-27T13:54:14-05:00</time><course>275.7766</course><roll>6.076323</roll><pitch>4.5714</pitch><mode /></trkpt><trkpt lat="34.7539525" lon="-118.3311003"><ele>785.58</ele><time>2026-06-27T13:54:14-05:00</time><course>272.1299</course><roll>4.082358</roll><pitch>5.823546</pitch><mode /></trkpt><trkpt lat="34.7539584" lon="-118.3311096"><ele>785.26</ele><time>2026-06-27T13:54:14-05:00</time><course>272.2256</course><roll>5.246953</roll><pitch>6.051391</pitch><mode /></trkpt><trkpt lat="34.7539635" lon="-118.3311195"><ele>784.85</ele><time>2026-06-27T13:54:14-05:00</time><course>274.2531</course><roll>4.030424</roll><pitch>4.420023</pitch><mode /></trkpt><trkpt lat="34.7539681" lon="-118.3311299"><ele>784.46</ele><time>2026-06-27T13:54:14-05:00</time><course>267.3723</course><roll>2.249976</roll><pitch>1.158278</pitch><mode /></trkpt><trkpt lat="34.7539721" lon="-118.3311408"><ele>784.34</ele><time>2026-06-27T13:54:15-05:00</time><course>266.4102</course><roll>7.023729</roll><pitch>0.09297173</pitch><mode /></trkpt><trkpt lat="34.7539745" lon="-118.3311519"><ele>784.38</ele><time>2026-06-27T13:54:15-05:00</time><course>272.9191</course><roll>3.039798</roll><pitch>1.665677</pitch><mode /></trkpt><trkpt lat="34.7539764" lon="-118.3311629"><ele>784.28</ele><time>2026-06-27T13:54:15-05:00</time><course>271.6613</course><roll>-0.5707573</roll><pitch>4.957543</pitch><mode /></trkpt><trkpt lat="34.753979" lon="-118.3311743"><ele>784.04</ele><time>2026-06-27T13:54:15-05:00</time><course>267.0111</course><roll>-0.4508564</roll><pitch>7.276456</pitch><mode /></trkpt><trkpt lat="34.7539811" lon="-118.3311858"><ele>783.63</ele><time>2026-06-27T13:54:15-05:00</time><course>266.7793</course><roll>3.55634</roll><pitch>6.840313</pitch><mode /></trkpt><trkpt lat="34.7539823" lon="-118.3311976"><ele>783.17</ele><time>2026-06-27T13:54:16-05:00</time><course>264.3123</course><roll>0.2739408</roll><pitch>5.863891</pitch><mode /></trkpt><trkpt lat="34.7539832" lon="-118.3312101"><ele>782.67</ele><time>2026-06-27T13:54:16-05:00</time><course>263.503</course><roll>-1.718533</roll><pitch>4.088429</pitch><mode /></trkpt><trkpt lat="34.7539834" lon="-118.3312366"><ele>781.94</ele><time>2026-06-27T13:54:16-05:00</time><course>269.6262</course><roll>-10.15849</roll><pitch>0.844936</pitch><mode /></trkpt><trkpt lat="34.7539847" lon="-118.3312502"><ele>781.78</ele><time>2026-06-27T13:54:16-05:00</time><course>265.0092</course><roll>-9.265041</roll><pitch>-4.486032</pitch><mode /></trkpt><trkpt lat="34.7539866" lon="-118.3312635"><ele>781.76</ele><time>2026-06-27T13:54:17-05:00</time><course>258.5337</course><roll>-6.284791</roll><pitch>-8.95046</pitch><mode /></trkpt><trkpt lat="34.7539882" lon="-118.3312761"><ele>781.91</ele><time>2026-06-27T13:54:17-05:00</time><course>259.9776</course><roll>-11.34431</roll><pitch>-9.350352</pitch><mode /></trkpt><trkpt lat="34.7539893" lon="-118.3312878"><ele>782.31</ele><time>2026-06-27T13:54:17-05:00</time><course>261.5872</course><roll>-12.06236</roll><pitch>-6.980838</pitch><mode /></trkpt><trkpt lat="34.7539908" lon="-118.3312993"><ele>782.74</ele><time>2026-06-27T13:54:17-05:00</time><course>256.0821</course><roll>-7.883867</roll><pitch>-4.132568</pitch><mode /></trkpt><trkpt lat="34.753992" lon="-118.3313111"><ele>783.08</ele><time>2026-06-27T13:54:17-05:00</time><course>255.3277</course><roll>-5.374263</roll><pitch>-2.323178</pitch><mode /></trkpt><trkpt lat="34.7539925" lon="-118.331323"><ele>783.26</ele><time>2026-06-27T13:54:18-05:00</time><course>255.9446</course><roll>-7.702146</roll><pitch>-3.786485</pitch><mode /></trkpt><trkpt lat="34.753993" lon="-118.3313349"><ele>783.6</ele><time>2026-06-27T13:54:18-05:00</time><course>253.4085</course><roll>-2.260989</roll><pitch>-5.878044</pitch><mode /></trkpt><trkpt lat="34.7539931" lon="-118.3313462"><ele>784.17</ele><time>2026-06-27T13:54:18-05:00</time><course>258.6598</course><roll>-2.150369</roll><pitch>-3.240887</pitch><mode /></trkpt><trkpt lat="34.7539928" lon="-118.3313565"><ele>784.54</ele><time>2026-06-27T13:54:18-05:00</time><course>263.6929</course><roll>-5.375127</roll><pitch>0.9600325</pitch><mode /></trkpt><trkpt lat="34.7539924" lon="-118.3313661"><ele>784.51</ele><time>2026-06-27T13:54:18-05:00</time><course>264.3604</course><roll>-5.324546</roll><pitch>6.004481</pitch><mode /></trkpt><trkpt lat="34.7539921" lon="-118.331375"><ele>784.15</ele><time>2026-06-27T13:54:19-05:00</time><course>260.3939</course><roll>-5.530325</roll><pitch>8.819896</pitch><mode /></trkpt><trkpt lat="34.7539917" lon="-118.3313836"><ele>783.54</ele><time>2026-06-27T13:54:19-05:00</time><course>257.2159</course><roll>0.9025264</roll><pitch>8.472155</pitch><mode /></trkpt><trkpt lat="34.7539907" lon="-118.3313921"><ele>782.85</ele><time>2026-06-27T13:54:19-05:00</time><course>257.9682</course><roll>5.922039</roll><pitch>4.537164</pitch><mode /></trkpt><trkpt lat="34.7539884" lon="-118.331401"><ele>782.53</ele><time>2026-06-27T13:54:19-05:00</time><course>261.632</course><roll>2.180015</roll><pitch>-0.6252794</pitch><mode /></trkpt><trkpt lat="34.7539854" lon="-118.3314102"><ele>782.66</ele><time>2026-06-27T13:54:19-05:00</time><course>260.3449</course><roll>-5.244938</roll><pitch>-0.09358938</pitch><mode /></trkpt><trkpt lat="34.7539827" lon="-118.331419"><ele>782.96</ele><time>2026-06-27T13:54:20-05:00</time><course>255.108</course><roll>-6.826649</roll><pitch>3.331941</pitch><mode /></trkpt><trkpt lat="34.75398" lon="-118.3314275"><ele>783.03</ele><time>2026-06-27T13:54:20-05:00</time><course>254.9169</course><roll>1.807127</roll><pitch>4.713721</pitch><mode /></trkpt><trkpt lat="34.7539766" lon="-118.3314355"><ele>783.04</ele><time>2026-06-27T13:54:20-05:00</time><course>255.8829</course><roll>8.310743</roll><pitch>4.673891</pitch><mode /></trkpt><trkpt lat="34.7539724" lon="-118.331443"><ele>783.03</ele><time>2026-06-27T13:54:20-05:00</time><course>262.1478</course><roll>0.9546887</roll><pitch>3.208775</pitch><mode /></trkpt><trkpt lat="34.7539677" lon="-118.3314504"><ele>782.91</ele><time>2026-06-27T13:54:20-05:00</time><course>263.6217</course><roll>-6.388082</roll><pitch>3.989735</pitch><mode /></trkpt><trkpt lat="34.7539638" lon="-118.331458"><ele>782.72</ele><time>2026-06-27T13:54:21-05:00</time><course>257.5759</course><roll>-9.350585</roll><pitch>0.2066912</pitch><mode /></trkpt><trkpt lat="34.7539603" lon="-118.3314658"><ele>782.65</ele><time>2026-06-27T13:54:21-05:00</time><course>254.6725</course><roll>-8.15915</roll><pitch>-3.634893</pitch><mode /></trkpt><trkpt lat="34.7539564" lon="-118.3314731"><ele>782.73</ele><time>2026-06-27T13:54:21-05:00</time><course>261.4805</course><roll>-12.80309</roll><pitch>-4.776527</pitch><mode /></trkpt><trkpt lat="34.7539528" lon="-118.3314797"><ele>782.86</ele><time>2026-06-27T13:54:21-05:00</time><course>262.8678</course><roll>-12.63688</roll><pitch>-2.262023</pitch><mode /></trkpt><trkpt lat="34.7539496" lon="-118.3314864"><ele>782.85</ele><time>2026-06-27T13:54:21-05:00</time><course>260.0051</course><roll>-12.50069</roll><pitch>-0.725493</pitch><mode /></trkpt><trkpt lat="34.7539465" lon="-118.3314936"><ele>782.87</ele><time>2026-06-27T13:54:22-05:00</time><course>259.9594</course><roll>-15.27641</roll><pitch>-0.690165</pitch><mode /></trkpt><trkpt lat="34.7539446" lon="-118.3315008"><ele>783.01</ele><time>2026-06-27T13:54:22-05:00</time><course>255.1214</course><roll>-10.01386</roll><pitch>-1.762576</pitch><mode /></trkpt><trkpt lat="34.7539428" lon="-118.3315075"><ele>783.1</ele><time>2026-06-27T13:54:22-05:00</time><course>259.0769</course><roll>-8.254087</roll><pitch>-5.058423</pitch><mode /></trkpt><trkpt lat="34.7539406" lon="-118.3315136"><ele>783.28</ele><time>2026-06-27T13:54:22-05:00</time><course>260.8999</course><roll>-5.314979</roll><pitch>-8.595772</pitch><mode /></trkpt><trkpt lat="34.7539386" lon="-118.331519"><ele>783.54</ele><time>2026-06-27T13:54:22-05:00</time><course>265.1197</course><roll>-5.697617</roll><pitch>-9.632025</pitch><mode /></trkpt><trkpt lat="34.7539365" lon="-118.3315236"><ele>783.95</ele><time>2026-06-27T13:54:23-05:00</time><course>262.3571</course><roll>-4.565798</roll><pitch>-9.820611</pitch><mode /></trkpt><trkpt lat="34.7539349" lon="-118.3315271"><ele>784.49</ele><time>2026-06-27T13:54:23-05:00</time><course>259.0647</course><roll>-3.535734</roll><pitch>-7.527225</pitch><mode /></trkpt><trkpt lat="34.7539336" lon="-118.3315298"><ele>784.92</ele><time>2026-06-27T13:54:23-05:00</time><course>251.1691</course><roll>-5.830768</roll><pitch>-3.736532</pitch><mode /></trkpt><trkpt lat="34.7539319" lon="-118.3315323"><ele>785.07</ele><time>2026-06-27T13:54:23-05:00</time><course>250.5136</course><roll>-5.998221</roll><pitch>-0.551029</pitch><mode /></trkpt><trkpt lat="34.7539294" lon="-118.3315346"><ele>785.14</ele><time>2026-06-27T13:54:23-05:00</time><course>255.9577</course><roll>-2.031471</roll><pitch>0.1664019</pitch><mode /></trkpt><trkpt lat="34.7539265" lon="-118.3315366"><ele>785.12</ele><time>2026-06-27T13:54:24-05:00</time><course>259.0916</course><roll>3.551115</roll><pitch>-1.584856</pitch><mode /></trkpt><trkpt lat="34.7539238" lon="-118.3315386"><ele>785.05</ele><time>2026-06-27T13:54:24-05:00</time><course>254.6694</course><roll>10.07241</roll><pitch>-2.874168</pitch><mode /></trkpt><trkpt lat="34.7539202" lon="-118.3315402"><ele>785.11</ele><time>2026-06-27T13:54:24-05:00</time><course>257.8464</course><roll>2.346569</roll><pitch>-2.407328</pitch><mode /></trkpt><trkpt lat="34.7539154" lon="-118.3315414"><ele>785.26</ele><time>2026-06-27T13:54:24-05:00</time><course>256.8525</course><roll>-5.144854</roll><pitch>-2.618336</pitch><mode /></trkpt><trkpt lat="34.7539116" lon="-118.3315427"><ele>785.38</ele><time>2026-06-27T13:54:24-05:00</time><course>245.7144</course><roll>1.048021</roll><pitch>-2.559493</pitch><mode /></trkpt><trkpt lat="34.7539077" lon="-118.3315435"><ele>785.49</ele><time>2026-06-27T13:54:25-05:00</time><course>245.4997</course><roll>0.4463146</roll><pitch>-0.9575335</pitch><mode /></trkpt><trkpt lat="34.7539026" lon="-118.3315437"><ele>785.47</ele><time>2026-06-27T13:54:25-05:00</time><course>251.1707</course><roll>0.9310514</roll><pitch>-2.380421</pitch><mode /></trkpt><trkpt lat="34.7538967" lon="-118.3315435"><ele>785.53</ele><time>2026-06-27T13:54:25-05:00</time><course>253.576</course><roll>-1.67266</roll><pitch>-2.898954</pitch><mode /></trkpt><trkpt lat="34.7538911" lon="-118.3315431"><ele>785.58</ele><time>2026-06-27T13:54:25-05:00</time><course>249.3347</course><roll>0.1512641</roll><pitch>-3.133653</pitch><mode /></trkpt><trkpt lat="34.7538854" lon="-118.3315421"><ele>785.54</ele><time>2026-06-27T13:54:25-05:00</time><course>248.8816</course><roll>0.5145159</roll><pitch>-1.891291</pitch><mode /></trkpt><trkpt lat="34.7538791" lon="-118.3315402"><ele>785.44</ele><time>2026-06-27T13:54:26-05:00</time><course>250.9014</course><roll>-6.131412</roll><pitch>-1.049777</pitch><mode /></trkpt><trkpt lat="34.753873" lon="-118.3315382"><ele>785.39</ele><time>2026-06-27T13:54:26-05:00</time><course>247.0346</course><roll>-6.566792</roll><pitch>-1.623206</pitch><mode /></trkpt><trkpt lat="34.7538673" lon="-118.3315363"><ele>785.51</ele><time>2026-06-27T13:54:26-05:00</time><course>242.4875</course><roll>-3.524469</roll><pitch>-0.7890654</pitch><mode /></trkpt><trkpt lat="34.7538612" lon="-118.3315337"><ele>785.6</ele><time>2026-06-27T13:54:26-05:00</time><course>246.9809</course><roll>-2.623277</roll><pitch>-2.886752</pitch><mode /></trkpt><trkpt lat="34.753855" lon="-118.3315307"><ele>785.64</ele><time>2026-06-27T13:54:26-05:00</time><course>245.2849</course><roll>1.864092</roll><pitch>-5.442189</pitch><mode /></trkpt><trkpt lat="34.7538485" lon="-118.331527"><ele>785.79</ele><time>2026-06-27T13:54:27-05:00</time><course>249.4517</course><roll>6.087878</roll><pitch>-5.724919</pitch><mode /></trkpt><trkpt lat="34.7538411" lon="-118.3315224"><ele>785.97</ele><time>2026-06-27T13:54:27-05:00</time><course>253.429</course><roll>1.618759</roll><pitch>-6.307324</pitch><mode /></trkpt><trkpt lat="34.7538337" lon="-118.3315171"><ele>786.17</ele><time>2026-06-27T13:54:27-05:00</time><course>255.3762</course><roll>-0.5966716</roll><pitch>-5.458403</pitch><mode /></trkpt><trkpt lat="34.7538266" lon="-118.3315116"><ele>786.38</ele><time>2026-06-27T13:54:27-05:00</time><course>253.3671</course><roll>-2.282582</roll><pitch>-3.521988</pitch><mode /></trkpt><trkpt lat="34.7538198" lon="-118.3315062"><ele>786.54</ele><time>2026-06-27T13:54:27-05:00</time><course>250.4484</course><roll>-5.968996</roll><pitch>-1.694021</pitch><mode /></trkpt><trkpt lat="34.7538131" lon="-118.331501"><ele>786.58</ele><time>2026-06-27T13:54:28-05:00</time><course>248.7508</course><roll>-13.53374</roll><pitch>1.093687</pitch><mode /></trkpt><trkpt lat="34.7538061" lon="-118.3314959"><ele>786.46</ele><time>2026-06-27T13:54:28-05:00</time><course>249.8411</course><roll>-14.50095</roll><pitch>1.873085</pitch><mode /></trkpt><trkpt lat="34.7537996" lon="-118.3314916"><ele>786.3</ele><time>2026-06-27T13:54:28-05:00</time><course>248.4482</course><roll>-14.4574</roll><pitch>-0.4906881</pitch><mode /></trkpt><trkpt lat="34.7537936" lon="-118.3314882"><ele>786.22</ele><time>2026-06-27T13:54:28-05:00</time><course>249.6279</course><roll>-14.19262</roll><pitch>-2.385759</pitch><mode /></trkpt><trkpt lat="34.7537877" lon="-118.3314849"><ele>786.22</ele><time>2026-06-27T13:54:28-05:00</time><course>256.8492</course><roll>-18.86667</roll><pitch>-2.869225</pitch><mode /></trkpt><trkpt lat="34.7537828" lon="-118.331482"><ele>786.28</ele><time>2026-06-27T13:54:29-05:00</time><course>256.0156</course><roll>-18.8311</roll><pitch>-6.080339</pitch><mode /></trkpt><trkpt lat="34.7537787" lon="-118.3314794"><ele>786.27</ele><time>2026-06-27T13:54:29-05:00</time><course>256.3287</course><roll>-17.03206</roll><pitch>-6.298988</pitch><mode /></trkpt><trkpt lat="34.7537747" lon="-118.3314769"><ele>786.17</ele><time>2026-06-27T13:54:29-05:00</time><course>258.7493</course><roll>-15.23917</roll><pitch>-4.544849</pitch><mode /></trkpt><trkpt lat="34.7537708" lon="-118.3314745"><ele>786</ele><time>2026-06-27T13:54:29-05:00</time><course>265.748</course><roll>-19.67571</roll><pitch>-2.0441</pitch><mode /></trkpt><trkpt lat="34.7537677" lon="-118.3314722"><ele>785.79</ele><time>2026-06-27T13:54:29-05:00</time><course>268.0006</course><roll>-23.39716</roll><pitch>-2.780182</pitch><mode /></trkpt><trkpt lat="34.7537665" lon="-118.33147"><ele>785.6</ele><time>2026-06-27T13:54:30-05:00</time><course>263.4479</course><roll>-19.20134</roll><pitch>-8.031472</pitch><mode /></trkpt><trkpt lat="34.7537662" lon="-118.3314678"><ele>785.48</ele><time>2026-06-27T13:54:30-05:00</time><course>265.1644</course><roll>-16.86003</roll><pitch>-8.572348</pitch><mode /></trkpt><trkpt lat="34.7537669" lon="-118.3314625"><ele>785.46</ele><time>2026-06-27T13:54:30-05:00</time><course>268.6022</course><roll>-15.66099</roll><pitch>-8.169133</pitch><mode /></trkpt><trkpt lat="34.7537683" lon="-118.3314599"><ele>785.5</ele><time>2026-06-27T13:54:30-05:00</time><course>266.7211</course><roll>-9.860572</roll><pitch>-7.908437</pitch><mode /></trkpt><trkpt lat="34.7537693" lon="-118.3314574"><ele>785.53</ele><time>2026-06-27T13:54:31-05:00</time><course>269.0575</course><roll>-6.466708</roll><pitch>-5.919951</pitch><mode /></trkpt><trkpt lat="34.7537699" lon="-118.3314552"><ele>785.57</ele><time>2026-06-27T13:54:31-05:00</time><course>269.5117</course><roll>-6.744004</roll><pitch>-4.340975</pitch><mode /></trkpt><trkpt lat="34.7537704" lon="-118.3314535"><ele>785.54</ele><time>2026-06-27T13:54:31-05:00</time><course>269.0722</course><roll>-9.120027</roll><pitch>-1.630768</pitch><mode /></trkpt><trkpt lat="34.7537705" lon="-118.3314526"><ele>785.45</ele><time>2026-06-27T13:54:31-05:00</time><course>270.4056</course><roll>-9.536684</roll><pitch>0.007552161</pitch><mode /></trkpt><trkpt lat="34.7537707" lon="-118.3314523"><ele>785.23</ele><time>2026-06-27T13:54:31-05:00</time><course>266.9914</course><roll>-5.05369</roll><pitch>-1.500466</pitch><mode /></trkpt><trkpt lat="34.7537706" lon="-118.3314524"><ele>785.12</ele><time>2026-06-27T13:54:32-05:00</time><course>269.1033</course><roll>-0.1138589</roll><pitch>-2.091458</pitch><mode /></trkpt><trkpt lat="34.7537699" lon="-118.3314529"><ele>785.1</ele><time>2026-06-27T13:54:32-05:00</time><course>269.3092</course><roll>1.327601</roll><pitch>-2.457074</pitch><mode /></trkpt><trkpt lat="34.7537689" lon="-118.3314538"><ele>785.08</ele><time>2026-06-27T13:54:32-05:00</time><course>267.675</course><roll>1.137214</roll><pitch>-2.394752</pitch><mode /></trkpt><trkpt lat="34.7537675" lon="-118.3314547"><ele>785.06</ele><time>2026-06-27T13:54:32-05:00</time><course>264.3605</course><roll>3.795468</roll><pitch>-1.129913</pitch><mode /></trkpt><trkpt lat="34.7537656" lon="-118.3314558"><ele>784.99</ele><time>2026-06-27T13:54:32-05:00</time><course>263.3244</course><roll>2.605141</roll><pitch>2.159342</pitch><mode /></trkpt><trkpt lat="34.7537631" lon="-118.3314572"><ele>784.71</ele><time>2026-06-27T13:54:33-05:00</time><course>262.1874</course><roll>4.019267</roll><pitch>4.578529</pitch><mode /></trkpt><trkpt lat="34.7537602" lon="-118.3314591"><ele>784.19</ele><time>2026-06-27T13:54:33-05:00</time><course>262.0524</course><roll>1.960308</roll><pitch>4.057915</pitch><mode /></trkpt><trkpt lat="34.7537565" lon="-118.3314618"><ele>783.73</ele><time>2026-06-27T13:54:33-05:00</time><course>260.497</course><roll>-3.029293</roll><pitch>-0.5862516</pitch><mode /></trkpt><trkpt lat="34.7537524" lon="-118.331465"><ele>783.49</ele><time>2026-06-27T13:54:33-05:00</time><course>259.1456</course><roll>-2.211704</roll><pitch>-4.899953</pitch><mode /></trkpt><trkpt lat="34.7537477" lon="-118.3314679"><ele>783.47</ele><time>2026-06-27T13:54:33-05:00</time><course>259.7713</course><roll>2.026352</roll><pitch>-6.59888</pitch><mode /></trkpt><trkpt lat="34.7537424" lon="-118.3314703"><ele>783.68</ele><time>2026-06-27T13:54:34-05:00</time><course>259.3091</course><roll>3.474228</roll><pitch>-7.001945</pitch><mode /></trkpt><trkpt lat="34.7537367" lon="-118.3314723"><ele>783.95</ele><time>2026-06-27T13:54:34-05:00</time><course>262.4649</course><roll>0.01955203</roll><pitch>-6.186617</pitch><mode /></trkpt><trkpt lat="34.7537307" lon="-118.3314739"><ele>784.16</ele><time>2026-06-27T13:54:34-05:00</time><course>265.7957</course><roll>-8.125095</roll><pitch>-2.404321</pitch><mode /></trkpt><trkpt lat="34.7537251" lon="-118.3314756"><ele>784.25</ele><time>2026-06-27T13:54:34-05:00</time><course>263.3651</course><roll>-11.47459</roll><pitch>0.3172383</pitch><mode /></trkpt><trkpt lat="34.7537199" lon="-118.3314778"><ele>784.11</ele><time>2026-06-27T13:54:34-05:00</time><course>258.6433</course><roll>-11.06353</roll><pitch>0.6079038</pitch><mode /></trkpt><trkpt lat="34.7537147" lon="-118.3314806"><ele>783.93</ele><time>2026-06-27T13:54:35-05:00</time><course>255.8196</course><roll>-3.409441</roll><pitch>-2.706831</pitch><mode /></trkpt><trkpt lat="34.7537093" lon="-118.3314837"><ele>783.93</ele><time>2026-06-27T13:54:35-05:00</time><course>256.1249</course><roll>-1.817793</roll><pitch>-3.310551</pitch><mode /></trkpt><trkpt lat="34.7537034" lon="-118.3314868"><ele>783.95</ele><time>2026-06-27T13:54:35-05:00</time><course>255.4598</course><roll>1.419549</roll><pitch>-2.453644</pitch><mode /></trkpt><trkpt lat="34.7536968" lon="-118.3314899"><ele>783.91</ele><time>2026-06-27T13:54:35-05:00</time><course>258.6631</course><roll>-2.679616</roll><pitch>0.511664</pitch><mode /></trkpt><trkpt lat="34.7536898" lon="-118.331493"><ele>783.73</ele><time>2026-06-27T13:54:35-05:00</time><course>258.1298</course><roll>-5.007771</roll><pitch>1.668313</pitch><mode /></trkpt><trkpt lat="34.7536825" lon="-118.3314965"><ele>783.46</ele><time>2026-06-27T13:54:36-05:00</time><course>262.2257</course><roll>-11.80321</roll><pitch>4.430902</pitch><mode /></trkpt><trkpt lat="34.7536755" lon="-118.3315007"><ele>783.2</ele><time>2026-06-27T13:54:36-05:00</time><course>260.8305</course><roll>-11.95287</roll><pitch>4.931845</pitch><mode /></trkpt><trkpt lat="34.7536692" lon="-118.3315058"><ele>782.87</ele><time>2026-06-27T13:54:36-05:00</time><course>261.6297</course><roll>-12.70115</roll><pitch>4.704046</pitch><mode /></trkpt><trkpt lat="34.7536635" lon="-118.3315116"><ele>782.47</ele><time>2026-06-27T13:54:36-05:00</time><course>262.7727</course><roll>-13.8593</roll><pitch>3.655576</pitch><mode /></trkpt><trkpt lat="34.7536582" lon="-118.3315179"><ele>782.18</ele><time>2026-06-27T13:54:36-05:00</time><course>269.0527</course><roll>-16.66143</roll><pitch>5.176158</pitch><mode /></trkpt><trkpt lat="34.7536539" lon="-118.331525"><ele>781.92</ele><time>2026-06-27T13:54:37-05:00</time><course>266.6907</course><roll>-19.16714</roll><pitch>-0.5141531</pitch><mode /></trkpt><trkpt lat="34.7536515" lon="-118.331533"><ele>781.85</ele><time>2026-06-27T13:54:37-05:00</time><course>269.2151</course><roll>-19.84156</roll><pitch>-3.208327</pitch><mode /></trkpt><trkpt lat="34.7536501" lon="-118.3315414"><ele>782.05</ele><time>2026-06-27T13:54:37-05:00</time><course>275.5029</course><roll>-21.102</roll><pitch>-5.435321</pitch><mode /></trkpt><trkpt lat="34.7536508" lon="-118.3315498"><ele>782.51</ele><time>2026-06-27T13:54:37-05:00</time><course>273.3393</course><roll>-21.12726</roll><pitch>-9.888278</pitch><mode /></trkpt><trkpt lat="34.7536528" lon="-118.3315573"><ele>783.12</ele><time>2026-06-27T13:54:37-05:00</time><course>276.042</course><roll>-19.28083</roll><pitch>-9.176362</pitch><mode /></trkpt><trkpt lat="34.7536547" lon="-118.3315638"><ele>783.64</ele><time>2026-06-27T13:54:38-05:00</time><course>278.6127</course><roll>-17.12735</roll><pitch>-8.42151</pitch><mode /></trkpt><trkpt lat="34.7536574" lon="-118.3315691"><ele>784.07</ele><time>2026-06-27T13:54:38-05:00</time><course>275.4438</course><roll>-13.00912</roll><pitch>-9.201676</pitch><mode /></trkpt><trkpt lat="34.7536607" lon="-118.3315731"><ele>784.52</ele><time>2026-06-27T13:54:38-05:00</time><course>274.6797</course><roll>-6.552742</roll><pitch>-7.008592</pitch><mode /></trkpt><trkpt lat="34.7536634" lon="-118.3315764"><ele>784.89</ele><time>2026-06-27T13:54:38-05:00</time><course>275.1986</course><roll>-3.771747</roll><pitch>-4.540092</pitch><mode /></trkpt><trkpt lat="34.7536661" lon="-118.3315795"><ele>785.09</ele><time>2026-06-27T13:54:38-05:00</time><course>273.6478</course><roll>-2.271574</roll><pitch>-2.237285</pitch><mode /></trkpt><trkpt lat="34.7536687" lon="-118.3315824"><ele>785</ele><time>2026-06-27T13:54:39-05:00</time><course>270.5412</course><roll>0.2089828</roll><pitch>1.389761</pitch><mode /></trkpt><trkpt lat="34.7536708" lon="-118.3315854"><ele>784.75</ele><time>2026-06-27T13:54:39-05:00</time><course>272.4435</course><roll>-1.885501</roll><pitch>1.976046</pitch><mode /></trkpt><trkpt lat="34.7536724" lon="-118.3315885"><ele>784.47</ele><time>2026-06-27T13:54:39-05:00</time><course>271.9799</course><roll>0.6585307</roll><pitch>0.1751143</pitch><mode /></trkpt><trkpt lat="34.7536742" lon="-118.3315917"><ele>784.28</ele><time>2026-06-27T13:54:39-05:00</time><course>265.8574</course><roll>5.141495</roll><pitch>-1.005243</pitch><mode /></trkpt><trkpt lat="34.7536756" lon="-118.3315947"><ele>784.18</ele><time>2026-06-27T13:54:39-05:00</time><course>264.3546</course><roll>1.857585</roll><pitch>-1.282631</pitch><mode /></trkpt><trkpt lat="34.7536763" lon="-118.3315973"><ele>784.02</ele><time>2026-06-27T13:54:40-05:00</time><course>265.9854</course><roll>-5.071184</roll><pitch>-2.13368</pitch><mode /></trkpt><trkpt lat="34.753677" lon="-118.3315998"><ele>783.85</ele><time>2026-06-27T13:54:40-05:00</time><course>264.1957</course><roll>-8.262566</roll><pitch>-1.673092</pitch><mode /></trkpt><trkpt lat="34.7536773" lon="-118.3316023"><ele>783.71</ele><time>2026-06-27T13:54:40-05:00</time><course>268.8448</course><roll>-8.066387</roll><pitch>-2.94652</pitch><mode /></trkpt><trkpt lat="34.7536779" lon="-118.3316053"><ele>783.91</ele><time>2026-06-27T13:54:40-05:00</time><course>266.5136</course><roll>-8.66365</roll><pitch>-6.229597</pitch><mode /></trkpt><trkpt lat="34.7536795" lon="-118.3316083"><ele>784.51</ele><time>2026-06-27T13:54:40-05:00</time><course>260.146</course><roll>0.1630951</roll><pitch>-7.747313</pitch><mode /></trkpt><trkpt lat="34.7536806" lon="-118.3316104"><ele>785.04</ele><time>2026-06-27T13:54:41-05:00</time><course>269.3182</course><roll>4.585442</roll><pitch>-4.265943</pitch><mode /></trkpt><trkpt lat="34.753681" lon="-118.3316135"><ele>785.14</ele><time>2026-06-27T13:54:41-05:00</time><course>275.6132</course><roll>8.998171</roll><pitch>2.164697</pitch><mode /></trkpt><trkpt lat="34.7536819" lon="-118.3316151"><ele>784.78</ele><time>2026-06-27T13:54:41-05:00</time><course>270.302</course><roll>-3.26246</roll><pitch>6.205487</pitch><mode /></trkpt><trkpt lat="34.7536823" lon="-118.3316171"><ele>784.27</ele><time>2026-06-27T13:54:41-05:00</time><course>269.4459</course><roll>0.5651072</roll><pitch>5.915579</pitch><mode /></trkpt><trkpt lat="34.7536819" lon="-118.3316196"><ele>783.77</ele><time>2026-06-27T13:54:42-05:00</time><course>272.5408</course><roll>-1.225585</roll><pitch>0.01186436</pitch><mode /></trkpt><trkpt lat="34.7536817" lon="-118.3316225"><ele>783.4</ele><time>2026-06-27T13:54:42-05:00</time><course>267.4169</course><roll>-3.583276</roll><pitch>-5.543602</pitch><mode /></trkpt><trkpt lat="34.7536815" lon="-118.3316251"><ele>783.42</ele><time>2026-06-27T13:54:42-05:00</time><course>267.3992</course><roll>0.972526</roll><pitch>-7.598634</pitch><mode /></trkpt><trkpt lat="34.7536801" lon="-118.331627"><ele>783.7</ele><time>2026-06-27T13:54:42-05:00</time><course>273.6335</course><roll>-2.226794</roll><pitch>-7.291124</pitch><mode /></trkpt><trkpt lat="34.7536783" lon="-118.3316284"><ele>784.06</ele><time>2026-06-27T13:54:42-05:00</time><course>272.5634</course><roll>-12.81517</roll><pitch>-2.51199</pitch><mode /></trkpt><trkpt lat="34.753677" lon="-118.33163"><ele>784.28</ele><time>2026-06-27T13:54:43-05:00</time><course>264.712</course><roll>-11.61386</roll><pitch>-0.3378529</pitch><mode /></trkpt><trkpt lat="34.7536755" lon="-118.3316318"><ele>784.29</ele><time>2026-06-27T13:54:43-05:00</time><course>266.0254</course><roll>-13.87592</roll><pitch>1.388911</pitch><mode /></trkpt><trkpt lat="34.7536741" lon="-118.3316335"><ele>784.13</ele><time>2026-06-27T13:54:43-05:00</time><course>260.9694</course><roll>-13.38605</roll><pitch>-0.9442876</pitch><mode /></trkpt><trkpt lat="34.7536731" lon="-118.3316351"><ele>784.01</ele><time>2026-06-27T13:54:43-05:00</time><course>263.6247</course><roll>-11.35879</roll><pitch>-5.467326</pitch><mode /></trkpt><trkpt lat="34.7536721" lon="-118.3316366"><ele>784.11</ele><time>2026-06-27T13:54:43-05:00</time><course>266.1906</course><roll>-4.753784</roll><pitch>-7.262556</pitch><mode /></trkpt><trkpt lat="34.7536709" lon="-118.3316374"><ele>784.48</ele><time>2026-06-27T13:54:44-05:00</time><course>268.9658</course><roll>-2.60165</roll><pitch>-4.983137</pitch><mode /></trkpt><trkpt lat="34.7536692" lon="-118.3316375"><ele>784.88</ele><time>2026-06-27T13:54:44-05:00</time><course>270.1379</course><roll>-3.165754</roll><pitch>-0.4213898</pitch><mode /></trkpt><trkpt lat="34.7536671" lon="-118.3316374"><ele>785.06</ele><time>2026-06-27T13:54:44-05:00</time><course>268.9729</course><roll>-3.613593</roll><pitch>3.209055</pitch><mode /></trkpt><trkpt lat="34.7536652" lon="-118.3316375"><ele>784.93</ele><time>2026-06-27T13:54:44-05:00</time><course>263.674</course><roll>-3.915071</roll><pitch>3.719573</pitch><mode /></trkpt><trkpt lat="34.7536634" lon="-118.3316378"><ele>784.58</ele><time>2026-06-27T13:54:44-05:00</time><course>260.6686</course><roll>-6.75639</roll><pitch>2.05964</pitch><mode /></trkpt><trkpt lat="34.7536609" lon="-118.3316384"><ele>784.1</ele><time>2026-06-27T13:54:45-05:00</time><course>260.7722</course><roll>-8.256248</roll><pitch>-4.483012</pitch><mode /></trkpt><trkpt lat="34.7536582" lon="-118.3316395"><ele>783.69</ele><time>2026-06-27T13:54:45-05:00</time><course>260.2351</course><roll>-7.309099</roll><pitch>-7.98154</pitch><mode /></trkpt><trkpt lat="34.7536561" lon="-118.3316407"><ele>783.6</ele><time>2026-06-27T13:54:45-05:00</time><course>256.8709</course><roll>-0.7040767</roll><pitch>-7.327467</pitch><mode /></trkpt><trkpt lat="34.7536533" lon="-118.3316414"><ele>783.57</ele><time>2026-06-27T13:54:45-05:00</time><course>258.3327</course><roll>-0.8063874</roll><pitch>-5.772302</pitch><mode /></trkpt><trkpt lat="34.7536499" lon="-118.3316417"><ele>783.51</ele><time>2026-06-27T13:54:45-05:00</time><course>259.574</course><roll>6.849921</roll><pitch>-3.356396</pitch><mode /></trkpt><trkpt lat="34.7536465" lon="-118.3316423"><ele>783.18</ele><time>2026-06-27T13:54:46-05:00</time><course>264.5377</course><roll>2.235091</roll><pitch>-2.640101</pitch><mode /></trkpt><trkpt lat="34.7536416" lon="-118.3316436"><ele>782.81</ele><time>2026-06-27T13:54:46-05:00</time><course>267.2474</course><roll>-9.271854</roll><pitch>-1.961577</pitch><mode /></trkpt><trkpt lat="34.7536366" lon="-118.3316455"><ele>782.69</ele><time>2026-06-27T13:54:46-05:00</time><course>262.1624</course><roll>-12.13268</roll><pitch>-5.53512</pitch><mode /></trkpt><trkpt lat="34.7536325" lon="-118.3316478"><ele>782.61</ele><time>2026-06-27T13:54:46-05:00</time><course>258.1381</course><roll>-8.993504</roll><pitch>-7.106271</pitch><mode /></trkpt><trkpt lat="34.7536281" lon="-118.3316501"><ele>782.58</ele><time>2026-06-27T13:54:46-05:00</time><course>260.9698</course><roll>-12.34381</roll><pitch>-5.151827</pitch><mode /></trkpt><trkpt lat="34.7536239" lon="-118.3316521"><ele>782.77</ele><time>2026-06-27T13:54:47-05:00</time><course>257.4848</course><roll>-12.73408</roll><pitch>-1.06211</pitch><mode /></trkpt><trkpt lat="34.7536204" lon="-118.3316542"><ele>782.91</ele><time>2026-06-27T13:54:47-05:00</time><course>257.2926</course><roll>-13.04161</roll><pitch>0.3012851</pitch><mode /></trkpt><trkpt lat="34.7536161" lon="-118.3316563"><ele>782.85</ele><time>2026-06-27T13:54:47-05:00</time><course>265.5201</course><roll>-14.70251</roll><pitch>1.143386</pitch><mode /></trkpt><trkpt lat="34.7536122" lon="-118.3316587"><ele>782.84</ele><time>2026-06-27T13:54:47-05:00</time><course>261.819</course><roll>-12.8321</roll><pitch>-5.472761</pitch><mode /></trkpt><trkpt lat="34.7536101" lon="-118.3316614"><ele>783.17</ele><time>2026-06-27T13:54:47-05:00</time><course>255.1163</course><roll>2.303486</roll><pitch>-11.38585</pitch><mode /></trkpt><trkpt lat="34.7536078" lon="-118.331663"><ele>783.74</ele><time>2026-06-27T13:54:48-05:00</time><course>255.9175</course><roll>12.03594</roll><pitch>-11.70242</pitch><mode /></trkpt><trkpt lat="34.7536043" lon="-118.3316641"><ele>784.33</ele><time>2026-06-27T13:54:48-05:00</time><course>255.6347</course><roll>18.15334</roll><pitch>-9.789257</pitch><mode /></trkpt><trkpt lat="34.7535998" lon="-118.3316649"><ele>784.78</ele><time>2026-06-27T13:54:48-05:00</time><course>257.3604</course><roll>18.49706</roll><pitch>-8.717651</pitch><mode /></trkpt><trkpt lat="34.7535946" lon="-118.3316656"><ele>785.04</ele><time>2026-06-27T13:54:48-05:00</time><course>255.7301</course><roll>16.91787</roll><pitch>-6.312317</pitch><mode /></trkpt><trkpt lat="34.7535897" lon="-118.331667"><ele>785.04</ele><time>2026-06-27T13:54:48-05:00</time><course>249.9573</course><roll>16.06517</roll><pitch>-4.076028</pitch><mode /></trkpt><trkpt lat="34.7535841" lon="-118.331669"><ele>784.85</ele><time>2026-06-27T13:54:49-05:00</time><course>247.4751</course><roll>21.885</roll><pitch>-6.371194</pitch><mode /></trkpt><trkpt lat="34.7535766" lon="-118.3316707"><ele>784.74</ele><time>2026-06-27T13:54:49-05:00</time><course>244.4749</course><roll>19.68811</roll><pitch>-10.87161</pitch><mode /></trkpt><trkpt lat="34.7535668" lon="-118.3316714"><ele>784.95</ele><time>2026-06-27T13:54:49-05:00</time><course>243.0206</course><roll>11.04099</roll><pitch>-14.13347</pitch><mode /></trkpt><trkpt lat="34.7535559" lon="-118.331671"><ele>785.32</ele><time>2026-06-27T13:54:49-05:00</time><course>242.4065</course><roll>7.905617</roll><pitch>-10.69622</pitch><mode /></trkpt><trkpt lat="34.7535445" lon="-118.3316704"><ele>785.6</ele><time>2026-06-27T13:54:49-05:00</time><course>245.4848</course><roll>3.138303</roll><pitch>-11.03768</pitch><mode /></trkpt><trkpt lat="34.7535327" lon="-118.3316699"><ele>785.79</ele><time>2026-06-27T13:54:50-05:00</time><course>245.853</course><roll>-9.539662</roll><pitch>-11.07504</pitch><mode /></trkpt><trkpt lat="34.7535213" lon="-118.3316697"><ele>786.05</ele><time>2026-06-27T13:54:50-05:00</time><course>246.236</course><roll>-17.00333</roll><pitch>-10.445</pitch><mode /></trkpt><trkpt lat="34.7535106" lon="-118.33167"><ele>786.32</ele><time>2026-06-27T13:54:50-05:00</time><course>248.5824</course><roll>-24.2074</roll><pitch>-7.033295</pitch><mode /></trkpt><trkpt lat="34.7535006" lon="-118.3316711"><ele>786.57</ele><time>2026-06-27T13:54:50-05:00</time><course>250.1571</course><roll>-26.82845</roll><pitch>-3.116521</pitch><mode /></trkpt><trkpt lat="34.7534913" lon="-118.3316735"><ele>786.75</ele><time>2026-06-27T13:54:50-05:00</time><course>253.7197</course><roll>-7.556242</roll><pitch>-4.845063</pitch><mode /></trkpt><trkpt lat="34.7534834" lon="-118.3316774"><ele>786.99</ele><time>2026-06-27T13:54:51-05:00</time><course>248.4427</course><roll>-14.22812</roll><pitch>-9.100803</pitch><mode /></trkpt><trkpt lat="34.7534764" lon="-118.331682"><ele>787.6</ele><time>2026-06-27T13:54:51-05:00</time><course>251.3539</course><roll>-18.72583</roll><pitch>-7.079247</pitch><mode /></trkpt><trkpt lat="34.7534695" lon="-118.3316868"><ele>788.19</ele><time>2026-06-27T13:54:51-05:00</time><course>256.6577</course><roll>-27.22799</roll><pitch>-4.496916</pitch><mode /></trkpt><trkpt lat="34.7534636" lon="-118.3316925"><ele>788.66</ele><time>2026-06-27T13:54:51-05:00</time><course>257.476</course><roll>-23.74621</roll><pitch>-3.207757</pitch><mode /></trkpt><trkpt lat="34.7534593" lon="-118.3316994"><ele>789.03</ele><time>2026-06-27T13:54:51-05:00</time><course>254.6289</course><roll>-23.7784</roll><pitch>-5.405201</pitch><mode /></trkpt><trkpt lat="34.7534561" lon="-118.3317072"><ele>789.44</ele><time>2026-06-27T13:54:52-05:00</time><course>257.8173</course><roll>-26.54777</roll><pitch>-6.994163</pitch><mode /></trkpt><trkpt lat="34.7534532" lon="-118.3317155"><ele>789.89</ele><time>2026-06-27T13:54:52-05:00</time><course>264.0948</course><roll>-27.96994</roll><pitch>-4.521553</pitch><mode /></trkpt><trkpt lat="34.7534514" lon="-118.3317241"><ele>790.37</ele><time>2026-06-27T13:54:52-05:00</time><course>266.1188</course><roll>-27.91267</roll><pitch>-4.8994</pitch><mode /></trkpt><trkpt lat="34.7534511" lon="-118.3317328"><ele>790.75</ele><time>2026-06-27T13:54:52-05:00</time><course>265.9666</course><roll>-30.90682</roll><pitch>-5.070521</pitch><mode /></trkpt><trkpt lat="34.7534512" lon="-118.3317415"><ele>791.05</ele><time>2026-06-27T13:54:52-05:00</time><course>268.7182</course><roll>-27.41819</roll><pitch>-8.653378</pitch><mode /></trkpt><trkpt lat="34.7534527" lon="-118.3317491"><ele>791.43</ele><time>2026-06-27T13:54:53-05:00</time><course>270.9804</course><roll>-15.56682</roll><pitch>-8.634621</pitch><mode /></trkpt><trkpt lat="34.7534555" lon="-118.3317549"><ele>791.96</ele><time>2026-06-27T13:54:53-05:00</time><course>274.0606</course><roll>-6.202399</roll><pitch>-6.722748</pitch><mode /></trkpt><trkpt lat="34.7534587" lon="-118.3317598"><ele>792.7</ele><time>2026-06-27T13:54:53-05:00</time><course>276.1887</course><roll>-10.19934</roll><pitch>-5.943781</pitch><mode /></trkpt><trkpt lat="34.7534621" lon="-118.3317642"><ele>793.28</ele><time>2026-06-27T13:54:53-05:00</time><course>274.6299</course><roll>-5.09065</roll><pitch>-5.778513</pitch><mode /></trkpt><trkpt lat="34.7534651" lon="-118.3317682"><ele>793.69</ele><time>2026-06-27T13:54:53-05:00</time><course>275.4513</course><roll>-10.40153</roll><pitch>-1.982284</pitch><mode /></trkpt><trkpt lat="34.7534679" lon="-118.3317715"><ele>794.08</ele><time>2026-06-27T13:54:54-05:00</time><course>272.4463</course><roll>-21.77993</roll><pitch>1.237445</pitch><mode /></trkpt><trkpt lat="34.7534709" lon="-118.3317742"><ele>794.1</ele><time>2026-06-27T13:54:54-05:00</time><course>271.4679</course><roll>-25.67571</roll><pitch>-0.7489633</pitch><mode /></trkpt><trkpt lat="34.7534746" lon="-118.3317766"><ele>794.08</ele><time>2026-06-27T13:54:54-05:00</time><course>274.4487</course><roll>-26.55686</roll><pitch>-0.9863372</pitch><mode /></trkpt><trkpt lat="34.7534791" lon="-118.3317786"><ele>793.93</ele><time>2026-06-27T13:54:54-05:00</time><course>276.057</course><roll>-31.89952</roll><pitch>-2.099573</pitch><mode /></trkpt><trkpt lat="34.7534845" lon="-118.3317797"><ele>793.51</ele><time>2026-06-27T13:54:54-05:00</time><course>266.8399</course><roll>-14.09095</roll><pitch>-9.428094</pitch><mode /></trkpt><trkpt lat="34.7534908" lon="-118.3317795"><ele>793.19</ele><time>2026-06-27T13:54:55-05:00</time><course>271.175</course><roll>-17.99194</roll><pitch>-9.336137</pitch><mode /></trkpt><trkpt lat="34.7534971" lon="-118.3317779"><ele>793.01</ele><time>2026-06-27T13:54:55-05:00</time><course>273.9121</course><roll>-7.257007</roll><pitch>-8.886387</pitch><mode /></trkpt><trkpt lat="34.7535039" lon="-118.3317751"><ele>792.99</ele><time>2026-06-27T13:54:55-05:00</time><course>275.0586</course><roll>-7.530012</roll><pitch>-6.848305</pitch><mode /></trkpt><trkpt lat="34.7535112" lon="-118.3317716"><ele>793.09</ele><time>2026-06-27T13:54:55-05:00</time><course>274.1482</course><roll>-1.544572</roll><pitch>-5.341098</pitch><mode /></trkpt><trkpt lat="34.7535183" lon="-118.3317673"><ele>793.08</ele><time>2026-06-27T13:54:55-05:00</time><course>271.1476</course><roll>3.417995</roll><pitch>-3.058666</pitch><mode /></trkpt><trkpt lat="34.7535246" lon="-118.3317626"><ele>792.99</ele><time>2026-06-27T13:54:56-05:00</time><course>271.479</course><roll>10.00356</roll><pitch>-2.372576</pitch><mode /></trkpt><trkpt lat="34.7535295" lon="-118.3317576"><ele>792.87</ele><time>2026-06-27T13:54:56-05:00</time><course>276.1308</course><roll>10.4102</roll><pitch>-2.68907</pitch><mode /></trkpt><trkpt lat="34.7535332" lon="-118.3317525"><ele>792.78</ele><time>2026-06-27T13:54:56-05:00</time><course>281.8199</course><roll>7.993347</roll><pitch>-2.488048</pitch><mode /></trkpt><trkpt lat="34.7535366" lon="-118.3317474"><ele>792.6</ele><time>2026-06-27T13:54:56-05:00</time><course>280.7327</course><roll>4.787978</roll><pitch>0.3573033</pitch><mode /></trkpt><trkpt lat="34.7535403" lon="-118.3317423"><ele>792.36</ele><time>2026-06-27T13:54:56-05:00</time><course>276.2807</course><roll>5.175508</roll><pitch>3.284245</pitch><mode /></trkpt><trkpt lat="34.7535436" lon="-118.3317372"><ele>792.02</ele><time>2026-06-27T13:54:57-05:00</time><course>274.0463</course><roll>7.630568</roll><pitch>5.430403</pitch><mode /></trkpt><trkpt lat="34.7535457" lon="-118.3317327"><ele>791.71</ele><time>2026-06-27T13:54:57-05:00</time><course>277.7553</course><roll>1.839105</roll><pitch>4.18614</pitch><mode /></trkpt><trkpt lat="34.7535474" lon="-118.3317286"><ele>791.35</ele><time>2026-06-27T13:54:57-05:00</time><course>278.0183</course><roll>-5.677609</roll><pitch>0.9506867</pitch><mode /></trkpt><trkpt lat="34.7535496" lon="-118.3317243"><ele>791.12</ele><time>2026-06-27T13:54:57-05:00</time><course>273.8478</course><roll>-1.729723</roll><pitch>-3.113012</pitch><mode /></trkpt><trkpt lat="34.753552" lon="-118.3317199"><ele>791.15</ele><time>2026-06-27T13:54:57-05:00</time><course>273.4447</course><roll>0.8473674</roll><pitch>-5.126871</pitch><mode /></trkpt><trkpt lat="34.7535539" lon="-118.331715"><ele>791.32</ele><time>2026-06-27T13:54:58-05:00</time><course>274.069</course><roll>-0.494743</roll><pitch>-6.275884</pitch><mode /></trkpt><trkpt lat="34.7535553" lon="-118.3317097"><ele>791.52</ele><time>2026-06-27T13:54:58-05:00</time><course>274.0713</course><roll>-1.942016</roll><pitch>-4.318414</pitch><mode /></trkpt><trkpt lat="34.7535565" lon="-118.3317042"><ele>791.66</ele><time>2026-06-27T13:54:58-05:00</time><course>273.4055</course><roll>-3.8917</roll><pitch>-0.7222364</pitch><mode /></trkpt><trkpt lat="34.7535578" lon="-118.3316985"><ele>791.6</ele><time>2026-06-27T13:54:58-05:00</time><course>271.5902</course><roll>-4.474281</roll><pitch>0.1379897</pitch><mode /></trkpt><trkpt lat="34.7535591" lon="-118.3316926"><ele>791.43</ele><time>2026-06-27T13:54:58-05:00</time><course>271.5162</course><roll>-5.228448</roll><pitch>-0.9429092</pitch><mode /></trkpt><trkpt lat="34.7535602" lon="-118.3316867"><ele>791.25</ele><time>2026-06-27T13:54:59-05:00</time><course>274.2938</course><roll>-5.285999</roll><pitch>-4.334</pitch><mode /></trkpt><trkpt lat="34.7535613" lon="-118.3316804"><ele>791.21</ele><time>2026-06-27T13:54:59-05:00</time><course>275.7557</course><roll>-5.405669</roll><pitch>-5.648883</pitch><mode /></trkpt><trkpt lat="34.7535624" lon="-118.3316738"><ele>791.33</ele><time>2026-06-27T13:54:59-05:00</time><course>274.1309</course><roll>-5.385677</roll><pitch>-7.310513</pitch><mode /></trkpt><trkpt lat="34.7535639" lon="-118.3316667"><ele>791.47</ele><time>2026-06-27T13:54:59-05:00</time><course>270.7288</course><roll>-4.15269</roll><pitch>-7.609224</pitch><mode /></trkpt><trkpt lat="34.7535651" lon="-118.3316593"><ele>791.65</ele><time>2026-06-27T13:54:59-05:00</time><course>270.4887</course><roll>-4.911644</roll><pitch>-4.790308</pitch><mode /></trkpt><trkpt lat="34.753566" lon="-118.3316515"><ele>791.84</ele><time>2026-06-27T13:55:00-05:00</time><course>272.8489</course><roll>-6.837896</roll><pitch>-1.277644</pitch><mode /></trkpt><trkpt lat="34.7535667" lon="-118.3316437"><ele>791.87</ele><time>2026-06-27T13:55:00-05:00</time><course>272.7536</course><roll>-5.055117</roll><pitch>-0.9886714</pitch><mode /></trkpt><trkpt lat="34.7535672" lon="-118.3316358"><ele>791.83</ele><time>2026-06-27T13:55:00-05:00</time><course>275.1445</course><roll>-3.334997</roll><pitch>-1.888382</pitch><mode /></trkpt><trkpt lat="34.7535677" lon="-118.331628"><ele>791.84</ele><time>2026-06-27T13:55:00-05:00</time><course>275.312</course><roll>-4.991864</roll><pitch>-4.394442</pitch><mode /></trkpt><trkpt lat="34.7535689" lon="-118.3316201"><ele>791.97</ele><time>2026-06-27T13:55:00-05:00</time><course>267.2343</course><roll>-0.6531949</roll><pitch>-6.927223</pitch><mode /></trkpt><trkpt lat="34.7535699" lon="-118.3316119"><ele>792.14</ele><time>2026-06-27T13:55:01-05:00</time><course>268.8901</course><roll>-0.6117933</roll><pitch>-5.727882</pitch><mode /></trkpt><trkpt lat="34.7535698" lon="-118.3316036"><ele>792.26</ele><time>2026-06-27T13:55:01-05:00</time><course>271.3031</course><roll>-0.9222022</roll><pitch>-3.908788</pitch><mode /></trkpt><trkpt lat="34.7535696" lon="-118.3315953"><ele>792.34</ele><time>2026-06-27T13:55:01-05:00</time><course>270.0852</course><roll>-1.30787</roll><pitch>-2.091928</pitch><mode /></trkpt><trkpt lat="34.7535698" lon="-118.3315872"><ele>792.29</ele><time>2026-06-27T13:55:01-05:00</time><course>263.3649</course><roll>1.486115</roll><pitch>-2.728564</pitch><mode /></trkpt><trkpt lat="34.7535697" lon="-118.3315796"><ele>792.16</ele><time>2026-06-27T13:55:01-05:00</time><course>260.8197</course><roll>0.7323941</roll><pitch>-2.334337</pitch><mode /></trkpt><trkpt lat="34.7535689" lon="-118.3315719"><ele>792.03</ele><time>2026-06-27T13:55:02-05:00</time><course>261.9509</course><roll>1.144171</roll><pitch>-4.354425</pitch><mode /></trkpt><trkpt lat="34.7535676" lon="-118.3315644"><ele>791.95</ele><time>2026-06-27T13:55:02-05:00</time><course>263.5005</course><roll>1.801705</roll><pitch>-5.640656</pitch><mode /></trkpt><trkpt lat="34.7535656" lon="-118.3315568"><ele>792</ele><time>2026-06-27T13:55:02-05:00</time><course>267.1784</course><roll>0.2248955</roll><pitch>-5.169467</pitch><mode /></trkpt><trkpt lat="34.7535635" lon="-118.331549"><ele>792.1</ele><time>2026-06-27T13:55:02-05:00</time><course>265.4052</course><roll>-1.810951</roll><pitch>-3.42673</pitch><mode /></trkpt><trkpt lat="34.7535617" lon="-118.3315414"><ele>792.12</ele><time>2026-06-27T13:55:02-05:00</time><course>260.6812</course><roll>0.0664231</roll><pitch>-3.078086</pitch><mode /></trkpt><trkpt lat="34.7535594" lon="-118.3315336"><ele>792.12</ele><time>2026-06-27T13:55:03-05:00</time><course>262.8545</course><roll>0.4384864</roll><pitch>-2.667123</pitch><mode /></trkpt><trkpt lat="34.7535566" lon="-118.3315257"><ele>792.15</ele><time>2026-06-27T13:55:03-05:00</time><course>264.4782</course><roll>-0.6487646</roll><pitch>-2.068943</pitch><mode /></trkpt><trkpt lat="34.7535537" lon="-118.3315179"><ele>792.15</ele><time>2026-06-27T13:55:03-05:00</time><course>264.0625</course><roll>-3.127458</roll><pitch>-4.623705</pitch><mode /></trkpt><trkpt lat="34.753551" lon="-118.3315101"><ele>792.19</ele><time>2026-06-27T13:55:03-05:00</time><course>258.8961</course><roll>-5.350454</roll><pitch>-7.552659</pitch><mode /></trkpt><trkpt lat="34.7535485" lon="-118.331502"><ele>792.29</ele><time>2026-06-27T13:55:03-05:00</time><course>257.7371</course><roll>-7.02381</roll><pitch>-9.736671</pitch><mode /></trkpt><trkpt lat="34.7535457" lon="-118.3314935"><ele>792.42</ele><time>2026-06-27T13:55:04-05:00</time><course>259.709</course><roll>-11.87186</roll><pitch>-8.469734</pitch><mode /></trkpt><trkpt lat="34.753543" lon="-118.3314846"><ele>792.55</ele><time>2026-06-27T13:55:04-05:00</time><course>259.2933</course><roll>-13.45092</roll><pitch>-7.651782</pitch><mode /></trkpt><trkpt lat="34.7535411" lon="-118.3314755"><ele>792.64</ele><time>2026-06-27T13:55:04-05:00</time><course>256.2892</course><roll>-11.55154</roll><pitch>-8.516193</pitch><mode /></trkpt><trkpt lat="34.7535393" lon="-118.3314661"><ele>792.71</ele><time>2026-06-27T13:55:04-05:00</time><course>258.1018</course><roll>-6.861862</roll><pitch>-7.602946</pitch><mode /></trkpt><trkpt lat="34.7535377" lon="-118.3314562"><ele>792.87</ele><time>2026-06-27T13:55:04-05:00</time><course>256.6027</course><roll>-3.855119</roll><pitch>-7.61763</pitch><mode /></trkpt><trkpt lat="34.753536" lon="-118.3314463"><ele>793.09</ele><time>2026-06-27T13:55:05-05:00</time><course>255.785</course><roll>-1.61049</roll><pitch>-7.781818</pitch><mode /></trkpt><trkpt lat="34.7535338" lon="-118.3314362"><ele>793.23</ele><time>2026-06-27T13:55:05-05:00</time><course>256.7304</course><roll>-1.214137</roll><pitch>-7.115523</pitch><mode /></trkpt><trkpt lat="34.7535313" lon="-118.3314259"><ele>793.29</ele><time>2026-06-27T13:55:05-05:00</time><course>257.1272</course><roll>-2.378484</roll><pitch>-5.818368</pitch><mode /></trkpt><trkpt lat="34.7535285" lon="-118.3314156"><ele>793.34</ele><time>2026-06-27T13:55:05-05:00</time><course>255.64</course><roll>-1.112558</roll><pitch>-4.860105</pitch><mode /></trkpt><trkpt lat="34.7535255" lon="-118.3314054"><ele>793.34</ele><time>2026-06-27T13:55:05-05:00</time><course>253.9799</course><roll>2.024789</roll><pitch>-4.862149</pitch><mode /></trkpt><trkpt lat="34.7535219" lon="-118.3313955"><ele>793.34</ele><time>2026-06-27T13:55:06-05:00</time><course>253.3611</course><roll>0.1074769</roll><pitch>-5.650717</pitch><mode /></trkpt><trkpt lat="34.7535178" lon="-118.3313857"><ele>793.4</ele><time>2026-06-27T13:55:06-05:00</time><course>251.7166</course><roll>-1.328147</roll><pitch>-5.342104</pitch><mode /></trkpt><trkpt lat="34.7535135" lon="-118.3313762"><ele>793.52</ele><time>2026-06-27T13:55:06-05:00</time><course>252.5427</course><roll>-3.589563</roll><pitch>-6.31077</pitch><mode /></trkpt><trkpt lat="34.7535085" lon="-118.3313665"><ele>793.65</ele><time>2026-06-27T13:55:06-05:00</time><course>254.3624</course><roll>-6.445547</roll><pitch>-6.693943</pitch><mode /></trkpt><trkpt lat="34.7535034" lon="-118.3313567"><ele>793.77</ele><time>2026-06-27T13:55:06-05:00</time><course>252.929</course><roll>-6.50605</roll><pitch>-6.225956</pitch><mode /></trkpt><trkpt lat="34.7534983" lon="-118.3313471"><ele>793.85</ele><time>2026-06-27T13:55:07-05:00</time><course>252.4449</course><roll>-6.589262</roll><pitch>-5.407033</pitch><mode /></trkpt><trkpt lat="34.753493" lon="-118.3313376"><ele>793.9</ele><time>2026-06-27T13:55:07-05:00</time><course>252.037</course><roll>-6.890324</roll><pitch>-5.018622</pitch><mode /></trkpt><trkpt lat="34.7534876" lon="-118.3313282"><ele>793.86</ele><time>2026-06-27T13:55:07-05:00</time><course>251.3137</course><roll>-5.238427</roll><pitch>-5.406046</pitch><mode /></trkpt><trkpt lat="34.7534821" lon="-118.3313189"><ele>793.79</ele><time>2026-06-27T13:55:07-05:00</time><course>250.2713</course><roll>-4.604682</roll><pitch>-6.918096</pitch><mode /></trkpt><trkpt lat="34.7534766" lon="-118.3313096"><ele>793.78</ele><time>2026-06-27T13:55:07-05:00</time><course>247.9115</course><roll>-1.636536</roll><pitch>-8.620019</pitch><mode /></trkpt><trkpt lat="34.7534709" lon="-118.3313001"><ele>793.8</ele><time>2026-06-27T13:55:08-05:00</time><course>246.1391</course><roll>-1.407207</roll><pitch>-9.543539</pitch><mode /></trkpt><trkpt lat="34.7534648" lon="-118.3312904"><ele>793.83</ele><time>2026-06-27T13:55:08-05:00</time><course>246.1805</course><roll>2.360765</roll><pitch>-9.135449</pitch><mode /></trkpt><trkpt lat="34.7534581" lon="-118.3312807"><ele>793.92</ele><time>2026-06-27T13:55:08-05:00</time><course>246.1722</course><roll>10.39132</roll><pitch>-8.664501</pitch><mode /></trkpt><trkpt lat="34.7534508" lon="-118.331271"><ele>794.05</ele><time>2026-06-27T13:55:08-05:00</time><course>241.9306</course><roll>14.77371</roll><pitch>-7.938402</pitch><mode /></trkpt><trkpt lat="34.7534427" lon="-118.3312609"><ele>794.28</ele><time>2026-06-27T13:55:08-05:00</time><course>237.0883</course><roll>13.36966</roll><pitch>-6.417032</pitch><mode /></trkpt><trkpt lat="34.7534337" lon="-118.3312504"><ele>794.55</ele><time>2026-06-27T13:55:09-05:00</time><course>231.5215</course><roll>11.1392</roll><pitch>-4.117384</pitch><mode /></trkpt><trkpt lat="34.7534238" lon="-118.3312396"><ele>794.84</ele><time>2026-06-27T13:55:09-05:00</time><course>229.2006</course><roll>8.136058</roll><pitch>-3.661964</pitch><mode /></trkpt><trkpt lat="34.7534131" lon="-118.3312287"><ele>795.06</ele><time>2026-06-27T13:55:09-05:00</time><course>229.7507</course><roll>5.541474</roll><pitch>-1.778648</pitch><mode /></trkpt><trkpt lat="34.7534014" lon="-118.3312177"><ele>795.12</ele><time>2026-06-27T13:55:09-05:00</time><course>234.1461</course><roll>7.14957</roll><pitch>0.0888234</pitch><mode /></trkpt><trkpt lat="34.7533891" lon="-118.331207"><ele>795.09</ele><time>2026-06-27T13:55:09-05:00</time><course>232.1954</course><roll>3.897671</roll><pitch>2.156115</pitch><mode /></trkpt><trkpt lat="34.7533758" lon="-118.3311974"><ele>795.09</ele><time>2026-06-27T13:55:10-05:00</time><course>230.8546</course><roll>-1.281234</roll><pitch>-0.3642175</pitch><mode /></trkpt><trkpt lat="34.7533607" lon="-118.3311892"><ele>795.21</ele><time>2026-06-27T13:55:10-05:00</time><course>229.846</course><roll>-7.005916</roll><pitch>-2.367934</pitch><mode /></trkpt><trkpt lat="34.7533439" lon="-118.3311823"><ele>795.49</ele><time>2026-06-27T13:55:10-05:00</time><course>238.1175</course><roll>-10.17081</roll><pitch>-0.9046053</pitch><mode /></trkpt><trkpt lat="34.7533263" lon="-118.3311767"><ele>795.85</ele><time>2026-06-27T13:55:10-05:00</time><course>241.6412</course><roll>-15.73412</roll><pitch>0.007533645</pitch><mode /></trkpt><trkpt lat="34.7533092" lon="-118.3311731"><ele>796.12</ele><time>2026-06-27T13:55:10-05:00</time><course>240.5164</course><roll>-16.91747</roll><pitch>-0.7397476</pitch><mode /></trkpt><trkpt lat="34.7532923" lon="-118.3311711"><ele>796.42</ele><time>2026-06-27T13:55:11-05:00</time><course>242.4093</course><roll>-27.06127</roll><pitch>0.6821058</pitch><mode /></trkpt><trkpt lat="34.753276" lon="-118.3311708"><ele>796.71</ele><time>2026-06-27T13:55:11-05:00</time><course>241.9626</course><roll>-22.02798</roll><pitch>-0.7162785</pitch><mode /></trkpt><trkpt lat="34.7532602" lon="-118.331172"><ele>796.95</ele><time>2026-06-27T13:55:11-05:00</time><course>238.8438</course><roll>-17.80226</roll><pitch>-4.397772</pitch><mode /></trkpt><trkpt lat="34.753245" lon="-118.3311744"><ele>797.16</ele><time>2026-06-27T13:55:11-05:00</time><course>231.8689</course><roll>-12.89475</roll><pitch>-10.11478</pitch><mode /></trkpt><trkpt lat="34.7532304" lon="-118.3311772"><ele>797.65</ele><time>2026-06-27T13:55:11-05:00</time><course>236.7117</course><roll>-18.85568</roll><pitch>-10.22954</pitch><mode /></trkpt><trkpt lat="34.753217" lon="-118.3311807"><ele>798.6</ele><time>2026-06-27T13:55:12-05:00</time><course>233.0305</course><roll>-10.5515</roll><pitch>-13.01406</pitch><mode /></trkpt><trkpt lat="34.7532046" lon="-118.331185"><ele>800.02</ele><time>2026-06-27T13:55:12-05:00</time><course>239.2941</course><roll>-6.523442</roll><pitch>-9.523773</pitch><mode /></trkpt><trkpt lat="34.7531917" lon="-118.3311898"><ele>801.29</ele><time>2026-06-27T13:55:12-05:00</time><course>239.8898</course><roll>-7.054186</roll><pitch>-6.269157</pitch><mode /></trkpt><trkpt lat="34.7531786" lon="-118.3311966"><ele>802.17</ele><time>2026-06-27T13:55:12-05:00</time><course>233.1875</course><roll>-10.283</roll><pitch>-3.256339</pitch><mode /></trkpt><trkpt lat="34.7531652" lon="-118.3312047"><ele>802.87</ele><time>2026-06-27T13:55:12-05:00</time><course>230.7132</course><roll>-11.58949</roll><pitch>-2.086229</pitch><mode /></trkpt><trkpt lat="34.7531509" lon="-118.3312134"><ele>803.35</ele><time>2026-06-27T13:55:13-05:00</time><course>238.973</course><roll>-15.84993</roll><pitch>0.4406522</pitch><mode /></trkpt><trkpt lat="34.7531357" lon="-118.3312223"><ele>803.64</ele><time>2026-06-27T13:55:13-05:00</time><course>245.7607</course><roll>-20.4755</roll><pitch>2.846718</pitch><mode /></trkpt><trkpt lat="34.7531209" lon="-118.3312317"><ele>803.72</ele><time>2026-06-27T13:55:13-05:00</time><course>247.1981</course><roll>-21.5165</roll><pitch>1.20823</pitch><mode /></trkpt><trkpt lat="34.7531075" lon="-118.3312414"><ele>803.7</ele><time>2026-06-27T13:55:13-05:00</time><course>253.6166</course><roll>-26.04769</roll><pitch>2.748103</pitch><mode /></trkpt><trkpt lat="34.7530958" lon="-118.3312512"><ele>803.64</ele><time>2026-06-27T13:55:13-05:00</time><course>255.3472</course><roll>-29.4886</roll><pitch>2.103112</pitch><mode /></trkpt><trkpt lat="34.7530864" lon="-118.3312615"><ele>803.52</ele><time>2026-06-27T13:55:14-05:00</time><course>251.007</course><roll>-33.55561</roll><pitch>-0.5691241</pitch><mode /></trkpt><trkpt lat="34.7530782" lon="-118.3312713"><ele>803.33</ele><time>2026-06-27T13:55:14-05:00</time><course>255.5927</course><roll>-32.46134</roll><pitch>-0.1274231</pitch><mode /></trkpt><trkpt lat="34.7530711" lon="-118.3312804"><ele>803.04</ele><time>2026-06-27T13:55:14-05:00</time><course>261.1194</course><roll>-34.13698</roll><pitch>-0.6875395</pitch><mode /></trkpt><trkpt lat="34.7530665" lon="-118.3312893"><ele>802.74</ele><time>2026-06-27T13:55:14-05:00</time><course>260.6742</course><roll>-35.83485</roll><pitch>-5.214938</pitch><mode /></trkpt><trkpt lat="34.753065" lon="-118.3312977"><ele>802.66</ele><time>2026-06-27T13:55:14-05:00</time><course>262.7253</course><roll>-28.00228</roll><pitch>-10.88229</pitch><mode /></trkpt><trkpt lat="34.7530671" lon="-118.3313049"><ele>802.96</ele><time>2026-06-27T13:55:15-05:00</time><course>268.4238</course><roll>-25.31658</roll><pitch>-11.09688</pitch><mode /></trkpt><trkpt lat="34.7530711" lon="-118.3313103"><ele>803.47</ele><time>2026-06-27T13:55:15-05:00</time><course>271.2436</course><roll>-28.05336</roll><pitch>-7.592568</pitch><mode /></trkpt><trkpt lat="34.7530763" lon="-118.3313146"><ele>803.92</ele><time>2026-06-27T13:55:15-05:00</time><course>270.9282</course><roll>-29.84676</roll><pitch>-4.575635</pitch><mode /></trkpt><trkpt lat="34.7530819" lon="-118.3313182"><ele>804.14</ele><time>2026-06-27T13:55:15-05:00</time><course>269.4094</course><roll>-25.39368</roll><pitch>-5.38421</pitch><mode /></trkpt><trkpt lat="34.7530881" lon="-118.3313208"><ele>804.22</ele><time>2026-06-27T13:55:15-05:00</time><course>273.7198</course><roll>-13.13134</roll><pitch>-3.843592</pitch><mode /></trkpt><trkpt lat="34.7530941" lon="-118.3313226"><ele>804.22</ele><time>2026-06-27T13:55:16-05:00</time><course>279.1402</course><roll>-15.10428</roll><pitch>-1.783044</pitch><mode /></trkpt><trkpt lat="34.7531007" lon="-118.3313242"><ele>804.19</ele><time>2026-06-27T13:55:16-05:00</time><course>275.6302</course><roll>-13.85574</roll><pitch>-4.936727</pitch><mode /></trkpt><trkpt lat="34.753108" lon="-118.3313255"><ele>804.18</ele><time>2026-06-27T13:55:16-05:00</time><course>275.6515</course><roll>-4.778775</roll><pitch>-5.8801</pitch><mode /></trkpt><trkpt lat="34.7531143" lon="-118.3313265"><ele>804.16</ele><time>2026-06-27T13:55:16-05:00</time><course>281.5302</course><roll>-0.3653106</roll><pitch>-2.953419</pitch><mode /></trkpt><trkpt lat="34.7531207" lon="-118.3313269"><ele>804.07</ele><time>2026-06-27T13:55:16-05:00</time><course>277.3436</course><roll>7.740366</roll><pitch>0.8875375</pitch><mode /></trkpt><trkpt lat="34.753127" lon="-118.331327"><ele>804.02</ele><time>2026-06-27T13:55:17-05:00</time><course>273.3976</course><roll>11.05551</roll><pitch>6.147305</pitch><mode /></trkpt><trkpt lat="34.7531321" lon="-118.3313267"><ele>804.03</ele><time>2026-06-27T13:55:17-05:00</time><course>275.0526</course><roll>9.730292</roll><pitch>9.733893</pitch><mode /></trkpt><trkpt lat="34.7531366" lon="-118.3313256"><ele>803.82</ele><time>2026-06-27T13:55:17-05:00</time><course>275.3999</course><roll>15.87238</roll><pitch>13.47613</pitch><mode /></trkpt><trkpt lat="34.7531412" lon="-118.3313228"><ele>802.99</ele><time>2026-06-27T13:55:17-05:00</time><course>279.8136</course><roll>17.07609</roll><pitch>11.98522</pitch><mode /></trkpt><trkpt lat="34.7531454" lon="-118.3313193"><ele>801.93</ele><time>2026-06-27T13:55:17-05:00</time><course>277.0456</course><roll>5.15298</roll><pitch>10.11971</pitch><mode /></trkpt><trkpt lat="34.753149" lon="-118.3313167"><ele>801.14</ele><time>2026-06-27T13:55:18-05:00</time><course>273.5732</course><roll>4.644327</roll><pitch>8.793987</pitch><mode /></trkpt><trkpt lat="34.7531517" lon="-118.3313146"><ele>800.49</ele><time>2026-06-27T13:55:18-05:00</time><course>277.4377</course><roll>5.655955</roll><pitch>10.61784</pitch><mode /></trkpt><trkpt lat="34.7531542" lon="-118.3313125"><ele>799.6</ele><time>2026-06-27T13:55:18-05:00</time><course>274.5468</course><roll>-4.810229</roll><pitch>9.31312</pitch><mode /></trkpt><trkpt lat="34.7531573" lon="-118.3313114"><ele>798.55</ele><time>2026-06-27T13:55:18-05:00</time><course>270.9546</course><roll>-6.151581</roll><pitch>2.841069</pitch><mode /></trkpt><trkpt lat="34.7531603" lon="-118.3313125"><ele>797.99</ele><time>2026-06-27T13:55:18-05:00</time><course>269.8286</course><roll>-2.746023</roll><pitch>-5.960577</pitch><mode /></trkpt><trkpt lat="34.7531633" lon="-118.3313145"><ele>797.85</ele><time>2026-06-27T13:55:19-05:00</time><course>266.8438</course><roll>-4.376164</roll><pitch>-12.52737</pitch><mode /></trkpt><trkpt lat="34.7531661" lon="-118.3313158"><ele>798.09</ele><time>2026-06-27T13:55:19-05:00</time><course>266.9029</course><roll>-3.400576</roll><pitch>-13.79926</pitch><mode /></trkpt><trkpt lat="34.7531683" lon="-118.3313164"><ele>798.66</ele><time>2026-06-27T13:55:19-05:00</time><course>267.7202</course><roll>-2.895688</roll><pitch>-9.738118</pitch><mode /></trkpt><trkpt lat="34.7531701" lon="-118.3313171"><ele>799.25</ele><time>2026-06-27T13:55:19-05:00</time><course>264.1998</course><roll>-2.017404</roll><pitch>-6.396464</pitch><mode /></trkpt><trkpt lat="34.7531716" lon="-118.3313182"><ele>799.65</ele><time>2026-06-27T13:55:19-05:00</time><course>262.795</course><roll>2.568868</roll><pitch>-2.977285</pitch><mode /></trkpt><trkpt lat="34.7531723" lon="-118.3313193"><ele>799.82</ele><time>2026-06-27T13:55:20-05:00</time><course>269.7049</course><roll>2.823065</roll><pitch>-1.731247</pitch><mode /></trkpt><trkpt lat="34.7531728" lon="-118.3313223"><ele>799.75</ele><time>2026-06-27T13:55:20-05:00</time><course>262.4935</course><roll>2.016285</roll><pitch>-6.708715</pitch><mode /></trkpt><trkpt lat="34.753173" lon="-118.3313239"><ele>800.06</ele><time>2026-06-27T13:55:20-05:00</time><course>265.5956</course><roll>0.7053835</roll><pitch>-6.702521</pitch><mode /></trkpt><trkpt lat="34.7531722" lon="-118.3313251"><ele>800.38</ele><time>2026-06-27T13:55:20-05:00</time><course>266.9626</course><roll>-6.344657</roll><pitch>-4.110468</pitch><mode /></trkpt><trkpt lat="34.7531719" lon="-118.3313262"><ele>800.7</ele><time>2026-06-27T13:55:21-05:00</time><course>261.0117</course><roll>-5.32384</roll><pitch>-1.511637</pitch><mode /></trkpt><trkpt lat="34.7531713" lon="-118.3313269"><ele>800.85</ele><time>2026-06-27T13:55:21-05:00</time><course>262.5344</course><roll>-7.33462</roll><pitch>0.9124565</pitch><mode /></trkpt><trkpt lat="34.7531703" lon="-118.3313274"><ele>800.79</ele><time>2026-06-27T13:55:21-05:00</time><course>260.6226</course><roll>-2.515987</roll><pitch>2.611464</pitch><mode /></trkpt><trkpt lat="34.7531694" lon="-118.3313277"><ele>800.62</ele><time>2026-06-27T13:55:21-05:00</time><course>262.1414</course><roll>-1.703195</roll><pitch>2.702301</pitch><mode /></trkpt><trkpt lat="34.7531682" lon="-118.331328"><ele>800.3</ele><time>2026-06-27T13:55:21-05:00</time><course>262.217</course><roll>0.6473209</roll><pitch>1.293054</pitch><mode /></trkpt><trkpt lat="34.7531666" lon="-118.3313288"><ele>800.03</ele><time>2026-06-27T13:55:22-05:00</time><course>260.5391</course><roll>0.1029171</roll><pitch>1.50403</pitch><mode /></trkpt><trkpt lat="34.7531645" lon="-118.3313299"><ele>799.68</ele><time>2026-06-27T13:55:22-05:00</time><course>260.4455</course><roll>-6.072903</roll><pitch>1.914514</pitch><mode /></trkpt><trkpt lat="34.7531618" lon="-118.3313316"><ele>799.25</ele><time>2026-06-27T13:55:22-05:00</time><course>260.7124</course><roll>-6.695979</roll><pitch>2.424219</pitch><mode /></trkpt><trkpt lat="34.7531591" lon="-118.331334"><ele>798.79</ele><time>2026-06-27T13:55:22-05:00</time><course>261.3907</course><roll>-9.287453</roll><pitch>2.838392</pitch><mode /></trkpt><trkpt lat="34.7531563" lon="-118.3313369"><ele>798.33</ele><time>2026-06-27T13:55:22-05:00</time><course>260.0518</course><roll>-13.58656</roll><pitch>1.279546</pitch><mode /></trkpt><trkpt lat="34.7531541" lon="-118.3313408"><ele>798.02</ele><time>2026-06-27T13:55:23-05:00</time><course>258.1902</course><roll>-11.93761</roll><pitch>-1.609709</pitch><mode /></trkpt><trkpt lat="34.7531518" lon="-118.3313452"><ele>797.87</ele><time>2026-06-27T13:55:23-05:00</time><course>262.5468</course><roll>-13.92459</roll><pitch>-0.936592</pitch><mode /></trkpt><trkpt lat="34.7531498" lon="-118.3313497"><ele>797.78</ele><time>2026-06-27T13:55:23-05:00</time><course>261.4393</course><roll>-11.13503</roll><pitch>1.094156</pitch><mode /></trkpt><trkpt lat="34.7531479" lon="-118.3313545"><ele>797.56</ele><time>2026-06-27T13:55:23-05:00</time><course>262.298</course><roll>-12.41744</roll><pitch>4.641324</pitch><mode /></trkpt><trkpt lat="34.7531456" lon="-118.3313593"><ele>796.99</ele><time>2026-06-27T13:55:23-05:00</time><course>260.4241</course><roll>-17.7958</roll><pitch>4.513359</pitch><mode /></trkpt><trkpt lat="34.7531435" lon="-118.3313646"><ele>796.29</ele><time>2026-06-27T13:55:24-05:00</time><course>259.61</course><roll>-16.12519</roll><pitch>4.780852</pitch><mode /></trkpt><trkpt lat="34.7531417" lon="-118.3313706"><ele>795.61</ele><time>2026-06-27T13:55:24-05:00</time><course>261.0462</course><roll>-18.51498</roll><pitch>1.502869</pitch><mode /></trkpt><trkpt lat="34.7531404" lon="-118.3313771"><ele>795.03</ele><time>2026-06-27T13:55:24-05:00</time><course>263.142</course><roll>-14.24557</roll><pitch>-1.93056</pitch><mode /></trkpt><trkpt lat="34.75314" lon="-118.3313839"><ele>794.74</ele><time>2026-06-27T13:55:24-05:00</time><course>265.8422</course><roll>-13.38611</roll><pitch>-2.653058</pitch><mode /></trkpt><trkpt lat="34.7531403" lon="-118.3313905"><ele>794.74</ele><time>2026-06-27T13:55:24-05:00</time><course>264.9259</course><roll>-13.42301</roll><pitch>-2.551035</pitch><mode /></trkpt><trkpt lat="34.753141" lon="-118.3313969"><ele>794.67</ele><time>2026-06-27T13:55:25-05:00</time><course>263.6604</course><roll>-10.76567</roll><pitch>0.8694251</pitch><mode /></trkpt><trkpt lat="34.7531411" lon="-118.331403"><ele>794.31</ele><time>2026-06-27T13:55:25-05:00</time><course>266.2219</course><roll>-9.452853</roll><pitch>4.344849</pitch><mode /></trkpt><trkpt lat="34.753141" lon="-118.331409"><ele>793.71</ele><time>2026-06-27T13:55:25-05:00</time><course>265.1582</course><roll>-6.538661</roll><pitch>3.284944</pitch><mode /></trkpt><trkpt lat="34.7531411" lon="-118.3314157"><ele>793.26</ele><time>2026-06-27T13:55:25-05:00</time><course>263.5511</course><roll>-13.39161</roll><pitch>3.187075</pitch><mode /></trkpt><trkpt lat="34.7531412" lon="-118.3314227"><ele>792.95</ele><time>2026-06-27T13:55:25-05:00</time><course>265.5719</course><roll>-11.50168</roll><pitch>1.079408</pitch><mode /></trkpt><trkpt lat="34.7531418" lon="-118.3314302"><ele>792.75</ele><time>2026-06-27T13:55:26-05:00</time><course>262.9677</course><roll>-2.019911</roll><pitch>-0.8671774</pitch><mode /></trkpt><trkpt lat="34.7531425" lon="-118.3314385"><ele>792.86</ele><time>2026-06-27T13:55:26-05:00</time><course>262.2764</course><roll>-1.790402</roll><pitch>0.2697669</pitch><mode /></trkpt><trkpt lat="34.7531428" lon="-118.3314469"><ele>792.84</ele><time>2026-06-27T13:55:26-05:00</time><course>262.244</course><roll>-5.606662</roll><pitch>1.536574</pitch><mode /></trkpt><trkpt lat="34.7531431" lon="-118.3314552"><ele>792.69</ele><time>2026-06-27T13:55:26-05:00</time><course>260.1385</course><roll>-11.63567</roll><pitch>2.421183</pitch><mode /></trkpt><trkpt lat="34.7531432" lon="-118.3314636"><ele>792.25</ele><time>2026-06-27T13:55:26-05:00</time><course>260.4701</course><roll>-8.844403</roll><pitch>2.794089</pitch><mode /></trkpt><trkpt lat="34.753143" lon="-118.3314717"><ele>791.57</ele><time>2026-06-27T13:55:27-05:00</time><course>261.2333</course><roll>-9.29469</roll><pitch>2.158106</pitch><mode /></trkpt><trkpt lat="34.7531428" lon="-118.3314799"><ele>790.91</ele><time>2026-06-27T13:55:27-05:00</time><course>263.3659</course><roll>-8.956474</roll><pitch>-0.09828305</pitch><mode /></trkpt><trkpt lat="34.7531427" lon="-118.3314885"><ele>790.39</ele><time>2026-06-27T13:55:27-05:00</time><course>263.2205</course><roll>-9.057073</roll><pitch>-3.11231</pitch><mode /></trkpt><trkpt lat="34.7531431" lon="-118.3314971"><ele>790.15</ele><time>2026-06-27T13:55:27-05:00</time><course>261.5712</course><roll>-9.893808</roll><pitch>-4.737903</pitch><mode /></trkpt><trkpt lat="34.7531438" lon="-118.3315052"><ele>790.17</ele><time>2026-06-27T13:55:27-05:00</time><course>261.6616</course><roll>-8.430387</roll><pitch>-2.154552</pitch><mode /></trkpt><trkpt lat="34.7531442" lon="-118.331513"><ele>790.08</ele><time>2026-06-27T13:55:28-05:00</time><course>264.7585</course><roll>-9.084284</roll><pitch>1.004601</pitch><mode /></trkpt><trkpt lat="34.7531444" lon="-118.3315209"><ele>789.83</ele><time>2026-06-27T13:55:28-05:00</time><course>263.9357</course><roll>-11.43396</roll><pitch>0.4128564</pitch><mode /></trkpt><trkpt lat="34.7531449" lon="-118.3315286"><ele>789.53</ele><time>2026-06-27T13:55:28-05:00</time><course>264.4323</course><roll>-11.81062</roll><pitch>0.1861482</pitch><mode /></trkpt><trkpt lat="34.7531456" lon="-118.3315365"><ele>789.31</ele><time>2026-06-27T13:55:28-05:00</time><course>264.719</course><roll>-12.27455</roll><pitch>-1.555625</pitch><mode /></trkpt><trkpt lat="34.7531464" lon="-118.331544"><ele>789.08</ele><time>2026-06-27T13:55:28-05:00</time><course>266.1208</course><roll>-11.97058</roll><pitch>-3.472521</pitch><mode /></trkpt><trkpt lat="34.7531474" lon="-118.3315513"><ele>788.89</ele><time>2026-06-27T13:55:29-05:00</time><course>266.4884</course><roll>-7.270612</roll><pitch>-3.312537</pitch><mode /></trkpt><trkpt lat="34.7531483" lon="-118.3315583"><ele>788.82</ele><time>2026-06-27T13:55:29-05:00</time><course>271.1109</course><roll>-6.31285</roll><pitch>-1.774954</pitch><mode /></trkpt><trkpt lat="34.7531491" lon="-118.3315651"><ele>788.72</ele><time>2026-06-27T13:55:29-05:00</time><course>270.0353</course><roll>-5.226969</roll><pitch>-2.337623</pitch><mode /></trkpt><trkpt lat="34.7531496" lon="-118.3315724"><ele>788.68</ele><time>2026-06-27T13:55:29-05:00</time><course>269.8781</course><roll>-6.154958</roll><pitch>-3.028378</pitch><mode /></trkpt><trkpt lat="34.7531502" lon="-118.3315799"><ele>788.63</ele><time>2026-06-27T13:55:29-05:00</time><course>266.7632</course><roll>-3.672562</roll><pitch>-2.774709</pitch><mode /></trkpt><trkpt lat="34.7531511" lon="-118.3315881"><ele>788.49</ele><time>2026-06-27T13:55:30-05:00</time><course>263.0208</course><roll>-3.814639</roll><pitch>-4.814106</pitch><mode /></trkpt><trkpt lat="34.7531513" lon="-118.3315966"><ele>788.53</ele><time>2026-06-27T13:55:30-05:00</time><course>267.0105</course><roll>-9.460698</roll><pitch>-8.055454</pitch><mode /></trkpt><trkpt lat="34.753152" lon="-118.3316137"><ele>789.75</ele><time>2026-06-27T13:55:30-05:00</time><course>268.9982</course><roll>-5.403801</roll><pitch>-7.403013</pitch><mode /></trkpt><trkpt lat="34.7531523" lon="-118.3316222"><ele>790.16</ele><time>2026-06-27T13:55:30-05:00</time><course>268.0905</course><roll>-5.18022</roll><pitch>-2.350761</pitch><mode /></trkpt><trkpt lat="34.7531522" lon="-118.3316304"><ele>790.27</ele><time>2026-06-27T13:55:31-05:00</time><course>266.9642</course><roll>-3.242261</roll><pitch>0.02472491</pitch><mode /></trkpt><trkpt lat="34.7531521" lon="-118.3316388"><ele>790.13</ele><time>2026-06-27T13:55:31-05:00</time><course>264.2294</course><roll>-3.570485</roll><pitch>0.5024285</pitch><mode /></trkpt><trkpt lat="34.7531519" lon="-118.3316473"><ele>789.86</ele><time>2026-06-27T13:55:31-05:00</time><course>265.1523</course><roll>-10.63788</roll><pitch>0.06024723</pitch><mode /></trkpt><trkpt lat="34.7531514" lon="-118.3316561"><ele>789.72</ele><time>2026-06-27T13:55:31-05:00</time><course>266.3291</course><roll>-10.12028</roll><pitch>-2.670617</pitch><mode /></trkpt><trkpt lat="34.7531515" lon="-118.331665"><ele>789.7</ele><time>2026-06-27T13:55:31-05:00</time><course>265.4259</course><roll>-8.737593</roll><pitch>-5.530632</pitch><mode /></trkpt><trkpt lat="34.7531525" lon="-118.3316737"><ele>789.94</ele><time>2026-06-27T13:55:32-05:00</time><course>261.8321</course><roll>-18.56568</roll><pitch>-8.375631</pitch><mode /></trkpt><trkpt lat="34.7531542" lon="-118.3316823"><ele>790.46</ele><time>2026-06-27T13:55:32-05:00</time><course>260.934</course><roll>-13.17708</roll><pitch>-8.055225</pitch><mode /></trkpt><trkpt lat="34.7531559" lon="-118.3316905"><ele>791</ele><time>2026-06-27T13:55:32-05:00</time><course>263.5719</course><roll>-9.134034</roll><pitch>-5.293009</pitch><mode /></trkpt><trkpt lat="34.7531572" lon="-118.3316985"><ele>791.44</ele><time>2026-06-27T13:55:32-05:00</time><course>264.1879</course><roll>-9.528136</roll><pitch>-2.434547</pitch><mode /></trkpt><trkpt lat="34.7531584" lon="-118.3317067"><ele>791.65</ele><time>2026-06-27T13:55:32-05:00</time><course>263.3197</course><roll>-13.70477</roll><pitch>-0.2408945</pitch><mode /></trkpt><trkpt lat="34.7531591" lon="-118.3317149"><ele>791.49</ele><time>2026-06-27T13:55:33-05:00</time><course>263.8344</course><roll>-11.40985</roll><pitch>-1.263507</pitch><mode /></trkpt><trkpt lat="34.7531598" lon="-118.3317234"><ele>791.2</ele><time>2026-06-27T13:55:33-05:00</time><course>264.82</course><roll>-9.356716</roll><pitch>-2.76025</pitch><mode /></trkpt><trkpt lat="34.7531608" lon="-118.3317316"><ele>791.07</ele><time>2026-06-27T13:55:33-05:00</time><course>265.168</course><roll>-8.148541</roll><pitch>-3.322069</pitch><mode /></trkpt><trkpt lat="34.7531618" lon="-118.3317394"><ele>791.03</ele><time>2026-06-27T13:55:33-05:00</time><course>266.4185</course><roll>-8.495262</roll><pitch>-0.1692009</pitch><mode /></trkpt><trkpt lat="34.7531627" lon="-118.3317471"><ele>790.86</ele><time>2026-06-27T13:55:33-05:00</time><course>264.3571</course><roll>-11.81962</roll><pitch>0.9748675</pitch><mode /></trkpt><trkpt lat="34.7531635" lon="-118.3317551"><ele>790.52</ele><time>2026-06-27T13:55:34-05:00</time><course>266.162</course><roll>-12.91342</roll><pitch>1.247093</pitch><mode /></trkpt><trkpt lat="34.7531641" lon="-118.3317633"><ele>790.14</ele><time>2026-06-27T13:55:34-05:00</time><course>266.3586</course><roll>-10.76621</roll><pitch>1.266829</pitch><mode /></trkpt><trkpt lat="34.7531649" lon="-118.3317714"><ele>789.75</ele><time>2026-06-27T13:55:34-05:00</time><course>265.992</course><roll>-11.40079</roll><pitch>-0.8172365</pitch><mode /></trkpt><trkpt lat="34.7531663" lon="-118.3317796"><ele>789.49</ele><time>2026-06-27T13:55:34-05:00</time><course>262.7078</course><roll>-4.389644</roll><pitch>-4.935214</pitch><mode /></trkpt><trkpt lat="34.7531678" lon="-118.3317877"><ele>789.53</ele><time>2026-06-27T13:55:34-05:00</time><course>264.9428</course><roll>3.789026</roll><pitch>-5.161838</pitch><mode /></trkpt><trkpt lat="34.7531684" lon="-118.3317957"><ele>789.8</ele><time>2026-06-27T13:55:35-05:00</time><course>264.8456</course><roll>-1.413671</roll><pitch>-3.056184</pitch><mode /></trkpt><trkpt lat="34.7531686" lon="-118.3318039"><ele>790.09</ele><time>2026-06-27T13:55:35-05:00</time><course>266.4927</course><roll>-1.725151</roll><pitch>-0.8137112</pitch><mode /></trkpt><trkpt lat="34.7531685" lon="-118.3318212"><ele>789.95</ele><time>2026-06-27T13:55:35-05:00</time><course>269.6294</course><roll>-4.394578</roll><pitch>-0.6549953</pitch><mode /></trkpt><trkpt lat="34.7531684" lon="-118.3318303"><ele>789.79</ele><time>2026-06-27T13:55:35-05:00</time><course>268.4318</course><roll>-6.040564</roll><pitch>-2.677166</pitch><mode /></trkpt><trkpt lat="34.7531688" lon="-118.3318393"><ele>789.91</ele><time>2026-06-27T13:55:36-05:00</time><course>264.4511</course><roll>-12.04243</roll><pitch>-4.704072</pitch><mode /></trkpt><trkpt lat="34.7531697" lon="-118.3318479"><ele>790.35</ele><time>2026-06-27T13:55:36-05:00</time><course>265.8727</course><roll>-12.95124</roll><pitch>-4.414569</pitch><mode /></trkpt><trkpt lat="34.7531705" lon="-118.3318561"><ele>790.75</ele><time>2026-06-27T13:55:36-05:00</time><course>264.6656</course><roll>-13.94959</roll><pitch>-2.257256</pitch><mode /></trkpt><trkpt lat="34.7531713" lon="-118.3318645"><ele>790.82</ele><time>2026-06-27T13:55:36-05:00</time><course>264.2436</course><roll>-12.82237</roll><pitch>0.2978987</pitch><mode /></trkpt><trkpt lat="34.7531716" lon="-118.3318728"><ele>790.64</ele><time>2026-06-27T13:55:36-05:00</time><course>265.4781</course><roll>-10.48685</roll><pitch>1.019646</pitch><mode /></trkpt><trkpt lat="34.7531719" lon="-118.3318812"><ele>790.42</ele><time>2026-06-27T13:55:37-05:00</time><course>267.1687</course><roll>-9.042418</roll><pitch>1.791997</pitch><mode /></trkpt><trkpt lat="34.753172" lon="-118.3318898"><ele>790.09</ele><time>2026-06-27T13:55:37-05:00</time><course>268.2848</course><roll>-7.474839</roll><pitch>0.8588003</pitch><mode /></trkpt><trkpt lat="34.7531724" lon="-118.3318988"><ele>789.97</ele><time>2026-06-27T13:55:37-05:00</time><course>268.2584</course><roll>-6.506337</roll><pitch>-2.231672</pitch><mode /></trkpt><trkpt lat="34.7531734" lon="-118.3319077"><ele>790.04</ele><time>2026-06-27T13:55:37-05:00</time><course>268.3776</course><roll>-11.73958</roll><pitch>-4.341831</pitch><mode /></trkpt><trkpt lat="34.7531741" lon="-118.3319161"><ele>790.17</ele><time>2026-06-27T13:55:37-05:00</time><course>269.8186</course><roll>-14.25751</roll><pitch>-4.24339</pitch><mode /></trkpt><trkpt lat="34.7531752" lon="-118.3319237"><ele>790.26</ele><time>2026-06-27T13:55:38-05:00</time><course>265.9943</course><roll>-13.07608</roll><pitch>-4.336794</pitch><mode /></trkpt><trkpt lat="34.7531765" lon="-118.3319313"><ele>790.26</ele><time>2026-06-27T13:55:38-05:00</time><course>267.7058</course><roll>-15.58156</roll><pitch>-3.990095</pitch><mode /></trkpt><trkpt lat="34.7531782" lon="-118.3319389"><ele>790.27</ele><time>2026-06-27T13:55:38-05:00</time><course>263.4885</course><roll>-21.74763</roll><pitch>-4.264987</pitch><mode /></trkpt><trkpt lat="34.7531805" lon="-118.3319468"><ele>790.31</ele><time>2026-06-27T13:55:38-05:00</time><course>261.5726</course><roll>-17.14301</roll><pitch>-5.307465</pitch><mode /></trkpt><trkpt lat="34.7531825" lon="-118.3319544"><ele>790.27</ele><time>2026-06-27T13:55:38-05:00</time><course>267.182</course><roll>-15.67792</roll><pitch>-3.662412</pitch><mode /></trkpt><trkpt lat="34.7531845" lon="-118.3319618"><ele>790.18</ele><time>2026-06-27T13:55:39-05:00</time><course>265.4641</course><roll>-12.02187</roll><pitch>-4.928052</pitch><mode /></trkpt><trkpt lat="34.7531869" lon="-118.3319693"><ele>790.09</ele><time>2026-06-27T13:55:39-05:00</time><course>267.1482</course><roll>-13.82221</roll><pitch>-4.613475</pitch><mode /></trkpt><trkpt lat="34.7531894" lon="-118.3319769"><ele>790.04</ele><time>2026-06-27T13:55:39-05:00</time><course>267.1556</course><roll>-14.14358</roll><pitch>-3.980449</pitch><mode /></trkpt><trkpt lat="34.7531918" lon="-118.3319846"><ele>789.9</ele><time>2026-06-27T13:55:39-05:00</time><course>268.1241</course><roll>-11.88655</roll><pitch>-2.265766</pitch><mode /></trkpt><trkpt lat="34.7531939" lon="-118.3319927"><ele>789.59</ele><time>2026-06-27T13:55:39-05:00</time><course>270.4452</course><roll>-9.792439</roll><pitch>-1.698427</pitch><mode /></trkpt><trkpt lat="34.7531957" lon="-118.3320014"><ele>789.29</ele><time>2026-06-27T13:55:40-05:00</time><course>275.8191</course><roll>-7.820262</roll><pitch>-3.033746</pitch><mode /></trkpt><trkpt lat="34.7531974" lon="-118.3320107"><ele>789.24</ele><time>2026-06-27T13:55:40-05:00</time><course>273.5841</course><roll>-5.320154</roll><pitch>-6.018322</pitch><mode /></trkpt><trkpt lat="34.7531997" lon="-118.3320203"><ele>789.41</ele><time>2026-06-27T13:55:40-05:00</time><course>268.986</course><roll>3.31336</roll><pitch>-6.725206</pitch><mode /></trkpt><trkpt lat="34.7532015" lon="-118.3320297"><ele>789.65</ele><time>2026-06-27T13:55:40-05:00</time><course>272.4454</course><roll>3.741314</roll><pitch>-4.936256</pitch><mode /></trkpt><trkpt lat="34.7532027" lon="-118.3320394"><ele>789.75</ele><time>2026-06-27T13:55:40-05:00</time><course>271.9108</course><roll>2.36767</roll><pitch>-3.312543</pitch><mode /></trkpt><trkpt lat="34.7532041" lon="-118.3320497"><ele>789.74</ele><time>2026-06-27T13:55:41-05:00</time><course>269.5985</course><roll>0.3402037</roll><pitch>-1.57031</pitch><mode /></trkpt><trkpt lat="34.753205" lon="-118.33206"><ele>789.56</ele><time>2026-06-27T13:55:41-05:00</time><course>270.9178</course><roll>-1.766214</roll><pitch>-0.4648097</pitch><mode /></trkpt><trkpt lat="34.753206" lon="-118.3320705"><ele>789.25</ele><time>2026-06-27T13:55:41-05:00</time><course>270.3741</course><roll>-7.472041</roll><pitch>-1.590946</pitch><mode /></trkpt><trkpt lat="34.7532077" lon="-118.332081"><ele>789.18</ele><time>2026-06-27T13:55:41-05:00</time><course>266.8272</course><roll>-6.889668</roll><pitch>-2.964779</pitch><mode /></trkpt><trkpt lat="34.7532087" lon="-118.3320916"><ele>789.28</ele><time>2026-06-27T13:55:41-05:00</time><course>274.6658</course><roll>-8.36127</roll><pitch>-2.362512</pitch><mode /></trkpt><trkpt lat="34.7532098" lon="-118.332102"><ele>789.26</ele><time>2026-06-27T13:55:42-05:00</time><course>270.5095</course><roll>-10.36489</roll><pitch>-5.946099</pitch><mode /></trkpt><trkpt lat="34.7532116" lon="-118.332112"><ele>789.36</ele><time>2026-06-27T13:55:42-05:00</time><course>272.2444</course><roll>-10.72542</roll><pitch>-5.464115</pitch><mode /></trkpt><trkpt lat="34.7532131" lon="-118.3321216"><ele>789.47</ele><time>2026-06-27T13:55:42-05:00</time><course>274.2707</course><roll>-14.12883</roll><pitch>-3.606754</pitch><mode /></trkpt><trkpt lat="34.7532148" lon="-118.3321311"><ele>789.4</ele><time>2026-06-27T13:55:42-05:00</time><course>268.8058</course><roll>-13.2048</roll><pitch>-1.741747</pitch><mode /></trkpt><trkpt lat="34.7532168" lon="-118.3321404"><ele>789.16</ele><time>2026-06-27T13:55:42-05:00</time><course>265.897</course><roll>-23.2411</roll><pitch>-1.864951</pitch><mode /></trkpt><trkpt lat="34.7532195" lon="-118.3321501"><ele>789.04</ele><time>2026-06-27T13:55:43-05:00</time><course>263.043</course><roll>-16.37527</roll><pitch>-3.854574</pitch><mode /></trkpt><trkpt lat="34.7532231" lon="-118.3321598"><ele>788.99</ele><time>2026-06-27T13:55:43-05:00</time><course>266.6415</course><roll>-13.85488</roll><pitch>-1.363429</pitch><mode /></trkpt><trkpt lat="34.7532265" lon="-118.3321694"><ele>788.87</ele><time>2026-06-27T13:55:43-05:00</time><course>268.3019</course><roll>-13.28599</roll><pitch>-4.06081</pitch><mode /></trkpt><trkpt lat="34.75323" lon="-118.3321794"><ele>788.81</ele><time>2026-06-27T13:55:43-05:00</time><course>269.9545</course><roll>-17.95193</roll><pitch>-5.915142</pitch><mode /></trkpt><trkpt lat="34.7532347" lon="-118.3321894"><ele>789.06</ele><time>2026-06-27T13:55:43-05:00</time><course>268.9207</course><roll>-13.75168</roll><pitch>-6.235002</pitch><mode /></trkpt><trkpt lat="34.7532395" lon="-118.3321989"><ele>789.42</ele><time>2026-06-27T13:55:44-05:00</time><course>273.8263</course><roll>-9.668723</roll><pitch>-1.128664</pitch><mode /></trkpt><trkpt lat="34.7532439" lon="-118.3322086"><ele>789.66</ele><time>2026-06-27T13:55:44-05:00</time><course>272.3719</course><roll>-8.940254</roll><pitch>-1.270705</pitch><mode /></trkpt><trkpt lat="34.7532484" lon="-118.332219"><ele>789.66</ele><time>2026-06-27T13:55:44-05:00</time><course>270.6394</course><roll>-11.23903</roll><pitch>-0.2770338</pitch><mode /></trkpt><trkpt lat="34.753252" lon="-118.33223"><ele>789.52</ele><time>2026-06-27T13:55:44-05:00</time><course>277.4713</course><roll>-7.891418</roll><pitch>-2.351199</pitch><mode /></trkpt><trkpt lat="34.7532556" lon="-118.3322411"><ele>789.64</ele><time>2026-06-27T13:55:44-05:00</time><course>277.9343</course><roll>-7.733971</roll><pitch>-4.665092</pitch><mode /></trkpt><trkpt lat="34.75326" lon="-118.3322522"><ele>789.93</ele><time>2026-06-27T13:55:45-05:00</time><course>274.6043</course><roll>-5.906037</roll><pitch>-6.78626</pitch><mode /></trkpt><trkpt lat="34.7532642" lon="-118.3322634"><ele>790.34</ele><time>2026-06-27T13:55:45-05:00</time><course>274.4805</course><roll>-12.05211</roll><pitch>-7.150617</pitch><mode /></trkpt><trkpt lat="34.7532685" lon="-118.3322748"><ele>790.91</ele><time>2026-06-27T13:55:45-05:00</time><course>271.1673</course><roll>-11.42752</roll><pitch>-6.658673</pitch><mode /></trkpt><trkpt lat="34.7532733" lon="-118.3322864"><ele>791.48</ele><time>2026-06-27T13:55:45-05:00</time><course>267.2173</course><roll>-6.574731</roll><pitch>-4.578095</pitch><mode /></trkpt><trkpt lat="34.7532775" lon="-118.3322985"><ele>792.06</ele><time>2026-06-27T13:55:45-05:00</time><course>271.1517</course><roll>-11.78943</roll><pitch>-1.508289</pitch><mode /></trkpt><trkpt lat="34.753281" lon="-118.3323111"><ele>792.55</ele><time>2026-06-27T13:55:46-05:00</time><course>271.6395</course><roll>-10.93891</roll><pitch>2.486773</pitch><mode /></trkpt><trkpt lat="34.7532844" lon="-118.332324"><ele>792.73</ele><time>2026-06-27T13:55:46-05:00</time><course>271.8578</course><roll>-12.60956</roll><pitch>2.059512</pitch><mode /></trkpt><trkpt lat="34.7532882" lon="-118.3323373"><ele>792.8</ele><time>2026-06-27T13:55:46-05:00</time><course>271.0829</course><roll>-16.31462</roll><pitch>-0.04991219</pitch><mode /></trkpt><trkpt lat="34.7532925" lon="-118.332351"><ele>792.93</ele><time>2026-06-27T13:55:46-05:00</time><course>270.7516</course><roll>-13.48483</roll><pitch>-0.8705333</pitch><mode /></trkpt><trkpt lat="34.7532967" lon="-118.3323647"><ele>793.1</ele><time>2026-06-27T13:55:46-05:00</time><course>272.722</course><roll>-14.62293</roll><pitch>1.667871</pitch><mode /></trkpt><trkpt lat="34.753301" lon="-118.3323781"><ele>793.05</ele><time>2026-06-27T13:55:47-05:00</time><course>270.104</course><roll>-14.31926</roll><pitch>4.286987</pitch><mode /></trkpt><trkpt lat="34.7533047" lon="-118.3323911"><ele>792.57</ele><time>2026-06-27T13:55:47-05:00</time><course>269.5884</course><roll>-12.86233</roll><pitch>4.735626</pitch><mode /></trkpt><trkpt lat="34.753308" lon="-118.3324037"><ele>791.9</ele><time>2026-06-27T13:55:47-05:00</time><course>271.7678</course><roll>-12.4729</roll><pitch>4.143283</pitch><mode /></trkpt><trkpt lat="34.7533114" lon="-118.3324158"><ele>791.19</ele><time>2026-06-27T13:55:47-05:00</time><course>274.3222</course><roll>-16.31877</roll><pitch>4.600646</pitch><mode /></trkpt><trkpt lat="34.7533151" lon="-118.3324275"><ele>790.54</ele><time>2026-06-27T13:55:47-05:00</time><course>278.9851</course><roll>-11.4775</roll><pitch>2.558726</pitch><mode /></trkpt><trkpt lat="34.7533195" lon="-118.332439"><ele>790.23</ele><time>2026-06-27T13:55:48-05:00</time><course>276.9866</course><roll>-11.28047</roll><pitch>-3.20324</pitch><mode /></trkpt><trkpt lat="34.753325" lon="-118.3324497"><ele>790.38</ele><time>2026-06-27T13:55:48-05:00</time><course>275.3439</course><roll>-8.87855</roll><pitch>-3.429936</pitch><mode /></trkpt><trkpt lat="34.7533306" lon="-118.3324596"><ele>790.59</ele><time>2026-06-27T13:55:48-05:00</time><course>275.2622</course><roll>-9.064337</roll><pitch>-0.489585</pitch><mode /></trkpt><trkpt lat="34.7533356" lon="-118.3324689"><ele>790.4</ele><time>2026-06-27T13:55:48-05:00</time><course>274.7385</course><roll>-7.849408</roll><pitch>2.452657</pitch><mode /></trkpt><trkpt lat="34.7533401" lon="-118.3324782"><ele>789.98</ele><time>2026-06-27T13:55:48-05:00</time><course>275.0551</course><roll>-6.24748</roll><pitch>2.854966</pitch><mode /></trkpt><trkpt lat="34.7533446" lon="-118.3324876"><ele>789.61</ele><time>2026-06-27T13:55:49-05:00</time><course>275.3685</course><roll>-6.751232</roll><pitch>3.755644</pitch><mode /></trkpt><trkpt lat="34.7533492" lon="-118.3324974"><ele>789.34</ele><time>2026-06-27T13:55:49-05:00</time><course>274.3252</course><roll>-5.16973</roll><pitch>3.081204</pitch><mode /></trkpt><trkpt lat="34.7533539" lon="-118.3325075"><ele>788.97</ele><time>2026-06-27T13:55:49-05:00</time><course>270.1116</course><roll>-6.426686</roll><pitch>-0.7939091</pitch><mode /></trkpt><trkpt lat="34.7533585" lon="-118.3325175"><ele>788.74</ele><time>2026-06-27T13:55:49-05:00</time><course>272.7856</course><roll>-12.51223</roll><pitch>-4.327009</pitch><mode /></trkpt><trkpt lat="34.7533641" lon="-118.332527"><ele>789.19</ele><time>2026-06-27T13:55:49-05:00</time><course>270.7417</course><roll>-6.681527</roll><pitch>-5.015673</pitch><mode /></trkpt><trkpt lat="34.75337" lon="-118.3325362"><ele>789.74</ele><time>2026-06-27T13:55:50-05:00</time><course>272.794</course><roll>-1.832335</roll><pitch>-1.143553</pitch><mode /></trkpt><trkpt lat="34.7533752" lon="-118.3325454"><ele>789.71</ele><time>2026-06-27T13:55:50-05:00</time><course>271.0847</course><roll>-0.5287645</roll><pitch>1.660562</pitch><mode /></trkpt><trkpt lat="34.7533803" lon="-118.3325546"><ele>789.41</ele><time>2026-06-27T13:55:50-05:00</time><course>268.7858</course><roll>-0.8862957</roll><pitch>2.693776</pitch><mode /></trkpt><trkpt lat="34.7533849" lon="-118.3325639"><ele>789.12</ele><time>2026-06-27T13:55:50-05:00</time><course>269.3302</course><roll>-3.928293</roll><pitch>3.158857</pitch><mode /></trkpt><trkpt lat="34.7533891" lon="-118.3325734"><ele>788.82</ele><time>2026-06-27T13:55:50-05:00</time><course>270.129</course><roll>-4.49011</roll><pitch>1.289482</pitch><mode /></trkpt><trkpt lat="34.7533933" lon="-118.3325829"><ele>788.49</ele><time>2026-06-27T13:55:51-05:00</time><course>269.8549</course><roll>-4.895331</roll><pitch>-0.1591145</pitch><mode /></trkpt><trkpt lat="34.7533972" lon="-118.3325925"><ele>788.24</ele><time>2026-06-27T13:55:51-05:00</time><course>270.0359</course><roll>-5.14447</roll><pitch>0.8123502</pitch><mode /></trkpt><trkpt lat="34.7534011" lon="-118.3326018"><ele>787.92</ele><time>2026-06-27T13:55:51-05:00</time><course>268.8213</course><roll>-6.190897</roll><pitch>2.56239</pitch><mode /></trkpt><trkpt lat="34.7534048" lon="-118.332611"><ele>787.51</ele><time>2026-06-27T13:55:51-05:00</time><course>268.1275</course><roll>0.09727775</roll><pitch>2.3499</pitch><mode /></trkpt><trkpt lat="34.7534076" lon="-118.3326206"><ele>787.25</ele><time>2026-06-27T13:55:51-05:00</time><course>274.5471</course><roll>6.058876</roll><pitch>2.137029</pitch><mode /></trkpt><trkpt lat="34.7534095" lon="-118.3326308"><ele>787.24</ele><time>2026-06-27T13:55:52-05:00</time><course>275.2926</course><roll>6.290472</roll><pitch>1.257548</pitch><mode /></trkpt><trkpt lat="34.7534114" lon="-118.3326412"><ele>787.21</ele><time>2026-06-27T13:55:52-05:00</time><course>272.0871</course><roll>5.163595</roll><pitch>1.258549</pitch><mode /></trkpt><trkpt lat="34.7534132" lon="-118.3326514"><ele>787.15</ele><time>2026-06-27T13:55:52-05:00</time><course>271.757</course><roll>2.242532</roll><pitch>0.3309646</pitch><mode /></trkpt><trkpt lat="34.7534146" lon="-118.3326613"><ele>787.08</ele><time>2026-06-27T13:55:52-05:00</time><course>270.3047</course><roll>-0.9961275</roll><pitch>1.496088</pitch><mode /></trkpt><trkpt lat="34.7534159" lon="-118.3326706"><ele>786.87</ele><time>2026-06-27T13:55:52-05:00</time><course>269.5598</course><roll>-6.405632</roll><pitch>3.571627</pitch><mode /></trkpt><trkpt lat="34.7534171" lon="-118.3326799"><ele>786.63</ele><time>2026-06-27T13:55:53-05:00</time><course>270.4545</course><roll>-10.11229</roll><pitch>0.2308855</pitch><mode /></trkpt><trkpt lat="34.7534189" lon="-118.3326891"><ele>786.47</ele><time>2026-06-27T13:55:53-05:00</time><course>269.6255</course><roll>-12.18175</roll><pitch>-3.709105</pitch><mode /></trkpt><trkpt lat="34.7534213" lon="-118.3326978"><ele>786.54</ele><time>2026-06-27T13:55:53-05:00</time><course>269.4637</course><roll>-11.90689</roll><pitch>-5.863145</pitch><mode /></trkpt><trkpt lat="34.7534239" lon="-118.332706"><ele>786.66</ele><time>2026-06-27T13:55:53-05:00</time><course>269.4766</course><roll>-10.59955</roll><pitch>-6.147009</pitch><mode /></trkpt><trkpt lat="34.7534267" lon="-118.3327135"><ele>786.84</ele><time>2026-06-27T13:55:53-05:00</time><course>271.0173</course><roll>-8.996704</roll><pitch>-6.051801</pitch><mode /></trkpt><trkpt lat="34.7534296" lon="-118.3327201"><ele>787.05</ele><time>2026-06-27T13:55:54-05:00</time><course>271.2513</course><roll>-11.21955</roll><pitch>-4.26637</pitch><mode /></trkpt><trkpt lat="34.7534327" lon="-118.3327255"><ele>787.22</ele><time>2026-06-27T13:55:54-05:00</time><course>270.5677</course><roll>-10.30388</roll><pitch>-1.697383</pitch><mode /></trkpt><trkpt lat="34.7534358" lon="-118.3327296"><ele>787.25</ele><time>2026-06-27T13:55:54-05:00</time><course>270.3646</course><roll>-8.525182</roll><pitch>1.182643</pitch><mode /></trkpt><trkpt lat="34.7534389" lon="-118.3327325"><ele>787.14</ele><time>2026-06-27T13:55:54-05:00</time><course>271.0756</course><roll>-7.694764</roll><pitch>3.198531</pitch><mode /></trkpt><trkpt lat="34.753442" lon="-118.3327346"><ele>786.94</ele><time>2026-06-27T13:55:54-05:00</time><course>273.0602</course><roll>-6.714777</roll><pitch>4.095648</pitch><mode /></trkpt><trkpt lat="34.7534449" lon="-118.3327359"><ele>786.65</ele><time>2026-06-27T13:55:55-05:00</time><course>276.5339</course><roll>-6.829983</roll><pitch>1.46418</pitch><mode /></trkpt><trkpt lat="34.7534484" lon="-118.3327361"><ele>786.39</ele><time>2026-06-27T13:55:55-05:00</time><course>273.7543</course><roll>-5.824622</roll><pitch>-0.8939314</pitch><mode /></trkpt><trkpt lat="34.7534523" lon="-118.3327357"><ele>786.25</ele><time>2026-06-27T13:55:55-05:00</time><course>272.9805</course><roll>-4.7053</roll><pitch>-0.7790049</pitch><mode /></trkpt><trkpt lat="34.7534557" lon="-118.3327344"><ele>786.1</ele><time>2026-06-27T13:55:55-05:00</time><course>273.881</course><roll>-5.450092</roll><pitch>0.1681325</pitch><mode /></trkpt><trkpt lat="34.7534591" lon="-118.3327328"><ele>785.9</ele><time>2026-06-27T13:55:55-05:00</time><course>272.648</course><roll>-5.856411</roll><pitch>-0.7777404</pitch><mode /></trkpt><trkpt lat="34.7534625" lon="-118.3327312"><ele>785.67</ele><time>2026-06-27T13:55:56-05:00</time><course>271.6985</course><roll>-5.376078</roll><pitch>-2.982622</pitch><mode /></trkpt><trkpt lat="34.7534659" lon="-118.3327297"><ele>785.54</ele><time>2026-06-27T13:55:56-05:00</time><course>270.8851</course><roll>-4.199966</roll><pitch>-5.303285</pitch><mode /></trkpt><trkpt lat="34.7534692" lon="-118.3327281"><ele>785.51</ele><time>2026-06-27T13:55:56-05:00</time><course>270.7859</course><roll>-4.205796</roll><pitch>-7.561598</pitch><mode /></trkpt><trkpt lat="34.7534722" lon="-118.3327266"><ele>785.63</ele><time>2026-06-27T13:55:56-05:00</time><course>269.7052</course><roll>-2.577651</roll><pitch>-10.61461</pitch><mode /></trkpt><trkpt lat="34.753475" lon="-118.3327247"><ele>785.88</ele><time>2026-06-27T13:55:56-05:00</time><course>268.8458</course><roll>-1.424905</roll><pitch>-10.50798</pitch><mode /></trkpt><trkpt lat="34.7534773" lon="-118.332723"><ele>786.21</ele><time>2026-06-27T13:55:57-05:00</time><course>269.3562</course><roll>-1.455174</roll><pitch>-8.271615</pitch><mode /></trkpt><trkpt lat="34.7534789" lon="-118.3327214"><ele>786.49</ele><time>2026-06-27T13:55:57-05:00</time><course>268.464</course><roll>-1.099604</roll><pitch>-7.844052</pitch><mode /></trkpt><trkpt lat="34.7534804" lon="-118.3327201"><ele>786.73</ele><time>2026-06-27T13:55:57-05:00</time><course>265.7021</course><roll>2.041166</roll><pitch>-8.158644</pitch><mode /></trkpt><trkpt lat="34.7534813" lon="-118.3327187"><ele>787.01</ele><time>2026-06-27T13:55:57-05:00</time><course>269.0579</course><roll>0.381619</roll><pitch>-7.181663</pitch><mode /></trkpt><trkpt lat="34.7534816" lon="-118.332717"><ele>787.25</ele><time>2026-06-27T13:55:57-05:00</time><course>265.6561</course><roll>-0.4830228</roll><pitch>-8.561234</pitch><mode /></trkpt><trkpt lat="34.753482" lon="-118.3327152"><ele>787.54</ele><time>2026-06-27T13:55:58-05:00</time><course>261.4177</course><roll>2.522604</roll><pitch>-11.27139</pitch><mode /></trkpt><trkpt lat="34.7534816" lon="-118.3327128"><ele>787.93</ele><time>2026-06-27T13:55:58-05:00</time><course>260.0962</course><roll>3.114718</roll><pitch>-11.21249</pitch><mode /></trkpt><trkpt lat="34.7534805" lon="-118.3327098"><ele>788.32</ele><time>2026-06-27T13:55:58-05:00</time><course>257.7807</course><roll>2.786851</roll><pitch>-10.05799</pitch><mode /></trkpt><trkpt lat="34.7534789" lon="-118.3327066"><ele>788.67</ele><time>2026-06-27T13:55:58-05:00</time><course>255.0201</course><roll>3.227243</roll><pitch>-9.307882</pitch><mode /></trkpt><trkpt lat="34.7534768" lon="-118.3327032"><ele>789.03</ele><time>2026-06-27T13:55:58-05:00</time><course>252.7579</course><roll>4.029068</roll><pitch>-10.02727</pitch><mode /></trkpt><trkpt lat="34.7534741" lon="-118.3326995"><ele>789.41</ele><time>2026-06-27T13:55:59-05:00</time><course>250.0444</course><roll>7.181296</roll><pitch>-10.16001</pitch><mode /></trkpt><trkpt lat="34.7534705" lon="-118.3326956"><ele>789.78</ele><time>2026-06-27T13:55:59-05:00</time><course>248.251</course><roll>8.887582</roll><pitch>-11.55614</pitch><mode /></trkpt><trkpt lat="34.753466" lon="-118.332691"><ele>790.18</ele><time>2026-06-27T13:55:59-05:00</time><course>245.4252</course><roll>10.53282</roll><pitch>-13.68194</pitch><mode /></trkpt><trkpt lat="34.7534603" lon="-118.3326856"><ele>790.82</ele><time>2026-06-27T13:55:59-05:00</time><course>241.4686</course><roll>12.36485</roll><pitch>-15.61835</pitch><mode /></trkpt><trkpt lat="34.7534529" lon="-118.3326794"><ele>791.61</ele><time>2026-06-27T13:55:59-05:00</time><course>240.5101</course><roll>13.79859</roll><pitch>-15.85752</pitch><mode /></trkpt><trkpt lat="34.7534439" lon="-118.3326726"><ele>792.42</ele><time>2026-06-27T13:56:00-05:00</time><course>238.4506</course><roll>16.73331</roll><pitch>-13.72603</pitch><mode /></trkpt><trkpt lat="34.7534335" lon="-118.3326657"><ele>793.18</ele><time>2026-06-27T13:56:00-05:00</time><course>234.6154</course><roll>20.4537</roll><pitch>-11.94626</pitch><mode /></trkpt><trkpt lat="34.7534214" lon="-118.3326584"><ele>793.86</ele><time>2026-06-27T13:56:00-05:00</time><course>234.5612</course><roll>18.13753</roll><pitch>-12.04776</pitch><mode /></trkpt><trkpt lat="34.7534077" lon="-118.3326506"><ele>794.44</ele><time>2026-06-27T13:56:00-05:00</time><course>228.5226</course><roll>20.40366</roll><pitch>-11.73382</pitch><mode /></trkpt><trkpt lat="34.7533927" lon="-118.3326419"><ele>795</ele><time>2026-06-27T13:56:00-05:00</time><course>221.7532</course><roll>23.74073</roll><pitch>-11.60617</pitch><mode /></trkpt><trkpt lat="34.7533762" lon="-118.3326316"><ele>795.54</ele><time>2026-06-27T13:56:01-05:00</time><course>219.0355</course><roll>24.8471</roll><pitch>-13.67048</pitch><mode /></trkpt><trkpt lat="34.7533583" lon="-118.332619"><ele>796.03</ele><time>2026-06-27T13:56:01-05:00</time><course>212.0161</course><roll>27.78364</roll><pitch>-13.92837</pitch><mode /></trkpt><trkpt lat="34.7533393" lon="-118.332604"><ele>796.59</ele><time>2026-06-27T13:56:01-05:00</time><course>206.4908</course><roll>33.19187</roll><pitch>-12.06779</pitch><mode /></trkpt><trkpt lat="34.7533192" lon="-118.3325863"><ele>797.08</ele><time>2026-06-27T13:56:01-05:00</time><course>202.8766</course><roll>35.1602</roll><pitch>-11.38337</pitch><mode /></trkpt><trkpt lat="34.753298" lon="-118.332566"><ele>797.54</ele><time>2026-06-27T13:56:01-05:00</time><course>196.0546</course><roll>39.49517</roll><pitch>-10.16405</pitch><mode /></trkpt><trkpt lat="34.753276" lon="-118.3325427"><ele>797.93</ele><time>2026-06-27T13:56:02-05:00</time><course>188.9198</course><roll>42.95481</roll><pitch>-9.376927</pitch><mode /></trkpt><trkpt lat="34.7532532" lon="-118.3325161"><ele>798.22</ele><time>2026-06-27T13:56:02-05:00</time><course>178.5578</course><roll>46.96515</roll><pitch>-10.40773</pitch><mode /></trkpt><trkpt lat="34.7532299" lon="-118.3324845"><ele>798.52</ele><time>2026-06-27T13:56:02-05:00</time><course>168.219</course><roll>49.33524</roll><pitch>-12.0314</pitch><mode /></trkpt><trkpt lat="34.7532068" lon="-118.332447"><ele>798.83</ele><time>2026-06-27T13:56:02-05:00</time><course>158.5574</course><roll>52.46379</roll><pitch>-13.75074</pitch><mode /></trkpt><trkpt lat="34.7531851" lon="-118.3324038"><ele>799.14</ele><time>2026-06-27T13:56:02-05:00</time><course>150.0257</course><roll>57.77148</roll><pitch>-14.54267</pitch><mode /></trkpt><trkpt lat="34.7531644" lon="-118.3323562"><ele>799.4</ele><time>2026-06-27T13:56:03-05:00</time><course>139.5364</course><roll>61.85842</roll><pitch>-13.08124</pitch><mode /></trkpt><trkpt lat="34.7531447" lon="-118.3323057"><ele>799.55</ele><time>2026-06-27T13:56:03-05:00</time><course>123.5873</course><roll>58.85928</roll><pitch>-8.440056</pitch><mode /></trkpt><trkpt lat="34.7531286" lon="-118.33225"><ele>799.79</ele><time>2026-06-27T13:56:03-05:00</time><course>105.3011</course><roll>53.56514</roll><pitch>-5.195314</pitch><mode /></trkpt><trkpt lat="34.7531186" lon="-118.3321888"><ele>800.26</ele><time>2026-06-27T13:56:03-05:00</time><course>87.77589</course><roll>53.76011</roll><pitch>-1.558491</pitch><mode /></trkpt><trkpt lat="34.7531156" lon="-118.3321256"><ele>800.84</ele><time>2026-06-27T13:56:03-05:00</time><course>79.37808</course><roll>50.84819</roll><pitch>-8.167615</pitch><mode /></trkpt><trkpt lat="34.7531191" lon="-118.3320632"><ele>801.45</ele><time>2026-06-27T13:56:04-05:00</time><course>74.35163</course><roll>49.03134</roll><pitch>-10.80243</pitch><mode /></trkpt><trkpt lat="34.7531264" lon="-118.3320021"><ele>802.04</ele><time>2026-06-27T13:56:04-05:00</time><course>69.32169</course><roll>49.56537</roll><pitch>-8.439775</pitch><mode /></trkpt><trkpt lat="34.7531369" lon="-118.3319427"><ele>802.51</ele><time>2026-06-27T13:56:04-05:00</time><course>67.48891</course><roll>48.19858</roll><pitch>-8.060719</pitch><mode /></trkpt><trkpt lat="34.7531501" lon="-118.331885"><ele>802.84</ele><time>2026-06-27T13:56:04-05:00</time><course>64.48262</course><roll>44.91874</roll><pitch>-5.994462</pitch><mode /></trkpt><trkpt lat="34.7531645" lon="-118.3318286"><ele>803</ele><time>2026-06-27T13:56:04-05:00</time><course>57.08063</course><roll>43.99805</roll><pitch>-0.7764109</pitch><mode /></trkpt><trkpt lat="34.753181" lon="-118.3317742"><ele>803.11</ele><time>2026-06-27T13:56:05-05:00</time><course>44.9136</course><roll>46.893</roll><pitch>2.470532</pitch><mode /></trkpt><trkpt lat="34.7532003" lon="-118.3317222"><ele>803.14</ele><time>2026-06-27T13:56:05-05:00</time><course>36.29414</course><roll>51.34654</roll><pitch>1.632093</pitch><mode /></trkpt><trkpt lat="34.7532217" lon="-118.3316732"><ele>803.09</ele><time>2026-06-27T13:56:05-05:00</time><course>26.9817</course><roll>49.42871</roll><pitch>0.03970298</pitch><mode /></trkpt><trkpt lat="34.753245" lon="-118.3316277"><ele>802.97</ele><time>2026-06-27T13:56:05-05:00</time><course>17.90982</course><roll>46.85729</roll><pitch>-1.37761</pitch><mode /></trkpt><trkpt lat="34.7532694" lon="-118.3315855"><ele>802.74</ele><time>2026-06-27T13:56:05-05:00</time><course>10.21183</course><roll>48.05424</roll><pitch>-1.69612</pitch><mode /></trkpt><trkpt lat="34.7532949" lon="-118.3315479"><ele>802.5</ele><time>2026-06-27T13:56:06-05:00</time><course>357.6089</course><roll>44.33945</roll><pitch>0.1930522</pitch><mode /></trkpt><trkpt lat="34.7533209" lon="-118.3315156"><ele>802.46</ele><time>2026-06-27T13:56:06-05:00</time><course>340.6717</course><roll>36.58676</roll><pitch>5.28171</pitch><mode /></trkpt><trkpt lat="34.7533464" lon="-118.3314863"><ele>802.29</ele><time>2026-06-27T13:56:06-05:00</time><course>329.459</course><roll>38.18789</roll><pitch>2.563893</pitch><mode /></trkpt><trkpt lat="34.7533708" lon="-118.3314603"><ele>802.08</ele><time>2026-06-27T13:56:06-05:00</time><course>321.0635</course><roll>38.29</roll><pitch>-4.679809</pitch><mode /></trkpt><trkpt lat="34.7533929" lon="-118.3314385"><ele>801.97</ele><time>2026-06-27T13:56:06-05:00</time><course>312.4884</course><roll>37.26045</roll><pitch>-8.327409</pitch><mode /></trkpt><trkpt lat="34.7534121" lon="-118.3314198"><ele>802.01</ele><time>2026-06-27T13:56:07-05:00</time><course>308.0282</course><roll>37.35536</roll><pitch>-10.38062</pitch><mode /></trkpt><trkpt lat="34.7534283" lon="-118.3314035"><ele>802.05</ele><time>2026-06-27T13:56:07-05:00</time><course>306.9132</course><roll>33.03064</roll><pitch>-10.44065</pitch><mode /></trkpt><trkpt lat="34.7534422" lon="-118.3313885"><ele>802.08</ele><time>2026-06-27T13:56:07-05:00</time><course>301.7527</course><roll>30.41448</roll><pitch>-7.191473</pitch><mode /></trkpt><trkpt lat="34.753455" lon="-118.331374"><ele>802.04</ele><time>2026-06-27T13:56:07-05:00</time><course>294.0557</course><roll>29.73636</roll><pitch>-4.58454</pitch><mode /></trkpt><trkpt lat="34.7534661" lon="-118.3313605"><ele>801.93</ele><time>2026-06-27T13:56:07-05:00</time><course>287.7906</course><roll>30.96453</roll><pitch>-4.520233</pitch><mode /></trkpt><trkpt lat="34.7534753" lon="-118.3313479"><ele>801.75</ele><time>2026-06-27T13:56:08-05:00</time><course>281.9286</course><roll>31.29848</roll><pitch>-6.505229</pitch><mode /></trkpt><trkpt lat="34.7534825" lon="-118.331336"><ele>801.56</ele><time>2026-06-27T13:56:08-05:00</time><course>277.883</course><roll>29.77685</roll><pitch>-7.354871</pitch><mode /></trkpt><trkpt lat="34.7534878" lon="-118.3313245"><ele>801.39</ele><time>2026-06-27T13:56:08-05:00</time><course>272.5725</course><roll>27.46972</roll><pitch>-6.737139</pitch><mode /></trkpt><trkpt lat="34.7534912" lon="-118.3313129"><ele>801.23</ele><time>2026-06-27T13:56:08-05:00</time><course>267.4469</course><roll>26.05543</roll><pitch>-5.949597</pitch><mode /></trkpt><trkpt lat="34.7534927" lon="-118.3313015"><ele>801.08</ele><time>2026-06-27T13:56:08-05:00</time><course>262.3215</course><roll>23.18648</roll><pitch>-6.013408</pitch><mode /></trkpt><trkpt lat="34.7534922" lon="-118.33129"><ele>801.01</ele><time>2026-06-27T13:56:09-05:00</time><course>257.4487</course><roll>22.2767</roll><pitch>-5.503322</pitch><mode /></trkpt><trkpt lat="34.7534901" lon="-118.3312784"><ele>800.95</ele><time>2026-06-27T13:56:09-05:00</time><course>251.5163</course><roll>24.47619</roll><pitch>-4.949151</pitch><mode /></trkpt><trkpt lat="34.7534861" lon="-118.3312664"><ele>800.99</ele><time>2026-06-27T13:56:09-05:00</time><course>246.9641</course><roll>28.68644</roll><pitch>-6.709066</pitch><mode /></trkpt><trkpt lat="34.7534801" lon="-118.3312537"><ele>801.07</ele><time>2026-06-27T13:56:09-05:00</time><course>243.9959</course><roll>28.34707</roll><pitch>-6.720879</pitch><mode /></trkpt><trkpt lat="34.7534724" lon="-118.3312403"><ele>801.07</ele><time>2026-06-27T13:56:09-05:00</time><course>239.6099</course><roll>27.1704</roll><pitch>-5.543005</pitch><mode /></trkpt><trkpt lat="34.7534634" lon="-118.3312262"><ele>801.03</ele><time>2026-06-27T13:56:10-05:00</time><course>230.7378</course><roll>27.59432</roll><pitch>-3.857398</pitch><mode /></trkpt><trkpt lat="34.7534532" lon="-118.3312113"><ele>800.94</ele><time>2026-06-27T13:56:10-05:00</time><course>225.5427</course><roll>27.5642</roll><pitch>-3.820742</pitch><mode /></trkpt><trkpt lat="34.7534414" lon="-118.331195"><ele>800.8</ele><time>2026-06-27T13:56:10-05:00</time><course>219.3237</course><roll>29.12845</roll><pitch>-4.672316</pitch><mode /></trkpt><trkpt lat="34.753428" lon="-118.331177"><ele>800.67</ele><time>2026-06-27T13:56:10-05:00</time><course>211.2401</course><roll>33.73757</roll><pitch>-5.999507</pitch><mode /></trkpt><trkpt lat="34.753413" lon="-118.3311565"><ele>800.59</ele><time>2026-06-27T13:56:10-05:00</time><course>203.2042</course><roll>37.26283</roll><pitch>-8.012208</pitch><mode /></trkpt><trkpt lat="34.7533963" lon="-118.331133"><ele>800.53</ele><time>2026-06-27T13:56:11-05:00</time><course>192.5344</course><roll>42.45352</roll><pitch>-8.512637</pitch><mode /></trkpt><trkpt lat="34.7533784" lon="-118.3311065"><ele>800.45</ele><time>2026-06-27T13:56:11-05:00</time><course>184.3164</course><roll>44.05113</roll><pitch>-8.297013</pitch><mode /></trkpt><trkpt lat="34.7533596" lon="-118.3310763"><ele>800.36</ele><time>2026-06-27T13:56:11-05:00</time><course>173.1236</course><roll>44.44499</roll><pitch>-8.480582</pitch><mode /></trkpt><trkpt lat="34.7533403" lon="-118.3310419"><ele>800.3</ele><time>2026-06-27T13:56:11-05:00</time><course>160.9433</course><roll>47.71799</roll><pitch>-9.347831</pitch><mode /></trkpt><trkpt lat="34.7533213" lon="-118.3310026"><ele>800.24</ele><time>2026-06-27T13:56:11-05:00</time><course>148.6371</course><roll>50.0591</roll><pitch>-11.29711</pitch><mode /></trkpt><trkpt lat="34.7533037" lon="-118.3309582"><ele>800.23</ele><time>2026-06-27T13:56:12-05:00</time><course>133.0124</course><roll>48.47893</roll><pitch>-13.12091</pitch><mode /></trkpt><trkpt lat="34.7532887" lon="-118.3309091"><ele>800.29</ele><time>2026-06-27T13:56:12-05:00</time><course>124.5507</course><roll>48.1499</roll><pitch>-12.33513</pitch><mode /></trkpt><trkpt lat="34.7532766" lon="-118.330856"><ele>800.43</ele><time>2026-06-27T13:56:12-05:00</time><course>114.7233</course><roll>50.76452</roll><pitch>-11.7015</pitch><mode /></trkpt><trkpt lat="34.7532676" lon="-118.3307998"><ele>800.52</ele><time>2026-06-27T13:56:12-05:00</time><course>104.2971</course><roll>49.98854</roll><pitch>-11.53202</pitch><mode /></trkpt><trkpt lat="34.7532624" lon="-118.3307413"><ele>800.75</ele><time>2026-06-27T13:56:12-05:00</time><course>88.40559</course><roll>51.88486</roll><pitch>-8.73791</pitch><mode /></trkpt><trkpt lat="34.7532633" lon="-118.3306818"><ele>801.07</ele><time>2026-06-27T13:56:13-05:00</time><course>78.69245</course><roll>49.00621</roll><pitch>-8.553597</pitch><mode /></trkpt><trkpt lat="34.7532702" lon="-118.3306221"><ele>801.54</ele><time>2026-06-27T13:56:13-05:00</time><course>73.94527</course><roll>45.92754</roll><pitch>-8.415453</pitch><mode /></trkpt><trkpt lat="34.7532803" lon="-118.3305631"><ele>801.95</ele><time>2026-06-27T13:56:13-05:00</time><course>64.86816</course><roll>44.77905</roll><pitch>-4.485979</pitch><mode /></trkpt><trkpt lat="34.7532929" lon="-118.3305054"><ele>802.28</ele><time>2026-06-27T13:56:13-05:00</time><course>55.64725</course><roll>42.14136</roll><pitch>-1.096322</pitch><mode /></trkpt><trkpt lat="34.7533075" lon="-118.3304492"><ele>802.51</ele><time>2026-06-27T13:56:13-05:00</time><course>47.4454</course><roll>42.61694</roll><pitch>-1.097659</pitch><mode /></trkpt><trkpt lat="34.7533245" lon="-118.330395"><ele>802.61</ele><time>2026-06-27T13:56:14-05:00</time><course>41.0755</course><roll>41.39679</roll><pitch>-4.224851</pitch><mode /></trkpt><trkpt lat="34.7533439" lon="-118.3303433"><ele>802.69</ele><time>2026-06-27T13:56:14-05:00</time><course>32.82429</course><roll>44.74181</roll><pitch>-3.895645</pitch><mode /></trkpt><trkpt lat="34.7533655" lon="-118.3302952"><ele>802.76</ele><time>2026-06-27T13:56:14-05:00</time><course>26.72892</course><roll>44.59151</roll><pitch>-2.926893</pitch><mode /></trkpt><trkpt lat="34.7533885" lon="-118.3302501"><ele>802.81</ele><time>2026-06-27T13:56:14-05:00</time><course>15.68789</course><roll>44.17829</roll><pitch>1.220951</pitch><mode /></trkpt><trkpt lat="34.7534127" lon="-118.3302078"><ele>802.82</ele><time>2026-06-27T13:56:14-05:00</time><course>3.583683</course><roll>41.19935</roll><pitch>3.30313</pitch><mode /></trkpt><trkpt lat="34.7534382" lon="-118.3301693"><ele>802.74</ele><time>2026-06-27T13:56:15-05:00</time><course>352.7181</course><roll>42.73299</roll><pitch>1.669316</pitch><mode /></trkpt><trkpt lat="34.7534639" lon="-118.3301345"><ele>802.64</ele><time>2026-06-27T13:56:15-05:00</time><course>343.2828</course><roll>42.13007</roll><pitch>2.331377</pitch><mode /></trkpt><trkpt lat="34.7534892" lon="-118.3301025"><ele>802.42</ele><time>2026-06-27T13:56:15-05:00</time><course>334.9826</course><roll>43.96877</roll><pitch>-1.289273</pitch><mode /></trkpt><trkpt lat="34.7535133" lon="-118.3300748"><ele>802.16</ele><time>2026-06-27T13:56:15-05:00</time><course>328.8202</course><roll>44.85288</roll><pitch>-3.839869</pitch><mode /></trkpt><trkpt lat="34.7535357" lon="-118.3300516"><ele>801.98</ele><time>2026-06-27T13:56:15-05:00</time><course>321.683</course><roll>44.22199</roll><pitch>-1.96799</pitch><mode /></trkpt><trkpt lat="34.7535566" lon="-118.3300318"><ele>801.79</ele><time>2026-06-27T13:56:16-05:00</time><course>312.0587</course><roll>46.0528</roll><pitch>-1.209231</pitch><mode /></trkpt><trkpt lat="34.7535754" lon="-118.3300153"><ele>801.51</ele><time>2026-06-27T13:56:16-05:00</time><course>305.5696</course><roll>41.82745</roll><pitch>-2.399127</pitch><mode /></trkpt><trkpt lat="34.7535915" lon="-118.3300022"><ele>801.33</ele><time>2026-06-27T13:56:16-05:00</time><course>298.3956</course><roll>36.45152</roll><pitch>-3.836446</pitch><mode /></trkpt><trkpt lat="34.7536048" lon="-118.3299915"><ele>801.25</ele><time>2026-06-27T13:56:16-05:00</time><course>290.1505</course><roll>35.31793</roll><pitch>-3.819994</pitch><mode /></trkpt><trkpt lat="34.7536154" lon="-118.3299822"><ele>801.22</ele><time>2026-06-27T13:56:16-05:00</time><course>285.7225</course><roll>31.46833</roll><pitch>-5.345472</pitch><mode /></trkpt><trkpt lat="34.7536233" lon="-118.3299735"><ele>801.23</ele><time>2026-06-27T13:56:17-05:00</time><course>283.8409</course><roll>26.0463</roll><pitch>-1.791343</pitch><mode /></trkpt><trkpt lat="34.7536298" lon="-118.3299649"><ele>801.16</ele><time>2026-06-27T13:56:17-05:00</time><course>281.3375</course><roll>24.88661</roll><pitch>0.4484899</pitch><mode /></trkpt><trkpt lat="34.7536355" lon="-118.3299563"><ele>800.91</ele><time>2026-06-27T13:56:17-05:00</time><course>278.6929</course><roll>23.7582</roll><pitch>1.082966</pitch><mode /></trkpt><trkpt lat="34.7536402" lon="-118.329948"><ele>800.53</ele><time>2026-06-27T13:56:17-05:00</time><course>275.1064</course><roll>19.0258</roll><pitch>0.6638477</pitch><mode /></trkpt><trkpt lat="34.7536437" lon="-118.3299399"><ele>800.14</ele><time>2026-06-27T13:56:17-05:00</time><course>270.5038</course><roll>12.80581</roll><pitch>1.654577</pitch><mode /></trkpt><trkpt lat="34.7536462" lon="-118.329932"><ele>799.83</ele><time>2026-06-27T13:56:18-05:00</time><course>264.641</course><roll>12.75004</roll><pitch>-1.261411</pitch><mode /></trkpt><trkpt lat="34.7536476" lon="-118.3299244"><ele>799.59</ele><time>2026-06-27T13:56:18-05:00</time><course>261.8979</course><roll>13.7382</roll><pitch>-3.621248</pitch><mode /></trkpt><trkpt lat="34.7536475" lon="-118.3299165"><ele>799.53</ele><time>2026-06-27T13:56:18-05:00</time><course>260.5327</course><roll>11.95325</roll><pitch>-5.610035</pitch><mode /></trkpt><trkpt lat="34.7536462" lon="-118.3299081"><ele>799.53</ele><time>2026-06-27T13:56:18-05:00</time><course>259.2534</course><roll>10.84614</roll><pitch>-5.501195</pitch><mode /></trkpt><trkpt lat="34.7536441" lon="-118.3298992"><ele>799.5</ele><time>2026-06-27T13:56:18-05:00</time><course>261.5952</course><roll>2.249674</roll><pitch>-8.779289</pitch><mode /></trkpt><trkpt lat="34.7536417" lon="-118.3298899"><ele>799.57</ele><time>2026-06-27T13:56:19-05:00</time><course>261.2753</course><roll>-8.937527</roll><pitch>-6.749063</pitch><mode /></trkpt><trkpt lat="34.7536396" lon="-118.32988"><ele>799.76</ele><time>2026-06-27T13:56:19-05:00</time><course>258.8805</course><roll>-8.727258</roll><pitch>-3.718913</pitch><mode /></trkpt><trkpt lat="34.7536378" lon="-118.3298702"><ele>799.78</ele><time>2026-06-27T13:56:19-05:00</time><course>258.4129</course><roll>-10.10731</roll><pitch>-2.904996</pitch><mode /></trkpt><trkpt lat="34.753636" lon="-118.3298606"><ele>799.67</ele><time>2026-06-27T13:56:19-05:00</time><course>258.9702</course><roll>-9.534508</roll><pitch>-4.412951</pitch><mode /></trkpt><trkpt lat="34.753635" lon="-118.3298511"><ele>799.54</ele><time>2026-06-27T13:56:19-05:00</time><course>252.2424</course><roll>-2.492379</roll><pitch>-9.47777</pitch><mode /></trkpt><trkpt lat="34.753634" lon="-118.3298413"><ele>799.54</ele><time>2026-06-27T13:56:20-05:00</time><course>248.4621</course><roll>5.120765</roll><pitch>-11.41447</pitch><mode /></trkpt><trkpt lat="34.753632" lon="-118.3298305"><ele>799.65</ele><time>2026-06-27T13:56:20-05:00</time><course>248.056</course><roll>7.806581</roll><pitch>-9.908756</pitch><mode /></trkpt><trkpt lat="34.7536292" lon="-118.329819"><ele>799.8</ele><time>2026-06-27T13:56:20-05:00</time><course>252.9138</course><roll>4.537408</roll><pitch>-8.436224</pitch><mode /></trkpt><trkpt lat="34.7536256" lon="-118.3298072"><ele>799.95</ele><time>2026-06-27T13:56:20-05:00</time><course>259.848</course><roll>-5.000243</roll><pitch>-6.986358</pitch><mode /></trkpt><trkpt lat="34.7536221" lon="-118.3297954"><ele>800.09</ele><time>2026-06-27T13:56:20-05:00</time><course>259.8182</course><roll>-10.55323</roll><pitch>-3.092321</pitch><mode /></trkpt><trkpt lat="34.7536192" lon="-118.3297841"><ele>800.19</ele><time>2026-06-27T13:56:21-05:00</time><course>256.8815</course><roll>-14.09457</roll><pitch>-0.919735</pitch><mode /></trkpt><trkpt lat="34.7536168" lon="-118.3297734"><ele>800.11</ele><time>2026-06-27T13:56:21-05:00</time><course>255.0148</course><roll>-14.65567</roll><pitch>-1.191711</pitch><mode /></trkpt><trkpt lat="34.7536147" lon="-118.3297631"><ele>799.93</ele><time>2026-06-27T13:56:21-05:00</time><course>251.3982</course><roll>-11.91559</roll><pitch>-4.737072</pitch><mode /></trkpt><trkpt lat="34.7536129" lon="-118.3297529"><ele>799.71</ele><time>2026-06-27T13:56:21-05:00</time><course>248.1909</course><roll>-5.697371</roll><pitch>-7.923282</pitch><mode /></trkpt><trkpt lat="34.7536109" lon="-118.3297427"><ele>799.58</ele><time>2026-06-27T13:56:21-05:00</time><course>249.7937</course><roll>-5.597383</roll><pitch>-6.071694</pitch><mode /></trkpt><trkpt lat="34.7536082" lon="-118.3297327"><ele>799.51</ele><time>2026-06-27T13:56:22-05:00</time><course>255.8053</course><roll>-7.497463</roll><pitch>-3.87153</pitch><mode /></trkpt><trkpt lat="34.7536053" lon="-118.3297228"><ele>799.47</ele><time>2026-06-27T13:56:22-05:00</time><course>260.6201</course><roll>-10.37063</roll><pitch>-1.833747</pitch><mode /></trkpt><trkpt lat="34.7536027" lon="-118.3297135"><ele>799.38</ele><time>2026-06-27T13:56:22-05:00</time><course>262.1994</course><roll>-12.95663</roll><pitch>-2.267719</pitch><mode /></trkpt><trkpt lat="34.753601" lon="-118.3297049"><ele>799.24</ele><time>2026-06-27T13:56:22-05:00</time><course>258.4591</course><roll>-13.62034</roll><pitch>-6.914429</pitch><mode /></trkpt><trkpt lat="34.7536002" lon="-118.3296967"><ele>799.23</ele><time>2026-06-27T13:56:22-05:00</time><course>251.8448</course><roll>-7.401091</roll><pitch>-13.3344</pitch><mode /></trkpt><trkpt lat="34.7535996" lon="-118.329688"><ele>799.39</ele><time>2026-06-27T13:56:23-05:00</time><course>252.3718</course><roll>-2.177747</roll><pitch>-13.1349</pitch><mode /></trkpt><trkpt lat="34.7535982" lon="-118.3296786"><ele>799.65</ele><time>2026-06-27T13:56:23-05:00</time><course>253.6007</course><roll>0.4451999</roll><pitch>-11.42157</pitch><mode /></trkpt><trkpt lat="34.7535966" lon="-118.3296688"><ele>799.92</ele><time>2026-06-27T13:56:23-05:00</time><course>252.2713</course><roll>2.519166</roll><pitch>-8.883448</pitch><mode /></trkpt><trkpt lat="34.7535944" lon="-118.3296586"><ele>800.15</ele><time>2026-06-27T13:56:23-05:00</time><course>251.5762</course><roll>4.236034</roll><pitch>-5.789676</pitch><mode /></trkpt><trkpt lat="34.7535912" lon="-118.3296485"><ele>800.24</ele><time>2026-06-27T13:56:23-05:00</time><course>257.7901</course><roll>-0.9119977</roll><pitch>-1.895659</pitch><mode /></trkpt><trkpt lat="34.7535878" lon="-118.3296387"><ele>800.16</ele><time>2026-06-27T13:56:24-05:00</time><course>260.7783</course><roll>-6.853085</roll><pitch>2.137439</pitch><mode /></trkpt><trkpt lat="34.7535849" lon="-118.3296296"><ele>799.9</ele><time>2026-06-27T13:56:24-05:00</time><course>259.3059</course><roll>-8.671358</roll><pitch>3.042678</pitch><mode /></trkpt><trkpt lat="34.7535823" lon="-118.3296214"><ele>799.55</ele><time>2026-06-27T13:56:24-05:00</time><course>257.8467</course><roll>-11.3363</roll><pitch>1.494504</pitch><mode /></trkpt><trkpt lat="34.7535802" lon="-118.3296139"><ele>799.13</ele><time>2026-06-27T13:56:24-05:00</time><course>258.4343</course><roll>-11.51767</roll><pitch>-1.90473</pitch><mode /></trkpt><trkpt lat="34.7535783" lon="-118.3296072"><ele>798.84</ele><time>2026-06-27T13:56:24-05:00</time><course>259.1373</course><roll>-11.33843</roll><pitch>-7.0718</pitch><mode /></trkpt><trkpt lat="34.7535771" lon="-118.3296012"><ele>798.78</ele><time>2026-06-27T13:56:25-05:00</time><course>260.1777</course><roll>-10.96807</roll><pitch>-12.23746</pitch><mode /></trkpt><trkpt lat="34.7535764" lon="-118.3295952"><ele>798.93</ele><time>2026-06-27T13:56:25-05:00</time><course>256.5255</course><roll>-4.55122</roll><pitch>-14.91024</pitch><mode /></trkpt><trkpt lat="34.753576" lon="-118.3295885"><ele>799.26</ele><time>2026-06-27T13:56:25-05:00</time><course>254.4233</course><roll>0.39214</roll><pitch>-14.53609</pitch><mode /></trkpt><trkpt lat="34.7535749" lon="-118.3295813"><ele>799.61</ele><time>2026-06-27T13:56:25-05:00</time><course>255.1141</course><roll>0.863318</roll><pitch>-11.31133</pitch><mode /></trkpt><trkpt lat="34.7535729" lon="-118.3295739"><ele>799.88</ele><time>2026-06-27T13:56:25-05:00</time><course>258.7532</course><roll>-0.4670168</roll><pitch>-7.966898</pitch><mode /></trkpt><trkpt lat="34.7535705" lon="-118.3295664"><ele>800.06</ele><time>2026-06-27T13:56:26-05:00</time><course>264.2765</course><roll>-7.210866</roll><pitch>-3.515738</pitch><mode /></trkpt><trkpt lat="34.7535681" lon="-118.3295593"><ele>800.15</ele><time>2026-06-27T13:56:26-05:00</time><course>264.2892</course><roll>-8.416683</roll><pitch>-2.637808</pitch><mode /></trkpt><trkpt lat="34.7535662" lon="-118.3295529"><ele>800.15</ele><time>2026-06-27T13:56:26-05:00</time><course>261.648</course><roll>-8.066777</roll><pitch>-3.644312</pitch><mode /></trkpt><trkpt lat="34.7535647" lon="-118.3295469"><ele>800.12</ele><time>2026-06-27T13:56:26-05:00</time><course>259.6584</course><roll>-7.880669</roll><pitch>-4.223585</pitch><mode /></trkpt><trkpt lat="34.7535632" lon="-118.3295414"><ele>800.16</ele><time>2026-06-27T13:56:26-05:00</time><course>260.0733</course><roll>-8.556221</roll><pitch>-3.398388</pitch><mode /></trkpt><trkpt lat="34.7535618" lon="-118.3295361"><ele>800.11</ele><time>2026-06-27T13:56:27-05:00</time><course>260.1421</course><roll>-9.94978</roll><pitch>-3.269853</pitch><mode /></trkpt><trkpt lat="34.7535604" lon="-118.3295312"><ele>799.95</ele><time>2026-06-27T13:56:27-05:00</time><course>260.1591</course><roll>-10.20722</roll><pitch>-4.169614</pitch><mode /></trkpt><trkpt lat="34.7535593" lon="-118.3295268"><ele>799.81</ele><time>2026-06-27T13:56:27-05:00</time><course>260.9734</course><roll>-9.835325</roll><pitch>-7.07248</pitch><mode /></trkpt><trkpt lat="34.7535588" lon="-118.3295224"><ele>799.84</ele><time>2026-06-27T13:56:27-05:00</time><course>257.9564</course><roll>-6.978787</roll><pitch>-10.55681</pitch><mode /></trkpt><trkpt lat="34.7535587" lon="-118.3295177"><ele>800.08</ele><time>2026-06-27T13:56:27-05:00</time><course>255.2507</course><roll>-0.4024223</roll><pitch>-12.04909</pitch><mode /></trkpt><trkpt lat="34.7535577" lon="-118.3295123"><ele>800.34</ele><time>2026-06-27T13:56:28-05:00</time><course>260.1274</course><roll>1.314675</roll><pitch>-9.907156</pitch><mode /></trkpt><trkpt lat="34.7535559" lon="-118.3295065"><ele>800.53</ele><time>2026-06-27T13:56:28-05:00</time><course>264.1164</course><roll>-2.785929</roll><pitch>-5.900881</pitch><mode /></trkpt><trkpt lat="34.7535542" lon="-118.3295011"><ele>800.5</ele><time>2026-06-27T13:56:28-05:00</time><course>263.1226</course><roll>-5.675273</roll><pitch>-2.346804</pitch><mode /></trkpt><trkpt lat="34.753553" lon="-118.3294961"><ele>800.22</ele><time>2026-06-27T13:56:28-05:00</time><course>261.9754</course><roll>-8.756465</roll><pitch>-2.186565</pitch><mode /></trkpt><trkpt lat="34.7535516" lon="-118.3294915"><ele>799.77</ele><time>2026-06-27T13:56:28-05:00</time><course>262.7234</course><roll>-8.999727</roll><pitch>-3.810069</pitch><mode /></trkpt><trkpt lat="34.7535504" lon="-118.3294876"><ele>799.3</ele><time>2026-06-27T13:56:29-05:00</time><course>261.4673</course><roll>-7.124462</roll><pitch>-8.152652</pitch><mode /></trkpt><trkpt lat="34.7535495" lon="-118.3294844"><ele>799.06</ele><time>2026-06-27T13:56:29-05:00</time><course>262.0191</course><roll>-6.334049</roll><pitch>-11.80926</pitch><mode /></trkpt><trkpt lat="34.7535489" lon="-118.3294811"><ele>799.26</ele><time>2026-06-27T13:56:29-05:00</time><course>259.8432</course><roll>-9.965551</roll><pitch>-11.71052</pitch><mode /></trkpt><trkpt lat="34.7535484" lon="-118.3294776"><ele>799.67</ele><time>2026-06-27T13:56:29-05:00</time><course>254.4274</course><roll>-7.495826</roll><pitch>-9.952773</pitch><mode /></trkpt><trkpt lat="34.7535475" lon="-118.3294742"><ele>799.84</ele><time>2026-06-27T13:56:29-05:00</time><course>253.8448</course><roll>-4.543365</roll><pitch>-8.113811</pitch><mode /></trkpt><trkpt lat="34.753546" lon="-118.3294708"><ele>799.87</ele><time>2026-06-27T13:56:30-05:00</time><course>259.7547</course><roll>-9.238429</roll><pitch>-6.463604</pitch><mode /></trkpt><trkpt lat="34.7535445" lon="-118.3294675"><ele>799.99</ele><time>2026-06-27T13:56:30-05:00</time><course>259.841</course><roll>-11.09935</roll><pitch>-6.064978</pitch><mode /></trkpt><trkpt lat="34.7535435" lon="-118.3294645"><ele>800.06</ele><time>2026-06-27T13:56:30-05:00</time><course>257.3063</course><roll>-10.95409</roll><pitch>-7.186861</pitch><mode /></trkpt><trkpt lat="34.7535426" lon="-118.3294616"><ele>800.17</ele><time>2026-06-27T13:56:30-05:00</time><course>256.7312</course><roll>-8.780907</roll><pitch>-8.714186</pitch><mode /></trkpt><trkpt lat="34.7535418" lon="-118.3294586"><ele>800.33</ele><time>2026-06-27T13:56:30-05:00</time><course>257.7991</course><roll>-8.821907</roll><pitch>-8.457481</pitch><mode /></trkpt><trkpt lat="34.7535413" lon="-118.3294555"><ele>800.54</ele><time>2026-06-27T13:56:31-05:00</time><course>256.4039</course><roll>-13.67538</roll><pitch>-9.663631</pitch><mode /></trkpt><trkpt lat="34.7535409" lon="-118.3294518"><ele>800.74</ele><time>2026-06-27T13:56:31-05:00</time><course>256.8836</course><roll>-10.37288</roll><pitch>-7.510722</pitch><mode /></trkpt><trkpt lat="34.7535404" lon="-118.329448"><ele>800.95</ele><time>2026-06-27T13:56:31-05:00</time><course>257.3583</course><roll>-4.731205</roll><pitch>-3.654809</pitch><mode /></trkpt><trkpt lat="34.7535398" lon="-118.329444"><ele>801.07</ele><time>2026-06-27T13:56:31-05:00</time><course>259.2941</course><roll>-1.631368</roll><pitch>-2.045393</pitch><mode /></trkpt><trkpt lat="34.7535385" lon="-118.3294399"><ele>801.18</ele><time>2026-06-27T13:56:31-05:00</time><course>265.157</course><roll>-0.6754689</roll><pitch>-2.804027</pitch><mode /></trkpt><trkpt lat="34.753537" lon="-118.3294358"><ele>801.28</ele><time>2026-06-27T13:56:32-05:00</time><course>265.7661</course><roll>-5.652739</roll><pitch>-2.55326</pitch><mode /></trkpt><trkpt lat="34.7535359" lon="-118.3294315"><ele>801.35</ele><time>2026-06-27T13:56:32-05:00</time><course>262.5695</course><roll>-5.927188</roll><pitch>-2.289312</pitch><mode /></trkpt><trkpt lat="34.7535352" lon="-118.3294271"><ele>801.33</ele><time>2026-06-27T13:56:32-05:00</time><course>257.9096</course><roll>-3.092253</roll><pitch>-1.5014</pitch><mode /></trkpt><trkpt lat="34.7535343" lon="-118.3294226"><ele>801.31</ele><time>2026-06-27T13:56:32-05:00</time><course>254.7182</course><roll>-0.4684355</roll><pitch>0.219454</pitch><mode /></trkpt><trkpt lat="34.7535328" lon="-118.3294179"><ele>801.25</ele><time>2026-06-27T13:56:32-05:00</time><course>257.6533</course><roll>-0.7415076</roll><pitch>-0.0775966</pitch><mode /></trkpt><trkpt lat="34.7535307" lon="-118.3294131"><ele>801.18</ele><time>2026-06-27T13:56:33-05:00</time><course>261.9699</course><roll>-4.579904</roll><pitch>-1.089698</pitch><mode /></trkpt><trkpt lat="34.7535288" lon="-118.3294085"><ele>801.12</ele><time>2026-06-27T13:56:33-05:00</time><course>261.2338</course><roll>-3.87575</roll><pitch>-1.969736</pitch><mode /></trkpt><trkpt lat="34.7535272" lon="-118.3294039"><ele>801.05</ele><time>2026-06-27T13:56:33-05:00</time><course>260.4077</course><roll>-5.149964</roll><pitch>-4.426947</pitch><mode /></trkpt><trkpt lat="34.7535257" lon="-118.329399"><ele>801.05</ele><time>2026-06-27T13:56:33-05:00</time><course>261.0314</course><roll>-5.108462</roll><pitch>-4.957275</pitch><mode /></trkpt><trkpt lat="34.7535243" lon="-118.3293939"><ele>801.13</ele><time>2026-06-27T13:56:33-05:00</time><course>261.1432</course><roll>-5.448751</roll><pitch>-4.345216</pitch><mode /></trkpt><trkpt lat="34.7535231" lon="-118.3293888"><ele>801.14</ele><time>2026-06-27T13:56:34-05:00</time><course>259.7988</course><roll>-6.96006</roll><pitch>-2.700661</pitch><mode /></trkpt><trkpt lat="34.753522" lon="-118.3293836"><ele>801.02</ele><time>2026-06-27T13:56:34-05:00</time><course>259.5172</course><roll>-8.38133</roll><pitch>-2.671622</pitch><mode /></trkpt><trkpt lat="34.7535211" lon="-118.3293784"><ele>800.87</ele><time>2026-06-27T13:56:34-05:00</time><course>255.4814</course><roll>-1.187923</roll><pitch>-4.550097</pitch><mode /></trkpt><trkpt lat="34.7535202" lon="-118.329373"><ele>800.81</ele><time>2026-06-27T13:56:34-05:00</time><course>253.8418</course><roll>1.183746</roll><pitch>-5.642073</pitch><mode /></trkpt><trkpt lat="34.7535185" lon="-118.329367"><ele>800.81</ele><time>2026-06-27T13:56:34-05:00</time><course>261.1555</course><roll>-6.772088</roll><pitch>-5.972823</pitch><mode /></trkpt><trkpt lat="34.7535164" lon="-118.3293608"><ele>800.78</ele><time>2026-06-27T13:56:35-05:00</time><course>263.4363</course><roll>-10.11161</roll><pitch>-5.955133</pitch><mode /></trkpt><trkpt lat="34.753515" lon="-118.3293547"><ele>800.66</ele><time>2026-06-27T13:56:35-05:00</time><course>260.452</course><roll>-5.544127</roll><pitch>-6.613613</pitch><mode /></trkpt><trkpt lat="34.7535138" lon="-118.3293488"><ele>800.47</ele><time>2026-06-27T13:56:35-05:00</time><course>257.87</course><roll>-3.464629</roll><pitch>-6.346846</pitch><mode /></trkpt><trkpt lat="34.7535122" lon="-118.3293433"><ele>800.26</ele><time>2026-06-27T13:56:35-05:00</time><course>256.7527</course><roll>-6.231877</roll><pitch>-7.097825</pitch><mode /></trkpt><trkpt lat="34.7535109" lon="-118.3293381"><ele>800.15</ele><time>2026-06-27T13:56:35-05:00</time><course>250.7449</course><roll>0.2237878</roll><pitch>-7.559146</pitch><mode /></trkpt><trkpt lat="34.7535098" lon="-118.329333"><ele>800.24</ele><time>2026-06-27T13:56:36-05:00</time><course>246.5592</course><roll>6.886005</roll><pitch>-8.143437</pitch><mode /></trkpt><trkpt lat="34.7535079" lon="-118.3293275"><ele>800.33</ele><time>2026-06-27T13:56:36-05:00</time><course>249.4726</course><roll>3.829059</roll><pitch>-7.718834</pitch><mode /></trkpt><trkpt lat="34.7535052" lon="-118.3293218"><ele>800.41</ele><time>2026-06-27T13:56:36-05:00</time><course>249.9858</course><roll>0.3504778</roll><pitch>-5.10611</pitch><mode /></trkpt><trkpt lat="34.7535023" lon="-118.3293164"><ele>800.42</ele><time>2026-06-27T13:56:36-05:00</time><course>248.5902</course><roll>-1.948875</roll><pitch>-2.613747</pitch><mode /></trkpt><trkpt lat="34.7534992" lon="-118.3293115"><ele>800.43</ele><time>2026-06-27T13:56:36-05:00</time><course>249.5031</course><roll>-2.955895</roll><pitch>-1.107648</pitch><mode /></trkpt><trkpt lat="34.7534957" lon="-118.3293067"><ele>800.34</ele><time>2026-06-27T13:56:37-05:00</time><course>252.3042</course><roll>-5.065942</roll><pitch>-1.151259</pitch><mode /></trkpt><trkpt lat="34.7534922" lon="-118.3293023"><ele>800.24</ele><time>2026-06-27T13:56:37-05:00</time><course>252.9159</course><roll>-5.53803</roll><pitch>-2.206494</pitch><mode /></trkpt><trkpt lat="34.7534888" lon="-118.3292983"><ele>800.2</ele><time>2026-06-27T13:56:37-05:00</time><course>254.5777</course><roll>-5.553218</roll><pitch>-4.039443</pitch><mode /></trkpt><trkpt lat="34.7534853" lon="-118.3292945"><ele>800.26</ele><time>2026-06-27T13:56:37-05:00</time><course>257.4585</course><roll>-8.411566</roll><pitch>-6.63887</pitch><mode /></trkpt><trkpt lat="34.7534819" lon="-118.3292905"><ele>800.36</ele><time>2026-06-27T13:56:37-05:00</time><course>259.987</course><roll>-13.55874</roll><pitch>-9.344682</pitch><mode /></trkpt><trkpt lat="34.7534791" lon="-118.3292859"><ele>800.54</ele><time>2026-06-27T13:56:38-05:00</time><course>259.3918</course><roll>-14.00778</roll><pitch>-11.13582</pitch><mode /></trkpt><trkpt lat="34.7534771" lon="-118.3292807"><ele>800.75</ele><time>2026-06-27T13:56:38-05:00</time><course>258.5257</course><roll>-13.30869</roll><pitch>-10.33482</pitch><mode /></trkpt><trkpt lat="34.7534755" lon="-118.3292749"><ele>800.88</ele><time>2026-06-27T13:56:38-05:00</time><course>260.0969</course><roll>-10.56671</roll><pitch>-8.216485</pitch><mode /></trkpt><trkpt lat="34.7534737" lon="-118.3292688"><ele>800.92</ele><time>2026-06-27T13:56:38-05:00</time><course>263.8356</course><roll>-12.04784</roll><pitch>-6.795683</pitch><mode /></trkpt><trkpt lat="34.7534724" lon="-118.3292627"><ele>800.92</ele><time>2026-06-27T13:56:38-05:00</time><course>261.3503</course><roll>-10.79765</roll><pitch>-8.028844</pitch><mode /></trkpt><trkpt lat="34.7534718" lon="-118.3292562"><ele>800.84</ele><time>2026-06-27T13:56:39-05:00</time><course>256.5867</course><roll>-7.29553</roll><pitch>-12.22477</pitch><mode /></trkpt><trkpt lat="34.7534713" lon="-118.329249"><ele>800.9</ele><time>2026-06-27T13:56:39-05:00</time><course>256.5843</course><roll>-0.4237264</roll><pitch>-14.75255</pitch><mode /></trkpt><trkpt lat="34.7534704" lon="-118.329241"><ele>801.11</ele><time>2026-06-27T13:56:39-05:00</time><course>257.9853</course><roll>1.207456</roll><pitch>-13.35052</pitch><mode /></trkpt><trkpt lat="34.7534691" lon="-118.3292322"><ele>801.33</ele><time>2026-06-27T13:56:39-05:00</time><course>256.1962</course><roll>3.566725</roll><pitch>-9.499656</pitch><mode /></trkpt><trkpt lat="34.7534675" lon="-118.3292231"><ele>801.4</ele><time>2026-06-27T13:56:39-05:00</time><course>252.705</course><roll>9.545259</roll><pitch>-5.447501</pitch><mode /></trkpt><trkpt lat="34.7534653" lon="-118.329214"><ele>801.31</ele><time>2026-06-27T13:56:40-05:00</time><course>253.7734</course><roll>9.876786</roll><pitch>-3.514162</pitch><mode /></trkpt><trkpt lat="34.7534618" lon="-118.3292051"><ele>801.11</ele><time>2026-06-27T13:56:40-05:00</time><course>260.5401</course><roll>1.272589</roll><pitch>-5.462056</pitch><mode /></trkpt><trkpt lat="34.753458" lon="-118.3291965"><ele>800.89</ele><time>2026-06-27T13:56:40-05:00</time><course>260.8912</course><roll>-5.341971</roll><pitch>-5.258803</pitch><mode /></trkpt><trkpt lat="34.7534545" lon="-118.3291884"><ele>800.72</ele><time>2026-06-27T13:56:40-05:00</time><course>257.7957</course><roll>-7.684638</roll><pitch>-3.717632</pitch><mode /></trkpt><trkpt lat="34.7534511" lon="-118.3291811"><ele>800.54</ele><time>2026-06-27T13:56:40-05:00</time><course>256.7946</course><roll>-8.859794</roll><pitch>-3.343242</pitch><mode /></trkpt><trkpt lat="34.7534476" lon="-118.3291744"><ele>800.28</ele><time>2026-06-27T13:56:41-05:00</time><course>257.3003</course><roll>-10.38112</roll><pitch>-3.510226</pitch><mode /></trkpt><trkpt lat="34.7534441" lon="-118.3291685"><ele>800.01</ele><time>2026-06-27T13:56:41-05:00</time><course>256.4505</course><roll>-10.41838</roll><pitch>-6.540549</pitch><mode /></trkpt><trkpt lat="34.7534412" lon="-118.3291634"><ele>799.84</ele><time>2026-06-27T13:56:41-05:00</time><course>256.0517</course><roll>-10.29284</roll><pitch>-9.876955</pitch><mode /></trkpt><trkpt lat="34.7534384" lon="-118.3291585"><ele>799.8</ele><time>2026-06-27T13:56:41-05:00</time><course>257.673</course><roll>-9.762843</roll><pitch>-11.50649</pitch><mode /></trkpt><trkpt lat="34.7534358" lon="-118.3291538"><ele>799.86</ele><time>2026-06-27T13:56:41-05:00</time><course>259.2607</course><roll>-7.222348</roll><pitch>-12.64114</pitch><mode /></trkpt><trkpt lat="34.7534334" lon="-118.3291492"><ele>799.97</ele><time>2026-06-27T13:56:42-05:00</time><course>257.6565</course><roll>-9.70085</roll><pitch>-14.21745</pitch><mode /></trkpt><trkpt lat="34.7534314" lon="-118.3291447"><ele>800.16</ele><time>2026-06-27T13:56:42-05:00</time><course>254.6549</course><roll>-7.411942</roll><pitch>-14.03292</pitch><mode /></trkpt><trkpt lat="34.7534293" lon="-118.3291402"><ele>800.39</ele><time>2026-06-27T13:56:42-05:00</time><course>256.1779</course><roll>-6.978224</roll><pitch>-10.14669</pitch><mode /></trkpt><trkpt lat="34.7534268" lon="-118.3291359"><ele>800.53</ele><time>2026-06-27T13:56:42-05:00</time><course>258.8061</course><roll>-9.287537</roll><pitch>-7.39483</pitch><mode /></trkpt><trkpt lat="34.7534244" lon="-118.3291319"><ele>800.59</ele><time>2026-06-27T13:56:42-05:00</time><course>257.5222</course><roll>-9.049516</roll><pitch>-8.52724</pitch><mode /></trkpt><trkpt lat="34.7534226" lon="-118.3291283"><ele>800.6</ele><time>2026-06-27T13:56:43-05:00</time><course>252.2005</course><roll>-3.105742</roll><pitch>-10.8508</pitch><mode /></trkpt><trkpt lat="34.7534207" lon="-118.3291248"><ele>800.72</ele><time>2026-06-27T13:56:43-05:00</time><course>253.1574</course><roll>-2.87404</roll><pitch>-10.74915</pitch><mode /></trkpt><trkpt lat="34.7534183" lon="-118.329121"><ele>800.95</ele><time>2026-06-27T13:56:43-05:00</time><course>255.8328</course><roll>-10.01337</roll><pitch>-8.453226</pitch><mode /></trkpt><trkpt lat="34.7534158" lon="-118.3291173"><ele>801.14</ele><time>2026-06-27T13:56:43-05:00</time><course>253.7222</course><roll>-11.6406</roll><pitch>-7.406501</pitch><mode /></trkpt><trkpt lat="34.7534136" lon="-118.3291139"><ele>801.2</ele><time>2026-06-27T13:56:43-05:00</time><course>252.2424</course><roll>-13.01746</roll><pitch>-7.372569</pitch><mode /></trkpt><trkpt lat="34.7534117" lon="-118.3291109"><ele>801.26</ele><time>2026-06-27T13:56:44-05:00</time><course>251.1564</course><roll>-16.78254</roll><pitch>-8.150568</pitch><mode /></trkpt><trkpt lat="34.7534101" lon="-118.3291082"><ele>801.45</ele><time>2026-06-27T13:56:44-05:00</time><course>249.6434</course><roll>-18.60619</roll><pitch>-9.411859</pitch><mode /></trkpt><trkpt lat="34.753409" lon="-118.3291056"><ele>801.61</ele><time>2026-06-27T13:56:44-05:00</time><course>250.144</course><roll>-16.19249</roll><pitch>-10.7353</pitch><mode /></trkpt><trkpt lat="34.7534083" lon="-118.329103"><ele>801.82</ele><time>2026-06-27T13:56:44-05:00</time><course>250.3723</course><roll>-12.05389</roll><pitch>-11.40335</pitch><mode /></trkpt><trkpt lat="34.7534084" lon="-118.3291005"><ele>802.09</ele><time>2026-06-27T13:56:44-05:00</time><course>246.6861</course><roll>-6.369287</roll><pitch>-10.46705</pitch><mode /></trkpt><trkpt lat="34.753408" lon="-118.3290946"><ele>802.58</ele><time>2026-06-27T13:56:45-05:00</time><course>247.2111</course><roll>-2.818011</roll><pitch>-3.871807</pitch><mode /></trkpt><trkpt lat="34.7534075" lon="-118.3290913"><ele>802.7</ele><time>2026-06-27T13:56:45-05:00</time><course>244.0291</course><roll>0.7153071</roll><pitch>-1.30688</pitch><mode /></trkpt><trkpt lat="34.7534066" lon="-118.3290882"><ele>802.72</ele><time>2026-06-27T13:56:45-05:00</time><course>242.9882</course><roll>-1.074404</roll><pitch>0.9246877</pitch><mode /></trkpt><trkpt lat="34.753405" lon="-118.3290853"><ele>802.61</ele><time>2026-06-27T13:56:45-05:00</time><course>245.2581</course><roll>-1.460736</roll><pitch>1.560597</pitch><mode /></trkpt><trkpt lat="34.7534031" lon="-118.3290826"><ele>802.44</ele><time>2026-06-27T13:56:46-05:00</time><course>245.2762</course><roll>0.7196919</roll><pitch>-0.9007756</pitch><mode /></trkpt><trkpt lat="34.7534011" lon="-118.3290802"><ele>802.4</ele><time>2026-06-27T13:56:46-05:00</time><course>245.4203</course><roll>0.5437661</roll><pitch>-0.6570601</pitch><mode /></trkpt><trkpt lat="34.7533988" lon="-118.329078"><ele>802.48</ele><time>2026-06-27T13:56:46-05:00</time><course>241.0825</course><roll>-7.135698</roll><pitch>-0.1944824</pitch><mode /></trkpt><trkpt lat="34.7533967" lon="-118.3290764"><ele>802.61</ele><time>2026-06-27T13:56:46-05:00</time><course>235.315</course><roll>-4.788226</roll><pitch>0.3747324</pitch><mode /></trkpt><trkpt lat="34.7533941" lon="-118.3290748"><ele>802.75</ele><time>2026-06-27T13:56:46-05:00</time><course>239.0308</course><roll>-5.572016</roll><pitch>1.075256</pitch><mode /></trkpt><trkpt lat="34.7533911" lon="-118.3290732"><ele>802.85</ele><time>2026-06-27T13:56:47-05:00</time><course>238.7726</course><roll>-9.790347</roll><pitch>0.4581002</pitch><mode /></trkpt><trkpt lat="34.7533884" lon="-118.3290723"><ele>802.98</ele><time>2026-06-27T13:56:47-05:00</time><course>233.917</course><roll>-11.31717</roll><pitch>-1.886131</pitch><mode /></trkpt><trkpt lat="34.7533863" lon="-118.329072"><ele>803.19</ele><time>2026-06-27T13:56:47-05:00</time><course>230.0461</course><roll>-5.642364</roll><pitch>-3.669296</pitch><mode /></trkpt><trkpt lat="34.7533841" lon="-118.3290715"><ele>803.58</ele><time>2026-06-27T13:56:47-05:00</time><course>235.5885</course><roll>0.2660518</roll><pitch>-1.568391</pitch><mode /></trkpt><trkpt lat="34.7533811" lon="-118.3290704"><ele>804.05</ele><time>2026-06-27T13:56:47-05:00</time><course>245.1141</course><roll>-5.152287</roll><pitch>2.339852</pitch><mode /></trkpt><trkpt lat="34.7533784" lon="-118.3290698"><ele>804.46</ele><time>2026-06-27T13:56:48-05:00</time><course>236.8084</course><roll>-16.93981</roll><pitch>5.59922</pitch><mode /></trkpt><trkpt lat="34.7533762" lon="-118.3290699"><ele>804.78</ele><time>2026-06-27T13:56:48-05:00</time><course>232.1755</course><roll>-15.56964</roll><pitch>5.228957</pitch><mode /></trkpt><trkpt lat="34.7533733" lon="-118.3290693"><ele>804.81</ele><time>2026-06-27T13:56:48-05:00</time><course>239.0237</course><roll>-17.3468</roll><pitch>8.188525</pitch><mode /></trkpt><trkpt lat="34.7533697" lon="-118.3290675"><ele>804.51</ele><time>2026-06-27T13:56:48-05:00</time><course>249.9193</course><roll>-18.96209</roll><pitch>6.690781</pitch><mode /></trkpt><trkpt lat="34.7533672" lon="-118.3290664"><ele>804.2</ele><time>2026-06-27T13:56:48-05:00</time><course>245.6748</course><roll>-20.05146</roll><pitch>1.870889</pitch><mode /></trkpt><trkpt lat="34.7533664" lon="-118.3290661"><ele>803.97</ele><time>2026-06-27T13:56:49-05:00</time><course>241.5992</course><roll>-12.90716</roll><pitch>-3.327489</pitch><mode /></trkpt><trkpt lat="34.7533659" lon="-118.3290656"><ele>803.81</ele><time>2026-06-27T13:56:49-05:00</time><course>244.9552</course><roll>-12.34465</roll><pitch>-1.469775</pitch><mode /></trkpt><trkpt lat="34.7533654" lon="-118.3290643"><ele>803.63</ele><time>2026-06-27T13:56:49-05:00</time><course>251.9668</course><roll>-9.444484</roll><pitch>1.071371</pitch><mode /></trkpt><trkpt lat="34.7533652" lon="-118.3290627"><ele>803.33</ele><time>2026-06-27T13:56:49-05:00</time><course>251.1856</course><roll>-3.719388</roll><pitch>2.130512</pitch><mode /></trkpt><trkpt lat="34.7533656" lon="-118.3290613"><ele>803.01</ele><time>2026-06-27T13:56:49-05:00</time><course>244.0634</course><roll>-4.055342</roll><pitch>3.566708</pitch><mode /></trkpt><trkpt lat="34.753366" lon="-118.3290602"><ele>802.78</ele><time>2026-06-27T13:56:50-05:00</time><course>241.6948</course><roll>-6.187294</roll><pitch>4.055095</pitch><mode /></trkpt><trkpt lat="34.7533658" lon="-118.3290573"><ele>802.36</ele><time>2026-06-27T13:56:50-05:00</time><course>242.6903</course><roll>3.286457</roll><pitch>-2.620667</pitch><mode /></trkpt><trkpt lat="34.7533653" lon="-118.329055"><ele>802.43</ele><time>2026-06-27T13:56:50-05:00</time><course>245.4346</course><roll>2.388843</roll><pitch>-2.597249</pitch><mode /></trkpt><trkpt lat="34.7533645" lon="-118.3290522"><ele>802.48</ele><time>2026-06-27T13:56:50-05:00</time><course>243.4202</course><roll>1.251857</roll><pitch>-1.3123</pitch><mode /></trkpt><trkpt lat="34.7533636" lon="-118.3290491"><ele>802.45</ele><time>2026-06-27T13:56:51-05:00</time><course>241.7041</course><roll>2.911046</roll><pitch>0.7313519</pitch><mode /></trkpt><trkpt lat="34.7533623" lon="-118.3290455"><ele>802.33</ele><time>2026-06-27T13:56:51-05:00</time><course>244.5529</course><roll>1.306223</roll><pitch>1.794971</pitch><mode /></trkpt><trkpt lat="34.7533606" lon="-118.3290414"><ele>802.02</ele><time>2026-06-27T13:56:51-05:00</time><course>247.6412</course><roll>-1.138011</roll><pitch>0.9600269</pitch><mode /></trkpt><trkpt lat="34.7533588" lon="-118.3290375"><ele>801.7</ele><time>2026-06-27T13:56:51-05:00</time><course>246.2153</course><roll>-4.035845</roll><pitch>-1.070631</pitch><mode /></trkpt><trkpt lat="34.7533574" lon="-118.3290338"><ele>801.49</ele><time>2026-06-27T13:56:51-05:00</time><course>244.2343</course><roll>-4.728146</roll><pitch>-3.132138</pitch><mode /></trkpt><trkpt lat="34.7533563" lon="-118.3290296"><ele>801.3</ele><time>2026-06-27T13:56:52-05:00</time><course>244.747</course><roll>-4.015719</roll><pitch>-4.041465</pitch><mode /></trkpt><trkpt lat="34.7533552" lon="-118.329025"><ele>801.25</ele><time>2026-06-27T13:56:52-05:00</time><course>242.7195</course><roll>-2.658855</roll><pitch>-3.501395</pitch><mode /></trkpt><trkpt lat="34.7533543" lon="-118.32902"><ele>801.26</ele><time>2026-06-27T13:56:52-05:00</time><course>239.2576</course><roll>6.695337</roll><pitch>-2.741586</pitch><mode /></trkpt><trkpt lat="34.7533528" lon="-118.3290142"><ele>801.28</ele><time>2026-06-27T13:56:52-05:00</time><course>244.1233</course><roll>6.20626</roll><pitch>-1.778637</pitch><mode /></trkpt><trkpt lat="34.7533501" lon="-118.3290086"><ele>801.23</ele><time>2026-06-27T13:56:52-05:00</time><course>251.1203</course><roll>3.143039</roll><pitch>-1.606302</pitch><mode /></trkpt><trkpt lat="34.7533467" lon="-118.3290044"><ele>801.2</ele><time>2026-06-27T13:56:53-05:00</time><course>253.9246</course><roll>-7.346883</roll><pitch>-5.271914</pitch><mode /></trkpt><trkpt lat="34.7533437" lon="-118.3290017"><ele>801.37</ele><time>2026-06-27T13:56:53-05:00</time><course>251.0775</course><roll>-9.749884</roll><pitch>-3.536804</pitch><mode /></trkpt><trkpt lat="34.7533409" lon="-118.3290002"><ele>801.63</ele><time>2026-06-27T13:56:53-05:00</time><course>252.1577</course><roll>-15.85522</roll><pitch>-0.790419</pitch><mode /></trkpt><trkpt lat="34.7533378" lon="-118.3289997"><ele>801.59</ele><time>2026-06-27T13:56:53-05:00</time><course>255.2387</course><roll>-18.48788</roll><pitch>1.648447</pitch><mode /></trkpt><trkpt lat="34.753335" lon="-118.3290005"><ele>801.31</ele><time>2026-06-27T13:56:53-05:00</time><course>253.5919</course><roll>-21.53071</roll><pitch>1.26576</pitch><mode /></trkpt><trkpt lat="34.7533336" lon="-118.3290025"><ele>800.89</ele><time>2026-06-27T13:56:54-05:00</time><course>245.0815</course><roll>-18.06542</roll><pitch>0.03364572</pitch><mode /></trkpt><trkpt lat="34.7533322" lon="-118.3290051"><ele>800.39</ele><time>2026-06-27T13:56:54-05:00</time><course>248.3166</course><roll>-18.55073</roll><pitch>1.283028</pitch><mode /></trkpt><trkpt lat="34.7533304" lon="-118.3290081"><ele>799.88</ele><time>2026-06-27T13:56:54-05:00</time><course>250.5436</course><roll>-23.78455</roll><pitch>-2.733377</pitch><mode /></trkpt><trkpt lat="34.7533301" lon="-118.329012"><ele>799.57</ele><time>2026-06-27T13:56:54-05:00</time><course>253.3546</course><roll>-15.53382</roll><pitch>-4.050353</pitch><mode /></trkpt><trkpt lat="34.7533308" lon="-118.3290165"><ele>799.47</ele><time>2026-06-27T13:56:54-05:00</time><course>257.3954</course><roll>-15.97929</roll><pitch>-7.234949</pitch><mode /></trkpt><trkpt lat="34.753332" lon="-118.329021"><ele>799.52</ele><time>2026-06-27T13:56:55-05:00</time><course>259.7238</course><roll>-15.75083</roll><pitch>-8.620622</pitch><mode /></trkpt><trkpt lat="34.753334" lon="-118.3290252"><ele>799.69</ele><time>2026-06-27T13:56:55-05:00</time><course>262.0203</course><roll>-17.47869</roll><pitch>-7.733136</pitch><mode /></trkpt><trkpt lat="34.7533365" lon="-118.3290285"><ele>799.84</ele><time>2026-06-27T13:56:55-05:00</time><course>263.0574</course><roll>-16.57666</roll><pitch>-7.758128</pitch><mode /></trkpt><trkpt lat="34.7533396" lon="-118.3290315"><ele>799.95</ele><time>2026-06-27T13:56:55-05:00</time><course>262.037</course><roll>-20.14454</roll><pitch>-7.038665</pitch><mode /></trkpt><trkpt lat="34.7533432" lon="-118.3290348"><ele>799.99</ele><time>2026-06-27T13:56:55-05:00</time><course>258.6011</course><roll>-22.1167</roll><pitch>-5.245837</pitch><mode /></trkpt><trkpt lat="34.753347" lon="-118.3290383"><ele>799.98</ele><time>2026-06-27T13:56:56-05:00</time><course>260.3278</course><roll>-14.92226</roll><pitch>-4.644005</pitch><mode /></trkpt><trkpt lat="34.753351" lon="-118.3290418"><ele>800.13</ele><time>2026-06-27T13:56:56-05:00</time><course>261.2187</course><roll>-6.036753</roll><pitch>-4.962044</pitch><mode /></trkpt><trkpt lat="34.7533555" lon="-118.3290453"><ele>800.45</ele><time>2026-06-27T13:56:56-05:00</time><course>257.764</course><roll>2.103998</roll><pitch>-5.078637</pitch><mode /></trkpt><trkpt lat="34.7533594" lon="-118.3290489"><ele>800.72</ele><time>2026-06-27T13:56:56-05:00</time><course>260.7712</course><roll>-7.778844</roll><pitch>-0.3976222</pitch><mode /></trkpt><trkpt lat="34.7533625" lon="-118.3290532"><ele>800.74</ele><time>2026-06-27T13:56:56-05:00</time><course>260.7562</course><roll>-7.437169</roll><pitch>2.629547</pitch><mode /></trkpt><trkpt lat="34.7533651" lon="-118.3290578"><ele>800.38</ele><time>2026-06-27T13:56:57-05:00</time><course>256.0202</course><roll>-11.3091</roll><pitch>5.720021</pitch><mode /></trkpt><trkpt lat="34.7533671" lon="-118.3290625"><ele>799.64</ele><time>2026-06-27T13:56:57-05:00</time><course>255.6021</course><roll>-6.655933</roll><pitch>4.441061</pitch><mode /></trkpt><trkpt lat="34.7533688" lon="-118.3290681"><ele>799.13</ele><time>2026-06-27T13:56:57-05:00</time><course>256.2679</course><roll>-0.6440194</roll><pitch>2.052279</pitch><mode /></trkpt><trkpt lat="34.75337" lon="-118.3290745"><ele>798.95</ele><time>2026-06-27T13:56:57-05:00</time><course>257.6143</course><roll>1.069724</roll><pitch>-0.4996374</pitch><mode /></trkpt><trkpt lat="34.7533709" lon="-118.3290809"><ele>798.77</ele><time>2026-06-27T13:56:57-05:00</time><course>256.4912</course><roll>3.452853</roll><pitch>-3.771969</pitch><mode /></trkpt><trkpt lat="34.753371" lon="-118.3290868"><ele>798.74</ele><time>2026-06-27T13:56:58-05:00</time><course>261.9029</course><roll>-4.242819</roll><pitch>-4.170969</pitch><mode /></trkpt><trkpt lat="34.7533705" lon="-118.3290924"><ele>798.67</ele><time>2026-06-27T13:56:58-05:00</time><course>262.1171</course><roll>-10.84584</roll><pitch>-1.593258</pitch><mode /></trkpt><trkpt lat="34.753371" lon="-118.3290985"><ele>798.54</ele><time>2026-06-27T13:56:58-05:00</time><course>259.4489</course><roll>-14.11363</roll><pitch>-0.7604373</pitch><mode /></trkpt><trkpt lat="34.7533721" lon="-118.3291044"><ele>798.42</ele><time>2026-06-27T13:56:58-05:00</time><course>259.833</course><roll>-17.11539</roll><pitch>2.594355</pitch><mode /></trkpt><trkpt lat="34.7533735" lon="-118.3291101"><ele>798.09</ele><time>2026-06-27T13:56:58-05:00</time><course>262.109</course><roll>-17.21111</roll><pitch>3.192541</pitch><mode /></trkpt><trkpt lat="34.7533754" lon="-118.3291161"><ele>797.58</ele><time>2026-06-27T13:56:59-05:00</time><course>261.2094</course><roll>-13.25102</roll><pitch>-0.01556616</pitch><mode /></trkpt><trkpt lat="34.7533783" lon="-118.3291223"><ele>797.16</ele><time>2026-06-27T13:56:59-05:00</time><course>262.2271</course><roll>-13.33329</roll><pitch>-0.9530891</pitch><mode /></trkpt><trkpt lat="34.7533817" lon="-118.3291289"><ele>796.83</ele><time>2026-06-27T13:56:59-05:00</time><course>263.477</course><roll>-16.90175</roll><pitch>-0.1780597</pitch><mode /></trkpt><trkpt lat="34.7533858" lon="-118.3291358"><ele>796.53</ele><time>2026-06-27T13:56:59-05:00</time><course>263.2251</course><roll>-18.67025</roll><pitch>0.4088498</pitch><mode /></trkpt><trkpt lat="34.7533905" lon="-118.3291429"><ele>796.12</ele><time>2026-06-27T13:56:59-05:00</time><course>264.3608</course><roll>-18.16183</roll><pitch>2.62002</pitch><mode /></trkpt><trkpt lat="34.7533953" lon="-118.3291499"><ele>795.5</ele><time>2026-06-27T13:57:00-05:00</time><course>265.086</course><roll>-16.87114</roll><pitch>2.340961</pitch><mode /></trkpt><trkpt lat="34.753401" lon="-118.3291573"><ele>794.94</ele><time>2026-06-27T13:57:00-05:00</time><course>265.2736</course><roll>-15.65603</roll><pitch>0.9027626</pitch><mode /></trkpt><trkpt lat="34.7534077" lon="-118.3291651"><ele>794.63</ele><time>2026-06-27T13:57:00-05:00</time><course>267.616</course><roll>-15.00001</roll><pitch>-1.037757</pitch><mode /></trkpt><trkpt lat="34.7534151" lon="-118.3291729"><ele>794.4</ele><time>2026-06-27T13:57:00-05:00</time><course>263.427</course><roll>-15.28355</roll><pitch>-3.92027</pitch><mode /></trkpt><trkpt lat="34.7534234" lon="-118.3291806"><ele>794.28</ele><time>2026-06-27T13:57:00-05:00</time><course>261.9709</course><roll>-12.89022</roll><pitch>-1.200775</pitch><mode /></trkpt><trkpt lat="34.7534315" lon="-118.3291883"><ele>794.12</ele><time>2026-06-27T13:57:01-05:00</time><course>267.5028</course><roll>-17.04556</roll><pitch>2.353711</pitch><mode /></trkpt><trkpt lat="34.7534394" lon="-118.3291963"><ele>793.74</ele><time>2026-06-27T13:57:01-05:00</time><course>267.4982</course><roll>-19.62515</roll><pitch>2.405507</pitch><mode /></trkpt><trkpt lat="34.7534482" lon="-118.3292043"><ele>793.29</ele><time>2026-06-27T13:57:01-05:00</time><course>267.7472</course><roll>-19.10175</roll><pitch>1.77849</pitch><mode /></trkpt><trkpt lat="34.7534578" lon="-118.3292124"><ele>792.89</ele><time>2026-06-27T13:57:01-05:00</time><course>266.8237</course><roll>-15.75498</roll><pitch>0.5485768</pitch><mode /></trkpt><trkpt lat="34.7534676" lon="-118.3292202"><ele>792.48</ele><time>2026-06-27T13:57:01-05:00</time><course>269.0637</course><roll>-12.72871</roll><pitch>-1.478431</pitch><mode /></trkpt><trkpt lat="34.7534777" lon="-118.3292278"><ele>792.23</ele><time>2026-06-27T13:57:02-05:00</time><course>271.4589</course><roll>-9.581533</roll><pitch>-2.899372</pitch><mode /></trkpt><trkpt lat="34.7534881" lon="-118.329235"><ele>792.18</ele><time>2026-06-27T13:57:02-05:00</time><course>272.1296</course><roll>-7.823589</roll><pitch>-2.793449</pitch><mode /></trkpt><trkpt lat="34.7534985" lon="-118.3292418"><ele>792.15</ele><time>2026-06-27T13:57:02-05:00</time><course>273.2504</course><roll>-8.840646</roll><pitch>-0.6787915</pitch><mode /></trkpt><trkpt lat="34.753509" lon="-118.3292486"><ele>792.03</ele><time>2026-06-27T13:57:02-05:00</time><course>271.1283</course><roll>-7.031024</roll><pitch>-0.4884643</pitch><mode /></trkpt><trkpt lat="34.7535192" lon="-118.3292554"><ele>791.81</ele><time>2026-06-27T13:57:02-05:00</time><course>271.8408</course><roll>-2.527798</roll><pitch>2.039862</pitch><mode /></trkpt><trkpt lat="34.7535287" lon="-118.3292625"><ele>791.46</ele><time>2026-06-27T13:57:03-05:00</time><course>272.9923</course><roll>-2.469174</roll><pitch>3.823426</pitch><mode /></trkpt><trkpt lat="34.7535381" lon="-118.3292697"><ele>790.91</ele><time>2026-06-27T13:57:03-05:00</time><course>272.3352</course><roll>0.1251774</roll><pitch>2.417676</pitch><mode /></trkpt><trkpt lat="34.7535472" lon="-118.3292775"><ele>790.51</ele><time>2026-06-27T13:57:03-05:00</time><course>274.1006</course><roll>-0.2737005</roll><pitch>0.3071387</pitch><mode /></trkpt><trkpt lat="34.7535558" lon="-118.3292856"><ele>790.29</ele><time>2026-06-27T13:57:03-05:00</time><course>273.3447</course><roll>-3.886267</roll><pitch>1.585786</pitch><mode /></trkpt><trkpt lat="34.7535644" lon="-118.3292939"><ele>790.02</ele><time>2026-06-27T13:57:03-05:00</time><course>271.1056</course><roll>-4.163016</roll><pitch>2.363781</pitch><mode /></trkpt><trkpt lat="34.7535727" lon="-118.3293024"><ele>789.6</ele><time>2026-06-27T13:57:04-05:00</time><course>272.4296</course><roll>-4.675907</roll><pitch>2.438533</pitch><mode /></trkpt><trkpt lat="34.7535809" lon="-118.3293111"><ele>789.1</ele><time>2026-06-27T13:57:04-05:00</time><course>273.0145</course><roll>-5.922454</roll><pitch>2.520501</pitch><mode /></trkpt><trkpt lat="34.7535891" lon="-118.3293198"><ele>788.49</ele><time>2026-06-27T13:57:04-05:00</time><course>272.7779</course><roll>-4.287569</roll><pitch>2.425258</pitch><mode /></trkpt><trkpt lat="34.7535973" lon="-118.3293289"><ele>787.96</ele><time>2026-06-27T13:57:04-05:00</time><course>272.6824</course><roll>-5.183995</roll><pitch>1.367799</pitch><mode /></trkpt><trkpt lat="34.7536055" lon="-118.3293382"><ele>787.58</ele><time>2026-06-27T13:57:04-05:00</time><course>272.5337</course><roll>-5.665757</roll><pitch>-0.1375142</pitch><mode /></trkpt><trkpt lat="34.7536137" lon="-118.3293477"><ele>787.42</ele><time>2026-06-27T13:57:05-05:00</time><course>270.9995</course><roll>-2.882554</roll><pitch>-0.393826</pitch><mode /></trkpt><trkpt lat="34.7536218" lon="-118.3293571"><ele>787.47</ele><time>2026-06-27T13:57:05-05:00</time><course>271.8812</course><roll>-1.87932</roll><pitch>-0.5978711</pitch><mode /></trkpt><trkpt lat="34.7536296" lon="-118.3293665"><ele>787.5</ele><time>2026-06-27T13:57:05-05:00</time><course>270.2144</course><roll>-1.115598</roll><pitch>-0.09406707</pitch><mode /></trkpt><trkpt lat="34.7536373" lon="-118.3293756"><ele>787.39</ele><time>2026-06-27T13:57:05-05:00</time><course>269.0156</course><roll>-2.915062</roll><pitch>-0.4981001</pitch><mode /></trkpt><trkpt lat="34.7536447" lon="-118.3293846"><ele>787.32</ele><time>2026-06-27T13:57:05-05:00</time><course>270.5259</course><roll>-6.979964</roll><pitch>-1.006392</pitch><mode /></trkpt><trkpt lat="34.7536524" lon="-118.3293935"><ele>787.27</ele><time>2026-06-27T13:57:06-05:00</time><course>270.2202</course><roll>-13.00688</roll><pitch>-2.961797</pitch><mode /></trkpt><trkpt lat="34.7536607" lon="-118.3294021"><ele>787.32</ele><time>2026-06-27T13:57:06-05:00</time><course>271.7502</course><roll>-15.90611</roll><pitch>-2.314403</pitch><mode /></trkpt><trkpt lat="34.7536696" lon="-118.3294105"><ele>787.35</ele><time>2026-06-27T13:57:06-05:00</time><course>269.0433</course><roll>-15.55837</roll><pitch>-1.7126</pitch><mode /></trkpt><trkpt lat="34.7536787" lon="-118.3294188"><ele>787.25</ele><time>2026-06-27T13:57:06-05:00</time><course>269.7137</course><roll>-15.49533</roll><pitch>0.7451429</pitch><mode /></trkpt><trkpt lat="34.7536874" lon="-118.3294271"><ele>787.01</ele><time>2026-06-27T13:57:06-05:00</time><course>272.5961</course><roll>-13.4416</roll><pitch>3.476083</pitch><mode /></trkpt><trkpt lat="34.7536966" lon="-118.3294355"><ele>786.71</ele><time>2026-06-27T13:57:07-05:00</time><course>270.6613</course><roll>-14.11304</roll><pitch>2.573117</pitch><mode /></trkpt><trkpt lat="34.7537061" lon="-118.329444"><ele>786.38</ele><time>2026-06-27T13:57:07-05:00</time><course>271.2918</course><roll>-13.03387</roll><pitch>1.723918</pitch><mode /></trkpt><trkpt lat="34.7537156" lon="-118.3294524"><ele>786.07</ele><time>2026-06-27T13:57:07-05:00</time><course>272.2711</course><roll>-13.93832</roll><pitch>0.5342121</pitch><mode /></trkpt><trkpt lat="34.7537257" lon="-118.3294607"><ele>785.85</ele><time>2026-06-27T13:57:07-05:00</time><course>271.0963</course><roll>-12.71288</roll><pitch>-1.607119</pitch><mode /></trkpt><trkpt lat="34.7537363" lon="-118.3294686"><ele>785.74</ele><time>2026-06-27T13:57:07-05:00</time><course>270.0264</course><roll>-15.58584</roll><pitch>-2.386737</pitch><mode /></trkpt><trkpt lat="34.7537469" lon="-118.3294761"><ele>785.63</ele><time>2026-06-27T13:57:08-05:00</time><course>269.9001</course><roll>-12.64856</roll><pitch>-0.6936283</pitch><mode /></trkpt><trkpt lat="34.7537576" lon="-118.3294836"><ele>785.55</ele><time>2026-06-27T13:57:08-05:00</time><course>269.5939</course><roll>-8.292799</roll><pitch>-0.5911397</pitch><mode /></trkpt><trkpt lat="34.7537683" lon="-118.3294911"><ele>785.51</ele><time>2026-06-27T13:57:08-05:00</time><course>269.9917</course><roll>-5.708198</roll><pitch>-1.802077</pitch><mode /></trkpt><trkpt lat="34.7537787" lon="-118.3294986"><ele>785.45</ele><time>2026-06-27T13:57:08-05:00</time><course>270.2535</course><roll>-4.086419</roll><pitch>-0.2060686</pitch><mode /></trkpt><trkpt lat="34.7537888" lon="-118.3295061"><ele>785.3</ele><time>2026-06-27T13:57:08-05:00</time><course>270.4864</course><roll>-3.958135</roll><pitch>-0.1108416</pitch><mode /></trkpt><trkpt lat="34.7537985" lon="-118.3295139"><ele>785.13</ele><time>2026-06-27T13:57:09-05:00</time><course>269.1509</course><roll>-2.238789</roll><pitch>0.4610841</pitch><mode /></trkpt><trkpt lat="34.7538078" lon="-118.3295219"><ele>784.91</ele><time>2026-06-27T13:57:09-05:00</time><course>268.1205</course><roll>-3.201252</roll><pitch>1.942683</pitch><mode /></trkpt><trkpt lat="34.7538167" lon="-118.3295302"><ele>784.58</ele><time>2026-06-27T13:57:09-05:00</time><course>267.8455</course><roll>-3.249062</roll><pitch>3.38274</pitch><mode /></trkpt><trkpt lat="34.7538251" lon="-118.3295385"><ele>783.99</ele><time>2026-06-27T13:57:09-05:00</time><course>271.4131</course><roll>-4.128489</roll><pitch>4.624322</pitch><mode /></trkpt><trkpt lat="34.7538332" lon="-118.3295471"><ele>783.24</ele><time>2026-06-27T13:57:09-05:00</time><course>272.7968</course><roll>-6.120896</roll><pitch>4.307405</pitch><mode /></trkpt><trkpt lat="34.7538413" lon="-118.3295564"><ele>782.54</ele><time>2026-06-27T13:57:10-05:00</time><course>271.8362</course><roll>-5.272707</roll><pitch>1.17347</pitch><mode /></trkpt><trkpt lat="34.7538494" lon="-118.329566"><ele>782.01</ele><time>2026-06-27T13:57:10-05:00</time><course>272.5215</course><roll>-7.166872</roll><pitch>-2.65423</pitch><mode /></trkpt><trkpt lat="34.7538576" lon="-118.3295755"><ele>781.75</ele><time>2026-06-27T13:57:10-05:00</time><course>271.8578</course><roll>-7.586576</roll><pitch>-4.406327</pitch><mode /></trkpt><trkpt lat="34.7538662" lon="-118.3295847"><ele>781.73</ele><time>2026-06-27T13:57:10-05:00</time><course>267.3433</course><roll>-12.43796</roll><pitch>-5.279179</pitch><mode /></trkpt><trkpt lat="34.7538747" lon="-118.3295935"><ele>781.77</ele><time>2026-06-27T13:57:10-05:00</time><course>267.8892</course><roll>-9.5132</roll><pitch>-3.296704</pitch><mode /></trkpt><trkpt lat="34.7538831" lon="-118.3296023"><ele>781.75</ele><time>2026-06-27T13:57:11-05:00</time><course>266.4664</course><roll>-6.012414</roll><pitch>-1.561107</pitch><mode /></trkpt><trkpt lat="34.7538912" lon="-118.3296112"><ele>781.65</ele><time>2026-06-27T13:57:11-05:00</time><course>266.1455</course><roll>-5.734996</roll><pitch>-0.3413076</pitch><mode /></trkpt><trkpt lat="34.7538989" lon="-118.3296201"><ele>781.37</ele><time>2026-06-27T13:57:11-05:00</time><course>268.3523</course><roll>-6.539504</roll><pitch>0.03384647</pitch><mode /></trkpt><trkpt lat="34.7539064" lon="-118.3296292"><ele>781.03</ele><time>2026-06-27T13:57:11-05:00</time><course>270.3553</course><roll>-5.579528</roll><pitch>-2.322492</pitch><mode /></trkpt><trkpt lat="34.7539143" lon="-118.3296385"><ele>780.84</ele><time>2026-06-27T13:57:11-05:00</time><course>266.6092</course><roll>-4.909108</roll><pitch>-4.694131</pitch><mode /></trkpt><trkpt lat="34.7539221" lon="-118.3296475"><ele>780.76</ele><time>2026-06-27T13:57:12-05:00</time><course>267.3701</course><roll>-3.24925</roll><pitch>-4.017059</pitch><mode /></trkpt><trkpt lat="34.7539293" lon="-118.3296563"><ele>780.66</ele><time>2026-06-27T13:57:12-05:00</time><course>266.5594</course><roll>-0.6066913</roll><pitch>-3.536637</pitch><mode /></trkpt><trkpt lat="34.7539363" lon="-118.329665"><ele>780.52</ele><time>2026-06-27T13:57:12-05:00</time><course>264.0258</course><roll>2.728383</roll><pitch>-3.062819</pitch><mode /></trkpt><trkpt lat="34.7539426" lon="-118.3296733"><ele>780.39</ele><time>2026-06-27T13:57:12-05:00</time><course>266.7737</course><roll>-0.5346349</roll><pitch>-0.4501319</pitch><mode /></trkpt><trkpt lat="34.7539481" lon="-118.3296816"><ele>780.23</ele><time>2026-06-27T13:57:12-05:00</time><course>266.6383</course><roll>-2.86107</roll><pitch>1.260124</pitch><mode /></trkpt><trkpt lat="34.7539537" lon="-118.3296903"><ele>779.9</ele><time>2026-06-27T13:57:13-05:00</time><course>266.7914</course><roll>-5.825732</roll><pitch>2.702065</pitch><mode /></trkpt><trkpt lat="34.7539594" lon="-118.329699"><ele>779.39</ele><time>2026-06-27T13:57:13-05:00</time><course>266.104</course><roll>-6.843194</roll><pitch>2.05527</pitch><mode /></trkpt><trkpt lat="34.7539652" lon="-118.3297079"><ele>778.85</ele><time>2026-06-27T13:57:13-05:00</time><course>265.2072</course><roll>-3.942625</roll><pitch>-0.2913738</pitch><mode /></trkpt><trkpt lat="34.7539711" lon="-118.3297168"><ele>778.42</ele><time>2026-06-27T13:57:13-05:00</time><course>266.3665</course><roll>-3.453465</roll><pitch>-0.3440856</pitch><mode /></trkpt><trkpt lat="34.7539771" lon="-118.3297259"><ele>778</ele><time>2026-06-27T13:57:13-05:00</time><course>265.4083</course><roll>-6.693112</roll><pitch>1.317188</pitch><mode /></trkpt><trkpt lat="34.7539829" lon="-118.3297353"><ele>777.45</ele><time>2026-06-27T13:57:14-05:00</time><course>265.1509</course><roll>-9.946313</roll><pitch>3.758759</pitch><mode /></trkpt><trkpt lat="34.7539889" lon="-118.3297448"><ele>776.82</ele><time>2026-06-27T13:57:14-05:00</time><course>264.5295</course><roll>-8.836173</roll><pitch>4.3686</pitch><mode /></trkpt><trkpt lat="34.7539952" lon="-118.3297548"><ele>776.22</ele><time>2026-06-27T13:57:14-05:00</time><course>264.3638</course><roll>-7.075079</roll><pitch>3.073789</pitch><mode /></trkpt><trkpt lat="34.7540014" lon="-118.3297655"><ele>775.74</ele><time>2026-06-27T13:57:14-05:00</time><course>263.3922</course><roll>-7.755569</roll><pitch>-0.02382503</pitch><mode /></trkpt><trkpt lat="34.7540078" lon="-118.3297766"><ele>775.41</ele><time>2026-06-27T13:57:14-05:00</time><course>261.5223</course><roll>-11.79855</roll><pitch>-1.536927</pitch><mode /></trkpt><trkpt lat="34.7540143" lon="-118.3297879"><ele>775.23</ele><time>2026-06-27T13:57:15-05:00</time><course>262.66</course><roll>-9.302819</roll><pitch>-3.179272</pitch><mode /></trkpt><trkpt lat="34.754021" lon="-118.3297989"><ele>775.19</ele><time>2026-06-27T13:57:15-05:00</time><course>261.3975</course><roll>-3.790999</roll><pitch>-2.70969</pitch><mode /></trkpt><trkpt lat="34.7540275" lon="-118.3298095"><ele>775.21</ele><time>2026-06-27T13:57:15-05:00</time><course>261.9742</course><roll>1.008135</roll><pitch>-0.3066805</pitch><mode /></trkpt><trkpt lat="34.7540335" lon="-118.3298198"><ele>775.17</ele><time>2026-06-27T13:57:15-05:00</time><course>261.1228</course><roll>5.539829</roll><pitch>1.621492</pitch><mode /></trkpt><trkpt lat="34.7540385" lon="-118.3298304"><ele>775.1</ele><time>2026-06-27T13:57:15-05:00</time><course>264.7014</course><roll>2.653864</roll><pitch>2.620905</pitch><mode /></trkpt><trkpt lat="34.7540428" lon="-118.3298416"><ele>774.87</ele><time>2026-06-27T13:57:16-05:00</time><course>260.2752</course><roll>4.248375</roll><pitch>1.872717</pitch><mode /></trkpt><trkpt lat="34.7540469" lon="-118.3298535"><ele>774.55</ele><time>2026-06-27T13:57:16-05:00</time><course>259.0792</course><roll>12.28516</roll><pitch>0.3558014</pitch><mode /></trkpt><trkpt lat="34.7540498" lon="-118.3298652"><ele>774.23</ele><time>2026-06-27T13:57:16-05:00</time><course>261.3499</course><roll>11.80614</roll><pitch>-1.531447</pitch><mode /></trkpt><trkpt lat="34.7540511" lon="-118.3298774"><ele>774.11</ele><time>2026-06-27T13:57:16-05:00</time><course>262.0045</course><roll>4.917457</roll><pitch>-1.463651</pitch><mode /></trkpt><trkpt lat="34.7540517" lon="-118.3298904"><ele>774.13</ele><time>2026-06-27T13:57:16-05:00</time><course>262.9717</course><roll>3.094311</roll><pitch>-2.390214</pitch><mode /></trkpt><trkpt lat="34.7540526" lon="-118.3299032"><ele>773.92</ele><time>2026-06-27T13:57:17-05:00</time><course>256.8621</course><roll>-10.21012</roll><pitch>3.442808</pitch><mode /></trkpt><trkpt lat="34.7540541" lon="-118.3299163"><ele>773.44</ele><time>2026-06-27T13:57:17-05:00</time><course>256.5832</course><roll>-17.21412</roll><pitch>5.508325</pitch><mode /></trkpt><trkpt lat="34.7540554" lon="-118.3299295"><ele>772.69</ele><time>2026-06-27T13:57:17-05:00</time><course>257.9833</course><roll>-13.32833</roll><pitch>3.418378</pitch><mode /></trkpt><trkpt lat="34.7540573" lon="-118.3299442"><ele>772.09</ele><time>2026-06-27T13:57:17-05:00</time><course>256.888</course><roll>-15.84877</roll><pitch>0.4429549</pitch><mode /></trkpt><trkpt lat="34.7540601" lon="-118.3299601"><ele>771.75</ele><time>2026-06-27T13:57:17-05:00</time><course>256.057</course><roll>-10.23896</roll><pitch>-3.975428</pitch><mode /></trkpt><trkpt lat="34.7540636" lon="-118.329976"><ele>771.65</ele><time>2026-06-27T13:57:18-05:00</time><course>257.8297</course><roll>-10.01155</roll><pitch>-7.180262</pitch><mode /></trkpt><trkpt lat="34.7540677" lon="-118.3299917"><ele>771.86</ele><time>2026-06-27T13:57:18-05:00</time><course>255.6591</course><roll>-5.970654</roll><pitch>-9.1707</pitch><mode /></trkpt><trkpt lat="34.754072" lon="-118.3300066"><ele>772.38</ele><time>2026-06-27T13:57:18-05:00</time><course>255.8507</course><roll>1.757164</roll><pitch>-8.690461</pitch><mode /></trkpt><trkpt lat="34.7540754" lon="-118.3300203"><ele>772.98</ele><time>2026-06-27T13:57:18-05:00</time><course>266.1465</course><roll>9.312796</roll><pitch>-5.420554</pitch><mode /></trkpt><trkpt lat="34.7540775" lon="-118.330034"><ele>773.37</ele><time>2026-06-27T13:57:18-05:00</time><course>269.8288</course><roll>2.487353</roll><pitch>-0.9914873</pitch><mode /></trkpt><trkpt lat="34.7540806" lon="-118.3300478"><ele>773.46</ele><time>2026-06-27T13:57:19-05:00</time><course>256.359</course><roll>0.8288528</roll><pitch>0.4930237</pitch><mode /></trkpt><trkpt lat="34.7540837" lon="-118.3300614"><ele>773.35</ele><time>2026-06-27T13:57:19-05:00</time><course>260.9252</course><roll>0.7052796</roll><pitch>0.4267532</pitch><mode /></trkpt><trkpt lat="34.7540859" lon="-118.3300746"><ele>773.13</ele><time>2026-06-27T13:57:19-05:00</time><course>258.144</course><roll>-0.8258525</roll><pitch>1.069656</pitch><mode /></trkpt><trkpt lat="34.7540881" lon="-118.3300878"><ele>772.77</ele><time>2026-06-27T13:57:19-05:00</time><course>255.0843</course><roll>-4.660583</roll><pitch>2.472267</pitch><mode /></trkpt><trkpt lat="34.7540903" lon="-118.3301013"><ele>772.3</ele><time>2026-06-27T13:57:19-05:00</time><course>247.0988</course><roll>1.320743</roll><pitch>1.268713</pitch><mode /></trkpt><trkpt lat="34.7540918" lon="-118.3301152"><ele>772.16</ele><time>2026-06-27T13:57:20-05:00</time><course>256.4329</course><roll>-1.124993</roll><pitch>0.1630618</pitch><mode /></trkpt><trkpt lat="34.754092" lon="-118.3301293"><ele>772.19</ele><time>2026-06-27T13:57:20-05:00</time><course>258.516</course><roll>0.9612455</roll><pitch>-1.006212</pitch><mode /></trkpt><trkpt lat="34.7540923" lon="-118.330143"><ele>772.12</ele><time>2026-06-27T13:57:20-05:00</time><course>255.0955</course><roll>0.857603</roll><pitch>-0.4369468</pitch><mode /></trkpt><trkpt lat="34.7540916" lon="-118.330169"><ele>772.12</ele><time>2026-06-27T13:57:20-05:00</time><course>257.5845</course><roll>1.793437</roll><pitch>-5.209399</pitch><mode /></trkpt><trkpt lat="34.7540904" lon="-118.3301811"><ele>772.4</ele><time>2026-06-27T13:57:21-05:00</time><course>258.7447</course><roll>1.396022</roll><pitch>-4.264547</pitch><mode /></trkpt><trkpt lat="34.754089" lon="-118.3301926"><ele>772.71</ele><time>2026-06-27T13:57:21-05:00</time><course>258.54</course><roll>-2.123815</roll><pitch>-2.039712</pitch><mode /></trkpt><trkpt lat="34.7540878" lon="-118.3302039"><ele>772.83</ele><time>2026-06-27T13:57:21-05:00</time><course>257.261</course><roll>-7.281429</roll><pitch>1.705623</pitch><mode /></trkpt><trkpt lat="34.7540864" lon="-118.3302148"><ele>772.69</ele><time>2026-06-27T13:57:21-05:00</time><course>259.1735</course><roll>-12.03219</roll><pitch>3.611288</pitch><mode /></trkpt><trkpt lat="34.7540854" lon="-118.3302259"><ele>772.37</ele><time>2026-06-27T13:57:21-05:00</time><course>254.4964</course><roll>-13.34973</roll><pitch>2.93541</pitch><mode /></trkpt><trkpt lat="34.7540855" lon="-118.3302372"><ele>772.02</ele><time>2026-06-27T13:57:22-05:00</time><course>249.9432</course><roll>-10.65233</roll><pitch>-4.927991</pitch><mode /></trkpt><trkpt lat="34.7540859" lon="-118.3302483"><ele>771.96</ele><time>2026-06-27T13:57:22-05:00</time><course>254.0893</course><roll>-10.00564</roll><pitch>-7.746359</pitch><mode /></trkpt><trkpt lat="34.754087" lon="-118.3302587"><ele>772.18</ele><time>2026-06-27T13:57:22-05:00</time><course>255.4091</course><roll>-10.79583</roll><pitch>-9.586453</pitch><mode /></trkpt><trkpt lat="34.7540887" lon="-118.3302685"><ele>772.54</ele><time>2026-06-27T13:57:22-05:00</time><course>254.2274</course><roll>-6.564578</roll><pitch>-10.38425</pitch><mode /></trkpt><trkpt lat="34.7540901" lon="-118.3302775"><ele>772.99</ele><time>2026-06-27T13:57:22-05:00</time><course>256.5028</course><roll>-4.371092</roll><pitch>-9.274686</pitch><mode /></trkpt><trkpt lat="34.7540915" lon="-118.3302856"><ele>773.47</ele><time>2026-06-27T13:57:23-05:00</time><course>254.3517</course><roll>0.6372289</roll><pitch>-8.589391</pitch><mode /></trkpt><trkpt lat="34.7540925" lon="-118.3302932"><ele>773.9</ele><time>2026-06-27T13:57:23-05:00</time><course>256.3782</course><roll>0.8439828</roll><pitch>-6.254664</pitch><mode /></trkpt><trkpt lat="34.7540928" lon="-118.3303003"><ele>774.31</ele><time>2026-06-27T13:57:23-05:00</time><course>256.6335</course><roll>0.6755775</roll><pitch>-4.053211</pitch><mode /></trkpt><trkpt lat="34.7540927" lon="-118.3303073"><ele>774.5</ele><time>2026-06-27T13:57:23-05:00</time><course>257.7169</course><roll>-0.6781093</roll><pitch>-2.953586</pitch><mode /></trkpt><trkpt lat="34.7540921" lon="-118.3303139"><ele>774.66</ele><time>2026-06-27T13:57:23-05:00</time><course>260.7854</course><roll>-5.087286</roll><pitch>-1.0554</pitch><mode /></trkpt><trkpt lat="34.7540918" lon="-118.3303205"><ele>774.69</ele><time>2026-06-27T13:57:24-05:00</time><course>257.084</course><roll>-7.051918</roll><pitch>3.670617</pitch><mode /></trkpt><trkpt lat="34.754092" lon="-118.3303272"><ele>774.48</ele><time>2026-06-27T13:57:24-05:00</time><course>253.8281</course><roll>-8.313058</roll><pitch>5.649024</pitch><mode /></trkpt><trkpt lat="34.7540919" lon="-118.3303339"><ele>774.03</ele><time>2026-06-27T13:57:24-05:00</time><course>256.3403</course><roll>-10.66377</roll><pitch>5.260067</pitch><mode /></trkpt><trkpt lat="34.7540915" lon="-118.3303407"><ele>773.53</ele><time>2026-06-27T13:57:24-05:00</time><course>259.2938</course><roll>-11.36771</roll><pitch>3.592738</pitch><mode /></trkpt><trkpt lat="34.7540922" lon="-118.3303481"><ele>773.06</ele><time>2026-06-27T13:57:24-05:00</time><course>255.3388</course><roll>-11.24816</roll><pitch>0.2924932</pitch><mode /></trkpt><trkpt lat="34.7540933" lon="-118.3303559"><ele>772.69</ele><time>2026-06-27T13:57:25-05:00</time><course>255.6623</course><roll>-9.37299</roll><pitch>-2.413312</pitch><mode /></trkpt><trkpt lat="34.7540944" lon="-118.3303638"><ele>772.65</ele><time>2026-06-27T13:57:25-05:00</time><course>256.9793</course><roll>-6.72922</roll><pitch>-3.311681</pitch><mode /></trkpt><trkpt lat="34.7540956" lon="-118.3303715"><ele>772.77</ele><time>2026-06-27T13:57:25-05:00</time><course>257.7965</course><roll>-9.049406</roll><pitch>-2.69313</pitch><mode /></trkpt><trkpt lat="34.7540968" lon="-118.3303792"><ele>772.77</ele><time>2026-06-27T13:57:25-05:00</time><course>253.7954</course><roll>-5.215024</roll><pitch>-2.583527</pitch><mode /></trkpt><trkpt lat="34.7540977" lon="-118.3303868"><ele>772.78</ele><time>2026-06-27T13:57:25-05:00</time><course>257.863</course><roll>-1.458832</roll><pitch>-0.8385926</pitch><mode /></trkpt><trkpt lat="34.7540982" lon="-118.3303942"><ele>772.73</ele><time>2026-06-27T13:57:26-05:00</time><course>255.8997</course><roll>-3.165075</roll><pitch>-0.05064121</pitch><mode /></trkpt><trkpt lat="34.7540984" lon="-118.3304016"><ele>772.55</ele><time>2026-06-27T13:57:26-05:00</time><course>254.5637</course><roll>0.2212609</roll><pitch>-0.781203</pitch><mode /></trkpt><trkpt lat="34.7540982" lon="-118.3304091"><ele>772.28</ele><time>2026-06-27T13:57:26-05:00</time><course>258.2356</course><roll>0.356897</roll><pitch>-1.677098</pitch><mode /></trkpt><trkpt lat="34.7540976" lon="-118.3304164"><ele>772.07</ele><time>2026-06-27T13:57:26-05:00</time><course>260.9007</course><roll>-2.543994</roll><pitch>-1.475153</pitch><mode /></trkpt><trkpt lat="34.7540971" lon="-118.3304236"><ele>771.94</ele><time>2026-06-27T13:57:26-05:00</time><course>258.7798</course><roll>-6.108242</roll><pitch>0.914156</pitch><mode /></trkpt><trkpt lat="34.7540966" lon="-118.330431"><ele>771.69</ele><time>2026-06-27T13:57:27-05:00</time><course>256.3852</course><roll>-11.19384</roll><pitch>2.350296</pitch><mode /></trkpt><trkpt lat="34.7540967" lon="-118.3304389"><ele>771.31</ele><time>2026-06-27T13:57:27-05:00</time><course>252.6981</course><roll>-13.07817</roll><pitch>1.288535</pitch><mode /></trkpt><trkpt lat="34.7540979" lon="-118.3304474"><ele>771</ele><time>2026-06-27T13:57:27-05:00</time><course>247.2731</course><roll>-9.796608</roll><pitch>-0.6659732</pitch><mode /></trkpt><trkpt lat="34.7540983" lon="-118.3304561"><ele>770.84</ele><time>2026-06-27T13:57:27-05:00</time><course>257.9331</course><roll>-11.52615</roll><pitch>-2.029455</pitch><mode /></trkpt><trkpt lat="34.7540988" lon="-118.3304655"><ele>770.92</ele><time>2026-06-27T13:57:27-05:00</time><course>252.8513</course><roll>-10.50675</roll><pitch>-7.708183</pitch><mode /></trkpt><trkpt lat="34.7541" lon="-118.3304753"><ele>771.28</ele><time>2026-06-27T13:57:28-05:00</time><course>254.9278</course><roll>-1.694885</roll><pitch>-6.663274</pitch><mode /></trkpt><trkpt lat="34.7541006" lon="-118.3304844"><ele>771.48</ele><time>2026-06-27T13:57:28-05:00</time><course>256.5073</course><roll>0.9912814</roll><pitch>-6.328556</pitch><mode /></trkpt><trkpt lat="34.7541009" lon="-118.3304935"><ele>771.76</ele><time>2026-06-27T13:57:28-05:00</time><course>251.0106</course><roll>-1.049631</roll><pitch>-6.216544</pitch><mode /></trkpt><trkpt lat="34.7541011" lon="-118.3305029"><ele>772.2</ele><time>2026-06-27T13:57:28-05:00</time><course>249.2727</course><roll>-5.707995</roll><pitch>-5.005181</pitch><mode /></trkpt><trkpt lat="34.7541006" lon="-118.3305123"><ele>772.43</ele><time>2026-06-27T13:57:28-05:00</time><course>250.6452</course><roll>-7.360516</roll><pitch>-4.195247</pitch><mode /></trkpt><trkpt lat="34.7540999" lon="-118.3305216"><ele>772.53</ele><time>2026-06-27T13:57:29-05:00</time><course>249.8509</course><roll>-3.44748</roll><pitch>-1.469907</pitch><mode /></trkpt><trkpt lat="34.7540986" lon="-118.3305309"><ele>772.42</ele><time>2026-06-27T13:57:29-05:00</time><course>255.977</course><roll>-0.8291968</roll><pitch>-0.6055723</pitch><mode /></trkpt><trkpt lat="34.7540971" lon="-118.3305404"><ele>772.27</ele><time>2026-06-27T13:57:29-05:00</time><course>257.2003</course><roll>-6.050453</roll><pitch>-0.1708995</pitch><mode /></trkpt><trkpt lat="34.7540963" lon="-118.3305504"><ele>772.25</ele><time>2026-06-27T13:57:29-05:00</time><course>254.8555</course><roll>-5.456963</roll><pitch>0.9404899</pitch><mode /></trkpt><trkpt lat="34.7540957" lon="-118.3305607"><ele>772.07</ele><time>2026-06-27T13:57:29-05:00</time><course>255.5077</course><roll>-5.973608</roll><pitch>4.070019</pitch><mode /></trkpt><trkpt lat="34.7540947" lon="-118.3305716"><ele>771.64</ele><time>2026-06-27T13:57:30-05:00</time><course>255.2154</course><roll>-7.003014</roll><pitch>3.153574</pitch><mode /></trkpt><trkpt lat="34.7540938" lon="-118.3305827"><ele>771.06</ele><time>2026-06-27T13:57:30-05:00</time><course>256.8581</course><roll>-14.02862</roll><pitch>2.805465</pitch><mode /></trkpt><trkpt lat="34.7540939" lon="-118.3305951"><ele>770.81</ele><time>2026-06-27T13:57:30-05:00</time><course>253.9902</course><roll>-19.18095</roll><pitch>-0.2805414</pitch><mode /></trkpt><trkpt lat="34.7540949" lon="-118.3306084"><ele>770.62</ele><time>2026-06-27T13:57:30-05:00</time><course>252.2328</course><roll>-17.73673</roll><pitch>-2.042588</pitch><mode /></trkpt><trkpt lat="34.754096" lon="-118.3306218"><ele>770.34</ele><time>2026-06-27T13:57:30-05:00</time><course>253.733</course><roll>-14.15322</roll><pitch>-4.389544</pitch><mode /></trkpt><trkpt lat="34.7540978" lon="-118.3306356"><ele>770.34</ele><time>2026-06-27T13:57:31-05:00</time><course>258.218</course><roll>-2.946898</roll><pitch>-4.388793</pitch><mode /></trkpt><trkpt lat="34.7540996" lon="-118.3306494"><ele>770.53</ele><time>2026-06-27T13:57:31-05:00</time><course>262.4183</course><roll>1.691324</roll><pitch>-2.945778</pitch><mode /></trkpt><trkpt lat="34.7541012" lon="-118.3306634"><ele>770.64</ele><time>2026-06-27T13:57:31-05:00</time><course>263.3893</course><roll>2.145867</roll><pitch>-1.305337</pitch><mode /></trkpt><trkpt lat="34.7541026" lon="-118.3306777"><ele>770.69</ele><time>2026-06-27T13:57:31-05:00</time><course>269.7028</course><roll>-11.21387</roll><pitch>3.447568</pitch><mode /></trkpt><trkpt lat="34.7541037" lon="-118.3306927"><ele>770.62</ele><time>2026-06-27T13:57:31-05:00</time><course>274.1214</course><roll>-13.72532</roll><pitch>7.967507</pitch><mode /></trkpt><trkpt lat="34.7541059" lon="-118.3307081"><ele>770.11</ele><time>2026-06-27T13:57:32-05:00</time><course>263.0087</course><roll>-15.69584</roll><pitch>-0.9527459</pitch><mode /></trkpt><trkpt lat="34.7541093" lon="-118.3307244"><ele>769.61</ele><time>2026-06-27T13:57:32-05:00</time><course>260.6217</course><roll>-13.52808</roll><pitch>-5.461239</pitch><mode /></trkpt><trkpt lat="34.7541132" lon="-118.3307407"><ele>769.62</ele><time>2026-06-27T13:57:32-05:00</time><course>262.9105</course><roll>-7.044852</roll><pitch>-7.893393</pitch><mode /></trkpt><trkpt lat="34.7541174" lon="-118.3307562"><ele>769.93</ele><time>2026-06-27T13:57:32-05:00</time><course>262.9901</course><roll>-2.709511</roll><pitch>-4.221035</pitch><mode /></trkpt><trkpt lat="34.7541212" lon="-118.3307716"><ele>770.2</ele><time>2026-06-27T13:57:32-05:00</time><course>264.8403</course><roll>2.899636</roll><pitch>-1.770616</pitch><mode /></trkpt><trkpt lat="34.7541247" lon="-118.3307872"><ele>770.29</ele><time>2026-06-27T13:57:33-05:00</time><course>258.5131</course><roll>19.99923</roll><pitch>-1.565369</pitch><mode /></trkpt><trkpt lat="34.7541278" lon="-118.3308028"><ele>770.21</ele><time>2026-06-27T13:57:33-05:00</time><course>257.2132</course><roll>19.21465</roll><pitch>-2.369667</pitch><mode /></trkpt><trkpt lat="34.7541293" lon="-118.3308185"><ele>770.21</ele><time>2026-06-27T13:57:33-05:00</time><course>253.3604</course><roll>16.72649</roll><pitch>-2.618404</pitch><mode /></trkpt><trkpt lat="34.7541281" lon="-118.330834"><ele>770.47</ele><time>2026-06-27T13:57:33-05:00</time><course>264.1061</course><roll>-1.228138</roll><pitch>-5.955273</pitch><mode /></trkpt><trkpt lat="34.7541266" lon="-118.3308491"><ele>770.72</ele><time>2026-06-27T13:57:33-05:00</time><course>258.2783</course><roll>-3.525479</roll><pitch>-4.470195</pitch><mode /></trkpt><trkpt lat="34.754126" lon="-118.330878"><ele>771.15</ele><time>2026-06-27T13:57:34-05:00</time><course>259.0704</course><roll>-12.65755</roll><pitch>2.274771</pitch><mode /></trkpt><trkpt lat="34.7541252" lon="-118.3308917"><ele>770.99</ele><time>2026-06-27T13:57:34-05:00</time><course>258.54</course><roll>-24.74628</roll><pitch>2.286674</pitch><mode /></trkpt><trkpt lat="34.7541253" lon="-118.3309057"><ele>770.51</ele><time>2026-06-27T13:57:34-05:00</time><course>253.8355</course><roll>-25.37823</roll><pitch>-1.370098</pitch><mode /></trkpt><trkpt lat="34.7541258" lon="-118.3309198"><ele>770.04</ele><time>2026-06-27T13:57:34-05:00</time><course>258.4888</course><roll>-21.9057</roll><pitch>-3.788555</pitch><mode /></trkpt><trkpt lat="34.7541277" lon="-118.3309337"><ele>769.86</ele><time>2026-06-27T13:57:35-05:00</time><course>260.5099</course><roll>-13.07688</roll><pitch>-11.76974</pitch><mode /></trkpt><trkpt lat="34.7541313" lon="-118.3309471"><ele>770.14</ele><time>2026-06-27T13:57:35-05:00</time><course>259.9472</course><roll>-13.49667</roll><pitch>-13.66224</pitch><mode /></trkpt><trkpt lat="34.7541353" lon="-118.3309596"><ele>770.75</ele><time>2026-06-27T13:57:35-05:00</time><course>259.1913</course><roll>-5.304383</roll><pitch>-10.22583</pitch><mode /></trkpt><trkpt lat="34.7541388" lon="-118.3309719"><ele>771.15</ele><time>2026-06-27T13:57:35-05:00</time><course>264.3754</course><roll>-3.688358</roll><pitch>-5.200781</pitch><mode /></trkpt><trkpt lat="34.7541414" lon="-118.3309843"><ele>771.5</ele><time>2026-06-27T13:57:35-05:00</time><course>265.8563</course><roll>-5.849429</roll><pitch>-2.204671</pitch><mode /></trkpt><trkpt lat="34.7541447" lon="-118.3309965"><ele>771.63</ele><time>2026-06-27T13:57:36-05:00</time><course>257.4375</course><roll>3.213915</roll><pitch>-0.3391588</pitch><mode /></trkpt><trkpt lat="34.7541472" lon="-118.331008"><ele>771.4</ele><time>2026-06-27T13:57:36-05:00</time><course>266.2926</course><roll>12.20588</roll><pitch>-0.07191602</pitch><mode /></trkpt><trkpt lat="34.7541481" lon="-118.3310194"><ele>771</ele><time>2026-06-27T13:57:36-05:00</time><course>269.1326</course><roll>3.194493</roll><pitch>-0.9289259</pitch><mode /></trkpt><trkpt lat="34.7541502" lon="-118.3310315"><ele>770.82</ele><time>2026-06-27T13:57:36-05:00</time><course>261.8567</course><roll>-3.851945</roll><pitch>-0.3703561</pitch><mode /></trkpt><trkpt lat="34.7541521" lon="-118.3310439"><ele>770.76</ele><time>2026-06-27T13:57:36-05:00</time><course>262.7087</course><roll>-2.12973</roll><pitch>-0.1593775</pitch><mode /></trkpt><trkpt lat="34.7541541" lon="-118.3310569"><ele>770.67</ele><time>2026-06-27T13:57:37-05:00</time><course>253.5002</course><roll>-7.343098</roll><pitch>-0.7957139</pitch><mode /></trkpt><trkpt lat="34.7541554" lon="-118.3310703"><ele>770.64</ele><time>2026-06-27T13:57:37-05:00</time><course>260.4609</course><roll>-7.303121</roll><pitch>0.373033</pitch><mode /></trkpt><trkpt lat="34.7541551" lon="-118.3310839"><ele>770.45</ele><time>2026-06-27T13:57:37-05:00</time><course>263.9833</course><roll>-12.84036</roll><pitch>1.110187</pitch><mode /></trkpt><trkpt lat="34.7541564" lon="-118.3310985"><ele>770.3</ele><time>2026-06-27T13:57:37-05:00</time><course>252.8487</course><roll>-21.49754</roll><pitch>-3.706062</pitch><mode /></trkpt><trkpt lat="34.754159" lon="-118.3311138"><ele>770.34</ele><time>2026-06-27T13:57:37-05:00</time><course>250.9718</course><roll>-18.7803</roll><pitch>-7.623974</pitch><mode /></trkpt><trkpt lat="34.7541611" lon="-118.3311287"><ele>770.33</ele><time>2026-06-27T13:57:38-05:00</time><course>257.5486</course><roll>-14.71353</roll><pitch>-6.473106</pitch><mode /></trkpt><trkpt lat="34.7541629" lon="-118.3311429"><ele>770.12</ele><time>2026-06-27T13:57:38-05:00</time><course>260.6631</course><roll>-14.09352</roll><pitch>-8.145288</pitch><mode /></trkpt><trkpt lat="34.754165" lon="-118.3311568"><ele>769.99</ele><time>2026-06-27T13:57:38-05:00</time><course>260.9529</course><roll>-7.834116</roll><pitch>-10.52757</pitch><mode /></trkpt><trkpt lat="34.7541668" lon="-118.3311704"><ele>770.18</ele><time>2026-06-27T13:57:38-05:00</time><course>265.7508</course><roll>-3.666556</roll><pitch>-9.109457</pitch><mode /></trkpt><trkpt lat="34.7541685" lon="-118.331184"><ele>770.52</ele><time>2026-06-27T13:57:38-05:00</time><course>263.1702</course><roll>-1.547983</roll><pitch>-6.989663</pitch><mode /></trkpt><trkpt lat="34.75417" lon="-118.331198"><ele>770.82</ele><time>2026-06-27T13:57:39-05:00</time><course>262.2507</course><roll>1.409776</roll><pitch>-3.184281</pitch><mode /></trkpt><trkpt lat="34.7541708" lon="-118.3312128"><ele>770.99</ele><time>2026-06-27T13:57:39-05:00</time><course>261.874</course><roll>2.483801</roll><pitch>-2.102849</pitch><mode /></trkpt><trkpt lat="34.7541707" lon="-118.3312284"><ele>771.14</ele><time>2026-06-27T13:57:39-05:00</time><course>265.4907</course><roll>-1.68794</roll><pitch>0.26311</pitch><mode /></trkpt><trkpt lat="34.7541703" lon="-118.3312447"><ele>771.21</ele><time>2026-06-27T13:57:39-05:00</time><course>264.1045</course><roll>2.67265</roll><pitch>2.447449</pitch><mode /></trkpt><trkpt lat="34.7541701" lon="-118.3312606"><ele>771.04</ele><time>2026-06-27T13:57:39-05:00</time><course>268.44</course><roll>-7.521915</roll><pitch>5.671742</pitch><mode /></trkpt><trkpt lat="34.7541698" lon="-118.3312758"><ele>770.7</ele><time>2026-06-27T13:57:40-05:00</time><course>270.33</course><roll>-6.786077</roll><pitch>4.796237</pitch><mode /></trkpt><trkpt lat="34.7541701" lon="-118.3312908"><ele>770.27</ele><time>2026-06-27T13:57:40-05:00</time><course>267.471</course><roll>-9.515615</roll><pitch>1.967392</pitch><mode /></trkpt><trkpt lat="34.7541711" lon="-118.3313053"><ele>769.79</ele><time>2026-06-27T13:57:40-05:00</time><course>260.597</course><roll>-3.419634</roll><pitch>-2.714133</pitch><mode /></trkpt><trkpt lat="34.7541718" lon="-118.3313189"><ele>769.5</ele><time>2026-06-27T13:57:40-05:00</time><course>268.2178</course><roll>1.552581</roll><pitch>-4.338163</pitch><mode /></trkpt><trkpt lat="34.7541715" lon="-118.3313313"><ele>769.51</ele><time>2026-06-27T13:57:40-05:00</time><course>272.8746</course><roll>-3.102545</roll><pitch>-4.904079</pitch><mode /></trkpt><trkpt lat="34.7541717" lon="-118.3313424"><ele>769.65</ele><time>2026-06-27T13:57:41-05:00</time><course>269.6896</course><roll>-6.877253</roll><pitch>-1.754698</pitch><mode /></trkpt><trkpt lat="34.7541718" lon="-118.3313523"><ele>769.67</ele><time>2026-06-27T13:57:41-05:00</time><course>271.436</course><roll>-11.87766</roll><pitch>3.536408</pitch><mode /></trkpt><trkpt lat="34.7541724" lon="-118.3313608"><ele>769.46</ele><time>2026-06-27T13:57:41-05:00</time><course>257.9539</course><roll>-2.208516</roll><pitch>3.193893</pitch><mode /></trkpt><trkpt lat="34.7541736" lon="-118.3313684"><ele>768.94</ele><time>2026-06-27T13:57:41-05:00</time><course>249.1423</course><roll>5.640338</roll><pitch>3.639875</pitch><mode /></trkpt><trkpt lat="34.7541737" lon="-118.3313752"><ele>768.32</ele><time>2026-06-27T13:57:41-05:00</time><course>254.0196</course><roll>7.6942</roll><pitch>-0.4571243</pitch><mode /></trkpt><trkpt lat="34.7541723" lon="-118.3313816"><ele>767.87</ele><time>2026-06-27T13:57:42-05:00</time><course>260.4679</course><roll>5.858377</roll><pitch>-3.501706</pitch><mode /></trkpt><trkpt lat="34.7541699" lon="-118.3313879"><ele>767.77</ele><time>2026-06-27T13:57:42-05:00</time><course>264.8066</course><roll>0.6555095</roll><pitch>-2.829129</pitch><mode /></trkpt><trkpt lat="34.7541678" lon="-118.3313938"><ele>767.67</ele><time>2026-06-27T13:57:42-05:00</time><course>263.9128</course><roll>0.5903416</roll><pitch>-3.13735</pitch><mode /></trkpt><trkpt lat="34.7541658" lon="-118.3313998"><ele>767.48</ele><time>2026-06-27T13:57:42-05:00</time><course>258.2746</course><roll>15.51583</roll><pitch>-3.814774</pitch><mode /></trkpt><trkpt lat="34.7541634" lon="-118.3314059"><ele>767.27</ele><time>2026-06-27T13:57:42-05:00</time><course>253.06</course><roll>22.42142</roll><pitch>-1.03449</pitch><mode /></trkpt><trkpt lat="34.7541599" lon="-118.3314123"><ele>767.06</ele><time>2026-06-27T13:57:43-05:00</time><course>251.8749</course><roll>21.4353</roll><pitch>-11.00946</pitch><mode /></trkpt><trkpt lat="34.7541548" lon="-118.3314182"><ele>766.86</ele><time>2026-06-27T13:57:43-05:00</time><course>246.5162</course><roll>20.6637</roll><pitch>-14.36007</pitch><mode /></trkpt><trkpt lat="34.7541483" lon="-118.3314227"><ele>766.93</ele><time>2026-06-27T13:57:43-05:00</time><course>237.9901</course><roll>18.14017</roll><pitch>-16.56582</pitch><mode /></trkpt><trkpt lat="34.7541406" lon="-118.3314245"><ele>767.1</ele><time>2026-06-27T13:57:43-05:00</time><course>240.95</course><roll>1.04076</roll><pitch>-14.29348</pitch><mode /></trkpt><trkpt lat="34.7541325" lon="-118.3314241"><ele>767.3</ele><time>2026-06-27T13:57:43-05:00</time><course>252.5383</course><roll>-6.099779</roll><pitch>-7.130418</pitch><mode /></trkpt><trkpt lat="34.7541254" lon="-118.3314229"><ele>767.41</ele><time>2026-06-27T13:57:44-05:00</time><course>249.3785</course><roll>-17.26138</roll><pitch>7.588727</pitch><mode /></trkpt><trkpt lat="34.7541195" lon="-118.3314216"><ele>767.3</ele><time>2026-06-27T13:57:44-05:00</time><course>239.619</course><roll>-15.96184</roll><pitch>5.563457</pitch><mode /></trkpt><trkpt lat="34.7541139" lon="-118.3314204"><ele>766.95</ele><time>2026-06-27T13:57:44-05:00</time><course>235.3918</course><roll>-10.74258</roll><pitch>0.442149</pitch><mode /></trkpt><trkpt lat="34.754108" lon="-118.3314198"><ele>766.55</ele><time>2026-06-27T13:57:44-05:00</time><course>237.1768</course><roll>-15.57448</roll><pitch>-5.250708</pitch><mode /></trkpt><trkpt lat="34.754102" lon="-118.3314195"><ele>766.25</ele><time>2026-06-27T13:57:44-05:00</time><course>243.7824</course><roll>-3.21464</roll><pitch>-6.309416</pitch><mode /></trkpt><trkpt lat="34.7540979" lon="-118.3314192"><ele>766.15</ele><time>2026-06-27T13:57:45-05:00</time><course>243.3162</course><roll>-0.5266813</roll><pitch>4.294341</pitch><mode /></trkpt><trkpt lat="34.7540969" lon="-118.331419"><ele>766.15</ele><time>2026-06-27T13:57:45-05:00</time><course>244.2128</course><roll>-0.7034329</roll><pitch>0.8618221</pitch><mode /></trkpt><trkpt lat="34.754097" lon="-118.3314191"><ele>766.11</ele><time>2026-06-27T13:57:45-05:00</time><course>244.2178</course><roll>-0.8423918</roll><pitch>1.697731</pitch><mode /></trkpt><trkpt lat="34.7540969" lon="-118.3314192"><ele>766.12</ele><time>2026-06-27T13:57:45-05:00</time><course>244.1557</course><roll>-0.7401296</roll><pitch>1.707311</pitch><mode /></trkpt><trkpt lat="34.7540967" lon="-118.3314196"><ele>766.21</ele><time>2026-06-27T13:57:47-05:00</time><course>243.9113</course><roll>-0.7830687</roll><pitch>2.189956</pitch><mode /></trkpt><trkpt lat="34.7540966" lon="-118.3314199"><ele>766.24</ele><time>2026-06-27T13:57:47-05:00</time><course>243.8434</course><roll>-0.8643559</roll><pitch>2.236117</pitch><mode /></trkpt><trkpt lat="34.7540964" lon="-118.3314201"><ele>766.28</ele><time>2026-06-27T13:57:48-05:00</time><course>243.8387</course><roll>-0.8329973</roll><pitch>2.480654</pitch><mode /></trkpt><trkpt lat="34.7540963" lon="-118.3314204"><ele>766.31</ele><time>2026-06-27T13:57:48-05:00</time><course>243.9478</course><roll>-0.7031794</roll><pitch>2.274297</pitch><mode /></trkpt><trkpt lat="34.7540962" lon="-118.3314205"><ele>766.33</ele><time>2026-06-27T13:57:49-05:00</time><course>243.8439</course><roll>-0.6996261</roll><pitch>2.409452</pitch><mode /></trkpt><trkpt lat="34.754096" lon="-118.331421"><ele>766.27</ele><time>2026-06-27T13:57:53-05:00</time><course>244.1105</course><roll>-0.5706204</roll><pitch>2.3875</pitch><mode /></trkpt><trkpt lat="34.754096" lon="-118.3314211"><ele>766.21</ele><time>2026-06-27T13:57:54-05:00</time><course>243.6255</course><roll>-0.8404528</roll><pitch>3.022968</pitch><mode /></trkpt><trkpt lat="34.7540964" lon="-118.3314212"><ele>766.45</ele><time>2026-06-27T13:57:54-05:00</time><course>250.9943</course><roll>-7.240353</roll><pitch>7.757218</pitch><mode /></trkpt><trkpt lat="34.7540966" lon="-118.3314214"><ele>766.7</ele><time>2026-06-27T13:57:54-05:00</time><course>252.9501</course><roll>1.043571</roll><pitch>5.624103</pitch><mode /></trkpt><trkpt lat="34.7540992" lon="-118.3314215"><ele>767.1</ele><time>2026-06-27T13:57:55-05:00</time><course>258.783</course><roll>0.2289977</roll><pitch>3.924125</pitch><mode /></trkpt><trkpt lat="34.7541002" lon="-118.3314219"><ele>767.14</ele><time>2026-06-27T13:57:55-05:00</time><course>254.9069</course><roll>-1.253663</roll><pitch>9.604218</pitch><mode /></trkpt><trkpt lat="34.7541007" lon="-118.3314221"><ele>767.13</ele><time>2026-06-27T13:57:55-05:00</time><course>260.0224</course><roll>-0.3811499</roll><pitch>25.34547</pitch><mode /></trkpt><trkpt lat="34.7541009" lon="-118.331422"><ele>767.11</ele><time>2026-06-27T13:57:56-05:00</time><course>267.8409</course><roll>-2.486614</roll><pitch>28.81583</pitch><mode /></trkpt><trkpt lat="34.754101" lon="-118.3314222"><ele>767.1</ele><time>2026-06-27T13:57:56-05:00</time><course>273.1861</course><roll>-2.132117</roll><pitch>28.97168</pitch><mode /></trkpt><trkpt lat="34.7541013" lon="-118.3314227"><ele>767.13</ele><time>2026-06-27T13:57:56-05:00</time><course>280.7224</course><roll>-2.406354</roll><pitch>23.73548</pitch><mode /></trkpt><trkpt lat="34.7541022" lon="-118.3314235"><ele>767.12</ele><time>2026-06-27T13:57:56-05:00</time><course>291.818</course><roll>0.6920508</roll><pitch>13.18814</pitch><mode /></trkpt><trkpt lat="34.7541033" lon="-118.3314246"><ele>767.08</ele><time>2026-06-27T13:57:56-05:00</time><course>301.8821</course><roll>3.315233</roll><pitch>5.86469</pitch><mode /></trkpt><trkpt lat="34.7541042" lon="-118.3314261"><ele>767.07</ele><time>2026-06-27T13:57:57-05:00</time><course>304.8173</course><roll>12.62059</roll><pitch>1.966003</pitch><mode /></trkpt><trkpt lat="34.7541054" lon="-118.3314279"><ele>767.09</ele><time>2026-06-27T13:57:57-05:00</time><course>313.2765</course><roll>12.61392</roll><pitch>-0.5825776</pitch><mode /></trkpt><trkpt lat="34.7541071" lon="-118.3314296"><ele>767.13</ele><time>2026-06-27T13:57:57-05:00</time><course>320.569</course><roll>10.64402</roll><pitch>-2.684041</pitch><mode /></trkpt><trkpt lat="34.7541092" lon="-118.3314311"><ele>767.11</ele><time>2026-06-27T13:57:57-05:00</time><course>323.6264</course><roll>-6.990985</roll><pitch>-3.901189</pitch><mode /></trkpt><trkpt lat="34.7541113" lon="-118.3314326"><ele>767.14</ele><time>2026-06-27T13:57:57-05:00</time><course>323.6544</course><roll>-8.908175</roll><pitch>-4.109615</pitch><mode /></trkpt><trkpt lat="34.7541133" lon="-118.3314341"><ele>767.04</ele><time>2026-06-27T13:57:58-05:00</time><course>325.3774</course><roll>-11.23468</roll><pitch>-1.831103</pitch><mode /></trkpt><trkpt lat="34.7541158" lon="-118.3314359"><ele>767</ele><time>2026-06-27T13:57:58-05:00</time><course>331.6472</course><roll>0.334924</roll><pitch>-0.0006769358</pitch><mode /></trkpt><trkpt lat="34.7541182" lon="-118.3314376"><ele>767.01</ele><time>2026-06-27T13:57:58-05:00</time><course>333.759</course><roll>14.95108</roll><pitch>2.506208</pitch><mode /></trkpt><trkpt lat="34.7541206" lon="-118.3314391"><ele>766.96</ele><time>2026-06-27T13:57:58-05:00</time><course>328.6552</course><roll>22.58009</roll><pitch>5.313871</pitch><mode /></trkpt><trkpt lat="34.754123" lon="-118.3314409"><ele>766.98</ele><time>2026-06-27T13:57:58-05:00</time><course>323.6931</course><roll>27.82877</roll><pitch>6.887651</pitch><mode /></trkpt><trkpt lat="34.7541251" lon="-118.3314429"><ele>766.95</ele><time>2026-06-27T13:57:59-05:00</time><course>321.9529</course><roll>27.24122</roll><pitch>5.093729</pitch><mode /></trkpt><trkpt lat="34.7541277" lon="-118.3314451"><ele>766.95</ele><time>2026-06-27T13:57:59-05:00</time><course>325.7253</course><roll>29.84619</roll><pitch>4.869361</pitch><mode /></trkpt><trkpt lat="34.75413" lon="-118.3314472"><ele>767</ele><time>2026-06-27T13:57:59-05:00</time><course>328.5923</course><roll>27.59693</roll><pitch>5.092036</pitch><mode /></trkpt><trkpt lat="34.7541324" lon="-118.3314491"><ele>766.99</ele><time>2026-06-27T13:57:59-05:00</time><course>324.3281</course><roll>19.76102</roll><pitch>5.502635</pitch><mode /></trkpt><trkpt lat="34.7541347" lon="-118.3314509"><ele>767.04</ele><time>2026-06-27T13:57:59-05:00</time><course>318.164</course><roll>22.58506</roll><pitch>7.579088</pitch><mode /></trkpt><trkpt lat="34.7541366" lon="-118.3314528"><ele>767.03</ele><time>2026-06-27T13:58:00-05:00</time><course>312.7645</course><roll>15.75684</roll><pitch>4.469125</pitch><mode /></trkpt><trkpt lat="34.7541389" lon="-118.3314552"><ele>767.02</ele><time>2026-06-27T13:58:00-05:00</time><course>311.458</course><roll>24.91456</roll><pitch>4.712491</pitch><mode /></trkpt><trkpt lat="34.7541412" lon="-118.3314573"><ele>767.06</ele><time>2026-06-27T13:58:00-05:00</time><course>310.4814</course><roll>28.13158</roll><pitch>8.428661</pitch><mode /></trkpt><trkpt lat="34.7541434" lon="-118.3314593"><ele>767.06</ele><time>2026-06-27T13:58:00-05:00</time><course>300.5622</course><roll>12.70759</roll><pitch>5.383573</pitch><mode /></trkpt><trkpt lat="34.7541454" lon="-118.3314616"><ele>767.11</ele><time>2026-06-27T13:58:00-05:00</time><course>298.2331</course><roll>12.46466</roll><pitch>6.446293</pitch><mode /></trkpt><trkpt lat="34.7541473" lon="-118.3314636"><ele>767.07</ele><time>2026-06-27T13:58:01-05:00</time><course>303.1747</course><roll>17.62811</roll><pitch>7.500138</pitch><mode /></trkpt><trkpt lat="34.7541495" lon="-118.3314664"><ele>767.03</ele><time>2026-06-27T13:58:01-05:00</time><course>308.603</course><roll>13.92242</roll><pitch>4.829453</pitch><mode /></trkpt><trkpt lat="34.7541513" lon="-118.3314692"><ele>767.1</ele><time>2026-06-27T13:58:01-05:00</time><course>311.1959</course><roll>17.98121</roll><pitch>5.782683</pitch><mode /></trkpt><trkpt lat="34.7541532" lon="-118.3314716"><ele>767.1</ele><time>2026-06-27T13:58:01-05:00</time><course>310.6324</course><roll>4.946174</roll><pitch>3.178838</pitch><mode /></trkpt><trkpt lat="34.7541553" lon="-118.3314744"><ele>767.14</ele><time>2026-06-27T13:58:01-05:00</time><course>309.4344</course><roll>14.85478</roll><pitch>3.36546</pitch><mode /></trkpt><trkpt lat="34.7541576" lon="-118.3314767"><ele>767.11</ele><time>2026-06-27T13:58:02-05:00</time><course>312.1959</course><roll>24.40912</roll><pitch>8.100181</pitch><mode /></trkpt><trkpt lat="34.7541601" lon="-118.3314795"><ele>767.06</ele><time>2026-06-27T13:58:02-05:00</time><course>315.9939</course><roll>22.43457</roll><pitch>9.175967</pitch><mode /></trkpt><trkpt lat="34.7541626" lon="-118.3314823"><ele>767.11</ele><time>2026-06-27T13:58:02-05:00</time><course>314.5315</course><roll>7.620458</roll><pitch>3.688332</pitch><mode /></trkpt><trkpt lat="34.7541652" lon="-118.3314846"><ele>767.09</ele><time>2026-06-27T13:58:02-05:00</time><course>310.9332</course><roll>6.953523</roll><pitch>3.185911</pitch><mode /></trkpt><trkpt lat="34.7541676" lon="-118.3314869"><ele>767.1</ele><time>2026-06-27T13:58:02-05:00</time><course>310.8688</course><roll>15.23246</roll><pitch>8.271794</pitch><mode /></trkpt><trkpt lat="34.7541697" lon="-118.3314891"><ele>767.09</ele><time>2026-06-27T13:58:03-05:00</time><course>313.2897</course><roll>12.84052</roll><pitch>4.541009</pitch><mode /></trkpt><trkpt lat="34.7541721" lon="-118.331492"><ele>767.12</ele><time>2026-06-27T13:58:03-05:00</time><course>317.556</course><roll>10.93885</roll><pitch>1.948867</pitch><mode /></trkpt><trkpt lat="34.7541745" lon="-118.3314947"><ele>767.1</ele><time>2026-06-27T13:58:03-05:00</time><course>320.4025</course><roll>5.828228</roll><pitch>-0.9565254</pitch><mode /></trkpt><trkpt lat="34.7541772" lon="-118.3314973"><ele>767.04</ele><time>2026-06-27T13:58:03-05:00</time><course>321.2511</course><roll>2.299498</roll><pitch>-1.531991</pitch><mode /></trkpt><trkpt lat="34.7541795" lon="-118.3314997"><ele>767.1</ele><time>2026-06-27T13:58:03-05:00</time><course>319.8553</course><roll>2.580041</roll><pitch>-1.109787</pitch><mode /></trkpt><trkpt lat="34.7541814" lon="-118.331502"><ele>767.13</ele><time>2026-06-27T13:58:04-05:00</time><course>322.5385</course><roll>3.336747</roll><pitch>-3.161076</pitch><mode /></trkpt><trkpt lat="34.7541838" lon="-118.331504"><ele>767.18</ele><time>2026-06-27T13:58:04-05:00</time><course>329.5847</course><roll>17.83684</roll><pitch>-1.371609</pitch><mode /></trkpt><trkpt lat="34.7541862" lon="-118.3315056"><ele>767.19</ele><time>2026-06-27T13:58:04-05:00</time><course>332.7603</course><roll>15.85448</roll><pitch>1.195662</pitch><mode /></trkpt><trkpt lat="34.7541888" lon="-118.3315076"><ele>767.14</ele><time>2026-06-27T13:58:04-05:00</time><course>331.4421</course><roll>10.9044</roll><pitch>0.523156</pitch><mode /></trkpt><trkpt lat="34.7541913" lon="-118.3315093"><ele>767.16</ele><time>2026-06-27T13:58:04-05:00</time><course>330.9674</course><roll>12.92897</roll><pitch>0.6525984</pitch><mode /></trkpt><trkpt lat="34.7541934" lon="-118.3315109"><ele>767.18</ele><time>2026-06-27T13:58:05-05:00</time><course>332.6153</course><roll>9.128396</roll><pitch>-0.5921511</pitch><mode /></trkpt><trkpt lat="34.7541958" lon="-118.3315126"><ele>767.18</ele><time>2026-06-27T13:58:05-05:00</time><course>334.676</course><roll>6.89095</roll><pitch>-1.088821</pitch><mode /></trkpt><trkpt lat="34.7541983" lon="-118.3315141"><ele>767.22</ele><time>2026-06-27T13:58:05-05:00</time><course>335.7439</course><roll>13.32568</roll><pitch>-0.7796825</pitch><mode /></trkpt><trkpt lat="34.754201" lon="-118.3315153"><ele>767.19</ele><time>2026-06-27T13:58:05-05:00</time><course>329.5213</course><roll>5.559453</roll><pitch>0.4717543</pitch><mode /></trkpt><trkpt lat="34.7542033" lon="-118.3315167"><ele>767.23</ele><time>2026-06-27T13:58:05-05:00</time><course>321.3704</course><roll>7.794133</roll><pitch>3.191366</pitch><mode /></trkpt><trkpt lat="34.7542052" lon="-118.3315178"><ele>767.23</ele><time>2026-06-27T13:58:06-05:00</time><course>320.071</course><roll>6.66947</roll><pitch>3.114546</pitch><mode /></trkpt><trkpt lat="34.7542078" lon="-118.3315191"><ele>767.16</ele><time>2026-06-27T13:58:06-05:00</time><course>326.5155</course><roll>4.962436</roll><pitch>-2.15618</pitch><mode /></trkpt><trkpt lat="34.7542104" lon="-118.3315205"><ele>767.19</ele><time>2026-06-27T13:58:06-05:00</time><course>335.0685</course><roll>8.109836</roll><pitch>-3.986926</pitch><mode /></trkpt><trkpt lat="34.754213" lon="-118.331521"><ele>767.11</ele><time>2026-06-27T13:58:06-05:00</time><course>335.9556</course><roll>9.565224</roll><pitch>-5.759537</pitch><mode /></trkpt><trkpt lat="34.7542158" lon="-118.331522"><ele>767.09</ele><time>2026-06-27T13:58:06-05:00</time><course>334.5325</course><roll>13.02</roll><pitch>-1.829108</pitch><mode /></trkpt><trkpt lat="34.7542184" lon="-118.3315234"><ele>767.08</ele><time>2026-06-27T13:58:07-05:00</time><course>330.5606</course><roll>22.25308</roll><pitch>1.479819</pitch><mode /></trkpt><trkpt lat="34.754221" lon="-118.331525"><ele>767.04</ele><time>2026-06-27T13:58:07-05:00</time><course>330.6639</course><roll>24.58069</roll><pitch>0.6777313</pitch><mode /></trkpt><trkpt lat="34.7542235" lon="-118.3315266"><ele>767.07</ele><time>2026-06-27T13:58:07-05:00</time><course>333.4679</course><roll>27.58496</roll><pitch>2.765521</pitch><mode /></trkpt><trkpt lat="34.754226" lon="-118.3315278"><ele>767</ele><time>2026-06-27T13:58:07-05:00</time><course>330.7352</course><roll>21.35045</roll><pitch>0.5393518</pitch><mode /></trkpt><trkpt lat="34.754229" lon="-118.3315293"><ele>766.96</ele><time>2026-06-27T13:58:07-05:00</time><course>325.1931</course><roll>18.4609</roll><pitch>-1.857816</pitch><mode /></trkpt><trkpt lat="34.7542317" lon="-118.3315309"><ele>766.96</ele><time>2026-06-27T13:58:08-05:00</time><course>324.3919</course><roll>19.69402</roll><pitch>-0.8459432</pitch><mode /></trkpt><trkpt lat="34.7542347" lon="-118.3315327"><ele>766.91</ele><time>2026-06-27T13:58:08-05:00</time><course>329.5035</course><roll>14.1546</roll><pitch>-6.25577</pitch><mode /></trkpt><trkpt lat="34.7542373" lon="-118.3315343"><ele>766.91</ele><time>2026-06-27T13:58:08-05:00</time><course>334.6116</course><roll>15.8502</roll><pitch>-4.810646</pitch><mode /></trkpt><trkpt lat="34.7542397" lon="-118.3315357"><ele>766.82</ele><time>2026-06-27T13:58:08-05:00</time><course>331.9163</course><roll>9.374135</roll><pitch>-1.915142</pitch><mode /></trkpt><trkpt lat="34.7542422" lon="-118.3315372"><ele>766.81</ele><time>2026-06-27T13:58:08-05:00</time><course>323.6038</course><roll>12.12974</roll><pitch>2.208847</pitch><mode /></trkpt><trkpt lat="34.7542444" lon="-118.3315388"><ele>766.8</ele><time>2026-06-27T13:58:09-05:00</time><course>316.2804</course><roll>13.42205</roll><pitch>5.610322</pitch><mode /></trkpt><trkpt lat="34.754247" lon="-118.331541"><ele>766.75</ele><time>2026-06-27T13:58:09-05:00</time><course>320.4896</course><roll>16.47081</roll><pitch>3.011145</pitch><mode /></trkpt><trkpt lat="34.7542498" lon="-118.3315431"><ele>766.77</ele><time>2026-06-27T13:58:09-05:00</time><course>328.571</course><roll>22.82898</roll><pitch>3.222968</pitch><mode /></trkpt><trkpt lat="34.7542523" lon="-118.3315448"><ele>766.74</ele><time>2026-06-27T13:58:09-05:00</time><course>323.9522</course><roll>19.12098</roll><pitch>9.729956</pitch><mode /></trkpt><trkpt lat="34.7542544" lon="-118.331547"><ele>766.78</ele><time>2026-06-27T13:58:09-05:00</time><course>316.322</course><roll>28.78463</roll><pitch>14.58821</pitch><mode /></trkpt><trkpt lat="34.7542562" lon="-118.331549"><ele>766.79</ele><time>2026-06-27T13:58:10-05:00</time><course>313.5984</course><roll>27.71752</roll><pitch>12.71437</pitch><mode /></trkpt><trkpt lat="34.7542582" lon="-118.3315514"><ele>766.79</ele><time>2026-06-27T13:58:10-05:00</time><course>315.5859</course><roll>26.78329</roll><pitch>11.66835</pitch><mode /></trkpt><trkpt lat="34.7542603" lon="-118.3315539"><ele>766.86</ele><time>2026-06-27T13:58:10-05:00</time><course>319.0801</course><roll>22.80742</roll><pitch>9.273173</pitch><mode /></trkpt><trkpt lat="34.7542626" lon="-118.3315561"><ele>766.83</ele><time>2026-06-27T13:58:10-05:00</time><course>315.6092</course><roll>16.08426</roll><pitch>10.55718</pitch><mode /></trkpt><trkpt lat="34.7542648" lon="-118.3315582"><ele>766.86</ele><time>2026-06-27T13:58:10-05:00</time><course>310.3521</course><roll>19.83434</roll><pitch>10.88096</pitch><mode /></trkpt><trkpt lat="34.7542666" lon="-118.3315604"><ele>766.83</ele><time>2026-06-27T13:58:11-05:00</time><course>312.0279</course><roll>18.77687</roll><pitch>8.310882</pitch><mode /></trkpt><trkpt lat="34.7542685" lon="-118.3315627"><ele>766.88</ele><time>2026-06-27T13:58:11-05:00</time><course>320.4861</course><roll>24.02388</roll><pitch>7.306477</pitch><mode /></trkpt><trkpt lat="34.7542705" lon="-118.3315647"><ele>766.95</ele><time>2026-06-27T13:58:11-05:00</time><course>324.315</course><roll>24.40962</roll><pitch>5.289599</pitch><mode /></trkpt><trkpt lat="34.7542725" lon="-118.3315668"><ele>766.94</ele><time>2026-06-27T13:58:11-05:00</time><course>320.5695</course><roll>18.72862</roll><pitch>8.974619</pitch><mode /></trkpt><trkpt lat="34.7542743" lon="-118.331569"><ele>767.02</ele><time>2026-06-27T13:58:11-05:00</time><course>314.0497</course><roll>17.5257</roll><pitch>5.953992</pitch><mode /></trkpt><trkpt lat="34.7542759" lon="-118.3315709"><ele>767.01</ele><time>2026-06-27T13:58:12-05:00</time><course>309.6418</course><roll>17.14574</roll><pitch>3.526865</pitch><mode /></trkpt><trkpt lat="34.7542775" lon="-118.331573"><ele>767.07</ele><time>2026-06-27T13:58:12-05:00</time><course>313.1059</course><roll>23.83589</roll><pitch>4.778645</pitch><mode /></trkpt><trkpt lat="34.7542791" lon="-118.331575"><ele>767.12</ele><time>2026-06-27T13:58:12-05:00</time><course>315.8828</course><roll>25.89504</roll><pitch>1.500813</pitch><mode /></trkpt><trkpt lat="34.7542805" lon="-118.3315766"><ele>767.12</ele><time>2026-06-27T13:58:12-05:00</time><course>309.4862</course><roll>18.18542</roll><pitch>-1.048516</pitch><mode /></trkpt><trkpt lat="34.7542819" lon="-118.3315785"><ele>767.2</ele><time>2026-06-27T13:58:12-05:00</time><course>300.2682</course><roll>10.14853</roll><pitch>-1.20313</pitch><mode /></trkpt><trkpt lat="34.7542833" lon="-118.3315807"><ele>767.27</ele><time>2026-06-27T13:58:13-05:00</time><course>291.0019</course><roll>9.706407</roll><pitch>-2.978484</pitch><mode /></trkpt><trkpt lat="34.7542843" lon="-118.3315829"><ele>767.23</ele><time>2026-06-27T13:58:13-05:00</time><course>292.4525</course><roll>-0.8833432</roll><pitch>-7.022971</pitch><mode /></trkpt><trkpt lat="34.7542849" lon="-118.331585"><ele>767.25</ele><time>2026-06-27T13:58:13-05:00</time><course>292.5758</course><roll>-13.75723</roll><pitch>-6.805854</pitch><mode /></trkpt><trkpt lat="34.7542853" lon="-118.3315864"><ele>767.25</ele><time>2026-06-27T13:58:13-05:00</time><course>288.0284</course><roll>-5.85117</roll><pitch>-4.902162</pitch><mode /></trkpt><trkpt lat="34.7542862" lon="-118.3315873"><ele>767.26</ele><time>2026-06-27T13:58:13-05:00</time><course>279.8878</course><roll>5.566673</roll><pitch>-2.28478</pitch><mode /></trkpt><trkpt lat="34.7542867" lon="-118.3315882"><ele>767.31</ele><time>2026-06-27T13:58:14-05:00</time><course>274.5057</course><roll>7.169444</roll><pitch>1.223898</pitch><mode /></trkpt><trkpt lat="34.7542868" lon="-118.3315886"><ele>767.32</ele><time>2026-06-27T13:58:14-05:00</time><course>274.2228</course><roll>9.010351</roll><pitch>1.72958</pitch><mode /></trkpt><trkpt lat="34.7542872" lon="-118.3315889"><ele>767.16</ele><time>2026-06-27T13:58:14-05:00</time><course>271.6053</course><roll>6.25806</roll><pitch>1.194766</pitch><mode /></trkpt><trkpt lat="34.7542881" lon="-118.331589"><ele>767.01</ele><time>2026-06-27T13:58:15-05:00</time><course>269.7042</course><roll>5.633025</roll><pitch>3.494572</pitch><mode /></trkpt><trkpt lat="34.7542885" lon="-118.3315893"><ele>766.82</ele><time>2026-06-27T13:58:15-05:00</time><course>268.9776</course><roll>4.251206</roll><pitch>3.129303</pitch><mode /></trkpt><trkpt lat="34.7542882" lon="-118.3315899"><ele>766.61</ele><time>2026-06-27T13:58:15-05:00</time><course>269.1464</course><roll>4.570277</roll><pitch>2.806268</pitch><mode /></trkpt></trkseg></trk><wpt lat="34.7542429" lon="-118.3315843"><name>0</name></wpt><wpt lat="34.7542426" lon="-118.3315841"><name>1</name></wpt><wpt lat="34.7542426" lon="-118.3315841"><name>2</name></wpt><wpt lat="34.7542425" lon="-118.3315841"><name>3</name></wpt><wpt lat="34.7542423" lon="-118.331584"><name>4</name></wpt><wpt lat="34.7542421" lon="-118.3315844"><name>5</name></wpt><wpt lat="34.7542418" lon="-118.3315853"><name>6</name></wpt><wpt lat="34.7542416" lon="-118.3315857"><name>7</name></wpt><wpt lat="34.7542414" lon="-118.3315859"><name>8</name></wpt><wpt lat="34.7542412" lon="-118.3315861"><name>9</name></wpt><wpt lat="34.7542411" lon="-118.331586"><name>10</name></wpt><wpt lat="34.7542403" lon="-118.3315865"><name>11</name></wpt><wpt lat="34.7542396" lon="-118.3315869"><name>12</name></wpt><wpt lat="34.754239" lon="-118.3315871"><name>13</name></wpt><wpt lat="34.7542387" lon="-118.3315872"><name>14</name></wpt><wpt lat="34.7542385" lon="-118.3315875"><name>15</name></wpt><wpt lat="34.7542384" lon="-118.3315874"><name>16</name></wpt><wpt lat="34.7542381" lon="-118.3315875"><name>17</name></wpt><wpt lat="34.7542374" lon="-118.331588"><name>18</name></wpt><wpt lat="34.7542371" lon="-118.3315883"><name>19</name></wpt><wpt lat="34.7542362" lon="-118.3315886"><name>20</name></wpt><wpt lat="34.7542358" lon="-118.3315913"><name>21</name></wpt><wpt lat="34.7542362" lon="-118.3315931"><name>22</name></wpt><wpt lat="34.7542402" lon="-118.3315897"><name>23</name></wpt><wpt lat="34.7542437" lon="-118.3315816"><name>24</name></wpt><wpt lat="34.7542442" lon="-118.3315743"><name>25</name></wpt><wpt lat="34.7542443" lon="-118.3315678"><name>26</name></wpt><wpt lat="34.7542445" lon="-118.3315626"><name>27</name></wpt><wpt lat="34.7542455" lon="-118.3315602"><name>28</name></wpt><wpt lat="34.7542463" lon="-118.3315606"><name>29</name></wpt><wpt lat="34.7542464" lon="-118.3315631"><name>30</name></wpt><wpt lat="34.7542471" lon="-118.3315677"><name>31</name></wpt><wpt lat="34.7542501" lon="-118.3315729"><name>32</name></wpt><wpt lat="34.7542534" lon="-118.331576"><name>33</name></wpt><wpt lat="34.7542558" lon="-118.3315776"><name>34</name></wpt><wpt lat="34.7542574" lon="-118.3315799"><name>35</name></wpt><wpt lat="34.754258" lon="-118.3315833"><name>36</name></wpt><wpt lat="34.7542573" lon="-118.3315876"><name>37</name></wpt><wpt lat="34.7542554" lon="-118.3315919"><name>38</name></wpt><wpt lat="34.754251" lon="-118.3315969"><name>39</name></wpt><wpt lat="34.7542438" lon="-118.3316011"><name>40</name></wpt><wpt lat="34.7542346" lon="-118.3316041"><name>41</name></wpt><wpt lat="34.7542245" lon="-118.3316073"><name>42</name></wpt><wpt lat="34.7542155" lon="-118.3316129"><name>43</name></wpt><wpt lat="34.7542063" lon="-118.3316193"><name>44</name></wpt><wpt lat="34.754196" lon="-118.331626"><name>45</name></wpt><wpt lat="34.7541852" lon="-118.3316335"><name>46</name></wpt><wpt lat="34.7541735" lon="-118.3316418"><name>47</name></wpt><wpt lat="34.7541613" lon="-118.3316507"><name>48</name></wpt><wpt lat="34.7541488" lon="-118.3316605"><name>49</name></wpt><wpt lat="34.7541354" lon="-118.3316705"><name>50</name></wpt><wpt lat="34.7541217" lon="-118.3316806"><name>51</name></wpt><wpt lat="34.7541085" lon="-118.3316911"><name>52</name></wpt><wpt lat="34.7540948" lon="-118.3317012"><name>53</name></wpt><wpt lat="34.754081" lon="-118.3317112"><name>54</name></wpt><wpt lat="34.7540677" lon="-118.3317209"><name>55</name></wpt><wpt lat="34.7540547" lon="-118.3317308"><name>56</name></wpt><wpt lat="34.7540417" lon="-118.3317408"><name>57</name></wpt><wpt lat="34.754029" lon="-118.3317518"><name>58</name></wpt><wpt lat="34.7540163" lon="-118.3317629"><name>59</name></wpt><wpt lat="34.7540035" lon="-118.3317745"><name>60</name></wpt><wpt lat="34.7539909" lon="-118.3317862"><name>61</name></wpt><wpt lat="34.7539787" lon="-118.3317982"><name>62</name></wpt><wpt lat="34.7539673" lon="-118.3318107"><name>63</name></wpt><wpt lat="34.7539573" lon="-118.3318238"><name>64</name></wpt><wpt lat="34.7539498" lon="-118.331838"><name>65</name></wpt><wpt lat="34.7539453" lon="-118.3318523"><name>66</name></wpt><wpt lat="34.7539438" lon="-118.3318659"><name>67</name></wpt><wpt lat="34.7539429" lon="-118.3318783"><name>68</name></wpt><wpt lat="34.7539426" lon="-118.331901"><name>69</name></wpt><wpt lat="34.7539418" lon="-118.3319115"><name>70</name></wpt><wpt lat="34.7539413" lon="-118.3319219"><name>71</name></wpt><wpt lat="34.7539398" lon="-118.3319322"><name>72</name></wpt><wpt lat="34.7539378" lon="-118.3319426"><name>73</name></wpt><wpt lat="34.7539348" lon="-118.3319529"><name>74</name></wpt><wpt lat="34.7539318" lon="-118.331964"><name>75</name></wpt><wpt lat="34.7539287" lon="-118.3319757"><name>76</name></wpt><wpt lat="34.753925" lon="-118.3319877"><name>77</name></wpt><wpt lat="34.7539208" lon="-118.3320002"><name>78</name></wpt><wpt lat="34.7539167" lon="-118.3320122"><name>79</name></wpt><wpt lat="34.7539132" lon="-118.3320231"><name>80</name></wpt><wpt lat="34.7539097" lon="-118.3320332"><name>81</name></wpt><wpt lat="34.7539059" lon="-118.3320426"><name>82</name></wpt><wpt lat="34.753902" lon="-118.3320514"><name>83</name></wpt><wpt lat="34.7538984" lon="-118.3320599"><name>84</name></wpt><wpt lat="34.7538945" lon="-118.3320676"><name>85</name></wpt><wpt lat="34.7538906" lon="-118.3320741"><name>86</name></wpt><wpt lat="34.7538869" lon="-118.3320793"><name>87</name></wpt><wpt lat="34.7538833" lon="-118.3320839"><name>88</name></wpt><wpt lat="34.7538797" lon="-118.3320882"><name>89</name></wpt><wpt lat="34.753876" lon="-118.3320923"><name>90</name></wpt><wpt lat="34.753872" lon="-118.3320966"><name>91</name></wpt><wpt lat="34.7538689" lon="-118.3321013"><name>92</name></wpt><wpt lat="34.7538674" lon="-118.332107"><name>93</name></wpt><wpt lat="34.7538661" lon="-118.3321127"><name>94</name></wpt><wpt lat="34.7538647" lon="-118.3321184"><name>95</name></wpt><wpt lat="34.7538629" lon="-118.3321238"><name>96</name></wpt><wpt lat="34.7538601" lon="-118.3321283"><name>97</name></wpt><wpt lat="34.7538553" lon="-118.3321313"><name>98</name></wpt><wpt lat="34.7538485" lon="-118.3321329"><name>99</name></wpt><wpt lat="34.7538405" lon="-118.3321341"><name>100</name></wpt><wpt lat="34.753831" lon="-118.3321352"><name>101</name></wpt><wpt lat="34.7538185" lon="-118.3321343"><name>102</name></wpt><wpt lat="34.7538029" lon="-118.3321313"><name>103</name></wpt><wpt lat="34.7537863" lon="-118.3321271"><name>104</name></wpt><wpt lat="34.7537685" lon="-118.3321217"><name>105</name></wpt><wpt lat="34.7537492" lon="-118.3321147"><name>106</name></wpt><wpt lat="34.753728" lon="-118.3321049"><name>107</name></wpt><wpt lat="34.7537047" lon="-118.3320912"><name>108</name></wpt><wpt lat="34.7536798" lon="-118.3320744"><name>109</name></wpt><wpt lat="34.7536538" lon="-118.3320551"><name>110</name></wpt><wpt lat="34.7536267" lon="-118.3320318"><name>111</name></wpt><wpt lat="34.7535987" lon="-118.3320052"><name>112</name></wpt><wpt lat="34.7535701" lon="-118.3319757"><name>113</name></wpt><wpt lat="34.7535412" lon="-118.3319434"><name>114</name></wpt><wpt lat="34.7535124" lon="-118.3319077"><name>115</name></wpt><wpt lat="34.7534839" lon="-118.3318676"><name>116</name></wpt><wpt lat="34.7534559" lon="-118.331823"><name>117</name></wpt><wpt lat="34.7534291" lon="-118.3317741"><name>118</name></wpt><wpt lat="34.753403" lon="-118.3317227"><name>119</name></wpt><wpt lat="34.7533772" lon="-118.3316708"><name>120</name></wpt><wpt lat="34.7533526" lon="-118.3316165"><name>121</name></wpt><wpt lat="34.7533304" lon="-118.3315576"><name>122</name></wpt><wpt lat="34.753311" lon="-118.3314948"><name>123</name></wpt><wpt lat="34.7532942" lon="-118.3314293"><name>124</name></wpt><wpt lat="34.7532798" lon="-118.3313614"><name>125</name></wpt><wpt lat="34.7532676" lon="-118.3312911"><name>126</name></wpt><wpt lat="34.753257" lon="-118.3312193"><name>127</name></wpt><wpt lat="34.7532474" lon="-118.3311466"><name>128</name></wpt><wpt lat="34.7532385" lon="-118.3310732"><name>129</name></wpt><wpt lat="34.7532301" lon="-118.3309995"><name>130</name></wpt><wpt lat="34.7532221" lon="-118.3309254"><name>131</name></wpt><wpt lat="34.7532142" lon="-118.3308512"><name>132</name></wpt><wpt lat="34.7532076" lon="-118.3307766"><name>133</name></wpt><wpt lat="34.753203" lon="-118.3307011"><name>134</name></wpt><wpt lat="34.7531991" lon="-118.3306254"><name>135</name></wpt><wpt lat="34.7531986" lon="-118.3305486"><name>136</name></wpt><wpt lat="34.7532002" lon="-118.3304711"><name>137</name></wpt><wpt lat="34.7532038" lon="-118.3303935"><name>138</name></wpt><wpt lat="34.7532129" lon="-118.3303156"><name>139</name></wpt><wpt lat="34.7532251" lon="-118.3302377"><name>140</name></wpt><wpt lat="34.7532392" lon="-118.3301601"><name>141</name></wpt><wpt lat="34.7532554" lon="-118.3300826"><name>142</name></wpt><wpt lat="34.7532738" lon="-118.3300053"><name>143</name></wpt><wpt lat="34.7532957" lon="-118.3299295"><name>144</name></wpt><wpt lat="34.7533208" lon="-118.3298555"><name>145</name></wpt><wpt lat="34.7533485" lon="-118.3297841"><name>146</name></wpt><wpt lat="34.7533792" lon="-118.3297167"><name>147</name></wpt><wpt lat="34.7534115" lon="-118.3296519"><name>148</name></wpt><wpt lat="34.7534448" lon="-118.3295893"><name>149</name></wpt><wpt lat="34.7534797" lon="-118.3295301"><name>150</name></wpt><wpt lat="34.7535157" lon="-118.3294739"><name>151</name></wpt><wpt lat="34.7535531" lon="-118.329422"><name>152</name></wpt><wpt lat="34.7535917" lon="-118.3293766"><name>153</name></wpt><wpt lat="34.7536306" lon="-118.3293371"><name>154</name></wpt><wpt lat="34.7536697" lon="-118.3293002"><name>155</name></wpt><wpt lat="34.7537093" lon="-118.3292664"><name>156</name></wpt><wpt lat="34.7537483" lon="-118.3292385"><name>157</name></wpt><wpt lat="34.7537855" lon="-118.3292171"><name>158</name></wpt><wpt lat="34.7538204" lon="-118.3292012"><name>159</name></wpt><wpt lat="34.7538528" lon="-118.3291902"><name>160</name></wpt><wpt lat="34.7538825" lon="-118.3291835"><name>161</name></wpt><wpt lat="34.7539104" lon="-118.3291793"><name>162</name></wpt><wpt lat="34.7539352" lon="-118.3291783"><name>163</name></wpt><wpt lat="34.7539559" lon="-118.3291803"><name>164</name></wpt><wpt lat="34.7539736" lon="-118.3291843"><name>165</name></wpt><wpt lat="34.7539883" lon="-118.3291899"><name>166</name></wpt><wpt lat="34.7539998" lon="-118.3291967"><name>167</name></wpt><wpt lat="34.7540078" lon="-118.3292044"><name>168</name></wpt><wpt lat="34.7540119" lon="-118.3292125"><name>169</name></wpt><wpt lat="34.7540133" lon="-118.3292204"><name>170</name></wpt><wpt lat="34.7540124" lon="-118.3292282"><name>171</name></wpt><wpt lat="34.7540102" lon="-118.3292356"><name>172</name></wpt><wpt lat="34.7540075" lon="-118.3292435"><name>173</name></wpt><wpt lat="34.754004" lon="-118.3292519"><name>174</name></wpt><wpt lat="34.7539997" lon="-118.3292606"><name>175</name></wpt><wpt lat="34.7539949" lon="-118.3292696"><name>176</name></wpt><wpt lat="34.7539899" lon="-118.3292791"><name>177</name></wpt><wpt lat="34.753985" lon="-118.329289"><name>178</name></wpt><wpt lat="34.7539795" lon="-118.329299"><name>179</name></wpt><wpt lat="34.7539732" lon="-118.3293093"><name>180</name></wpt><wpt lat="34.7539668" lon="-118.3293195"><name>181</name></wpt><wpt lat="34.7539603" lon="-118.3293292"><name>182</name></wpt><wpt lat="34.7539535" lon="-118.3293383"><name>183</name></wpt><wpt lat="34.7539467" lon="-118.3293465"><name>184</name></wpt><wpt lat="34.7539401" lon="-118.3293535"><name>185</name></wpt><wpt lat="34.7539334" lon="-118.3293597"><name>186</name></wpt><wpt lat="34.7539271" lon="-118.3293654"><name>187</name></wpt><wpt lat="34.7539206" lon="-118.3293704"><name>188</name></wpt><wpt lat="34.753914" lon="-118.3293748"><name>189</name></wpt><wpt lat="34.7539074" lon="-118.3293791"><name>190</name></wpt><wpt lat="34.7539007" lon="-118.3293834"><name>191</name></wpt><wpt lat="34.753894" lon="-118.3293876"><name>192</name></wpt><wpt lat="34.7538877" lon="-118.3293919"><name>193</name></wpt><wpt lat="34.7538819" lon="-118.3293962"><name>194</name></wpt><wpt lat="34.7538769" lon="-118.3294007"><name>195</name></wpt><wpt lat="34.7538728" lon="-118.3294052"><name>196</name></wpt><wpt lat="34.7538694" lon="-118.3294096"><name>197</name></wpt><wpt lat="34.7538666" lon="-118.3294136"><name>198</name></wpt><wpt lat="34.7538641" lon="-118.3294167"><name>199</name></wpt><wpt lat="34.7538616" lon="-118.3294187"><name>200</name></wpt><wpt lat="34.7538583" lon="-118.3294196"><name>201</name></wpt><wpt lat="34.7538499" lon="-118.3294194"><name>202</name></wpt><wpt lat="34.7538455" lon="-118.3294191"><name>203</name></wpt><wpt lat="34.7538404" lon="-118.3294188"><name>204</name></wpt><wpt lat="34.7538352" lon="-118.3294185"><name>205</name></wpt><wpt lat="34.7538299" lon="-118.3294182"><name>206</name></wpt><wpt lat="34.7538247" lon="-118.329418"><name>207</name></wpt><wpt lat="34.753819" lon="-118.3294175"><name>208</name></wpt><wpt lat="34.7538132" lon="-118.3294164"><name>209</name></wpt><wpt lat="34.7538075" lon="-118.3294151"><name>210</name></wpt><wpt lat="34.7538016" lon="-118.3294136"><name>211</name></wpt><wpt lat="34.7537952" lon="-118.3294117"><name>212</name></wpt><wpt lat="34.7537878" lon="-118.3294096"><name>213</name></wpt><wpt lat="34.7537805" lon="-118.3294085"><name>214</name></wpt><wpt lat="34.753774" lon="-118.3294087"><name>215</name></wpt><wpt lat="34.7537676" lon="-118.3294101"><name>216</name></wpt><wpt lat="34.7537617" lon="-118.3294127"><name>217</name></wpt><wpt lat="34.7537565" lon="-118.3294158"><name>218</name></wpt><wpt lat="34.7537512" lon="-118.3294194"><name>219</name></wpt><wpt lat="34.7537459" lon="-118.3294231"><name>220</name></wpt><wpt lat="34.7537404" lon="-118.3294265"><name>221</name></wpt><wpt lat="34.7537345" lon="-118.3294299"><name>222</name></wpt><wpt lat="34.7537282" lon="-118.3294338"><name>223</name></wpt><wpt lat="34.7537229" lon="-118.3294385"><name>224</name></wpt><wpt lat="34.753718" lon="-118.3294439"><name>225</name></wpt><wpt lat="34.7537134" lon="-118.3294498"><name>226</name></wpt><wpt lat="34.7537094" lon="-118.3294567"><name>227</name></wpt><wpt lat="34.753706" lon="-118.3294645"><name>228</name></wpt><wpt lat="34.7537041" lon="-118.3294732"><name>229</name></wpt><wpt lat="34.7537024" lon="-118.3294821"><name>230</name></wpt><wpt lat="34.7537004" lon="-118.3294908"><name>231</name></wpt><wpt lat="34.753698" lon="-118.3294989"><name>232</name></wpt><wpt lat="34.7536938" lon="-118.3295056"><name>233</name></wpt><wpt lat="34.7536886" lon="-118.3295119"><name>234</name></wpt><wpt lat="34.7536834" lon="-118.3295192"><name>235</name></wpt><wpt lat="34.7536779" lon="-118.3295272"><name>236</name></wpt><wpt lat="34.7536718" lon="-118.3295354"><name>237</name></wpt><wpt lat="34.7536652" lon="-118.329544"><name>238</name></wpt><wpt lat="34.7536589" lon="-118.3295535"><name>239</name></wpt><wpt lat="34.7536529" lon="-118.3295635"><name>240</name></wpt><wpt lat="34.7536486" lon="-118.3295743"><name>241</name></wpt><wpt lat="34.7536468" lon="-118.329586"><name>242</name></wpt><wpt lat="34.7536454" lon="-118.3295975"><name>243</name></wpt><wpt lat="34.7536472" lon="-118.3296198"><name>244</name></wpt><wpt lat="34.7536487" lon="-118.3296301"><name>245</name></wpt><wpt lat="34.7536507" lon="-118.3296397"><name>246</name></wpt><wpt lat="34.7536525" lon="-118.3296491"><name>247</name></wpt><wpt lat="34.7536538" lon="-118.3296587"><name>248</name></wpt><wpt lat="34.7536556" lon="-118.3296689"><name>249</name></wpt><wpt lat="34.7536569" lon="-118.3296794"><name>250</name></wpt><wpt lat="34.7536582" lon="-118.3296902"><name>251</name></wpt><wpt lat="34.7536591" lon="-118.3297012"><name>252</name></wpt><wpt lat="34.7536588" lon="-118.3297123"><name>253</name></wpt><wpt lat="34.7536577" lon="-118.3297239"><name>254</name></wpt><wpt lat="34.7536564" lon="-118.3297361"><name>255</name></wpt><wpt lat="34.7536541" lon="-118.3297488"><name>256</name></wpt><wpt lat="34.7536517" lon="-118.329762"><name>257</name></wpt><wpt lat="34.7536492" lon="-118.3297753"><name>258</name></wpt><wpt lat="34.7536464" lon="-118.3297887"><name>259</name></wpt><wpt lat="34.7536438" lon="-118.3298023"><name>260</name></wpt><wpt lat="34.7536412" lon="-118.3298164"><name>261</name></wpt><wpt lat="34.7536384" lon="-118.3298306"><name>262</name></wpt><wpt lat="34.7536351" lon="-118.3298446"><name>263</name></wpt><wpt lat="34.7536324" lon="-118.3298587"><name>264</name></wpt><wpt lat="34.7536305" lon="-118.3298728"><name>265</name></wpt><wpt lat="34.753629" lon="-118.3298862"><name>266</name></wpt><wpt lat="34.7536273" lon="-118.3298989"><name>267</name></wpt><wpt lat="34.7536265" lon="-118.3299114"><name>268</name></wpt><wpt lat="34.7536264" lon="-118.3299239"><name>269</name></wpt><wpt lat="34.7536259" lon="-118.3299364"><name>270</name></wpt><wpt lat="34.7536253" lon="-118.3299488"><name>271</name></wpt><wpt lat="34.7536242" lon="-118.3299611"><name>272</name></wpt><wpt lat="34.7536231" lon="-118.3299734"><name>273</name></wpt><wpt lat="34.753622" lon="-118.329985"><name>274</name></wpt><wpt lat="34.7536205" lon="-118.3299957"><name>275</name></wpt><wpt lat="34.7536188" lon="-118.330006"><name>276</name></wpt><wpt lat="34.7536168" lon="-118.3300157"><name>277</name></wpt><wpt lat="34.7536147" lon="-118.3300253"><name>278</name></wpt><wpt lat="34.7536126" lon="-118.330035"><name>279</name></wpt><wpt lat="34.7536105" lon="-118.330045"><name>280</name></wpt><wpt lat="34.7536087" lon="-118.3300553"><name>281</name></wpt><wpt lat="34.7536073" lon="-118.3300658"><name>282</name></wpt><wpt lat="34.7536055" lon="-118.3300761"><name>283</name></wpt><wpt lat="34.7536041" lon="-118.3300865"><name>284</name></wpt><wpt lat="34.7536031" lon="-118.3300975"><name>285</name></wpt><wpt lat="34.7536027" lon="-118.3301086"><name>286</name></wpt><wpt lat="34.7536032" lon="-118.3301314"><name>287</name></wpt><wpt lat="34.7536049" lon="-118.3301436"><name>288</name></wpt><wpt lat="34.7536081" lon="-118.3301564"><name>289</name></wpt><wpt lat="34.7536134" lon="-118.3301699"><name>290</name></wpt><wpt lat="34.7536204" lon="-118.3301838"><name>291</name></wpt><wpt lat="34.7536277" lon="-118.3301974"><name>292</name></wpt><wpt lat="34.7536361" lon="-118.3302101"><name>293</name></wpt><wpt lat="34.7536453" lon="-118.3302218"><name>294</name></wpt><wpt lat="34.7536551" lon="-118.3302326"><name>295</name></wpt><wpt lat="34.7536649" lon="-118.3302427"><name>296</name></wpt><wpt lat="34.7536739" lon="-118.3302521"><name>297</name></wpt><wpt lat="34.7536816" lon="-118.3302605"><name>298</name></wpt><wpt lat="34.7536876" lon="-118.3302682"><name>299</name></wpt><wpt lat="34.7536922" lon="-118.3302759"><name>300</name></wpt><wpt lat="34.7536967" lon="-118.3302843"><name>301</name></wpt><wpt lat="34.7537012" lon="-118.3302931"><name>302</name></wpt><wpt lat="34.7537052" lon="-118.3303023"><name>303</name></wpt><wpt lat="34.7537089" lon="-118.3303119"><name>304</name></wpt><wpt lat="34.7537126" lon="-118.3303218"><name>305</name></wpt><wpt lat="34.7537152" lon="-118.3303322"><name>306</name></wpt><wpt lat="34.7537166" lon="-118.3303427"><name>307</name></wpt><wpt lat="34.753717" lon="-118.330353"><name>308</name></wpt><wpt lat="34.7537163" lon="-118.3303629"><name>309</name></wpt><wpt lat="34.7537155" lon="-118.3303731"><name>310</name></wpt><wpt lat="34.7537147" lon="-118.3303835"><name>311</name></wpt><wpt lat="34.7537138" lon="-118.330394"><name>312</name></wpt><wpt lat="34.753713" lon="-118.3304047"><name>313</name></wpt><wpt lat="34.753712" lon="-118.3304155"><name>314</name></wpt><wpt lat="34.7537111" lon="-118.3304265"><name>315</name></wpt><wpt lat="34.7537103" lon="-118.3304377"><name>316</name></wpt><wpt lat="34.7537095" lon="-118.3304485"><name>317</name></wpt><wpt lat="34.753708" lon="-118.330459"><name>318</name></wpt><wpt lat="34.7537063" lon="-118.3304694"><name>319</name></wpt><wpt lat="34.7537043" lon="-118.3304796"><name>320</name></wpt><wpt lat="34.7537019" lon="-118.3304898"><name>321</name></wpt><wpt lat="34.7536994" lon="-118.3305"><name>322</name></wpt><wpt lat="34.7536967" lon="-118.3305102"><name>323</name></wpt><wpt lat="34.7536949" lon="-118.3305204"><name>324</name></wpt><wpt lat="34.7536936" lon="-118.3305306"><name>325</name></wpt><wpt lat="34.7536921" lon="-118.3305407"><name>326</name></wpt><wpt lat="34.7536903" lon="-118.3305509"><name>327</name></wpt><wpt lat="34.7536876" lon="-118.3305613"><name>328</name></wpt><wpt lat="34.7536839" lon="-118.3305722"><name>329</name></wpt><wpt lat="34.7536799" lon="-118.330583"><name>330</name></wpt><wpt lat="34.7536752" lon="-118.3305941"><name>331</name></wpt><wpt lat="34.7536697" lon="-118.3306052"><name>332</name></wpt><wpt lat="34.7536642" lon="-118.3306165"><name>333</name></wpt><wpt lat="34.7536588" lon="-118.3306285"><name>334</name></wpt><wpt lat="34.7536535" lon="-118.3306409"><name>335</name></wpt><wpt lat="34.7536486" lon="-118.3306536"><name>336</name></wpt><wpt lat="34.7536442" lon="-118.3306669"><name>337</name></wpt><wpt lat="34.753641" lon="-118.3306805"><name>338</name></wpt><wpt lat="34.7536388" lon="-118.3306936"><name>339</name></wpt><wpt lat="34.7536375" lon="-118.3307063"><name>340</name></wpt><wpt lat="34.7536366" lon="-118.3307188"><name>341</name></wpt><wpt lat="34.7536355" lon="-118.3307308"><name>342</name></wpt><wpt lat="34.7536346" lon="-118.3307425"><name>343</name></wpt><wpt lat="34.7536337" lon="-118.3307541"><name>344</name></wpt><wpt lat="34.7536329" lon="-118.3307655"><name>345</name></wpt><wpt lat="34.7536316" lon="-118.3307769"><name>346</name></wpt><wpt lat="34.75363" lon="-118.3307882"><name>347</name></wpt><wpt lat="34.753628" lon="-118.3307999"><name>348</name></wpt><wpt lat="34.7536259" lon="-118.330812"><name>349</name></wpt><wpt lat="34.7536232" lon="-118.3308242"><name>350</name></wpt><wpt lat="34.7536203" lon="-118.3308366"><name>351</name></wpt><wpt lat="34.7536175" lon="-118.3308492"><name>352</name></wpt><wpt lat="34.7536141" lon="-118.3308614"><name>353</name></wpt><wpt lat="34.7536106" lon="-118.3308736"><name>354</name></wpt><wpt lat="34.753607" lon="-118.3308857"><name>355</name></wpt><wpt lat="34.753603" lon="-118.3308975"><name>356</name></wpt><wpt lat="34.7535987" lon="-118.3309093"><name>357</name></wpt><wpt lat="34.753594" lon="-118.3309211"><name>358</name></wpt><wpt lat="34.7535897" lon="-118.3309329"><name>359</name></wpt><wpt lat="34.7535858" lon="-118.3309446"><name>360</name></wpt><wpt lat="34.7535822" lon="-118.3309562"><name>361</name></wpt><wpt lat="34.7535796" lon="-118.3309688"><name>362</name></wpt><wpt lat="34.7535782" lon="-118.3309818"><name>363</name></wpt><wpt lat="34.7535793" lon="-118.3310067"><name>364</name></wpt><wpt lat="34.7535808" lon="-118.3310187"><name>365</name></wpt><wpt lat="34.7535825" lon="-118.3310305"><name>366</name></wpt><wpt lat="34.7535838" lon="-118.331042"><name>367</name></wpt><wpt lat="34.7535844" lon="-118.3310541"><name>368</name></wpt><wpt lat="34.7535847" lon="-118.3310668"><name>369</name></wpt><wpt lat="34.7535848" lon="-118.3310795"><name>370</name></wpt><wpt lat="34.7535844" lon="-118.3310922"><name>371</name></wpt><wpt lat="34.7535842" lon="-118.3311049"><name>372</name></wpt><wpt lat="34.7535846" lon="-118.3311178"><name>373</name></wpt><wpt lat="34.7535841" lon="-118.3311436"><name>374</name></wpt><wpt lat="34.7535833" lon="-118.3311568"><name>375</name></wpt><wpt lat="34.7535822" lon="-118.3311701"><name>376</name></wpt><wpt lat="34.7535803" lon="-118.3311833"><name>377</name></wpt><wpt lat="34.7535782" lon="-118.3311967"><name>378</name></wpt><wpt lat="34.7535754" lon="-118.3312099"><name>379</name></wpt><wpt lat="34.7535723" lon="-118.3312222"><name>380</name></wpt><wpt lat="34.75357" lon="-118.3312332"><name>381</name></wpt><wpt lat="34.7535686" lon="-118.3312431"><name>382</name></wpt><wpt lat="34.7535666" lon="-118.3312518"><name>383</name></wpt><wpt lat="34.7535647" lon="-118.33126"><name>384</name></wpt><wpt lat="34.7535628" lon="-118.3312688"><name>385</name></wpt><wpt lat="34.7535609" lon="-118.3312786"><name>386</name></wpt><wpt lat="34.7535593" lon="-118.331289"><name>387</name></wpt><wpt lat="34.7535575" lon="-118.3312996"><name>388</name></wpt><wpt lat="34.7535552" lon="-118.3313104"><name>389</name></wpt><wpt lat="34.7535527" lon="-118.3313214"><name>390</name></wpt><wpt lat="34.7535504" lon="-118.3313325"><name>391</name></wpt><wpt lat="34.7535482" lon="-118.3313435"><name>392</name></wpt><wpt lat="34.7535463" lon="-118.331355"><name>393</name></wpt><wpt lat="34.7535444" lon="-118.3313668"><name>394</name></wpt><wpt lat="34.7535425" lon="-118.3313789"><name>395</name></wpt><wpt lat="34.7535411" lon="-118.3313914"><name>396</name></wpt><wpt lat="34.7535398" lon="-118.3314036"><name>397</name></wpt><wpt lat="34.7535384" lon="-118.3314157"><name>398</name></wpt><wpt lat="34.7535372" lon="-118.3314274"><name>399</name></wpt><wpt lat="34.7535363" lon="-118.3314385"><name>400</name></wpt><wpt lat="34.7535352" lon="-118.3314494"><name>401</name></wpt><wpt lat="34.7535345" lon="-118.3314602"><name>402</name></wpt><wpt lat="34.7535341" lon="-118.3314704"><name>403</name></wpt><wpt lat="34.7535332" lon="-118.3314807"><name>404</name></wpt><wpt lat="34.7535319" lon="-118.3314915"><name>405</name></wpt><wpt lat="34.7535299" lon="-118.3315033"><name>406</name></wpt><wpt lat="34.753527" lon="-118.3315165"><name>407</name></wpt><wpt lat="34.7535239" lon="-118.3315308"><name>408</name></wpt><wpt lat="34.7535205" lon="-118.3315454"><name>409</name></wpt><wpt lat="34.7535167" lon="-118.3315604"><name>410</name></wpt><wpt lat="34.7535123" lon="-118.3315751"><name>411</name></wpt><wpt lat="34.7535075" lon="-118.3315887"><name>412</name></wpt><wpt lat="34.7535028" lon="-118.3316005"><name>413</name></wpt><wpt lat="34.7534986" lon="-118.3316099"><name>414</name></wpt><wpt lat="34.7534951" lon="-118.3316175"><name>415</name></wpt><wpt lat="34.7534913" lon="-118.3316241"><name>416</name></wpt><wpt lat="34.7534867" lon="-118.3316309"><name>417</name></wpt><wpt lat="34.7534819" lon="-118.331638"><name>418</name></wpt><wpt lat="34.7534769" lon="-118.3316444"><name>419</name></wpt><wpt lat="34.7534717" lon="-118.3316502"><name>420</name></wpt><wpt lat="34.7534665" lon="-118.3316557"><name>421</name></wpt><wpt lat="34.753462" lon="-118.3316608"><name>422</name></wpt><wpt lat="34.753458" lon="-118.331666"><name>423</name></wpt><wpt lat="34.7534536" lon="-118.3316714"><name>424</name></wpt><wpt lat="34.7534482" lon="-118.3316766"><name>425</name></wpt><wpt lat="34.7534425" lon="-118.3316819"><name>426</name></wpt><wpt lat="34.7534368" lon="-118.3316869"><name>427</name></wpt><wpt lat="34.7534308" lon="-118.3316912"><name>428</name></wpt><wpt lat="34.7534245" lon="-118.3316946"><name>429</name></wpt><wpt lat="34.7534181" lon="-118.3316973"><name>430</name></wpt><wpt lat="34.7534113" lon="-118.3317001"><name>431</name></wpt><wpt lat="34.7534036" lon="-118.3317034"><name>432</name></wpt><wpt lat="34.753395" lon="-118.3317069"><name>433</name></wpt><wpt lat="34.7533855" lon="-118.3317107"><name>434</name></wpt><wpt lat="34.7533751" lon="-118.3317145"><name>435</name></wpt><wpt lat="34.7533636" lon="-118.331718"><name>436</name></wpt><wpt lat="34.7533516" lon="-118.3317214"><name>437</name></wpt><wpt lat="34.75334" lon="-118.3317255"><name>438</name></wpt><wpt lat="34.7533288" lon="-118.3317305"><name>439</name></wpt><wpt lat="34.7533179" lon="-118.3317368"><name>440</name></wpt><wpt lat="34.7533079" lon="-118.331744"><name>441</name></wpt><wpt lat="34.7532995" lon="-118.3317523"><name>442</name></wpt><wpt lat="34.7532935" lon="-118.3317617"><name>443</name></wpt><wpt lat="34.7532888" lon="-118.3317716"><name>444</name></wpt><wpt lat="34.7532849" lon="-118.3317819"><name>445</name></wpt><wpt lat="34.7532825" lon="-118.3317923"><name>446</name></wpt><wpt lat="34.7532829" lon="-118.3318029"><name>447</name></wpt><wpt lat="34.7532845" lon="-118.3318133"><name>448</name></wpt><wpt lat="34.7532873" lon="-118.3318235"><name>449</name></wpt><wpt lat="34.7532909" lon="-118.3318337"><name>450</name></wpt><wpt lat="34.7532947" lon="-118.3318444"><name>451</name></wpt><wpt lat="34.7532991" lon="-118.3318558"><name>452</name></wpt><wpt lat="34.7533037" lon="-118.3318676"><name>453</name></wpt><wpt lat="34.753308" lon="-118.33188"><name>454</name></wpt><wpt lat="34.7533115" lon="-118.3318927"><name>455</name></wpt><wpt lat="34.7533143" lon="-118.3319052"><name>456</name></wpt><wpt lat="34.7533167" lon="-118.3319176"><name>457</name></wpt><wpt lat="34.7533187" lon="-118.3319299"><name>458</name></wpt><wpt lat="34.7533199" lon="-118.3319422"><name>459</name></wpt><wpt lat="34.7533204" lon="-118.3319546"><name>460</name></wpt><wpt lat="34.7533209" lon="-118.3319673"><name>461</name></wpt><wpt lat="34.7533212" lon="-118.3319804"><name>462</name></wpt><wpt lat="34.7533206" lon="-118.3319935"><name>463</name></wpt><wpt lat="34.7533197" lon="-118.3320063"><name>464</name></wpt><wpt lat="34.7533185" lon="-118.3320189"><name>465</name></wpt><wpt lat="34.7533166" lon="-118.3320314"><name>466</name></wpt><wpt lat="34.7533144" lon="-118.3320438"><name>467</name></wpt><wpt lat="34.7533117" lon="-118.3320565"><name>468</name></wpt><wpt lat="34.7533092" lon="-118.3320693"><name>469</name></wpt><wpt lat="34.7533073" lon="-118.3320822"><name>470</name></wpt><wpt lat="34.7533058" lon="-118.3320946"><name>471</name></wpt><wpt lat="34.7533048" lon="-118.3321063"><name>472</name></wpt><wpt lat="34.7533038" lon="-118.3321174"><name>473</name></wpt><wpt lat="34.7533027" lon="-118.3321284"><name>474</name></wpt><wpt lat="34.7533012" lon="-118.3321395"><name>475</name></wpt><wpt lat="34.7533" lon="-118.3321507"><name>476</name></wpt><wpt lat="34.7532992" lon="-118.3321625"><name>477</name></wpt><wpt lat="34.7532989" lon="-118.3321744"><name>478</name></wpt><wpt lat="34.7532997" lon="-118.3321867"><name>479</name></wpt><wpt lat="34.7533011" lon="-118.3321994"><name>480</name></wpt><wpt lat="34.7533036" lon="-118.3322129"><name>481</name></wpt><wpt lat="34.7533072" lon="-118.3322269"><name>482</name></wpt><wpt lat="34.753311" lon="-118.3322409"><name>483</name></wpt><wpt lat="34.7533157" lon="-118.3322547"><name>484</name></wpt><wpt lat="34.7533217" lon="-118.332268"><name>485</name></wpt><wpt lat="34.7533283" lon="-118.3322801"><name>486</name></wpt><wpt lat="34.753335" lon="-118.3322917"><name>487</name></wpt><wpt lat="34.7533415" lon="-118.3323032"><name>488</name></wpt><wpt lat="34.7533476" lon="-118.3323146"><name>489</name></wpt><wpt lat="34.7533529" lon="-118.3323261"><name>490</name></wpt><wpt lat="34.7533572" lon="-118.3323375"><name>491</name></wpt><wpt lat="34.7533594" lon="-118.3323486"><name>492</name></wpt><wpt lat="34.7533592" lon="-118.3323591"><name>493</name></wpt><wpt lat="34.7533561" lon="-118.3323683"><name>494</name></wpt><wpt lat="34.7533502" lon="-118.3323759"><name>495</name></wpt><wpt lat="34.7533418" lon="-118.3323821"><name>496</name></wpt><wpt lat="34.7533302" lon="-118.3323863"><name>497</name></wpt><wpt lat="34.7533151" lon="-118.3323877"><name>498</name></wpt><wpt lat="34.753297" lon="-118.3323857"><name>499</name></wpt><wpt lat="34.753276" lon="-118.3323796"><name>500</name></wpt><wpt lat="34.7532531" lon="-118.3323702"><name>501</name></wpt><wpt lat="34.753229" lon="-118.3323591"><name>502</name></wpt><wpt lat="34.7532033" lon="-118.3323449"><name>503</name></wpt><wpt lat="34.7531759" lon="-118.3323259"><name>504</name></wpt><wpt lat="34.7531474" lon="-118.3323015"><name>505</name></wpt><wpt lat="34.7531183" lon="-118.3322715"><name>506</name></wpt><wpt lat="34.7530891" lon="-118.3322366"><name>507</name></wpt><wpt lat="34.7530604" lon="-118.3321971"><name>508</name></wpt><wpt lat="34.753032" lon="-118.3321533"><name>509</name></wpt><wpt lat="34.7530043" lon="-118.3321057"><name>510</name></wpt><wpt lat="34.7529779" lon="-118.3320537"><name>511</name></wpt><wpt lat="34.7529534" lon="-118.3319976"><name>512</name></wpt><wpt lat="34.7529318" lon="-118.3319373"><name>513</name></wpt><wpt lat="34.7529136" lon="-118.3318732"><name>514</name></wpt><wpt lat="34.7528973" lon="-118.3318075"><name>515</name></wpt><wpt lat="34.7528827" lon="-118.3317406"><name>516</name></wpt><wpt lat="34.752869" lon="-118.3316732"><name>517</name></wpt><wpt lat="34.7528552" lon="-118.331606"><name>518</name></wpt><wpt lat="34.7528416" lon="-118.3315385"><name>519</name></wpt><wpt lat="34.7528287" lon="-118.3314701"><name>520</name></wpt><wpt lat="34.7528163" lon="-118.3314007"><name>521</name></wpt><wpt lat="34.7528036" lon="-118.3313308"><name>522</name></wpt><wpt lat="34.7527907" lon="-118.3312608"><name>523</name></wpt><wpt lat="34.7527777" lon="-118.3311907"><name>524</name></wpt><wpt lat="34.7527645" lon="-118.331121"><name>525</name></wpt><wpt lat="34.752751" lon="-118.3310517"><name>526</name></wpt><wpt lat="34.7527378" lon="-118.3309828"><name>527</name></wpt><wpt lat="34.7527246" lon="-118.3309149"><name>528</name></wpt><wpt lat="34.7527113" lon="-118.3308482"><name>529</name></wpt><wpt lat="34.7526983" lon="-118.330782"><name>530</name></wpt><wpt lat="34.7526857" lon="-118.3307154"><name>531</name></wpt><wpt lat="34.7526732" lon="-118.330648"><name>532</name></wpt><wpt lat="34.7526612" lon="-118.3305795"><name>533</name></wpt><wpt lat="34.7526514" lon="-118.3305095"><name>534</name></wpt><wpt lat="34.7526441" lon="-118.3304382"><name>535</name></wpt><wpt lat="34.7526397" lon="-118.3303659"><name>536</name></wpt><wpt lat="34.752638" lon="-118.3302929"><name>537</name></wpt><wpt lat="34.7526389" lon="-118.3302192"><name>538</name></wpt><wpt lat="34.752643" lon="-118.3301453"><name>539</name></wpt><wpt lat="34.7526507" lon="-118.3300716"><name>540</name></wpt><wpt lat="34.7526633" lon="-118.329999"><name>541</name></wpt><wpt lat="34.7526802" lon="-118.3299285"><name>542</name></wpt><wpt lat="34.7527007" lon="-118.3298607"><name>543</name></wpt><wpt lat="34.7527242" lon="-118.3297951"><name>544</name></wpt><wpt lat="34.7527503" lon="-118.3297317"><name>545</name></wpt><wpt lat="34.7527796" lon="-118.3296714"><name>546</name></wpt><wpt lat="34.7528113" lon="-118.329614"><name>547</name></wpt><wpt lat="34.7528452" lon="-118.3295593"><name>548</name></wpt><wpt lat="34.7528813" lon="-118.3295091"><name>549</name></wpt><wpt lat="34.7529196" lon="-118.3294656"><name>550</name></wpt><wpt lat="34.7529591" lon="-118.3294281"><name>551</name></wpt><wpt lat="34.7529991" lon="-118.3293934"><name>552</name></wpt><wpt lat="34.7530398" lon="-118.3293605"><name>553</name></wpt><wpt lat="34.7530809" lon="-118.3293298"><name>554</name></wpt><wpt lat="34.7531219" lon="-118.3293017"><name>555</name></wpt><wpt lat="34.7531624" lon="-118.3292769"><name>556</name></wpt><wpt lat="34.7532021" lon="-118.3292552"><name>557</name></wpt><wpt lat="34.753241" lon="-118.3292355"><name>558</name></wpt><wpt lat="34.753279" lon="-118.3292182"><name>559</name></wpt><wpt lat="34.7533158" lon="-118.3292039"><name>560</name></wpt><wpt lat="34.753351" lon="-118.329193"><name>561</name></wpt><wpt lat="34.7533843" lon="-118.3291858"><name>562</name></wpt><wpt lat="34.7534154" lon="-118.3291822"><name>563</name></wpt><wpt lat="34.7534435" lon="-118.3291821"><name>564</name></wpt><wpt lat="34.7534696" lon="-118.3291841"><name>565</name></wpt><wpt lat="34.7534941" lon="-118.3291879"><name>566</name></wpt><wpt lat="34.7535165" lon="-118.3291939"><name>567</name></wpt><wpt lat="34.7535366" lon="-118.3292018"><name>568</name></wpt><wpt lat="34.7535541" lon="-118.3292116"><name>569</name></wpt><wpt lat="34.7535688" lon="-118.3292228"><name>570</name></wpt><wpt lat="34.7535802" lon="-118.3292352"><name>571</name></wpt><wpt lat="34.753589" lon="-118.3292482"><name>572</name></wpt><wpt lat="34.7535957" lon="-118.3292616"><name>573</name></wpt><wpt lat="34.7536015" lon="-118.3292755"><name>574</name></wpt><wpt lat="34.7536071" lon="-118.3292897"><name>575</name></wpt><wpt lat="34.7536117" lon="-118.3293042"><name>576</name></wpt><wpt lat="34.7536153" lon="-118.329319"><name>577</name></wpt><wpt lat="34.7536175" lon="-118.329334"><name>578</name></wpt><wpt lat="34.7536182" lon="-118.329349"><name>579</name></wpt><wpt lat="34.7536186" lon="-118.3293639"><name>580</name></wpt><wpt lat="34.7536182" lon="-118.3293935"><name>581</name></wpt><wpt lat="34.7536174" lon="-118.3294078"><name>582</name></wpt><wpt lat="34.7536163" lon="-118.3294218"><name>583</name></wpt><wpt lat="34.7536151" lon="-118.3294355"><name>584</name></wpt><wpt lat="34.7536137" lon="-118.3294488"><name>585</name></wpt><wpt lat="34.753612" lon="-118.3294621"><name>586</name></wpt><wpt lat="34.75361" lon="-118.3294752"><name>587</name></wpt><wpt lat="34.7536078" lon="-118.3294878"><name>588</name></wpt><wpt lat="34.7536059" lon="-118.3295006"><name>589</name></wpt><wpt lat="34.7536042" lon="-118.3295134"><name>590</name></wpt><wpt lat="34.7536027" lon="-118.3295259"><name>591</name></wpt><wpt lat="34.7536017" lon="-118.3295384"><name>592</name></wpt><wpt lat="34.7536018" lon="-118.329551"><name>593</name></wpt><wpt lat="34.7536022" lon="-118.3295636"><name>594</name></wpt><wpt lat="34.7536021" lon="-118.3295762"><name>595</name></wpt><wpt lat="34.7536023" lon="-118.3295889"><name>596</name></wpt><wpt lat="34.7536028" lon="-118.3296012"><name>597</name></wpt><wpt lat="34.7536029" lon="-118.329613"><name>598</name></wpt><wpt lat="34.7536019" lon="-118.3296238"><name>599</name></wpt><wpt lat="34.7536004" lon="-118.3296344"><name>600</name></wpt><wpt lat="34.7535989" lon="-118.3296454"><name>601</name></wpt><wpt lat="34.7535972" lon="-118.3296566"><name>602</name></wpt><wpt lat="34.753596" lon="-118.3296684"><name>603</name></wpt><wpt lat="34.7535945" lon="-118.3296803"><name>604</name></wpt><wpt lat="34.7535926" lon="-118.3296923"><name>605</name></wpt><wpt lat="34.7535915" lon="-118.3297046"><name>606</name></wpt><wpt lat="34.7535918" lon="-118.3297173"><name>607</name></wpt><wpt lat="34.7535922" lon="-118.32973"><name>608</name></wpt><wpt lat="34.753592" lon="-118.3297423"><name>609</name></wpt><wpt lat="34.7535922" lon="-118.329755"><name>610</name></wpt><wpt lat="34.7535942" lon="-118.3297683"><name>611</name></wpt><wpt lat="34.7535973" lon="-118.3297818"><name>612</name></wpt><wpt lat="34.7536004" lon="-118.3297954"><name>613</name></wpt><wpt lat="34.7536035" lon="-118.3298089"><name>614</name></wpt><wpt lat="34.7536063" lon="-118.3298222"><name>615</name></wpt><wpt lat="34.7536083" lon="-118.3298354"><name>616</name></wpt><wpt lat="34.7536098" lon="-118.3298491"><name>617</name></wpt><wpt lat="34.7536111" lon="-118.3298635"><name>618</name></wpt><wpt lat="34.7536122" lon="-118.3298782"><name>619</name></wpt><wpt lat="34.7536131" lon="-118.3298933"><name>620</name></wpt><wpt lat="34.7536144" lon="-118.3299086"><name>621</name></wpt><wpt lat="34.7536165" lon="-118.3299242"><name>622</name></wpt><wpt lat="34.7536189" lon="-118.3299401"><name>623</name></wpt><wpt lat="34.7536219" lon="-118.3299563"><name>624</name></wpt><wpt lat="34.7536259" lon="-118.3299729"><name>625</name></wpt><wpt lat="34.7536315" lon="-118.3299895"><name>626</name></wpt><wpt lat="34.7536388" lon="-118.3300061"><name>627</name></wpt><wpt lat="34.753647" lon="-118.3300223"><name>628</name></wpt><wpt lat="34.7536554" lon="-118.3300381"><name>629</name></wpt><wpt lat="34.7536634" lon="-118.3300535"><name>630</name></wpt><wpt lat="34.7536714" lon="-118.3300686"><name>631</name></wpt><wpt lat="34.7536791" lon="-118.3300836"><name>632</name></wpt><wpt lat="34.7536859" lon="-118.3300985"><name>633</name></wpt><wpt lat="34.7536914" lon="-118.3301135"><name>634</name></wpt><wpt lat="34.7536954" lon="-118.3301287"><name>635</name></wpt><wpt lat="34.7536991" lon="-118.3301444"><name>636</name></wpt><wpt lat="34.7537023" lon="-118.3301603"><name>637</name></wpt><wpt lat="34.7537047" lon="-118.3301764"><name>638</name></wpt><wpt lat="34.753707" lon="-118.3301929"><name>639</name></wpt><wpt lat="34.753709" lon="-118.3302095"><name>640</name></wpt><wpt lat="34.7537102" lon="-118.330226"><name>641</name></wpt><wpt lat="34.753711" lon="-118.3302424"><name>642</name></wpt><wpt lat="34.7537117" lon="-118.3302586"><name>643</name></wpt><wpt lat="34.753712" lon="-118.3302747"><name>644</name></wpt><wpt lat="34.7537119" lon="-118.3302908"><name>645</name></wpt><wpt lat="34.7537112" lon="-118.330307"><name>646</name></wpt><wpt lat="34.7537098" lon="-118.3303234"><name>647</name></wpt><wpt lat="34.7537079" lon="-118.3303396"><name>648</name></wpt><wpt lat="34.7537055" lon="-118.3303556"><name>649</name></wpt><wpt lat="34.753703" lon="-118.3303719"><name>650</name></wpt><wpt lat="34.7536997" lon="-118.3303887"><name>651</name></wpt><wpt lat="34.7536958" lon="-118.3304058"><name>652</name></wpt><wpt lat="34.7536916" lon="-118.3304231"><name>653</name></wpt><wpt lat="34.7536875" lon="-118.3304401"><name>654</name></wpt><wpt lat="34.7536837" lon="-118.3304567"><name>655</name></wpt><wpt lat="34.7536806" lon="-118.3304732"><name>656</name></wpt><wpt lat="34.7536779" lon="-118.3304894"><name>657</name></wpt><wpt lat="34.7536753" lon="-118.3305048"><name>658</name></wpt><wpt lat="34.7536732" lon="-118.3305195"><name>659</name></wpt><wpt lat="34.7536724" lon="-118.3305337"><name>660</name></wpt><wpt lat="34.7536729" lon="-118.3305473"><name>661</name></wpt><wpt lat="34.7536734" lon="-118.3305603"><name>662</name></wpt><wpt lat="34.7536739" lon="-118.3305732"><name>663</name></wpt><wpt lat="34.7536747" lon="-118.3305859"><name>664</name></wpt><wpt lat="34.7536753" lon="-118.3305983"><name>665</name></wpt><wpt lat="34.753675" lon="-118.3306231"><name>666</name></wpt><wpt lat="34.7536739" lon="-118.3306357"><name>667</name></wpt><wpt lat="34.7536732" lon="-118.3306487"><name>668</name></wpt><wpt lat="34.7536724" lon="-118.3306616"><name>669</name></wpt><wpt lat="34.7536711" lon="-118.330674"><name>670</name></wpt><wpt lat="34.7536697" lon="-118.3306863"><name>671</name></wpt><wpt lat="34.7536675" lon="-118.3306982"><name>672</name></wpt><wpt lat="34.7536648" lon="-118.3307101"><name>673</name></wpt><wpt lat="34.7536617" lon="-118.3307221"><name>674</name></wpt><wpt lat="34.7536582" lon="-118.3307335"><name>675</name></wpt><wpt lat="34.7536546" lon="-118.3307442"><name>676</name></wpt><wpt lat="34.7536525" lon="-118.3307544"><name>677</name></wpt><wpt lat="34.753651" lon="-118.3307642"><name>678</name></wpt><wpt lat="34.7536486" lon="-118.3307736"><name>679</name></wpt><wpt lat="34.7536459" lon="-118.3307829"><name>680</name></wpt><wpt lat="34.7536427" lon="-118.330792"><name>681</name></wpt><wpt lat="34.7536402" lon="-118.3308005"><name>682</name></wpt><wpt lat="34.7536386" lon="-118.3308081"><name>683</name></wpt><wpt lat="34.7536369" lon="-118.3308146"><name>684</name></wpt><wpt lat="34.753635" lon="-118.3308196"><name>685</name></wpt><wpt lat="34.753633" lon="-118.3308241"><name>686</name></wpt><wpt lat="34.7536304" lon="-118.3308284"><name>687</name></wpt><wpt lat="34.7536269" lon="-118.3308327"><name>688</name></wpt><wpt lat="34.7536234" lon="-118.330838"><name>689</name></wpt><wpt lat="34.7536193" lon="-118.3308445"><name>690</name></wpt><wpt lat="34.7536142" lon="-118.3308518"><name>691</name></wpt><wpt lat="34.7536085" lon="-118.3308595"><name>692</name></wpt><wpt lat="34.7536018" lon="-118.3308681"><name>693</name></wpt><wpt lat="34.7535947" lon="-118.3308772"><name>694</name></wpt><wpt lat="34.7535868" lon="-118.3308872"><name>695</name></wpt><wpt lat="34.7535783" lon="-118.3308981"><name>696</name></wpt><wpt lat="34.7535695" lon="-118.3309094"><name>697</name></wpt><wpt lat="34.7535604" lon="-118.330921"><name>698</name></wpt><wpt lat="34.7535519" lon="-118.3309321"><name>699</name></wpt><wpt lat="34.7535438" lon="-118.3309432"><name>700</name></wpt><wpt lat="34.7535351" lon="-118.3309548"><name>701</name></wpt><wpt lat="34.7535266" lon="-118.3309668"><name>702</name></wpt><wpt lat="34.7535188" lon="-118.3309794"><name>703</name></wpt><wpt lat="34.7535103" lon="-118.3309921"><name>704</name></wpt><wpt lat="34.7535012" lon="-118.3310044"><name>705</name></wpt><wpt lat="34.7534925" lon="-118.3310166"><name>706</name></wpt><wpt lat="34.7534835" lon="-118.3310294"><name>707</name></wpt><wpt lat="34.7534741" lon="-118.3310433"><name>708</name></wpt><wpt lat="34.7534649" lon="-118.331058"><name>709</name></wpt><wpt lat="34.753456" lon="-118.3310731"><name>710</name></wpt><wpt lat="34.7534478" lon="-118.3310889"><name>711</name></wpt><wpt lat="34.7534407" lon="-118.3311054"><name>712</name></wpt><wpt lat="34.7534341" lon="-118.331123"><name>713</name></wpt><wpt lat="34.7534288" lon="-118.3311421"><name>714</name></wpt><wpt lat="34.7534247" lon="-118.331162"><name>715</name></wpt><wpt lat="34.7534213" lon="-118.3311821"><name>716</name></wpt><wpt lat="34.7534196" lon="-118.3312028"><name>717</name></wpt><wpt lat="34.753422" lon="-118.3312248"><name>718</name></wpt><wpt lat="34.7534278" lon="-118.3312473"><name>719</name></wpt><wpt lat="34.7534339" lon="-118.3312694"><name>720</name></wpt><wpt lat="34.753439" lon="-118.3312912"><name>721</name></wpt><wpt lat="34.7534439" lon="-118.331312"><name>722</name></wpt><wpt lat="34.7534496" lon="-118.3313321"><name>723</name></wpt><wpt lat="34.7534554" lon="-118.3313519"><name>724</name></wpt><wpt lat="34.7534606" lon="-118.3313715"><name>725</name></wpt><wpt lat="34.7534656" lon="-118.3313907"><name>726</name></wpt><wpt lat="34.7534708" lon="-118.3314088"><name>727</name></wpt><wpt lat="34.7534755" lon="-118.3314276"><name>728</name></wpt><wpt lat="34.75348" lon="-118.331447"><name>729</name></wpt><wpt lat="34.7534858" lon="-118.3314663"><name>730</name></wpt><wpt lat="34.7534917" lon="-118.331486"><name>731</name></wpt><wpt lat="34.7534966" lon="-118.3315054"><name>732</name></wpt><wpt lat="34.7535018" lon="-118.3315247"><name>733</name></wpt><wpt lat="34.7535069" lon="-118.3315449"><name>734</name></wpt><wpt lat="34.7535111" lon="-118.3315651"><name>735</name></wpt><wpt lat="34.7535162" lon="-118.3315849"><name>736</name></wpt><wpt lat="34.7535236" lon="-118.3316047"><name>737</name></wpt><wpt lat="34.7535307" lon="-118.3316242"><name>738</name></wpt><wpt lat="34.7535388" lon="-118.3316439"><name>739</name></wpt><wpt lat="34.7535502" lon="-118.3316641"><name>740</name></wpt><wpt lat="34.7535624" lon="-118.3316836"><name>741</name></wpt><wpt lat="34.7535751" lon="-118.3317016"><name>742</name></wpt><wpt lat="34.7535888" lon="-118.3317186"><name>743</name></wpt><wpt lat="34.7536024" lon="-118.3317345"><name>744</name></wpt><wpt lat="34.753616" lon="-118.3317485"><name>745</name></wpt><wpt lat="34.7536287" lon="-118.3317613"><name>746</name></wpt><wpt lat="34.7536404" lon="-118.3317733"><name>747</name></wpt><wpt lat="34.7536517" lon="-118.3317849"><name>748</name></wpt><wpt lat="34.7536621" lon="-118.3317956"><name>749</name></wpt><wpt lat="34.7536707" lon="-118.3318049"><name>750</name></wpt><wpt lat="34.7536782" lon="-118.3318141"><name>751</name></wpt><wpt lat="34.7536858" lon="-118.3318232"><name>752</name></wpt><wpt lat="34.7536915" lon="-118.3318319"><name>753</name></wpt><wpt lat="34.7536935" lon="-118.3318406"><name>754</name></wpt><wpt lat="34.7536924" lon="-118.3318485"><name>755</name></wpt><wpt lat="34.7536886" lon="-118.331855"><name>756</name></wpt><wpt lat="34.7536836" lon="-118.3318607"><name>757</name></wpt><wpt lat="34.7536781" lon="-118.3318664"><name>758</name></wpt><wpt lat="34.7536728" lon="-118.3318727"><name>759</name></wpt><wpt lat="34.7536675" lon="-118.3318795"><name>760</name></wpt><wpt lat="34.7536612" lon="-118.3318867"><name>761</name></wpt><wpt lat="34.753654" lon="-118.3318938"><name>762</name></wpt><wpt lat="34.753646" lon="-118.3319005"><name>763</name></wpt><wpt lat="34.7536377" lon="-118.3319069"><name>764</name></wpt><wpt lat="34.7536297" lon="-118.3319137"><name>765</name></wpt><wpt lat="34.7536215" lon="-118.3319205"><name>766</name></wpt><wpt lat="34.7536127" lon="-118.3319275"><name>767</name></wpt><wpt lat="34.7536036" lon="-118.3319348"><name>768</name></wpt><wpt lat="34.7535943" lon="-118.3319423"><name>769</name></wpt><wpt lat="34.7535847" lon="-118.3319495"><name>770</name></wpt><wpt lat="34.7535755" lon="-118.3319554"><name>771</name></wpt><wpt lat="34.7535664" lon="-118.33196"><name>772</name></wpt><wpt lat="34.7535574" lon="-118.3319641"><name>773</name></wpt><wpt lat="34.7535488" lon="-118.3319681"><name>774</name></wpt><wpt lat="34.7535399" lon="-118.3319719"><name>775</name></wpt><wpt lat="34.7535315" lon="-118.3319759"><name>776</name></wpt><wpt lat="34.7535241" lon="-118.3319795"><name>777</name></wpt><wpt lat="34.7535179" lon="-118.3319828"><name>778</name></wpt><wpt lat="34.7535126" lon="-118.331986"><name>779</name></wpt><wpt lat="34.7535076" lon="-118.3319887"><name>780</name></wpt><wpt lat="34.7535024" lon="-118.331991"><name>781</name></wpt><wpt lat="34.7534973" lon="-118.3319926"><name>782</name></wpt><wpt lat="34.7534931" lon="-118.3319946"><name>783</name></wpt><wpt lat="34.7534892" lon="-118.331997"><name>784</name></wpt><wpt lat="34.7534845" lon="-118.3319996"><name>785</name></wpt><wpt lat="34.7534804" lon="-118.3320017"><name>786</name></wpt><wpt lat="34.7534775" lon="-118.3320041"><name>787</name></wpt><wpt lat="34.7534746" lon="-118.3320065"><name>788</name></wpt><wpt lat="34.7534709" lon="-118.3320086"><name>789</name></wpt><wpt lat="34.7534675" lon="-118.332011"><name>790</name></wpt><wpt lat="34.753466" lon="-118.3320137"><name>791</name></wpt><wpt lat="34.7534656" lon="-118.332016"><name>792</name></wpt><wpt lat="34.7534653" lon="-118.3320184"><name>793</name></wpt><wpt lat="34.7534652" lon="-118.332021"><name>794</name></wpt><wpt lat="34.7534644" lon="-118.332024"><name>795</name></wpt><wpt lat="34.7534636" lon="-118.3320275"><name>796</name></wpt><wpt lat="34.7534634" lon="-118.3320311"><name>797</name></wpt><wpt lat="34.7534632" lon="-118.3320344"><name>798</name></wpt><wpt lat="34.7534626" lon="-118.3320372"><name>799</name></wpt><wpt lat="34.7534621" lon="-118.3320397"><name>800</name></wpt><wpt lat="34.7534615" lon="-118.3320425"><name>801</name></wpt><wpt lat="34.7534608" lon="-118.3320453"><name>802</name></wpt><wpt lat="34.7534594" lon="-118.3320484"><name>803</name></wpt><wpt lat="34.7534573" lon="-118.3320519"><name>804</name></wpt><wpt lat="34.7534546" lon="-118.3320558"><name>805</name></wpt><wpt lat="34.7534515" lon="-118.3320598"><name>806</name></wpt><wpt lat="34.7534479" lon="-118.3320636"><name>807</name></wpt><wpt lat="34.7534435" lon="-118.3320674"><name>808</name></wpt><wpt lat="34.7534385" lon="-118.3320716"><name>809</name></wpt><wpt lat="34.7534333" lon="-118.332076"><name>810</name></wpt><wpt lat="34.7534277" lon="-118.3320807"><name>811</name></wpt><wpt lat="34.7534222" lon="-118.332085"><name>812</name></wpt><wpt lat="34.7534166" lon="-118.3320882"><name>813</name></wpt><wpt lat="34.753411" lon="-118.3320899"><name>814</name></wpt><wpt lat="34.7534049" lon="-118.332092"><name>815</name></wpt><wpt lat="34.7533982" lon="-118.3320951"><name>816</name></wpt><wpt lat="34.7533912" lon="-118.3320989"><name>817</name></wpt><wpt lat="34.7533836" lon="-118.3321038"><name>818</name></wpt><wpt lat="34.753375" lon="-118.3321092"><name>819</name></wpt><wpt lat="34.7533662" lon="-118.3321147"><name>820</name></wpt><wpt lat="34.7533579" lon="-118.3321207"><name>821</name></wpt><wpt lat="34.7533487" lon="-118.3321268"><name>822</name></wpt><wpt lat="34.7533393" lon="-118.3321334"><name>823</name></wpt><wpt lat="34.7533298" lon="-118.3321402"><name>824</name></wpt><wpt lat="34.7533194" lon="-118.3321472"><name>825</name></wpt><wpt lat="34.7533092" lon="-118.332154"><name>826</name></wpt><wpt lat="34.7532992" lon="-118.3321602"><name>827</name></wpt><wpt lat="34.753289" lon="-118.3321653"><name>828</name></wpt><wpt lat="34.7532792" lon="-118.3321699"><name>829</name></wpt><wpt lat="34.7532688" lon="-118.3321743"><name>830</name></wpt><wpt lat="34.7532575" lon="-118.3321786"><name>831</name></wpt><wpt lat="34.7532461" lon="-118.332183"><name>832</name></wpt><wpt lat="34.7532341" lon="-118.3321874"><name>833</name></wpt><wpt lat="34.7532211" lon="-118.3321914"><name>834</name></wpt><wpt lat="34.7532068" lon="-118.3321941"><name>835</name></wpt><wpt lat="34.7531904" lon="-118.3321949"><name>836</name></wpt><wpt lat="34.7531714" lon="-118.3321923"><name>837</name></wpt><wpt lat="34.7531502" lon="-118.3321862"><name>838</name></wpt><wpt lat="34.7531276" lon="-118.332178"><name>839</name></wpt><wpt lat="34.7531036" lon="-118.3321672"><name>840</name></wpt><wpt lat="34.7530779" lon="-118.3321539"><name>841</name></wpt><wpt lat="34.7530512" lon="-118.332139"><name>842</name></wpt><wpt lat="34.7530232" lon="-118.3321213"><name>843</name></wpt><wpt lat="34.752994" lon="-118.3321015"><name>844</name></wpt><wpt lat="34.7529642" lon="-118.3320796"><name>845</name></wpt><wpt lat="34.7529343" lon="-118.3320572"><name>846</name></wpt><wpt lat="34.7529042" lon="-118.3320345"><name>847</name></wpt><wpt lat="34.7528737" lon="-118.3320081"><name>848</name></wpt><wpt lat="34.7528425" lon="-118.3319769"><name>849</name></wpt><wpt lat="34.7528117" lon="-118.3319391"><name>850</name></wpt><wpt lat="34.7527811" lon="-118.3318975"><name>851</name></wpt><wpt lat="34.7527517" lon="-118.3318535"><name>852</name></wpt><wpt lat="34.7527248" lon="-118.3318035"><name>853</name></wpt><wpt lat="34.7527004" lon="-118.3317495"><name>854</name></wpt><wpt lat="34.7526796" lon="-118.3316912"><name>855</name></wpt><wpt lat="34.7526651" lon="-118.3316261"><name>856</name></wpt><wpt lat="34.752657" lon="-118.3315558"><name>857</name></wpt><wpt lat="34.7526514" lon="-118.3314837"><name>858</name></wpt><wpt lat="34.7526485" lon="-118.3314105"><name>859</name></wpt><wpt lat="34.7526502" lon="-118.3313353"><name>860</name></wpt><wpt lat="34.7526533" lon="-118.3312596"><name>861</name></wpt><wpt lat="34.7526575" lon="-118.3311839"><name>862</name></wpt><wpt lat="34.7526644" lon="-118.3311083"><name>863</name></wpt><wpt lat="34.7526766" lon="-118.3310337"><name>864</name></wpt><wpt lat="34.7526936" lon="-118.3309606"><name>865</name></wpt><wpt lat="34.752713" lon="-118.3308888"><name>866</name></wpt><wpt lat="34.7527348" lon="-118.3308187"><name>867</name></wpt><wpt lat="34.7527594" lon="-118.3307508"><name>868</name></wpt><wpt lat="34.752786" lon="-118.3306848"><name>869</name></wpt><wpt lat="34.7528141" lon="-118.3306212"><name>870</name></wpt><wpt lat="34.7528444" lon="-118.3305608"><name>871</name></wpt><wpt lat="34.7528773" lon="-118.3305043"><name>872</name></wpt><wpt lat="34.7529118" lon="-118.3304511"><name>873</name></wpt><wpt lat="34.7529482" lon="-118.330402"><name>874</name></wpt><wpt lat="34.7529862" lon="-118.3303576"><name>875</name></wpt><wpt lat="34.7530252" lon="-118.3303159"><name>876</name></wpt><wpt lat="34.7530644" lon="-118.3302758"><name>877</name></wpt><wpt lat="34.7531045" lon="-118.3302414"><name>878</name></wpt><wpt lat="34.7531453" lon="-118.3302145"><name>879</name></wpt><wpt lat="34.7531861" lon="-118.3301925"><name>880</name></wpt><wpt lat="34.7532263" lon="-118.3301717"><name>881</name></wpt><wpt lat="34.7532658" lon="-118.3301531"><name>882</name></wpt><wpt lat="34.7533032" lon="-118.3301408"><name>883</name></wpt><wpt lat="34.753337" lon="-118.3301344"><name>884</name></wpt><wpt lat="34.7533668" lon="-118.330133"><name>885</name></wpt><wpt lat="34.7533922" lon="-118.3301356"><name>886</name></wpt><wpt lat="34.7534134" lon="-118.330141"><name>887</name></wpt><wpt lat="34.7534298" lon="-118.3301489"><name>888</name></wpt><wpt lat="34.7534411" lon="-118.3301585"><name>889</name></wpt><wpt lat="34.7534492" lon="-118.3301686"><name>890</name></wpt><wpt lat="34.7534523" lon="-118.3301791"><name>891</name></wpt><wpt lat="34.7534497" lon="-118.330189"><name>892</name></wpt><wpt lat="34.7534419" lon="-118.3301971"><name>893</name></wpt><wpt lat="34.7534296" lon="-118.3302027"><name>894</name></wpt><wpt lat="34.7534149" lon="-118.3302067"><name>895</name></wpt><wpt lat="34.7533993" lon="-118.3302098"><name>896</name></wpt><wpt lat="34.7533836" lon="-118.3302134"><name>897</name></wpt><wpt lat="34.753368" lon="-118.3302177"><name>898</name></wpt><wpt lat="34.7533521" lon="-118.3302222"><name>899</name></wpt><wpt lat="34.7533362" lon="-118.3302273"><name>900</name></wpt><wpt lat="34.7533202" lon="-118.3302328"><name>901</name></wpt><wpt lat="34.7533048" lon="-118.3302388"><name>902</name></wpt><wpt lat="34.7532906" lon="-118.3302454"><name>903</name></wpt><wpt lat="34.7532772" lon="-118.3302527"><name>904</name></wpt><wpt lat="34.7532644" lon="-118.330261"><name>905</name></wpt><wpt lat="34.7532531" lon="-118.3302707"><name>906</name></wpt><wpt lat="34.7532439" lon="-118.3302811"><name>907</name></wpt><wpt lat="34.7532372" lon="-118.330292"><name>908</name></wpt><wpt lat="34.7532332" lon="-118.3303032"><name>909</name></wpt><wpt lat="34.7532315" lon="-118.3303143"><name>910</name></wpt><wpt lat="34.7532326" lon="-118.3303253"><name>911</name></wpt><wpt lat="34.7532371" lon="-118.3303359"><name>912</name></wpt><wpt lat="34.7532433" lon="-118.3303456"><name>913</name></wpt><wpt lat="34.7532509" lon="-118.3303541"><name>914</name></wpt><wpt lat="34.75326" lon="-118.3303617"><name>915</name></wpt><wpt lat="34.7532696" lon="-118.3303689"><name>916</name></wpt><wpt lat="34.7532799" lon="-118.3303756"><name>917</name></wpt><wpt lat="34.75329" lon="-118.3303822"><name>918</name></wpt><wpt lat="34.7532994" lon="-118.3303887"><name>919</name></wpt><wpt lat="34.7533093" lon="-118.3303946"><name>920</name></wpt><wpt lat="34.7533209" lon="-118.3304009"><name>921</name></wpt><wpt lat="34.753334" lon="-118.3304081"><name>922</name></wpt><wpt lat="34.7533474" lon="-118.3304159"><name>923</name></wpt><wpt lat="34.7533603" lon="-118.3304236"><name>924</name></wpt><wpt lat="34.7533731" lon="-118.330431"><name>925</name></wpt><wpt lat="34.7533858" lon="-118.3304384"><name>926</name></wpt><wpt lat="34.753398" lon="-118.3304467"><name>927</name></wpt><wpt lat="34.75341" lon="-118.330456"><name>928</name></wpt><wpt lat="34.7534221" lon="-118.330465"><name>929</name></wpt><wpt lat="34.7534339" lon="-118.3304747"><name>930</name></wpt><wpt lat="34.7534456" lon="-118.3304853"><name>931</name></wpt><wpt lat="34.7534572" lon="-118.3304959"><name>932</name></wpt><wpt lat="34.7534685" lon="-118.3305065"><name>933</name></wpt><wpt lat="34.7534799" lon="-118.3305171"><name>934</name></wpt><wpt lat="34.7534915" lon="-118.3305279"><name>935</name></wpt><wpt lat="34.7535032" lon="-118.3305388"><name>936</name></wpt><wpt lat="34.7535153" lon="-118.3305495"><name>937</name></wpt><wpt lat="34.7535278" lon="-118.3305597"><name>938</name></wpt><wpt lat="34.7535408" lon="-118.3305691"><name>939</name></wpt><wpt lat="34.7535534" lon="-118.3305779"><name>940</name></wpt><wpt lat="34.7535655" lon="-118.3305863"><name>941</name></wpt><wpt lat="34.7535775" lon="-118.3305944"><name>942</name></wpt><wpt lat="34.7535892" lon="-118.3306026"><name>943</name></wpt><wpt lat="34.7536002" lon="-118.3306105"><name>944</name></wpt><wpt lat="34.7536102" lon="-118.3306181"><name>945</name></wpt><wpt lat="34.753619" lon="-118.3306257"><name>946</name></wpt><wpt lat="34.7536276" lon="-118.3306333"><name>947</name></wpt><wpt lat="34.753636" lon="-118.3306408"><name>948</name></wpt><wpt lat="34.753644" lon="-118.3306482"><name>949</name></wpt><wpt lat="34.7536514" lon="-118.3306557"><name>950</name></wpt><wpt lat="34.7536578" lon="-118.3306636"><name>951</name></wpt><wpt lat="34.753663" lon="-118.3306716"><name>952</name></wpt><wpt lat="34.7536681" lon="-118.3306793"><name>953</name></wpt><wpt lat="34.7536729" lon="-118.3306866"><name>954</name></wpt><wpt lat="34.7536771" lon="-118.3306941"><name>955</name></wpt><wpt lat="34.7536809" lon="-118.3307026"><name>956</name></wpt><wpt lat="34.7536851" lon="-118.3307117"><name>957</name></wpt><wpt lat="34.7536899" lon="-118.3307209"><name>958</name></wpt><wpt lat="34.753695" lon="-118.3307304"><name>959</name></wpt><wpt lat="34.753701" lon="-118.33074"><name>960</name></wpt><wpt lat="34.7537079" lon="-118.3307498"><name>961</name></wpt><wpt lat="34.7537155" lon="-118.3307597"><name>962</name></wpt><wpt lat="34.7537231" lon="-118.3307693"><name>963</name></wpt><wpt lat="34.753731" lon="-118.3307784"><name>964</name></wpt><wpt lat="34.7537388" lon="-118.3307874"><name>965</name></wpt><wpt lat="34.7537463" lon="-118.3307966"><name>966</name></wpt><wpt lat="34.7537535" lon="-118.330806"><name>967</name></wpt><wpt lat="34.7537603" lon="-118.330816"><name>968</name></wpt><wpt lat="34.753767" lon="-118.3308267"><name>969</name></wpt><wpt lat="34.7537736" lon="-118.3308379"><name>970</name></wpt><wpt lat="34.7537794" lon="-118.3308488"><name>971</name></wpt><wpt lat="34.7537845" lon="-118.33086"><name>972</name></wpt><wpt lat="34.7537899" lon="-118.3308718"><name>973</name></wpt><wpt lat="34.7537952" lon="-118.3308838"><name>974</name></wpt><wpt lat="34.7538001" lon="-118.330896"><name>975</name></wpt><wpt lat="34.7538057" lon="-118.3309084"><name>976</name></wpt><wpt lat="34.7538124" lon="-118.3309209"><name>977</name></wpt><wpt lat="34.7538198" lon="-118.3309339"><name>978</name></wpt><wpt lat="34.753828" lon="-118.330947"><name>979</name></wpt><wpt lat="34.7538358" lon="-118.3309595"><name>980</name></wpt><wpt lat="34.7538435" lon="-118.3309718"><name>981</name></wpt><wpt lat="34.7538518" lon="-118.3309842"><name>982</name></wpt><wpt lat="34.7538608" lon="-118.3309967"><name>983</name></wpt><wpt lat="34.7538703" lon="-118.3310092"><name>984</name></wpt><wpt lat="34.7538803" lon="-118.3310212"><name>985</name></wpt><wpt lat="34.7538916" lon="-118.3310326"><name>986</name></wpt><wpt lat="34.7539033" lon="-118.3310435"><name>987</name></wpt><wpt lat="34.7539141" lon="-118.331054"><name>988</name></wpt><wpt lat="34.7539236" lon="-118.3310638"><name>989</name></wpt><wpt lat="34.7539317" lon="-118.3310731"><name>990</name></wpt><wpt lat="34.7539389" lon="-118.3310822"><name>991</name></wpt><wpt lat="34.7539459" lon="-118.3310913"><name>992</name></wpt><wpt lat="34.7539525" lon="-118.3311003"><name>993</name></wpt><wpt lat="34.7539584" lon="-118.3311096"><name>994</name></wpt><wpt lat="34.7539635" lon="-118.3311195"><name>995</name></wpt><wpt lat="34.7539681" lon="-118.3311299"><name>996</name></wpt><wpt lat="34.7539721" lon="-118.3311408"><name>997</name></wpt><wpt lat="34.7539745" lon="-118.3311519"><name>998</name></wpt><wpt lat="34.7539764" lon="-118.3311629"><name>999</name></wpt><wpt lat="34.753979" lon="-118.3311743"><name>1000</name></wpt><wpt lat="34.7539811" lon="-118.3311858"><name>1001</name></wpt><wpt lat="34.7539823" lon="-118.3311976"><name>1002</name></wpt><wpt lat="34.7539832" lon="-118.3312101"><name>1003</name></wpt><wpt lat="34.7539834" lon="-118.3312366"><name>1004</name></wpt><wpt lat="34.7539847" lon="-118.3312502"><name>1005</name></wpt><wpt lat="34.7539866" lon="-118.3312635"><name>1006</name></wpt><wpt lat="34.7539882" lon="-118.3312761"><name>1007</name></wpt><wpt lat="34.7539893" lon="-118.3312878"><name>1008</name></wpt><wpt lat="34.7539908" lon="-118.3312993"><name>1009</name></wpt><wpt lat="34.753992" lon="-118.3313111"><name>1010</name></wpt><wpt lat="34.7539925" lon="-118.331323"><name>1011</name></wpt><wpt lat="34.753993" lon="-118.3313349"><name>1012</name></wpt><wpt lat="34.7539931" lon="-118.3313462"><name>1013</name></wpt><wpt lat="34.7539928" lon="-118.3313565"><name>1014</name></wpt><wpt lat="34.7539924" lon="-118.3313661"><name>1015</name></wpt><wpt lat="34.7539921" lon="-118.331375"><name>1016</name></wpt><wpt lat="34.7539917" lon="-118.3313836"><name>1017</name></wpt><wpt lat="34.7539907" lon="-118.3313921"><name>1018</name></wpt><wpt lat="34.7539884" lon="-118.331401"><name>1019</name></wpt><wpt lat="34.7539854" lon="-118.3314102"><name>1020</name></wpt><wpt lat="34.7539827" lon="-118.331419"><name>1021</name></wpt><wpt lat="34.75398" lon="-118.3314275"><name>1022</name></wpt><wpt lat="34.7539766" lon="-118.3314355"><name>1023</name></wpt><wpt lat="34.7539724" lon="-118.331443"><name>1024</name></wpt><wpt lat="34.7539677" lon="-118.3314504"><name>1025</name></wpt><wpt lat="34.7539638" lon="-118.331458"><name>1026</name></wpt><wpt lat="34.7539603" lon="-118.3314658"><name>1027</name></wpt><wpt lat="34.7539564" lon="-118.3314731"><name>1028</name></wpt><wpt lat="34.7539528" lon="-118.3314797"><name>1029</name></wpt><wpt lat="34.7539496" lon="-118.3314864"><name>1030</name></wpt><wpt lat="34.7539465" lon="-118.3314936"><name>1031</name></wpt><wpt lat="34.7539446" lon="-118.3315008"><name>1032</name></wpt><wpt lat="34.7539428" lon="-118.3315075"><name>1033</name></wpt><wpt lat="34.7539406" lon="-118.3315136"><name>1034</name></wpt><wpt lat="34.7539386" lon="-118.331519"><name>1035</name></wpt><wpt lat="34.7539365" lon="-118.3315236"><name>1036</name></wpt><wpt lat="34.7539349" lon="-118.3315271"><name>1037</name></wpt><wpt lat="34.7539336" lon="-118.3315298"><name>1038</name></wpt><wpt lat="34.7539319" lon="-118.3315323"><name>1039</name></wpt><wpt lat="34.7539294" lon="-118.3315346"><name>1040</name></wpt><wpt lat="34.7539265" lon="-118.3315366"><name>1041</name></wpt><wpt lat="34.7539238" lon="-118.3315386"><name>1042</name></wpt><wpt lat="34.7539202" lon="-118.3315402"><name>1043</name></wpt><wpt lat="34.7539154" lon="-118.3315414"><name>1044</name></wpt><wpt lat="34.7539116" lon="-118.3315427"><name>1045</name></wpt><wpt lat="34.7539077" lon="-118.3315435"><name>1046</name></wpt><wpt lat="34.7539026" lon="-118.3315437"><name>1047</name></wpt><wpt lat="34.7538967" lon="-118.3315435"><name>1048</name></wpt><wpt lat="34.7538911" lon="-118.3315431"><name>1049</name></wpt><wpt lat="34.7538854" lon="-118.3315421"><name>1050</name></wpt><wpt lat="34.7538791" lon="-118.3315402"><name>1051</name></wpt><wpt lat="34.753873" lon="-118.3315382"><name>1052</name></wpt><wpt lat="34.7538673" lon="-118.3315363"><name>1053</name></wpt><wpt lat="34.7538612" lon="-118.3315337"><name>1054</name></wpt><wpt lat="34.753855" lon="-118.3315307"><name>1055</name></wpt><wpt lat="34.7538485" lon="-118.331527"><name>1056</name></wpt><wpt lat="34.7538411" lon="-118.3315224"><name>1057</name></wpt><wpt lat="34.7538337" lon="-118.3315171"><name>1058</name></wpt><wpt lat="34.7538266" lon="-118.3315116"><name>1059</name></wpt><wpt lat="34.7538198" lon="-118.3315062"><name>1060</name></wpt><wpt lat="34.7538131" lon="-118.331501"><name>1061</name></wpt><wpt lat="34.7538061" lon="-118.3314959"><name>1062</name></wpt><wpt lat="34.7537996" lon="-118.3314916"><name>1063</name></wpt><wpt lat="34.7537936" lon="-118.3314882"><name>1064</name></wpt><wpt lat="34.7537877" lon="-118.3314849"><name>1065</name></wpt><wpt lat="34.7537828" lon="-118.331482"><name>1066</name></wpt><wpt lat="34.7537787" lon="-118.3314794"><name>1067</name></wpt><wpt lat="34.7537747" lon="-118.3314769"><name>1068</name></wpt><wpt lat="34.7537708" lon="-118.3314745"><name>1069</name></wpt><wpt lat="34.7537677" lon="-118.3314722"><name>1070</name></wpt><wpt lat="34.7537665" lon="-118.33147"><name>1071</name></wpt><wpt lat="34.7537662" lon="-118.3314678"><name>1072</name></wpt><wpt lat="34.7537669" lon="-118.3314625"><name>1073</name></wpt><wpt lat="34.7537683" lon="-118.3314599"><name>1074</name></wpt><wpt lat="34.7537693" lon="-118.3314574"><name>1075</name></wpt><wpt lat="34.7537699" lon="-118.3314552"><name>1076</name></wpt><wpt lat="34.7537704" lon="-118.3314535"><name>1077</name></wpt><wpt lat="34.7537705" lon="-118.3314526"><name>1078</name></wpt><wpt lat="34.7537707" lon="-118.3314523"><name>1079</name></wpt><wpt lat="34.7537706" lon="-118.3314524"><name>1080</name></wpt><wpt lat="34.7537699" lon="-118.3314529"><name>1081</name></wpt><wpt lat="34.7537689" lon="-118.3314538"><name>1082</name></wpt><wpt lat="34.7537675" lon="-118.3314547"><name>1083</name></wpt><wpt lat="34.7537656" lon="-118.3314558"><name>1084</name></wpt><wpt lat="34.7537631" lon="-118.3314572"><name>1085</name></wpt><wpt lat="34.7537602" lon="-118.3314591"><name>1086</name></wpt><wpt lat="34.7537565" lon="-118.3314618"><name>1087</name></wpt><wpt lat="34.7537524" lon="-118.331465"><name>1088</name></wpt><wpt lat="34.7537477" lon="-118.3314679"><name>1089</name></wpt><wpt lat="34.7537424" lon="-118.3314703"><name>1090</name></wpt><wpt lat="34.7537367" lon="-118.3314723"><name>1091</name></wpt><wpt lat="34.7537307" lon="-118.3314739"><name>1092</name></wpt><wpt lat="34.7537251" lon="-118.3314756"><name>1093</name></wpt><wpt lat="34.7537199" lon="-118.3314778"><name>1094</name></wpt><wpt lat="34.7537147" lon="-118.3314806"><name>1095</name></wpt><wpt lat="34.7537093" lon="-118.3314837"><name>1096</name></wpt><wpt lat="34.7537034" lon="-118.3314868"><name>1097</name></wpt><wpt lat="34.7536968" lon="-118.3314899"><name>1098</name></wpt><wpt lat="34.7536898" lon="-118.331493"><name>1099</name></wpt><wpt lat="34.7536825" lon="-118.3314965"><name>1100</name></wpt><wpt lat="34.7536755" lon="-118.3315007"><name>1101</name></wpt><wpt lat="34.7536692" lon="-118.3315058"><name>1102</name></wpt><wpt lat="34.7536635" lon="-118.3315116"><name>1103</name></wpt><wpt lat="34.7536582" lon="-118.3315179"><name>1104</name></wpt><wpt lat="34.7536539" lon="-118.331525"><name>1105</name></wpt><wpt lat="34.7536515" lon="-118.331533"><name>1106</name></wpt><wpt lat="34.7536501" lon="-118.3315414"><name>1107</name></wpt><wpt lat="34.7536508" lon="-118.3315498"><name>1108</name></wpt><wpt lat="34.7536528" lon="-118.3315573"><name>1109</name></wpt><wpt lat="34.7536547" lon="-118.3315638"><name>1110</name></wpt><wpt lat="34.7536574" lon="-118.3315691"><name>1111</name></wpt><wpt lat="34.7536607" lon="-118.3315731"><name>1112</name></wpt><wpt lat="34.7536634" lon="-118.3315764"><name>1113</name></wpt><wpt lat="34.7536661" lon="-118.3315795"><name>1114</name></wpt><wpt lat="34.7536687" lon="-118.3315824"><name>1115</name></wpt><wpt lat="34.7536708" lon="-118.3315854"><name>1116</name></wpt><wpt lat="34.7536724" lon="-118.3315885"><name>1117</name></wpt><wpt lat="34.7536742" lon="-118.3315917"><name>1118</name></wpt><wpt lat="34.7536756" lon="-118.3315947"><name>1119</name></wpt><wpt lat="34.7536763" lon="-118.3315973"><name>1120</name></wpt><wpt lat="34.753677" lon="-118.3315998"><name>1121</name></wpt><wpt lat="34.7536773" lon="-118.3316023"><name>1122</name></wpt><wpt lat="34.7536779" lon="-118.3316053"><name>1123</name></wpt><wpt lat="34.7536795" lon="-118.3316083"><name>1124</name></wpt><wpt lat="34.7536806" lon="-118.3316104"><name>1125</name></wpt><wpt lat="34.753681" lon="-118.3316135"><name>1126</name></wpt><wpt lat="34.7536819" lon="-118.3316151"><name>1127</name></wpt><wpt lat="34.7536823" lon="-118.3316171"><name>1128</name></wpt><wpt lat="34.7536819" lon="-118.3316196"><name>1129</name></wpt><wpt lat="34.7536817" lon="-118.3316225"><name>1130</name></wpt><wpt lat="34.7536815" lon="-118.3316251"><name>1131</name></wpt><wpt lat="34.7536801" lon="-118.331627"><name>1132</name></wpt><wpt lat="34.7536783" lon="-118.3316284"><name>1133</name></wpt><wpt lat="34.753677" lon="-118.33163"><name>1134</name></wpt><wpt lat="34.7536755" lon="-118.3316318"><name>1135</name></wpt><wpt lat="34.7536741" lon="-118.3316335"><name>1136</name></wpt><wpt lat="34.7536731" lon="-118.3316351"><name>1137</name></wpt><wpt lat="34.7536721" lon="-118.3316366"><name>1138</name></wpt><wpt lat="34.7536709" lon="-118.3316374"><name>1139</name></wpt><wpt lat="34.7536692" lon="-118.3316375"><name>1140</name></wpt><wpt lat="34.7536671" lon="-118.3316374"><name>1141</name></wpt><wpt lat="34.7536652" lon="-118.3316375"><name>1142</name></wpt><wpt lat="34.7536634" lon="-118.3316378"><name>1143</name></wpt><wpt lat="34.7536609" lon="-118.3316384"><name>1144</name></wpt><wpt lat="34.7536582" lon="-118.3316395"><name>1145</name></wpt><wpt lat="34.7536561" lon="-118.3316407"><name>1146</name></wpt><wpt lat="34.7536533" lon="-118.3316414"><name>1147</name></wpt><wpt lat="34.7536499" lon="-118.3316417"><name>1148</name></wpt><wpt lat="34.7536465" lon="-118.3316423"><name>1149</name></wpt><wpt lat="34.7536416" lon="-118.3316436"><name>1150</name></wpt><wpt lat="34.7536366" lon="-118.3316455"><name>1151</name></wpt><wpt lat="34.7536325" lon="-118.3316478"><name>1152</name></wpt><wpt lat="34.7536281" lon="-118.3316501"><name>1153</name></wpt><wpt lat="34.7536239" lon="-118.3316521"><name>1154</name></wpt><wpt lat="34.7536204" lon="-118.3316542"><name>1155</name></wpt><wpt lat="34.7536161" lon="-118.3316563"><name>1156</name></wpt><wpt lat="34.7536122" lon="-118.3316587"><name>1157</name></wpt><wpt lat="34.7536101" lon="-118.3316614"><name>1158</name></wpt><wpt lat="34.7536078" lon="-118.331663"><name>1159</name></wpt><wpt lat="34.7536043" lon="-118.3316641"><name>1160</name></wpt><wpt lat="34.7535998" lon="-118.3316649"><name>1161</name></wpt><wpt lat="34.7535946" lon="-118.3316656"><name>1162</name></wpt><wpt lat="34.7535897" lon="-118.331667"><name>1163</name></wpt><wpt lat="34.7535841" lon="-118.331669"><name>1164</name></wpt><wpt lat="34.7535766" lon="-118.3316707"><name>1165</name></wpt><wpt lat="34.7535668" lon="-118.3316714"><name>1166</name></wpt><wpt lat="34.7535559" lon="-118.331671"><name>1167</name></wpt><wpt lat="34.7535445" lon="-118.3316704"><name>1168</name></wpt><wpt lat="34.7535327" lon="-118.3316699"><name>1169</name></wpt><wpt lat="34.7535213" lon="-118.3316697"><name>1170</name></wpt><wpt lat="34.7535106" lon="-118.33167"><name>1171</name></wpt><wpt lat="34.7535006" lon="-118.3316711"><name>1172</name></wpt><wpt lat="34.7534913" lon="-118.3316735"><name>1173</name></wpt><wpt lat="34.7534834" lon="-118.3316774"><name>1174</name></wpt><wpt lat="34.7534764" lon="-118.331682"><name>1175</name></wpt><wpt lat="34.7534695" lon="-118.3316868"><name>1176</name></wpt><wpt lat="34.7534636" lon="-118.3316925"><name>1177</name></wpt><wpt lat="34.7534593" lon="-118.3316994"><name>1178</name></wpt><wpt lat="34.7534561" lon="-118.3317072"><name>1179</name></wpt><wpt lat="34.7534532" lon="-118.3317155"><name>1180</name></wpt><wpt lat="34.7534514" lon="-118.3317241"><name>1181</name></wpt><wpt lat="34.7534511" lon="-118.3317328"><name>1182</name></wpt><wpt lat="34.7534512" lon="-118.3317415"><name>1183</name></wpt><wpt lat="34.7534527" lon="-118.3317491"><name>1184</name></wpt><wpt lat="34.7534555" lon="-118.3317549"><name>1185</name></wpt><wpt lat="34.7534587" lon="-118.3317598"><name>1186</name></wpt><wpt lat="34.7534621" lon="-118.3317642"><name>1187</name></wpt><wpt lat="34.7534651" lon="-118.3317682"><name>1188</name></wpt><wpt lat="34.7534679" lon="-118.3317715"><name>1189</name></wpt><wpt lat="34.7534709" lon="-118.3317742"><name>1190</name></wpt><wpt lat="34.7534746" lon="-118.3317766"><name>1191</name></wpt><wpt lat="34.7534791" lon="-118.3317786"><name>1192</name></wpt><wpt lat="34.7534845" lon="-118.3317797"><name>1193</name></wpt><wpt lat="34.7534908" lon="-118.3317795"><name>1194</name></wpt><wpt lat="34.7534971" lon="-118.3317779"><name>1195</name></wpt><wpt lat="34.7535039" lon="-118.3317751"><name>1196</name></wpt><wpt lat="34.7535112" lon="-118.3317716"><name>1197</name></wpt><wpt lat="34.7535183" lon="-118.3317673"><name>1198</name></wpt><wpt lat="34.7535246" lon="-118.3317626"><name>1199</name></wpt><wpt lat="34.7535295" lon="-118.3317576"><name>1200</name></wpt><wpt lat="34.7535332" lon="-118.3317525"><name>1201</name></wpt><wpt lat="34.7535366" lon="-118.3317474"><name>1202</name></wpt><wpt lat="34.7535403" lon="-118.3317423"><name>1203</name></wpt><wpt lat="34.7535436" lon="-118.3317372"><name>1204</name></wpt><wpt lat="34.7535457" lon="-118.3317327"><name>1205</name></wpt><wpt lat="34.7535474" lon="-118.3317286"><name>1206</name></wpt><wpt lat="34.7535496" lon="-118.3317243"><name>1207</name></wpt><wpt lat="34.753552" lon="-118.3317199"><name>1208</name></wpt><wpt lat="34.7535539" lon="-118.331715"><name>1209</name></wpt><wpt lat="34.7535553" lon="-118.3317097"><name>1210</name></wpt><wpt lat="34.7535565" lon="-118.3317042"><name>1211</name></wpt><wpt lat="34.7535578" lon="-118.3316985"><name>1212</name></wpt><wpt lat="34.7535591" lon="-118.3316926"><name>1213</name></wpt><wpt lat="34.7535602" lon="-118.3316867"><name>1214</name></wpt><wpt lat="34.7535613" lon="-118.3316804"><name>1215</name></wpt><wpt lat="34.7535624" lon="-118.3316738"><name>1216</name></wpt><wpt lat="34.7535639" lon="-118.3316667"><name>1217</name></wpt><wpt lat="34.7535651" lon="-118.3316593"><name>1218</name></wpt><wpt lat="34.753566" lon="-118.3316515"><name>1219</name></wpt><wpt lat="34.7535667" lon="-118.3316437"><name>1220</name></wpt><wpt lat="34.7535672" lon="-118.3316358"><name>1221</name></wpt><wpt lat="34.7535677" lon="-118.331628"><name>1222</name></wpt><wpt lat="34.7535689" lon="-118.3316201"><name>1223</name></wpt><wpt lat="34.7535699" lon="-118.3316119"><name>1224</name></wpt><wpt lat="34.7535698" lon="-118.3316036"><name>1225</name></wpt><wpt lat="34.7535696" lon="-118.3315953"><name>1226</name></wpt><wpt lat="34.7535698" lon="-118.3315872"><name>1227</name></wpt><wpt lat="34.7535697" lon="-118.3315796"><name>1228</name></wpt><wpt lat="34.7535689" lon="-118.3315719"><name>1229</name></wpt><wpt lat="34.7535676" lon="-118.3315644"><name>1230</name></wpt><wpt lat="34.7535656" lon="-118.3315568"><name>1231</name></wpt><wpt lat="34.7535635" lon="-118.331549"><name>1232</name></wpt><wpt lat="34.7535617" lon="-118.3315414"><name>1233</name></wpt><wpt lat="34.7535594" lon="-118.3315336"><name>1234</name></wpt><wpt lat="34.7535566" lon="-118.3315257"><name>1235</name></wpt><wpt lat="34.7535537" lon="-118.3315179"><name>1236</name></wpt><wpt lat="34.753551" lon="-118.3315101"><name>1237</name></wpt><wpt lat="34.7535485" lon="-118.331502"><name>1238</name></wpt><wpt lat="34.7535457" lon="-118.3314935"><name>1239</name></wpt><wpt lat="34.753543" lon="-118.3314846"><name>1240</name></wpt><wpt lat="34.7535411" lon="-118.3314755"><name>1241</name></wpt><wpt lat="34.7535393" lon="-118.3314661"><name>1242</name></wpt><wpt lat="34.7535377" lon="-118.3314562"><name>1243</name></wpt><wpt lat="34.753536" lon="-118.3314463"><name>1244</name></wpt><wpt lat="34.7535338" lon="-118.3314362"><name>1245</name></wpt><wpt lat="34.7535313" lon="-118.3314259"><name>1246</name></wpt><wpt lat="34.7535285" lon="-118.3314156"><name>1247</name></wpt><wpt lat="34.7535255" lon="-118.3314054"><name>1248</name></wpt><wpt lat="34.7535219" lon="-118.3313955"><name>1249</name></wpt><wpt lat="34.7535178" lon="-118.3313857"><name>1250</name></wpt><wpt lat="34.7535135" lon="-118.3313762"><name>1251</name></wpt><wpt lat="34.7535085" lon="-118.3313665"><name>1252</name></wpt><wpt lat="34.7535034" lon="-118.3313567"><name>1253</name></wpt><wpt lat="34.7534983" lon="-118.3313471"><name>1254</name></wpt><wpt lat="34.753493" lon="-118.3313376"><name>1255</name></wpt><wpt lat="34.7534876" lon="-118.3313282"><name>1256</name></wpt><wpt lat="34.7534821" lon="-118.3313189"><name>1257</name></wpt><wpt lat="34.7534766" lon="-118.3313096"><name>1258</name></wpt><wpt lat="34.7534709" lon="-118.3313001"><name>1259</name></wpt><wpt lat="34.7534648" lon="-118.3312904"><name>1260</name></wpt><wpt lat="34.7534581" lon="-118.3312807"><name>1261</name></wpt><wpt lat="34.7534508" lon="-118.331271"><name>1262</name></wpt><wpt lat="34.7534427" lon="-118.3312609"><name>1263</name></wpt><wpt lat="34.7534337" lon="-118.3312504"><name>1264</name></wpt><wpt lat="34.7534238" lon="-118.3312396"><name>1265</name></wpt><wpt lat="34.7534131" lon="-118.3312287"><name>1266</name></wpt><wpt lat="34.7534014" lon="-118.3312177"><name>1267</name></wpt><wpt lat="34.7533891" lon="-118.331207"><name>1268</name></wpt><wpt lat="34.7533758" lon="-118.3311974"><name>1269</name></wpt><wpt lat="34.7533607" lon="-118.3311892"><name>1270</name></wpt><wpt lat="34.7533439" lon="-118.3311823"><name>1271</name></wpt><wpt lat="34.7533263" lon="-118.3311767"><name>1272</name></wpt><wpt lat="34.7533092" lon="-118.3311731"><name>1273</name></wpt><wpt lat="34.7532923" lon="-118.3311711"><name>1274</name></wpt><wpt lat="34.753276" lon="-118.3311708"><name>1275</name></wpt><wpt lat="34.7532602" lon="-118.331172"><name>1276</name></wpt><wpt lat="34.753245" lon="-118.3311744"><name>1277</name></wpt><wpt lat="34.7532304" lon="-118.3311772"><name>1278</name></wpt><wpt lat="34.753217" lon="-118.3311807"><name>1279</name></wpt><wpt lat="34.7532046" lon="-118.331185"><name>1280</name></wpt><wpt lat="34.7531917" lon="-118.3311898"><name>1281</name></wpt><wpt lat="34.7531786" lon="-118.3311966"><name>1282</name></wpt><wpt lat="34.7531652" lon="-118.3312047"><name>1283</name></wpt><wpt lat="34.7531509" lon="-118.3312134"><name>1284</name></wpt><wpt lat="34.7531357" lon="-118.3312223"><name>1285</name></wpt><wpt lat="34.7531209" lon="-118.3312317"><name>1286</name></wpt><wpt lat="34.7531075" lon="-118.3312414"><name>1287</name></wpt><wpt lat="34.7530958" lon="-118.3312512"><name>1288</name></wpt><wpt lat="34.7530864" lon="-118.3312615"><name>1289</name></wpt><wpt lat="34.7530782" lon="-118.3312713"><name>1290</name></wpt><wpt lat="34.7530711" lon="-118.3312804"><name>1291</name></wpt><wpt lat="34.7530665" lon="-118.3312893"><name>1292</name></wpt><wpt lat="34.753065" lon="-118.3312977"><name>1293</name></wpt><wpt lat="34.7530671" lon="-118.3313049"><name>1294</name></wpt><wpt lat="34.7530711" lon="-118.3313103"><name>1295</name></wpt><wpt lat="34.7530763" lon="-118.3313146"><name>1296</name></wpt><wpt lat="34.7530819" lon="-118.3313182"><name>1297</name></wpt><wpt lat="34.7530881" lon="-118.3313208"><name>1298</name></wpt><wpt lat="34.7530941" lon="-118.3313226"><name>1299</name></wpt><wpt lat="34.7531007" lon="-118.3313242"><name>1300</name></wpt><wpt lat="34.753108" lon="-118.3313255"><name>1301</name></wpt><wpt lat="34.7531143" lon="-118.3313265"><name>1302</name></wpt><wpt lat="34.7531207" lon="-118.3313269"><name>1303</name></wpt><wpt lat="34.753127" lon="-118.331327"><name>1304</name></wpt><wpt lat="34.7531321" lon="-118.3313267"><name>1305</name></wpt><wpt lat="34.7531366" lon="-118.3313256"><name>1306</name></wpt><wpt lat="34.7531412" lon="-118.3313228"><name>1307</name></wpt><wpt lat="34.7531454" lon="-118.3313193"><name>1308</name></wpt><wpt lat="34.753149" lon="-118.3313167"><name>1309</name></wpt><wpt lat="34.7531517" lon="-118.3313146"><name>1310</name></wpt><wpt lat="34.7531542" lon="-118.3313125"><name>1311</name></wpt><wpt lat="34.7531573" lon="-118.3313114"><name>1312</name></wpt><wpt lat="34.7531603" lon="-118.3313125"><name>1313</name></wpt><wpt lat="34.7531633" lon="-118.3313145"><name>1314</name></wpt><wpt lat="34.7531661" lon="-118.3313158"><name>1315</name></wpt><wpt lat="34.7531683" lon="-118.3313164"><name>1316</name></wpt><wpt lat="34.7531701" lon="-118.3313171"><name>1317</name></wpt><wpt lat="34.7531716" lon="-118.3313182"><name>1318</name></wpt><wpt lat="34.7531723" lon="-118.3313193"><name>1319</name></wpt><wpt lat="34.7531728" lon="-118.3313223"><name>1320</name></wpt><wpt lat="34.753173" lon="-118.3313239"><name>1321</name></wpt><wpt lat="34.7531722" lon="-118.3313251"><name>1322</name></wpt><wpt lat="34.7531719" lon="-118.3313262"><name>1323</name></wpt><wpt lat="34.7531713" lon="-118.3313269"><name>1324</name></wpt><wpt lat="34.7531703" lon="-118.3313274"><name>1325</name></wpt><wpt lat="34.7531694" lon="-118.3313277"><name>1326</name></wpt><wpt lat="34.7531682" lon="-118.331328"><name>1327</name></wpt><wpt lat="34.7531666" lon="-118.3313288"><name>1328</name></wpt><wpt lat="34.7531645" lon="-118.3313299"><name>1329</name></wpt><wpt lat="34.7531618" lon="-118.3313316"><name>1330</name></wpt><wpt lat="34.7531591" lon="-118.331334"><name>1331</name></wpt><wpt lat="34.7531563" lon="-118.3313369"><name>1332</name></wpt><wpt lat="34.7531541" lon="-118.3313408"><name>1333</name></wpt><wpt lat="34.7531518" lon="-118.3313452"><name>1334</name></wpt><wpt lat="34.7531498" lon="-118.3313497"><name>1335</name></wpt><wpt lat="34.7531479" lon="-118.3313545"><name>1336</name></wpt><wpt lat="34.7531456" lon="-118.3313593"><name>1337</name></wpt><wpt lat="34.7531435" lon="-118.3313646"><name>1338</name></wpt><wpt lat="34.7531417" lon="-118.3313706"><name>1339</name></wpt><wpt lat="34.7531404" lon="-118.3313771"><name>1340</name></wpt><wpt lat="34.75314" lon="-118.3313839"><name>1341</name></wpt><wpt lat="34.7531403" lon="-118.3313905"><name>1342</name></wpt><wpt lat="34.753141" lon="-118.3313969"><name>1343</name></wpt><wpt lat="34.7531411" lon="-118.331403"><name>1344</name></wpt><wpt lat="34.753141" lon="-118.331409"><name>1345</name></wpt><wpt lat="34.7531411" lon="-118.3314157"><name>1346</name></wpt><wpt lat="34.7531412" lon="-118.3314227"><name>1347</name></wpt><wpt lat="34.7531418" lon="-118.3314302"><name>1348</name></wpt><wpt lat="34.7531425" lon="-118.3314385"><name>1349</name></wpt><wpt lat="34.7531428" lon="-118.3314469"><name>1350</name></wpt><wpt lat="34.7531431" lon="-118.3314552"><name>1351</name></wpt><wpt lat="34.7531432" lon="-118.3314636"><name>1352</name></wpt><wpt lat="34.753143" lon="-118.3314717"><name>1353</name></wpt><wpt lat="34.7531428" lon="-118.3314799"><name>1354</name></wpt><wpt lat="34.7531427" lon="-118.3314885"><name>1355</name></wpt><wpt lat="34.7531431" lon="-118.3314971"><name>1356</name></wpt><wpt lat="34.7531438" lon="-118.3315052"><name>1357</name></wpt><wpt lat="34.7531442" lon="-118.331513"><name>1358</name></wpt><wpt lat="34.7531444" lon="-118.3315209"><name>1359</name></wpt><wpt lat="34.7531449" lon="-118.3315286"><name>1360</name></wpt><wpt lat="34.7531456" lon="-118.3315365"><name>1361</name></wpt><wpt lat="34.7531464" lon="-118.331544"><name>1362</name></wpt><wpt lat="34.7531474" lon="-118.3315513"><name>1363</name></wpt><wpt lat="34.7531483" lon="-118.3315583"><name>1364</name></wpt><wpt lat="34.7531491" lon="-118.3315651"><name>1365</name></wpt><wpt lat="34.7531496" lon="-118.3315724"><name>1366</name></wpt><wpt lat="34.7531502" lon="-118.3315799"><name>1367</name></wpt><wpt lat="34.7531511" lon="-118.3315881"><name>1368</name></wpt><wpt lat="34.7531513" lon="-118.3315966"><name>1369</name></wpt><wpt lat="34.753152" lon="-118.3316137"><name>1370</name></wpt><wpt lat="34.7531523" lon="-118.3316222"><name>1371</name></wpt><wpt lat="34.7531522" lon="-118.3316304"><name>1372</name></wpt><wpt lat="34.7531521" lon="-118.3316388"><name>1373</name></wpt><wpt lat="34.7531519" lon="-118.3316473"><name>1374</name></wpt><wpt lat="34.7531514" lon="-118.3316561"><name>1375</name></wpt><wpt lat="34.7531515" lon="-118.331665"><name>1376</name></wpt><wpt lat="34.7531525" lon="-118.3316737"><name>1377</name></wpt><wpt lat="34.7531542" lon="-118.3316823"><name>1378</name></wpt><wpt lat="34.7531559" lon="-118.3316905"><name>1379</name></wpt><wpt lat="34.7531572" lon="-118.3316985"><name>1380</name></wpt><wpt lat="34.7531584" lon="-118.3317067"><name>1381</name></wpt><wpt lat="34.7531591" lon="-118.3317149"><name>1382</name></wpt><wpt lat="34.7531598" lon="-118.3317234"><name>1383</name></wpt><wpt lat="34.7531608" lon="-118.3317316"><name>1384</name></wpt><wpt lat="34.7531618" lon="-118.3317394"><name>1385</name></wpt><wpt lat="34.7531627" lon="-118.3317471"><name>1386</name></wpt><wpt lat="34.7531635" lon="-118.3317551"><name>1387</name></wpt><wpt lat="34.7531641" lon="-118.3317633"><name>1388</name></wpt><wpt lat="34.7531649" lon="-118.3317714"><name>1389</name></wpt><wpt lat="34.7531663" lon="-118.3317796"><name>1390</name></wpt><wpt lat="34.7531678" lon="-118.3317877"><name>1391</name></wpt><wpt lat="34.7531684" lon="-118.3317957"><name>1392</name></wpt><wpt lat="34.7531686" lon="-118.3318039"><name>1393</name></wpt><wpt lat="34.7531685" lon="-118.3318212"><name>1394</name></wpt><wpt lat="34.7531684" lon="-118.3318303"><name>1395</name></wpt><wpt lat="34.7531688" lon="-118.3318393"><name>1396</name></wpt><wpt lat="34.7531697" lon="-118.3318479"><name>1397</name></wpt><wpt lat="34.7531705" lon="-118.3318561"><name>1398</name></wpt><wpt lat="34.7531713" lon="-118.3318645"><name>1399</name></wpt><wpt lat="34.7531716" lon="-118.3318728"><name>1400</name></wpt><wpt lat="34.7531719" lon="-118.3318812"><name>1401</name></wpt><wpt lat="34.753172" lon="-118.3318898"><name>1402</name></wpt><wpt lat="34.7531724" lon="-118.3318988"><name>1403</name></wpt><wpt lat="34.7531734" lon="-118.3319077"><name>1404</name></wpt><wpt lat="34.7531741" lon="-118.3319161"><name>1405</name></wpt><wpt lat="34.7531752" lon="-118.3319237"><name>1406</name></wpt><wpt lat="34.7531765" lon="-118.3319313"><name>1407</name></wpt><wpt lat="34.7531782" lon="-118.3319389"><name>1408</name></wpt><wpt lat="34.7531805" lon="-118.3319468"><name>1409</name></wpt><wpt lat="34.7531825" lon="-118.3319544"><name>1410</name></wpt><wpt lat="34.7531845" lon="-118.3319618"><name>1411</name></wpt><wpt lat="34.7531869" lon="-118.3319693"><name>1412</name></wpt><wpt lat="34.7531894" lon="-118.3319769"><name>1413</name></wpt><wpt lat="34.7531918" lon="-118.3319846"><name>1414</name></wpt><wpt lat="34.7531939" lon="-118.3319927"><name>1415</name></wpt><wpt lat="34.7531957" lon="-118.3320014"><name>1416</name></wpt><wpt lat="34.7531974" lon="-118.3320107"><name>1417</name></wpt><wpt lat="34.7531997" lon="-118.3320203"><name>1418</name></wpt><wpt lat="34.7532015" lon="-118.3320297"><name>1419</name></wpt><wpt lat="34.7532027" lon="-118.3320394"><name>1420</name></wpt><wpt lat="34.7532041" lon="-118.3320497"><name>1421</name></wpt><wpt lat="34.753205" lon="-118.33206"><name>1422</name></wpt><wpt lat="34.753206" lon="-118.3320705"><name>1423</name></wpt><wpt lat="34.7532077" lon="-118.332081"><name>1424</name></wpt><wpt lat="34.7532087" lon="-118.3320916"><name>1425</name></wpt><wpt lat="34.7532098" lon="-118.332102"><name>1426</name></wpt><wpt lat="34.7532116" lon="-118.332112"><name>1427</name></wpt><wpt lat="34.7532131" lon="-118.3321216"><name>1428</name></wpt><wpt lat="34.7532148" lon="-118.3321311"><name>1429</name></wpt><wpt lat="34.7532168" lon="-118.3321404"><name>1430</name></wpt><wpt lat="34.7532195" lon="-118.3321501"><name>1431</name></wpt><wpt lat="34.7532231" lon="-118.3321598"><name>1432</name></wpt><wpt lat="34.7532265" lon="-118.3321694"><name>1433</name></wpt><wpt lat="34.75323" lon="-118.3321794"><name>1434</name></wpt><wpt lat="34.7532347" lon="-118.3321894"><name>1435</name></wpt><wpt lat="34.7532395" lon="-118.3321989"><name>1436</name></wpt><wpt lat="34.7532439" lon="-118.3322086"><name>1437</name></wpt><wpt lat="34.7532484" lon="-118.332219"><name>1438</name></wpt><wpt lat="34.753252" lon="-118.33223"><name>1439</name></wpt><wpt lat="34.7532556" lon="-118.3322411"><name>1440</name></wpt><wpt lat="34.75326" lon="-118.3322522"><name>1441</name></wpt><wpt lat="34.7532642" lon="-118.3322634"><name>1442</name></wpt><wpt lat="34.7532685" lon="-118.3322748"><name>1443</name></wpt><wpt lat="34.7532733" lon="-118.3322864"><name>1444</name></wpt><wpt lat="34.7532775" lon="-118.3322985"><name>1445</name></wpt><wpt lat="34.753281" lon="-118.3323111"><name>1446</name></wpt><wpt lat="34.7532844" lon="-118.332324"><name>1447</name></wpt><wpt lat="34.7532882" lon="-118.3323373"><name>1448</name></wpt><wpt lat="34.7532925" lon="-118.332351"><name>1449</name></wpt><wpt lat="34.7532967" lon="-118.3323647"><name>1450</name></wpt><wpt lat="34.753301" lon="-118.3323781"><name>1451</name></wpt><wpt lat="34.7533047" lon="-118.3323911"><name>1452</name></wpt><wpt lat="34.753308" lon="-118.3324037"><name>1453</name></wpt><wpt lat="34.7533114" lon="-118.3324158"><name>1454</name></wpt><wpt lat="34.7533151" lon="-118.3324275"><name>1455</name></wpt><wpt lat="34.7533195" lon="-118.332439"><name>1456</name></wpt><wpt lat="34.753325" lon="-118.3324497"><name>1457</name></wpt><wpt lat="34.7533306" lon="-118.3324596"><name>1458</name></wpt><wpt lat="34.7533356" lon="-118.3324689"><name>1459</name></wpt><wpt lat="34.7533401" lon="-118.3324782"><name>1460</name></wpt><wpt lat="34.7533446" lon="-118.3324876"><name>1461</name></wpt><wpt lat="34.7533492" lon="-118.3324974"><name>1462</name></wpt><wpt lat="34.7533539" lon="-118.3325075"><name>1463</name></wpt><wpt lat="34.7533585" lon="-118.3325175"><name>1464</name></wpt><wpt lat="34.7533641" lon="-118.332527"><name>1465</name></wpt><wpt lat="34.75337" lon="-118.3325362"><name>1466</name></wpt><wpt lat="34.7533752" lon="-118.3325454"><name>1467</name></wpt><wpt lat="34.7533803" lon="-118.3325546"><name>1468</name></wpt><wpt lat="34.7533849" lon="-118.3325639"><name>1469</name></wpt><wpt lat="34.7533891" lon="-118.3325734"><name>1470</name></wpt><wpt lat="34.7533933" lon="-118.3325829"><name>1471</name></wpt><wpt lat="34.7533972" lon="-118.3325925"><name>1472</name></wpt><wpt lat="34.7534011" lon="-118.3326018"><name>1473</name></wpt><wpt lat="34.7534048" lon="-118.332611"><name>1474</name></wpt><wpt lat="34.7534076" lon="-118.3326206"><name>1475</name></wpt><wpt lat="34.7534095" lon="-118.3326308"><name>1476</name></wpt><wpt lat="34.7534114" lon="-118.3326412"><name>1477</name></wpt><wpt lat="34.7534132" lon="-118.3326514"><name>1478</name></wpt><wpt lat="34.7534146" lon="-118.3326613"><name>1479</name></wpt><wpt lat="34.7534159" lon="-118.3326706"><name>1480</name></wpt><wpt lat="34.7534171" lon="-118.3326799"><name>1481</name></wpt><wpt lat="34.7534189" lon="-118.3326891"><name>1482</name></wpt><wpt lat="34.7534213" lon="-118.3326978"><name>1483</name></wpt><wpt lat="34.7534239" lon="-118.332706"><name>1484</name></wpt><wpt lat="34.7534267" lon="-118.3327135"><name>1485</name></wpt><wpt lat="34.7534296" lon="-118.3327201"><name>1486</name></wpt><wpt lat="34.7534327" lon="-118.3327255"><name>1487</name></wpt><wpt lat="34.7534358" lon="-118.3327296"><name>1488</name></wpt><wpt lat="34.7534389" lon="-118.3327325"><name>1489</name></wpt><wpt lat="34.753442" lon="-118.3327346"><name>1490</name></wpt><wpt lat="34.7534449" lon="-118.3327359"><name>1491</name></wpt><wpt lat="34.7534484" lon="-118.3327361"><name>1492</name></wpt><wpt lat="34.7534523" lon="-118.3327357"><name>1493</name></wpt><wpt lat="34.7534557" lon="-118.3327344"><name>1494</name></wpt><wpt lat="34.7534591" lon="-118.3327328"><name>1495</name></wpt><wpt lat="34.7534625" lon="-118.3327312"><name>1496</name></wpt><wpt lat="34.7534659" lon="-118.3327297"><name>1497</name></wpt><wpt lat="34.7534692" lon="-118.3327281"><name>1498</name></wpt><wpt lat="34.7534722" lon="-118.3327266"><name>1499</name></wpt><wpt lat="34.753475" lon="-118.3327247"><name>1500</name></wpt><wpt lat="34.7534773" lon="-118.332723"><name>1501</name></wpt><wpt lat="34.7534789" lon="-118.3327214"><name>1502</name></wpt><wpt lat="34.7534804" lon="-118.3327201"><name>1503</name></wpt><wpt lat="34.7534813" lon="-118.3327187"><name>1504</name></wpt><wpt lat="34.7534816" lon="-118.332717"><name>1505</name></wpt><wpt lat="34.753482" lon="-118.3327152"><name>1506</name></wpt><wpt lat="34.7534816" lon="-118.3327128"><name>1507</name></wpt><wpt lat="34.7534805" lon="-118.3327098"><name>1508</name></wpt><wpt lat="34.7534789" lon="-118.3327066"><name>1509</name></wpt><wpt lat="34.7534768" lon="-118.3327032"><name>1510</name></wpt><wpt lat="34.7534741" lon="-118.3326995"><name>1511</name></wpt><wpt lat="34.7534705" lon="-118.3326956"><name>1512</name></wpt><wpt lat="34.753466" lon="-118.332691"><name>1513</name></wpt><wpt lat="34.7534603" lon="-118.3326856"><name>1514</name></wpt><wpt lat="34.7534529" lon="-118.3326794"><name>1515</name></wpt><wpt lat="34.7534439" lon="-118.3326726"><name>1516</name></wpt><wpt lat="34.7534335" lon="-118.3326657"><name>1517</name></wpt><wpt lat="34.7534214" lon="-118.3326584"><name>1518</name></wpt><wpt lat="34.7534077" lon="-118.3326506"><name>1519</name></wpt><wpt lat="34.7533927" lon="-118.3326419"><name>1520</name></wpt><wpt lat="34.7533762" lon="-118.3326316"><name>1521</name></wpt><wpt lat="34.7533583" lon="-118.332619"><name>1522</name></wpt><wpt lat="34.7533393" lon="-118.332604"><name>1523</name></wpt><wpt lat="34.7533192" lon="-118.3325863"><name>1524</name></wpt><wpt lat="34.753298" lon="-118.332566"><name>1525</name></wpt><wpt lat="34.753276" lon="-118.3325427"><name>1526</name></wpt><wpt lat="34.7532532" lon="-118.3325161"><name>1527</name></wpt><wpt lat="34.7532299" lon="-118.3324845"><name>1528</name></wpt><wpt lat="34.7532068" lon="-118.332447"><name>1529</name></wpt><wpt lat="34.7531851" lon="-118.3324038"><name>1530</name></wpt><wpt lat="34.7531644" lon="-118.3323562"><name>1531</name></wpt><wpt lat="34.7531447" lon="-118.3323057"><name>1532</name></wpt><wpt lat="34.7531286" lon="-118.33225"><name>1533</name></wpt><wpt lat="34.7531186" lon="-118.3321888"><name>1534</name></wpt><wpt lat="34.7531156" lon="-118.3321256"><name>1535</name></wpt><wpt lat="34.7531191" lon="-118.3320632"><name>1536</name></wpt><wpt lat="34.7531264" lon="-118.3320021"><name>1537</name></wpt><wpt lat="34.7531369" lon="-118.3319427"><name>1538</name></wpt><wpt lat="34.7531501" lon="-118.331885"><name>1539</name></wpt><wpt lat="34.7531645" lon="-118.3318286"><name>1540</name></wpt><wpt lat="34.753181" lon="-118.3317742"><name>1541</name></wpt><wpt lat="34.7532003" lon="-118.3317222"><name>1542</name></wpt><wpt lat="34.7532217" lon="-118.3316732"><name>1543</name></wpt><wpt lat="34.753245" lon="-118.3316277"><name>1544</name></wpt><wpt lat="34.7532694" lon="-118.3315855"><name>1545</name></wpt><wpt lat="34.7532949" lon="-118.3315479"><name>1546</name></wpt><wpt lat="34.7533209" lon="-118.3315156"><name>1547</name></wpt><wpt lat="34.7533464" lon="-118.3314863"><name>1548</name></wpt><wpt lat="34.7533708" lon="-118.3314603"><name>1549</name></wpt><wpt lat="34.7533929" lon="-118.3314385"><name>1550</name></wpt><wpt lat="34.7534121" lon="-118.3314198"><name>1551</name></wpt><wpt lat="34.7534283" lon="-118.3314035"><name>1552</name></wpt><wpt lat="34.7534422" lon="-118.3313885"><name>1553</name></wpt><wpt lat="34.753455" lon="-118.331374"><name>1554</name></wpt><wpt lat="34.7534661" lon="-118.3313605"><name>1555</name></wpt><wpt lat="34.7534753" lon="-118.3313479"><name>1556</name></wpt><wpt lat="34.7534825" lon="-118.331336"><name>1557</name></wpt><wpt lat="34.7534878" lon="-118.3313245"><name>1558</name></wpt><wpt lat="34.7534912" lon="-118.3313129"><name>1559</name></wpt><wpt lat="34.7534927" lon="-118.3313015"><name>1560</name></wpt><wpt lat="34.7534922" lon="-118.33129"><name>1561</name></wpt><wpt lat="34.7534901" lon="-118.3312784"><name>1562</name></wpt><wpt lat="34.7534861" lon="-118.3312664"><name>1563</name></wpt><wpt lat="34.7534801" lon="-118.3312537"><name>1564</name></wpt><wpt lat="34.7534724" lon="-118.3312403"><name>1565</name></wpt><wpt lat="34.7534634" lon="-118.3312262"><name>1566</name></wpt><wpt lat="34.7534532" lon="-118.3312113"><name>1567</name></wpt><wpt lat="34.7534414" lon="-118.331195"><name>1568</name></wpt><wpt lat="34.753428" lon="-118.331177"><name>1569</name></wpt><wpt lat="34.753413" lon="-118.3311565"><name>1570</name></wpt><wpt lat="34.7533963" lon="-118.331133"><name>1571</name></wpt><wpt lat="34.7533784" lon="-118.3311065"><name>1572</name></wpt><wpt lat="34.7533596" lon="-118.3310763"><name>1573</name></wpt><wpt lat="34.7533403" lon="-118.3310419"><name>1574</name></wpt><wpt lat="34.7533213" lon="-118.3310026"><name>1575</name></wpt><wpt lat="34.7533037" lon="-118.3309582"><name>1576</name></wpt><wpt lat="34.7532887" lon="-118.3309091"><name>1577</name></wpt><wpt lat="34.7532766" lon="-118.330856"><name>1578</name></wpt><wpt lat="34.7532676" lon="-118.3307998"><name>1579</name></wpt><wpt lat="34.7532624" lon="-118.3307413"><name>1580</name></wpt><wpt lat="34.7532633" lon="-118.3306818"><name>1581</name></wpt><wpt lat="34.7532702" lon="-118.3306221"><name>1582</name></wpt><wpt lat="34.7532803" lon="-118.3305631"><name>1583</name></wpt><wpt lat="34.7532929" lon="-118.3305054"><name>1584</name></wpt><wpt lat="34.7533075" lon="-118.3304492"><name>1585</name></wpt><wpt lat="34.7533245" lon="-118.330395"><name>1586</name></wpt><wpt lat="34.7533439" lon="-118.3303433"><name>1587</name></wpt><wpt lat="34.7533655" lon="-118.3302952"><name>1588</name></wpt><wpt lat="34.7533885" lon="-118.3302501"><name>1589</name></wpt><wpt lat="34.7534127" lon="-118.3302078"><name>1590</name></wpt><wpt lat="34.7534382" lon="-118.3301693"><name>1591</name></wpt><wpt lat="34.7534639" lon="-118.3301345"><name>1592</name></wpt><wpt lat="34.7534892" lon="-118.3301025"><name>1593</name></wpt><wpt lat="34.7535133" lon="-118.3300748"><name>1594</name></wpt><wpt lat="34.7535357" lon="-118.3300516"><name>1595</name></wpt><wpt lat="34.7535566" lon="-118.3300318"><name>1596</name></wpt><wpt lat="34.7535754" lon="-118.3300153"><name>1597</name></wpt><wpt lat="34.7535915" lon="-118.3300022"><name>1598</name></wpt><wpt lat="34.7536048" lon="-118.3299915"><name>1599</name></wpt><wpt lat="34.7536154" lon="-118.3299822"><name>1600</name></wpt><wpt lat="34.7536233" lon="-118.3299735"><name>1601</name></wpt><wpt lat="34.7536298" lon="-118.3299649"><name>1602</name></wpt><wpt lat="34.7536355" lon="-118.3299563"><name>1603</name></wpt><wpt lat="34.7536402" lon="-118.329948"><name>1604</name></wpt><wpt lat="34.7536437" lon="-118.3299399"><name>1605</name></wpt><wpt lat="34.7536462" lon="-118.329932"><name>1606</name></wpt><wpt lat="34.7536476" lon="-118.3299244"><name>1607</name></wpt><wpt lat="34.7536475" lon="-118.3299165"><name>1608</name></wpt><wpt lat="34.7536462" lon="-118.3299081"><name>1609</name></wpt><wpt lat="34.7536441" lon="-118.3298992"><name>1610</name></wpt><wpt lat="34.7536417" lon="-118.3298899"><name>1611</name></wpt><wpt lat="34.7536396" lon="-118.32988"><name>1612</name></wpt><wpt lat="34.7536378" lon="-118.3298702"><name>1613</name></wpt><wpt lat="34.753636" lon="-118.3298606"><name>1614</name></wpt><wpt lat="34.753635" lon="-118.3298511"><name>1615</name></wpt><wpt lat="34.753634" lon="-118.3298413"><name>1616</name></wpt><wpt lat="34.753632" lon="-118.3298305"><name>1617</name></wpt><wpt lat="34.7536292" lon="-118.329819"><name>1618</name></wpt><wpt lat="34.7536256" lon="-118.3298072"><name>1619</name></wpt><wpt lat="34.7536221" lon="-118.3297954"><name>1620</name></wpt><wpt lat="34.7536192" lon="-118.3297841"><name>1621</name></wpt><wpt lat="34.7536168" lon="-118.3297734"><name>1622</name></wpt><wpt lat="34.7536147" lon="-118.3297631"><name>1623</name></wpt><wpt lat="34.7536129" lon="-118.3297529"><name>1624</name></wpt><wpt lat="34.7536109" lon="-118.3297427"><name>1625</name></wpt><wpt lat="34.7536082" lon="-118.3297327"><name>1626</name></wpt><wpt lat="34.7536053" lon="-118.3297228"><name>1627</name></wpt><wpt lat="34.7536027" lon="-118.3297135"><name>1628</name></wpt><wpt lat="34.753601" lon="-118.3297049"><name>1629</name></wpt><wpt lat="34.7536002" lon="-118.3296967"><name>1630</name></wpt><wpt lat="34.7535996" lon="-118.329688"><name>1631</name></wpt><wpt lat="34.7535982" lon="-118.3296786"><name>1632</name></wpt><wpt lat="34.7535966" lon="-118.3296688"><name>1633</name></wpt><wpt lat="34.7535944" lon="-118.3296586"><name>1634</name></wpt><wpt lat="34.7535912" lon="-118.3296485"><name>1635</name></wpt><wpt lat="34.7535878" lon="-118.3296387"><name>1636</name></wpt><wpt lat="34.7535849" lon="-118.3296296"><name>1637</name></wpt><wpt lat="34.7535823" lon="-118.3296214"><name>1638</name></wpt><wpt lat="34.7535802" lon="-118.3296139"><name>1639</name></wpt><wpt lat="34.7535783" lon="-118.3296072"><name>1640</name></wpt><wpt lat="34.7535771" lon="-118.3296012"><name>1641</name></wpt><wpt lat="34.7535764" lon="-118.3295952"><name>1642</name></wpt><wpt lat="34.753576" lon="-118.3295885"><name>1643</name></wpt><wpt lat="34.7535749" lon="-118.3295813"><name>1644</name></wpt><wpt lat="34.7535729" lon="-118.3295739"><name>1645</name></wpt><wpt lat="34.7535705" lon="-118.3295664"><name>1646</name></wpt><wpt lat="34.7535681" lon="-118.3295593"><name>1647</name></wpt><wpt lat="34.7535662" lon="-118.3295529"><name>1648</name></wpt><wpt lat="34.7535647" lon="-118.3295469"><name>1649</name></wpt><wpt lat="34.7535632" lon="-118.3295414"><name>1650</name></wpt><wpt lat="34.7535618" lon="-118.3295361"><name>1651</name></wpt><wpt lat="34.7535604" lon="-118.3295312"><name>1652</name></wpt><wpt lat="34.7535593" lon="-118.3295268"><name>1653</name></wpt><wpt lat="34.7535588" lon="-118.3295224"><name>1654</name></wpt><wpt lat="34.7535587" lon="-118.3295177"><name>1655</name></wpt><wpt lat="34.7535577" lon="-118.3295123"><name>1656</name></wpt><wpt lat="34.7535559" lon="-118.3295065"><name>1657</name></wpt><wpt lat="34.7535542" lon="-118.3295011"><name>1658</name></wpt><wpt lat="34.753553" lon="-118.3294961"><name>1659</name></wpt><wpt lat="34.7535516" lon="-118.3294915"><name>1660</name></wpt><wpt lat="34.7535504" lon="-118.3294876"><name>1661</name></wpt><wpt lat="34.7535495" lon="-118.3294844"><name>1662</name></wpt><wpt lat="34.7535489" lon="-118.3294811"><name>1663</name></wpt><wpt lat="34.7535484" lon="-118.3294776"><name>1664</name></wpt><wpt lat="34.7535475" lon="-118.3294742"><name>1665</name></wpt><wpt lat="34.753546" lon="-118.3294708"><name>1666</name></wpt><wpt lat="34.7535445" lon="-118.3294675"><name>1667</name></wpt><wpt lat="34.7535435" lon="-118.3294645"><name>1668</name></wpt><wpt lat="34.7535426" lon="-118.3294616"><name>1669</name></wpt><wpt lat="34.7535418" lon="-118.3294586"><name>1670</name></wpt><wpt lat="34.7535413" lon="-118.3294555"><name>1671</name></wpt><wpt lat="34.7535409" lon="-118.3294518"><name>1672</name></wpt><wpt lat="34.7535404" lon="-118.329448"><name>1673</name></wpt><wpt lat="34.7535398" lon="-118.329444"><name>1674</name></wpt><wpt lat="34.7535385" lon="-118.3294399"><name>1675</name></wpt><wpt lat="34.753537" lon="-118.3294358"><name>1676</name></wpt><wpt lat="34.7535359" lon="-118.3294315"><name>1677</name></wpt><wpt lat="34.7535352" lon="-118.3294271"><name>1678</name></wpt><wpt lat="34.7535343" lon="-118.3294226"><name>1679</name></wpt><wpt lat="34.7535328" lon="-118.3294179"><name>1680</name></wpt><wpt lat="34.7535307" lon="-118.3294131"><name>1681</name></wpt><wpt lat="34.7535288" lon="-118.3294085"><name>1682</name></wpt><wpt lat="34.7535272" lon="-118.3294039"><name>1683</name></wpt><wpt lat="34.7535257" lon="-118.329399"><name>1684</name></wpt><wpt lat="34.7535243" lon="-118.3293939"><name>1685</name></wpt><wpt lat="34.7535231" lon="-118.3293888"><name>1686</name></wpt><wpt lat="34.753522" lon="-118.3293836"><name>1687</name></wpt><wpt lat="34.7535211" lon="-118.3293784"><name>1688</name></wpt><wpt lat="34.7535202" lon="-118.329373"><name>1689</name></wpt><wpt lat="34.7535185" lon="-118.329367"><name>1690</name></wpt><wpt lat="34.7535164" lon="-118.3293608"><name>1691</name></wpt><wpt lat="34.753515" lon="-118.3293547"><name>1692</name></wpt><wpt lat="34.7535138" lon="-118.3293488"><name>1693</name></wpt><wpt lat="34.7535122" lon="-118.3293433"><name>1694</name></wpt><wpt lat="34.7535109" lon="-118.3293381"><name>1695</name></wpt><wpt lat="34.7535098" lon="-118.329333"><name>1696</name></wpt><wpt lat="34.7535079" lon="-118.3293275"><name>1697</name></wpt><wpt lat="34.7535052" lon="-118.3293218"><name>1698</name></wpt><wpt lat="34.7535023" lon="-118.3293164"><name>1699</name></wpt><wpt lat="34.7534992" lon="-118.3293115"><name>1700</name></wpt><wpt lat="34.7534957" lon="-118.3293067"><name>1701</name></wpt><wpt lat="34.7534922" lon="-118.3293023"><name>1702</name></wpt><wpt lat="34.7534888" lon="-118.3292983"><name>1703</name></wpt><wpt lat="34.7534853" lon="-118.3292945"><name>1704</name></wpt><wpt lat="34.7534819" lon="-118.3292905"><name>1705</name></wpt><wpt lat="34.7534791" lon="-118.3292859"><name>1706</name></wpt><wpt lat="34.7534771" lon="-118.3292807"><name>1707</name></wpt><wpt lat="34.7534755" lon="-118.3292749"><name>1708</name></wpt><wpt lat="34.7534737" lon="-118.3292688"><name>1709</name></wpt><wpt lat="34.7534724" lon="-118.3292627"><name>1710</name></wpt><wpt lat="34.7534718" lon="-118.3292562"><name>1711</name></wpt><wpt lat="34.7534713" lon="-118.329249"><name>1712</name></wpt><wpt lat="34.7534704" lon="-118.329241"><name>1713</name></wpt><wpt lat="34.7534691" lon="-118.3292322"><name>1714</name></wpt><wpt lat="34.7534675" lon="-118.3292231"><name>1715</name></wpt><wpt lat="34.7534653" lon="-118.329214"><name>1716</name></wpt><wpt lat="34.7534618" lon="-118.3292051"><name>1717</name></wpt><wpt lat="34.753458" lon="-118.3291965"><name>1718</name></wpt><wpt lat="34.7534545" lon="-118.3291884"><name>1719</name></wpt><wpt lat="34.7534511" lon="-118.3291811"><name>1720</name></wpt><wpt lat="34.7534476" lon="-118.3291744"><name>1721</name></wpt><wpt lat="34.7534441" lon="-118.3291685"><name>1722</name></wpt><wpt lat="34.7534412" lon="-118.3291634"><name>1723</name></wpt><wpt lat="34.7534384" lon="-118.3291585"><name>1724</name></wpt><wpt lat="34.7534358" lon="-118.3291538"><name>1725</name></wpt><wpt lat="34.7534334" lon="-118.3291492"><name>1726</name></wpt><wpt lat="34.7534314" lon="-118.3291447"><name>1727</name></wpt><wpt lat="34.7534293" lon="-118.3291402"><name>1728</name></wpt><wpt lat="34.7534268" lon="-118.3291359"><name>1729</name></wpt><wpt lat="34.7534244" lon="-118.3291319"><name>1730</name></wpt><wpt lat="34.7534226" lon="-118.3291283"><name>1731</name></wpt><wpt lat="34.7534207" lon="-118.3291248"><name>1732</name></wpt><wpt lat="34.7534183" lon="-118.329121"><name>1733</name></wpt><wpt lat="34.7534158" lon="-118.3291173"><name>1734</name></wpt><wpt lat="34.7534136" lon="-118.3291139"><name>1735</name></wpt><wpt lat="34.7534117" lon="-118.3291109"><name>1736</name></wpt><wpt lat="34.7534101" lon="-118.3291082"><name>1737</name></wpt><wpt lat="34.753409" lon="-118.3291056"><name>1738</name></wpt><wpt lat="34.7534083" lon="-118.329103"><name>1739</name></wpt><wpt lat="34.7534084" lon="-118.3291005"><name>1740</name></wpt><wpt lat="34.753408" lon="-118.3290946"><name>1741</name></wpt><wpt lat="34.7534075" lon="-118.3290913"><name>1742</name></wpt><wpt lat="34.7534066" lon="-118.3290882"><name>1743</name></wpt><wpt lat="34.753405" lon="-118.3290853"><name>1744</name></wpt><wpt lat="34.7534031" lon="-118.3290826"><name>1745</name></wpt><wpt lat="34.7534011" lon="-118.3290802"><name>1746</name></wpt><wpt lat="34.7533988" lon="-118.329078"><name>1747</name></wpt><wpt lat="34.7533967" lon="-118.3290764"><name>1748</name></wpt><wpt lat="34.7533941" lon="-118.3290748"><name>1749</name></wpt><wpt lat="34.7533911" lon="-118.3290732"><name>1750</name></wpt><wpt lat="34.7533884" lon="-118.3290723"><name>1751</name></wpt><wpt lat="34.7533863" lon="-118.329072"><name>1752</name></wpt><wpt lat="34.7533841" lon="-118.3290715"><name>1753</name></wpt><wpt lat="34.7533811" lon="-118.3290704"><name>1754</name></wpt><wpt lat="34.7533784" lon="-118.3290698"><name>1755</name></wpt><wpt lat="34.7533762" lon="-118.3290699"><name>1756</name></wpt><wpt lat="34.7533733" lon="-118.3290693"><name>1757</name></wpt><wpt lat="34.7533697" lon="-118.3290675"><name>1758</name></wpt><wpt lat="34.7533672" lon="-118.3290664"><name>1759</name></wpt><wpt lat="34.7533664" lon="-118.3290661"><name>1760</name></wpt><wpt lat="34.7533659" lon="-118.3290656"><name>1761</name></wpt><wpt lat="34.7533654" lon="-118.3290643"><name>1762</name></wpt><wpt lat="34.7533652" lon="-118.3290627"><name>1763</name></wpt><wpt lat="34.7533656" lon="-118.3290613"><name>1764</name></wpt><wpt lat="34.753366" lon="-118.3290602"><name>1765</name></wpt><wpt lat="34.7533658" lon="-118.3290573"><name>1766</name></wpt><wpt lat="34.7533653" lon="-118.329055"><name>1767</name></wpt><wpt lat="34.7533645" lon="-118.3290522"><name>1768</name></wpt><wpt lat="34.7533636" lon="-118.3290491"><name>1769</name></wpt><wpt lat="34.7533623" lon="-118.3290455"><name>1770</name></wpt><wpt lat="34.7533606" lon="-118.3290414"><name>1771</name></wpt><wpt lat="34.7533588" lon="-118.3290375"><name>1772</name></wpt><wpt lat="34.7533574" lon="-118.3290338"><name>1773</name></wpt><wpt lat="34.7533563" lon="-118.3290296"><name>1774</name></wpt><wpt lat="34.7533552" lon="-118.329025"><name>1775</name></wpt><wpt lat="34.7533543" lon="-118.32902"><name>1776</name></wpt><wpt lat="34.7533528" lon="-118.3290142"><name>1777</name></wpt><wpt lat="34.7533501" lon="-118.3290086"><name>1778</name></wpt><wpt lat="34.7533467" lon="-118.3290044"><name>1779</name></wpt><wpt lat="34.7533437" lon="-118.3290017"><name>1780</name></wpt><wpt lat="34.7533409" lon="-118.3290002"><name>1781</name></wpt><wpt lat="34.7533378" lon="-118.3289997"><name>1782</name></wpt><wpt lat="34.753335" lon="-118.3290005"><name>1783</name></wpt><wpt lat="34.7533336" lon="-118.3290025"><name>1784</name></wpt><wpt lat="34.7533322" lon="-118.3290051"><name>1785</name></wpt><wpt lat="34.7533304" lon="-118.3290081"><name>1786</name></wpt><wpt lat="34.7533301" lon="-118.329012"><name>1787</name></wpt><wpt lat="34.7533308" lon="-118.3290165"><name>1788</name></wpt><wpt lat="34.753332" lon="-118.329021"><name>1789</name></wpt><wpt lat="34.753334" lon="-118.3290252"><name>1790</name></wpt><wpt lat="34.7533365" lon="-118.3290285"><name>1791</name></wpt><wpt lat="34.7533396" lon="-118.3290315"><name>1792</name></wpt><wpt lat="34.7533432" lon="-118.3290348"><name>1793</name></wpt><wpt lat="34.753347" lon="-118.3290383"><name>1794</name></wpt><wpt lat="34.753351" lon="-118.3290418"><name>1795</name></wpt><wpt lat="34.7533555" lon="-118.3290453"><name>1796</name></wpt><wpt lat="34.7533594" lon="-118.3290489"><name>1797</name></wpt><wpt lat="34.7533625" lon="-118.3290532"><name>1798</name></wpt><wpt lat="34.7533651" lon="-118.3290578"><name>1799</name></wpt><wpt lat="34.7533671" lon="-118.3290625"><name>1800</name></wpt><wpt lat="34.7533688" lon="-118.3290681"><name>1801</name></wpt><wpt lat="34.75337" lon="-118.3290745"><name>1802</name></wpt><wpt lat="34.7533709" lon="-118.3290809"><name>1803</name></wpt><wpt lat="34.753371" lon="-118.3290868"><name>1804</name></wpt><wpt lat="34.7533705" lon="-118.3290924"><name>1805</name></wpt><wpt lat="34.753371" lon="-118.3290985"><name>1806</name></wpt><wpt lat="34.7533721" lon="-118.3291044"><name>1807</name></wpt><wpt lat="34.7533735" lon="-118.3291101"><name>1808</name></wpt><wpt lat="34.7533754" lon="-118.3291161"><name>1809</name></wpt><wpt lat="34.7533783" lon="-118.3291223"><name>1810</name></wpt><wpt lat="34.7533817" lon="-118.3291289"><name>1811</name></wpt><wpt lat="34.7533858" lon="-118.3291358"><name>1812</name></wpt><wpt lat="34.7533905" lon="-118.3291429"><name>1813</name></wpt><wpt lat="34.7533953" lon="-118.3291499"><name>1814</name></wpt><wpt lat="34.753401" lon="-118.3291573"><name>1815</name></wpt><wpt lat="34.7534077" lon="-118.3291651"><name>1816</name></wpt><wpt lat="34.7534151" lon="-118.3291729"><name>1817</name></wpt><wpt lat="34.7534234" lon="-118.3291806"><name>1818</name></wpt><wpt lat="34.7534315" lon="-118.3291883"><name>1819</name></wpt><wpt lat="34.7534394" lon="-118.3291963"><name>1820</name></wpt><wpt lat="34.7534482" lon="-118.3292043"><name>1821</name></wpt><wpt lat="34.7534578" lon="-118.3292124"><name>1822</name></wpt><wpt lat="34.7534676" lon="-118.3292202"><name>1823</name></wpt><wpt lat="34.7534777" lon="-118.3292278"><name>1824</name></wpt><wpt lat="34.7534881" lon="-118.329235"><name>1825</name></wpt><wpt lat="34.7534985" lon="-118.3292418"><name>1826</name></wpt><wpt lat="34.753509" lon="-118.3292486"><name>1827</name></wpt><wpt lat="34.7535192" lon="-118.3292554"><name>1828</name></wpt><wpt lat="34.7535287" lon="-118.3292625"><name>1829</name></wpt><wpt lat="34.7535381" lon="-118.3292697"><name>1830</name></wpt><wpt lat="34.7535472" lon="-118.3292775"><name>1831</name></wpt><wpt lat="34.7535558" lon="-118.3292856"><name>1832</name></wpt><wpt lat="34.7535644" lon="-118.3292939"><name>1833</name></wpt><wpt lat="34.7535727" lon="-118.3293024"><name>1834</name></wpt><wpt lat="34.7535809" lon="-118.3293111"><name>1835</name></wpt><wpt lat="34.7535891" lon="-118.3293198"><name>1836</name></wpt><wpt lat="34.7535973" lon="-118.3293289"><name>1837</name></wpt><wpt lat="34.7536055" lon="-118.3293382"><name>1838</name></wpt><wpt lat="34.7536137" lon="-118.3293477"><name>1839</name></wpt><wpt lat="34.7536218" lon="-118.3293571"><name>1840</name></wpt><wpt lat="34.7536296" lon="-118.3293665"><name>1841</name></wpt><wpt lat="34.7536373" lon="-118.3293756"><name>1842</name></wpt><wpt lat="34.7536447" lon="-118.3293846"><name>1843</name></wpt><wpt lat="34.7536524" lon="-118.3293935"><name>1844</name></wpt><wpt lat="34.7536607" lon="-118.3294021"><name>1845</name></wpt><wpt lat="34.7536696" lon="-118.3294105"><name>1846</name></wpt><wpt lat="34.7536787" lon="-118.3294188"><name>1847</name></wpt><wpt lat="34.7536874" lon="-118.3294271"><name>1848</name></wpt><wpt lat="34.7536966" lon="-118.3294355"><name>1849</name></wpt><wpt lat="34.7537061" lon="-118.329444"><name>1850</name></wpt><wpt lat="34.7537156" lon="-118.3294524"><name>1851</name></wpt><wpt lat="34.7537257" lon="-118.3294607"><name>1852</name></wpt><wpt lat="34.7537363" lon="-118.3294686"><name>1853</name></wpt><wpt lat="34.7537469" lon="-118.3294761"><name>1854</name></wpt><wpt lat="34.7537576" lon="-118.3294836"><name>1855</name></wpt><wpt lat="34.7537683" lon="-118.3294911"><name>1856</name></wpt><wpt lat="34.7537787" lon="-118.3294986"><name>1857</name></wpt><wpt lat="34.7537888" lon="-118.3295061"><name>1858</name></wpt><wpt lat="34.7537985" lon="-118.3295139"><name>1859</name></wpt><wpt lat="34.7538078" lon="-118.3295219"><name>1860</name></wpt><wpt lat="34.7538167" lon="-118.3295302"><name>1861</name></wpt><wpt lat="34.7538251" lon="-118.3295385"><name>1862</name></wpt><wpt lat="34.7538332" lon="-118.3295471"><name>1863</name></wpt><wpt lat="34.7538413" lon="-118.3295564"><name>1864</name></wpt><wpt lat="34.7538494" lon="-118.329566"><name>1865</name></wpt><wpt lat="34.7538576" lon="-118.3295755"><name>1866</name></wpt><wpt lat="34.7538662" lon="-118.3295847"><name>1867</name></wpt><wpt lat="34.7538747" lon="-118.3295935"><name>1868</name></wpt><wpt lat="34.7538831" lon="-118.3296023"><name>1869</name></wpt><wpt lat="34.7538912" lon="-118.3296112"><name>1870</name></wpt><wpt lat="34.7538989" lon="-118.3296201"><name>1871</name></wpt><wpt lat="34.7539064" lon="-118.3296292"><name>1872</name></wpt><wpt lat="34.7539143" lon="-118.3296385"><name>1873</name></wpt><wpt lat="34.7539221" lon="-118.3296475"><name>1874</name></wpt><wpt lat="34.7539293" lon="-118.3296563"><name>1875</name></wpt><wpt lat="34.7539363" lon="-118.329665"><name>1876</name></wpt><wpt lat="34.7539426" lon="-118.3296733"><name>1877</name></wpt><wpt lat="34.7539481" lon="-118.3296816"><name>1878</name></wpt><wpt lat="34.7539537" lon="-118.3296903"><name>1879</name></wpt><wpt lat="34.7539594" lon="-118.329699"><name>1880</name></wpt><wpt lat="34.7539652" lon="-118.3297079"><name>1881</name></wpt><wpt lat="34.7539711" lon="-118.3297168"><name>1882</name></wpt><wpt lat="34.7539771" lon="-118.3297259"><name>1883</name></wpt><wpt lat="34.7539829" lon="-118.3297353"><name>1884</name></wpt><wpt lat="34.7539889" lon="-118.3297448"><name>1885</name></wpt><wpt lat="34.7539952" lon="-118.3297548"><name>1886</name></wpt><wpt lat="34.7540014" lon="-118.3297655"><name>1887</name></wpt><wpt lat="34.7540078" lon="-118.3297766"><name>1888</name></wpt><wpt lat="34.7540143" lon="-118.3297879"><name>1889</name></wpt><wpt lat="34.754021" lon="-118.3297989"><name>1890</name></wpt><wpt lat="34.7540275" lon="-118.3298095"><name>1891</name></wpt><wpt lat="34.7540335" lon="-118.3298198"><name>1892</name></wpt><wpt lat="34.7540385" lon="-118.3298304"><name>1893</name></wpt><wpt lat="34.7540428" lon="-118.3298416"><name>1894</name></wpt><wpt lat="34.7540469" lon="-118.3298535"><name>1895</name></wpt><wpt lat="34.7540498" lon="-118.3298652"><name>1896</name></wpt><wpt lat="34.7540511" lon="-118.3298774"><name>1897</name></wpt><wpt lat="34.7540517" lon="-118.3298904"><name>1898</name></wpt><wpt lat="34.7540526" lon="-118.3299032"><name>1899</name></wpt><wpt lat="34.7540541" lon="-118.3299163"><name>1900</name></wpt><wpt lat="34.7540554" lon="-118.3299295"><name>1901</name></wpt><wpt lat="34.7540573" lon="-118.3299442"><name>1902</name></wpt><wpt lat="34.7540601" lon="-118.3299601"><name>1903</name></wpt><wpt lat="34.7540636" lon="-118.329976"><name>1904</name></wpt><wpt lat="34.7540677" lon="-118.3299917"><name>1905</name></wpt><wpt lat="34.754072" lon="-118.3300066"><name>1906</name></wpt><wpt lat="34.7540754" lon="-118.3300203"><name>1907</name></wpt><wpt lat="34.7540775" lon="-118.330034"><name>1908</name></wpt><wpt lat="34.7540806" lon="-118.3300478"><name>1909</name></wpt><wpt lat="34.7540837" lon="-118.3300614"><name>1910</name></wpt><wpt lat="34.7540859" lon="-118.3300746"><name>1911</name></wpt><wpt lat="34.7540881" lon="-118.3300878"><name>1912</name></wpt><wpt lat="34.7540903" lon="-118.3301013"><name>1913</name></wpt><wpt lat="34.7540918" lon="-118.3301152"><name>1914</name></wpt><wpt lat="34.754092" lon="-118.3301293"><name>1915</name></wpt><wpt lat="34.7540923" lon="-118.330143"><name>1916</name></wpt><wpt lat="34.7540916" lon="-118.330169"><name>1917</name></wpt><wpt lat="34.7540904" lon="-118.3301811"><name>1918</name></wpt><wpt lat="34.754089" lon="-118.3301926"><name>1919</name></wpt><wpt lat="34.7540878" lon="-118.3302039"><name>1920</name></wpt><wpt lat="34.7540864" lon="-118.3302148"><name>1921</name></wpt><wpt lat="34.7540854" lon="-118.3302259"><name>1922</name></wpt><wpt lat="34.7540855" lon="-118.3302372"><name>1923</name></wpt><wpt lat="34.7540859" lon="-118.3302483"><name>1924</name></wpt><wpt lat="34.754087" lon="-118.3302587"><name>1925</name></wpt><wpt lat="34.7540887" lon="-118.3302685"><name>1926</name></wpt><wpt lat="34.7540901" lon="-118.3302775"><name>1927</name></wpt><wpt lat="34.7540915" lon="-118.3302856"><name>1928</name></wpt><wpt lat="34.7540925" lon="-118.3302932"><name>1929</name></wpt><wpt lat="34.7540928" lon="-118.3303003"><name>1930</name></wpt><wpt lat="34.7540927" lon="-118.3303073"><name>1931</name></wpt><wpt lat="34.7540921" lon="-118.3303139"><name>1932</name></wpt><wpt lat="34.7540918" lon="-118.3303205"><name>1933</name></wpt><wpt lat="34.754092" lon="-118.3303272"><name>1934</name></wpt><wpt lat="34.7540919" lon="-118.3303339"><name>1935</name></wpt><wpt lat="34.7540915" lon="-118.3303407"><name>1936</name></wpt><wpt lat="34.7540922" lon="-118.3303481"><name>1937</name></wpt><wpt lat="34.7540933" lon="-118.3303559"><name>1938</name></wpt><wpt lat="34.7540944" lon="-118.3303638"><name>1939</name></wpt><wpt lat="34.7540956" lon="-118.3303715"><name>1940</name></wpt><wpt lat="34.7540968" lon="-118.3303792"><name>1941</name></wpt><wpt lat="34.7540977" lon="-118.3303868"><name>1942</name></wpt><wpt lat="34.7540982" lon="-118.3303942"><name>1943</name></wpt><wpt lat="34.7540984" lon="-118.3304016"><name>1944</name></wpt><wpt lat="34.7540982" lon="-118.3304091"><name>1945</name></wpt><wpt lat="34.7540976" lon="-118.3304164"><name>1946</name></wpt><wpt lat="34.7540971" lon="-118.3304236"><name>1947</name></wpt><wpt lat="34.7540966" lon="-118.330431"><name>1948</name></wpt><wpt lat="34.7540967" lon="-118.3304389"><name>1949</name></wpt><wpt lat="34.7540979" lon="-118.3304474"><name>1950</name></wpt><wpt lat="34.7540983" lon="-118.3304561"><name>1951</name></wpt><wpt lat="34.7540988" lon="-118.3304655"><name>1952</name></wpt><wpt lat="34.7541" lon="-118.3304753"><name>1953</name></wpt><wpt lat="34.7541006" lon="-118.3304844"><name>1954</name></wpt><wpt lat="34.7541009" lon="-118.3304935"><name>1955</name></wpt><wpt lat="34.7541011" lon="-118.3305029"><name>1956</name></wpt><wpt lat="34.7541006" lon="-118.3305123"><name>1957</name></wpt><wpt lat="34.7540999" lon="-118.3305216"><name>1958</name></wpt><wpt lat="34.7540986" lon="-118.3305309"><name>1959</name></wpt><wpt lat="34.7540971" lon="-118.3305404"><name>1960</name></wpt><wpt lat="34.7540963" lon="-118.3305504"><name>1961</name></wpt><wpt lat="34.7540957" lon="-118.3305607"><name>1962</name></wpt><wpt lat="34.7540947" lon="-118.3305716"><name>1963</name></wpt><wpt lat="34.7540938" lon="-118.3305827"><name>1964</name></wpt><wpt lat="34.7540939" lon="-118.3305951"><name>1965</name></wpt><wpt lat="34.7540949" lon="-118.3306084"><name>1966</name></wpt><wpt lat="34.754096" lon="-118.3306218"><name>1967</name></wpt><wpt lat="34.7540978" lon="-118.3306356"><name>1968</name></wpt><wpt lat="34.7540996" lon="-118.3306494"><name>1969</name></wpt><wpt lat="34.7541012" lon="-118.3306634"><name>1970</name></wpt><wpt lat="34.7541026" lon="-118.3306777"><name>1971</name></wpt><wpt lat="34.7541037" lon="-118.3306927"><name>1972</name></wpt><wpt lat="34.7541059" lon="-118.3307081"><name>1973</name></wpt><wpt lat="34.7541093" lon="-118.3307244"><name>1974</name></wpt><wpt lat="34.7541132" lon="-118.3307407"><name>1975</name></wpt><wpt lat="34.7541174" lon="-118.3307562"><name>1976</name></wpt><wpt lat="34.7541212" lon="-118.3307716"><name>1977</name></wpt><wpt lat="34.7541247" lon="-118.3307872"><name>1978</name></wpt><wpt lat="34.7541278" lon="-118.3308028"><name>1979</name></wpt><wpt lat="34.7541293" lon="-118.3308185"><name>1980</name></wpt><wpt lat="34.7541281" lon="-118.330834"><name>1981</name></wpt><wpt lat="34.7541266" lon="-118.3308491"><name>1982</name></wpt><wpt lat="34.754126" lon="-118.330878"><name>1983</name></wpt><wpt lat="34.7541252" lon="-118.3308917"><name>1984</name></wpt><wpt lat="34.7541253" lon="-118.3309057"><name>1985</name></wpt><wpt lat="34.7541258" lon="-118.3309198"><name>1986</name></wpt><wpt lat="34.7541277" lon="-118.3309337"><name>1987</name></wpt><wpt lat="34.7541313" lon="-118.3309471"><name>1988</name></wpt><wpt lat="34.7541353" lon="-118.3309596"><name>1989</name></wpt><wpt lat="34.7541388" lon="-118.3309719"><name>1990</name></wpt><wpt lat="34.7541414" lon="-118.3309843"><name>1991</name></wpt><wpt lat="34.7541447" lon="-118.3309965"><name>1992</name></wpt><wpt lat="34.7541472" lon="-118.331008"><name>1993</name></wpt><wpt lat="34.7541481" lon="-118.3310194"><name>1994</name></wpt><wpt lat="34.7541502" lon="-118.3310315"><name>1995</name></wpt><wpt lat="34.7541521" lon="-118.3310439"><name>1996</name></wpt><wpt lat="34.7541541" lon="-118.3310569"><name>1997</name></wpt><wpt lat="34.7541554" lon="-118.3310703"><name>1998</name></wpt><wpt lat="34.7541551" lon="-118.3310839"><name>1999</name></wpt><wpt lat="34.7541564" lon="-118.3310985"><name>2000</name></wpt><wpt lat="34.754159" lon="-118.3311138"><name>2001</name></wpt><wpt lat="34.7541611" lon="-118.3311287"><name>2002</name></wpt><wpt lat="34.7541629" lon="-118.3311429"><name>2003</name></wpt><wpt lat="34.754165" lon="-118.3311568"><name>2004</name></wpt><wpt lat="34.7541668" lon="-118.3311704"><name>2005</name></wpt><wpt lat="34.7541685" lon="-118.331184"><name>2006</name></wpt><wpt lat="34.75417" lon="-118.331198"><name>2007</name></wpt><wpt lat="34.7541708" lon="-118.3312128"><name>2008</name></wpt><wpt lat="34.7541707" lon="-118.3312284"><name>2009</name></wpt><wpt lat="34.7541703" lon="-118.3312447"><name>2010</name></wpt><wpt lat="34.7541701" lon="-118.3312606"><name>2011</name></wpt><wpt lat="34.7541698" lon="-118.3312758"><name>2012</name></wpt><wpt lat="34.7541701" lon="-118.3312908"><name>2013</name></wpt><wpt lat="34.7541711" lon="-118.3313053"><name>2014</name></wpt><wpt lat="34.7541718" lon="-118.3313189"><name>2015</name></wpt><wpt lat="34.7541715" lon="-118.3313313"><name>2016</name></wpt><wpt lat="34.7541717" lon="-118.3313424"><name>2017</name></wpt><wpt lat="34.7541718" lon="-118.3313523"><name>2018</name></wpt><wpt lat="34.7541724" lon="-118.3313608"><name>2019</name></wpt><wpt lat="34.7541736" lon="-118.3313684"><name>2020</name></wpt><wpt lat="34.7541737" lon="-118.3313752"><name>2021</name></wpt><wpt lat="34.7541723" lon="-118.3313816"><name>2022</name></wpt><wpt lat="34.7541699" lon="-118.3313879"><name>2023</name></wpt><wpt lat="34.7541678" lon="-118.3313938"><name>2024</name></wpt><wpt lat="34.7541658" lon="-118.3313998"><name>2025</name></wpt><wpt lat="34.7541634" lon="-118.3314059"><name>2026</name></wpt><wpt lat="34.7541599" lon="-118.3314123"><name>2027</name></wpt><wpt lat="34.7541548" lon="-118.3314182"><name>2028</name></wpt><wpt lat="34.7541483" lon="-118.3314227"><name>2029</name></wpt><wpt lat="34.7541406" lon="-118.3314245"><name>2030</name></wpt><wpt lat="34.7541325" lon="-118.3314241"><name>2031</name></wpt><wpt lat="34.7541254" lon="-118.3314229"><name>2032</name></wpt><wpt lat="34.7541195" lon="-118.3314216"><name>2033</name></wpt><wpt lat="34.7541139" lon="-118.3314204"><name>2034</name></wpt><wpt lat="34.754108" lon="-118.3314198"><name>2035</name></wpt><wpt lat="34.754102" lon="-118.3314195"><name>2036</name></wpt><wpt lat="34.7540979" lon="-118.3314192"><name>2037</name></wpt><wpt lat="34.7540969" lon="-118.331419"><name>2038</name></wpt><wpt lat="34.754097" lon="-118.3314191"><name>2039</name></wpt><wpt lat="34.7540969" lon="-118.3314192"><name>2040</name></wpt><wpt lat="34.7540967" lon="-118.3314196"><name>2041</name></wpt><wpt lat="34.7540966" lon="-118.3314199"><name>2042</name></wpt><wpt lat="34.7540964" lon="-118.3314201"><name>2043</name></wpt><wpt lat="34.7540963" lon="-118.3314204"><name>2044</name></wpt><wpt lat="34.7540962" lon="-118.3314205"><name>2045</name></wpt><wpt lat="34.754096" lon="-118.331421"><name>2046</name></wpt><wpt lat="34.754096" lon="-118.3314211"><name>2047</name></wpt><wpt lat="34.7540964" lon="-118.3314212"><name>2048</name></wpt><wpt lat="34.7540966" lon="-118.3314214"><name>2049</name></wpt><wpt lat="34.7540992" lon="-118.3314215"><name>2050</name></wpt><wpt lat="34.7541002" lon="-118.3314219"><name>2051</name></wpt><wpt lat="34.7541007" lon="-118.3314221"><name>2052</name></wpt><wpt lat="34.7541009" lon="-118.331422"><name>2053</name></wpt><wpt lat="34.754101" lon="-118.3314222"><name>2054</name></wpt><wpt lat="34.7541013" lon="-118.3314227"><name>2055</name></wpt><wpt lat="34.7541022" lon="-118.3314235"><name>2056</name></wpt><wpt lat="34.7541033" lon="-118.3314246"><name>2057</name></wpt><wpt lat="34.7541042" lon="-118.3314261"><name>2058</name></wpt><wpt lat="34.7541054" lon="-118.3314279"><name>2059</name></wpt><wpt lat="34.7541071" lon="-118.3314296"><name>2060</name></wpt><wpt lat="34.7541092" lon="-118.3314311"><name>2061</name></wpt><wpt lat="34.7541113" lon="-118.3314326"><name>2062</name></wpt><wpt lat="34.7541133" lon="-118.3314341"><name>2063</name></wpt><wpt lat="34.7541158" lon="-118.3314359"><name>2064</name></wpt><wpt lat="34.7541182" lon="-118.3314376"><name>2065</name></wpt><wpt lat="34.7541206" lon="-118.3314391"><name>2066</name></wpt><wpt lat="34.754123" lon="-118.3314409"><name>2067</name></wpt><wpt lat="34.7541251" lon="-118.3314429"><name>2068</name></wpt><wpt lat="34.7541277" lon="-118.3314451"><name>2069</name></wpt><wpt lat="34.75413" lon="-118.3314472"><name>2070</name></wpt><wpt lat="34.7541324" lon="-118.3314491"><name>2071</name></wpt><wpt lat="34.7541347" lon="-118.3314509"><name>2072</name></wpt><wpt lat="34.7541366" lon="-118.3314528"><name>2073</name></wpt><wpt lat="34.7541389" lon="-118.3314552"><name>2074</name></wpt><wpt lat="34.7541412" lon="-118.3314573"><name>2075</name></wpt><wpt lat="34.7541434" lon="-118.3314593"><name>2076</name></wpt><wpt lat="34.7541454" lon="-118.3314616"><name>2077</name></wpt><wpt lat="34.7541473" lon="-118.3314636"><name>2078</name></wpt><wpt lat="34.7541495" lon="-118.3314664"><name>2079</name></wpt><wpt lat="34.7541513" lon="-118.3314692"><name>2080</name></wpt><wpt lat="34.7541532" lon="-118.3314716"><name>2081</name></wpt><wpt lat="34.7541553" lon="-118.3314744"><name>2082</name></wpt><wpt lat="34.7541576" lon="-118.3314767"><name>2083</name></wpt><wpt lat="34.7541601" lon="-118.3314795"><name>2084</name></wpt><wpt lat="34.7541626" lon="-118.3314823"><name>2085</name></wpt><wpt lat="34.7541652" lon="-118.3314846"><name>2086</name></wpt><wpt lat="34.7541676" lon="-118.3314869"><name>2087</name></wpt><wpt lat="34.7541697" lon="-118.3314891"><name>2088</name></wpt><wpt lat="34.7541721" lon="-118.331492"><name>2089</name></wpt><wpt lat="34.7541745" lon="-118.3314947"><name>2090</name></wpt><wpt lat="34.7541772" lon="-118.3314973"><name>2091</name></wpt><wpt lat="34.7541795" lon="-118.3314997"><name>2092</name></wpt><wpt lat="34.7541814" lon="-118.331502"><name>2093</name></wpt><wpt lat="34.7541838" lon="-118.331504"><name>2094</name></wpt><wpt lat="34.7541862" lon="-118.3315056"><name>2095</name></wpt><wpt lat="34.7541888" lon="-118.3315076"><name>2096</name></wpt><wpt lat="34.7541913" lon="-118.3315093"><name>2097</name></wpt><wpt lat="34.7541934" lon="-118.3315109"><name>2098</name></wpt><wpt lat="34.7541958" lon="-118.3315126"><name>2099</name></wpt><wpt lat="34.7541983" lon="-118.3315141"><name>2100</name></wpt><wpt lat="34.754201" lon="-118.3315153"><name>2101</name></wpt><wpt lat="34.7542033" lon="-118.3315167"><name>2102</name></wpt><wpt lat="34.7542052" lon="-118.3315178"><name>2103</name></wpt><wpt lat="34.7542078" lon="-118.3315191"><name>2104</name></wpt><wpt lat="34.7542104" lon="-118.3315205"><name>2105</name></wpt><wpt lat="34.754213" lon="-118.331521"><name>2106</name></wpt><wpt lat="34.7542158" lon="-118.331522"><name>2107</name></wpt><wpt lat="34.7542184" lon="-118.3315234"><name>2108</name></wpt><wpt lat="34.754221" lon="-118.331525"><name>2109</name></wpt><wpt lat="34.7542235" lon="-118.3315266"><name>2110</name></wpt><wpt lat="34.754226" lon="-118.3315278"><name>2111</name></wpt><wpt lat="34.754229" lon="-118.3315293"><name>2112</name></wpt><wpt lat="34.7542317" lon="-118.3315309"><name>2113</name></wpt><wpt lat="34.7542347" lon="-118.3315327"><name>2114</name></wpt><wpt lat="34.7542373" lon="-118.3315343"><name>2115</name></wpt><wpt lat="34.7542397" lon="-118.3315357"><name>2116</name></wpt><wpt lat="34.7542422" lon="-118.3315372"><name>2117</name></wpt><wpt lat="34.7542444" lon="-118.3315388"><name>2118</name></wpt><wpt lat="34.754247" lon="-118.331541"><name>2119</name></wpt><wpt lat="34.7542498" lon="-118.3315431"><name>2120</name></wpt><wpt lat="34.7542523" lon="-118.3315448"><name>2121</name></wpt><wpt lat="34.7542544" lon="-118.331547"><name>2122</name></wpt><wpt lat="34.7542562" lon="-118.331549"><name>2123</name></wpt><wpt lat="34.7542582" lon="-118.3315514"><name>2124</name></wpt><wpt lat="34.7542603" lon="-118.3315539"><name>2125</name></wpt><wpt lat="34.7542626" lon="-118.3315561"><name>2126</name></wpt><wpt lat="34.7542648" lon="-118.3315582"><name>2127</name></wpt><wpt lat="34.7542666" lon="-118.3315604"><name>2128</name></wpt><wpt lat="34.7542685" lon="-118.3315627"><name>2129</name></wpt><wpt lat="34.7542705" lon="-118.3315647"><name>2130</name></wpt><wpt lat="34.7542725" lon="-118.3315668"><name>2131</name></wpt><wpt lat="34.7542743" lon="-118.331569"><name>2132</name></wpt><wpt lat="34.7542759" lon="-118.3315709"><name>2133</name></wpt><wpt lat="34.7542775" lon="-118.331573"><name>2134</name></wpt><wpt lat="34.7542791" lon="-118.331575"><name>2135</name></wpt><wpt lat="34.7542805" lon="-118.3315766"><name>2136</name></wpt><wpt lat="34.7542819" lon="-118.3315785"><name>2137</name></wpt><wpt lat="34.7542833" lon="-118.3315807"><name>2138</name></wpt><wpt lat="34.7542843" lon="-118.3315829"><name>2139</name></wpt><wpt lat="34.7542849" lon="-118.331585"><name>2140</name></wpt><wpt lat="34.7542853" lon="-118.3315864"><name>2141</name></wpt><wpt lat="34.7542862" lon="-118.3315873"><name>2142</name></wpt><wpt lat="34.7542867" lon="-118.3315882"><name>2143</name></wpt><wpt lat="34.7542868" lon="-118.3315886"><name>2144</name></wpt><wpt lat="34.7542872" lon="-118.3315889"><name>2145</name></wpt><wpt lat="34.7542881" lon="-118.331589"><name>2146</name></wpt><wpt lat="34.7542885" lon="-118.3315893"><name>2147</name></wpt><wpt lat="34.7542882" lon="-118.3315899"><name>2148</name></wpt></gpx>