<gpx creator="Mission Planner" xmlns="http://www.topografix.com/GPX/1/1"><trk><trkseg><trkpt lat="34.7541194" lon="-118.3343127"><ele>766.12</ele><time>2026-06-07T12:04:14-05:00</time><course>262.9249</course><roll>5.2992</roll><pitch>-4.91821</pitch><mode /></trkpt><trkpt lat="34.7541167" lon="-118.3343028"><ele>767.44</ele><time>2026-06-07T12:04:20-05:00</time><course>262.9199</course><roll>5.011618</roll><pitch>-5.071424</pitch><mode /></trkpt><trkpt lat="34.7541162" lon="-118.3343019"><ele>767.52</ele><time>2026-06-07T12:04:20-05:00</time><course>262.3922</course><roll>3.632017</roll><pitch>-5.643427</pitch><mode /></trkpt><trkpt lat="34.7541156" lon="-118.3343004"><ele>767.75</ele><time>2026-06-07T12:04:20-05:00</time><course>262.3318</course><roll>3.364998</roll><pitch>-6.095832</pitch><mode /></trkpt><trkpt lat="34.7541152" lon="-118.3342999"><ele>767.85</ele><time>2026-06-07T12:04:21-05:00</time><course>263.3537</course><roll>6.079432</roll><pitch>-5.21105</pitch><mode /></trkpt><trkpt lat="34.7541144" lon="-118.334299"><ele>768.05</ele><time>2026-06-07T12:04:21-05:00</time><course>265.5274</course><roll>5.883082</roll><pitch>-6.150118</pitch><mode /></trkpt><trkpt lat="34.7541139" lon="-118.3342997"><ele>768.05</ele><time>2026-06-07T12:04:22-05:00</time><course>260.8931</course><roll>2.16233</roll><pitch>-10.53087</pitch><mode /></trkpt><trkpt lat="34.7541134" lon="-118.3342979"><ele>768.26</ele><time>2026-06-07T12:04:22-05:00</time><course>260.1624</course><roll>1.856112</roll><pitch>-7.383971</pitch><mode /></trkpt><trkpt lat="34.7541128" lon="-118.3342948"><ele>768.65</ele><time>2026-06-07T12:04:22-05:00</time><course>257.8419</course><roll>2.989308</roll><pitch>-4.956692</pitch><mode /></trkpt><trkpt lat="34.7541127" lon="-118.334293"><ele>768.91</ele><time>2026-06-07T12:04:23-05:00</time><course>257.07</course><roll>3.890891</roll><pitch>-4.77613</pitch><mode /></trkpt><trkpt lat="34.7541119" lon="-118.3342913"><ele>769.03</ele><time>2026-06-07T12:04:23-05:00</time><course>257.2056</course><roll>4.035166</roll><pitch>-5.850653</pitch><mode /></trkpt><trkpt lat="34.754111" lon="-118.3342901"><ele>769.1</ele><time>2026-06-07T12:04:24-05:00</time><course>255.216</course><roll>4.914301</roll><pitch>-7.076078</pitch><mode /></trkpt><trkpt lat="34.7541109" lon="-118.3342897"><ele>769.36</ele><time>2026-06-07T12:04:24-05:00</time><course>253.4346</course><roll>7.392982</roll><pitch>-6.738508</pitch><mode /></trkpt><trkpt lat="34.7541105" lon="-118.3342894"><ele>769.66</ele><time>2026-06-07T12:04:24-05:00</time><course>252.1855</course><roll>9.080321</roll><pitch>-12.4698</pitch><mode /></trkpt><trkpt lat="34.7541101" lon="-118.3342887"><ele>769.95</ele><time>2026-06-07T12:04:25-05:00</time><course>254.83</course><roll>10.13091</roll><pitch>-14.06366</pitch><mode /></trkpt><trkpt lat="34.7541098" lon="-118.3342887"><ele>769.98</ele><time>2026-06-07T12:04:26-05:00</time><course>268.6541</course><roll>9.196946</roll><pitch>-2.157753</pitch><mode /></trkpt><trkpt lat="34.7541092" lon="-118.3342883"><ele>770.02</ele><time>2026-06-07T12:04:26-05:00</time><course>268.5127</course><roll>9.316311</roll><pitch>-2.233683</pitch><mode /></trkpt><trkpt lat="34.7541089" lon="-118.3342882"><ele>770.07</ele><time>2026-06-07T12:04:26-05:00</time><course>266.7715</course><roll>8.654121</roll><pitch>-4.205176</pitch><mode /></trkpt><trkpt lat="34.754109" lon="-118.3342888"><ele>770.14</ele><time>2026-06-07T12:04:27-05:00</time><course>267.2543</course><roll>4.543229</roll><pitch>-4.342093</pitch><mode /></trkpt><trkpt lat="34.7541083" lon="-118.3342917"><ele>770.02</ele><time>2026-06-07T12:04:28-05:00</time><course>272.386</course><roll>4.873019</roll><pitch>-0.3575296</pitch><mode /></trkpt><trkpt lat="34.754108" lon="-118.3342918"><ele>769.95</ele><time>2026-06-07T12:04:29-05:00</time><course>272.3044</course><roll>4.69798</roll><pitch>0.05912393</pitch><mode /></trkpt><trkpt lat="34.7541077" lon="-118.3342915"><ele>769.88</ele><time>2026-06-07T12:04:29-05:00</time><course>270.0494</course><roll>3.84286</roll><pitch>-1.51644</pitch><mode /></trkpt><trkpt lat="34.7541081" lon="-118.3342912"><ele>769.85</ele><time>2026-06-07T12:04:30-05:00</time><course>266.783</course><roll>1.492568</roll><pitch>-13.10936</pitch><mode /></trkpt><trkpt lat="34.7541088" lon="-118.3342915"><ele>770</ele><time>2026-06-07T12:04:30-05:00</time><course>266.7108</course><roll>0.5076882</roll><pitch>-12.15513</pitch><mode /></trkpt><trkpt lat="34.7541089" lon="-118.3342911"><ele>770.14</ele><time>2026-06-07T12:04:30-05:00</time><course>267.1194</course><roll>1.642512</roll><pitch>-7.51623</pitch><mode /></trkpt><trkpt lat="34.7541088" lon="-118.3342904"><ele>770.25</ele><time>2026-06-07T12:04:31-05:00</time><course>267.8129</course><roll>2.533234</roll><pitch>-6.739748</pitch><mode /></trkpt><trkpt lat="34.7541089" lon="-118.3342888"><ele>770.91</ele><time>2026-06-07T12:04:32-05:00</time><course>268.0395</course><roll>4.250406</roll><pitch>-4.426283</pitch><mode /></trkpt><trkpt lat="34.7541088" lon="-118.3342889"><ele>771.18</ele><time>2026-06-07T12:04:32-05:00</time><course>267.7127</course><roll>4.31868</roll><pitch>-3.459948</pitch><mode /></trkpt><trkpt lat="34.7541089" lon="-118.3342895"><ele>771.56</ele><time>2026-06-07T12:04:33-05:00</time><course>272.1299</course><roll>1.391747</roll><pitch>-4.268563</pitch><mode /></trkpt><trkpt lat="34.7541088" lon="-118.3342897"><ele>771.64</ele><time>2026-06-07T12:04:33-05:00</time><course>270.7614</course><roll>3.307315</roll><pitch>-2.98422</pitch><mode /></trkpt><trkpt lat="34.7541086" lon="-118.3342902"><ele>771.69</ele><time>2026-06-07T12:04:34-05:00</time><course>271.2308</course><roll>3.614028</roll><pitch>-1.275374</pitch><mode /></trkpt><trkpt lat="34.7541085" lon="-118.3342906"><ele>772.09</ele><time>2026-06-07T12:04:34-05:00</time><course>271.0282</course><roll>4.64784</roll><pitch>-2.295606</pitch><mode /></trkpt><trkpt lat="34.7541083" lon="-118.3342905"><ele>772.13</ele><time>2026-06-07T12:04:35-05:00</time><course>272.1542</course><roll>4.456905</roll><pitch>-1.905336</pitch><mode /></trkpt><trkpt lat="34.7541081" lon="-118.3342909"><ele>772.06</ele><time>2026-06-07T12:04:35-05:00</time><course>274.0607</course><roll>3.872436</roll><pitch>-1.573252</pitch><mode /></trkpt><trkpt lat="34.7541074" lon="-118.3342914"><ele>771.79</ele><time>2026-06-07T12:04:36-05:00</time><course>274.7271</course><roll>5.503374</roll><pitch>-1.841129</pitch><mode /></trkpt><trkpt lat="34.7541064" lon="-118.3342917"><ele>771.45</ele><time>2026-06-07T12:04:36-05:00</time><course>274.4464</course><roll>6.08217</roll><pitch>-2.201487</pitch><mode /></trkpt><trkpt lat="34.7541051" lon="-118.3342915"><ele>771.18</ele><time>2026-06-07T12:04:36-05:00</time><course>274.5373</course><roll>5.706871</roll><pitch>-2.202217</pitch><mode /></trkpt><trkpt lat="34.7541041" lon="-118.3342913"><ele>770.96</ele><time>2026-06-07T12:04:37-05:00</time><course>274.8685</course><roll>4.882607</roll><pitch>-1.763632</pitch><mode /></trkpt><trkpt lat="34.7541033" lon="-118.3342917"><ele>770.6</ele><time>2026-06-07T12:04:37-05:00</time><course>275.4408</course><roll>4.262341</roll><pitch>-1.339933</pitch><mode /></trkpt><trkpt lat="34.7541026" lon="-118.3342926"><ele>770.24</ele><time>2026-06-07T12:04:38-05:00</time><course>275.2133</course><roll>5.510132</roll><pitch>-1.386115</pitch><mode /></trkpt><trkpt lat="34.754102" lon="-118.334293"><ele>770.06</ele><time>2026-06-07T12:04:38-05:00</time><course>274.2917</course><roll>5.424563</roll><pitch>-0.9845883</pitch><mode /></trkpt><trkpt lat="34.7541018" lon="-118.3342931"><ele>769.93</ele><time>2026-06-07T12:04:38-05:00</time><course>273.3219</course><roll>5.461976</roll><pitch>-0.9313182</pitch><mode /></trkpt><trkpt lat="34.7541015" lon="-118.3342938"><ele>769.73</ele><time>2026-06-07T12:04:39-05:00</time><course>273.0273</course><roll>7.26626</roll><pitch>-1.14928</pitch><mode /></trkpt><trkpt lat="34.7541005" lon="-118.3342949"><ele>769.64</ele><time>2026-06-07T12:04:39-05:00</time><course>278.7195</course><roll>7.264738</roll><pitch>-0.9920638</pitch><mode /></trkpt><trkpt lat="34.7540998" lon="-118.3342963"><ele>769.4</ele><time>2026-06-07T12:04:40-05:00</time><course>283.1008</course><roll>6.236971</roll><pitch>-1.996389</pitch><mode /></trkpt><trkpt lat="34.7540995" lon="-118.3342964"><ele>769.36</ele><time>2026-06-07T12:04:40-05:00</time><course>284.9615</course><roll>7.572169</roll><pitch>-1.443713</pitch><mode /></trkpt><trkpt lat="34.7540991" lon="-118.3342969"><ele>769.24</ele><time>2026-06-07T12:04:40-05:00</time><course>286.7664</course><roll>7.357644</roll><pitch>-1.785363</pitch><mode /></trkpt><trkpt lat="34.7540984" lon="-118.3342968"><ele>769.21</ele><time>2026-06-07T12:04:41-05:00</time><course>286.3254</course><roll>8.147621</roll><pitch>-0.5575972</pitch><mode /></trkpt><trkpt lat="34.7540974" lon="-118.3342972"><ele>768.76</ele><time>2026-06-07T12:04:42-05:00</time><course>281.6375</course><roll>4.696401</roll><pitch>3.749956</pitch><mode /></trkpt><trkpt lat="34.754097" lon="-118.3342977"><ele>768.57</ele><time>2026-06-07T12:04:43-05:00</time><course>281.1033</course><roll>3.482787</roll><pitch>4.386965</pitch><mode /></trkpt><trkpt lat="34.7540966" lon="-118.334298"><ele>768.37</ele><time>2026-06-07T12:04:43-05:00</time><course>280.8877</course><roll>3.285472</roll><pitch>4.215104</pitch><mode /></trkpt><trkpt lat="34.7540963" lon="-118.3342988"><ele>768.09</ele><time>2026-06-07T12:04:44-05:00</time><course>278.8369</course><roll>11.47839</roll><pitch>8.907196</pitch><mode /></trkpt><trkpt lat="34.7540958" lon="-118.3342993"><ele>767.94</ele><time>2026-06-07T12:04:44-05:00</time><course>277.9156</course><roll>10.77239</roll><pitch>10.44001</pitch><mode /></trkpt><trkpt lat="34.7540953" lon="-118.3342995"><ele>767.74</ele><time>2026-06-07T12:04:45-05:00</time><course>276.1174</course><roll>7.110297</roll><pitch>9.008518</pitch><mode /></trkpt><trkpt lat="34.7540947" lon="-118.3342996"><ele>767.59</ele><time>2026-06-07T12:04:45-05:00</time><course>276.1425</course><roll>5.443713</roll><pitch>8.364208</pitch><mode /></trkpt><trkpt lat="34.7540943" lon="-118.3343"><ele>767.47</ele><time>2026-06-07T12:04:46-05:00</time><course>276.6731</course><roll>5.109683</roll><pitch>8.965412</pitch><mode /></trkpt><trkpt lat="34.7540941" lon="-118.3343005"><ele>767.39</ele><time>2026-06-07T12:04:46-05:00</time><course>276.5315</course><roll>6.955107</roll><pitch>9.186655</pitch><mode /></trkpt><trkpt lat="34.7540936" lon="-118.3343006"><ele>767.24</ele><time>2026-06-07T12:04:47-05:00</time><course>275.802</course><roll>7.553385</roll><pitch>9.883011</pitch><mode /></trkpt><trkpt lat="34.7540941" lon="-118.3343008"><ele>767.25</ele><time>2026-06-07T12:04:47-05:00</time><course>274.7009</course><roll>7.33186</roll><pitch>9.646315</pitch><mode /></trkpt><trkpt lat="34.7540954" lon="-118.334301"><ele>767.3</ele><time>2026-06-07T12:04:47-05:00</time><course>273.1797</course><roll>7.194651</roll><pitch>9.020823</pitch><mode /></trkpt><trkpt lat="34.7540951" lon="-118.3343011"><ele>767.13</ele><time>2026-06-07T12:04:48-05:00</time><course>271.4934</course><roll>6.805095</roll><pitch>8.833696</pitch><mode /></trkpt><trkpt lat="34.7540947" lon="-118.3343016"><ele>767.02</ele><time>2026-06-07T12:04:48-05:00</time><course>271.959</course><roll>5.030083</roll><pitch>8.544905</pitch><mode /></trkpt><trkpt lat="34.7540939" lon="-118.3343023"><ele>766.72</ele><time>2026-06-07T12:04:49-05:00</time><course>272.9512</course><roll>5.960705</roll><pitch>9.883869</pitch><mode /></trkpt><trkpt lat="34.7540936" lon="-118.3343027"><ele>766.6</ele><time>2026-06-07T12:04:49-05:00</time><course>273.4255</course><roll>5.192797</roll><pitch>10.18596</pitch><mode /></trkpt><trkpt lat="34.7540933" lon="-118.3343028"><ele>766.56</ele><time>2026-06-07T12:04:50-05:00</time><course>273.7673</course><roll>5.671731</roll><pitch>9.96077</pitch><mode /></trkpt><trkpt lat="34.7540932" lon="-118.3343029"><ele>766.46</ele><time>2026-06-07T12:04:50-05:00</time><course>273.2622</course><roll>5.852713</roll><pitch>9.805836</pitch><mode /></trkpt><trkpt lat="34.7540933" lon="-118.3343031"><ele>766.44</ele><time>2026-06-07T12:04:51-05:00</time><course>271.745</course><roll>7.057151</roll><pitch>11.1077</pitch><mode /></trkpt><trkpt lat="34.7540929" lon="-118.3343039"><ele>766.23</ele><time>2026-06-07T12:04:52-05:00</time><course>269.9015</course><roll>5.59247</roll><pitch>10.87167</pitch><mode /></trkpt><trkpt lat="34.7540935" lon="-118.3343047"><ele>766.24</ele><time>2026-06-07T12:04:53-05:00</time><course>269.2289</course><roll>2.219862</roll><pitch>4.053949</pitch><mode /></trkpt><trkpt lat="34.754094" lon="-118.334305"><ele>766.31</ele><time>2026-06-07T12:04:53-05:00</time><course>270.1608</course><roll>0.3623152</roll><pitch>5.133567</pitch><mode /></trkpt><trkpt lat="34.7540948" lon="-118.3343052"><ele>766.33</ele><time>2026-06-07T12:04:54-05:00</time><course>270.0576</course><roll>-0.4105315</roll><pitch>4.346386</pitch><mode /></trkpt><trkpt lat="34.7540951" lon="-118.3343054"><ele>766.32</ele><time>2026-06-07T12:04:54-05:00</time><course>271.5248</course><roll>0.4541382</roll><pitch>3.133382</pitch><mode /></trkpt><trkpt lat="34.7540952" lon="-118.3343059"><ele>766.21</ele><time>2026-06-07T12:04:55-05:00</time><course>271.1914</course><roll>1.944869</roll><pitch>6.632483</pitch><mode /></trkpt><trkpt lat="34.7540956" lon="-118.334306"><ele>766.2</ele><time>2026-06-07T12:04:55-05:00</time><course>270.1432</course><roll>1.998918</roll><pitch>7.209496</pitch><mode /></trkpt><trkpt lat="34.7540962" lon="-118.3343065"><ele>766.22</ele><time>2026-06-07T12:04:56-05:00</time><course>269.7689</course><roll>4.31355</roll><pitch>7.421939</pitch><mode /></trkpt><trkpt lat="34.7540968" lon="-118.3343066"><ele>766.2</ele><time>2026-06-07T12:04:56-05:00</time><course>268.9584</course><roll>3.007466</roll><pitch>7.767118</pitch><mode /></trkpt><trkpt lat="34.7540966" lon="-118.3343092"><ele>764.62</ele><time>2026-06-07T12:05:02-05:00</time><course>265.435</course><roll>6.172308</roll><pitch>4.833662</pitch><mode /></trkpt><trkpt lat="34.754096" lon="-118.3343102"><ele>764.1</ele><time>2026-06-07T12:05:04-05:00</time><course>265.1973</course><roll>5.785573</roll><pitch>5.444463</pitch><mode /></trkpt><trkpt lat="34.7540974" lon="-118.3343112"><ele>764.03</ele><time>2026-06-07T12:05:06-05:00</time><course>262.7227</course><roll>6.412245</roll><pitch>6.875656</pitch><mode /></trkpt><trkpt lat="34.7540984" lon="-118.3343113"><ele>763.5</ele><time>2026-06-07T12:05:07-05:00</time><course>262.7407</course><roll>7.714433</roll><pitch>6.834241</pitch><mode /></trkpt><trkpt lat="34.7540986" lon="-118.3343124"><ele>763.55</ele><time>2026-06-07T12:05:08-05:00</time><course>263.6629</course><roll>6.895627</roll><pitch>6.861532</pitch><mode /></trkpt><trkpt lat="34.7540988" lon="-118.3343122"><ele>763.47</ele><time>2026-06-07T12:05:08-05:00</time><course>264.2023</course><roll>5.702785</roll><pitch>8.33297</pitch><mode /></trkpt><trkpt lat="34.7540993" lon="-118.3343121"><ele>763.27</ele><time>2026-06-07T12:05:08-05:00</time><course>264.0171</course><roll>3.921668</roll><pitch>3.621186</pitch><mode /></trkpt><trkpt lat="34.7541002" lon="-118.3343116"><ele>762.98</ele><time>2026-06-07T12:05:09-05:00</time><course>262.2079</course><roll>3.361404</roll><pitch>1.120773</pitch><mode /></trkpt><trkpt lat="34.7541007" lon="-118.3343113"><ele>762.7</ele><time>2026-06-07T12:05:10-05:00</time><course>263.6828</course><roll>1.630475</roll><pitch>1.361634</pitch><mode /></trkpt><trkpt lat="34.7541006" lon="-118.3343122"><ele>762.74</ele><time>2026-06-07T12:05:10-05:00</time><course>263.254</course><roll>3.927262</roll><pitch>1.216238</pitch><mode /></trkpt><trkpt lat="34.7540994" lon="-118.3343129"><ele>762.76</ele><time>2026-06-07T12:05:11-05:00</time><course>263.517</course><roll>5.791357</roll><pitch>3.171885</pitch><mode /></trkpt><trkpt lat="34.7540987" lon="-118.3343132"><ele>762.73</ele><time>2026-06-07T12:05:11-05:00</time><course>263.9524</course><roll>6.24528</roll><pitch>3.279907</pitch><mode /></trkpt><trkpt lat="34.7540964" lon="-118.3343163"><ele>764.21</ele><time>2026-06-07T12:05:23-05:00</time><course>265.3681</course><roll>7.044444</roll><pitch>5.33637</pitch><mode /></trkpt><trkpt lat="34.7540989" lon="-118.3343167"><ele>764.16</ele><time>2026-06-07T12:05:25-05:00</time><course>266.9987</course><roll>9.259224</roll><pitch>4.615824</pitch><mode /></trkpt><trkpt lat="34.7541007" lon="-118.3343183"><ele>764.25</ele><time>2026-06-07T12:05:27-05:00</time><course>266.0092</course><roll>4.37619</roll><pitch>6.427865</pitch><mode /></trkpt><trkpt lat="34.7541021" lon="-118.3343187"><ele>764.82</ele><time>2026-06-07T12:05:28-05:00</time><course>265.9085</course><roll>6.311765</roll><pitch>5.834469</pitch><mode /></trkpt><trkpt lat="34.7541019" lon="-118.3343195"><ele>764.58</ele><time>2026-06-07T12:05:29-05:00</time><course>267.6755</course><roll>2.987761</roll><pitch>6.940263</pitch><mode /></trkpt><trkpt lat="34.7541022" lon="-118.3343196"><ele>764.66</ele><time>2026-06-07T12:05:30-05:00</time><course>267.2484</course><roll>4.541195</roll><pitch>6.722969</pitch><mode /></trkpt><trkpt lat="34.7541027" lon="-118.3343198"><ele>764.66</ele><time>2026-06-07T12:05:30-05:00</time><course>267.8448</course><roll>5.581669</roll><pitch>6.324267</pitch><mode /></trkpt><trkpt lat="34.754103" lon="-118.3343202"><ele>764.79</ele><time>2026-06-07T12:05:31-05:00</time><course>267.0834</course><roll>7.256625</roll><pitch>5.833812</pitch><mode /></trkpt><trkpt lat="34.7541039" lon="-118.3343204"><ele>764.83</ele><time>2026-06-07T12:05:31-05:00</time><course>267.0168</course><roll>6.0138</roll><pitch>6.012932</pitch><mode /></trkpt><trkpt lat="34.7541053" lon="-118.3343205"><ele>765.07</ele><time>2026-06-07T12:05:32-05:00</time><course>267.0212</course><roll>5.603478</roll><pitch>5.987373</pitch><mode /></trkpt><trkpt lat="34.7541055" lon="-118.334321"><ele>765.19</ele><time>2026-06-07T12:05:32-05:00</time><course>266.0482</course><roll>7.681693</roll><pitch>5.941515</pitch><mode /></trkpt><trkpt lat="34.7541057" lon="-118.3343214"><ele>765.18</ele><time>2026-06-07T12:05:33-05:00</time><course>266.4284</course><roll>5.992403</roll><pitch>6.547657</pitch><mode /></trkpt><trkpt lat="34.7541055" lon="-118.3343219"><ele>765.26</ele><time>2026-06-07T12:05:33-05:00</time><course>266.6146</course><roll>6.985219</roll><pitch>6.188831</pitch><mode /></trkpt><trkpt lat="34.7541058" lon="-118.3343223"><ele>765.32</ele><time>2026-06-07T12:05:33-05:00</time><course>267.2622</course><roll>6.097557</roll><pitch>6.427781</pitch><mode /></trkpt><trkpt lat="34.754106" lon="-118.3343226"><ele>765.42</ele><time>2026-06-07T12:05:34-05:00</time><course>267.0944</course><roll>6.219738</roll><pitch>6.557707</pitch><mode /></trkpt><trkpt lat="34.7541083" lon="-118.3343223"><ele>765.9</ele><time>2026-06-07T12:05:35-05:00</time><course>266.3829</course><roll>7.38592</roll><pitch>6.016974</pitch><mode /></trkpt><trkpt lat="34.7541095" lon="-118.3343219"><ele>765.99</ele><time>2026-06-07T12:05:35-05:00</time><course>265.4841</course><roll>9.167943</roll><pitch>5.795439</pitch><mode /></trkpt><trkpt lat="34.7541099" lon="-118.3343224"><ele>765.93</ele><time>2026-06-07T12:05:37-05:00</time><course>266.6204</course><roll>6.000156</roll><pitch>7.1425</pitch><mode /></trkpt><trkpt lat="34.7541097" lon="-118.3343228"><ele>765.72</ele><time>2026-06-07T12:05:38-05:00</time><course>266.79</course><roll>5.673435</roll><pitch>6.894357</pitch><mode /></trkpt><trkpt lat="34.7541095" lon="-118.3343232"><ele>765.64</ele><time>2026-06-07T12:05:38-05:00</time><course>266.4439</course><roll>5.770483</roll><pitch>7.06353</pitch><mode /></trkpt><trkpt lat="34.7541097" lon="-118.3343231"><ele>765.51</ele><time>2026-06-07T12:05:38-05:00</time><course>266.8771</course><roll>5.794112</roll><pitch>7.08825</pitch><mode /></trkpt><trkpt lat="34.7541101" lon="-118.3343229"><ele>765.35</ele><time>2026-06-07T12:05:39-05:00</time><course>266.8606</course><roll>6.238821</roll><pitch>7.227542</pitch><mode /></trkpt><trkpt lat="34.7541103" lon="-118.334323"><ele>765.31</ele><time>2026-06-07T12:05:39-05:00</time><course>266.5179</course><roll>6.700594</roll><pitch>6.811511</pitch><mode /></trkpt><trkpt lat="34.7541101" lon="-118.3343232"><ele>765.2</ele><time>2026-06-07T12:05:40-05:00</time><course>266.7181</course><roll>6.079152</roll><pitch>6.940053</pitch><mode /></trkpt><trkpt lat="34.75411" lon="-118.3343235"><ele>765.02</ele><time>2026-06-07T12:05:40-05:00</time><course>266.9888</course><roll>6.198654</roll><pitch>7.198253</pitch><mode /></trkpt><trkpt lat="34.7541104" lon="-118.3343236"><ele>764.81</ele><time>2026-06-07T12:05:40-05:00</time><course>267.1179</course><roll>6.002811</roll><pitch>7.126297</pitch><mode /></trkpt><trkpt lat="34.7541107" lon="-118.334324"><ele>764.62</ele><time>2026-06-07T12:05:41-05:00</time><course>266.8665</course><roll>6.559026</roll><pitch>6.869983</pitch><mode /></trkpt><trkpt lat="34.7541111" lon="-118.3343243"><ele>764.56</ele><time>2026-06-07T12:05:41-05:00</time><course>266.7955</course><roll>4.31616</roll><pitch>7.473149</pitch><mode /></trkpt><trkpt lat="34.7541117" lon="-118.3343245"><ele>764.49</ele><time>2026-06-07T12:05:42-05:00</time><course>266.4885</course><roll>5.512115</roll><pitch>7.000557</pitch><mode /></trkpt><trkpt lat="34.7541121" lon="-118.3343246"><ele>764.4</ele><time>2026-06-07T12:05:42-05:00</time><course>266.4142</course><roll>5.795793</roll><pitch>7.457104</pitch><mode /></trkpt><trkpt lat="34.7541127" lon="-118.3343248"><ele>764.34</ele><time>2026-06-07T12:05:42-05:00</time><course>267.0217</course><roll>5.130014</roll><pitch>7.589056</pitch><mode /></trkpt><trkpt lat="34.754113" lon="-118.3343252"><ele>764.29</ele><time>2026-06-07T12:05:43-05:00</time><course>266.9142</course><roll>8.377366</roll><pitch>6.981186</pitch><mode /></trkpt><trkpt lat="34.7541132" lon="-118.3343254"><ele>764.23</ele><time>2026-06-07T12:05:44-05:00</time><course>266.0678</course><roll>9.067064</roll><pitch>6.642626</pitch><mode /></trkpt><trkpt lat="34.7541138" lon="-118.3343253"><ele>764.22</ele><time>2026-06-07T12:05:44-05:00</time><course>266.2809</course><roll>8.32606</roll><pitch>6.58306</pitch><mode /></trkpt><trkpt lat="34.7541141" lon="-118.3343252"><ele>764.12</ele><time>2026-06-07T12:05:44-05:00</time><course>266.5237</course><roll>8.701817</roll><pitch>6.865117</pitch><mode /></trkpt><trkpt lat="34.7541145" lon="-118.3343249"><ele>764.03</ele><time>2026-06-07T12:05:45-05:00</time><course>266.91</course><roll>7.265656</roll><pitch>6.694788</pitch><mode /></trkpt><trkpt lat="34.7541145" lon="-118.3343244"><ele>763.7</ele><time>2026-06-07T12:05:46-05:00</time><course>265.4759</course><roll>8.414583</roll><pitch>6.838883</pitch><mode /></trkpt><trkpt lat="34.7541143" lon="-118.334324"><ele>763.53</ele><time>2026-06-07T12:05:46-05:00</time><course>265.5635</course><roll>9.05858</roll><pitch>6.423821</pitch><mode /></trkpt><trkpt lat="34.7541141" lon="-118.3343242"><ele>763.42</ele><time>2026-06-07T12:05:47-05:00</time><course>265.8618</course><roll>9.235688</roll><pitch>6.46714</pitch><mode /></trkpt><trkpt lat="34.754114" lon="-118.3343241"><ele>763.25</ele><time>2026-06-07T12:05:47-05:00</time><course>265.6524</course><roll>10.78028</roll><pitch>6.333288</pitch><mode /></trkpt><trkpt lat="34.7541136" lon="-118.334324"><ele>762.94</ele><time>2026-06-07T12:05:48-05:00</time><course>265.3941</course><roll>9.318483</roll><pitch>6.44971</pitch><mode /></trkpt><trkpt lat="34.7541128" lon="-118.3343236"><ele>762.89</ele><time>2026-06-07T12:05:49-05:00</time><course>266.2066</course><roll>9.253924</roll><pitch>6.911943</pitch><mode /></trkpt><trkpt lat="34.7541127" lon="-118.3343235"><ele>762.9</ele><time>2026-06-07T12:05:49-05:00</time><course>265.5364</course><roll>10.64435</roll><pitch>6.26828</pitch><mode /></trkpt><trkpt lat="34.7541122" lon="-118.3343239"><ele>762.85</ele><time>2026-06-07T12:05:50-05:00</time><course>264.7996</course><roll>12.68319</roll><pitch>6.425926</pitch><mode /></trkpt><trkpt lat="34.7541106" lon="-118.3343253"><ele>762.93</ele><time>2026-06-07T12:05:57-05:00</time><course>266.3136</course><roll>7.058647</roll><pitch>6.823296</pitch><mode /></trkpt><trkpt lat="34.75411" lon="-118.3343255"><ele>763.01</ele><time>2026-06-07T12:05:59-05:00</time><course>265.4167</course><roll>10.03534</roll><pitch>5.642626</pitch><mode /></trkpt><trkpt lat="34.754109" lon="-118.3343253"><ele>762.9</ele><time>2026-06-07T12:06:01-05:00</time><course>257.1566</course><roll>4.997468</roll><pitch>17.14361</pitch><mode /></trkpt><trkpt lat="34.7541093" lon="-118.3343239"><ele>763.68</ele><time>2026-06-07T12:06:02-05:00</time><course>255.8949</course><roll>10.01044</roll><pitch>9.796238</pitch><mode /></trkpt><trkpt lat="34.7541099" lon="-118.3343248"><ele>764.35</ele><time>2026-06-07T12:06:08-05:00</time><course>250.0768</course><roll>10.41111</roll><pitch>15.50595</pitch><mode /></trkpt><trkpt lat="34.7541086" lon="-118.334323"><ele>764.84</ele><time>2026-06-07T12:06:12-05:00</time><course>255.4311</course><roll>7.741165</roll><pitch>9.770969</pitch><mode /></trkpt><trkpt lat="34.7541087" lon="-118.3343232"><ele>764.93</ele><time>2026-06-07T12:06:13-05:00</time><course>251.1315</course><roll>2.738328</roll><pitch>5.27561</pitch><mode /></trkpt><trkpt lat="34.7541086" lon="-118.3343233"><ele>764.9</ele><time>2026-06-07T12:06:13-05:00</time><course>250.1743</course><roll>5.607858</roll><pitch>6.729781</pitch><mode /></trkpt><trkpt lat="34.7541081" lon="-118.3343236"><ele>764.82</ele><time>2026-06-07T12:06:14-05:00</time><course>249.5546</course><roll>5.581315</roll><pitch>5.167626</pitch><mode /></trkpt><trkpt lat="34.7541072" lon="-118.3343235"><ele>764.47</ele><time>2026-06-07T12:06:14-05:00</time><course>249.3317</course><roll>6.685295</roll><pitch>6.28263</pitch><mode /></trkpt><trkpt lat="34.7541066" lon="-118.334324"><ele>764.47</ele><time>2026-06-07T12:06:15-05:00</time><course>249.1532</course><roll>5.062263</roll><pitch>5.715127</pitch><mode /></trkpt><trkpt lat="34.7541058" lon="-118.3343247"><ele>764.35</ele><time>2026-06-07T12:06:15-05:00</time><course>249.8088</course><roll>2.937662</roll><pitch>6.221703</pitch><mode /></trkpt><trkpt lat="34.7541049" lon="-118.3343251"><ele>764.24</ele><time>2026-06-07T12:06:16-05:00</time><course>250.3791</course><roll>6.609133</roll><pitch>5.639291</pitch><mode /></trkpt><trkpt lat="34.754104" lon="-118.3343255"><ele>764.41</ele><time>2026-06-07T12:06:16-05:00</time><course>251.4231</course><roll>4.158832</roll><pitch>6.572392</pitch><mode /></trkpt><trkpt lat="34.7541042" lon="-118.3343251"><ele>764.69</ele><time>2026-06-07T12:06:17-05:00</time><course>252.2013</course><roll>10.81335</roll><pitch>13.0246</pitch><mode /></trkpt><trkpt lat="34.7541048" lon="-118.3343242"><ele>764.78</ele><time>2026-06-07T12:06:18-05:00</time><course>252.5783</course><roll>11.97227</roll><pitch>21.29791</pitch><mode /></trkpt><trkpt lat="34.7541049" lon="-118.3343236"><ele>764.89</ele><time>2026-06-07T12:06:18-05:00</time><course>252.7792</course><roll>14.26782</roll><pitch>20.64777</pitch><mode /></trkpt><trkpt lat="34.754105" lon="-118.3343232"><ele>765.05</ele><time>2026-06-07T12:06:18-05:00</time><course>251.9044</course><roll>11.54381</roll><pitch>21.27419</pitch><mode /></trkpt><trkpt lat="34.7541047" lon="-118.334323"><ele>765</ele><time>2026-06-07T12:06:19-05:00</time><course>251.529</course><roll>11.47889</roll><pitch>20.90484</pitch><mode /></trkpt><trkpt lat="34.7541043" lon="-118.3343224"><ele>764.91</ele><time>2026-06-07T12:06:19-05:00</time><course>252.0683</course><roll>14.74428</roll><pitch>20.38962</pitch><mode /></trkpt><trkpt lat="34.754104" lon="-118.3343223"><ele>765.05</ele><time>2026-06-07T12:06:20-05:00</time><course>251.3963</course><roll>13.86774</roll><pitch>20.85958</pitch><mode /></trkpt><trkpt lat="34.7541039" lon="-118.3343207"><ele>765.34</ele><time>2026-06-07T12:06:20-05:00</time><course>250.2481</course><roll>17.75456</roll><pitch>21.87857</pitch><mode /></trkpt><trkpt lat="34.7541038" lon="-118.3343198"><ele>765.58</ele><time>2026-06-07T12:06:21-05:00</time><course>249.7055</course><roll>16.60916</roll><pitch>21.35252</pitch><mode /></trkpt><trkpt lat="34.7541036" lon="-118.3343189"><ele>765.63</ele><time>2026-06-07T12:06:21-05:00</time><course>249.5549</course><roll>13.78498</roll><pitch>20.28047</pitch><mode /></trkpt><trkpt lat="34.7541034" lon="-118.3343186"><ele>765.66</ele><time>2026-06-07T12:06:22-05:00</time><course>249.5036</course><roll>10.21335</roll><pitch>14.34403</pitch><mode /></trkpt><trkpt lat="34.7541028" lon="-118.3343187"><ele>765.64</ele><time>2026-06-07T12:06:22-05:00</time><course>250.2583</course><roll>4.605775</roll><pitch>13.30942</pitch><mode /></trkpt><trkpt lat="34.754102" lon="-118.3343188"><ele>765.73</ele><time>2026-06-07T12:06:23-05:00</time><course>252.9304</course><roll>9.082988</roll><pitch>12.07129</pitch><mode /></trkpt><trkpt lat="34.7541006" lon="-118.334318"><ele>766.23</ele><time>2026-06-07T12:06:24-05:00</time><course>253.8741</course><roll>5.372475</roll><pitch>4.176782</pitch><mode /></trkpt><trkpt lat="34.7541002" lon="-118.3343173"><ele>766.35</ele><time>2026-06-07T12:06:24-05:00</time><course>253.6353</course><roll>3.802687</roll><pitch>5.693055</pitch><mode /></trkpt><trkpt lat="34.7541001" lon="-118.3343167"><ele>766.42</ele><time>2026-06-07T12:06:25-05:00</time><course>253.4703</course><roll>6.877065</roll><pitch>6.018705</pitch><mode /></trkpt><trkpt lat="34.7541002" lon="-118.334317"><ele>766.44</ele><time>2026-06-07T12:06:25-05:00</time><course>252.9461</course><roll>7.668378</roll><pitch>4.776682</pitch><mode /></trkpt><trkpt lat="34.7540993" lon="-118.3343172"><ele>766.84</ele><time>2026-06-07T12:06:26-05:00</time><course>252.8271</course><roll>8.655317</roll><pitch>1.594532</pitch><mode /></trkpt><trkpt lat="34.7540995" lon="-118.3343163"><ele>766.87</ele><time>2026-06-07T12:06:27-05:00</time><course>254.9075</course><roll>4.55523</roll><pitch>-3.270779</pitch><mode /></trkpt><trkpt lat="34.7541004" lon="-118.3343157"><ele>766.94</ele><time>2026-06-07T12:06:27-05:00</time><course>253.9463</course><roll>11.02705</roll><pitch>-1.918583</pitch><mode /></trkpt><trkpt lat="34.7541" lon="-118.3343156"><ele>766.95</ele><time>2026-06-07T12:06:28-05:00</time><course>253.3538</course><roll>13.11575</roll><pitch>-4.097722</pitch><mode /></trkpt><trkpt lat="34.7540987" lon="-118.3343192"><ele>767.04</ele><time>2026-06-07T12:06:28-05:00</time><course>253.6996</course><roll>10.49349</roll><pitch>-6.783567</pitch><mode /></trkpt><trkpt lat="34.7540935" lon="-118.3343387"><ele>767.6</ele><time>2026-06-07T12:06:29-05:00</time><course>251.6007</course><roll>4.170881</roll><pitch>-16.36554</pitch><mode /></trkpt><trkpt lat="34.7540898" lon="-118.3343581"><ele>768.32</ele><time>2026-06-07T12:06:29-05:00</time><course>242.8488</course><roll>4.622722</roll><pitch>-27.55589</pitch><mode /></trkpt><trkpt lat="34.754087" lon="-118.3343771"><ele>769.76</ele><time>2026-06-07T12:06:30-05:00</time><course>232.5137</course><roll>13.32851</roll><pitch>-23.78699</pitch><mode /></trkpt><trkpt lat="34.7540835" lon="-118.3343953"><ele>771.17</ele><time>2026-06-07T12:06:30-05:00</time><course>217.3221</course><roll>20.56072</roll><pitch>-29.00492</pitch><mode /></trkpt><trkpt lat="34.7537861" lon="-118.334214"><ele>779.12</ele><time>2026-06-07T12:06:36-05:00</time><course>179.8329</course><roll>-12.91208</roll><pitch>-5.380812</pitch><mode /></trkpt><trkpt lat="34.7536703" lon="-118.3341467"><ele>778.84</ele><time>2026-06-07T12:06:38-05:00</time><course>189.3193</course><roll>-21.22413</roll><pitch>-6.991349</pitch><mode /></trkpt><trkpt lat="34.7535518" lon="-118.3341858"><ele>778.93</ele><time>2026-06-07T12:06:40-05:00</time><course>218.5194</course><roll>-15.09615</roll><pitch>-7.463652</pitch><mode /></trkpt><trkpt lat="34.7534739" lon="-118.3343275"><ele>781.14</ele><time>2026-06-07T12:06:42-05:00</time><course>229.8727</course><roll>2.097638</roll><pitch>-10.71011</pitch><mode /></trkpt><trkpt lat="34.7534213" lon="-118.3344317"><ele>784.52</ele><time>2026-06-07T12:06:44-05:00</time><course>218.7607</course><roll>22.14511</roll><pitch>-3.529719</pitch><mode /></trkpt><trkpt lat="34.7534025" lon="-118.3344414"><ele>784.31</ele><time>2026-06-07T12:06:44-05:00</time><course>206.3236</course><roll>25.31596</roll><pitch>-12.03453</pitch><mode /></trkpt><trkpt lat="34.7533794" lon="-118.3344409"><ele>784.97</ele><time>2026-06-07T12:06:44-05:00</time><course>196.4886</course><roll>30.35525</roll><pitch>-8.002967</pitch><mode /></trkpt><trkpt lat="34.7533538" lon="-118.3344329"><ele>785.38</ele><time>2026-06-07T12:06:45-05:00</time><course>183.9902</course><roll>32.90312</roll><pitch>-11.21224</pitch><mode /></trkpt><trkpt lat="34.7533261" lon="-118.334411"><ele>786.2</ele><time>2026-06-07T12:06:45-05:00</time><course>173.2733</course><roll>35.87377</roll><pitch>-9.936345</pitch><mode /></trkpt><trkpt lat="34.7532983" lon="-118.334379"><ele>786.72</ele><time>2026-06-07T12:06:46-05:00</time><course>161.2371</course><roll>40.687</roll><pitch>-7.588751</pitch><mode /></trkpt><trkpt lat="34.7532725" lon="-118.3343357"><ele>786.96</ele><time>2026-06-07T12:06:46-05:00</time><course>147.694</course><roll>40.08843</roll><pitch>-5.568978</pitch><mode /></trkpt><trkpt lat="34.7532521" lon="-118.3342811"><ele>787.08</ele><time>2026-06-07T12:06:46-05:00</time><course>131.6839</course><roll>27.9726</roll><pitch>-2.611853</pitch><mode /></trkpt><trkpt lat="34.7532378" lon="-118.3342178"><ele>787.33</ele><time>2026-06-07T12:06:47-05:00</time><course>119.3032</course><roll>15.06092</roll><pitch>1.82094</pitch><mode /></trkpt><trkpt lat="34.7532291" lon="-118.3341489"><ele>787.16</ele><time>2026-06-07T12:06:47-05:00</time><course>116.0222</course><roll>4.163356</roll><pitch>7.879784</pitch><mode /></trkpt><trkpt lat="34.7532231" lon="-118.3340766"><ele>786.14</ele><time>2026-06-07T12:06:48-05:00</time><course>117.5037</course><roll>-3.853155</roll><pitch>-4.476303</pitch><mode /></trkpt><trkpt lat="34.7532158" lon="-118.3340026"><ele>786.17</ele><time>2026-06-07T12:06:48-05:00</time><course>116.5706</course><roll>-9.473511</roll><pitch>-10.41907</pitch><mode /></trkpt><trkpt lat="34.7532081" lon="-118.3339317"><ele>786.88</ele><time>2026-06-07T12:06:48-05:00</time><course>116.3563</course><roll>-10.6313</roll><pitch>-5.842034</pitch><mode /></trkpt><trkpt lat="34.7532007" lon="-118.3338619"><ele>786.93</ele><time>2026-06-07T12:06:49-05:00</time><course>117.8579</course><roll>-0.9152724</roll><pitch>0.03338153</pitch><mode /></trkpt><trkpt lat="34.7531934" lon="-118.3337916"><ele>786.57</ele><time>2026-06-07T12:06:49-05:00</time><course>117.3681</course><roll>12.07187</roll><pitch>-1.326855</pitch><mode /></trkpt><trkpt lat="34.7531882" lon="-118.3337194"><ele>786.36</ele><time>2026-06-07T12:06:50-05:00</time><course>113.9488</course><roll>17.88192</roll><pitch>3.464839</pitch><mode /></trkpt><trkpt lat="34.7531852" lon="-118.3336458"><ele>785.69</ele><time>2026-06-07T12:06:50-05:00</time><course>107.6839</course><roll>21.97784</roll><pitch>2.71721</pitch><mode /></trkpt><trkpt lat="34.7531877" lon="-118.3335682"><ele>784.9</ele><time>2026-06-07T12:06:50-05:00</time><course>98.36404</course><roll>23.23327</roll><pitch>-3.287322</pitch><mode /></trkpt><trkpt lat="34.7531998" lon="-118.3334871"><ele>785.19</ele><time>2026-06-07T12:06:51-05:00</time><course>91.46291</course><roll>18.07781</roll><pitch>-3.518702</pitch><mode /></trkpt><trkpt lat="34.7532168" lon="-118.3334055"><ele>785.59</ele><time>2026-06-07T12:06:51-05:00</time><course>82.71564</course><roll>16.58003</roll><pitch>3.757263</pitch><mode /></trkpt><trkpt lat="34.7539916" lon="-118.3347894"><ele>774.78</ele><time>2026-06-07T12:07:13-05:00</time><course>247.2553</course><roll>22.58118</roll><pitch>-4.252962</pitch><mode /></trkpt><trkpt lat="34.7539558" lon="-118.3349543"><ele>775.75</ele><time>2026-06-07T12:07:14-05:00</time><course>219.7582</course><roll>22.19556</roll><pitch>-8.797661</pitch><mode /></trkpt><trkpt lat="34.7539302" lon="-118.3349824"><ele>776.45</ele><time>2026-06-07T12:07:15-05:00</time><course>210.6523</course><roll>17.42345</roll><pitch>-14.05389</pitch><mode /></trkpt><trkpt lat="34.7539006" lon="-118.3350012"><ele>777.67</ele><time>2026-06-07T12:07:15-05:00</time><course>205.3927</course><roll>18.02471</roll><pitch>-20.44953</pitch><mode /></trkpt><trkpt lat="34.7538697" lon="-118.3350104"><ele>779.65</ele><time>2026-06-07T12:07:15-05:00</time><course>201.1666</course><roll>20.57431</roll><pitch>-16.59931</pitch><mode /></trkpt><trkpt lat="34.7538372" lon="-118.3350151"><ele>781.08</ele><time>2026-06-07T12:07:16-05:00</time><course>195.0972</course><roll>21.92267</roll><pitch>-13.23795</pitch><mode /></trkpt><trkpt lat="34.7538022" lon="-118.3350132"><ele>782.29</ele><time>2026-06-07T12:07:16-05:00</time><course>189.7621</course><roll>15.31873</roll><pitch>-12.6276</pitch><mode /></trkpt><trkpt lat="34.7537658" lon="-118.3350036"><ele>783.63</ele><time>2026-06-07T12:07:17-05:00</time><course>184.865</course><roll>16.61377</roll><pitch>-15.24631</pitch><mode /></trkpt><trkpt lat="34.7536759" lon="-118.3349548"><ele>787.98</ele><time>2026-06-07T12:07:18-05:00</time><course>168.1528</course><roll>15.71756</roll><pitch>-8.117544</pitch><mode /></trkpt><trkpt lat="34.7534983" lon="-118.3347506"><ele>790.77</ele><time>2026-06-07T12:07:20-05:00</time><course>149.9478</course><roll>27.94932</roll><pitch>-3.606583</pitch><mode /></trkpt><trkpt lat="34.7533781" lon="-118.3343861"><ele>791.52</ele><time>2026-06-07T12:07:22-05:00</time><course>126.1524</course><roll>6.69524</roll><pitch>-10.4766</pitch><mode /></trkpt><trkpt lat="34.7533366" lon="-118.3339673"><ele>794.8</ele><time>2026-06-07T12:07:24-05:00</time><course>112.9518</course><roll>-1.257929</roll><pitch>-5.242152</pitch><mode /></trkpt><trkpt lat="34.7533195" lon="-118.3335563"><ele>798.53</ele><time>2026-06-07T12:07:26-05:00</time><course>103.5639</course><roll>-3.260992</roll><pitch>-2.931658</pitch><mode /></trkpt><trkpt lat="34.7533122" lon="-118.3333958"><ele>798.84</ele><time>2026-06-07T12:07:26-05:00</time><course>99.9066</course><roll>-12.68388</roll><pitch>0.4303848</pitch><mode /></trkpt><trkpt lat="34.7532948" lon="-118.3331481"><ele>799.04</ele><time>2026-06-07T12:07:28-05:00</time><course>108.1978</course><roll>6.681136</roll><pitch>2.623336</pitch><mode /></trkpt><trkpt lat="34.7532888" lon="-118.3330652"><ele>798.99</ele><time>2026-06-07T12:07:28-05:00</time><course>104.4291</course><roll>19.02666</roll><pitch>0.1325187</pitch><mode /></trkpt><trkpt lat="34.7532887" lon="-118.3329797"><ele>799.59</ele><time>2026-06-07T12:07:28-05:00</time><course>97.46577</course><roll>26.51718</roll><pitch>-2.221126</pitch><mode /></trkpt><trkpt lat="34.7532958" lon="-118.3328926"><ele>800.41</ele><time>2026-06-07T12:07:29-05:00</time><course>87.27596</course><roll>27.88383</roll><pitch>-1.739851</pitch><mode /></trkpt><trkpt lat="34.7533118" lon="-118.3328055"><ele>801.05</ele><time>2026-06-07T12:07:29-05:00</time><course>82.95827</course><roll>25.88788</roll><pitch>-1.869408</pitch><mode /></trkpt><trkpt lat="34.753337" lon="-118.332719"><ele>801.69</ele><time>2026-06-07T12:07:30-05:00</time><course>72.67598</course><roll>32.35682</roll><pitch>-12.49963</pitch><mode /></trkpt><trkpt lat="34.7533733" lon="-118.3326375"><ele>803.16</ele><time>2026-06-07T12:07:30-05:00</time><course>63.76343</course><roll>38.19502</roll><pitch>-13.07259</pitch><mode /></trkpt><trkpt lat="34.7534187" lon="-118.3325642"><ele>804.67</ele><time>2026-06-07T12:07:30-05:00</time><course>49.17971</course><roll>39.36791</roll><pitch>-12.71182</pitch><mode /></trkpt><trkpt lat="34.7534745" lon="-118.3325036"><ele>806.44</ele><time>2026-06-07T12:07:31-05:00</time><course>36.7123</course><roll>37.33891</roll><pitch>-10.98492</pitch><mode /></trkpt><trkpt lat="34.7535356" lon="-118.3324526"><ele>807.86</ele><time>2026-06-07T12:07:31-05:00</time><course>25.22719</course><roll>32.57341</roll><pitch>-8.761302</pitch><mode /></trkpt><trkpt lat="34.7536002" lon="-118.3324101"><ele>808.91</ele><time>2026-06-07T12:07:32-05:00</time><course>10.0966</course><roll>36.04891</roll><pitch>-8.043412</pitch><mode /></trkpt><trkpt lat="34.7536662" lon="-118.3323786"><ele>809.82</ele><time>2026-06-07T12:07:32-05:00</time><course>357.9588</course><roll>36.25056</roll><pitch>-6.867888</pitch><mode /></trkpt><trkpt lat="34.7537324" lon="-118.332359"><ele>810.6</ele><time>2026-06-07T12:07:32-05:00</time><course>344.7143</course><roll>37.66095</roll><pitch>-7.707742</pitch><mode /></trkpt><trkpt lat="34.7537957" lon="-118.3323532"><ele>811.43</ele><time>2026-06-07T12:07:33-05:00</time><course>330.4555</course><roll>39.74743</roll><pitch>-10.28252</pitch><mode /></trkpt><trkpt lat="34.7538516" lon="-118.332363"><ele>812.64</ele><time>2026-06-07T12:07:33-05:00</time><course>313.9528</course><roll>42.02194</roll><pitch>-13.2439</pitch><mode /></trkpt><trkpt lat="34.7538969" lon="-118.3323845"><ele>813.93</ele><time>2026-06-07T12:07:34-05:00</time><course>303.3538</course><roll>47.88002</roll><pitch>-9.183774</pitch><mode /></trkpt><trkpt lat="34.7539336" lon="-118.332413"><ele>814.73</ele><time>2026-06-07T12:07:34-05:00</time><course>291.6756</course><roll>53.96956</roll><pitch>-7.210091</pitch><mode /></trkpt><trkpt lat="34.7539617" lon="-118.3324463"><ele>815.05</ele><time>2026-06-07T12:07:34-05:00</time><course>278.771</course><roll>56.39021</roll><pitch>0.3167492</pitch><mode /></trkpt><trkpt lat="34.7539804" lon="-118.3324834"><ele>814.71</ele><time>2026-06-07T12:07:35-05:00</time><course>262.9725</course><roll>43.8466</roll><pitch>9.885769</pitch><mode /></trkpt><trkpt lat="34.7539895" lon="-118.3325221"><ele>813.67</ele><time>2026-06-07T12:07:35-05:00</time><course>248.0717</course><roll>20.29272</roll><pitch>17.45394</pitch><mode /></trkpt><trkpt lat="34.753992" lon="-118.3325607"><ele>812.03</ele><time>2026-06-07T12:07:36-05:00</time><course>238.5418</course><roll>13.04967</roll><pitch>15.1439</pitch><mode /></trkpt><trkpt lat="34.7539851" lon="-118.3325996"><ele>810.5</ele><time>2026-06-07T12:07:36-05:00</time><course>239.2811</course><roll>6.074536</roll><pitch>6.109696</pitch><mode /></trkpt><trkpt lat="34.7539712" lon="-118.3326382"><ele>809.8</ele><time>2026-06-07T12:07:36-05:00</time><course>241.5554</course><roll>5.026913</roll><pitch>1.759539</pitch><mode /></trkpt><trkpt lat="34.7539548" lon="-118.3326775"><ele>809.83</ele><time>2026-06-07T12:07:37-05:00</time><course>239.7757</course><roll>4.095534</roll><pitch>-6.856469</pitch><mode /></trkpt><trkpt lat="34.7539385" lon="-118.3327161"><ele>810.49</ele><time>2026-06-07T12:07:37-05:00</time><course>233.8155</course><roll>1.676486</roll><pitch>-4.054754</pitch><mode /></trkpt><trkpt lat="34.7539225" lon="-118.3327538"><ele>810.64</ele><time>2026-06-07T12:07:38-05:00</time><course>230.5613</course><roll>-4.112102</roll><pitch>1.408881</pitch><mode /></trkpt><trkpt lat="34.7539043" lon="-118.3327897"><ele>810.65</ele><time>2026-06-07T12:07:38-05:00</time><course>236.2014</course><roll>-13.10222</roll><pitch>3.564863</pitch><mode /></trkpt><trkpt lat="34.7538864" lon="-118.3328265"><ele>810.74</ele><time>2026-06-07T12:07:38-05:00</time><course>243.3835</course><roll>-25.28509</roll><pitch>3.832626</pitch><mode /></trkpt><trkpt lat="34.753873" lon="-118.3328688"><ele>810.91</ele><time>2026-06-07T12:07:39-05:00</time><course>244.448</course><roll>-41.31177</roll><pitch>3.506908</pitch><mode /></trkpt><trkpt lat="34.7538664" lon="-118.3329151"><ele>810.49</ele><time>2026-06-07T12:07:39-05:00</time><course>243.8985</course><roll>-33.98676</roll><pitch>-2.241555</pitch><mode /></trkpt><trkpt lat="34.7538687" lon="-118.3329652"><ele>810.44</ele><time>2026-06-07T12:07:40-05:00</time><course>247.3084</course><roll>-17.17695</roll><pitch>1.270519</pitch><mode /></trkpt><trkpt lat="34.7538756" lon="-118.3330154"><ele>810.34</ele><time>2026-06-07T12:07:40-05:00</time><course>246.1448</course><roll>-8.519498</roll><pitch>3.182366</pitch><mode /></trkpt><trkpt lat="34.7538826" lon="-118.3330631"><ele>809.5</ele><time>2026-06-07T12:07:40-05:00</time><course>248.3263</course><roll>-2.858732</roll><pitch>7.874012</pitch><mode /></trkpt><trkpt lat="34.753888" lon="-118.3331095"><ele>808.28</ele><time>2026-06-07T12:07:41-05:00</time><course>250.0553</course><roll>6.512161</roll><pitch>3.518461</pitch><mode /></trkpt><trkpt lat="34.7538923" lon="-118.333155"><ele>807.82</ele><time>2026-06-07T12:07:41-05:00</time><course>245.0092</course><roll>13.8065</roll><pitch>-0.05830532</pitch><mode /></trkpt><trkpt lat="34.7538925" lon="-118.3331959"><ele>807.78</ele><time>2026-06-07T12:07:42-05:00</time><course>241.4574</course><roll>16.42842</roll><pitch>-1.707272</pitch><mode /></trkpt><trkpt lat="34.7538872" lon="-118.3332322"><ele>808.1</ele><time>2026-06-07T12:07:42-05:00</time><course>239.8034</course><roll>8.433147</roll><pitch>-4.031487</pitch><mode /></trkpt><trkpt lat="34.7535255" lon="-118.3332337"><ele>790.44</ele><time>2026-06-07T12:08:08-05:00</time><course>126.2734</course><roll>-28.28616</roll><pitch>-7.470268</pitch><mode /></trkpt><trkpt lat="34.7534906" lon="-118.3331045"><ele>789.95</ele><time>2026-06-07T12:08:09-05:00</time><course>139.4865</course><roll>-31.50869</roll><pitch>-6.369337</pitch><mode /></trkpt><trkpt lat="34.7534677" lon="-118.3330475"><ele>789.33</ele><time>2026-06-07T12:08:09-05:00</time><course>145.8913</course><roll>-33.60201</roll><pitch>-5.696923</pitch><mode /></trkpt><trkpt lat="34.7534413" lon="-118.3329972"><ele>788.5</ele><time>2026-06-07T12:08:10-05:00</time><course>151.8827</course><roll>-25.7525</roll><pitch>-8.854125</pitch><mode /></trkpt><trkpt lat="34.7534111" lon="-118.3329547"><ele>787.93</ele><time>2026-06-07T12:08:10-05:00</time><course>158.121</course><roll>-26.42349</roll><pitch>-9.045016</pitch><mode /></trkpt><trkpt lat="34.7531685" lon="-118.3350117"><ele>791.17</ele><time>2026-06-07T12:08:33-05:00</time><course>240.9398</course><roll>4.910104</roll><pitch>-2.999942</pitch><mode /></trkpt><trkpt lat="34.7531622" lon="-118.3350529"><ele>790.92</ele><time>2026-06-07T12:08:34-05:00</time><course>242.1069</course><roll>4.230754</roll><pitch>-3.285635</pitch><mode /></trkpt><trkpt lat="34.7531545" lon="-118.3350918"><ele>790.87</ele><time>2026-06-07T12:08:34-05:00</time><course>242.3493</course><roll>1.911124</roll><pitch>-2.278059</pitch><mode /></trkpt><trkpt lat="34.753146" lon="-118.3351302"><ele>790.46</ele><time>2026-06-07T12:08:34-05:00</time><course>240.2274</course><roll>1.463547</roll><pitch>-1.711868</pitch><mode /></trkpt><trkpt lat="34.7531372" lon="-118.3351681"><ele>789.9</ele><time>2026-06-07T12:08:35-05:00</time><course>236.1912</course><roll>15.00299</roll><pitch>-0.9342614</pitch><mode /></trkpt><trkpt lat="34.7531249" lon="-118.3352036"><ele>789.46</ele><time>2026-06-07T12:08:35-05:00</time><course>234.5215</course><roll>5.264795</roll><pitch>-6.34111</pitch><mode /></trkpt><trkpt lat="34.7531088" lon="-118.3352341"><ele>789.85</ele><time>2026-06-07T12:08:36-05:00</time><course>236.0601</course><roll>-12.07187</roll><pitch>-10.77323</pitch><mode /></trkpt><trkpt lat="34.7530942" lon="-118.3352629"><ele>790.84</ele><time>2026-06-07T12:08:36-05:00</time><course>235.1377</course><roll>-18.23696</roll><pitch>-10.6309</pitch><mode /></trkpt><trkpt lat="34.7530831" lon="-118.3352932"><ele>791.84</ele><time>2026-06-07T12:08:36-05:00</time><course>233.0783</course><roll>-25.50479</roll><pitch>-6.789717</pitch><mode /></trkpt><trkpt lat="34.7530729" lon="-118.335325"><ele>792.33</ele><time>2026-06-07T12:08:37-05:00</time><course>233.6533</course><roll>-24.1336</roll><pitch>-1.784286</pitch><mode /></trkpt><trkpt lat="34.753064" lon="-118.3353594"><ele>792.21</ele><time>2026-06-07T12:08:37-05:00</time><course>237.0278</course><roll>-22.94077</roll><pitch>0.1636611</pitch><mode /></trkpt><trkpt lat="34.7530565" lon="-118.3353971"><ele>791.86</ele><time>2026-06-07T12:08:38-05:00</time><course>245.8882</course><roll>-31.1274</roll><pitch>2.324599</pitch><mode /></trkpt><trkpt lat="34.7530546" lon="-118.3354391"><ele>791.18</ele><time>2026-06-07T12:08:38-05:00</time><course>249.2528</course><roll>-26.98762</roll><pitch>-3.190906</pitch><mode /></trkpt><trkpt lat="34.753061" lon="-118.3354861"><ele>791.04</ele><time>2026-06-07T12:08:38-05:00</time><course>252.4632</course><roll>-25.58961</roll><pitch>-7.437763</pitch><mode /></trkpt><trkpt lat="34.7530705" lon="-118.335534"><ele>791.11</ele><time>2026-06-07T12:08:39-05:00</time><course>262.479</course><roll>-33.47597</roll><pitch>-3.974924</pitch><mode /></trkpt><trkpt lat="34.7530848" lon="-118.3355833"><ele>791.07</ele><time>2026-06-07T12:08:39-05:00</time><course>273.2883</course><roll>-28.63132</roll><pitch>-4.164379</pitch><mode /></trkpt><trkpt lat="34.7531089" lon="-118.335633"><ele>791.69</ele><time>2026-06-07T12:08:40-05:00</time><course>285.2629</course><roll>-33.64464</roll><pitch>-6.432392</pitch><mode /></trkpt><trkpt lat="34.7531423" lon="-118.33568"><ele>792.63</ele><time>2026-06-07T12:08:40-05:00</time><course>289.7331</course><roll>-31.89261</roll><pitch>-10.14766</pitch><mode /></trkpt><trkpt lat="34.7531819" lon="-118.3357233"><ele>793.34</ele><time>2026-06-07T12:08:40-05:00</time><course>290.4811</course><roll>-29.23177</roll><pitch>-13.41804</pitch><mode /></trkpt><trkpt lat="34.7532255" lon="-118.3357619"><ele>794.1</ele><time>2026-06-07T12:08:41-05:00</time><course>297.5949</course><roll>-31.81413</roll><pitch>-10.34017</pitch><mode /></trkpt><trkpt lat="34.7532717" lon="-118.3357973"><ele>794.71</ele><time>2026-06-07T12:08:41-05:00</time><course>306.2941</course><roll>-36.6133</roll><pitch>-7.676962</pitch><mode /></trkpt><trkpt lat="34.7533237" lon="-118.3358277"><ele>795</ele><time>2026-06-07T12:08:42-05:00</time><course>313.6031</course><roll>-37.48838</roll><pitch>-8.631195</pitch><mode /></trkpt><trkpt lat="34.7533824" lon="-118.3358489"><ele>795.56</ele><time>2026-06-07T12:08:42-05:00</time><course>320.2352</course><roll>-38.81398</roll><pitch>-9.505389</pitch><mode /></trkpt><trkpt lat="34.7534462" lon="-118.3358611"><ele>796.1</ele><time>2026-06-07T12:08:42-05:00</time><course>327.289</course><roll>-43.17192</roll><pitch>-8.484535</pitch><mode /></trkpt><trkpt lat="34.753514" lon="-118.3358659"><ele>796.27</ele><time>2026-06-07T12:08:43-05:00</time><course>336.4417</course><roll>-42.38335</roll><pitch>-7.372455</pitch><mode /></trkpt><trkpt lat="34.7535853" lon="-118.3358602"><ele>796.1</ele><time>2026-06-07T12:08:43-05:00</time><course>346.6988</course><roll>-43.88565</roll><pitch>-6.455909</pitch><mode /></trkpt><trkpt lat="34.7536586" lon="-118.3358447"><ele>795.77</ele><time>2026-06-07T12:08:44-05:00</time><course>359.7723</course><roll>-46.42635</roll><pitch>-5.16685</pitch><mode /></trkpt><trkpt lat="34.7537332" lon="-118.3358154"><ele>795.3</ele><time>2026-06-07T12:08:44-05:00</time><course>9.816141</course><roll>-39.02024</roll><pitch>-7.897583</pitch><mode /></trkpt><trkpt lat="34.7538051" lon="-118.3357712"><ele>795.08</ele><time>2026-06-07T12:08:44-05:00</time><course>14.40391</course><roll>-29.1582</roll><pitch>-10.36397</pitch><mode /></trkpt><trkpt lat="34.7538742" lon="-118.335721"><ele>795.11</ele><time>2026-06-07T12:08:45-05:00</time><course>24.87243</course><roll>-41.95369</roll><pitch>-4.961782</pitch><mode /></trkpt><trkpt lat="34.7539419" lon="-118.3356654"><ele>794.8</ele><time>2026-06-07T12:08:45-05:00</time><course>37.86675</course><roll>-43.86917</roll><pitch>-1.342898</pitch><mode /></trkpt><trkpt lat="34.7540045" lon="-118.3355975"><ele>794.3</ele><time>2026-06-07T12:08:46-05:00</time><course>50.59116</course><roll>-42.52711</roll><pitch>-3.305055</pitch><mode /></trkpt><trkpt lat="34.7540591" lon="-118.3355178"><ele>794.06</ele><time>2026-06-07T12:08:46-05:00</time><course>60.69123</course><roll>-43.68626</roll><pitch>-2.265629</pitch><mode /></trkpt><trkpt lat="34.7541053" lon="-118.3354321"><ele>793.69</ele><time>2026-06-07T12:08:46-05:00</time><course>72.75244</course><roll>-45.31359</roll><pitch>-2.488544</pitch><mode /></trkpt><trkpt lat="34.7541384" lon="-118.3353411"><ele>793.28</ele><time>2026-06-07T12:08:47-05:00</time><course>79.41087</course><roll>-37.28299</roll><pitch>-5.540665</pitch><mode /></trkpt><trkpt lat="34.7541615" lon="-118.3352479"><ele>793.28</ele><time>2026-06-07T12:08:47-05:00</time><course>85.8837</course><roll>-32.26332</roll><pitch>-3.464842</pitch><mode /></trkpt><trkpt lat="34.7541796" lon="-118.335155"><ele>793.18</ele><time>2026-06-07T12:08:48-05:00</time><course>94.4638</course><roll>-29.50282</roll><pitch>1.387053</pitch><mode /></trkpt><trkpt lat="34.7541919" lon="-118.3350634"><ele>792.26</ele><time>2026-06-07T12:08:48-05:00</time><course>90.81739</course><roll>-21.35064</roll><pitch>0.7437927</pitch><mode /></trkpt><trkpt lat="34.7542007" lon="-118.3349719"><ele>791.06</ele><time>2026-06-07T12:08:48-05:00</time><course>91.508</course><roll>-18.08354</roll><pitch>9.098844</pitch><mode /></trkpt><trkpt lat="34.7542119" lon="-118.3348792"><ele>789.16</ele><time>2026-06-07T12:08:49-05:00</time><course>103.8283</course><roll>-25.10484</roll><pitch>13.28541</pitch><mode /></trkpt><trkpt lat="34.7542153" lon="-118.3347839"><ele>787.34</ele><time>2026-06-07T12:08:49-05:00</time><course>107.1645</course><roll>-24.00166</roll><pitch>9.361842</pitch><mode /></trkpt><trkpt lat="34.7542095" lon="-118.3346885"><ele>785.93</ele><time>2026-06-07T12:08:50-05:00</time><course>107.5949</course><roll>-20.9504</roll><pitch>10.28183</pitch><mode /></trkpt><trkpt lat="34.7541997" lon="-118.3345925"><ele>784.55</ele><time>2026-06-07T12:08:50-05:00</time><course>110.4415</course><roll>-23.2824</roll><pitch>12.61242</pitch><mode /></trkpt><trkpt lat="34.7541859" lon="-118.3344972"><ele>782.85</ele><time>2026-06-07T12:08:50-05:00</time><course>110.4919</course><roll>-26.59268</roll><pitch>13.7152</pitch><mode /></trkpt><trkpt lat="34.7541703" lon="-118.3344027"><ele>780.56</ele><time>2026-06-07T12:08:51-05:00</time><course>114.1592</course><roll>-26.09266</roll><pitch>13.85398</pitch><mode /></trkpt><trkpt lat="34.7541503" lon="-118.3343088"><ele>778.09</ele><time>2026-06-07T12:08:51-05:00</time><course>118.1522</course><roll>-24.62817</roll><pitch>11.5175</pitch><mode /></trkpt><trkpt lat="34.7541264" lon="-118.3342154"><ele>775.63</ele><time>2026-06-07T12:08:52-05:00</time><course>126.6003</course><roll>-22.53176</roll><pitch>8.70558</pitch><mode /></trkpt><trkpt lat="34.7540961" lon="-118.3341258"><ele>773.63</ele><time>2026-06-07T12:08:52-05:00</time><course>129.7898</course><roll>-20.07068</roll><pitch>2.569429</pitch><mode /></trkpt><trkpt lat="34.7540606" lon="-118.3340415"><ele>772.48</ele><time>2026-06-07T12:08:52-05:00</time><course>132.5148</course><roll>-20.34189</roll><pitch>-1.923946</pitch><mode /></trkpt><trkpt lat="34.754022" lon="-118.3339626"><ele>772.18</ele><time>2026-06-07T12:08:53-05:00</time><course>137.9372</course><roll>-21.70867</roll><pitch>-4.217681</pitch><mode /></trkpt><trkpt lat="34.7539815" lon="-118.3338902"><ele>772.44</ele><time>2026-06-07T12:08:53-05:00</time><course>143.6662</course><roll>-19.89927</roll><pitch>-5.161827</pitch><mode /></trkpt><trkpt lat="34.7539391" lon="-118.3338241"><ele>772.87</ele><time>2026-06-07T12:08:54-05:00</time><course>146.8446</course><roll>-22.21685</roll><pitch>-7.2914</pitch><mode /></trkpt><trkpt lat="34.7538954" lon="-118.3337641"><ele>773.45</ele><time>2026-06-07T12:08:54-05:00</time><course>147.388</course><roll>-22.85023</roll><pitch>-7.236399</pitch><mode /></trkpt><trkpt lat="34.7538512" lon="-118.3337093"><ele>773.78</ele><time>2026-06-07T12:08:54-05:00</time><course>148.6687</course><roll>-20.71835</roll><pitch>-5.847756</pitch><mode /></trkpt><trkpt lat="34.7538057" lon="-118.3336567"><ele>774.05</ele><time>2026-06-07T12:08:55-05:00</time><course>151.8957</course><roll>-26.40939</roll><pitch>-5.320293</pitch><mode /></trkpt><trkpt lat="34.7537583" lon="-118.3336073"><ele>774.45</ele><time>2026-06-07T12:08:55-05:00</time><course>155.3761</course><roll>-18.75588</roll><pitch>-4.664326</pitch><mode /></trkpt><trkpt lat="34.7537097" lon="-118.3335595"><ele>774.38</ele><time>2026-06-07T12:08:56-05:00</time><course>154.1826</course><roll>-6.871157</roll><pitch>-5.267001</pitch><mode /></trkpt><trkpt lat="34.7536603" lon="-118.3335129"><ele>774.98</ele><time>2026-06-07T12:08:56-05:00</time><course>154.0107</course><roll>-0.5375326</roll><pitch>-6.5324</pitch><mode /></trkpt><trkpt lat="34.7536116" lon="-118.3334645"><ele>775.61</ele><time>2026-06-07T12:08:56-05:00</time><course>157.8186</course><roll>-5.133313</roll><pitch>-6.391829</pitch><mode /></trkpt><trkpt lat="34.7535634" lon="-118.3334144"><ele>776.12</ele><time>2026-06-07T12:08:57-05:00</time><course>163.1493</course><roll>-11.77476</roll><pitch>-6.45722</pitch><mode /></trkpt><trkpt lat="34.7535149" lon="-118.333367"><ele>776.69</ele><time>2026-06-07T12:08:57-05:00</time><course>161.0778</course><roll>-10.42149</roll><pitch>-9.300859</pitch><mode /></trkpt><trkpt lat="34.7534674" lon="-118.3333244"><ele>778.15</ele><time>2026-06-07T12:08:58-05:00</time><course>154.3569</course><roll>-6.467818</roll><pitch>-11.18237</pitch><mode /></trkpt><trkpt lat="34.7534216" lon="-118.3332813"><ele>779.9</ele><time>2026-06-07T12:08:58-05:00</time><course>154.8029</course><roll>-6.724029</roll><pitch>-8.503345</pitch><mode /></trkpt><trkpt lat="34.7533762" lon="-118.3332366"><ele>781.27</ele><time>2026-06-07T12:08:58-05:00</time><course>156.6951</course><roll>-6.809946</roll><pitch>-7.064655</pitch><mode /></trkpt><trkpt lat="34.7533531" lon="-118.3332151"><ele>781.82</ele><time>2026-06-07T12:08:59-05:00</time><course>153.5318</course><roll>-5.105319</roll><pitch>-5.396115</pitch><mode /></trkpt><trkpt lat="34.7533072" lon="-118.3331701"><ele>782.37</ele><time>2026-06-07T12:08:59-05:00</time><course>153.9688</course><roll>-1.879268</roll><pitch>-1.339534</pitch><mode /></trkpt><trkpt lat="34.7532628" lon="-118.3331202"><ele>782.27</ele><time>2026-06-07T12:08:59-05:00</time><course>162.1739</course><roll>-4.782113</roll><pitch>-0.961414</pitch><mode /></trkpt><trkpt lat="34.7532178" lon="-118.3330712"><ele>782.07</ele><time>2026-06-07T12:09:00-05:00</time><course>158.3304</course><roll>-5.745451</roll><pitch>-6.672754</pitch><mode /></trkpt><trkpt lat="34.7531738" lon="-118.3330238"><ele>782.85</ele><time>2026-06-07T12:09:00-05:00</time><course>155.5151</course><roll>-5.350579</roll><pitch>-7.730634</pitch><mode /></trkpt><trkpt lat="34.7531317" lon="-118.3329748"><ele>783.92</ele><time>2026-06-07T12:09:01-05:00</time><course>156.6082</course><roll>-6.709532</roll><pitch>-9.501526</pitch><mode /></trkpt><trkpt lat="34.7530902" lon="-118.3329265"><ele>785.17</ele><time>2026-06-07T12:09:01-05:00</time><course>156.7444</course><roll>-6.495114</roll><pitch>-9.463583</pitch><mode /></trkpt><trkpt lat="34.7530501" lon="-118.3328771"><ele>786.23</ele><time>2026-06-07T12:09:01-05:00</time><course>158.6235</course><roll>-6.267438</roll><pitch>-9.889444</pitch><mode /></trkpt><trkpt lat="34.7530108" lon="-118.3328288"><ele>787.19</ele><time>2026-06-07T12:09:02-05:00</time><course>156.7062</course><roll>-2.37316</roll><pitch>-9.775104</pitch><mode /></trkpt><trkpt lat="34.7529733" lon="-118.3327792"><ele>788.04</ele><time>2026-06-07T12:09:02-05:00</time><course>157.3506</course><roll>-1.120293</roll><pitch>-9.98931</pitch><mode /></trkpt><trkpt lat="34.7529377" lon="-118.332729"><ele>789.08</ele><time>2026-06-07T12:09:03-05:00</time><course>155.6417</course><roll>-1.561281</roll><pitch>-13.55082</pitch><mode /></trkpt><trkpt lat="34.7529046" lon="-118.3326792"><ele>790.48</ele><time>2026-06-07T12:09:03-05:00</time><course>148.7366</course><roll>10.59027</roll><pitch>-11.45838</pitch><mode /></trkpt><trkpt lat="34.7528757" lon="-118.3326282"><ele>791.97</ele><time>2026-06-07T12:09:03-05:00</time><course>142.5486</course><roll>26.2599</roll><pitch>-5.839553</pitch><mode /></trkpt><trkpt lat="34.7528511" lon="-118.3325703"><ele>793.08</ele><time>2026-06-07T12:09:04-05:00</time><course>136.0037</course><roll>37.51541</roll><pitch>-4.790316</pitch><mode /></trkpt><trkpt lat="34.7528333" lon="-118.3325013"><ele>794.03</ele><time>2026-06-07T12:09:04-05:00</time><course>125.0697</course><roll>43.84336</roll><pitch>-6.911215</pitch><mode /></trkpt><trkpt lat="34.7528328" lon="-118.3323333"><ele>795.76</ele><time>2026-06-07T12:09:05-05:00</time><course>95.78561</course><roll>49.22401</roll><pitch>-10.94385</pitch><mode /></trkpt><trkpt lat="34.7528551" lon="-118.3322417"><ele>796.71</ele><time>2026-06-07T12:09:05-05:00</time><course>80.42375</course><roll>47.13801</roll><pitch>-11.80884</pitch><mode /></trkpt><trkpt lat="34.7528938" lon="-118.332152"><ele>797.81</ele><time>2026-06-07T12:09:06-05:00</time><course>64.98849</course><roll>46.57507</roll><pitch>-11.00512</pitch><mode /></trkpt><trkpt lat="34.7529447" lon="-118.332067"><ele>798.71</ele><time>2026-06-07T12:09:06-05:00</time><course>49.63532</course><roll>48.34703</roll><pitch>-8.937033</pitch><mode /></trkpt><trkpt lat="34.7530075" lon="-118.3319906"><ele>799.36</ele><time>2026-06-07T12:09:07-05:00</time><course>35.58959</course><roll>46.07922</roll><pitch>-7.083982</pitch><mode /></trkpt><trkpt lat="34.7530799" lon="-118.3319259"><ele>799.93</ele><time>2026-06-07T12:09:07-05:00</time><course>19.84821</course><roll>43.97483</roll><pitch>-5.674729</pitch><mode /></trkpt><trkpt lat="34.7531596" lon="-118.3318759"><ele>800.44</ele><time>2026-06-07T12:09:07-05:00</time><course>7.071093</course><roll>44.32553</roll><pitch>-4.537818</pitch><mode /></trkpt><trkpt lat="34.7532435" lon="-118.331841"><ele>800.68</ele><time>2026-06-07T12:09:08-05:00</time><course>346.6218</course><roll>45.62282</roll><pitch>-5.409613</pitch><mode /></trkpt><trkpt lat="34.7533283" lon="-118.3318202"><ele>800.52</ele><time>2026-06-07T12:09:08-05:00</time><course>343.7242</course><roll>44.86484</roll><pitch>-6.003449</pitch><mode /></trkpt><trkpt lat="34.7536779" lon="-118.3323433"><ele>804.46</ele><time>2026-06-07T12:09:14-05:00</time><course>242.5554</course><roll>1.430879</roll><pitch>6.225501</pitch><mode /></trkpt><trkpt lat="34.7536335" lon="-118.3326074"><ele>800.94</ele><time>2026-06-07T12:09:16-05:00</time><course>236.7213</course><roll>-13.58343</roll><pitch>1.706032</pitch><mode /></trkpt><trkpt lat="34.7535974" lon="-118.3328917"><ele>798.63</ele><time>2026-06-07T12:09:18-05:00</time><course>237.1122</course><roll>-11.00912</roll><pitch>-0.5613457</pitch><mode /></trkpt><trkpt lat="34.7535914" lon="-118.3329489"><ele>798.05</ele><time>2026-06-07T12:09:18-05:00</time><course>238.3822</course><roll>-6.397736</roll><pitch>3.132948</pitch><mode /></trkpt><trkpt lat="34.7535837" lon="-118.3330052"><ele>797.14</ele><time>2026-06-07T12:09:18-05:00</time><course>238.4624</course><roll>-5.486197</roll><pitch>-0.2708643</pitch><mode /></trkpt><trkpt lat="34.7535759" lon="-118.333063"><ele>796.8</ele><time>2026-06-07T12:09:19-05:00</time><course>236.4879</course><roll>1.647997</roll><pitch>-0.4389227</pitch><mode /></trkpt><trkpt lat="34.7535658" lon="-118.3331192"><ele>796.58</ele><time>2026-06-07T12:09:19-05:00</time><course>234.5953</course><roll>10.20506</roll><pitch>0.7444311</pitch><mode /></trkpt><trkpt lat="34.7535519" lon="-118.333173"><ele>796.25</ele><time>2026-06-07T12:09:20-05:00</time><course>233.908</course><roll>7.893406</roll><pitch>-2.48401</pitch><mode /></trkpt><trkpt lat="34.7535351" lon="-118.3332262"><ele>796.55</ele><time>2026-06-07T12:09:20-05:00</time><course>224.9975</course><roll>11.18477</roll><pitch>-3.681299</pitch><mode /></trkpt><trkpt lat="34.7535147" lon="-118.3332762"><ele>796.83</ele><time>2026-06-07T12:09:20-05:00</time><course>225.2454</course><roll>6.587174</roll><pitch>-2.871005</pitch><mode /></trkpt><trkpt lat="34.7534898" lon="-118.3333224"><ele>797.06</ele><time>2026-06-07T12:09:21-05:00</time><course>230.1895</course><roll>2.237212</roll><pitch>-4.377152</pitch><mode /></trkpt><trkpt lat="34.7534635" lon="-118.333368"><ele>797.87</ele><time>2026-06-07T12:09:21-05:00</time><course>226.6451</course><roll>-2.996289</roll><pitch>-4.151723</pitch><mode /></trkpt><trkpt lat="34.7534366" lon="-118.3334131"><ele>798.37</ele><time>2026-06-07T12:09:22-05:00</time><course>219.8547</course><roll>-3.664299</roll><pitch>1.289513</pitch><mode /></trkpt><trkpt lat="34.7534074" lon="-118.3334559"><ele>798.1</ele><time>2026-06-07T12:09:22-05:00</time><course>218.1808</course><roll>6.517202</roll><pitch>3.367489</pitch><mode /></trkpt><trkpt lat="34.7533728" lon="-118.3334955"><ele>797.67</ele><time>2026-06-07T12:09:22-05:00</time><course>225.4143</course><roll>-3.639543</roll><pitch>1.509653</pitch><mode /></trkpt><trkpt lat="34.7533367" lon="-118.3335362"><ele>797.44</ele><time>2026-06-07T12:09:23-05:00</time><course>224.7766</course><roll>-3.481298</roll><pitch>-1.699794</pitch><mode /></trkpt><trkpt lat="34.7533011" lon="-118.333579"><ele>797.49</ele><time>2026-06-07T12:09:23-05:00</time><course>221.0702</course><roll>-3.930537</roll><pitch>-2.222467</pitch><mode /></trkpt><trkpt lat="34.7532636" lon="-118.3336199"><ele>797.77</ele><time>2026-06-07T12:09:24-05:00</time><course>225.1705</course><roll>-12.27087</roll><pitch>-1.630037</pitch><mode /></trkpt><trkpt lat="34.7527867" lon="-118.3341072"><ele>798.71</ele><time>2026-06-07T12:09:29-05:00</time><course>207.9553</course><roll>-5.903849</roll><pitch>-1.730663</pitch><mode /></trkpt><trkpt lat="34.7527138" lon="-118.334176"><ele>798.26</ele><time>2026-06-07T12:09:29-05:00</time><course>210.1215</course><roll>-2.538909</roll><pitch>-4.023152</pitch><mode /></trkpt><trkpt lat="34.7526124" lon="-118.3342732"><ele>799.52</ele><time>2026-06-07T12:09:31-05:00</time><course>225.0252</course><roll>-36.96</roll><pitch>-10.9474</pitch><mode /></trkpt><trkpt lat="34.7525657" lon="-118.3345217"><ele>801.01</ele><time>2026-06-07T12:09:33-05:00</time><course>257.8889</course><roll>-39.77858</roll><pitch>-0.4949374</pitch><mode /></trkpt><trkpt lat="34.7525763" lon="-118.3345846"><ele>800.76</ele><time>2026-06-07T12:09:33-05:00</time><course>266.4474</course><roll>-43.50642</roll><pitch>-2.214093</pitch><mode /></trkpt><trkpt lat="34.7526009" lon="-118.3346504"><ele>800.76</ele><time>2026-06-07T12:09:33-05:00</time><course>273.8063</course><roll>-44.38938</roll><pitch>-5.075456</pitch><mode /></trkpt><trkpt lat="34.7526339" lon="-118.3347161"><ele>800.68</ele><time>2026-06-07T12:09:34-05:00</time><course>281.3926</course><roll>-49.90564</roll><pitch>-6.774658</pitch><mode /></trkpt><trkpt lat="34.7526757" lon="-118.3347799"><ele>800.25</ele><time>2026-06-07T12:09:34-05:00</time><course>288.1327</course><roll>-47.62986</roll><pitch>-7.683304</pitch><mode /></trkpt><trkpt lat="34.752727" lon="-118.3348386"><ele>799.89</ele><time>2026-06-07T12:09:35-05:00</time><course>298.2708</course><roll>-47.45406</roll><pitch>-8.020571</pitch><mode /></trkpt><trkpt lat="34.7527889" lon="-118.3348877"><ele>799.89</ele><time>2026-06-07T12:09:35-05:00</time><course>304.576</course><roll>-46.50996</roll><pitch>-9.008879</pitch><mode /></trkpt><trkpt lat="34.7528582" lon="-118.3349289"><ele>799.86</ele><time>2026-06-07T12:09:35-05:00</time><course>312.495</course><roll>-45.15182</roll><pitch>-7.286406</pitch><mode /></trkpt><trkpt lat="34.7529326" lon="-118.3349622"><ele>799.76</ele><time>2026-06-07T12:09:36-05:00</time><course>322.172</course><roll>-44.4795</roll><pitch>-6.006845</pitch><mode /></trkpt><trkpt lat="34.7530125" lon="-118.3349852"><ele>799.83</ele><time>2026-06-07T12:09:36-05:00</time><course>331.453</course><roll>-46.64013</roll><pitch>-5.804175</pitch><mode /></trkpt><trkpt lat="34.753098" lon="-118.3349968"><ele>799.75</ele><time>2026-06-07T12:09:37-05:00</time><course>340.3443</course><roll>-45.78206</roll><pitch>-8.039243</pitch><mode /></trkpt><trkpt lat="34.7531875" lon="-118.3349947"><ele>799.95</ele><time>2026-06-07T12:09:37-05:00</time><course>347.0146</course><roll>-45.38374</roll><pitch>-9.320598</pitch><mode /></trkpt><trkpt lat="34.7532783" lon="-118.3349794"><ele>800.21</ele><time>2026-06-07T12:09:37-05:00</time><course>354.4606</course><roll>-44.25121</roll><pitch>-8.946233</pitch><mode /></trkpt><trkpt lat="34.7533689" lon="-118.3349523"><ele>800.38</ele><time>2026-06-07T12:09:38-05:00</time><course>2.977533</course><roll>-45.441</roll><pitch>-8.503664</pitch><mode /></trkpt><trkpt lat="34.7534583" lon="-118.3349131"><ele>800.58</ele><time>2026-06-07T12:09:38-05:00</time><course>10.6326</course><roll>-46.27185</roll><pitch>-7.56926</pitch><mode /></trkpt><trkpt lat="34.7535451" lon="-118.3348631"><ele>800.63</ele><time>2026-06-07T12:09:39-05:00</time><course>20.08021</course><roll>-48.08959</roll><pitch>-7.494746</pitch><mode /></trkpt><trkpt lat="34.7536286" lon="-118.3348013"><ele>800.68</ele><time>2026-06-07T12:09:39-05:00</time><course>28.22948</course><roll>-44.09266</roll><pitch>-8.293486</pitch><mode /></trkpt><trkpt lat="34.7537036" lon="-118.3347247"><ele>801.39</ele><time>2026-06-07T12:09:39-05:00</time><course>37.06661</course><roll>-47.48852</roll><pitch>-6.459971</pitch><mode /></trkpt><trkpt lat="34.7537762" lon="-118.3346433"><ele>801.29</ele><time>2026-06-07T12:09:40-05:00</time><course>45.32626</course><roll>-47.81699</roll><pitch>-7.229994</pitch><mode /></trkpt><trkpt lat="34.7538397" lon="-118.3345518"><ele>801.39</ele><time>2026-06-07T12:09:40-05:00</time><course>56.13758</course><roll>-44.56768</roll><pitch>-8.738572</pitch><mode /></trkpt><trkpt lat="34.7538901" lon="-118.3344509"><ele>802.03</ele><time>2026-06-07T12:09:41-05:00</time><course>64.7181</course><roll>-49.9062</roll><pitch>-8.775388</pitch><mode /></trkpt><trkpt lat="34.753931" lon="-118.3343454"><ele>802.51</ele><time>2026-06-07T12:09:41-05:00</time><course>71.78729</course><roll>-47.51725</roll><pitch>-12.50535</pitch><mode /></trkpt><trkpt lat="34.7539587" lon="-118.3342359"><ele>803.19</ele><time>2026-06-07T12:09:41-05:00</time><course>77.55734</course><roll>-45.67747</roll><pitch>-8.231018</pitch><mode /></trkpt><trkpt lat="34.7539867" lon="-118.3341267"><ele>803.12</ele><time>2026-06-07T12:09:42-05:00</time><course>88.04688</course><roll>-46.11394</roll><pitch>-2.355144</pitch><mode /></trkpt><trkpt lat="34.7540044" lon="-118.3340163"><ele>803.11</ele><time>2026-06-07T12:09:42-05:00</time><course>98.25053</course><roll>-46.7222</roll><pitch>-3.601996</pitch><mode /></trkpt><trkpt lat="34.75401" lon="-118.3339068"><ele>803.01</ele><time>2026-06-07T12:09:43-05:00</time><course>106.5623</course><roll>-51.88291</roll><pitch>-5.484807</pitch><mode /></trkpt><trkpt lat="34.7540052" lon="-118.3338017"><ele>802.56</ele><time>2026-06-07T12:09:43-05:00</time><course>108.749</course><roll>-47.15323</roll><pitch>-10.1429</pitch><mode /></trkpt><trkpt lat="34.7539917" lon="-118.3337032"><ele>802.44</ele><time>2026-06-07T12:09:43-05:00</time><course>111.2605</course><roll>-29.57656</roll><pitch>-8.933318</pitch><mode /></trkpt><trkpt lat="34.7539726" lon="-118.3336124"><ele>802.92</ele><time>2026-06-07T12:09:44-05:00</time><course>115.6772</course><roll>-17.84086</roll><pitch>-3.024835</pitch><mode /></trkpt><trkpt lat="34.7539553" lon="-118.3335238"><ele>802.8</ele><time>2026-06-07T12:09:44-05:00</time><course>117.4941</course><roll>-12.21784</roll><pitch>-2.11671</pitch><mode /></trkpt><trkpt lat="34.7539216" lon="-118.3333451"><ele>803.8</ele><time>2026-06-07T12:09:45-05:00</time><course>121.3494</course><roll>-0.602616</roll><pitch>-4.909553</pitch><mode /></trkpt><trkpt lat="34.7539066" lon="-118.3332525"><ele>804.91</ele><time>2026-06-07T12:09:45-05:00</time><course>126.0931</course><roll>-21.42826</roll><pitch>-7.570925</pitch><mode /></trkpt><trkpt lat="34.7535036" lon="-118.3325734"><ele>805.67</ele><time>2026-06-07T12:09:50-05:00</time><course>191.8151</course><roll>-34.23917</roll><pitch>-3.921818</pitch><mode /></trkpt><trkpt lat="34.7533347" lon="-118.3329713"><ele>801.92</ele><time>2026-06-07T12:09:55-05:00</time><course>263.9242</course><roll>-10.68609</roll><pitch>-4.324301</pitch><mode /></trkpt><trkpt lat="34.7534425" lon="-118.3332129"><ele>800.85</ele><time>2026-06-07T12:09:57-05:00</time><course>261.2384</course><roll>-0.2733323</roll><pitch>6.929462</pitch><mode /></trkpt><trkpt lat="34.7535077" lon="-118.3334728"><ele>797.93</ele><time>2026-06-07T12:09:59-05:00</time><course>256.4119</course><roll>-1.584157</roll><pitch>0.4754839</pitch><mode /></trkpt><trkpt lat="34.7535137" lon="-118.3335261"><ele>798.27</ele><time>2026-06-07T12:09:59-05:00</time><course>260.5523</course><roll>-9.737535</roll><pitch>-0.9905468</pitch><mode /></trkpt><trkpt lat="34.7535219" lon="-118.3335789"><ele>798.46</ele><time>2026-06-07T12:09:59-05:00</time><course>255.3389</course><roll>-6.076164</roll><pitch>-0.2801265</pitch><mode /></trkpt><trkpt lat="34.7535308" lon="-118.3336309"><ele>798.16</ele><time>2026-06-07T12:10:00-05:00</time><course>251.4264</course><roll>-0.653703</roll><pitch>2.363155</pitch><mode /></trkpt><trkpt lat="34.7535362" lon="-118.3336812"><ele>797.75</ele><time>2026-06-07T12:10:00-05:00</time><course>257.0734</course><roll>0.3054293</roll><pitch>1.341272</pitch><mode /></trkpt><trkpt lat="34.7535409" lon="-118.3337324"><ele>797.91</ele><time>2026-06-07T12:10:01-05:00</time><course>254.3887</course><roll>-0.5037048</roll><pitch>0.3617218</pitch><mode /></trkpt><trkpt lat="34.7535459" lon="-118.3337831"><ele>797.96</ele><time>2026-06-07T12:10:01-05:00</time><course>251.1758</course><roll>-0.8691468</roll><pitch>0.2498979</pitch><mode /></trkpt><trkpt lat="34.7535491" lon="-118.3338326"><ele>797.96</ele><time>2026-06-07T12:10:01-05:00</time><course>250.6627</course><roll>1.341644</roll><pitch>1.645904</pitch><mode /></trkpt><trkpt lat="34.7535514" lon="-118.3338803"><ele>797.55</ele><time>2026-06-07T12:10:02-05:00</time><course>250.8617</course><roll>-2.300063</roll><pitch>0.8973089</pitch><mode /></trkpt><trkpt lat="34.7535536" lon="-118.3339272"><ele>797.54</ele><time>2026-06-07T12:10:02-05:00</time><course>249.6552</course><roll>-0.6287739</roll><pitch>-4.181449</pitch><mode /></trkpt><trkpt lat="34.7535554" lon="-118.3339728"><ele>797.88</ele><time>2026-06-07T12:10:03-05:00</time><course>247.7036</course><roll>1.151949</roll><pitch>-7.506438</pitch><mode /></trkpt><trkpt lat="34.7535565" lon="-118.3340149"><ele>798.53</ele><time>2026-06-07T12:10:03-05:00</time><course>248.4823</course><roll>0.4893011</roll><pitch>-4.17235</pitch><mode /></trkpt><trkpt lat="34.7535581" lon="-118.3340541"><ele>798.8</ele><time>2026-06-07T12:10:03-05:00</time><course>245.4191</course><roll>-0.01880307</roll><pitch>3.559634</pitch><mode /></trkpt><trkpt lat="34.7535602" lon="-118.334092"><ele>798.01</ele><time>2026-06-07T12:10:04-05:00</time><course>242.4563</course><roll>-0.5149652</roll><pitch>12.95541</pitch><mode /></trkpt><trkpt lat="34.753561" lon="-118.3341283"><ele>796.01</ele><time>2026-06-07T12:10:04-05:00</time><course>242.5706</course><roll>-4.260503</roll><pitch>19.23123</pitch><mode /></trkpt><trkpt lat="34.7535611" lon="-118.3341659"><ele>793.38</ele><time>2026-06-07T12:10:05-05:00</time><course>239.4927</course><roll>-3.375413</roll><pitch>13.93074</pitch><mode /></trkpt><trkpt lat="34.7535599" lon="-118.3342069"><ele>791.12</ele><time>2026-06-07T12:10:05-05:00</time><course>238.3252</course><roll>0.7058473</roll><pitch>4.409255</pitch><mode /></trkpt><trkpt lat="34.7535551" lon="-118.3342499"><ele>790.58</ele><time>2026-06-07T12:10:05-05:00</time><course>239.8502</course><roll>2.90696</roll><pitch>-4.067047</pitch><mode /></trkpt><trkpt lat="34.7535491" lon="-118.3342897"><ele>791.24</ele><time>2026-06-07T12:10:06-05:00</time><course>240.1675</course><roll>6.113995</roll><pitch>-10.85539</pitch><mode /></trkpt><trkpt lat="34.753543" lon="-118.3343239"><ele>792.67</ele><time>2026-06-07T12:10:06-05:00</time><course>237.2711</course><roll>5.310381</roll><pitch>-16.86338</pitch><mode /></trkpt><trkpt lat="34.7535368" lon="-118.3343506"><ele>794.96</ele><time>2026-06-07T12:10:07-05:00</time><course>234.4718</course><roll>7.786339</roll><pitch>-17.59657</pitch><mode /></trkpt><trkpt lat="34.7535287" lon="-118.3343703"><ele>797.08</ele><time>2026-06-07T12:10:07-05:00</time><course>240.0895</course><roll>1.676227</roll><pitch>-12.16608</pitch><mode /></trkpt><trkpt lat="34.7535194" lon="-118.3343882"><ele>798.15</ele><time>2026-06-07T12:10:07-05:00</time><course>243.1542</course><roll>-2.19113</roll><pitch>-3.023972</pitch><mode /></trkpt><trkpt lat="34.7535107" lon="-118.3344074"><ele>798.47</ele><time>2026-06-07T12:10:08-05:00</time><course>239.0775</course><roll>0.2154943</roll><pitch>5.670296</pitch><mode /></trkpt><trkpt lat="34.7535019" lon="-118.3344285"><ele>798.27</ele><time>2026-06-07T12:10:08-05:00</time><course>232.593</course><roll>-2.966152</roll><pitch>13.54323</pitch><mode /></trkpt><trkpt lat="34.7534922" lon="-118.3344513"><ele>797.12</ele><time>2026-06-07T12:10:09-05:00</time><course>226.4782</course><roll>-1.178302</roll><pitch>15.86617</pitch><mode /></trkpt><trkpt lat="34.7534799" lon="-118.3344766"><ele>795.75</ele><time>2026-06-07T12:10:09-05:00</time><course>224.1453</course><roll>-0.3609654</roll><pitch>8.722644</pitch><mode /></trkpt><trkpt lat="34.7534638" lon="-118.3345047"><ele>795.19</ele><time>2026-06-07T12:10:09-05:00</time><course>220.3688</course><roll>6.916575</roll><pitch>2.772912</pitch><mode /></trkpt><trkpt lat="34.7534463" lon="-118.3345314"><ele>795.45</ele><time>2026-06-07T12:10:10-05:00</time><course>213.4306</course><roll>20.70919</roll><pitch>3.83279</pitch><mode /></trkpt><trkpt lat="34.7534255" lon="-118.3345509"><ele>795.92</ele><time>2026-06-07T12:10:10-05:00</time><course>206.1475</course><roll>34.48451</roll><pitch>3.270581</pitch><mode /></trkpt><trkpt lat="34.7533983" lon="-118.3345579"><ele>796.49</ele><time>2026-06-07T12:10:11-05:00</time><course>199.6708</course><roll>38.22956</roll><pitch>-3.415582</pitch><mode /></trkpt><trkpt lat="34.7533666" lon="-118.3345523"><ele>796.97</ele><time>2026-06-07T12:10:11-05:00</time><course>189.8702</course><roll>36.89187</roll><pitch>-6.293709</pitch><mode /></trkpt><trkpt lat="34.7533328" lon="-118.3345342"><ele>798.06</ele><time>2026-06-07T12:10:11-05:00</time><course>173.5787</course><roll>37.07943</roll><pitch>-2.862003</pitch><mode /></trkpt><trkpt lat="34.7532991" lon="-118.3345042"><ele>798.67</ele><time>2026-06-07T12:10:12-05:00</time><course>161.3183</course><roll>40.66357</roll><pitch>-0.07720712</pitch><mode /></trkpt><trkpt lat="34.7532676" lon="-118.3344578"><ele>799</ele><time>2026-06-07T12:10:12-05:00</time><course>153.0627</course><roll>38.55663</roll><pitch>-2.843076</pitch><mode /></trkpt><trkpt lat="34.7532408" lon="-118.3343987"><ele>799.23</ele><time>2026-06-07T12:10:13-05:00</time><course>142.8669</course><roll>34.97709</roll><pitch>-3.851357</pitch><mode /></trkpt><trkpt lat="34.7532205" lon="-118.3343285"><ele>799.55</ele><time>2026-06-07T12:10:13-05:00</time><course>134.6082</course><roll>38.49845</roll><pitch>-2.449836</pitch><mode /></trkpt><trkpt lat="34.7532063" lon="-118.3342515"><ele>799.52</ele><time>2026-06-07T12:10:13-05:00</time><course>125.078</course><roll>38.96927</roll><pitch>-2.030835</pitch><mode /></trkpt><trkpt lat="34.7531991" lon="-118.3341673"><ele>799.17</ele><time>2026-06-07T12:10:14-05:00</time><course>114.0161</course><roll>25.08128</roll><pitch>-4.502113</pitch><mode /></trkpt><trkpt lat="34.7532016" lon="-118.3340774"><ele>799.34</ele><time>2026-06-07T12:10:14-05:00</time><course>103.1323</course><roll>11.81372</roll><pitch>-6.430659</pitch><mode /></trkpt><trkpt lat="34.7532403" lon="-118.3337655"><ele>801.41</ele><time>2026-06-07T12:10:16-05:00</time><course>93.08379</course><roll>3.980769</roll><pitch>-10.46676</pitch><mode /></trkpt><trkpt lat="34.7533305" lon="-118.3333735"><ele>809.08</ele><time>2026-06-07T12:10:18-05:00</time><course>75.36974</course><roll>4.572925</roll><pitch>-18.02216</pitch><mode /></trkpt><trkpt lat="34.7534539" lon="-118.3330337"><ele>807.83</ele><time>2026-06-07T12:10:20-05:00</time><course>79.88938</course><roll>-0.4516531</roll><pitch>22.80284</pitch><mode /></trkpt><trkpt lat="34.7534829" lon="-118.332958"><ele>805.36</ele><time>2026-06-07T12:10:20-05:00</time><course>81.90903</course><roll>0.3064586</roll><pitch>22.27812</pitch><mode /></trkpt><trkpt lat="34.753512" lon="-118.3328755"><ele>802.96</ele><time>2026-06-07T12:10:20-05:00</time><course>79.80556</course><roll>-6.445835</roll><pitch>11.07353</pitch><mode /></trkpt><trkpt lat="34.7535406" lon="-118.3327852"><ele>801.68</ele><time>2026-06-07T12:10:21-05:00</time><course>79.11406</course><roll>-14.13379</roll><pitch>3.124138</pitch><mode /></trkpt><trkpt lat="34.7535667" lon="-118.3326919"><ele>801.29</ele><time>2026-06-07T12:10:21-05:00</time><course>82.09876</course><roll>-19.34697</roll><pitch>0.4889098</pitch><mode /></trkpt><trkpt lat="34.7535904" lon="-118.3325988"><ele>801.02</ele><time>2026-06-07T12:10:22-05:00</time><course>87.84488</course><roll>-24.13749</roll><pitch>0.2088013</pitch><mode /></trkpt><trkpt lat="34.7536101" lon="-118.332506"><ele>800.51</ele><time>2026-06-07T12:10:22-05:00</time><course>93.02729</course><roll>-25.36931</roll><pitch>-0.3854507</pitch><mode /></trkpt><trkpt lat="34.7536252" lon="-118.3324137"><ele>799.9</ele><time>2026-06-07T12:10:22-05:00</time><course>99.90868</course><roll>-28.73691</roll><pitch>-1.721808</pitch><mode /></trkpt><trkpt lat="34.7536339" lon="-118.3323226"><ele>799.32</ele><time>2026-06-07T12:10:23-05:00</time><course>106.8829</course><roll>-30.02114</roll><pitch>-4.341875</pitch><mode /></trkpt><trkpt lat="34.7536346" lon="-118.3322345"><ele>798.89</ele><time>2026-06-07T12:10:23-05:00</time><course>111.3715</course><roll>-32.28773</roll><pitch>-7.832856</pitch><mode /></trkpt><trkpt lat="34.7536282" lon="-118.3321502"><ele>798.74</ele><time>2026-06-07T12:10:24-05:00</time><course>117.789</course><roll>-34.86394</roll><pitch>-8.591956</pitch><mode /></trkpt><trkpt lat="34.7536163" lon="-118.3320693"><ele>798.55</ele><time>2026-06-07T12:10:24-05:00</time><course>127.1536</course><roll>-42.44307</roll><pitch>-6.04563</pitch><mode /></trkpt><trkpt lat="34.7535966" lon="-118.3319936"><ele>798.13</ele><time>2026-06-07T12:10:24-05:00</time><course>136.3602</course><roll>-40.19418</roll><pitch>-8.0979</pitch><mode /></trkpt><trkpt lat="34.7535678" lon="-118.3319289"><ele>798.07</ele><time>2026-06-07T12:10:25-05:00</time><course>138.9206</course><roll>-28.2025</roll><pitch>-11.47525</pitch><mode /></trkpt><trkpt lat="34.753536" lon="-118.3318704"><ele>798.48</ele><time>2026-06-07T12:10:25-05:00</time><course>147.2909</course><roll>-30.832</roll><pitch>-8.515115</pitch><mode /></trkpt><trkpt lat="34.7535014" lon="-118.3318155"><ele>798.57</ele><time>2026-06-07T12:10:26-05:00</time><course>156.8905</course><roll>-36.70753</roll><pitch>-7.700835</pitch><mode /></trkpt><trkpt lat="34.7534623" lon="-118.3317698"><ele>798.71</ele><time>2026-06-07T12:10:26-05:00</time><course>160.8917</course><roll>-38.47274</roll><pitch>-10.38801</pitch><mode /></trkpt><trkpt lat="34.7534203" lon="-118.3317331"><ele>798.76</ele><time>2026-06-07T12:10:26-05:00</time><course>166.7075</course><roll>-38.64227</roll><pitch>-11.04924</pitch><mode /></trkpt><trkpt lat="34.7533767" lon="-118.3317071"><ele>799.06</ele><time>2026-06-07T12:10:27-05:00</time><course>174.7708</course><roll>-40.90158</roll><pitch>-8.871759</pitch><mode /></trkpt><trkpt lat="34.7533323" lon="-118.3316906"><ele>799.42</ele><time>2026-06-07T12:10:27-05:00</time><course>184.7268</course><roll>-42.61885</roll><pitch>-8.159773</pitch><mode /></trkpt><trkpt lat="34.7532891" lon="-118.3316855"><ele>799.56</ele><time>2026-06-07T12:10:28-05:00</time><course>190.2123</course><roll>-38.95303</roll><pitch>-10.672</pitch><mode /></trkpt><trkpt lat="34.7532474" lon="-118.3316887"><ele>799.93</ele><time>2026-06-07T12:10:28-05:00</time><course>198.4809</course><roll>-36.4159</roll><pitch>-7.455824</pitch><mode /></trkpt><trkpt lat="34.7532075" lon="-118.3317003"><ele>800.44</ele><time>2026-06-07T12:10:28-05:00</time><course>210.4785</course><roll>-37.23926</roll><pitch>-4.711142</pitch><mode /></trkpt><trkpt lat="34.7531719" lon="-118.3317232"><ele>800.99</ele><time>2026-06-07T12:10:29-05:00</time><course>216.584</course><roll>-40.19373</roll><pitch>-7.946433</pitch><mode /></trkpt><trkpt lat="34.7531423" lon="-118.3317573"><ele>801.67</ele><time>2026-06-07T12:10:29-05:00</time><course>219.7944</course><roll>-41.64782</roll><pitch>-9.967151</pitch><mode /></trkpt><trkpt lat="34.7531153" lon="-118.3317942"><ele>801.87</ele><time>2026-06-07T12:10:30-05:00</time><course>230.2813</course><roll>-46.72586</roll><pitch>-5.89539</pitch><mode /></trkpt><trkpt lat="34.7530946" lon="-118.3318364"><ele>801.9</ele><time>2026-06-07T12:10:30-05:00</time><course>235.0703</course><roll>-33.34602</roll><pitch>-8.145719</pitch><mode /></trkpt><trkpt lat="34.7530835" lon="-118.3318843"><ele>802.29</ele><time>2026-06-07T12:10:30-05:00</time><course>240.496</course><roll>-32.47965</roll><pitch>-5.151881</pitch><mode /></trkpt><trkpt lat="34.7530737" lon="-118.3319322"><ele>802.3</ele><time>2026-06-07T12:10:31-05:00</time><course>250.6187</course><roll>-35.62128</roll><pitch>-2.394659</pitch><mode /></trkpt><trkpt lat="34.7530717" lon="-118.3319845"><ele>802.22</ele><time>2026-06-07T12:10:31-05:00</time><course>253.4045</course><roll>-37.33243</roll><pitch>-6.036025</pitch><mode /></trkpt><trkpt lat="34.7530778" lon="-118.3320392"><ele>802.07</ele><time>2026-06-07T12:10:32-05:00</time><course>248.6351</course><roll>-21.41258</roll><pitch>-8.338315</pitch><mode /></trkpt><trkpt lat="34.7530874" lon="-118.3320925"><ele>801.86</ele><time>2026-06-07T12:10:32-05:00</time><course>248.4902</course><roll>-7.335939</roll><pitch>-5.45753</pitch><mode /></trkpt><trkpt lat="34.753095" lon="-118.3321437"><ele>801.65</ele><time>2026-06-07T12:10:32-05:00</time><course>258.0164</course><roll>-13.88652</roll><pitch>-2.520362</pitch><mode /></trkpt><trkpt lat="34.7531029" lon="-118.3321946"><ele>801.25</ele><time>2026-06-07T12:10:33-05:00</time><course>264.1234</course><roll>-23.5337</roll><pitch>-2.9392</pitch><mode /></trkpt><trkpt lat="34.7531186" lon="-118.3322473"><ele>801.12</ele><time>2026-06-07T12:10:33-05:00</time><course>261.1672</course><roll>-23.66595</roll><pitch>-6.384607</pitch><mode /></trkpt><trkpt lat="34.7531591" lon="-118.3323495"><ele>801.48</ele><time>2026-06-07T12:10:34-05:00</time><course>261.6776</course><roll>-0.5114461</roll><pitch>-9.755678</pitch><mode /></trkpt><trkpt lat="34.7531771" lon="-118.3323983"><ele>802.27</ele><time>2026-06-07T12:10:34-05:00</time><course>261.7334</course><roll>-2.718768</roll><pitch>-10.53916</pitch><mode /></trkpt><trkpt lat="34.7531959" lon="-118.3324465"><ele>803.07</ele><time>2026-06-07T12:10:35-05:00</time><course>258.4191</course><roll>3.852988</roll><pitch>-5.378831</pitch><mode /></trkpt><trkpt lat="34.7532121" lon="-118.3324942"><ele>803.73</ele><time>2026-06-07T12:10:35-05:00</time><course>259.3881</course><roll>4.489972</roll><pitch>-4.941864</pitch><mode /></trkpt><trkpt lat="34.753324" lon="-118.3331262"><ele>808.58</ele><time>2026-06-07T12:10:40-05:00</time><course>250.0802</course><roll>-2.171064</roll><pitch>0.210247</pitch><mode /></trkpt><trkpt lat="34.7532163" lon="-118.3339216"><ele>804.69</ele><time>2026-06-07T12:10:48-05:00</time><course>227.6282</course><roll>-2.017559</roll><pitch>13.77806</pitch><mode /></trkpt><trkpt lat="34.753119" lon="-118.3341087"><ele>803.94</ele><time>2026-06-07T12:10:50-05:00</time><course>229.6687</course><roll>-1.302937</roll><pitch>-0.3246442</pitch><mode /></trkpt><trkpt lat="34.7531002" lon="-118.3341393"><ele>803.57</ele><time>2026-06-07T12:10:50-05:00</time><course>229.2684</course><roll>-0.3519476</roll><pitch>9.309451</pitch><mode /></trkpt><trkpt lat="34.753059" lon="-118.3342029"><ele>799.83</ele><time>2026-06-07T12:10:51-05:00</time><course>226.0252</course><roll>0.224213</roll><pitch>7.527066</pitch><mode /></trkpt><trkpt lat="34.7530338" lon="-118.334237"><ele>798.49</ele><time>2026-06-07T12:10:51-05:00</time><course>224.0303</course><roll>0.8008073</roll><pitch>-4.567233</pitch><mode /></trkpt><trkpt lat="34.7530077" lon="-118.3342703"><ele>798.58</ele><time>2026-06-07T12:10:52-05:00</time><course>221.1111</course><roll>-1.47825</roll><pitch>-12.24726</pitch><mode /></trkpt><trkpt lat="34.7529834" lon="-118.3342995"><ele>799.63</ele><time>2026-06-07T12:10:52-05:00</time><course>220.9273</course><roll>-4.429521</roll><pitch>-8.707232</pitch><mode /></trkpt><trkpt lat="34.7529588" lon="-118.3343251"><ele>800</ele><time>2026-06-07T12:10:52-05:00</time><course>225.9433</course><roll>-14.3391</roll><pitch>-6.35519</pitch><mode /></trkpt><trkpt lat="34.7529365" lon="-118.334351"><ele>800.15</ele><time>2026-06-07T12:10:53-05:00</time><course>228.306</course><roll>-22.84231</roll><pitch>-5.722128</pitch><mode /></trkpt><trkpt lat="34.7529184" lon="-118.3343814"><ele>800.15</ele><time>2026-06-07T12:10:53-05:00</time><course>225.7587</course><roll>-20.19371</roll><pitch>-4.621302</pitch><mode /></trkpt><trkpt lat="34.7529009" lon="-118.3344131"><ele>799.66</ele><time>2026-06-07T12:10:54-05:00</time><course>230.3925</course><roll>-23.76338</roll><pitch>-1.561219</pitch><mode /></trkpt><trkpt lat="34.7528834" lon="-118.3344476"><ele>798.85</ele><time>2026-06-07T12:10:54-05:00</time><course>236.4687</course><roll>-23.37322</roll><pitch>-1.29308</pitch><mode /></trkpt><trkpt lat="34.75287" lon="-118.3344884"><ele>798.11</ele><time>2026-06-07T12:10:54-05:00</time><course>239.6049</course><roll>-23.49494</roll><pitch>-5.461012</pitch><mode /></trkpt><trkpt lat="34.7528597" lon="-118.3345331"><ele>797.52</ele><time>2026-06-07T12:10:55-05:00</time><course>244.3204</course><roll>-23.18143</roll><pitch>-5.066586</pitch><mode /></trkpt><trkpt lat="34.7528523" lon="-118.3345801"><ele>796.95</ele><time>2026-06-07T12:10:55-05:00</time><course>250.3619</course><roll>-23.78494</roll><pitch>-4.711153</pitch><mode /></trkpt><trkpt lat="34.7528496" lon="-118.3346297"><ele>796.35</ele><time>2026-06-07T12:10:56-05:00</time><course>253.8057</course><roll>-24.24249</roll><pitch>-7.535273</pitch><mode /></trkpt><trkpt lat="34.7528507" lon="-118.3346813"><ele>795.97</ele><time>2026-06-07T12:10:56-05:00</time><course>261.3948</course><roll>-34.0661</roll><pitch>-6.690731</pitch><mode /></trkpt><trkpt lat="34.7528579" lon="-118.334735"><ele>795.62</ele><time>2026-06-07T12:10:56-05:00</time><course>267.9562</course><roll>-34.59581</roll><pitch>-8.774336</pitch><mode /></trkpt><trkpt lat="34.7528753" lon="-118.3347888"><ele>795.42</ele><time>2026-06-07T12:10:57-05:00</time><course>270.0964</course><roll>-27.19792</roll><pitch>-14.26522</pitch><mode /></trkpt><trkpt lat="34.7529012" lon="-118.3348407"><ele>796.2</ele><time>2026-06-07T12:10:57-05:00</time><course>275.8005</course><roll>-30.65916</roll><pitch>-12.26013</pitch><mode /></trkpt><trkpt lat="34.7529309" lon="-118.3348918"><ele>796.63</ele><time>2026-06-07T12:10:58-05:00</time><course>284.5804</course><roll>-36.033</roll><pitch>-11.05665</pitch><mode /></trkpt><trkpt lat="34.7529659" lon="-118.3349421"><ele>796.86</ele><time>2026-06-07T12:10:58-05:00</time><course>289.1126</course><roll>-33.98518</roll><pitch>-13.81487</pitch><mode /></trkpt><trkpt lat="34.7530078" lon="-118.3349884"><ele>797.25</ele><time>2026-06-07T12:10:58-05:00</time><course>295.3483</course><roll>-33.85386</roll><pitch>-14.05471</pitch><mode /></trkpt><trkpt lat="34.753056" lon="-118.3350296"><ele>797.88</ele><time>2026-06-07T12:10:59-05:00</time><course>304.5477</course><roll>-37.16627</roll><pitch>-12.40182</pitch><mode /></trkpt><trkpt lat="34.7531106" lon="-118.3350656"><ele>798.59</ele><time>2026-06-07T12:10:59-05:00</time><course>312.1165</course><roll>-37.8686</roll><pitch>-13.68749</pitch><mode /></trkpt><trkpt lat="34.7531717" lon="-118.3350949"><ele>799.12</ele><time>2026-06-07T12:11:00-05:00</time><course>317.9002</course><roll>-39.80252</roll><pitch>-15.73996</pitch><mode /></trkpt><trkpt lat="34.7532376" lon="-118.3351169"><ele>799.61</ele><time>2026-06-07T12:11:00-05:00</time><course>325.1701</course><roll>-40.19979</roll><pitch>-14.38341</pitch><mode /></trkpt><trkpt lat="34.7533071" lon="-118.3351319"><ele>799.98</ele><time>2026-06-07T12:11:00-05:00</time><course>336.5918</course><roll>-42.96093</roll><pitch>-12.00639</pitch><mode /></trkpt><trkpt lat="34.7533812" lon="-118.3351356"><ele>800.39</ele><time>2026-06-07T12:11:01-05:00</time><course>346.1945</course><roll>-44.06757</roll><pitch>-13.85093</pitch><mode /></trkpt><trkpt lat="34.7534581" lon="-118.3351267"><ele>800.81</ele><time>2026-06-07T12:11:01-05:00</time><course>355.7599</course><roll>-41.79305</roll><pitch>-17.02975</pitch><mode /></trkpt><trkpt lat="34.7535351" lon="-118.3351022"><ele>801.59</ele><time>2026-06-07T12:11:02-05:00</time><course>5.055707</course><roll>-43.24928</roll><pitch>-16.9498</pitch><mode /></trkpt><trkpt lat="34.7536106" lon="-118.3350666"><ele>802.58</ele><time>2026-06-07T12:11:02-05:00</time><course>14.772</course><roll>-45.19994</roll><pitch>-13.65743</pitch><mode /></trkpt><trkpt lat="34.7536841" lon="-118.3350236"><ele>803.33</ele><time>2026-06-07T12:11:02-05:00</time><course>27.85052</course><roll>-45.73546</roll><pitch>-13.58655</pitch><mode /></trkpt><trkpt lat="34.7537515" lon="-118.3349662"><ele>804.31</ele><time>2026-06-07T12:11:03-05:00</time><course>39.94606</course><roll>-46.7394</roll><pitch>-15.29204</pitch><mode /></trkpt><trkpt lat="34.7538113" lon="-118.3348981"><ele>805.17</ele><time>2026-06-07T12:11:03-05:00</time><course>49.22979</course><roll>-42.27134</roll><pitch>-16.49002</pitch><mode /></trkpt><trkpt lat="34.7538628" lon="-118.3348229"><ele>806.24</ele><time>2026-06-07T12:11:04-05:00</time><course>62.00912</course><roll>-44.59097</roll><pitch>-10.65384</pitch><mode /></trkpt><trkpt lat="34.7539071" lon="-118.3347429"><ele>806.88</ele><time>2026-06-07T12:11:04-05:00</time><course>70.13245</course><roll>-42.23379</roll><pitch>-11.68813</pitch><mode /></trkpt><trkpt lat="34.7539394" lon="-118.3346585"><ele>807.63</ele><time>2026-06-07T12:11:04-05:00</time><course>73.7228</course><roll>-33.8211</roll><pitch>-14.96728</pitch><mode /></trkpt><trkpt lat="34.7539631" lon="-118.3345732"><ele>808.7</ele><time>2026-06-07T12:11:05-05:00</time><course>78.68666</course><roll>-31.75681</roll><pitch>-11.77709</pitch><mode /></trkpt><trkpt lat="34.7540258" lon="-118.3341815"><ele>810.47</ele><time>2026-06-07T12:11:07-05:00</time><course>95.49113</course><roll>-11.53345</roll><pitch>-2.104026</pitch><mode /></trkpt><trkpt lat="34.7540182" lon="-118.3337443"><ele>809.72</ele><time>2026-06-07T12:11:09-05:00</time><course>124.809</course><roll>-43.95639</roll><pitch>-3.32236</pitch><mode /></trkpt><trkpt lat="34.7538417" lon="-118.3334292"><ele>806.58</ele><time>2026-06-07T12:11:11-05:00</time><course>155.6041</course><roll>-28.46165</roll><pitch>-2.909511</pitch><mode /></trkpt><trkpt lat="34.7536032" lon="-118.3332438"><ele>802.77</ele><time>2026-06-07T12:11:13-05:00</time><course>172.495</course><roll>-17.21153</roll><pitch>-1.858986</pitch><mode /></trkpt><trkpt lat="34.7535051" lon="-118.3331989"><ele>802.25</ele><time>2026-06-07T12:11:13-05:00</time><course>181.2163</course><roll>-18.68905</roll><pitch>-1.901782</pitch><mode /></trkpt><trkpt lat="34.753359" lon="-118.3331604"><ele>802.07</ele><time>2026-06-07T12:11:15-05:00</time><course>182.9913</course><roll>-9.64059</roll><pitch>-1.659676</pitch><mode /></trkpt><trkpt lat="34.7532146" lon="-118.3331316"><ele>802.41</ele><time>2026-06-07T12:11:16-05:00</time><course>183.1369</course><roll>-2.701998</roll><pitch>-1.180102</pitch><mode /></trkpt><trkpt lat="34.7531659" lon="-118.333121"><ele>802.96</ele><time>2026-06-07T12:11:16-05:00</time><course>182.6489</course><roll>-1.120723</roll><pitch>-0.1285668</pitch><mode /></trkpt><trkpt lat="34.7531171" lon="-118.3331085"><ele>803.31</ele><time>2026-06-07T12:11:17-05:00</time><course>181.2816</course><roll>0.9598292</roll><pitch>-1.269845</pitch><mode /></trkpt><trkpt lat="34.7530676" lon="-118.3330955"><ele>804.06</ele><time>2026-06-07T12:11:17-05:00</time><course>178.5462</course><roll>0.2818134</roll><pitch>-0.2531052</pitch><mode /></trkpt><trkpt lat="34.7530188" lon="-118.3330805"><ele>804.14</ele><time>2026-06-07T12:11:17-05:00</time><course>178.4594</course><roll>5.7455</roll><pitch>0.4295166</pitch><mode /></trkpt><trkpt lat="34.7529705" lon="-118.3330626"><ele>804.32</ele><time>2026-06-07T12:11:18-05:00</time><course>180.3029</course><roll>-9.721791</roll><pitch>-3.266248</pitch><mode /></trkpt><trkpt lat="34.7529238" lon="-118.3330446"><ele>804.59</ele><time>2026-06-07T12:11:18-05:00</time><course>180.5462</course><roll>-12.57109</roll><pitch>-2.874608</pitch><mode /></trkpt><trkpt lat="34.7528786" lon="-118.3330298"><ele>804.76</ele><time>2026-06-07T12:11:19-05:00</time><course>176.3773</course><roll>-3.171371</roll><pitch>-1.207378</pitch><mode /></trkpt><trkpt lat="34.7528342" lon="-118.333014"><ele>804.96</ele><time>2026-06-07T12:11:19-05:00</time><course>174.4882</course><roll>4.108275</roll><pitch>-0.4665622</pitch><mode /></trkpt><trkpt lat="34.7527907" lon="-118.3329957"><ele>805</ele><time>2026-06-07T12:11:19-05:00</time><course>172.8168</course><roll>9.291885</roll><pitch>2.177877</pitch><mode /></trkpt><trkpt lat="34.7527485" lon="-118.3329742"><ele>804.57</ele><time>2026-06-07T12:11:20-05:00</time><course>167.565</course><roll>17.66812</roll><pitch>2.556059</pitch><mode /></trkpt><trkpt lat="34.7527082" lon="-118.3329459"><ele>804.42</ele><time>2026-06-07T12:11:20-05:00</time><course>161.417</course><roll>23.34788</roll><pitch>2.268554</pitch><mode /></trkpt><trkpt lat="34.7526711" lon="-118.3329076"><ele>804.39</ele><time>2026-06-07T12:11:21-05:00</time><course>157.4547</course><roll>24.5834</roll><pitch>-0.9624171</pitch><mode /></trkpt><trkpt lat="34.7526369" lon="-118.3328615"><ele>804.59</ele><time>2026-06-07T12:11:21-05:00</time><course>151.6531</course><roll>18.97309</roll><pitch>-2.63098</pitch><mode /></trkpt><trkpt lat="34.7526064" lon="-118.3328105"><ele>804.87</ele><time>2026-06-07T12:11:21-05:00</time><course>142.0949</course><roll>20.82361</roll><pitch>-0.8294656</pitch><mode /></trkpt><trkpt lat="34.7525797" lon="-118.3327564"><ele>805.36</ele><time>2026-06-07T12:11:22-05:00</time><course>130.6704</course><roll>33.98657</roll><pitch>3.994972</pitch><mode /></trkpt><trkpt lat="34.7525605" lon="-118.3326939"><ele>805.64</ele><time>2026-06-07T12:11:22-05:00</time><course>124.2723</course><roll>35.06057</roll><pitch>-0.7889256</pitch><mode /></trkpt><trkpt lat="34.752551" lon="-118.3326228"><ele>805.99</ele><time>2026-06-07T12:11:23-05:00</time><course>117.7305</course><roll>30.29538</roll><pitch>-4.626861</pitch><mode /></trkpt><trkpt lat="34.7525497" lon="-118.3325481"><ele>806.63</ele><time>2026-06-07T12:11:23-05:00</time><course>107.0584</course><roll>38.0591</roll><pitch>-1.824826</pitch><mode /></trkpt><trkpt lat="34.7525577" lon="-118.3324705"><ele>807.29</ele><time>2026-06-07T12:11:23-05:00</time><course>93.43246</course><roll>39.8827</roll><pitch>-0.3993641</pitch><mode /></trkpt><trkpt lat="34.752578" lon="-118.3323911"><ele>807.85</ele><time>2026-06-07T12:11:24-05:00</time><course>82.58055</course><roll>42.99695</roll><pitch>-0.5720651</pitch><mode /></trkpt><trkpt lat="34.7526084" lon="-118.3323129"><ele>808.06</ele><time>2026-06-07T12:11:24-05:00</time><course>71.53271</course><roll>39.39296</roll><pitch>-3.051927</pitch><mode /></trkpt><trkpt lat="34.7526497" lon="-118.3322392"><ele>808.48</ele><time>2026-06-07T12:11:25-05:00</time><course>56.01906</course><roll>32.56981</roll><pitch>-0.4664541</pitch><mode /></trkpt><trkpt lat="34.7526976" lon="-118.3321705"><ele>808.8</ele><time>2026-06-07T12:11:25-05:00</time><course>44.28415</course><roll>29.3419</roll><pitch>2.628681</pitch><mode /></trkpt><trkpt lat="34.7527503" lon="-118.3321083"><ele>808.7</ele><time>2026-06-07T12:11:25-05:00</time><course>34.68577</course><roll>30.13249</roll><pitch>3.227377</pitch><mode /></trkpt><trkpt lat="34.752808" lon="-118.3320552"><ele>808.48</ele><time>2026-06-07T12:11:26-05:00</time><course>29.34363</course><roll>23.25037</roll><pitch>-1.157753</pitch><mode /></trkpt><trkpt lat="34.7528699" lon="-118.3320119"><ele>808.52</ele><time>2026-06-07T12:11:26-05:00</time><course>26.62559</course><roll>17.39599</roll><pitch>-1.7103</pitch><mode /></trkpt><trkpt lat="34.7529326" lon="-118.3319727"><ele>808.48</ele><time>2026-06-07T12:11:27-05:00</time><course>19.41824</course><roll>23.18089</roll><pitch>1.455592</pitch><mode /></trkpt><trkpt lat="34.7529955" lon="-118.3319378"><ele>808.37</ele><time>2026-06-07T12:11:27-05:00</time><course>12.48361</course><roll>21.91343</roll><pitch>2.95905</pitch><mode /></trkpt><trkpt lat="34.7530602" lon="-118.3319107"><ele>808.04</ele><time>2026-06-07T12:11:27-05:00</time><course>7.145729</course><roll>18.80606</roll><pitch>3.625819</pitch><mode /></trkpt><trkpt lat="34.7531255" lon="-118.3318887"><ele>807.48</ele><time>2026-06-07T12:11:28-05:00</time><course>0.3036124</course><roll>17.1867</roll><pitch>5.400928</pitch><mode /></trkpt><trkpt lat="34.7531914" lon="-118.3318722"><ele>806.99</ele><time>2026-06-07T12:11:28-05:00</time><course>352.8218</course><roll>24.33134</roll><pitch>6.397675</pitch><mode /></trkpt><trkpt lat="34.7532575" lon="-118.3318647"><ele>806.88</ele><time>2026-06-07T12:11:29-05:00</time><course>344.7928</course><roll>29.1629</roll><pitch>5.511716</pitch><mode /></trkpt><trkpt lat="34.7533225" lon="-118.3318649"><ele>806.66</ele><time>2026-06-07T12:11:29-05:00</time><course>336.945</course><roll>31.78986</roll><pitch>4.477423</pitch><mode /></trkpt><trkpt lat="34.7533846" lon="-118.3318725"><ele>806.15</ele><time>2026-06-07T12:11:29-05:00</time><course>327.997</course><roll>29.74137</roll><pitch>2.387677</pitch><mode /></trkpt><trkpt lat="34.753442" lon="-118.33189"><ele>805.96</ele><time>2026-06-07T12:11:30-05:00</time><course>318.7774</course><roll>17.93084</roll><pitch>1.970023</pitch><mode /></trkpt><trkpt lat="34.7534957" lon="-118.3319124"><ele>805.73</ele><time>2026-06-07T12:11:30-05:00</time><course>309.5681</course><roll>24.7549</roll><pitch>5.10238</pitch><mode /></trkpt><trkpt lat="34.753521" lon="-118.331925"><ele>805.52</ele><time>2026-06-07T12:11:30-05:00</time><course>305.7181</course><roll>31.51621</roll><pitch>5.691081</pitch><mode /></trkpt><trkpt lat="34.7535656" lon="-118.3319561"><ele>805.24</ele><time>2026-06-07T12:11:31-05:00</time><course>300.2985</course><roll>22.00541</roll><pitch>1.481108</pitch><mode /></trkpt><trkpt lat="34.7536037" lon="-118.3319917"><ele>804.85</ele><time>2026-06-07T12:11:31-05:00</time><course>296.2114</course><roll>16.74048</roll><pitch>0.7615644</pitch><mode /></trkpt><trkpt lat="34.7536391" lon="-118.3320272"><ele>804.36</ele><time>2026-06-07T12:11:32-05:00</time><course>284.1923</course><roll>24.81393</roll><pitch>3.181747</pitch><mode /></trkpt><trkpt lat="34.7536701" lon="-118.3320635"><ele>803.97</ele><time>2026-06-07T12:11:32-05:00</time><course>273.3927</course><roll>24.61646</roll><pitch>3.49045</pitch><mode /></trkpt><trkpt lat="34.7536939" lon="-118.3321008"><ele>803.5</ele><time>2026-06-07T12:11:32-05:00</time><course>266.8647</course><roll>20.13927</roll><pitch>0.4274897</pitch><mode /></trkpt><trkpt lat="34.7537074" lon="-118.3321364"><ele>803.59</ele><time>2026-06-07T12:11:33-05:00</time><course>269.0997</course><roll>8.390416</roll><pitch>-0.6414374</pitch><mode /></trkpt><trkpt lat="34.7537174" lon="-118.332171"><ele>803.88</ele><time>2026-06-07T12:11:33-05:00</time><course>267.3283</course><roll>2.586168</roll><pitch>5.922939</pitch><mode /></trkpt><trkpt lat="34.7537293" lon="-118.3322055"><ele>803.51</ele><time>2026-06-07T12:11:34-05:00</time><course>254.9393</course><roll>11.42255</roll><pitch>11.87647</pitch><mode /></trkpt><trkpt lat="34.7537397" lon="-118.3322398"><ele>802.52</ele><time>2026-06-07T12:11:34-05:00</time><course>249.2734</course><roll>4.595171</roll><pitch>11.18085</pitch><mode /></trkpt><trkpt lat="34.7537446" lon="-118.3322758"><ele>801.99</ele><time>2026-06-07T12:11:34-05:00</time><course>250.4936</course><roll>-1.134035</roll><pitch>10.11239</pitch><mode /></trkpt><trkpt lat="34.7537474" lon="-118.3323135"><ele>801.72</ele><time>2026-06-07T12:11:35-05:00</time><course>255.1219</course><roll>-0.03923698</roll><pitch>11.61624</pitch><mode /></trkpt><trkpt lat="34.7537501" lon="-118.3323532"><ele>801.13</ele><time>2026-06-07T12:11:35-05:00</time><course>257.7618</course><roll>-4.192777</roll><pitch>11.5756</pitch><mode /></trkpt><trkpt lat="34.753753" lon="-118.3323955"><ele>800.59</ele><time>2026-06-07T12:11:36-05:00</time><course>256.0488</course><roll>-2.39564</roll><pitch>13.18552</pitch><mode /></trkpt><trkpt lat="34.7537569" lon="-118.3324388"><ele>799.68</ele><time>2026-06-07T12:11:36-05:00</time><course>253.7075</course><roll>-2.165596</roll><pitch>15.58125</pitch><mode /></trkpt><trkpt lat="34.75376" lon="-118.3324825"><ele>798.37</ele><time>2026-06-07T12:11:36-05:00</time><course>253.8865</course><roll>-3.226805</roll><pitch>14.52991</pitch><mode /></trkpt><trkpt lat="34.7537627" lon="-118.332529"><ele>797.21</ele><time>2026-06-07T12:11:37-05:00</time><course>254.4914</course><roll>-4.777725</roll><pitch>11.37678</pitch><mode /></trkpt><trkpt lat="34.7537662" lon="-118.3325771"><ele>796.09</ele><time>2026-06-07T12:11:37-05:00</time><course>254.5471</course><roll>-6.591368</roll><pitch>9.688507</pitch><mode /></trkpt><trkpt lat="34.7537707" lon="-118.3326261"><ele>795.07</ele><time>2026-06-07T12:11:38-05:00</time><course>253.1133</course><roll>-15.05216</roll><pitch>10.56758</pitch><mode /></trkpt><trkpt lat="34.7537768" lon="-118.3326735"><ele>793.49</ele><time>2026-06-07T12:11:38-05:00</time><course>253.0027</course><roll>-6.708989</roll><pitch>10.00168</pitch><mode /></trkpt><trkpt lat="34.7537837" lon="-118.3327216"><ele>792.16</ele><time>2026-06-07T12:11:38-05:00</time><course>254.289</course><roll>-2.486762</roll><pitch>8.483191</pitch><mode /></trkpt><trkpt lat="34.7537906" lon="-118.3327709"><ele>791.28</ele><time>2026-06-07T12:11:39-05:00</time><course>254.8651</course><roll>-3.417726</roll><pitch>8.756296</pitch><mode /></trkpt><trkpt lat="34.7537977" lon="-118.3328196"><ele>790.25</ele><time>2026-06-07T12:11:39-05:00</time><course>254.3505</course><roll>-11.55479</roll><pitch>9.680967</pitch><mode /></trkpt><trkpt lat="34.7538162" lon="-118.3329133"><ele>786.62</ele><time>2026-06-07T12:11:40-05:00</time><course>252.4837</course><roll>-4.343654</roll><pitch>6.942242</pitch><mode /></trkpt><trkpt lat="34.7538257" lon="-118.3329598"><ele>785.21</ele><time>2026-06-07T12:11:40-05:00</time><course>258.5599</course><roll>-0.8099116</roll><pitch>3.481153</pitch><mode /></trkpt><trkpt lat="34.7538356" lon="-118.3330058"><ele>784.25</ele><time>2026-06-07T12:11:41-05:00</time><course>257.4875</course><roll>-6.561108</roll><pitch>1.121077</pitch><mode /></trkpt><trkpt lat="34.753847" lon="-118.3330513"><ele>783.33</ele><time>2026-06-07T12:11:41-05:00</time><course>256.8806</course><roll>-6.153393</roll><pitch>1.029215</pitch><mode /></trkpt><trkpt lat="34.7538721" lon="-118.3331378"><ele>781.53</ele><time>2026-06-07T12:11:42-05:00</time><course>250.9101</course><roll>2.560157</roll><pitch>2.261454</pitch><mode /></trkpt><trkpt lat="34.7538816" lon="-118.3331792"><ele>780.72</ele><time>2026-06-07T12:11:42-05:00</time><course>254.3555</course><roll>-2.737153</roll><pitch>-0.2348497</pitch><mode /></trkpt><trkpt lat="34.7538907" lon="-118.3332198"><ele>780.06</ele><time>2026-06-07T12:11:43-05:00</time><course>249.2188</course><roll>-1.310192</roll><pitch>1.000214</pitch><mode /></trkpt><trkpt lat="34.753902" lon="-118.3332601"><ele>779.69</ele><time>2026-06-07T12:11:43-05:00</time><course>248.6414</course><roll>-0.6020814</roll><pitch>1.740837</pitch><mode /></trkpt><trkpt lat="34.7539191" lon="-118.3333389"><ele>778.75</ele><time>2026-06-07T12:11:44-05:00</time><course>254.673</course><roll>-7.218846</roll><pitch>1.405158</pitch><mode /></trkpt><trkpt lat="34.753929" lon="-118.3333803"><ele>778.43</ele><time>2026-06-07T12:11:44-05:00</time><course>253.9415</course><roll>-6.010962</roll><pitch>1.097714</pitch><mode /></trkpt><trkpt lat="34.7541062" lon="-118.3343174"><ele>766.64</ele><time>2026-06-07T12:11:56-05:00</time><course>191.4029</course><roll>1.301376</roll><pitch>-0.2129246</pitch><mode /></trkpt><trkpt lat="34.7541059" lon="-118.3343165"><ele>766.66</ele><time>2026-06-07T12:11:56-05:00</time><course>191.4731</course><roll>1.359995</roll><pitch>-0.1668433</pitch><mode /></trkpt><trkpt lat="34.7541058" lon="-118.3343152"><ele>766.51</ele><time>2026-06-07T12:11:57-05:00</time><course>191.4943</course><roll>1.399946</roll><pitch>-0.1406414</pitch><mode /></trkpt><trkpt lat="34.7541054" lon="-118.334314"><ele>766.36</ele><time>2026-06-07T12:11:57-05:00</time><course>191.4914</course><roll>1.43979</roll><pitch>-0.1208398</pitch><mode /></trkpt><trkpt lat="34.7541053" lon="-118.3343125"><ele>766.3</ele><time>2026-06-07T12:11:57-05:00</time><course>191.4771</course><roll>1.470449</roll><pitch>-0.1071331</pitch><mode /></trkpt><trkpt lat="34.754105" lon="-118.3343106"><ele>766.26</ele><time>2026-06-07T12:11:58-05:00</time><course>191.4147</course><roll>1.530646</roll><pitch>-0.09824362</pitch><mode /></trkpt><trkpt lat="34.7541046" lon="-118.3343104"><ele>766.32</ele><time>2026-06-07T12:11:59-05:00</time><course>191.3903</course><roll>1.547012</roll><pitch>-0.1037794</pitch><mode /></trkpt><trkpt lat="34.7541042" lon="-118.33431"><ele>766.37</ele><time>2026-06-07T12:11:59-05:00</time><course>191.3993</course><roll>1.54587</roll><pitch>-0.1052535</pitch><mode /></trkpt><trkpt lat="34.7541039" lon="-118.3343096"><ele>766.36</ele><time>2026-06-07T12:11:59-05:00</time><course>191.397</course><roll>1.538016</roll><pitch>-0.1104496</pitch><mode /></trkpt><trkpt lat="34.7541034" lon="-118.3343093"><ele>766.35</ele><time>2026-06-07T12:12:00-05:00</time><course>191.4032</course><roll>1.532293</roll><pitch>-0.1209291</pitch><mode /></trkpt><trkpt lat="34.7541028" lon="-118.334309"><ele>766.33</ele><time>2026-06-07T12:12:00-05:00</time><course>191.4049</course><roll>1.509825</roll><pitch>-0.1294688</pitch><mode /></trkpt><trkpt lat="34.7541019" lon="-118.3343088"><ele>766.26</ele><time>2026-06-07T12:12:01-05:00</time><course>191.3794</course><roll>1.472812</roll><pitch>-0.1410012</pitch><mode /></trkpt><trkpt lat="34.7541016" lon="-118.3343086"><ele>766.25</ele><time>2026-06-07T12:12:01-05:00</time><course>191.3794</course><roll>1.45528</roll><pitch>-0.1464752</pitch><mode /></trkpt><trkpt lat="34.7541014" lon="-118.3343084"><ele>766.22</ele><time>2026-06-07T12:12:02-05:00</time><course>191.3657</course><roll>1.443753</roll><pitch>-0.160498</pitch><mode /></trkpt><trkpt lat="34.7541011" lon="-118.3343083"><ele>766.2</ele><time>2026-06-07T12:12:02-05:00</time><course>191.3665</course><roll>1.432564</roll><pitch>-0.1815606</pitch><mode /></trkpt><trkpt lat="34.7541007" lon="-118.3343081"><ele>766.18</ele><time>2026-06-07T12:12:03-05:00</time><course>191.3416</course><roll>1.416275</roll><pitch>-0.2001478</pitch><mode /></trkpt><trkpt lat="34.7541003" lon="-118.3343079"><ele>766.17</ele><time>2026-06-07T12:12:03-05:00</time><course>191.3126</course><roll>1.418874</roll><pitch>-0.219457</pitch><mode /></trkpt><trkpt lat="34.7541" lon="-118.3343077"><ele>766.18</ele><time>2026-06-07T12:12:03-05:00</time><course>191.2777</course><roll>1.411857</roll><pitch>-0.2475632</pitch><mode /></trkpt><trkpt lat="34.7540999" lon="-118.3343073"><ele>766.17</ele><time>2026-06-07T12:12:04-05:00</time><course>191.2356</course><roll>1.409973</roll><pitch>-0.268618</pitch><mode /></trkpt><trkpt lat="34.7540998" lon="-118.3343061"><ele>766.16</ele><time>2026-06-07T12:12:05-05:00</time><course>191.0895</course><roll>1.446215</roll><pitch>-0.3392758</pitch><mode /></trkpt><trkpt lat="34.7540997" lon="-118.3343057"><ele>766.16</ele><time>2026-06-07T12:12:05-05:00</time><course>191.0781</course><roll>1.448826</roll><pitch>-0.3423303</pitch><mode /></trkpt><trkpt lat="34.7540996" lon="-118.3343053"><ele>766.18</ele><time>2026-06-07T12:12:05-05:00</time><course>191.0191</course><roll>1.456422</roll><pitch>-0.3633561</pitch><mode /></trkpt><trkpt lat="34.7540994" lon="-118.3343042"><ele>766.17</ele><time>2026-06-07T12:12:06-05:00</time><course>190.8962</course><roll>1.481403</roll><pitch>-0.3927293</pitch><mode /></trkpt><trkpt lat="34.7540997" lon="-118.3343035"><ele>766.13</ele><time>2026-06-07T12:12:07-05:00</time><course>190.7849</course><roll>1.494377</roll><pitch>-0.4052789</pitch><mode /></trkpt><trkpt lat="34.7541" lon="-118.3343031"><ele>766.08</ele><time>2026-06-07T12:12:07-05:00</time><course>190.7276</course><roll>1.500822</roll><pitch>-0.4245612</pitch><mode /></trkpt><trkpt lat="34.7540988" lon="-118.334301"><ele>765.71</ele><time>2026-06-07T12:12:14-05:00</time><course>189.9399</course><roll>1.460446</roll><pitch>-0.2984421</pitch><mode /></trkpt><trkpt lat="34.7541097" lon="-118.3343276"><ele>766.55</ele><time>2026-06-07T12:15:13-05:00</time><course>229.5651</course><roll>3.975986</roll><pitch>-2.350165</pitch><mode /></trkpt><trkpt lat="34.7541098" lon="-118.3343283"><ele>766.59</ele><time>2026-06-07T12:15:13-05:00</time><course>229.2177</course><roll>4.774978</roll><pitch>-2.060141</pitch><mode /></trkpt><trkpt lat="34.75411" lon="-118.3343289"><ele>766.65</ele><time>2026-06-07T12:15:14-05:00</time><course>228.7528</course><roll>5.286985</roll><pitch>-2.382292</pitch><mode /></trkpt><trkpt lat="34.7541099" lon="-118.3343308"><ele>766.82</ele><time>2026-06-07T12:15:15-05:00</time><course>227.5998</course><roll>4.775092</roll><pitch>-1.469767</pitch><mode /></trkpt><trkpt lat="34.7541087" lon="-118.3343343"><ele>767.16</ele><time>2026-06-07T12:15:16-05:00</time><course>228.5383</course><roll>3.35643</roll><pitch>-3.120108</pitch><mode /></trkpt><trkpt lat="34.7540549" lon="-118.3344346"><ele>770.21</ele><time>2026-06-07T12:15:27-05:00</time><course>209.5795</course><roll>1.221472</roll><pitch>-7.023753</pitch><mode /></trkpt><trkpt lat="34.7539454" lon="-118.3345401"><ele>774.52</ele><time>2026-06-07T12:15:29-05:00</time><course>203.4666</course><roll>-1.848097</roll><pitch>-7.458486</pitch><mode /></trkpt><trkpt lat="34.7538096" lon="-118.3346152"><ele>779.19</ele><time>2026-06-07T12:15:31-05:00</time><course>190.5711</course><roll>11.65853</roll><pitch>-8.915343</pitch><mode /></trkpt><trkpt lat="34.7536395" lon="-118.3346016"><ele>783.58</ele><time>2026-06-07T12:15:33-05:00</time><course>176.7329</course><roll>2.150114</roll><pitch>-10.66298</pitch><mode /></trkpt><trkpt lat="34.7534508" lon="-118.3345181"><ele>787.52</ele><time>2026-06-07T12:15:35-05:00</time><course>162.602</course><roll>1.810801</roll><pitch>-4.334172</pitch><mode /></trkpt><trkpt lat="34.7532548" lon="-118.3343596"><ele>788.51</ele><time>2026-06-07T12:15:37-05:00</time><course>158.6557</course><roll>0.8060611</roll><pitch>-5.706919</pitch><mode /></trkpt><trkpt lat="34.7532161" lon="-118.3343213"><ele>788.79</ele><time>2026-06-07T12:15:37-05:00</time><course>158.5136</course><roll>1.913588</roll><pitch>-8.336363</pitch><mode /></trkpt><trkpt lat="34.7531795" lon="-118.3342816"><ele>789.59</ele><time>2026-06-07T12:15:37-05:00</time><course>157.0154</course><roll>0.5663072</roll><pitch>-8.107706</pitch><mode /></trkpt><trkpt lat="34.7531446" lon="-118.3342392"><ele>790.5</ele><time>2026-06-07T12:15:38-05:00</time><course>157.6055</course><roll>-0.8206867</roll><pitch>-8.071556</pitch><mode /></trkpt><trkpt lat="34.75311" lon="-118.3341958"><ele>791.64</ele><time>2026-06-07T12:15:38-05:00</time><course>152.9929</course><roll>-4.818928</roll><pitch>-9.997249</pitch><mode /></trkpt><trkpt lat="34.7530769" lon="-118.3341531"><ele>793.01</ele><time>2026-06-07T12:15:39-05:00</time><course>147.133</course><roll>1.60238</roll><pitch>-7.741781</pitch><mode /></trkpt><trkpt lat="34.7530461" lon="-118.3341066"><ele>794.41</ele><time>2026-06-07T12:15:39-05:00</time><course>146.9799</course><roll>8.748955</roll><pitch>-5.237909</pitch><mode /></trkpt><trkpt lat="34.7530167" lon="-118.3340554"><ele>795.34</ele><time>2026-06-07T12:15:39-05:00</time><course>147.077</course><roll>9.217639</roll><pitch>-4.975499</pitch><mode /></trkpt><trkpt lat="34.7529889" lon="-118.3340005"><ele>796.03</ele><time>2026-06-07T12:15:40-05:00</time><course>143.8397</course><roll>7.366742</roll><pitch>-4.224659</pitch><mode /></trkpt><trkpt lat="34.752962" lon="-118.3339415"><ele>796.45</ele><time>2026-06-07T12:15:40-05:00</time><course>142.0063</course><roll>3.984816</roll><pitch>-5.274994</pitch><mode /></trkpt><trkpt lat="34.7529363" lon="-118.3338804"><ele>796.51</ele><time>2026-06-07T12:15:41-05:00</time><course>139.4068</course><roll>2.310193</roll><pitch>-3.91322</pitch><mode /></trkpt><trkpt lat="34.752612" lon="-118.3331401"><ele>799.91</ele><time>2026-06-07T12:15:46-05:00</time><course>168.8919</course><roll>-33.36653</roll><pitch>-12.39032</pitch><mode /></trkpt><trkpt lat="34.752435" lon="-118.3330874"><ele>803.98</ele><time>2026-06-07T12:15:48-05:00</time><course>193.9395</course><roll>-28.90535</roll><pitch>-10.79391</pitch><mode /></trkpt><trkpt lat="34.7523233" lon="-118.333207"><ele>807.69</ele><time>2026-06-07T12:15:50-05:00</time><course>236.5169</course><roll>-45.02959</roll><pitch>-10.7366</pitch><mode /></trkpt><trkpt lat="34.7524065" lon="-118.3334756"><ele>810.57</ele><time>2026-06-07T12:15:52-05:00</time><course>278.3217</course><roll>-34.97475</roll><pitch>-12.81336</pitch><mode /></trkpt><trkpt lat="34.7524507" lon="-118.3335282"><ele>810.95</ele><time>2026-06-07T12:15:52-05:00</time><course>277.7845</course><roll>-24.11082</roll><pitch>-9.072693</pitch><mode /></trkpt><trkpt lat="34.7524954" lon="-118.3335791"><ele>811.02</ele><time>2026-06-07T12:15:52-05:00</time><course>282.1972</course><roll>-10.73393</roll><pitch>-3.759808</pitch><mode /></trkpt><trkpt lat="34.7525397" lon="-118.3336292"><ele>811.09</ele><time>2026-06-07T12:15:53-05:00</time><course>287.4837</course><roll>-3.2793</roll><pitch>-1.888233</pitch><mode /></trkpt><trkpt lat="34.7525833" lon="-118.3336797"><ele>811.36</ele><time>2026-06-07T12:15:53-05:00</time><course>290.655</course><roll>0.6552283</roll><pitch>-1.373657</pitch><mode /></trkpt><trkpt lat="34.7526263" lon="-118.3337319"><ele>811.83</ele><time>2026-06-07T12:15:54-05:00</time><course>290.5749</course><roll>-2.630247</roll><pitch>-0.7799465</pitch><mode /></trkpt><trkpt lat="34.7526693" lon="-118.3337848"><ele>812.25</ele><time>2026-06-07T12:15:54-05:00</time><course>287.841</course><roll>-1.294578</roll><pitch>-1.013865</pitch><mode /></trkpt><trkpt lat="34.7527126" lon="-118.333838"><ele>812.73</ele><time>2026-06-07T12:15:54-05:00</time><course>282.5606</course><roll>2.667447</roll><pitch>-0.352971</pitch><mode /></trkpt><trkpt lat="34.7527532" lon="-118.3338902"><ele>812.91</ele><time>2026-06-07T12:15:55-05:00</time><course>282.2677</course><roll>9.89093</roll><pitch>0.06901703</pitch><mode /></trkpt><trkpt lat="34.7527903" lon="-118.3339418"><ele>812.79</ele><time>2026-06-07T12:15:55-05:00</time><course>281.1325</course><roll>5.389501</roll><pitch>-5.328632</pitch><mode /></trkpt><trkpt lat="34.7528254" lon="-118.3339939"><ele>812.74</ele><time>2026-06-07T12:15:56-05:00</time><course>279.8271</course><roll>-0.5079429</roll><pitch>-7.697501</pitch><mode /></trkpt><trkpt lat="34.7528579" lon="-118.3340464"><ele>812.56</ele><time>2026-06-07T12:15:56-05:00</time><course>280.6059</course><roll>-0.9879995</roll><pitch>-9.845942</pitch><mode /></trkpt><trkpt lat="34.7528889" lon="-118.3340979"><ele>812.72</ele><time>2026-06-07T12:15:56-05:00</time><course>280.1787</course><roll>-1.111496</roll><pitch>-11.65575</pitch><mode /></trkpt><trkpt lat="34.7529185" lon="-118.3341502"><ele>812.95</ele><time>2026-06-07T12:15:57-05:00</time><course>280.206</course><roll>-5.748716</roll><pitch>-12.61645</pitch><mode /></trkpt><trkpt lat="34.7529493" lon="-118.3342011"><ele>813.6</ele><time>2026-06-07T12:15:57-05:00</time><course>273.7244</course><roll>-0.7346379</roll><pitch>-10.8207</pitch><mode /></trkpt><trkpt lat="34.7529772" lon="-118.3342522"><ele>814.15</ele><time>2026-06-07T12:15:58-05:00</time><course>277.1325</course><roll>-0.2142203</roll><pitch>-9.198934</pitch><mode /></trkpt><trkpt lat="34.7530035" lon="-118.334304"><ele>815.17</ele><time>2026-06-07T12:15:58-05:00</time><course>278.837</course><roll>-2.700118</roll><pitch>-7.91031</pitch><mode /></trkpt><trkpt lat="34.753029" lon="-118.3343561"><ele>815.91</ele><time>2026-06-07T12:15:58-05:00</time><course>278.6129</course><roll>-5.220558</roll><pitch>-5.937863</pitch><mode /></trkpt><trkpt lat="34.7530551" lon="-118.3344088"><ele>816.21</ele><time>2026-06-07T12:15:59-05:00</time><course>275.8387</course><roll>-6.396639</roll><pitch>-4.844001</pitch><mode /></trkpt><trkpt lat="34.7530811" lon="-118.3344624"><ele>816.46</ele><time>2026-06-07T12:15:59-05:00</time><course>274.98</course><roll>-6.420128</roll><pitch>-3.201502</pitch><mode /></trkpt><trkpt lat="34.7531064" lon="-118.3345171"><ele>816.56</ele><time>2026-06-07T12:16:00-05:00</time><course>277.5031</course><roll>-7.003703</roll><pitch>-3.618181</pitch><mode /></trkpt><trkpt lat="34.7531319" lon="-118.3345726"><ele>816.59</ele><time>2026-06-07T12:16:00-05:00</time><course>276.1049</course><roll>-9.075139</roll><pitch>-4.035351</pitch><mode /></trkpt><trkpt lat="34.7531582" lon="-118.3346282"><ele>816.59</ele><time>2026-06-07T12:16:00-05:00</time><course>276.2198</course><roll>-7.339903</roll><pitch>-4.203036</pitch><mode /></trkpt><trkpt lat="34.7531846" lon="-118.3346837"><ele>816.84</ele><time>2026-06-07T12:16:01-05:00</time><course>277.4297</course><roll>-2.952014</roll><pitch>-4.774616</pitch><mode /></trkpt><trkpt lat="34.7532107" lon="-118.3347392"><ele>817.35</ele><time>2026-06-07T12:16:01-05:00</time><course>278.7318</course><roll>-5.32202</roll><pitch>-4.208446</pitch><mode /></trkpt><trkpt lat="34.7532368" lon="-118.3347937"><ele>817.96</ele><time>2026-06-07T12:16:02-05:00</time><course>277.4915</course><roll>-6.216917</roll><pitch>-2.089549</pitch><mode /></trkpt><trkpt lat="34.753264" lon="-118.334848"><ele>818.54</ele><time>2026-06-07T12:16:02-05:00</time><course>274.4806</course><roll>-6.399832</roll><pitch>-0.7416281</pitch><mode /></trkpt><trkpt lat="34.7532912" lon="-118.3349019"><ele>819.22</ele><time>2026-06-07T12:16:02-05:00</time><course>274.2892</course><roll>-4.382133</roll><pitch>1.934183</pitch><mode /></trkpt><trkpt lat="34.7533171" lon="-118.3349558"><ele>819.82</ele><time>2026-06-07T12:16:03-05:00</time><course>278.4718</course><roll>-6.787395</roll><pitch>4.004921</pitch><mode /></trkpt><trkpt lat="34.7533435" lon="-118.3350098"><ele>820.14</ele><time>2026-06-07T12:16:03-05:00</time><course>279.6435</course><roll>-8.362256</roll><pitch>6.0086</pitch><mode /></trkpt><trkpt lat="34.7533707" lon="-118.3350636"><ele>820.16</ele><time>2026-06-07T12:16:04-05:00</time><course>278.9232</course><roll>-13.87737</roll><pitch>6.924797</pitch><mode /></trkpt><trkpt lat="34.7534" lon="-118.3351157"><ele>819.73</ele><time>2026-06-07T12:16:04-05:00</time><course>273.4836</course><roll>-12.64643</roll><pitch>4.976318</pitch><mode /></trkpt><trkpt lat="34.753431" lon="-118.3351664"><ele>818.95</ele><time>2026-06-07T12:16:04-05:00</time><course>272.0206</course><roll>-10.73503</roll><pitch>4.526952</pitch><mode /></trkpt><trkpt lat="34.7534598" lon="-118.3352167"><ele>818.01</ele><time>2026-06-07T12:16:05-05:00</time><course>277.2925</course><roll>-7.975928</roll><pitch>3.014529</pitch><mode /></trkpt><trkpt lat="34.7534892" lon="-118.3352679"><ele>817.22</ele><time>2026-06-07T12:16:05-05:00</time><course>279.3479</course><roll>-4.193074</roll><pitch>1.52927</pitch><mode /></trkpt><trkpt lat="34.7535187" lon="-118.33532"><ele>816.37</ele><time>2026-06-07T12:16:06-05:00</time><course>282.0274</course><roll>-8.260337</roll><pitch>-1.024114</pitch><mode /></trkpt><trkpt lat="34.7535504" lon="-118.3353733"><ele>815.87</ele><time>2026-06-07T12:16:06-05:00</time><course>278.2409</course><roll>-7.235832</roll><pitch>-3.574751</pitch><mode /></trkpt><trkpt lat="34.7535666" lon="-118.3354"><ele>815.75</ele><time>2026-06-07T12:16:06-05:00</time><course>277.4586</course><roll>-6.027864</roll><pitch>-2.820302</pitch><mode /></trkpt><trkpt lat="34.7535975" lon="-118.3354541"><ele>815.52</ele><time>2026-06-07T12:16:07-05:00</time><course>280.3976</course><roll>-9.053496</roll><pitch>-2.821825</pitch><mode /></trkpt><trkpt lat="34.7536288" lon="-118.335509"><ele>815.14</ele><time>2026-06-07T12:16:07-05:00</time><course>281.424</course><roll>-13.61985</roll><pitch>-4.822937</pitch><mode /></trkpt><trkpt lat="34.7536622" lon="-118.3355628"><ele>815.39</ele><time>2026-06-07T12:16:07-05:00</time><course>279.5921</course><roll>-8.35466</roll><pitch>-4.793714</pitch><mode /></trkpt><trkpt lat="34.7536942" lon="-118.3356165"><ele>815.22</ele><time>2026-06-07T12:16:08-05:00</time><course>282.2904</course><roll>-7.095021</roll><pitch>-4.149493</pitch><mode /></trkpt><trkpt lat="34.7537274" lon="-118.3356698"><ele>815.32</ele><time>2026-06-07T12:16:08-05:00</time><course>276.384</course><roll>4.863663</roll><pitch>-3.930584</pitch><mode /></trkpt><trkpt lat="34.7537593" lon="-118.3357222"><ele>815.86</ele><time>2026-06-07T12:16:09-05:00</time><course>271.3427</course><roll>22.98696</roll><pitch>-3.430463</pitch><mode /></trkpt><trkpt lat="34.7537816" lon="-118.3357732"><ele>817.16</ele><time>2026-06-07T12:16:09-05:00</time><course>269.8704</course><roll>30.55108</roll><pitch>-1.315221</pitch><mode /></trkpt><trkpt lat="34.7537988" lon="-118.3358229"><ele>817.68</ele><time>2026-06-07T12:16:09-05:00</time><course>265.0185</course><roll>33.94409</roll><pitch>0.3696813</pitch><mode /></trkpt><trkpt lat="34.7538111" lon="-118.3358717"><ele>817.59</ele><time>2026-06-07T12:16:10-05:00</time><course>254.8105</course><roll>34.20895</roll><pitch>-0.5754231</pitch><mode /></trkpt><trkpt lat="34.753812" lon="-118.3359176"><ele>817.79</ele><time>2026-06-07T12:16:10-05:00</time><course>244.0531</course><roll>33.12647</roll><pitch>0.1647055</pitch><mode /></trkpt><trkpt lat="34.7538039" lon="-118.33596"><ele>817.94</ele><time>2026-06-07T12:16:11-05:00</time><course>234.0059</course><roll>29.51619</roll><pitch>1.452321</pitch><mode /></trkpt><trkpt lat="34.7537884" lon="-118.3359976"><ele>817.97</ele><time>2026-06-07T12:16:11-05:00</time><course>225.5063</course><roll>29.6788</roll><pitch>1.714103</pitch><mode /></trkpt><trkpt lat="34.7537646" lon="-118.3360271"><ele>818.15</ele><time>2026-06-07T12:16:11-05:00</time><course>219.3702</course><roll>25.0465</roll><pitch>1.578618</pitch><mode /></trkpt><trkpt lat="34.753735" lon="-118.3360499"><ele>818.35</ele><time>2026-06-07T12:16:12-05:00</time><course>211.5421</course><roll>24.15859</roll><pitch>3.352597</pitch><mode /></trkpt><trkpt lat="34.7537027" lon="-118.3360678"><ele>818.1</ele><time>2026-06-07T12:16:12-05:00</time><course>204.2157</course><roll>24.1244</roll><pitch>5.526714</pitch><mode /></trkpt><trkpt lat="34.7536265" lon="-118.3360813"><ele>817.09</ele><time>2026-06-07T12:16:13-05:00</time><course>189.1717</course><roll>21.45939</roll><pitch>-0.3591446</pitch><mode /></trkpt><trkpt lat="34.7535834" lon="-118.3360744"><ele>817.12</ele><time>2026-06-07T12:16:13-05:00</time><course>183.5565</course><roll>17.02794</roll><pitch>-2.287577</pitch><mode /></trkpt><trkpt lat="34.7535397" lon="-118.3360595"><ele>817.33</ele><time>2026-06-07T12:16:14-05:00</time><course>177.3859</course><roll>9.893267</roll><pitch>-2.481412</pitch><mode /></trkpt><trkpt lat="34.7534964" lon="-118.3360402"><ele>817.23</ele><time>2026-06-07T12:16:14-05:00</time><course>177.0973</course><roll>9.60829</roll><pitch>-2.752718</pitch><mode /></trkpt><trkpt lat="34.7527544" lon="-118.3355924"><ele>817.88</ele><time>2026-06-07T12:16:22-05:00</time><course>181.0478</course><roll>-8.385757</roll><pitch>-7.164838</pitch><mode /></trkpt><trkpt lat="34.7525727" lon="-118.335523"><ele>819.54</ele><time>2026-06-07T12:16:24-05:00</time><course>182.5477</course><roll>-7.353584</roll><pitch>-2.515327</pitch><mode /></trkpt><trkpt lat="34.7525364" lon="-118.3355114"><ele>819.71</ele><time>2026-06-07T12:16:24-05:00</time><course>183.1766</course><roll>-6.452638</roll><pitch>-0.7687558</pitch><mode /></trkpt><trkpt lat="34.7524999" lon="-118.3354994"><ele>819.69</ele><time>2026-06-07T12:16:24-05:00</time><course>183.7069</course><roll>-5.076305</roll><pitch>-2.276048</pitch><mode /></trkpt><trkpt lat="34.7524633" lon="-118.3354884"><ele>819.94</ele><time>2026-06-07T12:16:25-05:00</time><course>183.0219</course><roll>-5.579473</roll><pitch>-2.838619</pitch><mode /></trkpt><trkpt lat="34.7524267" lon="-118.3354774"><ele>820.33</ele><time>2026-06-07T12:16:25-05:00</time><course>182.3115</course><roll>-7.236048</roll><pitch>-1.159355</pitch><mode /></trkpt><trkpt lat="34.7523908" lon="-118.3354669"><ele>820.64</ele><time>2026-06-07T12:16:26-05:00</time><course>181.5807</course><roll>-5.652614</roll><pitch>0.05391991</pitch><mode /></trkpt><trkpt lat="34.7523547" lon="-118.3354562"><ele>820.57</ele><time>2026-06-07T12:16:26-05:00</time><course>180.5254</course><roll>-5.809352</roll><pitch>-0.1465871</pitch><mode /></trkpt><trkpt lat="34.752319" lon="-118.3354455"><ele>820.39</ele><time>2026-06-07T12:16:26-05:00</time><course>181.5934</course><roll>-7.634179</roll><pitch>0.2354231</pitch><mode /></trkpt><trkpt lat="34.7522836" lon="-118.3354352"><ele>820.26</ele><time>2026-06-07T12:16:27-05:00</time><course>181.629</course><roll>-7.154824</roll><pitch>-1.531424</pitch><mode /></trkpt><trkpt lat="34.7522478" lon="-118.3354258"><ele>820.47</ele><time>2026-06-07T12:16:27-05:00</time><course>181.9777</course><roll>-6.77573</roll><pitch>-0.07459148</pitch><mode /></trkpt><trkpt lat="34.7522118" lon="-118.3354147"><ele>820.18</ele><time>2026-06-07T12:16:28-05:00</time><course>183.3133</course><roll>-6.641081</roll><pitch>-0.5452583</pitch><mode /></trkpt><trkpt lat="34.7521759" lon="-118.3354049"><ele>819.99</ele><time>2026-06-07T12:16:28-05:00</time><course>182.4803</course><roll>-5.29285</roll><pitch>-0.145185</pitch><mode /></trkpt><trkpt lat="34.75214" lon="-118.3353931"><ele>819.59</ele><time>2026-06-07T12:16:28-05:00</time><course>187.8218</course><roll>-6.454849</roll><pitch>-0.29268</pitch><mode /></trkpt><trkpt lat="34.7521045" lon="-118.3353823"><ele>819.04</ele><time>2026-06-07T12:16:29-05:00</time><course>187.4481</course><roll>-11.9625</roll><pitch>-3.969465</pitch><mode /></trkpt><trkpt lat="34.7520693" lon="-118.3353769"><ele>819.1</ele><time>2026-06-07T12:16:29-05:00</time><course>181.1212</course><roll>-8.441519</roll><pitch>-6.101167</pitch><mode /></trkpt><trkpt lat="34.7520347" lon="-118.3353713"><ele>819.4</ele><time>2026-06-07T12:16:30-05:00</time><course>181.911</course><roll>-5.00353</roll><pitch>-4.129856</pitch><mode /></trkpt><trkpt lat="34.7520006" lon="-118.3353644"><ele>819.91</ele><time>2026-06-07T12:16:30-05:00</time><course>184.4229</course><roll>-5.244218</roll><pitch>-1.777766</pitch><mode /></trkpt><trkpt lat="34.7519666" lon="-118.3353572"><ele>820.09</ele><time>2026-06-07T12:16:30-05:00</time><course>185.7509</course><roll>-1.932539</roll><pitch>-0.3557996</pitch><mode /></trkpt><trkpt lat="34.7519318" lon="-118.3353499"><ele>820.19</ele><time>2026-06-07T12:16:31-05:00</time><course>185.0498</course><roll>-3.801272</roll><pitch>-0.6338077</pitch><mode /></trkpt><trkpt lat="34.7518963" lon="-118.335343"><ele>820.41</ele><time>2026-06-07T12:16:31-05:00</time><course>183.97</course><roll>-2.60038</roll><pitch>-0.1500497</pitch><mode /></trkpt><trkpt lat="34.751163" lon="-118.3351187"><ele>820.06</ele><time>2026-06-07T12:16:39-05:00</time><course>178.8728</course><roll>-7.175989</roll><pitch>1.44727</pitch><mode /></trkpt><trkpt lat="34.7509298" lon="-118.3350297"><ele>819.04</ele><time>2026-06-07T12:16:41-05:00</time><course>180.0454</course><roll>-9.548535</roll><pitch>-1.437882</pitch><mode /></trkpt><trkpt lat="34.7508814" lon="-118.335012"><ele>818.75</ele><time>2026-06-07T12:16:41-05:00</time><course>177.8513</course><roll>-13.19683</roll><pitch>-4.852201</pitch><mode /></trkpt><trkpt lat="34.7508333" lon="-118.3349962"><ele>818.93</ele><time>2026-06-07T12:16:41-05:00</time><course>177.9337</course><roll>-6.759788</roll><pitch>-4.448277</pitch><mode /></trkpt><trkpt lat="34.7507853" lon="-118.3349798"><ele>819.76</ele><time>2026-06-07T12:16:42-05:00</time><course>180.5461</course><roll>-6.941802</roll><pitch>-3.901208</pitch><mode /></trkpt><trkpt lat="34.750737" lon="-118.3349634"><ele>820.48</ele><time>2026-06-07T12:16:42-05:00</time><course>180.6636</course><roll>-9.711226</roll><pitch>0.1233973</pitch><mode /></trkpt><trkpt lat="34.7506877" lon="-118.3349463"><ele>820.4</ele><time>2026-06-07T12:16:43-05:00</time><course>178.7464</course><roll>-9.099628</roll><pitch>-1.039303</pitch><mode /></trkpt><trkpt lat="34.7506374" lon="-118.3349301"><ele>820.54</ele><time>2026-06-07T12:16:43-05:00</time><course>177.3001</course><roll>-9.477374</roll><pitch>-0.7118813</pitch><mode /></trkpt><trkpt lat="34.7505878" lon="-118.3349133"><ele>820.74</ele><time>2026-06-07T12:16:43-05:00</time><course>178.1057</course><roll>-9.53456</roll><pitch>1.045231</pitch><mode /></trkpt><trkpt lat="34.750539" lon="-118.3348947"><ele>820.61</ele><time>2026-06-07T12:16:44-05:00</time><course>182.0961</course><roll>-8.004931</roll><pitch>1.642577</pitch><mode /></trkpt><trkpt lat="34.7504907" lon="-118.3348765"><ele>820.14</ele><time>2026-06-07T12:16:44-05:00</time><course>181.6591</course><roll>-10.30364</roll><pitch>0.3170834</pitch><mode /></trkpt><trkpt lat="34.750376" lon="-118.3348358"><ele>820</ele><time>2026-06-07T12:16:45-05:00</time><course>180.7416</course><roll>-10.46641</roll><pitch>0.06889158</pitch><mode /></trkpt><trkpt lat="34.7503327" lon="-118.3348206"><ele>820.07</ele><time>2026-06-07T12:16:46-05:00</time><course>180.2125</course><roll>-14.23455</roll><pitch>-2.102141</pitch><mode /></trkpt><trkpt lat="34.7502694" lon="-118.3348005"><ele>820.14</ele><time>2026-06-07T12:16:46-05:00</time><course>181.9673</course><roll>-10.60073</roll><pitch>-0.2326768</pitch><mode /></trkpt><trkpt lat="34.7502287" lon="-118.3347871"><ele>819.91</ele><time>2026-06-07T12:16:47-05:00</time><course>184.1338</course><roll>-11.31845</roll><pitch>-0.9575385</pitch><mode /></trkpt><trkpt lat="34.7500995" lon="-118.3347495"><ele>819.51</ele><time>2026-06-07T12:16:48-05:00</time><course>188.3285</course><roll>-8.378183</roll><pitch>-0.2962102</pitch><mode /></trkpt><trkpt lat="34.7500667" lon="-118.3347406"><ele>819.23</ele><time>2026-06-07T12:16:48-05:00</time><course>189.011</course><roll>-7.963548</roll><pitch>-0.816117</pitch><mode /></trkpt><trkpt lat="34.7499232" lon="-118.334707"><ele>818.94</ele><time>2026-06-07T12:16:50-05:00</time><course>188.1653</course><roll>-4.91759</roll><pitch>-1.702967</pitch><mode /></trkpt><trkpt lat="34.7498895" lon="-118.3347004"><ele>818.54</ele><time>2026-06-07T12:16:51-05:00</time><course>188.9094</course><roll>-5.978175</roll><pitch>-1.761534</pitch><mode /></trkpt><trkpt lat="34.7497662" lon="-118.3346761"><ele>817.86</ele><time>2026-06-07T12:16:52-05:00</time><course>187.3143</course><roll>-4.02559</roll><pitch>-2.241678</pitch><mode /></trkpt><trkpt lat="34.7497301" lon="-118.3346669"><ele>817.48</ele><time>2026-06-07T12:16:52-05:00</time><course>187.3725</course><roll>-4.113252</roll><pitch>-2.591888</pitch><mode /></trkpt><trkpt lat="34.7496953" lon="-118.334658"><ele>817.2</ele><time>2026-06-07T12:16:53-05:00</time><course>186.2536</course><roll>-5.192803</roll><pitch>-3.377219</pitch><mode /></trkpt><trkpt lat="34.7496623" lon="-118.3346501"><ele>817</ele><time>2026-06-07T12:16:53-05:00</time><course>184.5463</course><roll>-4.987304</roll><pitch>-3.518742</pitch><mode /></trkpt><trkpt lat="34.7495233" lon="-118.3346142"><ele>816.76</ele><time>2026-06-07T12:16:55-05:00</time><course>187.9096</course><roll>-2.642061</roll><pitch>-5.00258</pitch><mode /></trkpt><trkpt lat="34.7494939" lon="-118.3346058"><ele>816.93</ele><time>2026-06-07T12:16:55-05:00</time><course>188.6609</course><roll>-3.55909</roll><pitch>-6.010653</pitch><mode /></trkpt><trkpt lat="34.7493989" lon="-118.3345782"><ele>817.85</ele><time>2026-06-07T12:16:57-05:00</time><course>188.1996</course><roll>-2.692287</roll><pitch>-4.381264</pitch><mode /></trkpt><trkpt lat="34.749335" lon="-118.3345605"><ele>818.59</ele><time>2026-06-07T12:16:58-05:00</time><course>189.6813</course><roll>-4.416472</roll><pitch>-2.990324</pitch><mode /></trkpt><trkpt lat="34.7489232" lon="-118.3347159"><ele>820.36</ele><time>2026-06-07T12:17:04-05:00</time><course>227.0373</course><roll>-22.17087</roll><pitch>-8.029688</pitch><mode /></trkpt><trkpt lat="34.748862" lon="-118.3349417"><ele>823.16</ele><time>2026-06-07T12:17:06-05:00</time><course>237.7225</course><roll>-16.43015</roll><pitch>-7.500549</pitch><mode /></trkpt><trkpt lat="34.7488511" lon="-118.3351897"><ele>825.8</ele><time>2026-06-07T12:17:08-05:00</time><course>245.9741</course><roll>-11.55251</roll><pitch>-8.535755</pitch><mode /></trkpt><trkpt lat="34.748893" lon="-118.335638"><ele>830.7</ele><time>2026-06-07T12:17:12-05:00</time><course>239.2544</course><roll>-2.949214</roll><pitch>-13.3596</pitch><mode /></trkpt><trkpt lat="34.7489" lon="-118.3357729"><ele>833.36</ele><time>2026-06-07T12:17:13-05:00</time><course>237.6977</course><roll>-4.065448</roll><pitch>-9.96804</pitch><mode /></trkpt><trkpt lat="34.7488994" lon="-118.3358522"><ele>834.15</ele><time>2026-06-07T12:17:14-05:00</time><course>234.89</course><roll>-3.693516</roll><pitch>-10.79753</pitch><mode /></trkpt><trkpt lat="34.748894" lon="-118.3359504"><ele>835.75</ele><time>2026-06-07T12:17:15-05:00</time><course>234.6881</course><roll>-7.057161</roll><pitch>-8.876771</pitch><mode /></trkpt><trkpt lat="34.7488908" lon="-118.3359905"><ele>836.21</ele><time>2026-06-07T12:17:15-05:00</time><course>234.65</course><roll>-6.972224</roll><pitch>-8.779043</pitch><mode /></trkpt><trkpt lat="34.7488872" lon="-118.3360309"><ele>836.7</ele><time>2026-06-07T12:17:16-05:00</time><course>235.4906</course><roll>-7.419394</roll><pitch>-8.656702</pitch><mode /></trkpt><trkpt lat="34.7488817" lon="-118.3360923"><ele>837.79</ele><time>2026-06-07T12:17:16-05:00</time><course>237.0434</course><roll>-8.5367</roll><pitch>-7.669804</pitch><mode /></trkpt><trkpt lat="34.7488779" lon="-118.3361338"><ele>838.55</ele><time>2026-06-07T12:17:17-05:00</time><course>238.7667</course><roll>-8.826152</roll><pitch>-6.017347</pitch><mode /></trkpt><trkpt lat="34.7488699" lon="-118.3362853"><ele>840.5</ele><time>2026-06-07T12:17:18-05:00</time><course>240.5352</course><roll>-6.629334</roll><pitch>-4.484746</pitch><mode /></trkpt><trkpt lat="34.7488681" lon="-118.3363299"><ele>840.92</ele><time>2026-06-07T12:17:18-05:00</time><course>240.8456</course><roll>-8.557644</roll><pitch>-4.172404</pitch><mode /></trkpt><trkpt lat="34.7488674" lon="-118.3363755"><ele>841.09</ele><time>2026-06-07T12:17:19-05:00</time><course>239.2649</course><roll>-8.295548</roll><pitch>-4.484071</pitch><mode /></trkpt><trkpt lat="34.7488675" lon="-118.3364682"><ele>840.89</ele><time>2026-06-07T12:17:20-05:00</time><course>239.0513</course><roll>-8.789845</roll><pitch>-6.285445</pitch><mode /></trkpt><trkpt lat="34.7488672" lon="-118.3365151"><ele>840.93</ele><time>2026-06-07T12:17:20-05:00</time><course>240.2688</course><roll>-7.263558</roll><pitch>-7.601104</pitch><mode /></trkpt><trkpt lat="34.7488673" lon="-118.3365626"><ele>841.06</ele><time>2026-06-07T12:17:20-05:00</time><course>241.314</course><roll>-6.904922</roll><pitch>-8.106708</pitch><mode /></trkpt><trkpt lat="34.7488677" lon="-118.3366103"><ele>841.35</ele><time>2026-06-07T12:17:21-05:00</time><course>240.9013</course><roll>-5.729876</roll><pitch>-8.827176</pitch><mode /></trkpt><trkpt lat="34.7488676" lon="-118.3366572"><ele>841.58</ele><time>2026-06-07T12:17:21-05:00</time><course>242.7601</course><roll>-5.811122</roll><pitch>-8.593816</pitch><mode /></trkpt><trkpt lat="34.7488671" lon="-118.3367039"><ele>841.81</ele><time>2026-06-07T12:17:22-05:00</time><course>242.7104</course><roll>-7.553772</roll><pitch>-10.49809</pitch><mode /></trkpt><trkpt lat="34.7488681" lon="-118.3367502"><ele>842.42</ele><time>2026-06-07T12:17:22-05:00</time><course>240.0192</course><roll>-6.59326</roll><pitch>-10.78636</pitch><mode /></trkpt><trkpt lat="34.7488694" lon="-118.3367958"><ele>843.07</ele><time>2026-06-07T12:17:22-05:00</time><course>239.3232</course><roll>-5.615914</roll><pitch>-9.714486</pitch><mode /></trkpt><trkpt lat="34.7488701" lon="-118.3368409"><ele>843.48</ele><time>2026-06-07T12:17:23-05:00</time><course>239.624</course><roll>-5.609668</roll><pitch>-10.1964</pitch><mode /></trkpt><trkpt lat="34.7488711" lon="-118.3368857"><ele>844.05</ele><time>2026-06-07T12:17:23-05:00</time><course>238.5489</course><roll>-5.87604</roll><pitch>-10.08487</pitch><mode /></trkpt><trkpt lat="34.7488731" lon="-118.3369728"><ele>845.23</ele><time>2026-06-07T12:17:24-05:00</time><course>237.536</course><roll>-4.325277</roll><pitch>-9.563434</pitch><mode /></trkpt><trkpt lat="34.7488668" lon="-118.3372462"><ele>848.84</ele><time>2026-06-07T12:17:27-05:00</time><course>232.5576</course><roll>-4.758844</roll><pitch>-9.606775</pitch><mode /></trkpt><trkpt lat="34.7488566" lon="-118.3374478"><ele>853.06</ele><time>2026-06-07T12:17:29-05:00</time><course>235.2597</course><roll>-7.172155</roll><pitch>-0.9415125</pitch><mode /></trkpt><trkpt lat="34.7488456" lon="-118.3376664"><ele>853.89</ele><time>2026-06-07T12:17:31-05:00</time><course>239.5487</course><roll>-10.53732</roll><pitch>-4.713959</pitch><mode /></trkpt><trkpt lat="34.7488461" lon="-118.3377132"><ele>853.78</ele><time>2026-06-07T12:17:31-05:00</time><course>236.7154</course><roll>-8.144408</roll><pitch>-5.596268</pitch><mode /></trkpt><trkpt lat="34.7488444" lon="-118.337759"><ele>854</ele><time>2026-06-07T12:17:31-05:00</time><course>243.5015</course><roll>-7.797705</roll><pitch>-5.212841</pitch><mode /></trkpt><trkpt lat="34.7488438" lon="-118.3378046"><ele>854.38</ele><time>2026-06-07T12:17:32-05:00</time><course>244.5672</course><roll>-8.824795</roll><pitch>-7.170395</pitch><mode /></trkpt><trkpt lat="34.7488455" lon="-118.3378508"><ele>854.78</ele><time>2026-06-07T12:17:32-05:00</time><course>241.461</course><roll>-7.568279</roll><pitch>-6.505682</pitch><mode /></trkpt><trkpt lat="34.748846" lon="-118.33794"><ele>855.04</ele><time>2026-06-07T12:17:33-05:00</time><course>246.552</course><roll>-5.839757</roll><pitch>-8.553346</pitch><mode /></trkpt><trkpt lat="34.7488473" lon="-118.3379842"><ele>855.6</ele><time>2026-06-07T12:17:33-05:00</time><course>245.0379</course><roll>-4.881624</roll><pitch>-7.999565</pitch><mode /></trkpt><trkpt lat="34.748848" lon="-118.3380273"><ele>856.07</ele><time>2026-06-07T12:17:34-05:00</time><course>245.8851</course><roll>-6.145006</roll><pitch>-7.962708</pitch><mode /></trkpt><trkpt lat="34.7488489" lon="-118.33807"><ele>856.42</ele><time>2026-06-07T12:17:34-05:00</time><course>244.6367</course><roll>-4.315701</roll><pitch>-8.718559</pitch><mode /></trkpt><trkpt lat="34.7488486" lon="-118.3381115"><ele>856.92</ele><time>2026-06-07T12:17:35-05:00</time><course>245.2705</course><roll>-7.656449</roll><pitch>-8.363479</pitch><mode /></trkpt><trkpt lat="34.748849" lon="-118.338153"><ele>857.2</ele><time>2026-06-07T12:17:35-05:00</time><course>242.988</course><roll>-4.61465</roll><pitch>-9.092126</pitch><mode /></trkpt><trkpt lat="34.7488487" lon="-118.3381941"><ele>857.37</ele><time>2026-06-07T12:17:35-05:00</time><course>243.7944</course><roll>-5.338216</roll><pitch>-9.938772</pitch><mode /></trkpt><trkpt lat="34.7488484" lon="-118.3382347"><ele>857.51</ele><time>2026-06-07T12:17:36-05:00</time><course>243.1469</course><roll>-7.509326</roll><pitch>-12.11942</pitch><mode /></trkpt><trkpt lat="34.7488493" lon="-118.3382749"><ele>858.01</ele><time>2026-06-07T12:17:36-05:00</time><course>241.3738</course><roll>-4.972116</roll><pitch>-12.29265</pitch><mode /></trkpt><trkpt lat="34.7488499" lon="-118.3383141"><ele>858.46</ele><time>2026-06-07T12:17:37-05:00</time><course>241.1644</course><roll>-3.374527</roll><pitch>-11.24181</pitch><mode /></trkpt><trkpt lat="34.7488494" lon="-118.3383527"><ele>858.81</ele><time>2026-06-07T12:17:37-05:00</time><course>241.3134</course><roll>-4.498604</roll><pitch>-12.0388</pitch><mode /></trkpt><trkpt lat="34.7488484" lon="-118.3383909"><ele>859.18</ele><time>2026-06-07T12:17:37-05:00</time><course>239.8477</course><roll>-4.406726</roll><pitch>-11.97736</pitch><mode /></trkpt><trkpt lat="34.7488464" lon="-118.3384281"><ele>859.53</ele><time>2026-06-07T12:17:38-05:00</time><course>240.6242</course><roll>-6.686115</roll><pitch>-12.18868</pitch><mode /></trkpt><trkpt lat="34.7488445" lon="-118.3384643"><ele>860.24</ele><time>2026-06-07T12:17:38-05:00</time><course>241.298</course><roll>-7.512068</roll><pitch>-12.41082</pitch><mode /></trkpt><trkpt lat="34.748842" lon="-118.3384996"><ele>861.23</ele><time>2026-06-07T12:17:39-05:00</time><course>246.3719</course><roll>-14.65107</roll><pitch>-12.48368</pitch><mode /></trkpt><trkpt lat="34.7488404" lon="-118.3385344"><ele>862.69</ele><time>2026-06-07T12:17:39-05:00</time><course>250.0244</course><roll>-18.25866</roll><pitch>-13.07275</pitch><mode /></trkpt><trkpt lat="34.7488421" lon="-118.3385703"><ele>864.11</ele><time>2026-06-07T12:17:39-05:00</time><course>251.4385</course><roll>-18.87736</roll><pitch>-12.81555</pitch><mode /></trkpt><trkpt lat="34.7488459" lon="-118.3386072"><ele>865.6</ele><time>2026-06-07T12:17:40-05:00</time><course>254.1499</course><roll>-16.07892</roll><pitch>-11.4916</pitch><mode /></trkpt><trkpt lat="34.748851" lon="-118.3386445"><ele>867.12</ele><time>2026-06-07T12:17:40-05:00</time><course>260.3111</course><roll>-12.46643</roll><pitch>-7.638682</pitch><mode /></trkpt><trkpt lat="34.7488574" lon="-118.3386827"><ele>868.16</ele><time>2026-06-07T12:17:41-05:00</time><course>264.2188</course><roll>-21.18136</roll><pitch>-7.729279</pitch><mode /></trkpt><trkpt lat="34.7488688" lon="-118.3387219"><ele>869.01</ele><time>2026-06-07T12:17:41-05:00</time><course>261.819</course><roll>-23.67479</roll><pitch>-8.021935</pitch><mode /></trkpt><trkpt lat="34.7488835" lon="-118.3387614"><ele>869.32</ele><time>2026-06-07T12:17:41-05:00</time><course>259.9256</course><roll>-22.2728</roll><pitch>-6.918835</pitch><mode /></trkpt><trkpt lat="34.7488993" lon="-118.338801"><ele>869.29</ele><time>2026-06-07T12:17:42-05:00</time><course>265.3848</course><roll>-23.81175</roll><pitch>-4.340004</pitch><mode /></trkpt><trkpt lat="34.7489178" lon="-118.3388412"><ele>869.07</ele><time>2026-06-07T12:17:42-05:00</time><course>273.6685</course><roll>-28.06145</roll><pitch>-4.165439</pitch><mode /></trkpt><trkpt lat="34.7489778" lon="-118.3389222"><ele>869.35</ele><time>2026-06-07T12:17:43-05:00</time><course>286.8376</course><roll>-29.59931</roll><pitch>-5.02804</pitch><mode /></trkpt><trkpt lat="34.7490166" lon="-118.3389602"><ele>869.73</ele><time>2026-06-07T12:17:43-05:00</time><course>288.3271</course><roll>-29.46938</roll><pitch>-4.544064</pitch><mode /></trkpt><trkpt lat="34.7490598" lon="-118.3389965"><ele>869.88</ele><time>2026-06-07T12:17:44-05:00</time><course>297.4932</course><roll>-30.58148</roll><pitch>-4.745288</pitch><mode /></trkpt><trkpt lat="34.7491091" lon="-118.3390296"><ele>870</ele><time>2026-06-07T12:17:44-05:00</time><course>298.2312</course><roll>-31.73941</roll><pitch>-4.579815</pitch><mode /></trkpt><trkpt lat="34.7492207" lon="-118.3390872"><ele>869.64</ele><time>2026-06-07T12:17:45-05:00</time><course>311.1942</course><roll>-32.33585</roll><pitch>-2.781036</pitch><mode /></trkpt><trkpt lat="34.749283" lon="-118.3391104"><ele>869.27</ele><time>2026-06-07T12:17:45-05:00</time><course>319.7875</course><roll>-30.5751</roll><pitch>-2.277314</pitch><mode /></trkpt><trkpt lat="34.7501472" lon="-118.3390685"><ele>868.31</ele><time>2026-06-07T12:17:50-05:00</time><course>350.8893</course><roll>-3.162415</roll><pitch>0.3612346</pitch><mode /></trkpt><trkpt lat="34.7502241" lon="-118.3390556"><ele>868.18</ele><time>2026-06-07T12:17:50-05:00</time><course>350.6507</course><roll>-0.5399958</roll><pitch>1.051708</pitch><mode /></trkpt><trkpt lat="34.7503003" lon="-118.3390445"><ele>868.04</ele><time>2026-06-07T12:17:51-05:00</time><course>352.9091</course><roll>-1.473808</roll><pitch>0.5646087</pitch><mode /></trkpt><trkpt lat="34.7510147" lon="-118.338982"><ele>866.77</ele><time>2026-06-07T12:17:55-05:00</time><course>337.3932</course><roll>-2.462047</roll><pitch>-0.3485747</pitch><mode /></trkpt><trkpt lat="34.7513954" lon="-118.3389821"><ele>865.87</ele><time>2026-06-07T12:17:57-05:00</time><course>337.5086</course><roll>-5.403327</roll><pitch>-1.225989</pitch><mode /></trkpt><trkpt lat="34.7517729" lon="-118.338988"><ele>866.09</ele><time>2026-06-07T12:17:59-05:00</time><course>339.7189</course><roll>-3.967486</roll><pitch>-5.041744</pitch><mode /></trkpt><trkpt lat="34.7520751" lon="-118.3389989"><ele>865.93</ele><time>2026-06-07T12:18:00-05:00</time><course>336.1064</course><roll>-5.607346</roll><pitch>-7.070153</pitch><mode /></trkpt><trkpt lat="34.7521512" lon="-118.3390021"><ele>866.31</ele><time>2026-06-07T12:18:01-05:00</time><course>335.4553</course><roll>-6.117861</roll><pitch>-6.645523</pitch><mode /></trkpt><trkpt lat="34.7522272" lon="-118.3390057"><ele>866.63</ele><time>2026-06-07T12:18:01-05:00</time><course>335.9536</course><roll>-5.690825</roll><pitch>-5.643543</pitch><mode /></trkpt><trkpt lat="34.7523023" lon="-118.3390098"><ele>866.95</ele><time>2026-06-07T12:18:01-05:00</time><course>338.3414</course><roll>-5.575036</roll><pitch>-4.62795</pitch><mode /></trkpt><trkpt lat="34.7523774" lon="-118.3390139"><ele>866.97</ele><time>2026-06-07T12:18:02-05:00</time><course>338.1172</course><roll>-7.450375</roll><pitch>-5.539868</pitch><mode /></trkpt><trkpt lat="34.7524523" lon="-118.3390159"><ele>867.11</ele><time>2026-06-07T12:18:02-05:00</time><course>334.1413</course><roll>-2.983187</roll><pitch>-6.206979</pitch><mode /></trkpt><trkpt lat="34.7525263" lon="-118.3390195"><ele>867.25</ele><time>2026-06-07T12:18:03-05:00</time><course>335.5201</course><roll>-3.717549</roll><pitch>-5.139089</pitch><mode /></trkpt><trkpt lat="34.7525993" lon="-118.3390242"><ele>867.46</ele><time>2026-06-07T12:18:03-05:00</time><course>336.8067</course><roll>-3.912729</roll><pitch>-4.929038</pitch><mode /></trkpt><trkpt lat="34.752672" lon="-118.3390279"><ele>867.85</ele><time>2026-06-07T12:18:03-05:00</time><course>334.9199</course><roll>-3.286497</roll><pitch>-4.072253</pitch><mode /></trkpt><trkpt lat="34.7527443" lon="-118.3390319"><ele>868.25</ele><time>2026-06-07T12:18:04-05:00</time><course>333.8823</course><roll>-3.896817</roll><pitch>-2.42842</pitch><mode /></trkpt><trkpt lat="34.752816" lon="-118.3390366"><ele>868.34</ele><time>2026-06-07T12:18:04-05:00</time><course>334.6917</course><roll>-3.235477</roll><pitch>-1.588785</pitch><mode /></trkpt><trkpt lat="34.7528874" lon="-118.3390419"><ele>868.27</ele><time>2026-06-07T12:18:05-05:00</time><course>335.1147</course><roll>-4.243277</roll><pitch>-2.526742</pitch><mode /></trkpt><trkpt lat="34.7529591" lon="-118.3390462"><ele>868.47</ele><time>2026-06-07T12:18:05-05:00</time><course>332.5251</course><roll>-0.5221291</roll><pitch>-2.335955</pitch><mode /></trkpt><trkpt lat="34.7530298" lon="-118.3390506"><ele>868.82</ele><time>2026-06-07T12:18:05-05:00</time><course>329.7096</course><roll>4.042639</roll><pitch>-1.012604</pitch><mode /></trkpt><trkpt lat="34.7530992" lon="-118.3390562"><ele>869.18</ele><time>2026-06-07T12:18:06-05:00</time><course>325.8848</course><roll>7.180851</roll><pitch>0.6969025</pitch><mode /></trkpt><trkpt lat="34.7531665" lon="-118.3390632"><ele>869.27</ele><time>2026-06-07T12:18:06-05:00</time><course>321.255</course><roll>12.21536</roll><pitch>1.867519</pitch><mode /></trkpt><trkpt lat="34.7532309" lon="-118.3390737"><ele>869.15</ele><time>2026-06-07T12:18:07-05:00</time><course>317.4739</course><roll>16.04703</roll><pitch>1.553959</pitch><mode /></trkpt><trkpt lat="34.7532919" lon="-118.3390885"><ele>868.91</ele><time>2026-06-07T12:18:07-05:00</time><course>314.5417</course><roll>19.74045</roll><pitch>0.2411886</pitch><mode /></trkpt><trkpt lat="34.7533488" lon="-118.3391084"><ele>868.7</ele><time>2026-06-07T12:18:07-05:00</time><course>310.2267</course><roll>17.79436</roll><pitch>-1.011124</pitch><mode /></trkpt><trkpt lat="34.7534022" lon="-118.3391316"><ele>868.54</ele><time>2026-06-07T12:18:08-05:00</time><course>302.593</course><roll>21.63527</roll><pitch>-0.6401308</pitch><mode /></trkpt><trkpt lat="34.7534493" lon="-118.3391598"><ele>868.63</ele><time>2026-06-07T12:18:08-05:00</time><course>296.9711</course><roll>17.79935</roll><pitch>-0.8152209</pitch><mode /></trkpt><trkpt lat="34.7534915" lon="-118.3391909"><ele>868.54</ele><time>2026-06-07T12:18:09-05:00</time><course>294.9186</course><roll>13.28941</roll><pitch>-0.3315156</pitch><mode /></trkpt><trkpt lat="34.7535299" lon="-118.3392241"><ele>868.26</ele><time>2026-06-07T12:18:09-05:00</time><course>291.2786</course><roll>11.70467</roll><pitch>-0.5785596</pitch><mode /></trkpt><trkpt lat="34.7535653" lon="-118.3392589"><ele>868.1</ele><time>2026-06-07T12:18:09-05:00</time><course>286.667</course><roll>10.33417</roll><pitch>-0.3369281</pitch><mode /></trkpt><trkpt lat="34.7535977" lon="-118.3392946"><ele>867.97</ele><time>2026-06-07T12:18:10-05:00</time><course>281.0595</course><roll>6.466385</roll><pitch>-0.05311197</pitch><mode /></trkpt><trkpt lat="34.7536276" lon="-118.3393316"><ele>867.73</ele><time>2026-06-07T12:18:10-05:00</time><course>277.4493</course><roll>3.02837</roll><pitch>0.6516144</pitch><mode /></trkpt><trkpt lat="34.7536555" lon="-118.3393699"><ele>867.79</ele><time>2026-06-07T12:18:11-05:00</time><course>275.4736</course><roll>-2.310289</roll><pitch>1.259055</pitch><mode /></trkpt><trkpt lat="34.7536821" lon="-118.3394082"><ele>867.57</ele><time>2026-06-07T12:18:11-05:00</time><course>276.3628</course><roll>-6.321619</roll><pitch>2.380363</pitch><mode /></trkpt><trkpt lat="34.753709" lon="-118.3394468"><ele>866.88</ele><time>2026-06-07T12:18:11-05:00</time><course>276.439</course><roll>-7.870708</roll><pitch>0.6946335</pitch><mode /></trkpt><trkpt lat="34.7537369" lon="-118.3394864"><ele>866.34</ele><time>2026-06-07T12:18:12-05:00</time><course>276.7899</course><roll>-8.428056</roll><pitch>-0.89917</pitch><mode /></trkpt><trkpt lat="34.7537654" lon="-118.3395268"><ele>866.06</ele><time>2026-06-07T12:18:12-05:00</time><course>279.037</course><roll>-10.80215</roll><pitch>-2.257406</pitch><mode /></trkpt><trkpt lat="34.7537961" lon="-118.339567"><ele>866.05</ele><time>2026-06-07T12:18:13-05:00</time><course>279.0184</course><roll>-12.90176</roll><pitch>-3.010176</pitch><mode /></trkpt><trkpt lat="34.7538289" lon="-118.3396057"><ele>866.37</ele><time>2026-06-07T12:18:13-05:00</time><course>280.2722</course><roll>-16.2398</roll><pitch>-1.311788</pitch><mode /></trkpt><trkpt lat="34.753862" lon="-118.3396435"><ele>866.62</ele><time>2026-06-07T12:18:13-05:00</time><course>286.4702</course><roll>-18.36193</roll><pitch>1.058815</pitch><mode /></trkpt><trkpt lat="34.7538983" lon="-118.3396796"><ele>866.77</ele><time>2026-06-07T12:18:14-05:00</time><course>288.2213</course><roll>-18.01056</roll><pitch>0.12656</pitch><mode /></trkpt><trkpt lat="34.7539378" lon="-118.3397139"><ele>866.96</ele><time>2026-06-07T12:18:14-05:00</time><course>291.6208</course><roll>-16.95176</roll><pitch>1.172954</pitch><mode /></trkpt><trkpt lat="34.7539783" lon="-118.3397469"><ele>866.99</ele><time>2026-06-07T12:18:15-05:00</time><course>299.092</course><roll>-19.54064</roll><pitch>2.689899</pitch><mode /></trkpt><trkpt lat="34.7540929" lon="-118.3398198"><ele>866.73</ele><time>2026-06-07T12:18:16-05:00</time><course>311.0117</course><roll>-24.98123</roll><pitch>0.7615909</pitch><mode /></trkpt><trkpt lat="34.7547272" lon="-118.3397368"><ele>867.35</ele><time>2026-06-07T12:18:20-05:00</time><course>17.89693</course><roll>-41.29259</roll><pitch>2.63952</pitch><mode /></trkpt><trkpt lat="34.754961" lon="-118.3394314"><ele>867.55</ele><time>2026-06-07T12:18:21-05:00</time><course>52.01232</course><roll>-46.1283</roll><pitch>-2.787025</pitch><mode /></trkpt><trkpt lat="34.7550036" lon="-118.3393305"><ele>867.45</ele><time>2026-06-07T12:18:22-05:00</time><course>62.85209</course><roll>-43.75914</roll><pitch>-1.139778</pitch><mode /></trkpt><trkpt lat="34.7550843" lon="-118.338997"><ele>866.42</ele><time>2026-06-07T12:18:23-05:00</time><course>92.69445</course><roll>-42.43568</roll><pitch>1.191382</pitch><mode /></trkpt><trkpt lat="34.7550907" lon="-118.3388816"><ele>866.03</ele><time>2026-06-07T12:18:23-05:00</time><course>99.78168</course><roll>-43.45161</roll><pitch>-2.577292</pitch><mode /></trkpt><trkpt lat="34.7550875" lon="-118.338767"><ele>865.7</ele><time>2026-06-07T12:18:24-05:00</time><course>109.6874</course><roll>-46.2147</roll><pitch>-2.462874</pitch><mode /></trkpt><trkpt lat="34.7550737" lon="-118.3386558"><ele>865.55</ele><time>2026-06-07T12:18:24-05:00</time><course>118.8645</course><roll>-43.50196</roll><pitch>-2.868967</pitch><mode /></trkpt><trkpt lat="34.755049" lon="-118.3385499"><ele>865.59</ele><time>2026-06-07T12:18:24-05:00</time><course>128.4132</course><roll>-43.7196</roll><pitch>-3.491513</pitch><mode /></trkpt><trkpt lat="34.7550143" lon="-118.3384519"><ele>865.62</ele><time>2026-06-07T12:18:25-05:00</time><course>135.238</course><roll>-49.8985</roll><pitch>-7.57163</pitch><mode /></trkpt><trkpt lat="34.7549717" lon="-118.3383626"><ele>865.5</ele><time>2026-06-07T12:18:25-05:00</time><course>143.0121</course><roll>-46.85708</roll><pitch>-6.25502</pitch><mode /></trkpt><trkpt lat="34.7549232" lon="-118.3382833"><ele>865.46</ele><time>2026-06-07T12:18:26-05:00</time><course>153.8583</course><roll>-44.42582</roll><pitch>-3.92892</pitch><mode /></trkpt><trkpt lat="34.7548695" lon="-118.3382155"><ele>865.42</ele><time>2026-06-07T12:18:26-05:00</time><course>160.9111</course><roll>-44.52732</roll><pitch>-3.68267</pitch><mode /></trkpt><trkpt lat="34.7548125" lon="-118.33816"><ele>865.39</ele><time>2026-06-07T12:18:26-05:00</time><course>167.3544</course><roll>-42.95824</roll><pitch>-6.616321</pitch><mode /></trkpt><trkpt lat="34.7547534" lon="-118.3381212"><ele>865.69</ele><time>2026-06-07T12:18:27-05:00</time><course>167.8441</course><roll>-39.43379</roll><pitch>-7.82788</pitch><mode /></trkpt><trkpt lat="34.7546956" lon="-118.3380883"><ele>865.95</ele><time>2026-06-07T12:18:27-05:00</time><course>172.0013</course><roll>-35.71268</roll><pitch>-6.500113</pitch><mode /></trkpt><trkpt lat="34.7546391" lon="-118.3380613"><ele>866.08</ele><time>2026-06-07T12:18:28-05:00</time><course>178.6781</course><roll>-32.42479</roll><pitch>-4.008805</pitch><mode /></trkpt><trkpt lat="34.7545839" lon="-118.338039"><ele>866.12</ele><time>2026-06-07T12:18:28-05:00</time><course>185.0804</course><roll>-31.7949</roll><pitch>-3.130081</pitch><mode /></trkpt><trkpt lat="34.7545305" lon="-118.3380243"><ele>866.14</ele><time>2026-06-07T12:18:28-05:00</time><course>188.127</course><roll>-28.81728</roll><pitch>-4.084983</pitch><mode /></trkpt><trkpt lat="34.7544792" lon="-118.3380168"><ele>866.42</ele><time>2026-06-07T12:18:29-05:00</time><course>190.2857</course><roll>-26.368</roll><pitch>-4.621161</pitch><mode /></trkpt><trkpt lat="34.7544301" lon="-118.3380132"><ele>866.61</ele><time>2026-06-07T12:18:29-05:00</time><course>193.9337</course><roll>-24.11812</roll><pitch>-3.354371</pitch><mode /></trkpt><trkpt lat="34.7543829" lon="-118.3380123"><ele>866.76</ele><time>2026-06-07T12:18:30-05:00</time><course>199.6179</course><roll>-23.15402</roll><pitch>-1.883282</pitch><mode /></trkpt><trkpt lat="34.7543381" lon="-118.338015"><ele>866.6</ele><time>2026-06-07T12:18:30-05:00</time><course>201.5226</course><roll>-23.14742</roll><pitch>-2.8504</pitch><mode /></trkpt><trkpt lat="34.754296" lon="-118.3380224"><ele>866.47</ele><time>2026-06-07T12:18:30-05:00</time><course>201.9569</course><roll>-21.84582</roll><pitch>-5.240448</pitch><mode /></trkpt><trkpt lat="34.7542572" lon="-118.3380338"><ele>866.47</ele><time>2026-06-07T12:18:31-05:00</time><course>202.1537</course><roll>-19.58838</roll><pitch>-5.603624</pitch><mode /></trkpt><trkpt lat="34.7542209" lon="-118.3380455"><ele>866.73</ele><time>2026-06-07T12:18:31-05:00</time><course>207.1185</course><roll>-19.88355</roll><pitch>-2.725504</pitch><mode /></trkpt><trkpt lat="34.7541863" lon="-118.3380583"><ele>866.66</ele><time>2026-06-07T12:18:32-05:00</time><course>212.9328</course><roll>-16.70043</roll><pitch>-2.767254</pitch><mode /></trkpt><trkpt lat="34.7541537" lon="-118.3380738"><ele>866.83</ele><time>2026-06-07T12:18:32-05:00</time><course>214.617</course><roll>-14.53595</roll><pitch>-2.438709</pitch><mode /></trkpt><trkpt lat="34.754123" lon="-118.3380908"><ele>866.82</ele><time>2026-06-07T12:18:32-05:00</time><course>214.1182</course><roll>-11.97083</roll><pitch>-1.605989</pitch><mode /></trkpt><trkpt lat="34.7540934" lon="-118.3381085"><ele>866.75</ele><time>2026-06-07T12:18:33-05:00</time><course>217.0724</course><roll>-9.777753</roll><pitch>-2.252918</pitch><mode /></trkpt><trkpt lat="34.7540645" lon="-118.338128"><ele>867.22</ele><time>2026-06-07T12:18:33-05:00</time><course>217.9221</course><roll>-12.44926</roll><pitch>-2.3302</pitch><mode /></trkpt><trkpt lat="34.7540379" lon="-118.338149"><ele>868</ele><time>2026-06-07T12:18:34-05:00</time><course>215.99</course><roll>-7.893379</roll><pitch>-0.2072705</pitch><mode /></trkpt><trkpt lat="34.7540123" lon="-118.33817"><ele>868.64</ele><time>2026-06-07T12:18:34-05:00</time><course>218.2313</course><roll>-4.241857</roll><pitch>3.232513</pitch><mode /></trkpt><trkpt lat="34.7539867" lon="-118.33819"><ele>868.69</ele><time>2026-06-07T12:18:34-05:00</time><course>221.3316</course><roll>-5.879583</roll><pitch>3.72842</pitch><mode /></trkpt><trkpt lat="34.7539617" lon="-118.3382109"><ele>868.31</ele><time>2026-06-07T12:18:35-05:00</time><course>220.8074</course><roll>-6.741385</roll><pitch>3.98873</pitch><mode /></trkpt><trkpt lat="34.7539366" lon="-118.3382326"><ele>867.72</ele><time>2026-06-07T12:18:35-05:00</time><course>221.7483</course><roll>-7.38274</roll><pitch>2.8221</pitch><mode /></trkpt><trkpt lat="34.7539111" lon="-118.3382553"><ele>867.27</ele><time>2026-06-07T12:18:36-05:00</time><course>224.0209</course><roll>-10.69909</roll><pitch>0.7873338</pitch><mode /></trkpt><trkpt lat="34.7538863" lon="-118.3382803"><ele>867.04</ele><time>2026-06-07T12:18:36-05:00</time><course>223.4986</course><roll>-9.046568</roll><pitch>-0.4203288</pitch><mode /></trkpt><trkpt lat="34.7538623" lon="-118.3383069"><ele>866.96</ele><time>2026-06-07T12:18:36-05:00</time><course>223.5122</course><roll>-8.992385</roll><pitch>-0.777205</pitch><mode /></trkpt><trkpt lat="34.7538389" lon="-118.3383337"><ele>866.87</ele><time>2026-06-07T12:18:37-05:00</time><course>224.8432</course><roll>-9.396917</roll><pitch>-0.8743029</pitch><mode /></trkpt><trkpt lat="34.7538161" lon="-118.3383611"><ele>866.72</ele><time>2026-06-07T12:18:37-05:00</time><course>225.913</course><roll>-7.77023</roll><pitch>-1.171204</pitch><mode /></trkpt><trkpt lat="34.7537939" lon="-118.3383894"><ele>866.64</ele><time>2026-06-07T12:18:38-05:00</time><course>226.5952</course><roll>-7.297942</roll><pitch>-1.857277</pitch><mode /></trkpt><trkpt lat="34.7537726" lon="-118.3384182"><ele>866.72</ele><time>2026-06-07T12:18:38-05:00</time><course>226.5499</course><roll>-8.14881</roll><pitch>-2.225037</pitch><mode /></trkpt><trkpt lat="34.7537516" lon="-118.3384477"><ele>866.81</ele><time>2026-06-07T12:18:38-05:00</time><course>226.8409</course><roll>-9.355989</roll><pitch>-1.822375</pitch><mode /></trkpt><trkpt lat="34.7537314" lon="-118.3384781"><ele>866.9</ele><time>2026-06-07T12:18:39-05:00</time><course>227.8837</course><roll>-9.836145</roll><pitch>-2.070371</pitch><mode /></trkpt><trkpt lat="34.7537119" lon="-118.3385096"><ele>867.04</ele><time>2026-06-07T12:18:39-05:00</time><course>229.0121</course><roll>-10.67994</roll><pitch>-3.01946</pitch><mode /></trkpt><trkpt lat="34.7536942" lon="-118.3385427"><ele>867.33</ele><time>2026-06-07T12:18:40-05:00</time><course>227.5525</course><roll>-11.73145</roll><pitch>-3.751575</pitch><mode /></trkpt><trkpt lat="34.7536783" lon="-118.3385763"><ele>867.67</ele><time>2026-06-07T12:18:40-05:00</time><course>227.1886</course><roll>-10.78395</roll><pitch>-2.376487</pitch><mode /></trkpt><trkpt lat="34.7536704" lon="-118.3385931"><ele>867.86</ele><time>2026-06-07T12:18:40-05:00</time><course>229.0713</course><roll>-10.19436</roll><pitch>-1.288987</pitch><mode /></trkpt><trkpt lat="34.753655" lon="-118.3386269"><ele>868.16</ele><time>2026-06-07T12:18:41-05:00</time><course>233.7309</course><roll>-9.936636</roll><pitch>-0.9900103</pitch><mode /></trkpt><trkpt lat="34.7536418" lon="-118.3386613"><ele>868.62</ele><time>2026-06-07T12:18:41-05:00</time><course>234.2135</course><roll>-9.329335</roll><pitch>-1.27309</pitch><mode /></trkpt><trkpt lat="34.7536306" lon="-118.3386964"><ele>868.61</ele><time>2026-06-07T12:18:41-05:00</time><course>232.4655</course><roll>-9.46174</roll><pitch>-0.5368885</pitch><mode /></trkpt><trkpt lat="34.7536196" lon="-118.3387313"><ele>868.36</ele><time>2026-06-07T12:18:42-05:00</time><course>234.7197</course><roll>-10.99868</roll><pitch>-1.084292</pitch><mode /></trkpt><trkpt lat="34.7536097" lon="-118.3387662"><ele>868.26</ele><time>2026-06-07T12:18:42-05:00</time><course>235.228</course><roll>-12.17063</roll><pitch>-1.29148</pitch><mode /></trkpt><trkpt lat="34.7536009" lon="-118.3388019"><ele>868.08</ele><time>2026-06-07T12:18:43-05:00</time><course>235.7934</course><roll>-9.8726</roll><pitch>-2.613434</pitch><mode /></trkpt><trkpt lat="34.7535931" lon="-118.338838"><ele>868.02</ele><time>2026-06-07T12:18:43-05:00</time><course>238.906</course><roll>-9.974717</roll><pitch>-2.211905</pitch><mode /></trkpt><trkpt lat="34.7535859" lon="-118.3388743"><ele>867.85</ele><time>2026-06-07T12:18:43-05:00</time><course>241.3411</course><roll>-12.10536</roll><pitch>-3.543356</pitch><mode /></trkpt><trkpt lat="34.7535816" lon="-118.3389122"><ele>867.8</ele><time>2026-06-07T12:18:44-05:00</time><course>239.0496</course><roll>-12.03779</roll><pitch>-4.501255</pitch><mode /></trkpt><trkpt lat="34.7535792" lon="-118.3389509"><ele>867.77</ele><time>2026-06-07T12:18:44-05:00</time><course>238.576</course><roll>-11.12768</roll><pitch>-4.700487</pitch><mode /></trkpt><trkpt lat="34.7535763" lon="-118.3389902"><ele>867.89</ele><time>2026-06-07T12:18:45-05:00</time><course>241.5646</course><roll>-13.94725</roll><pitch>-3.438027</pitch><mode /></trkpt><trkpt lat="34.7535749" lon="-118.3390301"><ele>867.48</ele><time>2026-06-07T12:18:45-05:00</time><course>245.0886</course><roll>-12.4442</roll><pitch>-4.566282</pitch><mode /></trkpt><trkpt lat="34.7535755" lon="-118.3390723"><ele>867.72</ele><time>2026-06-07T12:18:45-05:00</time><course>248.2422</course><roll>-13.57172</roll><pitch>-4.858138</pitch><mode /></trkpt><trkpt lat="34.7535781" lon="-118.3391154"><ele>868.22</ele><time>2026-06-07T12:18:46-05:00</time><course>248.3913</course><roll>-16.695</roll><pitch>-4.183854</pitch><mode /></trkpt><trkpt lat="34.7535835" lon="-118.3391576"><ele>868.02</ele><time>2026-06-07T12:18:46-05:00</time><course>246.2671</course><roll>-11.11045</roll><pitch>-5.799671</pitch><mode /></trkpt><trkpt lat="34.7535885" lon="-118.3391994"><ele>868.18</ele><time>2026-06-07T12:18:47-05:00</time><course>253.9774</course><roll>-5.022457</roll><pitch>-4.594857</pitch><mode /></trkpt><trkpt lat="34.7535934" lon="-118.3392407"><ele>868.95</ele><time>2026-06-07T12:18:47-05:00</time><course>258.3276</course><roll>-11.88709</roll><pitch>-4.446399</pitch><mode /></trkpt><trkpt lat="34.7536013" lon="-118.3392812"><ele>869.71</ele><time>2026-06-07T12:18:47-05:00</time><course>258.3741</course><roll>-15.509</roll><pitch>-2.173843</pitch><mode /></trkpt><trkpt lat="34.7536097" lon="-118.3393201"><ele>869.81</ele><time>2026-06-07T12:18:48-05:00</time><course>262.0807</course><roll>-16.53787</roll><pitch>-0.7466712</pitch><mode /></trkpt><trkpt lat="34.7536207" lon="-118.3393595"><ele>870.09</ele><time>2026-06-07T12:18:48-05:00</time><course>264.9221</course><roll>-14.02301</roll><pitch>-0.4184231</pitch><mode /></trkpt><trkpt lat="34.7536339" lon="-118.3393991"><ele>870.43</ele><time>2026-06-07T12:18:49-05:00</time><course>267.2133</course><roll>-13.59174</roll><pitch>0.4664404</pitch><mode /></trkpt><trkpt lat="34.753649" lon="-118.3394382"><ele>870.62</ele><time>2026-06-07T12:18:49-05:00</time><course>269.5959</course><roll>-12.8082</roll><pitch>1.217223</pitch><mode /></trkpt><trkpt lat="34.7536654" lon="-118.3394776"><ele>870.44</ele><time>2026-06-07T12:18:49-05:00</time><course>274.385</course><roll>-8.053112</roll><pitch>1.491173</pitch><mode /></trkpt><trkpt lat="34.7536834" lon="-118.3395176"><ele>870.19</ele><time>2026-06-07T12:18:50-05:00</time><course>275.5211</course><roll>-15.35024</roll><pitch>-1.191077</pitch><mode /></trkpt><trkpt lat="34.7537051" lon="-118.339557"><ele>870.17</ele><time>2026-06-07T12:18:50-05:00</time><course>274.3759</course><roll>-18.19673</roll><pitch>-1.633645</pitch><mode /></trkpt><trkpt lat="34.7537567" lon="-118.3396349"><ele>869.61</ele><time>2026-06-07T12:18:51-05:00</time><course>280.6197</course><roll>-18.85586</roll><pitch>-0.6695387</pitch><mode /></trkpt><trkpt lat="34.753787" lon="-118.3396733"><ele>869.73</ele><time>2026-06-07T12:18:51-05:00</time><course>285.2892</course><roll>-22.40489</roll><pitch>-0.5407071</pitch><mode /></trkpt><trkpt lat="34.7538218" lon="-118.3397103"><ele>869.95</ele><time>2026-06-07T12:18:52-05:00</time><course>291.4773</course><roll>-19.80942</roll><pitch>-1.644093</pitch><mode /></trkpt><trkpt lat="34.7538613" lon="-118.3397459"><ele>870.15</ele><time>2026-06-07T12:18:52-05:00</time><course>292.0337</course><roll>-19.70257</roll><pitch>-1.323101</pitch><mode /></trkpt><trkpt lat="34.7539493" lon="-118.3398129"><ele>870.43</ele><time>2026-06-07T12:18:53-05:00</time><course>302.3384</course><roll>-26.12887</roll><pitch>1.800501</pitch><mode /></trkpt><trkpt lat="34.7545808" lon="-118.3381851"><ele>866.91</ele><time>2026-06-07T12:19:06-05:00</time><course>181.3245</course><roll>-25.54021</roll><pitch>-1.690395</pitch><mode /></trkpt><trkpt lat="34.7545309" lon="-118.3381634"><ele>867.11</ele><time>2026-06-07T12:19:06-05:00</time><course>184.5664</course><roll>-24.49459</roll><pitch>-2.153965</pitch><mode /></trkpt><trkpt lat="34.7544823" lon="-118.3381462"><ele>867.12</ele><time>2026-06-07T12:19:07-05:00</time><course>187.2434</course><roll>-22.27179</roll><pitch>-1.121486</pitch><mode /></trkpt><trkpt lat="34.7544346" lon="-118.3381313"><ele>866.68</ele><time>2026-06-07T12:19:07-05:00</time><course>191.3793</course><roll>-20.80744</roll><pitch>-1.737968</pitch><mode /></trkpt><trkpt lat="34.754343" lon="-118.3381147"><ele>866.56</ele><time>2026-06-07T12:19:08-05:00</time><course>197.8296</course><roll>-19.79182</roll><pitch>-2.207781</pitch><mode /></trkpt><trkpt lat="34.7543001" lon="-118.338112"><ele>866.41</ele><time>2026-06-07T12:19:08-05:00</time><course>197.0383</course><roll>-19.90827</roll><pitch>-3.868007</pitch><mode /></trkpt><trkpt lat="34.7542596" lon="-118.3381125"><ele>866.63</ele><time>2026-06-07T12:19:09-05:00</time><course>203.8453</course><roll>-17.23664</roll><pitch>-1.98254</pitch><mode /></trkpt><trkpt lat="34.7542217" lon="-118.3381166"><ele>867.22</ele><time>2026-06-07T12:19:09-05:00</time><course>203.8799</course><roll>-16.71897</roll><pitch>-1.846729</pitch><mode /></trkpt><trkpt lat="34.7538552" lon="-118.3383141"><ele>865.41</ele><time>2026-06-07T12:19:15-05:00</time><course>226.4646</course><roll>-10.03971</roll><pitch>-3.914188</pitch><mode /></trkpt><trkpt lat="34.7537596" lon="-118.3384368"><ele>865.13</ele><time>2026-06-07T12:19:17-05:00</time><course>228.4986</course><roll>-8.260756</roll><pitch>-4.92266</pitch><mode /></trkpt><trkpt lat="34.7536774" lon="-118.3385754"><ele>865.5</ele><time>2026-06-07T12:19:19-05:00</time><course>232.8211</course><roll>-9.734484</roll><pitch>-5.226547</pitch><mode /></trkpt><trkpt lat="34.7536507" lon="-118.3386361"><ele>865.81</ele><time>2026-06-07T12:19:19-05:00</time><course>232.7633</course><roll>-9.510337</roll><pitch>-4.987197</pitch><mode /></trkpt><trkpt lat="34.7536139" lon="-118.3387291"><ele>865.93</ele><time>2026-06-07T12:19:21-05:00</time><course>238.5125</course><roll>-10.73653</roll><pitch>-5.409985</pitch><mode /></trkpt><trkpt lat="34.753594" lon="-118.3387946"><ele>866.22</ele><time>2026-06-07T12:19:21-05:00</time><course>240.6496</course><roll>-10.56845</roll><pitch>-4.844421</pitch><mode /></trkpt><trkpt lat="34.7535848" lon="-118.338828"><ele>866.26</ele><time>2026-06-07T12:19:22-05:00</time><course>243.6105</course><roll>-11.81073</roll><pitch>-4.557717</pitch><mode /></trkpt><trkpt lat="34.753577" lon="-118.3388617"><ele>866.22</ele><time>2026-06-07T12:19:22-05:00</time><course>245.8302</course><roll>-14.43782</roll><pitch>-5.544405</pitch><mode /></trkpt><trkpt lat="34.7535715" lon="-118.3388972"><ele>866.33</ele><time>2026-06-07T12:19:23-05:00</time><course>243.8942</course><roll>-13.54809</roll><pitch>-6.104025</pitch><mode /></trkpt><trkpt lat="34.7535674" lon="-118.3389332"><ele>866.4</ele><time>2026-06-07T12:19:23-05:00</time><course>245.9013</course><roll>-13.54876</roll><pitch>-4.41744</pitch><mode /></trkpt><trkpt lat="34.7535627" lon="-118.3389687"><ele>866.28</ele><time>2026-06-07T12:19:23-05:00</time><course>252.2148</course><roll>-13.27165</roll><pitch>-4.670277</pitch><mode /></trkpt><trkpt lat="34.7535617" lon="-118.3390057"><ele>866.39</ele><time>2026-06-07T12:19:24-05:00</time><course>251.9405</course><roll>-11.7064</roll><pitch>-6.77164</pitch><mode /></trkpt><trkpt lat="34.7535633" lon="-118.3390433"><ele>866.98</ele><time>2026-06-07T12:19:24-05:00</time><course>250.95</course><roll>-9.248226</roll><pitch>-5.924605</pitch><mode /></trkpt><trkpt lat="34.7535649" lon="-118.3390798"><ele>867.7</ele><time>2026-06-07T12:19:25-05:00</time><course>256.3006</course><roll>-10.58834</roll><pitch>-2.489512</pitch><mode /></trkpt><trkpt lat="34.7535675" lon="-118.3391151"><ele>868.03</ele><time>2026-06-07T12:19:25-05:00</time><course>258.1138</course><roll>-11.74036</roll><pitch>-1.903507</pitch><mode /></trkpt><trkpt lat="34.7535731" lon="-118.3391508"><ele>868.02</ele><time>2026-06-07T12:19:25-05:00</time><course>256.4115</course><roll>-11.09751</roll><pitch>-2.425674</pitch><mode /></trkpt><trkpt lat="34.7535796" lon="-118.3391866"><ele>868.15</ele><time>2026-06-07T12:19:26-05:00</time><course>257.5257</course><roll>-12.38237</roll><pitch>-2.15056</pitch><mode /></trkpt><trkpt lat="34.753588" lon="-118.3392224"><ele>868.36</ele><time>2026-06-07T12:19:26-05:00</time><course>258.8802</course><roll>-10.47283</roll><pitch>-1.996312</pitch><mode /></trkpt><trkpt lat="34.753598" lon="-118.3392586"><ele>868.62</ele><time>2026-06-07T12:19:27-05:00</time><course>260.1846</course><roll>-11.49302</roll><pitch>0.05646533</pitch><mode /></trkpt><trkpt lat="34.7536087" lon="-118.3392938"><ele>868.38</ele><time>2026-06-07T12:19:27-05:00</time><course>262.3789</course><roll>-10.54071</roll><pitch>-0.5106011</pitch><mode /></trkpt><trkpt lat="34.7536212" lon="-118.3393295"><ele>868.19</ele><time>2026-06-07T12:19:27-05:00</time><course>264.7834</course><roll>-8.837928</roll><pitch>-1.779569</pitch><mode /></trkpt><trkpt lat="34.7536358" lon="-118.3393654"><ele>868.37</ele><time>2026-06-07T12:19:28-05:00</time><course>265.3201</course><roll>-12.13291</roll><pitch>-0.9919278</pitch><mode /></trkpt><trkpt lat="34.7536516" lon="-118.3394006"><ele>868.15</ele><time>2026-06-07T12:19:28-05:00</time><course>265.4254</course><roll>-12.69094</roll><pitch>-1.052755</pitch><mode /></trkpt><trkpt lat="34.7536696" lon="-118.3394359"><ele>868</ele><time>2026-06-07T12:19:29-05:00</time><course>266.6691</course><roll>-11.20145</roll><pitch>-0.3017644</pitch><mode /></trkpt><trkpt lat="34.7536891" lon="-118.3394711"><ele>867.68</ele><time>2026-06-07T12:19:29-05:00</time><course>267.7852</course><roll>-13.29676</roll><pitch>-0.7316544</pitch><mode /></trkpt><trkpt lat="34.7537104" lon="-118.3395059"><ele>867.45</ele><time>2026-06-07T12:19:29-05:00</time><course>268.3946</course><roll>-12.3577</roll><pitch>-1.34262</pitch><mode /></trkpt><trkpt lat="34.7537333" lon="-118.3395408"><ele>867.28</ele><time>2026-06-07T12:19:30-05:00</time><course>270.5584</course><roll>-12.39123</roll><pitch>-0.997228</pitch><mode /></trkpt><trkpt lat="34.7537576" lon="-118.3395755"><ele>867.03</ele><time>2026-06-07T12:19:30-05:00</time><course>273.3772</course><roll>-15.23493</roll><pitch>-2.186754</pitch><mode /></trkpt><trkpt lat="34.753798" lon="-118.3396279"><ele>866.76</ele><time>2026-06-07T12:19:31-05:00</time><course>275.5688</course><roll>-15.01614</roll><pitch>-3.23456</pitch><mode /></trkpt><trkpt lat="34.7538278" lon="-118.3396627"><ele>866.87</ele><time>2026-06-07T12:19:31-05:00</time><course>279.0563</course><roll>-16.81224</roll><pitch>-1.782926</pitch><mode /></trkpt><trkpt lat="34.7538591" lon="-118.3396973"><ele>866.65</ele><time>2026-06-07T12:19:32-05:00</time><course>282.3336</course><roll>-18.24958</roll><pitch>-2.961188</pitch><mode /></trkpt><trkpt lat="34.7538937" lon="-118.3397313"><ele>866.64</ele><time>2026-06-07T12:19:32-05:00</time><course>285.1588</course><roll>-18.27051</roll><pitch>-3.604676</pitch><mode /></trkpt><trkpt lat="34.7539298" lon="-118.3397644"><ele>866.8</ele><time>2026-06-07T12:19:32-05:00</time><course>292.1218</course><roll>-19.04067</roll><pitch>-1.123983</pitch><mode /></trkpt><trkpt lat="34.7539676" lon="-118.339797"><ele>866.74</ele><time>2026-06-07T12:19:33-05:00</time><course>300.09</course><roll>-24.09709</roll><pitch>-2.518465</pitch><mode /></trkpt><trkpt lat="34.7540133" lon="-118.3398255"><ele>867.14</ele><time>2026-06-07T12:19:33-05:00</time><course>299.3013</course><roll>-23.64118</roll><pitch>-6.006846</pitch><mode /></trkpt><trkpt lat="34.7540624" lon="-118.3398511"><ele>867.57</ele><time>2026-06-07T12:19:34-05:00</time><course>302.7677</course><roll>-21.62441</roll><pitch>-2.756528</pitch><mode /></trkpt><trkpt lat="34.7541126" lon="-118.3398749"><ele>867.63</ele><time>2026-06-07T12:19:34-05:00</time><course>310.0356</course><roll>-24.36994</roll><pitch>-0.7215515</pitch><mode /></trkpt><trkpt lat="34.7541657" lon="-118.3398966"><ele>867.35</ele><time>2026-06-07T12:19:34-05:00</time><course>317.1989</course><roll>-27.23231</roll><pitch>-0.7505162</pitch><mode /></trkpt><trkpt lat="34.754224" lon="-118.3399138"><ele>867.11</ele><time>2026-06-07T12:19:35-05:00</time><course>322.703</course><roll>-30.05544</roll><pitch>-3.343815</pitch><mode /></trkpt><trkpt lat="34.7542861" lon="-118.3399255"><ele>866.88</ele><time>2026-06-07T12:19:35-05:00</time><course>329.6753</course><roll>-30.66736</roll><pitch>-3.061328</pitch><mode /></trkpt><trkpt lat="34.7543518" lon="-118.3399315"><ele>866.72</ele><time>2026-06-07T12:19:36-05:00</time><course>339.1181</course><roll>-35.29778</roll><pitch>-5.01776</pitch><mode /></trkpt><trkpt lat="34.7544219" lon="-118.3399272"><ele>866.82</ele><time>2026-06-07T12:19:36-05:00</time><course>343.8314</course><roll>-38.3383</roll><pitch>-7.439185</pitch><mode /></trkpt><trkpt lat="34.7544943" lon="-118.3399123"><ele>866.93</ele><time>2026-06-07T12:19:36-05:00</time><course>350.8759</course><roll>-38.11758</roll><pitch>-8.97387</pitch><mode /></trkpt><trkpt lat="34.7545682" lon="-118.3398843"><ele>867.3</ele><time>2026-06-07T12:19:37-05:00</time><course>355.5908</course><roll>-37.19321</roll><pitch>-8.790343</pitch><mode /></trkpt><trkpt lat="34.7546415" lon="-118.3398476"><ele>867.78</ele><time>2026-06-07T12:19:37-05:00</time><course>4.093784</course><roll>-40.82991</roll><pitch>-4.269022</pitch><mode /></trkpt><trkpt lat="34.7547848" lon="-118.3397465"><ele>868.52</ele><time>2026-06-07T12:19:38-05:00</time><course>25.27086</course><roll>-46.37794</roll><pitch>-1.772363</pitch><mode /></trkpt><trkpt lat="34.7548526" lon="-118.3396816"><ele>868.14</ele><time>2026-06-07T12:19:38-05:00</time><course>35.72899</course><roll>-47.55543</roll><pitch>-6.413736</pitch><mode /></trkpt><trkpt lat="34.7549131" lon="-118.3396008"><ele>868.16</ele><time>2026-06-07T12:19:39-05:00</time><course>43.52577</course><roll>-43.82815</roll><pitch>-6.283855</pitch><mode /></trkpt><trkpt lat="34.7549678" lon="-118.3395111"><ele>868.42</ele><time>2026-06-07T12:19:39-05:00</time><course>55.93809</course><roll>-44.27054</roll><pitch>-2.261787</pitch><mode /></trkpt><trkpt lat="34.7550127" lon="-118.339412"><ele>868.78</ele><time>2026-06-07T12:19:40-05:00</time><course>65.5903</course><roll>-45.65889</roll><pitch>-2.115184</pitch><mode /></trkpt><trkpt lat="34.7550464" lon="-118.3393063"><ele>869.24</ele><time>2026-06-07T12:19:40-05:00</time><course>73.14671</course><roll>-51.61922</roll><pitch>-2.911814</pitch><mode /></trkpt><trkpt lat="34.755069" lon="-118.3391957"><ele>869.67</ele><time>2026-06-07T12:19:40-05:00</time><course>80.13819</course><roll>-47.93941</roll><pitch>-2.408244</pitch><mode /></trkpt><trkpt lat="34.7550809" lon="-118.3390828"><ele>870.02</ele><time>2026-06-07T12:19:41-05:00</time><course>89.08972</course><roll>-49.28836</roll><pitch>-0.4000377</pitch><mode /></trkpt><trkpt lat="34.7550822" lon="-118.3389697"><ele>870.06</ele><time>2026-06-07T12:19:41-05:00</time><course>95.76188</course><roll>-50.48057</roll><pitch>-1.077357</pitch><mode /></trkpt><trkpt lat="34.755075" lon="-118.3388587"><ele>869.64</ele><time>2026-06-07T12:19:42-05:00</time><course>101.3829</course><roll>-51.02119</roll><pitch>-1.403342</pitch><mode /></trkpt><trkpt lat="34.7550642" lon="-118.3387488"><ele>868.57</ele><time>2026-06-07T12:19:42-05:00</time><course>111.975</course><roll>-47.13014</roll><pitch>-0.2184997</pitch><mode /></trkpt><trkpt lat="34.7550425" lon="-118.3386428"><ele>867.51</ele><time>2026-06-07T12:19:42-05:00</time><course>123.8451</course><roll>-43.33681</roll><pitch>0.5078214</pitch><mode /></trkpt><trkpt lat="34.75501" lon="-118.3385429"><ele>866.64</ele><time>2026-06-07T12:19:43-05:00</time><course>134.0487</course><roll>-45.30112</roll><pitch>0.1015974</pitch><mode /></trkpt><trkpt lat="34.7549695" lon="-118.3384519"><ele>865.91</ele><time>2026-06-07T12:19:43-05:00</time><course>143.1295</course><roll>-40.9231</roll><pitch>-2.32511</pitch><mode /></trkpt><trkpt lat="34.7549219" lon="-118.3383723"><ele>865.68</ele><time>2026-06-07T12:19:44-05:00</time><course>151.9394</course><roll>-40.29143</roll><pitch>-2.718701</pitch><mode /></trkpt><trkpt lat="34.7548699" lon="-118.338302"><ele>865.51</ele><time>2026-06-07T12:19:44-05:00</time><course>157.746</course><roll>-43.02092</roll><pitch>-3.823363</pitch><mode /></trkpt><trkpt lat="34.7548152" lon="-118.3382422"><ele>865.18</ele><time>2026-06-07T12:19:44-05:00</time><course>162.8939</course><roll>-39.36578</roll><pitch>-6.641201</pitch><mode /></trkpt><trkpt lat="34.7547596" lon="-118.3381924"><ele>865.21</ele><time>2026-06-07T12:19:45-05:00</time><course>170.0643</course><roll>-37.70733</roll><pitch>-5.999585</pitch><mode /></trkpt><trkpt lat="34.7547045" lon="-118.338152"><ele>865.27</ele><time>2026-06-07T12:19:45-05:00</time><course>174.9228</course><roll>-35.91955</roll><pitch>-7.960999</pitch><mode /></trkpt><trkpt lat="34.7546502" lon="-118.3381221"><ele>865.62</ele><time>2026-06-07T12:19:46-05:00</time><course>178.9437</course><roll>-28.75385</roll><pitch>-8.852909</pitch><mode /></trkpt><trkpt lat="34.7545976" lon="-118.3380999"><ele>866.31</ele><time>2026-06-07T12:19:46-05:00</time><course>182.8733</course><roll>-27.37208</roll><pitch>-6.279683</pitch><mode /></trkpt><trkpt lat="34.7545469" lon="-118.3380794"><ele>866.48</ele><time>2026-06-07T12:19:46-05:00</time><course>189.8976</course><roll>-26.87027</roll><pitch>-2.392638</pitch><mode /></trkpt><trkpt lat="34.7544979" lon="-118.3380612"><ele>866.12</ele><time>2026-06-07T12:19:47-05:00</time><course>195.7339</course><roll>-26.90903</roll><pitch>-3.965579</pitch><mode /></trkpt><trkpt lat="34.7544515" lon="-118.3380521"><ele>866.23</ele><time>2026-06-07T12:19:47-05:00</time><course>196.7491</course><roll>-25.916</roll><pitch>-7.608934</pitch><mode /></trkpt><trkpt lat="34.754409" lon="-118.3380495"><ele>866.79</ele><time>2026-06-07T12:19:48-05:00</time><course>198.4706</course><roll>-18.79974</roll><pitch>-6.331607</pitch><mode /></trkpt><trkpt lat="34.7543325" lon="-118.3380511"><ele>867.92</ele><time>2026-06-07T12:19:48-05:00</time><course>203.0714</course><roll>-17.22981</roll><pitch>-2.668794</pitch><mode /></trkpt><trkpt lat="34.7542969" lon="-118.3380555"><ele>868.1</ele><time>2026-06-07T12:19:49-05:00</time><course>204.4814</course><roll>-14.96556</roll><pitch>-1.681958</pitch><mode /></trkpt><trkpt lat="34.7542625" lon="-118.3380627"><ele>868.42</ele><time>2026-06-07T12:19:49-05:00</time><course>206.6078</course><roll>-14.51792</roll><pitch>-0.173079</pitch><mode /></trkpt><trkpt lat="34.7542293" lon="-118.3380714"><ele>868.37</ele><time>2026-06-07T12:19:50-05:00</time><course>208.4686</course><roll>-12.73802</roll><pitch>0.6122119</pitch><mode /></trkpt><trkpt lat="34.7541966" lon="-118.3380818"><ele>868.37</ele><time>2026-06-07T12:19:50-05:00</time><course>211.9475</course><roll>-13.40962</roll><pitch>1.534577</pitch><mode /></trkpt><trkpt lat="34.7541648" lon="-118.3380945"><ele>868.49</ele><time>2026-06-07T12:19:50-05:00</time><course>214.5477</course><roll>-12.30779</roll><pitch>1.039621</pitch><mode /></trkpt><trkpt lat="34.7541346" lon="-118.3381097"><ele>868.67</ele><time>2026-06-07T12:19:51-05:00</time><course>214.1384</course><roll>-10.41863</roll><pitch>1.966037</pitch><mode /></trkpt><trkpt lat="34.7541046" lon="-118.3381249"><ele>868.62</ele><time>2026-06-07T12:19:51-05:00</time><course>217.0325</course><roll>-12.07627</roll><pitch>1.798442</pitch><mode /></trkpt><trkpt lat="34.7540757" lon="-118.3381422"><ele>868.72</ele><time>2026-06-07T12:19:52-05:00</time><course>218.7376</course><roll>-10.66309</roll><pitch>1.379023</pitch><mode /></trkpt><trkpt lat="34.754049" lon="-118.3381617"><ele>868.95</ele><time>2026-06-07T12:19:52-05:00</time><course>217.0337</course><roll>-8.363181</roll><pitch>1.928175</pitch><mode /></trkpt><trkpt lat="34.7540226" lon="-118.3381812"><ele>868.91</ele><time>2026-06-07T12:19:52-05:00</time><course>219.0061</course><roll>-6.994756</roll><pitch>3.857256</pitch><mode /></trkpt><trkpt lat="34.7539968" lon="-118.3382015"><ele>868.81</ele><time>2026-06-07T12:19:53-05:00</time><course>219.1638</course><roll>-5.596798</roll><pitch>3.490133</pitch><mode /></trkpt><trkpt lat="34.7539709" lon="-118.3382223"><ele>868.74</ele><time>2026-06-07T12:19:53-05:00</time><course>219.1131</course><roll>-6.930835</roll><pitch>4.150587</pitch><mode /></trkpt><trkpt lat="34.753946" lon="-118.3382436"><ele>868.44</ele><time>2026-06-07T12:19:54-05:00</time><course>217.8948</course><roll>-7.840272</roll><pitch>3.941885</pitch><mode /></trkpt><trkpt lat="34.7539219" lon="-118.3382657"><ele>868.02</ele><time>2026-06-07T12:19:54-05:00</time><course>217.1458</course><roll>-6.283426</roll><pitch>3.342809</pitch><mode /></trkpt><trkpt lat="34.7538981" lon="-118.3382883"><ele>867.83</ele><time>2026-06-07T12:19:54-05:00</time><course>216.5876</course><roll>-7.376353</roll><pitch>3.727607</pitch><mode /></trkpt><trkpt lat="34.7538738" lon="-118.3383106"><ele>867.48</ele><time>2026-06-07T12:19:55-05:00</time><course>219.3664</course><roll>-8.154627</roll><pitch>2.906408</pitch><mode /></trkpt><trkpt lat="34.75385" lon="-118.3383337"><ele>867.17</ele><time>2026-06-07T12:19:55-05:00</time><course>221.1113</course><roll>-9.293767</roll><pitch>2.067112</pitch><mode /></trkpt><trkpt lat="34.7538267" lon="-118.3383589"><ele>867.12</ele><time>2026-06-07T12:19:56-05:00</time><course>223.2198</course><roll>-7.943616</roll><pitch>2.213564</pitch><mode /></trkpt><trkpt lat="34.7538043" lon="-118.3383846"><ele>867.17</ele><time>2026-06-07T12:19:56-05:00</time><course>225.0304</course><roll>-7.774703</roll><pitch>1.863684</pitch><mode /></trkpt><trkpt lat="34.7535914" lon="-118.3389566"><ele>868.69</ele><time>2026-06-07T12:20:03-05:00</time><course>255.9449</course><roll>-11.01948</roll><pitch>1.289966</pitch><mode /></trkpt><trkpt lat="34.7536042" lon="-118.3391538"><ele>868.46</ele><time>2026-06-07T12:20:05-05:00</time><course>262.2252</course><roll>-10.67056</roll><pitch>1.258506</pitch><mode /></trkpt><trkpt lat="34.7536187" lon="-118.3392346"><ele>868.3</ele><time>2026-06-07T12:20:05-05:00</time><course>260.3172</course><roll>-10.90249</roll><pitch>-0.595821</pitch><mode /></trkpt><trkpt lat="34.7536285" lon="-118.3392753"><ele>868.5</ele><time>2026-06-07T12:20:06-05:00</time><course>259.722</course><roll>-10.17521</roll><pitch>-0.9097828</pitch><mode /></trkpt><trkpt lat="34.7536397" lon="-118.3393162"><ele>868.88</ele><time>2026-06-07T12:20:06-05:00</time><course>259.7623</course><roll>-10.77978</roll><pitch>1.232495</pitch><mode /></trkpt><trkpt lat="34.7536512" lon="-118.3393563"><ele>868.91</ele><time>2026-06-07T12:20:07-05:00</time><course>263.5453</course><roll>-12.5682</roll><pitch>3.98215</pitch><mode /></trkpt><trkpt lat="34.7536621" lon="-118.3393964"><ele>868.37</ele><time>2026-06-07T12:20:07-05:00</time><course>270.3219</course><roll>-11.63924</roll><pitch>2.322604</pitch><mode /></trkpt><trkpt lat="34.7536759" lon="-118.3394376"><ele>867.77</ele><time>2026-06-07T12:20:07-05:00</time><course>272.9589</course><roll>-14.5519</roll><pitch>-0.4624821</pitch><mode /></trkpt><trkpt lat="34.7536926" lon="-118.3394787"><ele>867.55</ele><time>2026-06-07T12:20:08-05:00</time><course>275.4201</course><roll>-17.85595</roll><pitch>-1.64029</pitch><mode /></trkpt><trkpt lat="34.7537121" lon="-118.3395184"><ele>867.43</ele><time>2026-06-07T12:20:08-05:00</time><course>276.1695</course><roll>-19.50015</roll><pitch>-2.706257</pitch><mode /></trkpt><trkpt lat="34.7537343" lon="-118.3395568"><ele>867.33</ele><time>2026-06-07T12:20:09-05:00</time><course>278.2806</course><roll>-23.55191</roll><pitch>-4.212931</pitch><mode /></trkpt><trkpt lat="34.75376" lon="-118.339594"><ele>867.52</ele><time>2026-06-07T12:20:09-05:00</time><course>283.3599</course><roll>-19.23128</roll><pitch>-4.25287</pitch><mode /></trkpt><trkpt lat="34.7537899" lon="-118.3396295"><ele>867.83</ele><time>2026-06-07T12:20:09-05:00</time><course>285.5674</course><roll>-16.43298</roll><pitch>-2.624198</pitch><mode /></trkpt><trkpt lat="34.753821" lon="-118.3396642"><ele>867.81</ele><time>2026-06-07T12:20:10-05:00</time><course>289.6402</course><roll>-14.0702</roll><pitch>-0.8315806</pitch><mode /></trkpt><trkpt lat="34.7538532" lon="-118.3396991"><ele>867.86</ele><time>2026-06-07T12:20:10-05:00</time><course>296.5008</course><roll>-15.29198</roll><pitch>-0.497463</pitch><mode /></trkpt><trkpt lat="34.753888" lon="-118.3397336"><ele>868.13</ele><time>2026-06-07T12:20:11-05:00</time><course>300.8344</course><roll>-17.19194</roll><pitch>-1.238215</pitch><mode /></trkpt><trkpt lat="34.7539262" lon="-118.3397652"><ele>868.36</ele><time>2026-06-07T12:20:11-05:00</time><course>301.4672</course><roll>-18.46209</roll><pitch>-2.050424</pitch><mode /></trkpt><trkpt lat="34.7539673" lon="-118.339794"><ele>868.84</ele><time>2026-06-07T12:20:11-05:00</time><course>303.3628</course><roll>-18.28307</roll><pitch>-0.8494582</pitch><mode /></trkpt><trkpt lat="34.7540106" lon="-118.3398202"><ele>869.23</ele><time>2026-06-07T12:20:12-05:00</time><course>308.4426</course><roll>-21.18876</roll><pitch>0.5342481</pitch><mode /></trkpt><trkpt lat="34.7540563" lon="-118.3398438"><ele>869.32</ele><time>2026-06-07T12:20:12-05:00</time><course>310.5746</course><roll>-21.40775</roll><pitch>-0.1692513</pitch><mode /></trkpt><trkpt lat="34.754104" lon="-118.3398636"><ele>869.43</ele><time>2026-06-07T12:20:13-05:00</time><course>314.3338</course><roll>-21.55977</roll><pitch>-0.1737459</pitch><mode /></trkpt><trkpt lat="34.7541545" lon="-118.33988"><ele>869.58</ele><time>2026-06-07T12:20:13-05:00</time><course>320.1147</course><roll>-23.43192</roll><pitch>0.2463519</pitch><mode /></trkpt><trkpt lat="34.7542078" lon="-118.3398924"><ele>869.84</ele><time>2026-06-07T12:20:13-05:00</time><course>325.7431</course><roll>-25.04725</roll><pitch>-0.1822621</pitch><mode /></trkpt><trkpt lat="34.7542638" lon="-118.3398995"><ele>870.09</ele><time>2026-06-07T12:20:14-05:00</time><course>330.1193</course><roll>-25.95922</roll><pitch>-0.4185019</pitch><mode /></trkpt><trkpt lat="34.7543218" lon="-118.339901"><ele>870.33</ele><time>2026-06-07T12:20:14-05:00</time><course>335.4162</course><roll>-28.15301</roll><pitch>-0.5778728</pitch><mode /></trkpt><trkpt lat="34.7543824" lon="-118.3398957"><ele>870.65</ele><time>2026-06-07T12:20:15-05:00</time><course>340.1492</course><roll>-26.62036</roll><pitch>-0.4303036</pitch><mode /></trkpt><trkpt lat="34.7544449" lon="-118.3398841"><ele>871.02</ele><time>2026-06-07T12:20:15-05:00</time><course>346.4372</course><roll>-29.11968</roll><pitch>2.391434</pitch><mode /></trkpt><trkpt lat="34.7545075" lon="-118.3398689"><ele>870.81</ele><time>2026-06-07T12:20:15-05:00</time><course>354.1448</course><roll>-31.69602</roll><pitch>1.764063</pitch><mode /></trkpt><trkpt lat="34.7545717" lon="-118.3398431"><ele>870.53</ele><time>2026-06-07T12:20:16-05:00</time><course>357.6864</course><roll>-31.88287</roll><pitch>-2.98176</pitch><mode /></trkpt><trkpt lat="34.7546363" lon="-118.3398079"><ele>870.62</ele><time>2026-06-07T12:20:16-05:00</time><course>2.692696</course><roll>-32.3667</roll><pitch>-2.248827</pitch><mode /></trkpt><trkpt lat="34.7547003" lon="-118.3397636"><ele>870.79</ele><time>2026-06-07T12:20:17-05:00</time><course>8.422658</course><roll>-36.65506</roll><pitch>-2.365462</pitch><mode /></trkpt><trkpt lat="34.7547629" lon="-118.3397109"><ele>870.8</ele><time>2026-06-07T12:20:17-05:00</time><course>15.74577</course><roll>-37.54247</roll><pitch>-0.6964387</pitch><mode /></trkpt><trkpt lat="34.7548232" lon="-118.3396517"><ele>870.56</ele><time>2026-06-07T12:20:17-05:00</time><course>24.51771</course><roll>-36.61109</roll><pitch>-0.2202969</pitch><mode /></trkpt><trkpt lat="34.7548799" lon="-118.3395806"><ele>870.75</ele><time>2026-06-07T12:20:18-05:00</time><course>34.23287</course><roll>-39.54828</roll><pitch>1.232538</pitch><mode /></trkpt><trkpt lat="34.7549324" lon="-118.3395015"><ele>870.69</ele><time>2026-06-07T12:20:18-05:00</time><course>44.39927</course><roll>-41.91115</roll><pitch>1.855922</pitch><mode /></trkpt><trkpt lat="34.7549792" lon="-118.3394138"><ele>870.43</ele><time>2026-06-07T12:20:19-05:00</time><course>54.91867</course><roll>-45.23392</roll><pitch>1.580893</pitch><mode /></trkpt><trkpt lat="34.7550187" lon="-118.3393186"><ele>869.98</ele><time>2026-06-07T12:20:19-05:00</time><course>63.70966</course><roll>-45.09958</roll><pitch>-1.833313</pitch><mode /></trkpt><trkpt lat="34.7550456" lon="-118.3392148"><ele>869.85</ele><time>2026-06-07T12:20:19-05:00</time><course>69.39275</course><roll>-44.0798</roll><pitch>-6.255517</pitch><mode /></trkpt><trkpt lat="34.7550619" lon="-118.3391061"><ele>869.81</ele><time>2026-06-07T12:20:20-05:00</time><course>75.45</course><roll>-45.11192</roll><pitch>-4.148747</pitch><mode /></trkpt><trkpt lat="34.755072" lon="-118.3389956"><ele>869.35</ele><time>2026-06-07T12:20:20-05:00</time><course>85.70106</course><roll>-44.06478</roll><pitch>-1.714026</pitch><mode /></trkpt><trkpt lat="34.7550728" lon="-118.3388825"><ele>868.96</ele><time>2026-06-07T12:20:21-05:00</time><course>95.70695</course><roll>-43.80866</roll><pitch>-1.814577</pitch><mode /></trkpt><trkpt lat="34.7550627" lon="-118.3387681"><ele>868.52</ele><time>2026-06-07T12:20:21-05:00</time><course>104.1741</course><roll>-43.95086</roll><pitch>-3.035379</pitch><mode /></trkpt><trkpt lat="34.7550419" lon="-118.3386548"><ele>868.09</ele><time>2026-06-07T12:20:21-05:00</time><course>112.8175</course><roll>-45.3377</roll><pitch>-2.625555</pitch><mode /></trkpt><trkpt lat="34.7550284" lon="-118.3385992"><ele>867.84</ele><time>2026-06-07T12:20:22-05:00</time><course>118.6587</course><roll>-45.6146</roll><pitch>-2.064174</pitch><mode /></trkpt><trkpt lat="34.7549953" lon="-118.3384914"><ele>867.06</ele><time>2026-06-07T12:20:22-05:00</time><course>127.8982</course><roll>-43.72481</roll><pitch>-3.363257</pitch><mode /></trkpt><trkpt lat="34.7549511" lon="-118.3383913"><ele>866.62</ele><time>2026-06-07T12:20:22-05:00</time><course>138.1678</course><roll>-43.75437</roll><pitch>-4.328604</pitch><mode /></trkpt><trkpt lat="34.7548983" lon="-118.3383018"><ele>866.38</ele><time>2026-06-07T12:20:23-05:00</time><course>147.0366</course><roll>-45.47699</roll><pitch>-5.782185</pitch><mode /></trkpt><trkpt lat="34.7548385" lon="-118.3382251"><ele>866.44</ele><time>2026-06-07T12:20:23-05:00</time><course>154.7258</course><roll>-45.98404</roll><pitch>-5.440555</pitch><mode /></trkpt><trkpt lat="34.7547758" lon="-118.3381553"><ele>866.15</ele><time>2026-06-07T12:20:24-05:00</time><course>164.5841</course><roll>-45.35946</roll><pitch>-7.023437</pitch><mode /></trkpt><trkpt lat="34.7547095" lon="-118.3381006"><ele>866.22</ele><time>2026-06-07T12:20:24-05:00</time><course>172.7866</course><roll>-43.05335</roll><pitch>-5.907462</pitch><mode /></trkpt><trkpt lat="34.7546425" lon="-118.3380567"><ele>866.23</ele><time>2026-06-07T12:20:24-05:00</time><course>180.0371</course><roll>-44.59431</roll><pitch>-6.920763</pitch><mode /></trkpt><trkpt lat="34.7545759" lon="-118.3380244"><ele>866.07</ele><time>2026-06-07T12:20:25-05:00</time><course>186.6581</course><roll>-40.39882</roll><pitch>-8.197934</pitch><mode /></trkpt><trkpt lat="34.7545113" lon="-118.338006"><ele>866.32</ele><time>2026-06-07T12:20:25-05:00</time><course>192.2905</course><roll>-34.99973</roll><pitch>-8.132424</pitch><mode /></trkpt><trkpt lat="34.7544489" lon="-118.3379961"><ele>866.88</ele><time>2026-06-07T12:20:26-05:00</time><course>197.8033</course><roll>-30.43339</roll><pitch>-8.056863</pitch><mode /></trkpt><trkpt lat="34.7543905" lon="-118.337995"><ele>867.67</ele><time>2026-06-07T12:20:26-05:00</time><course>198.8815</course><roll>-26.84033</roll><pitch>-6.959595</pitch><mode /></trkpt><trkpt lat="34.7543356" lon="-118.3379988"><ele>868.35</ele><time>2026-06-07T12:20:26-05:00</time><course>201.4006</course><roll>-27.30212</roll><pitch>-5.48722</pitch><mode /></trkpt><trkpt lat="34.7542839" lon="-118.3380063"><ele>868.8</ele><time>2026-06-07T12:20:27-05:00</time><course>203.9816</course><roll>-25.94168</roll><pitch>-4.415788</pitch><mode /></trkpt><trkpt lat="34.7542352" lon="-118.3380187"><ele>869.16</ele><time>2026-06-07T12:20:27-05:00</time><course>204.7751</course><roll>-24.45501</roll><pitch>-3.399911</pitch><mode /></trkpt><trkpt lat="34.7541888" lon="-118.338033"><ele>869.15</ele><time>2026-06-07T12:20:28-05:00</time><course>209.2603</course><roll>-21.8914</roll><pitch>-0.3002052</pitch><mode /></trkpt><trkpt lat="34.7541441" lon="-118.3380477"><ele>868.78</ele><time>2026-06-07T12:20:28-05:00</time><course>215.8716</course><roll>-22.6255</roll><pitch>-0.01619139</pitch><mode /></trkpt><trkpt lat="34.7541036" lon="-118.3380682"><ele>868.79</ele><time>2026-06-07T12:20:28-05:00</time><course>213.4073</course><roll>-19.46074</roll><pitch>-3.569536</pitch><mode /></trkpt><trkpt lat="34.7540672" lon="-118.3380922"><ele>869.07</ele><time>2026-06-07T12:20:29-05:00</time><course>213.4232</course><roll>-15.8974</roll><pitch>-1.079759</pitch><mode /></trkpt><trkpt lat="34.7540322" lon="-118.3381143"><ele>868.97</ele><time>2026-06-07T12:20:29-05:00</time><course>218.0317</course><roll>-15.90588</roll><pitch>0.2135534</pitch><mode /></trkpt><trkpt lat="34.7539995" lon="-118.3381382"><ele>868.89</ele><time>2026-06-07T12:20:30-05:00</time><course>220.4665</course><roll>-14.98095</roll><pitch>0.4912148</pitch><mode /></trkpt><trkpt lat="34.7539689" lon="-118.3381642"><ele>868.71</ele><time>2026-06-07T12:20:30-05:00</time><course>221.5344</course><roll>-14.31388</roll><pitch>0.222977</pitch><mode /></trkpt><trkpt lat="34.7539395" lon="-118.3381903"><ele>868.26</ele><time>2026-06-07T12:20:30-05:00</time><course>224.1564</course><roll>-11.57835</roll><pitch>-0.6298279</pitch><mode /></trkpt><trkpt lat="34.753911" lon="-118.3382175"><ele>868.01</ele><time>2026-06-07T12:20:31-05:00</time><course>227.6254</course><roll>-10.30757</roll><pitch>-0.06536907</pitch><mode /></trkpt><trkpt lat="34.7538822" lon="-118.3382442"><ele>867.54</ele><time>2026-06-07T12:20:31-05:00</time><course>234.5396</course><roll>-12.08455</roll><pitch>-1.402657</pitch><mode /></trkpt><trkpt lat="34.7538569" lon="-118.3382737"><ele>867.71</ele><time>2026-06-07T12:20:32-05:00</time><course>232.2892</course><roll>-10.19549</roll><pitch>-3.673149</pitch><mode /></trkpt><trkpt lat="34.7538345" lon="-118.3383031"><ele>868.26</ele><time>2026-06-07T12:20:32-05:00</time><course>232.2077</course><roll>-12.33556</roll><pitch>-1.645411</pitch><mode /></trkpt><trkpt lat="34.7538129" lon="-118.3383306"><ele>868.51</ele><time>2026-06-07T12:20:32-05:00</time><course>232.4846</course><roll>-17.52006</roll><pitch>-1.33265</pitch><mode /></trkpt><trkpt lat="34.7537939" lon="-118.3383575"><ele>868.37</ele><time>2026-06-07T12:20:33-05:00</time><course>233.3082</course><roll>-12.79925</roll><pitch>-1.359131</pitch><mode /></trkpt><trkpt lat="34.7537751" lon="-118.3383835"><ele>868.26</ele><time>2026-06-07T12:20:33-05:00</time><course>241.3193</course><roll>-12.63504</roll><pitch>-1.504054</pitch><mode /></trkpt><trkpt lat="34.7537589" lon="-118.3384114"><ele>868.28</ele><time>2026-06-07T12:20:34-05:00</time><course>242.6865</course><roll>-6.575352</roll><pitch>-1.623648</pitch><mode /></trkpt><trkpt lat="34.7537438" lon="-118.3384397"><ele>868.46</ele><time>2026-06-07T12:20:34-05:00</time><course>245.2721</course><roll>-7.457906</roll><pitch>0.6031364</pitch><mode /></trkpt><trkpt lat="34.7537281" lon="-118.3384664"><ele>868.23</ele><time>2026-06-07T12:20:34-05:00</time><course>248.6735</course><roll>-3.58829</roll><pitch>0.02448761</pitch><mode /></trkpt><trkpt lat="34.753712" lon="-118.3384936"><ele>868.33</ele><time>2026-06-07T12:20:35-05:00</time><course>252.4023</course><roll>-8.509135</roll><pitch>-0.7338356</pitch><mode /></trkpt><trkpt lat="34.7536974" lon="-118.3385215"><ele>868.58</ele><time>2026-06-07T12:20:35-05:00</time><course>250.6366</course><roll>-8.112246</roll><pitch>-1.80174</pitch><mode /></trkpt><trkpt lat="34.7536841" lon="-118.3385494"><ele>868.97</ele><time>2026-06-07T12:20:36-05:00</time><course>249.3775</course><roll>-4.50832</roll><pitch>-0.2437518</pitch><mode /></trkpt><trkpt lat="34.7536706" lon="-118.3385765"><ele>869.16</ele><time>2026-06-07T12:20:36-05:00</time><course>252.5811</course><roll>-6.438234</roll><pitch>1.952517</pitch><mode /></trkpt><trkpt lat="34.7536569" lon="-118.3386033"><ele>868.74</ele><time>2026-06-07T12:20:36-05:00</time><course>254.8415</course><roll>-9.213162</roll><pitch>0.05680716</pitch><mode /></trkpt><trkpt lat="34.753645" lon="-118.3386311"><ele>868.54</ele><time>2026-06-07T12:20:37-05:00</time><course>253.6354</course><roll>-10.78753</roll><pitch>-1.108238</pitch><mode /></trkpt><trkpt lat="34.7536346" lon="-118.3386593"><ele>868.52</ele><time>2026-06-07T12:20:37-05:00</time><course>252.6264</course><roll>-10.07859</roll><pitch>-1.11488</pitch><mode /></trkpt><trkpt lat="34.753625" lon="-118.3386879"><ele>868.47</ele><time>2026-06-07T12:20:38-05:00</time><course>254.4853</course><roll>-9.078947</roll><pitch>-1.003302</pitch><mode /></trkpt><trkpt lat="34.753616" lon="-118.338717"><ele>868.43</ele><time>2026-06-07T12:20:38-05:00</time><course>256.8164</course><roll>-9.686033</roll><pitch>-0.6445006</pitch><mode /></trkpt><trkpt lat="34.7536078" lon="-118.3387463"><ele>868.27</ele><time>2026-06-07T12:20:38-05:00</time><course>258.6504</course><roll>-9.739059</roll><pitch>-1.382237</pitch><mode /></trkpt><trkpt lat="34.7536014" lon="-118.338776"><ele>868.21</ele><time>2026-06-07T12:20:39-05:00</time><course>257.9716</course><roll>-9.279553</roll><pitch>-2.930244</pitch><mode /></trkpt><trkpt lat="34.7535965" lon="-118.3388059"><ele>868.3</ele><time>2026-06-07T12:20:39-05:00</time><course>257.4803</course><roll>-7.807291</roll><pitch>-2.282715</pitch><mode /></trkpt><trkpt lat="34.7535916" lon="-118.3388355"><ele>868.17</ele><time>2026-06-07T12:20:40-05:00</time><course>258.5856</course><roll>-9.097116</roll><pitch>-2.149867</pitch><mode /></trkpt><trkpt lat="34.7535872" lon="-118.3388652"><ele>868.04</ele><time>2026-06-07T12:20:40-05:00</time><course>260.0373</course><roll>-8.575355</roll><pitch>-2.699572</pitch><mode /></trkpt><trkpt lat="34.7535835" lon="-118.3388953"><ele>867.9</ele><time>2026-06-07T12:20:40-05:00</time><course>262.1128</course><roll>-7.956453</roll><pitch>-2.813524</pitch><mode /></trkpt><trkpt lat="34.7535809" lon="-118.3389256"><ele>867.67</ele><time>2026-06-07T12:20:41-05:00</time><course>262.8768</course><roll>-9.078289</roll><pitch>-3.073718</pitch><mode /></trkpt><trkpt lat="34.7535785" lon="-118.3389563"><ele>867.55</ele><time>2026-06-07T12:20:41-05:00</time><course>264.333</course><roll>-8.544578</roll><pitch>-3.517743</pitch><mode /></trkpt><trkpt lat="34.7535764" lon="-118.3389876"><ele>867.65</ele><time>2026-06-07T12:20:42-05:00</time><course>266.3246</course><roll>-8.612908</roll><pitch>-3.816315</pitch><mode /></trkpt><trkpt lat="34.7535756" lon="-118.3390183"><ele>867.77</ele><time>2026-06-07T12:20:42-05:00</time><course>266.9461</course><roll>-10.84</roll><pitch>-3.898541</pitch><mode /></trkpt><trkpt lat="34.7535762" lon="-118.339049"><ele>867.81</ele><time>2026-06-07T12:20:42-05:00</time><course>266.9628</course><roll>-10.44332</roll><pitch>-3.815227</pitch><mode /></trkpt><trkpt lat="34.7535779" lon="-118.33908"><ele>867.82</ele><time>2026-06-07T12:20:43-05:00</time><course>268.1252</course><roll>-9.719387</roll><pitch>-3.879812</pitch><mode /></trkpt><trkpt lat="34.7535806" lon="-118.339111"><ele>867.92</ele><time>2026-06-07T12:20:43-05:00</time><course>268.8635</course><roll>-11.31852</roll><pitch>-3.949666</pitch><mode /></trkpt><trkpt lat="34.7535854" lon="-118.339142"><ele>868.04</ele><time>2026-06-07T12:20:44-05:00</time><course>266.1252</course><roll>-9.340578</roll><pitch>-3.808119</pitch><mode /></trkpt><trkpt lat="34.7535912" lon="-118.3391724"><ele>868.05</ele><time>2026-06-07T12:20:44-05:00</time><course>266.5868</course><roll>-8.050627</roll><pitch>-2.631704</pitch><mode /></trkpt><trkpt lat="34.7535964" lon="-118.3392027"><ele>867.84</ele><time>2026-06-07T12:20:44-05:00</time><course>269.9992</course><roll>-10.16095</roll><pitch>-2.778371</pitch><mode /></trkpt><trkpt lat="34.7536033" lon="-118.3392333"><ele>867.74</ele><time>2026-06-07T12:20:45-05:00</time><course>269.3027</course><roll>-9.201528</roll><pitch>-4.18339</pitch><mode /></trkpt><trkpt lat="34.7536118" lon="-118.3392634"><ele>867.8</ele><time>2026-06-07T12:20:45-05:00</time><course>268.7</course><roll>-7.291021</roll><pitch>-3.151398</pitch><mode /></trkpt><trkpt lat="34.7536198" lon="-118.3392928"><ele>867.66</ele><time>2026-06-07T12:20:46-05:00</time><course>271.6835</course><roll>-8.550501</roll><pitch>-3.212052</pitch><mode /></trkpt><trkpt lat="34.7536288" lon="-118.3393218"><ele>867.61</ele><time>2026-06-07T12:20:46-05:00</time><course>270.4402</course><roll>-9.033992</roll><pitch>-3.721048</pitch><mode /></trkpt><trkpt lat="34.7536387" lon="-118.3393503"><ele>867.37</ele><time>2026-06-07T12:20:46-05:00</time><course>270.1681</course><roll>-8.694971</roll><pitch>-3.158254</pitch><mode /></trkpt><trkpt lat="34.7536488" lon="-118.3393784"><ele>867.22</ele><time>2026-06-07T12:20:47-05:00</time><course>273.6773</course><roll>-9.401991</roll><pitch>-2.624311</pitch><mode /></trkpt><trkpt lat="34.7537062" lon="-118.3395049"><ele>866.56</ele><time>2026-06-07T12:20:49-05:00</time><course>276.924</course><roll>-11.58719</roll><pitch>-3.864115</pitch><mode /></trkpt><trkpt lat="34.7537964" lon="-118.3396382"><ele>866.06</ele><time>2026-06-07T12:20:51-05:00</time><course>284.4011</course><roll>-13.02286</roll><pitch>-3.457759</pitch><mode /></trkpt><trkpt lat="34.753915" lon="-118.3397591"><ele>865.87</ele><time>2026-06-07T12:20:53-05:00</time><course>293.4439</course><roll>-13.06412</roll><pitch>-5.993433</pitch><mode /></trkpt><trkpt lat="34.7540724" lon="-118.3398503"><ele>866.56</ele><time>2026-06-07T12:20:55-05:00</time><course>304.3304</course><roll>-15.56056</roll><pitch>-4.674801</pitch><mode /></trkpt><trkpt lat="34.7542812" lon="-118.3398993"><ele>867.11</ele><time>2026-06-07T12:20:57-05:00</time><course>323.4759</course><roll>-26.39891</roll><pitch>-6.071478</pitch><mode /></trkpt><trkpt lat="34.7545542" lon="-118.3398469"><ele>866.77</ele><time>2026-06-07T12:20:59-05:00</time><course>347.1853</course><roll>-24.53077</roll><pitch>-6.109122</pitch><mode /></trkpt><trkpt lat="34.7548561" lon="-118.3396734"><ele>866.97</ele><time>2026-06-07T12:21:01-05:00</time><course>4.543077</course><roll>-15.27765</roll><pitch>-5.52445</pitch><mode /></trkpt><trkpt lat="34.7551463" lon="-118.3394398"><ele>870.29</ele><time>2026-06-07T12:21:03-05:00</time><course>9.71359</course><roll>4.235288</roll><pitch>5.047765</pitch><mode /></trkpt><trkpt lat="34.7552606" lon="-118.3393524"><ele>870.49</ele><time>2026-06-07T12:21:03-05:00</time><course>3.467998</course><roll>7.983204</roll><pitch>6.163682</pitch><mode /></trkpt><trkpt lat="34.7554345" lon="-118.3392418"><ele>870.7</ele><time>2026-06-07T12:21:05-05:00</time><course>350.1797</course><roll>10.25941</roll><pitch>8.740028</pitch><mode /></trkpt><trkpt lat="34.7556062" lon="-118.3391633"><ele>869.66</ele><time>2026-06-07T12:21:06-05:00</time><course>346.2664</course><roll>8.864563</roll><pitch>5.228379</pitch><mode /></trkpt><trkpt lat="34.7557189" lon="-118.3391265"><ele>869.04</ele><time>2026-06-07T12:21:07-05:00</time><course>335.264</course><roll>8.845349</roll><pitch>4.92329</pitch><mode /></trkpt><trkpt lat="34.7557742" lon="-118.3391126"><ele>868.64</ele><time>2026-06-07T12:21:07-05:00</time><course>332.145</course><roll>7.081054</roll><pitch>4.007665</pitch><mode /></trkpt><trkpt lat="34.7558281" lon="-118.3391022"><ele>868.21</ele><time>2026-06-07T12:21:07-05:00</time><course>331.6037</course><roll>6.936012</roll><pitch>3.314375</pitch><mode /></trkpt><trkpt lat="34.7558804" lon="-118.3390958"><ele>867.85</ele><time>2026-06-07T12:21:08-05:00</time><course>333.4014</course><roll>3.132091</roll><pitch>1.786378</pitch><mode /></trkpt><trkpt lat="34.7559322" lon="-118.3390908"><ele>867.54</ele><time>2026-06-07T12:21:08-05:00</time><course>330.0715</course><roll>0.00150619</roll><pitch>0.8439519</pitch><mode /></trkpt><trkpt lat="34.7559839" lon="-118.3390856"><ele>867.31</ele><time>2026-06-07T12:21:09-05:00</time><course>324.8181</course><roll>0.8469083</roll><pitch>0.5658851</pitch><mode /></trkpt><trkpt lat="34.756034" lon="-118.3390811"><ele>867.15</ele><time>2026-06-07T12:21:09-05:00</time><course>323.9033</course><roll>-1.79741</roll><pitch>0.6629571</pitch><mode /></trkpt><trkpt lat="34.756083" lon="-118.339077"><ele>866.93</ele><time>2026-06-07T12:21:09-05:00</time><course>322.5681</course><roll>-2.310183</roll><pitch>-0.3524856</pitch><mode /></trkpt><trkpt lat="34.7561315" lon="-118.3390732"><ele>866.62</ele><time>2026-06-07T12:21:10-05:00</time><course>321.1454</course><roll>4.149727</roll><pitch>-0.6614107</pitch><mode /></trkpt><trkpt lat="34.7561784" lon="-118.339072"><ele>866.47</ele><time>2026-06-07T12:21:10-05:00</time><course>322.6333</course><roll>5.543562</roll><pitch>-1.679689</pitch><mode /></trkpt><trkpt lat="34.7562243" lon="-118.3390729"><ele>866.5</ele><time>2026-06-07T12:21:11-05:00</time><course>319.9601</course><roll>1.424569</roll><pitch>-2.310584</pitch><mode /></trkpt><trkpt lat="34.7562698" lon="-118.3390744"><ele>866.45</ele><time>2026-06-07T12:21:11-05:00</time><course>316.78</course><roll>2.404148</roll><pitch>-1.477223</pitch><mode /></trkpt><trkpt lat="34.7563141" lon="-118.3390773"><ele>866.28</ele><time>2026-06-07T12:21:11-05:00</time><course>315.135</course><roll>0.8451368</roll><pitch>-2.314985</pitch><mode /></trkpt><trkpt lat="34.7563572" lon="-118.3390816"><ele>866.58</ele><time>2026-06-07T12:21:12-05:00</time><course>315.5847</course><roll>-2.024092</roll><pitch>-1.691564</pitch><mode /></trkpt><trkpt lat="34.7563994" lon="-118.3390865"><ele>866.81</ele><time>2026-06-07T12:21:12-05:00</time><course>315.6543</course><roll>-3.855013</roll><pitch>-1.057633</pitch><mode /></trkpt><trkpt lat="34.7564204" lon="-118.3390888"><ele>866.88</ele><time>2026-06-07T12:21:12-05:00</time><course>315.2778</course><roll>-3.569138</roll><pitch>-0.552458</pitch><mode /></trkpt><trkpt lat="34.7564621" lon="-118.3390934"><ele>866.87</ele><time>2026-06-07T12:21:13-05:00</time><course>314.9741</course><roll>-2.321781</roll><pitch>-0.2851267</pitch><mode /></trkpt><trkpt lat="34.7565038" lon="-118.3390982"><ele>866.8</ele><time>2026-06-07T12:21:13-05:00</time><course>314.3947</course><roll>-1.865471</roll><pitch>-0.9924967</pitch><mode /></trkpt><trkpt lat="34.7565455" lon="-118.3391033"><ele>866.7</ele><time>2026-06-07T12:21:14-05:00</time><course>312.1552</course><roll>-1.616714</roll><pitch>-1.085694</pitch><mode /></trkpt><trkpt lat="34.7565872" lon="-118.339109"><ele>866.05</ele><time>2026-06-07T12:21:14-05:00</time><course>311.867</course><roll>-2.713784</roll><pitch>-2.045458</pitch><mode /></trkpt><trkpt lat="34.7566286" lon="-118.3391162"><ele>865.32</ele><time>2026-06-07T12:21:14-05:00</time><course>312.0404</course><roll>-5.14089</roll><pitch>-4.555924</pitch><mode /></trkpt><trkpt lat="34.7566706" lon="-118.3391241"><ele>864.86</ele><time>2026-06-07T12:21:15-05:00</time><course>312.6982</course><roll>-6.913727</roll><pitch>-6.020381</pitch><mode /></trkpt><trkpt lat="34.756713" lon="-118.3391324"><ele>864.53</ele><time>2026-06-07T12:21:15-05:00</time><course>313.2287</course><roll>-7.49089</roll><pitch>-7.617328</pitch><mode /></trkpt><trkpt lat="34.756756" lon="-118.3391399"><ele>864.42</ele><time>2026-06-07T12:21:16-05:00</time><course>313.3107</course><roll>-6.590571</roll><pitch>-8.679512</pitch><mode /></trkpt><trkpt lat="34.7567993" lon="-118.3391473"><ele>864.5</ele><time>2026-06-07T12:21:16-05:00</time><course>313.8545</course><roll>-7.147643</roll><pitch>-9.03953</pitch><mode /></trkpt><trkpt lat="34.7568424" lon="-118.3391541"><ele>864.52</ele><time>2026-06-07T12:21:16-05:00</time><course>314.2444</course><roll>-8.906877</roll><pitch>-8.841679</pitch><mode /></trkpt><trkpt lat="34.7568863" lon="-118.3391603"><ele>864.51</ele><time>2026-06-07T12:21:17-05:00</time><course>313.5568</course><roll>-9.80302</roll><pitch>-8.744774</pitch><mode /></trkpt><trkpt lat="34.7569308" lon="-118.3391657"><ele>864.41</ele><time>2026-06-07T12:21:17-05:00</time><course>313.2417</course><roll>-9.699352</roll><pitch>-9.921269</pitch><mode /></trkpt><trkpt lat="34.7569761" lon="-118.33917"><ele>864.54</ele><time>2026-06-07T12:21:18-05:00</time><course>312.4518</course><roll>-8.999933</roll><pitch>-10.26225</pitch><mode /></trkpt><trkpt lat="34.7570219" lon="-118.3391738"><ele>864.91</ele><time>2026-06-07T12:21:18-05:00</time><course>313.0492</course><roll>-8.367156</roll><pitch>-9.329573</pitch><mode /></trkpt><trkpt lat="34.7570675" lon="-118.3391773"><ele>865.24</ele><time>2026-06-07T12:21:18-05:00</time><course>314.5416</course><roll>-9.321258</roll><pitch>-8.451529</pitch><mode /></trkpt><trkpt lat="34.7571134" lon="-118.3391797"><ele>865.46</ele><time>2026-06-07T12:21:19-05:00</time><course>313.7388</course><roll>-6.786275</roll><pitch>-8.747799</pitch><mode /></trkpt><trkpt lat="34.7571595" lon="-118.3391813"><ele>865.85</ele><time>2026-06-07T12:21:19-05:00</time><course>313.3792</course><roll>-8.120349</roll><pitch>-7.805731</pitch><mode /></trkpt><trkpt lat="34.7572053" lon="-118.339183"><ele>866.2</ele><time>2026-06-07T12:21:20-05:00</time><course>313.7018</course><roll>-11.71498</roll><pitch>-7.227076</pitch><mode /></trkpt><trkpt lat="34.7572515" lon="-118.3391839"><ele>866.51</ele><time>2026-06-07T12:21:20-05:00</time><course>314.6014</course><roll>-8.212426</roll><pitch>-7.179985</pitch><mode /></trkpt><trkpt lat="34.7572978" lon="-118.3391844"><ele>866.93</ele><time>2026-06-07T12:21:20-05:00</time><course>316.0421</course><roll>-6.145211</roll><pitch>-5.688398</pitch><mode /></trkpt><trkpt lat="34.7573441" lon="-118.3391846"><ele>867.15</ele><time>2026-06-07T12:21:21-05:00</time><course>317.2413</course><roll>-3.298979</roll><pitch>-5.170425</pitch><mode /></trkpt><trkpt lat="34.75739" lon="-118.3391856"><ele>867.2</ele><time>2026-06-07T12:21:21-05:00</time><course>318.3611</course><roll>-3.962336</roll><pitch>-5.567853</pitch><mode /></trkpt><trkpt lat="34.7574359" lon="-118.3391871"><ele>867.32</ele><time>2026-06-07T12:21:22-05:00</time><course>318.2934</course><roll>-6.44783</roll><pitch>-5.039871</pitch><mode /></trkpt><trkpt lat="34.7574818" lon="-118.3391886"><ele>867.22</ele><time>2026-06-07T12:21:22-05:00</time><course>317.8666</course><roll>-5.885178</roll><pitch>-4.875538</pitch><mode /></trkpt><trkpt lat="34.7575275" lon="-118.3391902"><ele>867.13</ele><time>2026-06-07T12:21:22-05:00</time><course>319.8342</course><roll>-5.308731</roll><pitch>-4.869316</pitch><mode /></trkpt><trkpt lat="34.7575732" lon="-118.3391916"><ele>867.02</ele><time>2026-06-07T12:21:23-05:00</time><course>319.8027</course><roll>-8.115123</roll><pitch>-5.996449</pitch><mode /></trkpt><trkpt lat="34.7576191" lon="-118.339191"><ele>867.05</ele><time>2026-06-07T12:21:23-05:00</time><course>317.0888</course><roll>-6.112485</roll><pitch>-6.051853</pitch><mode /></trkpt><trkpt lat="34.757664" lon="-118.3391907"><ele>866.93</ele><time>2026-06-07T12:21:24-05:00</time><course>319.0168</course><roll>-5.756518</roll><pitch>-4.726305</pitch><mode /></trkpt><trkpt lat="34.7577085" lon="-118.3391918"><ele>866.54</ele><time>2026-06-07T12:21:24-05:00</time><course>321.2189</course><roll>-5.961743</roll><pitch>-6.056232</pitch><mode /></trkpt><trkpt lat="34.757754" lon="-118.3391921"><ele>866.35</ele><time>2026-06-07T12:21:24-05:00</time><course>319.6486</course><roll>-5.886643</roll><pitch>-6.975607</pitch><mode /></trkpt><trkpt lat="34.7578441" lon="-118.3391923"><ele>866.22</ele><time>2026-06-07T12:21:25-05:00</time><course>318.5584</course><roll>-2.923495</roll><pitch>-7.265248</pitch><mode /></trkpt><trkpt lat="34.7578882" lon="-118.3391935"><ele>866.47</ele><time>2026-06-07T12:21:26-05:00</time><course>320.0504</course><roll>-4.036045</roll><pitch>-6.624284</pitch><mode /></trkpt><trkpt lat="34.7579319" lon="-118.3391945"><ele>866.73</ele><time>2026-06-07T12:21:26-05:00</time><course>319.9238</course><roll>-6.959711</roll><pitch>-6.132389</pitch><mode /></trkpt><trkpt lat="34.7579759" lon="-118.3391949"><ele>867.11</ele><time>2026-06-07T12:21:26-05:00</time><course>318.2139</course><roll>-5.043716</roll><pitch>-5.255507</pitch><mode /></trkpt><trkpt lat="34.7580194" lon="-118.3391948"><ele>867.66</ele><time>2026-06-07T12:21:27-05:00</time><course>318.3949</course><roll>-3.595069</roll><pitch>-3.64113</pitch><mode /></trkpt><trkpt lat="34.7580626" lon="-118.3391945"><ele>868.16</ele><time>2026-06-07T12:21:27-05:00</time><course>318.9391</course><roll>-1.690291</roll><pitch>-2.091803</pitch><mode /></trkpt><trkpt lat="34.7581052" lon="-118.3391943"><ele>868.55</ele><time>2026-06-07T12:21:28-05:00</time><course>318.995</course><roll>-1.49176</roll><pitch>-0.5458695</pitch><mode /></trkpt><trkpt lat="34.7581473" lon="-118.3391946"><ele>868.76</ele><time>2026-06-07T12:21:28-05:00</time><course>319.4274</course><roll>-0.612636</roll><pitch>0.8575137</pitch><mode /></trkpt><trkpt lat="34.7581889" lon="-118.3391961"><ele>868.75</ele><time>2026-06-07T12:21:28-05:00</time><course>321.7888</course><roll>-3.373837</roll><pitch>2.051788</pitch><mode /></trkpt><trkpt lat="34.7582312" lon="-118.3391971"><ele>868.45</ele><time>2026-06-07T12:21:29-05:00</time><course>319.6607</course><roll>-5.121396</roll><pitch>0.6202979</pitch><mode /></trkpt><trkpt lat="34.7582743" lon="-118.3391981"><ele>868.16</ele><time>2026-06-07T12:21:29-05:00</time><course>317.465</course><roll>-4.546538</roll><pitch>0.5542572</pitch><mode /></trkpt><trkpt lat="34.7583179" lon="-118.3391998"><ele>867.9</ele><time>2026-06-07T12:21:30-05:00</time><course>318.8338</course><roll>-5.441582</roll><pitch>0.5725012</pitch><mode /></trkpt><trkpt lat="34.7583616" lon="-118.3392019"><ele>867.57</ele><time>2026-06-07T12:21:30-05:00</time><course>319.8622</course><roll>-5.304855</roll><pitch>-0.4718648</pitch><mode /></trkpt><trkpt lat="34.7584062" lon="-118.3392037"><ele>867.3</ele><time>2026-06-07T12:21:30-05:00</time><course>318.4617</course><roll>-4.355234</roll><pitch>-1.439093</pitch><mode /></trkpt><trkpt lat="34.7584515" lon="-118.3392055"><ele>866.92</ele><time>2026-06-07T12:21:31-05:00</time><course>317.31</course><roll>-4.857702</roll><pitch>-2.573721</pitch><mode /></trkpt><trkpt lat="34.7584976" lon="-118.3392074"><ele>866.75</ele><time>2026-06-07T12:21:31-05:00</time><course>316.3294</course><roll>-5.058873</roll><pitch>-2.879462</pitch><mode /></trkpt><trkpt lat="34.75859" lon="-118.3392129"><ele>866.63</ele><time>2026-06-07T12:21:32-05:00</time><course>319.8902</course><roll>-9.522918</roll><pitch>-2.126133</pitch><mode /></trkpt><trkpt lat="34.7586373" lon="-118.3392142"><ele>866.47</ele><time>2026-06-07T12:21:32-05:00</time><course>319.1029</course><roll>-6.312951</roll><pitch>-2.57117</pitch><mode /></trkpt><trkpt lat="34.7586851" lon="-118.3392152"><ele>866.46</ele><time>2026-06-07T12:21:33-05:00</time><course>319.5837</course><roll>-6.71114</roll><pitch>-2.818567</pitch><mode /></trkpt><trkpt lat="34.7587334" lon="-118.3392163"><ele>866.55</ele><time>2026-06-07T12:21:33-05:00</time><course>320.3531</course><roll>-6.927436</roll><pitch>-2.340759</pitch><mode /></trkpt><trkpt lat="34.7588551" lon="-118.3392186"><ele>866.33</ele><time>2026-06-07T12:21:34-05:00</time><course>323.3604</course><roll>-6.846247</roll><pitch>-3.905884</pitch><mode /></trkpt><trkpt lat="34.7589044" lon="-118.3392196"><ele>866.48</ele><time>2026-06-07T12:21:35-05:00</time><course>324.3841</course><roll>-6.69275</roll><pitch>-2.980342</pitch><mode /></trkpt><trkpt lat="34.7589537" lon="-118.3392212"><ele>866.51</ele><time>2026-06-07T12:21:35-05:00</time><course>325.9167</course><roll>-7.730258</roll><pitch>-2.63059</pitch><mode /></trkpt><trkpt lat="34.7591337" lon="-118.3392246"><ele>865.55</ele><time>2026-06-07T12:21:36-05:00</time><course>324.9094</course><roll>-5.639818</roll><pitch>-4.861767</pitch><mode /></trkpt><trkpt lat="34.7591862" lon="-118.3392264"><ele>865.25</ele><time>2026-06-07T12:21:37-05:00</time><course>325.08</course><roll>-6.101211</roll><pitch>-5.867437</pitch><mode /></trkpt><trkpt lat="34.7592397" lon="-118.339228"><ele>864.9</ele><time>2026-06-07T12:21:37-05:00</time><course>324.9488</course><roll>-10.98346</roll><pitch>-7.792223</pitch><mode /></trkpt><trkpt lat="34.7592932" lon="-118.3392295"><ele>864.82</ele><time>2026-06-07T12:21:38-05:00</time><course>332.7195</course><roll>-31.54683</roll><pitch>-10.62479</pitch><mode /></trkpt><trkpt lat="34.7595685" lon="-118.3391402"><ele>864.39</ele><time>2026-06-07T12:21:39-05:00</time><course>9.280927</course><roll>-44.519</roll><pitch>-12.19993</pitch><mode /></trkpt><trkpt lat="34.7596321" lon="-118.3390888"><ele>864.33</ele><time>2026-06-07T12:21:40-05:00</time><course>20.042</course><roll>-44.65781</roll><pitch>-13.21442</pitch><mode /></trkpt><trkpt lat="34.7598663" lon="-118.3385166"><ele>865.85</ele><time>2026-06-07T12:21:42-05:00</time><course>99.20871</course><roll>-48.16734</roll><pitch>-16.79807</pitch><mode /></trkpt><trkpt lat="34.7598391" lon="-118.3382825"><ele>866.33</ele><time>2026-06-07T12:21:43-05:00</time><course>124.9837</course><roll>-40.19528</roll><pitch>-16.36462</pitch><mode /></trkpt><trkpt lat="34.7597664" lon="-118.338087"><ele>866.4</ele><time>2026-06-07T12:21:44-05:00</time><course>140.3833</course><roll>-28.44646</roll><pitch>-15.00803</pitch><mode /></trkpt><trkpt lat="34.7597292" lon="-118.3380218"><ele>867.1</ele><time>2026-06-07T12:21:45-05:00</time><course>146.0482</course><roll>-23.60826</roll><pitch>-10.29634</pitch><mode /></trkpt><trkpt lat="34.7596475" lon="-118.3378972"><ele>867.53</ele><time>2026-06-07T12:21:46-05:00</time><course>149.5984</course><roll>-16.18875</roll><pitch>-7.456693</pitch><mode /></trkpt><trkpt lat="34.7593782" lon="-118.3375498"><ele>867.6</ele><time>2026-06-07T12:21:48-05:00</time><course>153.6748</course><roll>-2.402502</roll><pitch>-4.174027</pitch><mode /></trkpt><trkpt lat="34.759142" lon="-118.3371779"><ele>868.54</ele><time>2026-06-07T12:21:50-05:00</time><course>146.2791</course><roll>7.494991</roll><pitch>-3.936117</pitch><mode /></trkpt><trkpt lat="34.7591026" lon="-118.3371"><ele>868.56</ele><time>2026-06-07T12:21:51-05:00</time><course>142.2924</course><roll>0.2843905</roll><pitch>-1.607889</pitch><mode /></trkpt><trkpt lat="34.7590637" lon="-118.3370205"><ele>868.18</ele><time>2026-06-07T12:21:51-05:00</time><course>138.588</course><roll>-1.717538</roll><pitch>-1.275527</pitch><mode /></trkpt><trkpt lat="34.7588919" lon="-118.3366389"><ele>867.97</ele><time>2026-06-07T12:21:53-05:00</time><course>131.5488</course><roll>0.4692016</roll><pitch>-2.250656</pitch><mode /></trkpt><trkpt lat="34.7588374" lon="-118.3365068"><ele>868.62</ele><time>2026-06-07T12:21:53-05:00</time><course>129.1684</course><roll>0.5463112</roll><pitch>-0.4326459</pitch><mode /></trkpt><trkpt lat="34.7588023" lon="-118.3364177"><ele>868.82</ele><time>2026-06-07T12:21:54-05:00</time><course>128.4153</course><roll>-1.467018</roll><pitch>1.373778</pitch><mode /></trkpt><trkpt lat="34.7586829" lon="-118.3360974"><ele>868.06</ele><time>2026-06-07T12:21:55-05:00</time><course>124.3276</course><roll>-3.269778</roll><pitch>-1.73141</pitch><mode /></trkpt><trkpt lat="34.7585672" lon="-118.3357677"><ele>867.62</ele><time>2026-06-07T12:21:57-05:00</time><course>124.1809</course><roll>-5.547787</roll><pitch>-1.733005</pitch><mode /></trkpt><trkpt lat="34.7584057" lon="-118.3352941"><ele>867.36</ele><time>2026-06-07T12:21:59-05:00</time><course>121.2547</course><roll>-5.407236</roll><pitch>-0.2481388</pitch><mode /></trkpt><trkpt lat="34.7582794" lon="-118.3348191"><ele>866.59</ele><time>2026-06-07T12:22:01-05:00</time><course>103.3828</course><roll>24.47292</roll><pitch>-4.019131</pitch><mode /></trkpt><trkpt lat="34.7583026" lon="-118.3343081"><ele>865.38</ele><time>2026-06-07T12:22:03-05:00</time><course>72.11801</course><roll>12.83388</roll><pitch>-5.23979</pitch><mode /></trkpt><trkpt lat="34.7584333" lon="-118.3338234"><ele>866.43</ele><time>2026-06-07T12:22:05-05:00</time><course>56.6712</course><roll>0.7983173</roll><pitch>-4.969711</pitch><mode /></trkpt><trkpt lat="34.7584981" lon="-118.3336412"><ele>866.83</ele><time>2026-06-07T12:22:05-05:00</time><course>59.10882</course><roll>-3.495808</roll><pitch>-3.372031</pitch><mode /></trkpt><trkpt lat="34.7585146" lon="-118.3335957"><ele>866.89</ele><time>2026-06-07T12:22:06-05:00</time><course>58.56108</course><roll>-3.935349</roll><pitch>-3.275383</pitch><mode /></trkpt><trkpt lat="34.7586787" lon="-118.3331358"><ele>867.09</ele><time>2026-06-07T12:22:08-05:00</time><course>56.12813</course><roll>-9.079594</roll><pitch>-3.604004</pitch><mode /></trkpt><trkpt lat="34.7588285" lon="-118.3326645"><ele>868.28</ele><time>2026-06-07T12:22:10-05:00</time><course>61.39699</course><roll>-7.368216</roll><pitch>-1.699313</pitch><mode /></trkpt><trkpt lat="34.7589637" lon="-118.3321913"><ele>868.53</ele><time>2026-06-07T12:22:12-05:00</time><course>61.19791</course><roll>-6.591401</roll><pitch>-1.215298</pitch><mode /></trkpt><trkpt lat="34.7590942" lon="-118.3317174"><ele>867.51</ele><time>2026-06-07T12:22:14-05:00</time><course>61.93356</course><roll>-4.602214</roll><pitch>-2.802099</pitch><mode /></trkpt><trkpt lat="34.7591203" lon="-118.3316224"><ele>867.22</ele><time>2026-06-07T12:22:14-05:00</time><course>64.59296</course><roll>-5.801672</roll><pitch>-3.563166</pitch><mode /></trkpt><trkpt lat="34.7591465" lon="-118.3315269"><ele>867.03</ele><time>2026-06-07T12:22:14-05:00</time><course>66.46258</course><roll>-5.948254</roll><pitch>-4.851202</pitch><mode /></trkpt><trkpt lat="34.7591723" lon="-118.3314311"><ele>866.91</ele><time>2026-06-07T12:22:15-05:00</time><course>66.80709</course><roll>-4.779565</roll><pitch>-5.197602</pitch><mode /></trkpt><trkpt lat="34.7592244" lon="-118.3312391"><ele>866.49</ele><time>2026-06-07T12:22:16-05:00</time><course>65.33564</course><roll>-8.367603</roll><pitch>-9.178052</pitch><mode /></trkpt><trkpt lat="34.7593514" lon="-118.3307651"><ele>867.91</ele><time>2026-06-07T12:22:18-05:00</time><course>60.20082</course><roll>-3.621056</roll><pitch>-6.172177</pitch><mode /></trkpt><trkpt lat="34.7594051" lon="-118.3305752"><ele>868.23</ele><time>2026-06-07T12:22:18-05:00</time><course>61.42622</course><roll>-9.680592</roll><pitch>-4.653743</pitch><mode /></trkpt><trkpt lat="34.7594319" lon="-118.3304792"><ele>868.2</ele><time>2026-06-07T12:22:19-05:00</time><course>61.13002</course><roll>-9.729445</roll><pitch>-4.795496</pitch><mode /></trkpt><trkpt lat="34.7594586" lon="-118.3303819"><ele>868.1</ele><time>2026-06-07T12:22:19-05:00</time><course>63.07071</course><roll>-4.649137</roll><pitch>-4.837762</pitch><mode /></trkpt><trkpt lat="34.7594866" lon="-118.3302843"><ele>868.11</ele><time>2026-06-07T12:22:20-05:00</time><course>67.97136</course><roll>-6.199584</roll><pitch>-5.483555</pitch><mode /></trkpt><trkpt lat="34.7595141" lon="-118.3301864"><ele>868.27</ele><time>2026-06-07T12:22:20-05:00</time><course>69.86255</course><roll>-11.03071</roll><pitch>-6.523341</pitch><mode /></trkpt><trkpt lat="34.7595399" lon="-118.3300885"><ele>868.51</ele><time>2026-06-07T12:22:20-05:00</time><course>76.12228</course><roll>-31.63839</roll><pitch>-10.98803</pitch><mode /></trkpt><trkpt lat="34.7595576" lon="-118.3299903"><ele>869.12</ele><time>2026-06-07T12:22:21-05:00</time><course>76.87906</course><roll>-38.96032</roll><pitch>-12.29772</pitch><mode /></trkpt><trkpt lat="34.7595701" lon="-118.3298911"><ele>869.36</ele><time>2026-06-07T12:22:21-05:00</time><course>82.32365</course><roll>-41.05953</roll><pitch>-8.819674</pitch><mode /></trkpt><trkpt lat="34.759577" lon="-118.3297902"><ele>869.35</ele><time>2026-06-07T12:22:22-05:00</time><course>94.2899</course><roll>-43.5026</roll><pitch>-5.09725</pitch><mode /></trkpt><trkpt lat="34.7595756" lon="-118.3296879"><ele>869.18</ele><time>2026-06-07T12:22:22-05:00</time><course>104.9639</course><roll>-44.09386</roll><pitch>-5.561059</pitch><mode /></trkpt><trkpt lat="34.7595624" lon="-118.329587"><ele>868.94</ele><time>2026-06-07T12:22:22-05:00</time><course>114.5675</course><roll>-45.27214</roll><pitch>-8.423832</pitch><mode /></trkpt><trkpt lat="34.7595391" lon="-118.32949"><ele>868.8</ele><time>2026-06-07T12:22:23-05:00</time><course>126.4833</course><roll>-45.75925</roll><pitch>-8.097086</pitch><mode /></trkpt><trkpt lat="34.759506" lon="-118.3294005"><ele>868.8</ele><time>2026-06-07T12:22:23-05:00</time><course>138.2665</course><roll>-44.92784</roll><pitch>-9.835616</pitch><mode /></trkpt><trkpt lat="34.7594638" lon="-118.3293233"><ele>869.05</ele><time>2026-06-07T12:22:24-05:00</time><course>148.0376</course><roll>-42.15627</roll><pitch>-10.89924</pitch><mode /></trkpt><trkpt lat="34.7594158" lon="-118.3292576"><ele>869.46</ele><time>2026-06-07T12:22:24-05:00</time><course>154.2067</course><roll>-39.09454</roll><pitch>-10.53824</pitch><mode /></trkpt><trkpt lat="34.7593652" lon="-118.3291995"><ele>869.7</ele><time>2026-06-07T12:22:24-05:00</time><course>161.1732</course><roll>-35.26032</roll><pitch>-8.187051</pitch><mode /></trkpt><trkpt lat="34.759313" lon="-118.3291479"><ele>869.83</ele><time>2026-06-07T12:22:25-05:00</time><course>169.0078</course><roll>-34.68097</roll><pitch>-7.801281</pitch><mode /></trkpt><trkpt lat="34.7592588" lon="-118.3291072"><ele>870.17</ele><time>2026-06-07T12:22:25-05:00</time><course>173.6579</course><roll>-31.7088</roll><pitch>-7.897629</pitch><mode /></trkpt><trkpt lat="34.7592041" lon="-118.3290738"><ele>870.52</ele><time>2026-06-07T12:22:26-05:00</time><course>178.9108</course><roll>-28.99096</roll><pitch>-6.408061</pitch><mode /></trkpt><trkpt lat="34.759149" lon="-118.3290481"><ele>871.06</ele><time>2026-06-07T12:22:26-05:00</time><course>183.2444</course><roll>-29.39651</roll><pitch>-4.139358</pitch><mode /></trkpt><trkpt lat="34.759094" lon="-118.3290286"><ele>871.29</ele><time>2026-06-07T12:22:26-05:00</time><course>186.5197</course><roll>-22.42338</roll><pitch>-3.372405</pitch><mode /></trkpt><trkpt lat="34.7590396" lon="-118.3290143"><ele>871.63</ele><time>2026-06-07T12:22:27-05:00</time><course>189.5058</course><roll>-18.78926</roll><pitch>-1.869797</pitch><mode /></trkpt><trkpt lat="34.7589862" lon="-118.3290044"><ele>872.13</ele><time>2026-06-07T12:22:27-05:00</time><course>193.2474</course><roll>-17.7187</roll><pitch>1.25912</pitch><mode /></trkpt><trkpt lat="34.7589343" lon="-118.3289968"><ele>872.43</ele><time>2026-06-07T12:22:28-05:00</time><course>195.8685</course><roll>-14.86083</roll><pitch>2.993099</pitch><mode /></trkpt><trkpt lat="34.7588838" lon="-118.3289918"><ele>872.38</ele><time>2026-06-07T12:22:28-05:00</time><course>196.885</course><roll>-16.84352</roll><pitch>3.228107</pitch><mode /></trkpt><trkpt lat="34.7588345" lon="-118.3289901"><ele>872.25</ele><time>2026-06-07T12:22:28-05:00</time><course>196.7234</course><roll>-14.13715</roll><pitch>2.881257</pitch><mode /></trkpt><trkpt lat="34.7587859" lon="-118.3289909"><ele>871.97</ele><time>2026-06-07T12:22:29-05:00</time><course>197.4058</course><roll>-11.37215</roll><pitch>2.964422</pitch><mode /></trkpt><trkpt lat="34.7587379" lon="-118.3289928"><ele>871.81</ele><time>2026-06-07T12:22:29-05:00</time><course>200.0467</course><roll>-9.587044</roll><pitch>4.000832</pitch><mode /></trkpt><trkpt lat="34.7586905" lon="-118.3289962"><ele>871.62</ele><time>2026-06-07T12:22:30-05:00</time><course>201.1028</course><roll>-8.540727</roll><pitch>3.897001</pitch><mode /></trkpt><trkpt lat="34.7586438" lon="-118.3290016"><ele>871.58</ele><time>2026-06-07T12:22:30-05:00</time><course>200.6622</course><roll>-5.74789</roll><pitch>4.043476</pitch><mode /></trkpt><trkpt lat="34.7585971" lon="-118.3290068"><ele>871.72</ele><time>2026-06-07T12:22:30-05:00</time><course>203.1389</course><roll>-3.943584</roll><pitch>5.465355</pitch><mode /></trkpt><trkpt lat="34.75855" lon="-118.3290114"><ele>871.83</ele><time>2026-06-07T12:22:31-05:00</time><course>206.8438</course><roll>-4.626514</roll><pitch>6.327171</pitch><mode /></trkpt><trkpt lat="34.7585265" lon="-118.3290143"><ele>871.98</ele><time>2026-06-07T12:22:31-05:00</time><course>207.3302</course><roll>-4.898901</roll><pitch>6.760732</pitch><mode /></trkpt><trkpt lat="34.7580994" lon="-118.3290522"><ele>869.32</ele><time>2026-06-07T12:22:35-05:00</time><course>205.1989</course><roll>-1.044801</roll><pitch>4.559198</pitch><mode /></trkpt><trkpt lat="34.7578515" lon="-118.3290557"><ele>869.65</ele><time>2026-06-07T12:22:37-05:00</time><course>205.8387</course><roll>-6.88228</roll><pitch>8.8812</pitch><mode /></trkpt><trkpt lat="34.7578018" lon="-118.3290534"><ele>869.06</ele><time>2026-06-07T12:22:37-05:00</time><course>207.5152</course><roll>-6.01342</roll><pitch>6.649268</pitch><mode /></trkpt><trkpt lat="34.7577033" lon="-118.3290533"><ele>868.42</ele><time>2026-06-07T12:22:38-05:00</time><course>202.1403</course><roll>-2.277828</roll><pitch>5.054307</pitch><mode /></trkpt><trkpt lat="34.7576044" lon="-118.3290497"><ele>867.61</ele><time>2026-06-07T12:22:39-05:00</time><course>203.1125</course><roll>-1.836208</roll><pitch>2.773079</pitch><mode /></trkpt><trkpt lat="34.7575061" lon="-118.3290435"><ele>866.96</ele><time>2026-06-07T12:22:39-05:00</time><course>201.0274</course><roll>-0.2001504</roll><pitch>0.9305584</pitch><mode /></trkpt><trkpt lat="34.7573611" lon="-118.3290249"><ele>866.45</ele><time>2026-06-07T12:22:41-05:00</time><course>202.7088</course><roll>-7.129436</roll><pitch>-0.5780833</pitch><mode /></trkpt><trkpt lat="34.7573141" lon="-118.3290185"><ele>866.36</ele><time>2026-06-07T12:22:41-05:00</time><course>201.0893</course><roll>-5.988092</roll><pitch>-0.8273191</pitch><mode /></trkpt><trkpt lat="34.7572676" lon="-118.3290123"><ele>866.19</ele><time>2026-06-07T12:22:41-05:00</time><course>201.998</course><roll>-5.46692</roll><pitch>-0.332367</pitch><mode /></trkpt><trkpt lat="34.7572217" lon="-118.3290062"><ele>865.96</ele><time>2026-06-07T12:22:42-05:00</time><course>202.8807</course><roll>-6.644119</roll><pitch>-1.405411</pitch><mode /></trkpt><trkpt lat="34.7571766" lon="-118.3290005"><ele>866.13</ele><time>2026-06-07T12:22:42-05:00</time><course>204.0969</course><roll>-6.763938</roll><pitch>-2.161377</pitch><mode /></trkpt><trkpt lat="34.757133" lon="-118.3289961"><ele>867.1</ele><time>2026-06-07T12:22:43-05:00</time><course>202.003</course><roll>-6.052141</roll><pitch>-1.617863</pitch><mode /></trkpt><trkpt lat="34.7570915" lon="-118.3289921"><ele>868.05</ele><time>2026-06-07T12:22:43-05:00</time><course>200.9965</course><roll>-5.138058</roll><pitch>2.174651</pitch><mode /></trkpt><trkpt lat="34.7570506" lon="-118.3289865"><ele>868.18</ele><time>2026-06-07T12:22:43-05:00</time><course>203.911</course><roll>-8.535203</roll><pitch>2.998628</pitch><mode /></trkpt><trkpt lat="34.7570101" lon="-118.3289823"><ele>868.57</ele><time>2026-06-07T12:22:44-05:00</time><course>204.0877</course><roll>-8.901382</roll><pitch>2.208862</pitch><mode /></trkpt><trkpt lat="34.7569712" lon="-118.328982"><ele>869.26</ele><time>2026-06-07T12:22:44-05:00</time><course>198.2979</course><roll>-3.648766</roll><pitch>3.059146</pitch><mode /></trkpt><trkpt lat="34.7569328" lon="-118.3289818"><ele>869.68</ele><time>2026-06-07T12:22:45-05:00</time><course>194.9149</course><roll>0.6324613</roll><pitch>6.384826</pitch><mode /></trkpt><trkpt lat="34.7568931" lon="-118.3289784"><ele>870.07</ele><time>2026-06-07T12:22:45-05:00</time><course>198.9916</course><roll>-0.2385331</roll><pitch>7.547638</pitch><mode /></trkpt><trkpt lat="34.7568522" lon="-118.3289739"><ele>870.29</ele><time>2026-06-07T12:22:45-05:00</time><course>202.3926</course><roll>-2.623544</roll><pitch>7.427601</pitch><mode /></trkpt><trkpt lat="34.7568103" lon="-118.3289692"><ele>870.54</ele><time>2026-06-07T12:22:46-05:00</time><course>206.8674</course><roll>-4.851579</roll><pitch>9.440733</pitch><mode /></trkpt><trkpt lat="34.7567684" lon="-118.3289659"><ele>870.37</ele><time>2026-06-07T12:22:46-05:00</time><course>207.3653</course><roll>-2.751882</roll><pitch>8.731873</pitch><mode /></trkpt><trkpt lat="34.7567274" lon="-118.3289638"><ele>869.94</ele><time>2026-06-07T12:22:47-05:00</time><course>204.3862</course><roll>-3.67664</roll><pitch>7.997514</pitch><mode /></trkpt><trkpt lat="34.7566863" lon="-118.3289609"><ele>869.1</ele><time>2026-06-07T12:22:47-05:00</time><course>203.0893</course><roll>-4.463573</roll><pitch>6.702147</pitch><mode /></trkpt><trkpt lat="34.7566452" lon="-118.328958"><ele>868.4</ele><time>2026-06-07T12:22:47-05:00</time><course>203.0636</course><roll>-4.936388</roll><pitch>4.960258</pitch><mode /></trkpt><trkpt lat="34.756604" lon="-118.3289559"><ele>867.94</ele><time>2026-06-07T12:22:48-05:00</time><course>202.838</course><roll>-6.20028</roll><pitch>3.719687</pitch><mode /></trkpt><trkpt lat="34.7565636" lon="-118.3289546"><ele>867.63</ele><time>2026-06-07T12:22:48-05:00</time><course>201.8842</course><roll>-5.402606</roll><pitch>3.244589</pitch><mode /></trkpt><trkpt lat="34.7565237" lon="-118.3289532"><ele>867.41</ele><time>2026-06-07T12:22:49-05:00</time><course>203.5811</course><roll>-2.941931</roll><pitch>2.465244</pitch><mode /></trkpt><trkpt lat="34.7564842" lon="-118.3289516"><ele>867.59</ele><time>2026-06-07T12:22:49-05:00</time><course>204.2666</course><roll>0.1437633</roll><pitch>1.868634</pitch><mode /></trkpt><trkpt lat="34.7564454" lon="-118.32895"><ele>867.97</ele><time>2026-06-07T12:22:49-05:00</time><course>202.6045</course><roll>-0.9233584</roll><pitch>2.11491</pitch><mode /></trkpt><trkpt lat="34.7564071" lon="-118.3289484"><ele>868.35</ele><time>2026-06-07T12:22:50-05:00</time><course>198.3769</course><roll>-0.2124345</roll><pitch>4.042763</pitch><mode /></trkpt><trkpt lat="34.756369" lon="-118.3289456"><ele>868.32</ele><time>2026-06-07T12:22:50-05:00</time><course>197.4455</course><roll>-3.172277</roll><pitch>4.16755</pitch><mode /></trkpt><trkpt lat="34.7563302" lon="-118.3289427"><ele>868.4</ele><time>2026-06-07T12:22:51-05:00</time><course>196.993</course><roll>-7.4703</roll><pitch>4.542209</pitch><mode /></trkpt><trkpt lat="34.756292" lon="-118.3289415"><ele>868.57</ele><time>2026-06-07T12:22:51-05:00</time><course>194.2953</course><roll>-8.319287</roll><pitch>5.432895</pitch><mode /></trkpt><trkpt lat="34.7562546" lon="-118.3289406"><ele>868.55</ele><time>2026-06-07T12:22:51-05:00</time><course>194.9651</course><roll>-6.4969</roll><pitch>6.332789</pitch><mode /></trkpt><trkpt lat="34.7562172" lon="-118.3289399"><ele>868.51</ele><time>2026-06-07T12:22:52-05:00</time><course>195.5651</course><roll>-4.454989</roll><pitch>6.471467</pitch><mode /></trkpt><trkpt lat="34.7561802" lon="-118.3289401"><ele>868.45</ele><time>2026-06-07T12:22:52-05:00</time><course>195.4194</course><roll>-2.247771</roll><pitch>7.837073</pitch><mode /></trkpt><trkpt lat="34.7561435" lon="-118.3289389"><ele>867.88</ele><time>2026-06-07T12:22:53-05:00</time><course>198.1909</course><roll>-2.405202</roll><pitch>6.677323</pitch><mode /></trkpt><trkpt lat="34.7561066" lon="-118.3289375"><ele>867.09</ele><time>2026-06-07T12:22:53-05:00</time><course>199.6093</course><roll>-0.8782318</roll><pitch>4.165882</pitch><mode /></trkpt><trkpt lat="34.7560684" lon="-118.3289361"><ele>866.96</ele><time>2026-06-07T12:22:53-05:00</time><course>200.4737</course><roll>-2.253982</roll><pitch>3.433836</pitch><mode /></trkpt><trkpt lat="34.7560302" lon="-118.3289342"><ele>866.96</ele><time>2026-06-07T12:22:54-05:00</time><course>201.7697</course><roll>-2.226408</roll><pitch>4.352615</pitch><mode /></trkpt><trkpt lat="34.7559923" lon="-118.3289313"><ele>866.62</ele><time>2026-06-07T12:22:54-05:00</time><course>203.3487</course><roll>-2.321603</roll><pitch>4.402375</pitch><mode /></trkpt><trkpt lat="34.7559548" lon="-118.3289276"><ele>866.04</ele><time>2026-06-07T12:22:55-05:00</time><course>204.2661</course><roll>-7.371388</roll><pitch>1.81952</pitch><mode /></trkpt><trkpt lat="34.7559191" lon="-118.3289257"><ele>865.47</ele><time>2026-06-07T12:22:55-05:00</time><course>200.0381</course><roll>-4.395098</roll><pitch>-0.1978525</pitch><mode /></trkpt><trkpt lat="34.7558844" lon="-118.328923"><ele>864.92</ele><time>2026-06-07T12:22:55-05:00</time><course>199.3018</course><roll>-2.924608</roll><pitch>-1.37517</pitch><mode /></trkpt><trkpt lat="34.75585" lon="-118.3289186"><ele>864.58</ele><time>2026-06-07T12:22:56-05:00</time><course>203.0135</course><roll>-3.515352</roll><pitch>-2.057276</pitch><mode /></trkpt><trkpt lat="34.7558159" lon="-118.328914"><ele>864.13</ele><time>2026-06-07T12:22:56-05:00</time><course>204.4839</course><roll>-3.202884</roll><pitch>-3.792629</pitch><mode /></trkpt><trkpt lat="34.7557991" lon="-118.3289118"><ele>863.94</ele><time>2026-06-07T12:22:56-05:00</time><course>204.288</course><roll>-3.144915</roll><pitch>-4.664173</pitch><mode /></trkpt><trkpt lat="34.7557664" lon="-118.3289072"><ele>863.73</ele><time>2026-06-07T12:22:57-05:00</time><course>201.9193</course><roll>-2.681473</roll><pitch>-6.686155</pitch><mode /></trkpt><trkpt lat="34.7557346" lon="-118.3289023"><ele>863.8</ele><time>2026-06-07T12:22:57-05:00</time><course>199.9375</course><roll>-6.282422</roll><pitch>-6.988243</pitch><mode /></trkpt><trkpt lat="34.7557033" lon="-118.3288973"><ele>863.96</ele><time>2026-06-07T12:22:58-05:00</time><course>198.5726</course><roll>-7.23767</roll><pitch>-6.73859</pitch><mode /></trkpt><trkpt lat="34.7556726" lon="-118.3288931"><ele>864.13</ele><time>2026-06-07T12:22:58-05:00</time><course>197.6496</course><roll>-6.334905</roll><pitch>-6.872018</pitch><mode /></trkpt><trkpt lat="34.7556425" lon="-118.3288891"><ele>864.51</ele><time>2026-06-07T12:22:58-05:00</time><course>198.0377</course><roll>-6.321998</roll><pitch>-6.81318</pitch><mode /></trkpt><trkpt lat="34.7556129" lon="-118.3288854"><ele>865.07</ele><time>2026-06-07T12:22:59-05:00</time><course>198.8916</course><roll>-5.922293</roll><pitch>-5.543142</pitch><mode /></trkpt><trkpt lat="34.7555839" lon="-118.3288821"><ele>865.38</ele><time>2026-06-07T12:22:59-05:00</time><course>199.6426</course><roll>-5.609362</roll><pitch>-4.752316</pitch><mode /></trkpt><trkpt lat="34.7555553" lon="-118.3288791"><ele>865.53</ele><time>2026-06-07T12:23:00-05:00</time><course>198.8984</course><roll>-6.959568</roll><pitch>-5.429167</pitch><mode /></trkpt><trkpt lat="34.7555271" lon="-118.3288776"><ele>865.66</ele><time>2026-06-07T12:23:00-05:00</time><course>197.2495</course><roll>-3.38665</roll><pitch>-5.297888</pitch><mode /></trkpt><trkpt lat="34.7554984" lon="-118.3288755"><ele>865.87</ele><time>2026-06-07T12:23:00-05:00</time><course>199.3488</course><roll>-3.244994</roll><pitch>-4.842667</pitch><mode /></trkpt><trkpt lat="34.755469" lon="-118.3288725"><ele>866.12</ele><time>2026-06-07T12:23:01-05:00</time><course>202.2066</course><roll>-4.565506</roll><pitch>-4.806381</pitch><mode /></trkpt><trkpt lat="34.7554399" lon="-118.3288702"><ele>866.45</ele><time>2026-06-07T12:23:01-05:00</time><course>202.5221</course><roll>-5.236413</roll><pitch>-5.100712</pitch><mode /></trkpt><trkpt lat="34.7554114" lon="-118.3288689"><ele>866.94</ele><time>2026-06-07T12:23:02-05:00</time><course>200.8628</course><roll>-3.625167</roll><pitch>-3.987609</pitch><mode /></trkpt><trkpt lat="34.7553833" lon="-118.3288678"><ele>867.27</ele><time>2026-06-07T12:23:02-05:00</time><course>199.5055</course><roll>-4.229337</roll><pitch>-3.29977</pitch><mode /></trkpt><trkpt lat="34.7553553" lon="-118.3288668"><ele>867.57</ele><time>2026-06-07T12:23:02-05:00</time><course>199.1605</course><roll>-3.582598</roll><pitch>-2.769151</pitch><mode /></trkpt><trkpt lat="34.7553278" lon="-118.3288652"><ele>867.99</ele><time>2026-06-07T12:23:03-05:00</time><course>200.4155</course><roll>-4.46638</roll><pitch>-1.967413</pitch><mode /></trkpt><trkpt lat="34.7553005" lon="-118.3288634"><ele>868.37</ele><time>2026-06-07T12:23:03-05:00</time><course>201.1457</course><roll>-5.139441</roll><pitch>-1.156937</pitch><mode /></trkpt><trkpt lat="34.7552737" lon="-118.328862"><ele>868.37</ele><time>2026-06-07T12:23:04-05:00</time><course>202.0343</course><roll>-3.509717</roll><pitch>-0.6837249</pitch><mode /></trkpt><trkpt lat="34.7552468" lon="-118.3288608"><ele>868.35</ele><time>2026-06-07T12:23:04-05:00</time><course>203.3503</course><roll>-4.883434</roll><pitch>-1.754791</pitch><mode /></trkpt><trkpt lat="34.7552198" lon="-118.3288606"><ele>868.56</ele><time>2026-06-07T12:23:04-05:00</time><course>203.1149</course><roll>-0.9116614</roll><pitch>-2.250128</pitch><mode /></trkpt><trkpt lat="34.7551925" lon="-118.3288597"><ele>869.11</ele><time>2026-06-07T12:23:05-05:00</time><course>205.1708</course><roll>-3.524616</roll><pitch>-0.07038088</pitch><mode /></trkpt><trkpt lat="34.7551648" lon="-118.3288576"><ele>869.27</ele><time>2026-06-07T12:23:05-05:00</time><course>209.1093</course><roll>-4.192389</roll><pitch>1.168486</pitch><mode /></trkpt><trkpt lat="34.7551368" lon="-118.3288563"><ele>869.51</ele><time>2026-06-07T12:23:06-05:00</time><course>211.4143</course><roll>-3.643826</roll><pitch>1.267411</pitch><mode /></trkpt><trkpt lat="34.7551088" lon="-118.3288564"><ele>869.71</ele><time>2026-06-07T12:23:06-05:00</time><course>210.2159</course><roll>-4.195423</roll><pitch>1.474641</pitch><mode /></trkpt><trkpt lat="34.7550809" lon="-118.3288572"><ele>869.9</ele><time>2026-06-07T12:23:06-05:00</time><course>208.7502</course><roll>-0.7555528</roll><pitch>2.650156</pitch><mode /></trkpt><trkpt lat="34.7550526" lon="-118.3288568"><ele>869.87</ele><time>2026-06-07T12:23:07-05:00</time><course>209.8848</course><roll>-4.512385</roll><pitch>2.226141</pitch><mode /></trkpt><trkpt lat="34.7550241" lon="-118.3288574"><ele>870.14</ele><time>2026-06-07T12:23:07-05:00</time><course>209.2556</course><roll>-8.857881</roll><pitch>1.325573</pitch><mode /></trkpt><trkpt lat="34.7549973" lon="-118.3288605"><ele>870.77</ele><time>2026-06-07T12:23:08-05:00</time><course>204.3176</course><roll>-2.39507</roll><pitch>2.716138</pitch><mode /></trkpt><trkpt lat="34.7549713" lon="-118.3288639"><ele>871.35</ele><time>2026-06-07T12:23:08-05:00</time><course>202.2046</course><roll>-0.5258638</roll><pitch>5.093727</pitch><mode /></trkpt><trkpt lat="34.7549451" lon="-118.3288662"><ele>871.56</ele><time>2026-06-07T12:23:08-05:00</time><course>202.5041</course><roll>-2.898537</roll><pitch>7.862076</pitch><mode /></trkpt><trkpt lat="34.7549185" lon="-118.3288683"><ele>871.44</ele><time>2026-06-07T12:23:09-05:00</time><course>202.765</course><roll>-0.7083639</roll><pitch>8.036944</pitch><mode /></trkpt><trkpt lat="34.7548908" lon="-118.3288709"><ele>871.16</ele><time>2026-06-07T12:23:09-05:00</time><course>201.2317</course><roll>-0.5903929</roll><pitch>6.83672</pitch><mode /></trkpt><trkpt lat="34.754862" lon="-118.3288736"><ele>870.93</ele><time>2026-06-07T12:23:10-05:00</time><course>201.1686</course><roll>0.0368286</roll><pitch>6.221702</pitch><mode /></trkpt><trkpt lat="34.7548323" lon="-118.328876"><ele>870.76</ele><time>2026-06-07T12:23:10-05:00</time><course>200.6473</course><roll>2.905971</roll><pitch>5.642282</pitch><mode /></trkpt><trkpt lat="34.7548012" lon="-118.3288781"><ele>870.64</ele><time>2026-06-07T12:23:10-05:00</time><course>198.3001</course><roll>6.138939</roll><pitch>6.03878</pitch><mode /></trkpt><trkpt lat="34.7547682" lon="-118.3288784"><ele>870.55</ele><time>2026-06-07T12:23:11-05:00</time><course>196.8162</course><roll>5.640437</roll><pitch>5.850734</pitch><mode /></trkpt><trkpt lat="34.7547337" lon="-118.3288768"><ele>870.55</ele><time>2026-06-07T12:23:11-05:00</time><course>194.2581</course><roll>2.005026</roll><pitch>5.940555</pitch><mode /></trkpt><trkpt lat="34.7546984" lon="-118.3288743"><ele>870.46</ele><time>2026-06-07T12:23:12-05:00</time><course>193.1122</course><roll>0.1639689</roll><pitch>6.86564</pitch><mode /></trkpt><trkpt lat="34.754662" lon="-118.3288708"><ele>870.29</ele><time>2026-06-07T12:23:12-05:00</time><course>193.3374</course><roll>-0.9344968</roll><pitch>6.784033</pitch><mode /></trkpt><trkpt lat="34.7546246" lon="-118.3288669"><ele>870.12</ele><time>2026-06-07T12:23:12-05:00</time><course>194.3694</course><roll>-0.6322011</roll><pitch>7.001641</pitch><mode /></trkpt><trkpt lat="34.7545864" lon="-118.328863"><ele>869.91</ele><time>2026-06-07T12:23:13-05:00</time><course>194.0689</course><roll>-1.568622</roll><pitch>6.499798</pitch><mode /></trkpt><trkpt lat="34.754548" lon="-118.3288595"><ele>869.69</ele><time>2026-06-07T12:23:13-05:00</time><course>192.4373</course><roll>-0.7654981</roll><pitch>6.124817</pitch><mode /></trkpt><trkpt lat="34.754509" lon="-118.3288552"><ele>869.62</ele><time>2026-06-07T12:23:14-05:00</time><course>193.8569</course><roll>-3.361664</roll><pitch>6.331461</pitch><mode /></trkpt><trkpt lat="34.7544691" lon="-118.3288504"><ele>869.83</ele><time>2026-06-07T12:23:14-05:00</time><course>195.9193</course><roll>-1.332473</roll><pitch>7.018459</pitch><mode /></trkpt><trkpt lat="34.7544294" lon="-118.3288441"><ele>869.66</ele><time>2026-06-07T12:23:14-05:00</time><course>200.9243</course><roll>-2.23222</roll><pitch>8.949761</pitch><mode /></trkpt><trkpt lat="34.7543906" lon="-118.328837"><ele>868.76</ele><time>2026-06-07T12:23:15-05:00</time><course>203.3391</course><roll>-3.089228</roll><pitch>5.994223</pitch><mode /></trkpt><trkpt lat="34.7543518" lon="-118.3288318"><ele>868.25</ele><time>2026-06-07T12:23:15-05:00</time><course>199.7119</course><roll>-6.89703</roll><pitch>3.398195</pitch><mode /></trkpt><trkpt lat="34.7543142" lon="-118.3288275"><ele>868.13</ele><time>2026-06-07T12:23:16-05:00</time><course>196.8059</course><roll>-2.031785</roll><pitch>3.462611</pitch><mode /></trkpt><trkpt lat="34.7542769" lon="-118.3288224"><ele>868.19</ele><time>2026-06-07T12:23:16-05:00</time><course>198.9881</course><roll>-3.031182</roll><pitch>4.802713</pitch><mode /></trkpt><trkpt lat="34.75424" lon="-118.3288161"><ele>867.97</ele><time>2026-06-07T12:23:16-05:00</time><course>202.5287</course><roll>-6.051595</roll><pitch>5.021399</pitch><mode /></trkpt><trkpt lat="34.7542037" lon="-118.328811"><ele>867.64</ele><time>2026-06-07T12:23:17-05:00</time><course>202.6052</course><roll>-3.880328</roll><pitch>3.851436</pitch><mode /></trkpt><trkpt lat="34.7541678" lon="-118.3288069"><ele>867.44</ele><time>2026-06-07T12:23:17-05:00</time><course>202.3092</course><roll>-4.430187</roll><pitch>3.255552</pitch><mode /></trkpt><trkpt lat="34.7541325" lon="-118.3288031"><ele>867.09</ele><time>2026-06-07T12:23:18-05:00</time><course>202.0376</course><roll>-5.235556</roll><pitch>2.396739</pitch><mode /></trkpt><trkpt lat="34.7540979" lon="-118.3287998"><ele>866.86</ele><time>2026-06-07T12:23:18-05:00</time><course>201.233</course><roll>-5.327256</roll><pitch>2.137404</pitch><mode /></trkpt><trkpt lat="34.7540639" lon="-118.3287965"><ele>866.69</ele><time>2026-06-07T12:23:18-05:00</time><course>201.6282</course><roll>-6.311599</roll><pitch>2.089752</pitch><mode /></trkpt><trkpt lat="34.7540307" lon="-118.3287938"><ele>866.52</ele><time>2026-06-07T12:23:19-05:00</time><course>201.2982</course><roll>-4.255925</roll><pitch>1.332476</pitch><mode /></trkpt><trkpt lat="34.7539978" lon="-118.3287917"><ele>866.4</ele><time>2026-06-07T12:23:19-05:00</time><course>201.16</course><roll>-2.100871</roll><pitch>0.7144751</pitch><mode /></trkpt><trkpt lat="34.7539652" lon="-118.3287893"><ele>866.42</ele><time>2026-06-07T12:23:20-05:00</time><course>201.8154</course><roll>-3.924977</roll><pitch>0.3112898</pitch><mode /></trkpt><trkpt lat="34.7539329" lon="-118.3287871"><ele>866.33</ele><time>2026-06-07T12:23:20-05:00</time><course>201.3484</course><roll>-6.904115</roll><pitch>-0.12986</pitch><mode /></trkpt><trkpt lat="34.7539014" lon="-118.3287857"><ele>866.49</ele><time>2026-06-07T12:23:20-05:00</time><course>200.8815</course><roll>-5.021774</roll><pitch>0.09437917</pitch><mode /></trkpt><trkpt lat="34.7538703" lon="-118.3287851"><ele>866.85</ele><time>2026-06-07T12:23:21-05:00</time><course>201.1821</course><roll>-4.612564</roll><pitch>0.4020634</pitch><mode /></trkpt><trkpt lat="34.7538395" lon="-118.3287847"><ele>867.46</ele><time>2026-06-07T12:23:21-05:00</time><course>203.1221</course><roll>-2.545203</roll><pitch>2.483518</pitch><mode /></trkpt><trkpt lat="34.7538081" lon="-118.3287834"><ele>868.03</ele><time>2026-06-07T12:23:22-05:00</time><course>207.3972</course><roll>-3.276057</roll><pitch>4.796321</pitch><mode /></trkpt><trkpt lat="34.7533995" lon="-118.3287945"><ele>866.36</ele><time>2026-06-07T12:23:27-05:00</time><course>196.7907</course><roll>2.523531</roll><pitch>1.390784</pitch><mode /></trkpt><trkpt lat="34.7532301" lon="-118.3287715"><ele>867.71</ele><time>2026-06-07T12:23:29-05:00</time><course>184.2464</course><roll>-5.792976</roll><pitch>5.298016</pitch><mode /></trkpt><trkpt lat="34.7530601" lon="-118.3287428"><ele>866.33</ele><time>2026-06-07T12:23:31-05:00</time><course>197.6972</course><roll>-0.5763986</roll><pitch>1.970951</pitch><mode /></trkpt><trkpt lat="34.752876" lon="-118.3287166"><ele>867.27</ele><time>2026-06-07T12:23:33-05:00</time><course>196.0149</course><roll>-10.3895</roll><pitch>5.829009</pitch><mode /></trkpt><trkpt lat="34.7526944" lon="-118.3286951"><ele>865.8</ele><time>2026-06-07T12:23:35-05:00</time><course>199.5202</course><roll>-5.820227</roll><pitch>1.245057</pitch><mode /></trkpt><trkpt lat="34.7525322" lon="-118.3286719"><ele>864.52</ele><time>2026-06-07T12:23:37-05:00</time><course>195.3262</course><roll>-6.031333</roll><pitch>-4.385399</pitch><mode /></trkpt><trkpt lat="34.7523903" lon="-118.3286537"><ele>864.48</ele><time>2026-06-07T12:23:39-05:00</time><course>199.5413</course><roll>-5.316263</roll><pitch>-5.66508</pitch><mode /></trkpt><trkpt lat="34.7522494" lon="-118.3286473"><ele>866.53</ele><time>2026-06-07T12:23:41-05:00</time><course>193.9448</course><roll>-4.253835</roll><pitch>-0.1152912</pitch><mode /></trkpt><trkpt lat="34.7522185" lon="-118.3286455"><ele>866.59</ele><time>2026-06-07T12:23:41-05:00</time><course>196.1712</course><roll>-9.909395</roll><pitch>-0.4539069</pitch><mode /></trkpt><trkpt lat="34.7521875" lon="-118.3286457"><ele>866.38</ele><time>2026-06-07T12:23:41-05:00</time><course>193.8669</course><roll>-5.841736</roll><pitch>-1.881633</pitch><mode /></trkpt><trkpt lat="34.7521559" lon="-118.3286475"><ele>866.44</ele><time>2026-06-07T12:23:42-05:00</time><course>192.5489</course><roll>-2.917148</roll><pitch>-3.343542</pitch><mode /></trkpt><trkpt lat="34.7521232" lon="-118.3286493"><ele>867.15</ele><time>2026-06-07T12:23:42-05:00</time><course>193.1637</course><roll>-3.615518</roll><pitch>0.3519032</pitch><mode /></trkpt><trkpt lat="34.7520901" lon="-118.3286503"><ele>867.4</ele><time>2026-06-07T12:23:43-05:00</time><course>195.3249</course><roll>-3.594071</roll><pitch>1.585214</pitch><mode /></trkpt><trkpt lat="34.7520569" lon="-118.3286507"><ele>867.29</ele><time>2026-06-07T12:23:43-05:00</time><course>196.7604</course><roll>-3.386562</roll><pitch>1.755763</pitch><mode /></trkpt><trkpt lat="34.7520231" lon="-118.3286516"><ele>866.72</ele><time>2026-06-07T12:23:43-05:00</time><course>195.4026</course><roll>-3.442518</roll><pitch>-0.5031591</pitch><mode /></trkpt><trkpt lat="34.7519885" lon="-118.3286542"><ele>866.54</ele><time>2026-06-07T12:23:44-05:00</time><course>191.4644</course><roll>-2.36851</roll><pitch>-1.454971</pitch><mode /></trkpt><trkpt lat="34.7519535" lon="-118.3286553"><ele>866.43</ele><time>2026-06-07T12:23:44-05:00</time><course>191.378</course><roll>-1.507225</roll><pitch>-1.447619</pitch><mode /></trkpt><trkpt lat="34.751918" lon="-118.3286547"><ele>866.64</ele><time>2026-06-07T12:23:45-05:00</time><course>192.2635</course><roll>-2.457253</roll><pitch>-1.200516</pitch><mode /></trkpt><trkpt lat="34.7518825" lon="-118.3286533"><ele>866.94</ele><time>2026-06-07T12:23:45-05:00</time><course>191.8605</course><roll>-2.823017</roll><pitch>0.164885</pitch><mode /></trkpt><trkpt lat="34.7518473" lon="-118.3286514"><ele>867.05</ele><time>2026-06-07T12:23:45-05:00</time><course>191.0458</course><roll>-3.959956</roll><pitch>0.366059</pitch><mode /></trkpt><trkpt lat="34.7518115" lon="-118.3286497"><ele>867.32</ele><time>2026-06-07T12:23:46-05:00</time><course>189.515</course><roll>-2.26887</roll><pitch>1.496715</pitch><mode /></trkpt><trkpt lat="34.7517754" lon="-118.328647"><ele>867.19</ele><time>2026-06-07T12:23:46-05:00</time><course>189.6389</course><roll>-2.512521</roll><pitch>1.635408</pitch><mode /></trkpt><trkpt lat="34.7517393" lon="-118.328644"><ele>866.93</ele><time>2026-06-07T12:23:47-05:00</time><course>188.7449</course><roll>-5.654977</roll><pitch>1.376446</pitch><mode /></trkpt><trkpt lat="34.7517024" lon="-118.3286396"><ele>866.87</ele><time>2026-06-07T12:23:47-05:00</time><course>190.9288</course><roll>-7.062826</roll><pitch>0.9960198</pitch><mode /></trkpt><trkpt lat="34.7516837" lon="-118.3286375"><ele>866.85</ele><time>2026-06-07T12:23:47-05:00</time><course>191.6598</course><roll>-6.497269</roll><pitch>1.496809</pitch><mode /></trkpt><trkpt lat="34.7516467" lon="-118.3286333"><ele>866.57</ele><time>2026-06-07T12:23:48-05:00</time><course>193.4436</course><roll>-6.515716</roll><pitch>0.4405759</pitch><mode /></trkpt><trkpt lat="34.7514632" lon="-118.3286163"><ele>866.63</ele><time>2026-06-07T12:23:50-05:00</time><course>195.7422</course><roll>-7.770884</roll><pitch>2.681525</pitch><mode /></trkpt><trkpt lat="34.7512901" lon="-118.3286042"><ele>866.52</ele><time>2026-06-07T12:23:52-05:00</time><course>189.6028</course><roll>-7.955696</roll><pitch>2.075761</pitch><mode /></trkpt><trkpt lat="34.751124" lon="-118.3285916"><ele>866.4</ele><time>2026-06-07T12:23:54-05:00</time><course>192.3365</course><roll>-4.773362</roll><pitch>2.561626</pitch><mode /></trkpt><trkpt lat="34.750956" lon="-118.3285816"><ele>866.37</ele><time>2026-06-07T12:23:56-05:00</time><course>192.0085</course><roll>-5.246579</roll><pitch>4.138373</pitch><mode /></trkpt><trkpt lat="34.7507872" lon="-118.3285733"><ele>866.33</ele><time>2026-06-07T12:23:58-05:00</time><course>193.4011</course><roll>-2.41497</roll><pitch>4.159687</pitch><mode /></trkpt><trkpt lat="34.7506114" lon="-118.3285622"><ele>865.73</ele><time>2026-06-07T12:24:00-05:00</time><course>196.2931</course><roll>-5.356621</roll><pitch>4.244565</pitch><mode /></trkpt><trkpt lat="34.7504318" lon="-118.3285598"><ele>866.26</ele><time>2026-06-07T12:24:02-05:00</time><course>195.8146</course><roll>-1.137102</roll><pitch>6.585279</pitch><mode /></trkpt><trkpt lat="34.7502504" lon="-118.3285426"><ele>864.98</ele><time>2026-06-07T12:24:04-05:00</time><course>193.8709</course><roll>-5.366939</roll><pitch>4.311623</pitch><mode /></trkpt><trkpt lat="34.7500685" lon="-118.3285293"><ele>863.82</ele><time>2026-06-07T12:24:06-05:00</time><course>192.6036</course><roll>-3.917597</roll><pitch>0.4475177</pitch><mode /></trkpt><trkpt lat="34.7498925" lon="-118.3285134"><ele>863.65</ele><time>2026-06-07T12:24:08-05:00</time><course>191.4285</course><roll>-5.18599</roll><pitch>-1.789493</pitch><mode /></trkpt><trkpt lat="34.7497267" lon="-118.3284942"><ele>863.59</ele><time>2026-06-07T12:24:10-05:00</time><course>193.1568</course><roll>-5.960637</roll><pitch>-2.936197</pitch><mode /></trkpt><trkpt lat="34.7495662" lon="-118.328474"><ele>864.23</ele><time>2026-06-07T12:24:12-05:00</time><course>198.6046</course><roll>-6.310276</roll><pitch>-2.801488</pitch><mode /></trkpt><trkpt lat="34.7494732" lon="-118.328464"><ele>864.27</ele><time>2026-06-07T12:24:13-05:00</time><course>199.1216</course><roll>-6.558284</roll><pitch>-3.404883</pitch><mode /></trkpt><trkpt lat="34.7494424" lon="-118.3284613"><ele>864.5</ele><time>2026-06-07T12:24:13-05:00</time><course>198.7536</course><roll>-6.498034</roll><pitch>-3.362354</pitch><mode /></trkpt><trkpt lat="34.7494122" lon="-118.3284595"><ele>864.74</ele><time>2026-06-07T12:24:14-05:00</time><course>196.0048</course><roll>-6.416848</roll><pitch>-2.417705</pitch><mode /></trkpt><trkpt lat="34.7493824" lon="-118.3284572"><ele>865.01</ele><time>2026-06-07T12:24:14-05:00</time><course>197.9197</course><roll>-6.014809</roll><pitch>-1.402574</pitch><mode /></trkpt><trkpt lat="34.7493525" lon="-118.3284539"><ele>865.11</ele><time>2026-06-07T12:24:14-05:00</time><course>203.0827</course><roll>-14.85439</roll><pitch>-2.252588</pitch><mode /></trkpt><trkpt lat="34.7493232" lon="-118.3284529"><ele>865.41</ele><time>2026-06-07T12:24:15-05:00</time><course>205.8565</course><roll>-23.35495</roll><pitch>-3.437068</pitch><mode /></trkpt><trkpt lat="34.7492959" lon="-118.3284574"><ele>865.63</ele><time>2026-06-07T12:24:15-05:00</time><course>207.1264</course><roll>-22.49606</roll><pitch>-4.117791</pitch><mode /></trkpt><trkpt lat="34.7492703" lon="-118.3284653"><ele>865.73</ele><time>2026-06-07T12:24:16-05:00</time><course>212.4559</course><roll>-22.67256</roll><pitch>-2.823756</pitch><mode /></trkpt><trkpt lat="34.7492461" lon="-118.3284774"><ele>865.77</ele><time>2026-06-07T12:24:16-05:00</time><course>217.6613</course><roll>-22.4219</roll><pitch>-2.770092</pitch><mode /></trkpt><trkpt lat="34.7492249" lon="-118.3284946"><ele>865.94</ele><time>2026-06-07T12:24:16-05:00</time><course>219.3507</course><roll>-21.70964</roll><pitch>-2.872042</pitch><mode /></trkpt><trkpt lat="34.7492051" lon="-118.3285143"><ele>865.76</ele><time>2026-06-07T12:24:17-05:00</time><course>224.7779</course><roll>-21.03478</roll><pitch>-2.123552</pitch><mode /></trkpt><trkpt lat="34.7491874" lon="-118.3285367"><ele>865.61</ele><time>2026-06-07T12:24:17-05:00</time><course>229.8475</course><roll>-21.66244</roll><pitch>-2.673782</pitch><mode /></trkpt><trkpt lat="34.7491731" lon="-118.3285634"><ele>865.51</ele><time>2026-06-07T12:24:18-05:00</time><course>231.7959</course><roll>-23.09087</roll><pitch>-5.282545</pitch><mode /></trkpt><trkpt lat="34.7491632" lon="-118.3285941"><ele>865.81</ele><time>2026-06-07T12:24:18-05:00</time><course>233.0828</course><roll>-23.02997</roll><pitch>-4.774593</pitch><mode /></trkpt><trkpt lat="34.7491553" lon="-118.3286259"><ele>865.76</ele><time>2026-06-07T12:24:18-05:00</time><course>238.3867</course><roll>-22.66655</roll><pitch>-3.369719</pitch><mode /></trkpt><trkpt lat="34.7491501" lon="-118.3286599"><ele>865.57</ele><time>2026-06-07T12:24:19-05:00</time><course>243.9137</course><roll>-21.87304</roll><pitch>-5.038851</pitch><mode /></trkpt><trkpt lat="34.7491502" lon="-118.3286966"><ele>865.7</ele><time>2026-06-07T12:24:19-05:00</time><course>245.9559</course><roll>-21.76174</roll><pitch>-5.667361</pitch><mode /></trkpt><trkpt lat="34.7491536" lon="-118.3287345"><ele>865.81</ele><time>2026-06-07T12:24:20-05:00</time><course>249.7415</course><roll>-23.4282</roll><pitch>-4.565672</pitch><mode /></trkpt><trkpt lat="34.7491604" lon="-118.3287739"><ele>865.72</ele><time>2026-06-07T12:24:20-05:00</time><course>253.3459</course><roll>-23.70117</roll><pitch>-5.242711</pitch><mode /></trkpt><trkpt lat="34.7491713" lon="-118.3288153"><ele>865.63</ele><time>2026-06-07T12:24:20-05:00</time><course>257.5085</course><roll>-22.88894</roll><pitch>-4.821971</pitch><mode /></trkpt><trkpt lat="34.7491852" lon="-118.3288578"><ele>865.49</ele><time>2026-06-07T12:24:21-05:00</time><course>263.5645</course><roll>-24.12077</roll><pitch>-4.612449</pitch><mode /></trkpt><trkpt lat="34.7492037" lon="-118.3289012"><ele>865.43</ele><time>2026-06-07T12:24:21-05:00</time><course>267.1309</course><roll>-25.73698</roll><pitch>-5.424216</pitch><mode /></trkpt><trkpt lat="34.749227" lon="-118.3289453"><ele>865.27</ele><time>2026-06-07T12:24:22-05:00</time><course>269.7427</course><roll>-24.17235</roll><pitch>-6.659899</pitch><mode /></trkpt><trkpt lat="34.7492542" lon="-118.328989"><ele>865.21</ele><time>2026-06-07T12:24:22-05:00</time><course>273.7833</course><roll>-23.45656</roll><pitch>-6.623643</pitch><mode /></trkpt><trkpt lat="34.7492855" lon="-118.3290322"><ele>865.25</ele><time>2026-06-07T12:24:22-05:00</time><course>277.8095</course><roll>-20.48682</roll><pitch>-6.135158</pitch><mode /></trkpt><trkpt lat="34.74932" lon="-118.3290744"><ele>865.37</ele><time>2026-06-07T12:24:23-05:00</time><course>281.8498</course><roll>-20.36179</roll><pitch>-5.707426</pitch><mode /></trkpt><trkpt lat="34.7493582" lon="-118.3291152"><ele>865.68</ele><time>2026-06-07T12:24:23-05:00</time><course>283.6089</course><roll>-19.66683</roll><pitch>-4.731631</pitch><mode /></trkpt><trkpt lat="34.7493983" lon="-118.3291551"><ele>865.75</ele><time>2026-06-07T12:24:24-05:00</time><course>285.9603</course><roll>-14.75153</roll><pitch>-4.200686</pitch><mode /></trkpt><trkpt lat="34.7494396" lon="-118.3291942"><ele>865.62</ele><time>2026-06-07T12:24:24-05:00</time><course>290.067</course><roll>-13.2723</roll><pitch>-4.402668</pitch><mode /></trkpt><trkpt lat="34.7494834" lon="-118.3292324"><ele>865.7</ele><time>2026-06-07T12:24:24-05:00</time><course>290.0816</course><roll>-13.07862</roll><pitch>-5.200313</pitch><mode /></trkpt><trkpt lat="34.7495284" lon="-118.32927"><ele>866.05</ele><time>2026-06-07T12:24:25-05:00</time><course>292.8229</course><roll>-9.992865</roll><pitch>-2.848898</pitch><mode /></trkpt><trkpt lat="34.7495732" lon="-118.3293071"><ele>866.17</ele><time>2026-06-07T12:24:25-05:00</time><course>296.1084</course><roll>-11.86976</roll><pitch>-3.259449</pitch><mode /></trkpt><trkpt lat="34.7496202" lon="-118.3293425"><ele>866.63</ele><time>2026-06-07T12:24:26-05:00</time><course>295.0665</course><roll>-5.084527</roll><pitch>-2.771224</pitch><mode /></trkpt><trkpt lat="34.7496671" lon="-118.3293777"><ele>867.31</ele><time>2026-06-07T12:24:26-05:00</time><course>296.8957</course><roll>-4.291167</roll><pitch>-1.284616</pitch><mode /></trkpt><trkpt lat="34.7497148" lon="-118.3294122"><ele>867.98</ele><time>2026-06-07T12:24:26-05:00</time><course>293.55</course><roll>-3.989208</roll><pitch>0.1157744</pitch><mode /></trkpt><trkpt lat="34.7497624" lon="-118.329446"><ele>868.39</ele><time>2026-06-07T12:24:27-05:00</time><course>291.6689</course><roll>-2.904618</roll><pitch>2.951039</pitch><mode /></trkpt><trkpt lat="34.7498091" lon="-118.3294803"><ele>868.38</ele><time>2026-06-07T12:24:27-05:00</time><course>291.2779</course><roll>-3.776379</roll><pitch>4.002861</pitch><mode /></trkpt><trkpt lat="34.7498553" lon="-118.3295151"><ele>867.92</ele><time>2026-06-07T12:24:28-05:00</time><course>290.979</course><roll>0.2873652</roll><pitch>2.965197</pitch><mode /></trkpt><trkpt lat="34.7499005" lon="-118.329552"><ele>867.72</ele><time>2026-06-07T12:24:28-05:00</time><course>292.6564</course><roll>1.486013</roll><pitch>2.131694</pitch><mode /></trkpt><trkpt lat="34.7499451" lon="-118.3295902"><ele>867.75</ele><time>2026-06-07T12:24:28-05:00</time><course>291.5809</course><roll>-1.598539</roll><pitch>2.317517</pitch><mode /></trkpt><trkpt lat="34.7499889" lon="-118.3296287"><ele>867.4</ele><time>2026-06-07T12:24:29-05:00</time><course>291.6942</course><roll>-6.189132</roll><pitch>2.243854</pitch><mode /></trkpt><trkpt lat="34.7500332" lon="-118.329668"><ele>867.31</ele><time>2026-06-07T12:24:29-05:00</time><course>291.4342</course><roll>-6.921903</roll><pitch>1.437099</pitch><mode /></trkpt><trkpt lat="34.7500784" lon="-118.3297076"><ele>867.32</ele><time>2026-06-07T12:24:30-05:00</time><course>290.3829</course><roll>-4.519712</roll><pitch>1.787459</pitch><mode /></trkpt><trkpt lat="34.7501236" lon="-118.329748"><ele>867.55</ele><time>2026-06-07T12:24:30-05:00</time><course>291.1351</course><roll>-1.560389</roll><pitch>2.582043</pitch><mode /></trkpt><trkpt lat="34.7501687" lon="-118.3297892"><ele>867.84</ele><time>2026-06-07T12:24:30-05:00</time><course>290.7642</course><roll>-0.4112483</roll><pitch>2.742511</pitch><mode /></trkpt><trkpt lat="34.7502137" lon="-118.3298309"><ele>868.26</ele><time>2026-06-07T12:24:31-05:00</time><course>288.2592</course><roll>0.05954865</roll><pitch>4.913974</pitch><mode /></trkpt><trkpt lat="34.7502574" lon="-118.3298723"><ele>868.23</ele><time>2026-06-07T12:24:31-05:00</time><course>287.5903</course><roll>0.7725745</roll><pitch>6.967548</pitch><mode /></trkpt><trkpt lat="34.7502998" lon="-118.3299145"><ele>867.78</ele><time>2026-06-07T12:24:32-05:00</time><course>288.2436</course><roll>0.8082838</roll><pitch>5.904484</pitch><mode /></trkpt><trkpt lat="34.7503419" lon="-118.3299579"><ele>867.19</ele><time>2026-06-07T12:24:32-05:00</time><course>287.6316</course><roll>0.3888149</roll><pitch>5.592968</pitch><mode /></trkpt><trkpt lat="34.7503829" lon="-118.3300022"><ele>866.33</ele><time>2026-06-07T12:24:32-05:00</time><course>287.191</course><roll>-0.3591038</roll><pitch>2.881724</pitch><mode /></trkpt><trkpt lat="34.7504236" lon="-118.3300477"><ele>865.75</ele><time>2026-06-07T12:24:33-05:00</time><course>283.9634</course><roll>0.4221152</roll><pitch>1.582122</pitch><mode /></trkpt><trkpt lat="34.7504625" lon="-118.3300934"><ele>865.17</ele><time>2026-06-07T12:24:33-05:00</time><course>283.3611</course><roll>-1.353296</roll><pitch>0.1031619</pitch><mode /></trkpt><trkpt lat="34.7505014" lon="-118.3301389"><ele>864.64</ele><time>2026-06-07T12:24:34-05:00</time><course>278.9852</course><roll>-2.309915</roll><pitch>-1.344942</pitch><mode /></trkpt><trkpt lat="34.7505391" lon="-118.330184"><ele>864.22</ele><time>2026-06-07T12:24:34-05:00</time><course>278.2768</course><roll>-0.3155005</roll><pitch>-1.914177</pitch><mode /></trkpt><trkpt lat="34.7505744" lon="-118.3302291"><ele>863.88</ele><time>2026-06-07T12:24:34-05:00</time><course>280.1254</course><roll>-1.973616</roll><pitch>-3.748836</pitch><mode /></trkpt><trkpt lat="34.7506093" lon="-118.3302741"><ele>863.77</ele><time>2026-06-07T12:24:35-05:00</time><course>278.6875</course><roll>-4.446132</roll><pitch>-4.830863</pitch><mode /></trkpt><trkpt lat="34.7506437" lon="-118.3303182"><ele>863.78</ele><time>2026-06-07T12:24:35-05:00</time><course>276.4567</course><roll>-1.870733</roll><pitch>-4.437871</pitch><mode /></trkpt><trkpt lat="34.7506764" lon="-118.3303621"><ele>863.5</ele><time>2026-06-07T12:24:36-05:00</time><course>276.7278</course><roll>-4.669374</roll><pitch>-5.145694</pitch><mode /></trkpt><trkpt lat="34.7507091" lon="-118.330405"><ele>863.53</ele><time>2026-06-07T12:24:36-05:00</time><course>275.1817</course><roll>-5.702882</roll><pitch>-5.713068</pitch><mode /></trkpt><trkpt lat="34.7507415" lon="-118.3304464"><ele>863.45</ele><time>2026-06-07T12:24:36-05:00</time><course>273.5323</course><roll>-1.317935</roll><pitch>-6.033625</pitch><mode /></trkpt><trkpt lat="34.7507723" lon="-118.3304862"><ele>863.74</ele><time>2026-06-07T12:24:37-05:00</time><course>274.835</course><roll>-2.204399</roll><pitch>-6.768611</pitch><mode /></trkpt><trkpt lat="34.7508022" lon="-118.3305246"><ele>864.08</ele><time>2026-06-07T12:24:37-05:00</time><course>275.309</course><roll>-3.53158</roll><pitch>-5.069507</pitch><mode /></trkpt><trkpt lat="34.7508318" lon="-118.330562"><ele>864.26</ele><time>2026-06-07T12:24:38-05:00</time><course>275.0745</course><roll>-4.091895</roll><pitch>-3.503052</pitch><mode /></trkpt><trkpt lat="34.7508603" lon="-118.3305988"><ele>864.3</ele><time>2026-06-07T12:24:38-05:00</time><course>275.2439</course><roll>-5.435803</roll><pitch>-2.936534</pitch><mode /></trkpt><trkpt lat="34.7508746" lon="-118.3306173"><ele>864.3</ele><time>2026-06-07T12:24:38-05:00</time><course>274.8233</course><roll>-5.627577</roll><pitch>-2.816025</pitch><mode /></trkpt><trkpt lat="34.7509033" lon="-118.3306543"><ele>864.29</ele><time>2026-06-07T12:24:39-05:00</time><course>275.084</course><roll>-4.809616</roll><pitch>-2.892341</pitch><mode /></trkpt><trkpt lat="34.7509313" lon="-118.3306914"><ele>864.45</ele><time>2026-06-07T12:24:39-05:00</time><course>276.6667</course><roll>-5.493333</roll><pitch>-2.510652</pitch><mode /></trkpt><trkpt lat="34.7509594" lon="-118.3307289"><ele>864.7</ele><time>2026-06-07T12:24:39-05:00</time><course>277.1345</course><roll>-4.18021</roll><pitch>-2.620296</pitch><mode /></trkpt><trkpt lat="34.7509874" lon="-118.330767"><ele>865.11</ele><time>2026-06-07T12:24:40-05:00</time><course>278.0181</course><roll>-4.521523</roll><pitch>-1.498088</pitch><mode /></trkpt><trkpt lat="34.7510148" lon="-118.330805"><ele>865.29</ele><time>2026-06-07T12:24:40-05:00</time><course>278.1852</course><roll>-6.455631</roll><pitch>-1.137071</pitch><mode /></trkpt><trkpt lat="34.7510441" lon="-118.3308427"><ele>865.58</ele><time>2026-06-07T12:24:41-05:00</time><course>274.2026</course><roll>-5.674094</roll><pitch>0.3454092</pitch><mode /></trkpt><trkpt lat="34.751072" lon="-118.3308804"><ele>865.5</ele><time>2026-06-07T12:24:41-05:00</time><course>276.1051</course><roll>-5.353147</roll><pitch>0.6520243</pitch><mode /></trkpt><trkpt lat="34.7510993" lon="-118.3309188"><ele>865.52</ele><time>2026-06-07T12:24:41-05:00</time><course>278.5201</course><roll>-5.900922</roll><pitch>0.7864431</pitch><mode /></trkpt><trkpt lat="34.7511274" lon="-118.3309571"><ele>865.59</ele><time>2026-06-07T12:24:42-05:00</time><course>279.3994</course><roll>-7.362281</roll><pitch>0.3010851</pitch><mode /></trkpt><trkpt lat="34.7511563" lon="-118.3309952"><ele>865.74</ele><time>2026-06-07T12:24:42-05:00</time><course>278.8145</course><roll>-8.705132</roll><pitch>1.072004</pitch><mode /></trkpt><trkpt lat="34.7511852" lon="-118.3310327"><ele>865.78</ele><time>2026-06-07T12:24:43-05:00</time><course>280.3246</course><roll>-9.437356</roll><pitch>0.7038183</pitch><mode /></trkpt><trkpt lat="34.7512153" lon="-118.3310698"><ele>866.08</ele><time>2026-06-07T12:24:43-05:00</time><course>280.4438</course><roll>-5.531285</roll><pitch>0.9702536</pitch><mode /></trkpt><trkpt lat="34.7512454" lon="-118.3311069"><ele>866.19</ele><time>2026-06-07T12:24:43-05:00</time><course>282.526</course><roll>-5.651187</roll><pitch>2.387961</pitch><mode /></trkpt><trkpt lat="34.7512759" lon="-118.3311442"><ele>866.29</ele><time>2026-06-07T12:24:44-05:00</time><course>283.4864</course><roll>-5.384915</roll><pitch>1.275392</pitch><mode /></trkpt><trkpt lat="34.7513081" lon="-118.3311816"><ele>866.78</ele><time>2026-06-07T12:24:44-05:00</time><course>280.1332</course><roll>-6.574072</roll><pitch>1.619609</pitch><mode /></trkpt><trkpt lat="34.7513408" lon="-118.3312179"><ele>867.3</ele><time>2026-06-07T12:24:45-05:00</time><course>278.4914</course><roll>-4.331911</roll><pitch>4.447341</pitch><mode /></trkpt><trkpt lat="34.7513723" lon="-118.3312538"><ele>867.52</ele><time>2026-06-07T12:24:45-05:00</time><course>280.1402</course><roll>-5.849986</roll><pitch>5.520007</pitch><mode /></trkpt><trkpt lat="34.751404" lon="-118.33129"><ele>867.75</ele><time>2026-06-07T12:24:45-05:00</time><course>281.1739</course><roll>-8.651796</roll><pitch>4.614459</pitch><mode /></trkpt><trkpt lat="34.7514374" lon="-118.3313262"><ele>868.39</ele><time>2026-06-07T12:24:46-05:00</time><course>280.8553</course><roll>-1.926668</roll><pitch>7.82939</pitch><mode /></trkpt><trkpt lat="34.7514689" lon="-118.3313612"><ele>868.16</ele><time>2026-06-07T12:24:46-05:00</time><course>285.1253</course><roll>-0.6932333</roll><pitch>8.241322</pitch><mode /></trkpt><trkpt lat="34.7515005" lon="-118.3313971"><ele>867.72</ele><time>2026-06-07T12:24:47-05:00</time><course>284.278</course><roll>-5.447401</roll><pitch>6.241266</pitch><mode /></trkpt><trkpt lat="34.7515336" lon="-118.3314329"><ele>867.03</ele><time>2026-06-07T12:24:47-05:00</time><course>279.7869</course><roll>-5.589975</roll><pitch>4.678218</pitch><mode /></trkpt><trkpt lat="34.7515669" lon="-118.3314692"><ele>866.23</ele><time>2026-06-07T12:24:47-05:00</time><course>277.876</course><roll>-2.974644</roll><pitch>4.39817</pitch><mode /></trkpt><trkpt lat="34.7515981" lon="-118.3315062"><ele>865.22</ele><time>2026-06-07T12:24:48-05:00</time><course>282.9789</course><roll>-2.435084</roll><pitch>3.218446</pitch><mode /></trkpt><trkpt lat="34.7516283" lon="-118.3315444"><ele>863.87</ele><time>2026-06-07T12:24:48-05:00</time><course>287.2378</course><roll>-4.075695</roll><pitch>-1.337862</pitch><mode /></trkpt><trkpt lat="34.7516599" lon="-118.3315829"><ele>863</ele><time>2026-06-07T12:24:49-05:00</time><course>283.428</course><roll>-1.750195</roll><pitch>-4.899268</pitch><mode /></trkpt><trkpt lat="34.7516909" lon="-118.3316214"><ele>862.87</ele><time>2026-06-07T12:24:49-05:00</time><course>281.1245</course><roll>-0.2751081</roll><pitch>-6.199731</pitch><mode /></trkpt><trkpt lat="34.7517202" lon="-118.3316589"><ele>863.04</ele><time>2026-06-07T12:24:49-05:00</time><course>281.1453</course><roll>-2.540761</roll><pitch>-4.844767</pitch><mode /></trkpt><trkpt lat="34.7517482" lon="-118.3316964"><ele>863.1</ele><time>2026-06-07T12:24:50-05:00</time><course>281.7575</course><roll>-0.6201482</roll><pitch>-5.638527</pitch><mode /></trkpt><trkpt lat="34.7517754" lon="-118.3317336"><ele>863.45</ele><time>2026-06-07T12:24:50-05:00</time><course>281.3593</course><roll>0.3822725</roll><pitch>-5.804043</pitch><mode /></trkpt><trkpt lat="34.7518019" lon="-118.3317711"><ele>863.96</ele><time>2026-06-07T12:24:51-05:00</time><course>277.9806</course><roll>-1.798183</roll><pitch>-5.037431</pitch><mode /></trkpt><trkpt lat="34.7518278" lon="-118.3318084"><ele>864.17</ele><time>2026-06-07T12:24:51-05:00</time><course>275.8226</course><roll>-1.137664</roll><pitch>-3.386698</pitch><mode /></trkpt><trkpt lat="34.7518521" lon="-118.3318461"><ele>864.14</ele><time>2026-06-07T12:24:51-05:00</time><course>277.1178</course><roll>-2.397039</roll><pitch>-3.498371</pitch><mode /></trkpt><trkpt lat="34.751876" lon="-118.3318845"><ele>863.93</ele><time>2026-06-07T12:24:52-05:00</time><course>276.2189</course><roll>-7.414202</roll><pitch>-5.40124</pitch><mode /></trkpt><trkpt lat="34.7519011" lon="-118.3319226"><ele>863.89</ele><time>2026-06-07T12:24:52-05:00</time><course>271.9294</course><roll>-7.71797</roll><pitch>-5.928657</pitch><mode /></trkpt><trkpt lat="34.7519261" lon="-118.3319611"><ele>863.93</ele><time>2026-06-07T12:24:53-05:00</time><course>271.9577</course><roll>-8.733629</roll><pitch>-5.419133</pitch><mode /></trkpt><trkpt lat="34.7519506" lon="-118.3319995"><ele>864.03</ele><time>2026-06-07T12:24:53-05:00</time><course>274.6734</course><roll>-7.672472</roll><pitch>-4.90056</pitch><mode /></trkpt><trkpt lat="34.7519749" lon="-118.3320381"><ele>864.05</ele><time>2026-06-07T12:24:53-05:00</time><course>277.6258</course><roll>-6.412729</roll><pitch>-4.970296</pitch><mode /></trkpt><trkpt lat="34.7519994" lon="-118.3320766"><ele>864.07</ele><time>2026-06-07T12:24:54-05:00</time><course>278.2067</course><roll>-6.461496</roll><pitch>-5.517729</pitch><mode /></trkpt><trkpt lat="34.7520239" lon="-118.3321147"><ele>864.05</ele><time>2026-06-07T12:24:54-05:00</time><course>277.4578</course><roll>-6.530849</roll><pitch>-6.462599</pitch><mode /></trkpt><trkpt lat="34.7520491" lon="-118.3321523"><ele>864.39</ele><time>2026-06-07T12:24:55-05:00</time><course>275.9512</course><roll>-3.818897</roll><pitch>-6.644314</pitch><mode /></trkpt><trkpt lat="34.7520745" lon="-118.3321886"><ele>864.84</ele><time>2026-06-07T12:24:55-05:00</time><course>273.9202</course><roll>-7.456832</roll><pitch>-5.970938</pitch><mode /></trkpt><trkpt lat="34.7520998" lon="-118.3322234"><ele>864.88</ele><time>2026-06-07T12:24:55-05:00</time><course>271.545</course><roll>-9.154063</roll><pitch>-6.800246</pitch><mode /></trkpt><trkpt lat="34.7521251" lon="-118.3322577"><ele>864.75</ele><time>2026-06-07T12:24:56-05:00</time><course>272.5082</course><roll>-4.084232</roll><pitch>-5.63663</pitch><mode /></trkpt><trkpt lat="34.7521484" lon="-118.3322911"><ele>864.56</ele><time>2026-06-07T12:24:56-05:00</time><course>276.9556</course><roll>-4.412395</roll><pitch>-5.721617</pitch><mode /></trkpt><trkpt lat="34.7521713" lon="-118.3323238"><ele>864.73</ele><time>2026-06-07T12:24:57-05:00</time><course>276.7021</course><roll>-4.748219</roll><pitch>-6.211866</pitch><mode /></trkpt><trkpt lat="34.7521946" lon="-118.3323564"><ele>864.99</ele><time>2026-06-07T12:24:57-05:00</time><course>273.9667</course><roll>-4.491433</roll><pitch>-6.497474</pitch><mode /></trkpt><trkpt lat="34.7522174" lon="-118.3323883"><ele>865.12</ele><time>2026-06-07T12:24:57-05:00</time><course>273.3257</course><roll>-2.343775</roll><pitch>-5.436806</pitch><mode /></trkpt><trkpt lat="34.7522392" lon="-118.3324202"><ele>865.17</ele><time>2026-06-07T12:24:58-05:00</time><course>272.8431</course><roll>-0.5253919</roll><pitch>-5.76876</pitch><mode /></trkpt><trkpt lat="34.7522597" lon="-118.3324518"><ele>865.25</ele><time>2026-06-07T12:24:58-05:00</time><course>271.587</course><roll>2.111853</roll><pitch>-5.466058</pitch><mode /></trkpt><trkpt lat="34.7522787" lon="-118.3324835"><ele>865.28</ele><time>2026-06-07T12:24:59-05:00</time><course>269.6597</course><roll>1.660512</roll><pitch>-6.225137</pitch><mode /></trkpt><trkpt lat="34.7522963" lon="-118.3325148"><ele>865.48</ele><time>2026-06-07T12:24:59-05:00</time><course>265.3864</course><roll>4.985586</roll><pitch>-5.290474</pitch><mode /></trkpt><trkpt lat="34.7523113" lon="-118.3325453"><ele>865.47</ele><time>2026-06-07T12:24:59-05:00</time><course>263.5488</course><roll>4.864757</roll><pitch>-4.860752</pitch><mode /></trkpt><trkpt lat="34.7523236" lon="-118.3325754"><ele>865.46</ele><time>2026-06-07T12:25:00-05:00</time><course>261.4176</course><roll>5.866622</roll><pitch>-5.308677</pitch><mode /></trkpt><trkpt lat="34.7523331" lon="-118.332605"><ele>865.62</ele><time>2026-06-07T12:25:00-05:00</time><course>258.8772</course><roll>5.281754</roll><pitch>-5.085246</pitch><mode /></trkpt><trkpt lat="34.75234" lon="-118.3326337"><ele>865.76</ele><time>2026-06-07T12:25:01-05:00</time><course>257.1691</course><roll>5.030306</roll><pitch>-4.638845</pitch><mode /></trkpt><trkpt lat="34.7523445" lon="-118.3326619"><ele>865.72</ele><time>2026-06-07T12:25:01-05:00</time><course>255.1875</course><roll>1.702758</roll><pitch>-4.655808</pitch><mode /></trkpt><trkpt lat="34.752347" lon="-118.33269"><ele>865.47</ele><time>2026-06-07T12:25:01-05:00</time><course>254.0242</course><roll>0.8531427</roll><pitch>-4.355621</pitch><mode /></trkpt><trkpt lat="34.752348" lon="-118.3327186"><ele>865.2</ele><time>2026-06-07T12:25:02-05:00</time><course>252.291</course><roll>-0.3377379</roll><pitch>-5.552682</pitch><mode /></trkpt><trkpt lat="34.752347" lon="-118.3327468"><ele>865.26</ele><time>2026-06-07T12:25:02-05:00</time><course>252.1835</course><roll>-1.086324</roll><pitch>-5.458071</pitch><mode /></trkpt><trkpt lat="34.752345" lon="-118.3327747"><ele>865.11</ele><time>2026-06-07T12:25:03-05:00</time><course>250.9646</course><roll>-1.952328</roll><pitch>-5.583696</pitch><mode /></trkpt><trkpt lat="34.752342" lon="-118.3328027"><ele>864.88</ele><time>2026-06-07T12:25:03-05:00</time><course>250.5431</course><roll>-3.490979</roll><pitch>-6.274221</pitch><mode /></trkpt><trkpt lat="34.7523381" lon="-118.3328305"><ele>864.79</ele><time>2026-06-07T12:25:03-05:00</time><course>250.5209</course><roll>-4.839824</roll><pitch>-7.414472</pitch><mode /></trkpt><trkpt lat="34.7523363" lon="-118.3328444"><ele>864.74</ele><time>2026-06-07T12:25:04-05:00</time><course>248.9453</course><roll>-5.278736</roll><pitch>-8.399503</pitch><mode /></trkpt><trkpt lat="34.7527046" lon="-118.3340082"><ele>865.32</ele><time>2026-06-07T12:25:18-05:00</time><course>302.27</course><roll>-32.05125</roll><pitch>-3.117568</pitch><mode /></trkpt><trkpt lat="34.7530477" lon="-118.3340982"><ele>865.39</ele><time>2026-06-07T12:25:20-05:00</time><course>338.7045</course><roll>-39.95659</roll><pitch>-2.781982</pitch><mode /></trkpt><trkpt lat="34.7534701" lon="-118.3339464"><ele>864.89</ele><time>2026-06-07T12:25:22-05:00</time><course>23.90534</course><roll>-43.40999</roll><pitch>-6.226957</pitch><mode /></trkpt><trkpt lat="34.7538049" lon="-118.3335255"><ele>863.32</ele><time>2026-06-07T12:25:24-05:00</time><course>68.33448</course><roll>-46.87821</roll><pitch>-9.588332</pitch><mode /></trkpt><trkpt lat="34.7538811" lon="-118.3329775"><ele>864.24</ele><time>2026-06-07T12:25:26-05:00</time><course>113.5315</course><roll>-46.51634</roll><pitch>-8.853954</pitch><mode /></trkpt><trkpt lat="34.7537244" lon="-118.332534"><ele>863.08</ele><time>2026-06-07T12:25:28-05:00</time><course>158.6473</course><roll>-40.88425</roll><pitch>-8.314838</pitch><mode /></trkpt><trkpt lat="34.752689" lon="-118.3323679"><ele>866.68</ele><time>2026-06-07T12:25:39-05:00</time><course>214.0545</course><roll>-10.60347</roll><pitch>-3.366158</pitch><mode /></trkpt><trkpt lat="34.7525531" lon="-118.3324783"><ele>866.42</ele><time>2026-06-07T12:25:41-05:00</time><course>217.2749</course><roll>-9.31198</roll><pitch>-3.971437</pitch><mode /></trkpt><trkpt lat="34.752432" lon="-118.3326151"><ele>866.5</ele><time>2026-06-07T12:25:43-05:00</time><course>222.302</course><roll>-16.00284</roll><pitch>-4.885845</pitch><mode /></trkpt><trkpt lat="34.7523391" lon="-118.3327972"><ele>868.7</ele><time>2026-06-07T12:25:45-05:00</time><course>234.1412</course><roll>-15.79892</roll><pitch>-1.806302</pitch><mode /></trkpt><trkpt lat="34.7522886" lon="-118.3330137"><ele>869.07</ele><time>2026-06-07T12:25:47-05:00</time><course>237.6431</course><roll>-18.29411</roll><pitch>-1.066734</pitch><mode /></trkpt><trkpt lat="34.7522915" lon="-118.3332824"><ele>867.5</ele><time>2026-06-07T12:25:49-05:00</time><course>258.6457</course><roll>-17.19824</roll><pitch>-4.727951</pitch><mode /></trkpt><trkpt lat="34.7523728" lon="-118.3335567"><ele>867.06</ele><time>2026-06-07T12:25:51-05:00</time><course>272.314</course><roll>-20.46661</roll><pitch>-0.7914494</pitch><mode /></trkpt><trkpt lat="34.7525392" lon="-118.3338043"><ele>865.63</ele><time>2026-06-07T12:25:53-05:00</time><course>289.6118</course><roll>-26.94823</roll><pitch>-4.948614</pitch><mode /></trkpt><trkpt lat="34.7528673" lon="-118.3340012"><ele>866.24</ele><time>2026-06-07T12:25:55-05:00</time><course>319.9456</course><roll>-29.62583</roll><pitch>-1.628024</pitch><mode /></trkpt><trkpt lat="34.7529341" lon="-118.3340173"><ele>866.03</ele><time>2026-06-07T12:25:55-05:00</time><course>325.1104</course><roll>-32.69044</roll><pitch>-2.360162</pitch><mode /></trkpt><trkpt lat="34.7530038" lon="-118.3340274"><ele>865.57</ele><time>2026-06-07T12:25:56-05:00</time><course>332.095</course><roll>-34.67292</roll><pitch>-2.873121</pitch><mode /></trkpt><trkpt lat="34.753077" lon="-118.3340297"><ele>865.07</ele><time>2026-06-07T12:25:56-05:00</time><course>340.2086</course><roll>-36.95968</roll><pitch>-3.684385</pitch><mode /></trkpt><trkpt lat="34.7532317" lon="-118.3340034"><ele>864.38</ele><time>2026-06-07T12:25:57-05:00</time><course>5.835534</course><roll>-43.00296</roll><pitch>-4.965344</pitch><mode /></trkpt><trkpt lat="34.753311" lon="-118.3339746"><ele>864.07</ele><time>2026-06-07T12:25:57-05:00</time><course>8.13858</course><roll>-44.16905</roll><pitch>-5.062342</pitch><mode /></trkpt><trkpt lat="34.7533902" lon="-118.333933"><ele>863.87</ele><time>2026-06-07T12:25:58-05:00</time><course>27.82436</course><roll>-44.60553</roll><pitch>-7.628466</pitch><mode /></trkpt><trkpt lat="34.753466" lon="-118.333876"><ele>863.88</ele><time>2026-06-07T12:25:58-05:00</time><course>29.41065</course><roll>-43.32631</roll><pitch>-7.707855</pitch><mode /></trkpt><trkpt lat="34.7536607" lon="-118.3336486"><ele>863.3</ele><time>2026-06-07T12:25:59-05:00</time><course>61.30337</course><roll>-45.74607</roll><pitch>-10.02045</pitch><mode /></trkpt><trkpt lat="34.75374" lon="-118.3334595"><ele>863.63</ele><time>2026-06-07T12:26:00-05:00</time><course>81.70133</course><roll>-47.24731</roll><pitch>-12.41222</pitch><mode /></trkpt><trkpt lat="34.7537758" lon="-118.3332678"><ele>864.16</ele><time>2026-06-07T12:26:01-05:00</time><course>100.7585</course><roll>-42.04144</roll><pitch>-11.44003</pitch><mode /></trkpt><trkpt lat="34.7537788" lon="-118.3331766"><ele>864.5</ele><time>2026-06-07T12:26:01-05:00</time><course>107.4981</course><roll>-39.43307</roll><pitch>-9.978599</pitch><mode /></trkpt><trkpt lat="34.7537754" lon="-118.3330897"><ele>864.73</ele><time>2026-06-07T12:26:02-05:00</time><course>121.6739</course><roll>-34.21848</roll><pitch>-6.789906</pitch><mode /></trkpt><trkpt lat="34.7537654" lon="-118.3330074"><ele>865.06</ele><time>2026-06-07T12:26:02-05:00</time><course>128.8731</course><roll>-33.47437</roll><pitch>-5.80095</pitch><mode /></trkpt><trkpt lat="34.7537289" lon="-118.3328588"><ele>865.54</ele><time>2026-06-07T12:26:03-05:00</time><course>137.1018</course><roll>-27.1145</roll><pitch>-5.939403</pitch><mode /></trkpt><trkpt lat="34.7537037" lon="-118.332793"><ele>866.02</ele><time>2026-06-07T12:26:03-05:00</time><course>143.5537</course><roll>-25.62283</roll><pitch>-2.805476</pitch><mode /></trkpt><trkpt lat="34.7536454" lon="-118.3326752"><ele>866.43</ele><time>2026-06-07T12:26:04-05:00</time><course>153.8251</course><roll>-22.6914</roll><pitch>-0.6445157</pitch><mode /></trkpt><trkpt lat="34.752931" lon="-118.3323148"><ele>866.49</ele><time>2026-06-07T12:26:14-05:00</time><course>201.7505</course><roll>-7.96372</roll><pitch>1.833285</pitch><mode /></trkpt><trkpt lat="34.7528338" lon="-118.332353"><ele>864.33</ele><time>2026-06-07T12:26:16-05:00</time><course>205.3029</course><roll>3.111366</roll><pitch>-5.99393</pitch><mode /></trkpt><trkpt lat="34.752748" lon="-118.3323919"><ele>865.69</ele><time>2026-06-07T12:26:18-05:00</time><course>207.9066</course><roll>-2.92426</roll><pitch>-0.689724</pitch><mode /></trkpt><trkpt lat="34.7526696" lon="-118.3324231"><ele>865.8</ele><time>2026-06-07T12:26:20-05:00</time><course>217.2855</course><roll>-4.97172</roll><pitch>-0.3859128</pitch><mode /></trkpt><trkpt lat="34.7523361" lon="-118.3332868"><ele>867.2</ele><time>2026-06-07T12:26:45-05:00</time><course>232.3049</course><roll>-0.8100767</roll><pitch>-5.477065</pitch><mode /></trkpt><trkpt lat="34.7523381" lon="-118.333301"><ele>867.69</ele><time>2026-06-07T12:26:46-05:00</time><course>229.4881</course><roll>-3.940237</roll><pitch>-4.416276</pitch><mode /></trkpt><trkpt lat="34.7523407" lon="-118.3333148"><ele>868.33</ele><time>2026-06-07T12:26:46-05:00</time><course>227.402</course><roll>-3.996778</roll><pitch>-1.862205</pitch><mode /></trkpt><trkpt lat="34.7523431" lon="-118.333328"><ele>868.76</ele><time>2026-06-07T12:26:47-05:00</time><course>229.0943</course><roll>-5.080966</roll><pitch>-0.53844</pitch><mode /></trkpt><trkpt lat="34.752345" lon="-118.3333414"><ele>868.99</ele><time>2026-06-07T12:26:47-05:00</time><course>230.8892</course><roll>-4.636025</roll><pitch>0.3129246</pitch><mode /></trkpt><trkpt lat="34.7523474" lon="-118.3333558"><ele>868.94</ele><time>2026-06-07T12:26:47-05:00</time><course>231.6975</course><roll>-3.993867</roll><pitch>0.2146509</pitch><mode /></trkpt><trkpt lat="34.7523497" lon="-118.3333711"><ele>868.83</ele><time>2026-06-07T12:26:48-05:00</time><course>231.0639</course><roll>-3.952211</roll><pitch>-1.120492</pitch><mode /></trkpt><trkpt lat="34.752352" lon="-118.3333876"><ele>868.85</ele><time>2026-06-07T12:26:48-05:00</time><course>230.3555</course><roll>-4.097396</roll><pitch>-0.9200585</pitch><mode /></trkpt><trkpt lat="34.752354" lon="-118.3334043"><ele>868.77</ele><time>2026-06-07T12:26:49-05:00</time><course>232.0269</course><roll>-6.007988</roll><pitch>-1.033275</pitch><mode /></trkpt><trkpt lat="34.7523557" lon="-118.3334223"><ele>868.76</ele><time>2026-06-07T12:26:49-05:00</time><course>233.3677</course><roll>-6.965703</roll><pitch>-1.137926</pitch><mode /></trkpt><trkpt lat="34.7523582" lon="-118.3334411"><ele>868.72</ele><time>2026-06-07T12:26:49-05:00</time><course>234.8173</course><roll>-8.893352</roll><pitch>-1.982455</pitch><mode /></trkpt><trkpt lat="34.7523618" lon="-118.3334613"><ele>868.77</ele><time>2026-06-07T12:26:50-05:00</time><course>235.7049</course><roll>-8.219095</roll><pitch>-1.65733</pitch><mode /></trkpt><trkpt lat="34.7523655" lon="-118.3334819"><ele>868.58</ele><time>2026-06-07T12:26:50-05:00</time><course>238.6018</course><roll>-9.425826</roll><pitch>-1.623971</pitch><mode /></trkpt><trkpt lat="34.7523696" lon="-118.3335031"><ele>868.25</ele><time>2026-06-07T12:26:51-05:00</time><course>243.4172</course><roll>-9.159248</roll><pitch>-3.172232</pitch><mode /></trkpt><trkpt lat="34.7523743" lon="-118.3335258"><ele>868.15</ele><time>2026-06-07T12:26:51-05:00</time><course>246.7868</course><roll>-6.726096</roll><pitch>-3.129908</pitch><mode /></trkpt><trkpt lat="34.7523786" lon="-118.3335492"><ele>868.32</ele><time>2026-06-07T12:26:51-05:00</time><course>253.3147</course><roll>-10.00706</roll><pitch>-3.089423</pitch><mode /></trkpt><trkpt lat="34.7523845" lon="-118.3335733"><ele>868.48</ele><time>2026-06-07T12:26:52-05:00</time><course>257.2193</course><roll>-14.26521</roll><pitch>-3.084629</pitch><mode /></trkpt><trkpt lat="34.7523937" lon="-118.3335971"><ele>868.36</ele><time>2026-06-07T12:26:52-05:00</time><course>256.8543</course><roll>-12.06013</roll><pitch>-5.158122</pitch><mode /></trkpt><trkpt lat="34.7524059" lon="-118.3336204"><ele>868.31</ele><time>2026-06-07T12:26:53-05:00</time><course>257.5652</course><roll>-9.94374</roll><pitch>-4.700808</pitch><mode /></trkpt><trkpt lat="34.7524191" lon="-118.3336428"><ele>868.2</ele><time>2026-06-07T12:26:53-05:00</time><course>261.1382</course><roll>-10.23937</roll><pitch>-4.210041</pitch><mode /></trkpt><trkpt lat="34.7524336" lon="-118.3336653"><ele>868.15</ele><time>2026-06-07T12:26:53-05:00</time><course>264.363</course><roll>-11.11552</roll><pitch>-4.062901</pitch><mode /></trkpt><trkpt lat="34.7524501" lon="-118.3336879"><ele>868.04</ele><time>2026-06-07T12:26:54-05:00</time><course>266.2827</course><roll>-10.25996</roll><pitch>-4.903714</pitch><mode /></trkpt><trkpt lat="34.7524687" lon="-118.3337111"><ele>868</ele><time>2026-06-07T12:26:54-05:00</time><course>266.6398</course><roll>-10.04343</roll><pitch>-5.026438</pitch><mode /></trkpt><trkpt lat="34.7524886" lon="-118.3337343"><ele>867.85</ele><time>2026-06-07T12:26:55-05:00</time><course>267.9432</course><roll>-10.64794</roll><pitch>-4.554518</pitch><mode /></trkpt><trkpt lat="34.7525093" lon="-118.3337576"><ele>867.43</ele><time>2026-06-07T12:26:55-05:00</time><course>271.1316</course><roll>-10.26994</roll><pitch>-4.841528</pitch><mode /></trkpt><trkpt lat="34.7525309" lon="-118.3337819"><ele>867.03</ele><time>2026-06-07T12:26:55-05:00</time><course>275.3053</course><roll>-12.27399</roll><pitch>-5.923971</pitch><mode /></trkpt><trkpt lat="34.7525551" lon="-118.3338062"><ele>866.8</ele><time>2026-06-07T12:26:56-05:00</time><course>277.1075</course><roll>-11.22298</roll><pitch>-8.43825</pitch><mode /></trkpt><trkpt lat="34.7525827" lon="-118.33383"><ele>866.93</ele><time>2026-06-07T12:26:56-05:00</time><course>276.3759</course><roll>-7.357515</roll><pitch>-8.178282</pitch><mode /></trkpt><trkpt lat="34.752611" lon="-118.3338532"><ele>867.03</ele><time>2026-06-07T12:26:57-05:00</time><course>277.0225</course><roll>-13.23849</roll><pitch>-7.970431</pitch><mode /></trkpt><trkpt lat="34.7526418" lon="-118.3338755"><ele>867.3</ele><time>2026-06-07T12:26:57-05:00</time><course>275.4251</course><roll>-9.930426</roll><pitch>-8.079774</pitch><mode /></trkpt><trkpt lat="34.752674" lon="-118.333898"><ele>867.62</ele><time>2026-06-07T12:26:57-05:00</time><course>275.5018</course><roll>-10.89519</roll><pitch>-6.739563</pitch><mode /></trkpt><trkpt lat="34.7527083" lon="-118.33392"><ele>868.08</ele><time>2026-06-07T12:26:58-05:00</time><course>275.3167</course><roll>-14.9917</roll><pitch>-6.310309</pitch><mode /></trkpt><trkpt lat="34.7527458" lon="-118.3339408"><ele>868.58</ele><time>2026-06-07T12:26:58-05:00</time><course>273.7786</course><roll>-17.83957</roll><pitch>-4.224068</pitch><mode /></trkpt><trkpt lat="34.7527844" lon="-118.3339608"><ele>868.57</ele><time>2026-06-07T12:26:59-05:00</time><course>278.9908</course><roll>-18.1807</roll><pitch>-1.566542</pitch><mode /></trkpt><trkpt lat="34.7528238" lon="-118.3339811"><ele>868.29</ele><time>2026-06-07T12:26:59-05:00</time><course>287.1189</course><roll>-20.3033</roll><pitch>-1.379626</pitch><mode /></trkpt><trkpt lat="34.7528671" lon="-118.3340011"><ele>868.07</ele><time>2026-06-07T12:26:59-05:00</time><course>294.418</course><roll>-24.68282</roll><pitch>-2.883776</pitch><mode /></trkpt><trkpt lat="34.7529159" lon="-118.334019"><ele>867.93</ele><time>2026-06-07T12:27:00-05:00</time><course>299.176</course><roll>-27.65101</roll><pitch>-4.892794</pitch><mode /></trkpt><trkpt lat="34.7529695" lon="-118.3340338"><ele>867.69</ele><time>2026-06-07T12:27:00-05:00</time><course>305.1496</course><roll>-30.48991</roll><pitch>-5.983739</pitch><mode /></trkpt><trkpt lat="34.7530282" lon="-118.3340452"><ele>867.52</ele><time>2026-06-07T12:27:01-05:00</time><course>315.0789</course><roll>-33.44828</roll><pitch>-5.4371</pitch><mode /></trkpt><trkpt lat="34.7530919" lon="-118.3340524"><ele>867.33</ele><time>2026-06-07T12:27:01-05:00</time><course>326.6516</course><roll>-38.06982</roll><pitch>-4.412462</pitch><mode /></trkpt><trkpt lat="34.7532346" lon="-118.3340394"><ele>866.92</ele><time>2026-06-07T12:27:02-05:00</time><course>352.9922</course><roll>-44.24095</roll><pitch>-7.537908</pitch><mode /></trkpt><trkpt lat="34.7533114" lon="-118.3340105"><ele>867.25</ele><time>2026-06-07T12:27:02-05:00</time><course>5.925197</course><roll>-44.83533</roll><pitch>-8.199041</pitch><mode /></trkpt><trkpt lat="34.7533876" lon="-118.3339672"><ele>867.86</ele><time>2026-06-07T12:27:03-05:00</time><course>20.79201</course><roll>-45.60887</roll><pitch>-4.91134</pitch><mode /></trkpt><trkpt lat="34.75346" lon="-118.3339121"><ele>868.27</ele><time>2026-06-07T12:27:03-05:00</time><course>30.59428</course><roll>-44.00324</roll><pitch>-4.8783</pitch><mode /></trkpt><trkpt lat="34.7535271" lon="-118.3338456"><ele>868.44</ele><time>2026-06-07T12:27:03-05:00</time><course>39.04286</course><roll>-44.77502</roll><pitch>-5.793085</pitch><mode /></trkpt><trkpt lat="34.753588" lon="-118.3337704"><ele>868.54</ele><time>2026-06-07T12:27:04-05:00</time><course>49.72664</course><roll>-44.25096</roll><pitch>-4.875676</pitch><mode /></trkpt><trkpt lat="34.7536415" lon="-118.3336876"><ele>868.54</ele><time>2026-06-07T12:27:04-05:00</time><course>61.91626</course><roll>-44.00121</roll><pitch>-3.010046</pitch><mode /></trkpt><trkpt lat="34.7536872" lon="-118.3335988"><ele>868.27</ele><time>2026-06-07T12:27:05-05:00</time><course>75.84196</course><roll>-42.84659</roll><pitch>-1.769</pitch><mode /></trkpt><trkpt lat="34.7537235" lon="-118.3335051"><ele>867.95</ele><time>2026-06-07T12:27:05-05:00</time><course>88.00507</course><roll>-42.9842</roll><pitch>-1.560641</pitch><mode /></trkpt><trkpt lat="34.7537473" lon="-118.333409"><ele>867.77</ele><time>2026-06-07T12:27:05-05:00</time><course>99.11103</course><roll>-40.16662</roll><pitch>-3.826743</pitch><mode /></trkpt><trkpt lat="34.7537588" lon="-118.3333144"><ele>867.81</ele><time>2026-06-07T12:27:06-05:00</time><course>107.4521</course><roll>-36.78987</roll><pitch>-4.810932</pitch><mode /></trkpt><trkpt lat="34.7537609" lon="-118.3332242"><ele>867.94</ele><time>2026-06-07T12:27:06-05:00</time><course>113.9594</course><roll>-33.36914</roll><pitch>-5.281979</pitch><mode /></trkpt><trkpt lat="34.7537556" lon="-118.3331393"><ele>867.92</ele><time>2026-06-07T12:27:07-05:00</time><course>118.5465</course><roll>-31.76564</roll><pitch>-3.555548</pitch><mode /></trkpt><trkpt lat="34.7537455" lon="-118.3330599"><ele>868.03</ele><time>2026-06-07T12:27:07-05:00</time><course>125.4618</course><roll>-30.1262</roll><pitch>-2.074675</pitch><mode /></trkpt><trkpt lat="34.7537288" lon="-118.3329878"><ele>868.55</ele><time>2026-06-07T12:27:07-05:00</time><course>130.1889</course><roll>-24.34881</roll><pitch>-0.6749896</pitch><mode /></trkpt><trkpt lat="34.7537074" lon="-118.3329221"><ele>869.33</ele><time>2026-06-07T12:27:08-05:00</time><course>133.0437</course><roll>-25.8114</roll><pitch>1.109491</pitch><mode /></trkpt><trkpt lat="34.7536835" lon="-118.3328603"><ele>870.08</ele><time>2026-06-07T12:27:08-05:00</time><course>136.1002</course><roll>-41.0638</roll><pitch>7.677995</pitch><mode /></trkpt><trkpt lat="34.7536634" lon="-118.3327967"><ele>869.6</ele><time>2026-06-07T12:27:09-05:00</time><course>151.5256</course><roll>-35.67092</roll><pitch>10.74251</pitch><mode /></trkpt><trkpt lat="34.753638" lon="-118.332741"><ele>868.88</ele><time>2026-06-07T12:27:09-05:00</time><course>162.4717</course><roll>-27.66927</roll><pitch>8.241924</pitch><mode /></trkpt><trkpt lat="34.7536079" lon="-118.3326949"><ele>868.42</ele><time>2026-06-07T12:27:09-05:00</time><course>167.4836</course><roll>-17.07938</roll><pitch>5.198797</pitch><mode /></trkpt><trkpt lat="34.7535766" lon="-118.3326539"><ele>867.79</ele><time>2026-06-07T12:27:10-05:00</time><course>170.5795</course><roll>-11.38146</roll><pitch>4.433796</pitch><mode /></trkpt><trkpt lat="34.7535439" lon="-118.3326154"><ele>867.34</ele><time>2026-06-07T12:27:10-05:00</time><course>175.09</course><roll>-9.106915</roll><pitch>3.639335</pitch><mode /></trkpt><trkpt lat="34.7534946" lon="-118.3325609"><ele>866.56</ele><time>2026-06-07T12:27:11-05:00</time><course>179.3526</course><roll>-10.16151</roll><pitch>2.34452</pitch><mode /></trkpt><trkpt lat="34.7534612" lon="-118.3325286"><ele>866.1</ele><time>2026-06-07T12:27:11-05:00</time><course>179.8838</course><roll>-10.54051</roll><pitch>1.168034</pitch><mode /></trkpt><trkpt lat="34.7534282" lon="-118.3324986"><ele>865.4</ele><time>2026-06-07T12:27:12-05:00</time><course>179.3979</course><roll>-10.57403</roll><pitch>-0.28918</pitch><mode /></trkpt><trkpt lat="34.7533956" lon="-118.3324709"><ele>864.82</ele><time>2026-06-07T12:27:12-05:00</time><course>181.913</course><roll>-12.04786</roll><pitch>-0.1768008</pitch><mode /></trkpt><trkpt lat="34.7533631" lon="-118.3324447"><ele>864.17</ele><time>2026-06-07T12:27:12-05:00</time><course>185.0823</course><roll>-15.05571</roll><pitch>-2.397613</pitch><mode /></trkpt><trkpt lat="34.7533309" lon="-118.3324229"><ele>863.76</ele><time>2026-06-07T12:27:13-05:00</time><course>186.0636</course><roll>-14.51509</roll><pitch>-5.129016</pitch><mode /></trkpt><trkpt lat="34.7532998" lon="-118.3324056"><ele>863.81</ele><time>2026-06-07T12:27:13-05:00</time><course>187.6925</course><roll>-10.41143</roll><pitch>-4.959653</pitch><mode /></trkpt><trkpt lat="34.7532697" lon="-118.33239"><ele>864.02</ele><time>2026-06-07T12:27:14-05:00</time><course>190.72</course><roll>-9.224382</roll><pitch>-3.291429</pitch><mode /></trkpt><trkpt lat="34.7532404" lon="-118.3323752"><ele>864.02</ele><time>2026-06-07T12:27:14-05:00</time><course>192.39</course><roll>-9.612532</roll><pitch>-2.862163</pitch><mode /></trkpt><trkpt lat="34.7532123" lon="-118.3323624"><ele>863.9</ele><time>2026-06-07T12:27:14-05:00</time><course>193.4013</course><roll>-9.626641</roll><pitch>-3.121589</pitch><mode /></trkpt><trkpt lat="34.7531846" lon="-118.3323513"><ele>863.78</ele><time>2026-06-07T12:27:15-05:00</time><course>195.8095</course><roll>-8.234704</roll><pitch>-3.494483</pitch><mode /></trkpt><trkpt lat="34.7531574" lon="-118.3323414"><ele>863.74</ele><time>2026-06-07T12:27:15-05:00</time><course>198.7466</course><roll>-6.414532</roll><pitch>-4.309424</pitch><mode /></trkpt><trkpt lat="34.7531065" lon="-118.3323251"><ele>865</ele><time>2026-06-07T12:27:16-05:00</time><course>200.0074</course><roll>-8.863824</roll><pitch>-2.907555</pitch><mode /></trkpt><trkpt lat="34.7530831" lon="-118.3323188"><ele>865.56</ele><time>2026-06-07T12:27:16-05:00</time><course>198.7383</course><roll>-10.37299</roll><pitch>-1.793589</pitch><mode /></trkpt><trkpt lat="34.7530612" lon="-118.3323154"><ele>866.06</ele><time>2026-06-07T12:27:17-05:00</time><course>195.858</course><roll>-7.550523</roll><pitch>-0.6367128</pitch><mode /></trkpt><trkpt lat="34.7530407" lon="-118.3323131"><ele>866.25</ele><time>2026-06-07T12:27:17-05:00</time><course>195.0012</course><roll>-4.469474</roll><pitch>0.3221506</pitch><mode /></trkpt><trkpt lat="34.7530203" lon="-118.3323107"><ele>866.37</ele><time>2026-06-07T12:27:18-05:00</time><course>197.52</course><roll>-6.144272</roll><pitch>0.7799051</pitch><mode /></trkpt><trkpt lat="34.7529998" lon="-118.3323084"><ele>866.43</ele><time>2026-06-07T12:27:18-05:00</time><course>200.4283</course><roll>-6.928081</roll><pitch>1.273475</pitch><mode /></trkpt><trkpt lat="34.7529796" lon="-118.3323071"><ele>866.46</ele><time>2026-06-07T12:27:18-05:00</time><course>203.4061</course><roll>-8.025542</roll><pitch>1.329793</pitch><mode /></trkpt><trkpt lat="34.7529603" lon="-118.3323073"><ele>866.34</ele><time>2026-06-07T12:27:19-05:00</time><course>204.314</course><roll>-7.604984</roll><pitch>0.8336792</pitch><mode /></trkpt><trkpt lat="34.752942" lon="-118.332309"><ele>866.03</ele><time>2026-06-07T12:27:19-05:00</time><course>205.3155</course><roll>-6.15708</roll><pitch>-0.5501359</pitch><mode /></trkpt><trkpt lat="34.7529245" lon="-118.3323118"><ele>865.82</ele><time>2026-06-07T12:27:20-05:00</time><course>207.5448</course><roll>-4.881978</roll><pitch>-1.298403</pitch><mode /></trkpt><trkpt lat="34.7529074" lon="-118.3323146"><ele>865.78</ele><time>2026-06-07T12:27:20-05:00</time><course>210.6326</course><roll>-5.530825</roll><pitch>-1.565297</pitch><mode /></trkpt><trkpt lat="34.7528913" lon="-118.3323177"><ele>865.74</ele><time>2026-06-07T12:27:20-05:00</time><course>212.19</course><roll>-7.006072</roll><pitch>-1.297289</pitch><mode /></trkpt><trkpt lat="34.7528767" lon="-118.3323219"><ele>865.56</ele><time>2026-06-07T12:27:21-05:00</time><course>210.6987</course><roll>-5.387444</roll><pitch>-1.936336</pitch><mode /></trkpt><trkpt lat="34.7528631" lon="-118.332327"><ele>865.23</ele><time>2026-06-07T12:27:21-05:00</time><course>210.2964</course><roll>-4.593503</roll><pitch>-1.988353</pitch><mode /></trkpt><trkpt lat="34.75285" lon="-118.3323314"><ele>865.09</ele><time>2026-06-07T12:27:22-05:00</time><course>212.019</course><roll>-4.310489</roll><pitch>-2.217772</pitch><mode /></trkpt><trkpt lat="34.7528373" lon="-118.3323355"><ele>865.15</ele><time>2026-06-07T12:27:22-05:00</time><course>213.4826</course><roll>-2.214775</roll><pitch>-2.108734</pitch><mode /></trkpt><trkpt lat="34.7528251" lon="-118.3323396"><ele>865.11</ele><time>2026-06-07T12:27:22-05:00</time><course>214.9333</course><roll>-2.319871</roll><pitch>-3.064772</pitch><mode /></trkpt><trkpt lat="34.7528131" lon="-118.332343"><ele>865.24</ele><time>2026-06-07T12:27:23-05:00</time><course>215.8054</course><roll>-5.402627</roll><pitch>-2.479619</pitch><mode /></trkpt><trkpt lat="34.7528016" lon="-118.332346"><ele>865.37</ele><time>2026-06-07T12:27:23-05:00</time><course>216.5637</course><roll>-6.521429</roll><pitch>-2.010877</pitch><mode /></trkpt><trkpt lat="34.752791" lon="-118.3323495"><ele>865.48</ele><time>2026-06-07T12:27:24-05:00</time><course>216.6963</course><roll>-9.136756</roll><pitch>-1.858821</pitch><mode /></trkpt><trkpt lat="34.7527814" lon="-118.3323542"><ele>865.41</ele><time>2026-06-07T12:27:24-05:00</time><course>217.2464</course><roll>-7.171962</roll><pitch>-2.747612</pitch><mode /></trkpt><trkpt lat="34.752773" lon="-118.3323601"><ele>865.56</ele><time>2026-06-07T12:27:24-05:00</time><course>218.4261</course><roll>-2.782895</roll><pitch>-2.261369</pitch><mode /></trkpt><trkpt lat="34.752765" lon="-118.3323661"><ele>865.72</ele><time>2026-06-07T12:27:25-05:00</time><course>219.2771</course><roll>-1.375321</roll><pitch>-1.918958</pitch><mode /></trkpt><trkpt lat="34.7527576" lon="-118.3323719"><ele>865.86</ele><time>2026-06-07T12:27:25-05:00</time><course>217.4628</course><roll>-0.9998587</roll><pitch>-1.570868</pitch><mode /></trkpt><trkpt lat="34.7527423" lon="-118.3323819"><ele>866.17</ele><time>2026-06-07T12:27:26-05:00</time><course>217.7978</course><roll>-2.73404</roll><pitch>-1.967882</pitch><mode /></trkpt><trkpt lat="34.752735" lon="-118.3323874"><ele>866.83</ele><time>2026-06-07T12:27:26-05:00</time><course>215.4176</course><roll>-2.68379</roll><pitch>-0.4141721</pitch><mode /></trkpt><trkpt lat="34.7527278" lon="-118.3323922"><ele>867.41</ele><time>2026-06-07T12:27:27-05:00</time><course>215.0119</course><roll>-3.391042</roll><pitch>1.708791</pitch><mode /></trkpt><trkpt lat="34.7527207" lon="-118.3323966"><ele>867.84</ele><time>2026-06-07T12:27:27-05:00</time><course>215.5588</course><roll>-2.560639</roll><pitch>3.045828</pitch><mode /></trkpt><trkpt lat="34.7527134" lon="-118.3324011"><ele>868.09</ele><time>2026-06-07T12:27:28-05:00</time><course>217.1206</course><roll>-7.484699</roll><pitch>4.060381</pitch><mode /></trkpt><trkpt lat="34.7527065" lon="-118.3324062"><ele>867.87</ele><time>2026-06-07T12:27:28-05:00</time><course>218.5597</course><roll>-12.49203</roll><pitch>2.844655</pitch><mode /></trkpt><trkpt lat="34.7527009" lon="-118.3324133"><ele>867.62</ele><time>2026-06-07T12:27:28-05:00</time><course>219.5552</course><roll>-8.699658</roll><pitch>3.133682</pitch><mode /></trkpt><trkpt lat="34.7526967" lon="-118.3324223"><ele>867.35</ele><time>2026-06-07T12:27:29-05:00</time><course>221.6604</course><roll>2.0781</roll><pitch>2.025347</pitch><mode /></trkpt><trkpt lat="34.7526926" lon="-118.3324319"><ele>867</ele><time>2026-06-07T12:27:29-05:00</time><course>222.0768</course><roll>2.520768</roll><pitch>2.23536</pitch><mode /></trkpt><trkpt lat="34.7526886" lon="-118.3324409"><ele>866.41</ele><time>2026-06-07T12:27:30-05:00</time><course>219.4513</course><roll>1.540515</roll><pitch>0.2732157</pitch><mode /></trkpt><trkpt lat="34.7526838" lon="-118.332449"><ele>865.93</ele><time>2026-06-07T12:27:30-05:00</time><course>218.6801</course><roll>0.3999995</roll><pitch>-0.7531925</pitch><mode /></trkpt><trkpt lat="34.7526783" lon="-118.3324561"><ele>865.4</ele><time>2026-06-07T12:27:30-05:00</time><course>219.1045</course><roll>1.912445</roll><pitch>-2.368979</pitch><mode /></trkpt><trkpt lat="34.7526719" lon="-118.3324619"><ele>864.98</ele><time>2026-06-07T12:27:31-05:00</time><course>218.4373</course><roll>-0.01677477</roll><pitch>-3.798553</pitch><mode /></trkpt><trkpt lat="34.7526654" lon="-118.3324673"><ele>864.77</ele><time>2026-06-07T12:27:31-05:00</time><course>216.1444</course><roll>-0.8894716</roll><pitch>-4.938433</pitch><mode /></trkpt><trkpt lat="34.7526584" lon="-118.3324723"><ele>864.75</ele><time>2026-06-07T12:27:32-05:00</time><course>215.0473</course><roll>-1.684511</roll><pitch>-4.872015</pitch><mode /></trkpt><trkpt lat="34.7526504" lon="-118.3324761"><ele>864.83</ele><time>2026-06-07T12:27:32-05:00</time><course>217.3427</course><roll>-1.15369</roll><pitch>-4.387234</pitch><mode /></trkpt><trkpt lat="34.7526414" lon="-118.3324785"><ele>864.7</ele><time>2026-06-07T12:27:32-05:00</time><course>219.9925</course><roll>0.5008263</roll><pitch>-4.182317</pitch><mode /></trkpt><trkpt lat="34.7526314" lon="-118.3324808"><ele>864.5</ele><time>2026-06-07T12:27:33-05:00</time><course>221.2299</course><roll>-0.2252342</roll><pitch>-6.141724</pitch><mode /></trkpt><trkpt lat="34.7526208" lon="-118.332483"><ele>864.82</ele><time>2026-06-07T12:27:33-05:00</time><course>220.1492</course><roll>-3.108015</roll><pitch>-7.270906</pitch><mode /></trkpt><trkpt lat="34.7526104" lon="-118.3324847"><ele>865.42</ele><time>2026-06-07T12:27:34-05:00</time><course>219.1523</course><roll>-6.570521</roll><pitch>-4.2836</pitch><mode /></trkpt><trkpt lat="34.7526004" lon="-118.3324859"><ele>865.58</ele><time>2026-06-07T12:27:34-05:00</time><course>219.816</course><roll>-5.949244</roll><pitch>-3.301154</pitch><mode /></trkpt><trkpt lat="34.7525905" lon="-118.3324875"><ele>865.55</ele><time>2026-06-07T12:27:34-05:00</time><course>221.764</course><roll>-6.497577</roll><pitch>-2.694534</pitch><mode /></trkpt><trkpt lat="34.7525805" lon="-118.3324895"><ele>865.43</ele><time>2026-06-07T12:27:35-05:00</time><course>224.2881</course><roll>-7.152538</roll><pitch>-3.67773</pitch><mode /></trkpt><trkpt lat="34.7525711" lon="-118.3324934"><ele>865.43</ele><time>2026-06-07T12:27:35-05:00</time><course>224.6588</course><roll>-5.425311</roll><pitch>-5.576285</pitch><mode /></trkpt><trkpt lat="34.7525631" lon="-118.332499"><ele>865.81</ele><time>2026-06-07T12:27:36-05:00</time><course>222.0433</course><roll>-5.282658</roll><pitch>-5.345311</pitch><mode /></trkpt><trkpt lat="34.7525559" lon="-118.3325052"><ele>866.34</ele><time>2026-06-07T12:27:36-05:00</time><course>219.7449</course><roll>-3.969554</roll><pitch>-3.109407</pitch><mode /></trkpt><trkpt lat="34.7523324" lon="-118.333257"><ele>867.2</ele><time>2026-06-07T12:27:55-05:00</time><course>229.8665</course><roll>-8.728721</roll><pitch>1.339754</pitch><mode /></trkpt><trkpt lat="34.752333" lon="-118.3333636"><ele>867.49</ele><time>2026-06-07T12:27:57-05:00</time><course>234.6007</course><roll>-7.553317</roll><pitch>2.238635</pitch><mode /></trkpt><trkpt lat="34.752353" lon="-118.3334868"><ele>868.1</ele><time>2026-06-07T12:27:59-05:00</time><course>243.3599</course><roll>-11.50943</roll><pitch>1.785851</pitch><mode /></trkpt><trkpt lat="34.7524177" lon="-118.3336409"><ele>868.49</ele><time>2026-06-07T12:28:01-05:00</time><course>258.0258</course><roll>-16.74514</roll><pitch>2.122457</pitch><mode /></trkpt><trkpt lat="34.7537851" lon="-118.3331728"><ele>866.36</ele><time>2026-06-07T12:28:12-05:00</time><course>118.1055</course><roll>-39.27191</roll><pitch>-7.277083</pitch><mode /></trkpt><trkpt lat="34.7537217" lon="-118.3328228"><ele>867.55</ele><time>2026-06-07T12:28:14-05:00</time><course>144.6989</course><roll>-23.7617</roll><pitch>-2.612004</pitch><mode /></trkpt><trkpt lat="34.7535962" lon="-118.3326066"><ele>868.69</ele><time>2026-06-07T12:28:16-05:00</time><course>166.3273</course><roll>-17.04911</roll><pitch>5.190387</pitch><mode /></trkpt><trkpt lat="34.7534429" lon="-118.3324755"><ele>867.89</ele><time>2026-06-07T12:28:18-05:00</time><course>177.6436</course><roll>-6.627701</roll><pitch>4.3554</pitch><mode /></trkpt><trkpt lat="34.7532852" lon="-118.3323891"><ele>868.13</ele><time>2026-06-07T12:28:20-05:00</time><course>185.4684</course><roll>-6.977844</roll><pitch>4.596074</pitch><mode /></trkpt><trkpt lat="34.7531435" lon="-118.3323402"><ele>868.01</ele><time>2026-06-07T12:28:22-05:00</time><course>192.0404</course><roll>-5.464766</roll><pitch>5.539968</pitch><mode /></trkpt><trkpt lat="34.753011" lon="-118.3323187"><ele>867.57</ele><time>2026-06-07T12:28:24-05:00</time><course>198.6748</course><roll>-6.051479</roll><pitch>7.542888</pitch><mode /></trkpt><trkpt lat="34.7528798" lon="-118.3323286"><ele>866.3</ele><time>2026-06-07T12:28:26-05:00</time><course>209.2669</course><roll>-4.762408</roll><pitch>6.413888</pitch><mode /></trkpt><trkpt lat="34.7527799" lon="-118.3323545"><ele>865.73</ele><time>2026-06-07T12:28:27-05:00</time><course>216.355</course><roll>-7.399215</roll><pitch>3.989018</pitch><mode /></trkpt><trkpt lat="34.7527563" lon="-118.3323632"><ele>865.81</ele><time>2026-06-07T12:28:28-05:00</time><course>218.1495</course><roll>-6.810626</roll><pitch>3.527588</pitch><mode /></trkpt><trkpt lat="34.7527334" lon="-118.3323752"><ele>866.63</ele><time>2026-06-07T12:28:28-05:00</time><course>217.6956</course><roll>-5.459655</roll><pitch>3.929329</pitch><mode /></trkpt><trkpt lat="34.7527115" lon="-118.3323884"><ele>867.45</ele><time>2026-06-07T12:28:28-05:00</time><course>214.7834</course><roll>-5.502611</roll><pitch>4.741036</pitch><mode /></trkpt><trkpt lat="34.7526907" lon="-118.332402"><ele>868.25</ele><time>2026-06-07T12:28:29-05:00</time><course>211.3623</course><roll>-3.578495</roll><pitch>6.048252</pitch><mode /></trkpt><trkpt lat="34.7526707" lon="-118.3324154"><ele>868.23</ele><time>2026-06-07T12:28:29-05:00</time><course>209.9398</course><roll>-7.398351</roll><pitch>7.267325</pitch><mode /></trkpt><trkpt lat="34.7526506" lon="-118.3324283"><ele>867.9</ele><time>2026-06-07T12:28:30-05:00</time><course>212.7749</course><roll>-6.393681</roll><pitch>7.310124</pitch><mode /></trkpt><trkpt lat="34.7526301" lon="-118.3324417"><ele>867.54</ele><time>2026-06-07T12:28:30-05:00</time><course>216.404</course><roll>-7.941955</roll><pitch>6.739359</pitch><mode /></trkpt><trkpt lat="34.7526104" lon="-118.3324563"><ele>867.24</ele><time>2026-06-07T12:28:30-05:00</time><course>219.5122</course><roll>-7.520471</roll><pitch>5.787739</pitch><mode /></trkpt><trkpt lat="34.7525919" lon="-118.332473"><ele>866.95</ele><time>2026-06-07T12:28:31-05:00</time><course>220.8674</course><roll>-7.471211</roll><pitch>4.085793</pitch><mode /></trkpt><trkpt lat="34.7525743" lon="-118.332491"><ele>866.69</ele><time>2026-06-07T12:28:31-05:00</time><course>221.9949</course><roll>-7.527065</roll><pitch>2.33889</pitch><mode /></trkpt><trkpt lat="34.7525576" lon="-118.3325088"><ele>866.38</ele><time>2026-06-07T12:28:32-05:00</time><course>224.3732</course><roll>-9.223666</roll><pitch>2.384083</pitch><mode /></trkpt><trkpt lat="34.7525422" lon="-118.3325273"><ele>865.87</ele><time>2026-06-07T12:28:32-05:00</time><course>227.6093</course><roll>-7.442691</roll><pitch>0.2070317</pitch><mode /></trkpt><trkpt lat="34.7525278" lon="-118.3325472"><ele>865.85</ele><time>2026-06-07T12:28:32-05:00</time><course>229.9336</course><roll>-5.008416</roll><pitch>-0.1144792</pitch><mode /></trkpt><trkpt lat="34.7525147" lon="-118.3325672"><ele>866.02</ele><time>2026-06-07T12:28:33-05:00</time><course>230.9066</course><roll>-5.315162</roll><pitch>-0.5872874</pitch><mode /></trkpt><trkpt lat="34.7525024" lon="-118.3325864"><ele>866.3</ele><time>2026-06-07T12:28:33-05:00</time><course>231.943</course><roll>-13.76567</roll><pitch>0.06746375</pitch><mode /></trkpt><trkpt lat="34.7524921" lon="-118.3326068"><ele>866.35</ele><time>2026-06-07T12:28:34-05:00</time><course>232.2415</course><roll>-17.58353</roll><pitch>-0.2442453</pitch><mode /></trkpt><trkpt lat="34.7524849" lon="-118.3326293"><ele>866.23</ele><time>2026-06-07T12:28:34-05:00</time><course>234.155</course><roll>-5.924331</roll><pitch>-2.61862</pitch><mode /></trkpt><trkpt lat="34.7524797" lon="-118.332654"><ele>866.72</ele><time>2026-06-07T12:28:34-05:00</time><course>236.8814</course><roll>9.106897</roll><pitch>-0.4256598</pitch><mode /></trkpt><trkpt lat="34.7524729" lon="-118.3326781"><ele>867.11</ele><time>2026-06-07T12:28:35-05:00</time><course>237.8787</course><roll>8.214676</roll><pitch>-0.6329644</pitch><mode /></trkpt><trkpt lat="34.7524641" lon="-118.3327014"><ele>867.55</ele><time>2026-06-07T12:28:35-05:00</time><course>233.6725</course><roll>4.909639</roll><pitch>-0.3587284</pitch><mode /></trkpt><trkpt lat="34.7524536" lon="-118.3327234"><ele>867.94</ele><time>2026-06-07T12:28:36-05:00</time><course>229.696</course><roll>-2.745765</roll><pitch>1.530283</pitch><mode /></trkpt><trkpt lat="34.7524419" lon="-118.3327448"><ele>868.33</ele><time>2026-06-07T12:28:36-05:00</time><course>230.1743</course><roll>-4.639869</roll><pitch>2.283478</pitch><mode /></trkpt><trkpt lat="34.7524297" lon="-118.3327663"><ele>868.8</ele><time>2026-06-07T12:28:36-05:00</time><course>232.3139</course><roll>-1.771033</roll><pitch>4.451329</pitch><mode /></trkpt><trkpt lat="34.7524178" lon="-118.3327875"><ele>868.7</ele><time>2026-06-07T12:28:37-05:00</time><course>234.679</course><roll>-4.162533</roll><pitch>4.355104</pitch><mode /></trkpt><trkpt lat="34.7524058" lon="-118.3328106"><ele>868.79</ele><time>2026-06-07T12:28:37-05:00</time><course>234.7889</course><roll>-7.130999</roll><pitch>4.222717</pitch><mode /></trkpt><trkpt lat="34.7523932" lon="-118.3328345"><ele>868.48</ele><time>2026-06-07T12:28:38-05:00</time><course>235.4048</course><roll>2.813246</roll><pitch>3.875475</pitch><mode /></trkpt><trkpt lat="34.7523795" lon="-118.3328573"><ele>868.2</ele><time>2026-06-07T12:28:38-05:00</time><course>241.4352</course><roll>-2.635792</roll><pitch>0.9161324</pitch><mode /></trkpt><trkpt lat="34.7523644" lon="-118.3328796"><ele>868.31</ele><time>2026-06-07T12:28:38-05:00</time><course>244.0584</course><roll>-8.422198</roll><pitch>0.6392728</pitch><mode /></trkpt><trkpt lat="34.7523514" lon="-118.3329031"><ele>868.6</ele><time>2026-06-07T12:28:39-05:00</time><course>242.8359</course><roll>-14.02652</roll><pitch>1.261199</pitch><mode /></trkpt><trkpt lat="34.7523408" lon="-118.3329272"><ele>868.81</ele><time>2026-06-07T12:28:39-05:00</time><course>242.4693</course><roll>-9.554367</roll><pitch>1.973953</pitch><mode /></trkpt><trkpt lat="34.7523309" lon="-118.3329523"><ele>869.08</ele><time>2026-06-07T12:28:40-05:00</time><course>247.7135</course><roll>-12.0127</roll><pitch>4.740825</pitch><mode /></trkpt><trkpt lat="34.7523224" lon="-118.3329789"><ele>869.06</ele><time>2026-06-07T12:28:40-05:00</time><course>251.5202</course><roll>-13.53961</roll><pitch>3.573453</pitch><mode /></trkpt><trkpt lat="34.7523178" lon="-118.333008"><ele>869.25</ele><time>2026-06-07T12:28:40-05:00</time><course>251.1068</course><roll>-6.031335</roll><pitch>2.702681</pitch><mode /></trkpt><trkpt lat="34.7523152" lon="-118.3330391"><ele>869.72</ele><time>2026-06-07T12:28:41-05:00</time><course>248.0746</course><roll>-4.555054</roll><pitch>2.06705</pitch><mode /></trkpt><trkpt lat="34.7523137" lon="-118.3330705"><ele>870.21</ele><time>2026-06-07T12:28:41-05:00</time><course>244.3611</course><roll>-4.439269</roll><pitch>4.54679</pitch><mode /></trkpt><trkpt lat="34.7523111" lon="-118.3331017"><ele>870.44</ele><time>2026-06-07T12:28:42-05:00</time><course>247.4387</course><roll>-4.961222</roll><pitch>7.015849</pitch><mode /></trkpt><trkpt lat="34.7523091" lon="-118.3331327"><ele>870.29</ele><time>2026-06-07T12:28:42-05:00</time><course>248.8226</course><roll>-10.60461</roll><pitch>6.519793</pitch><mode /></trkpt><trkpt lat="34.7523104" lon="-118.3331667"><ele>870.36</ele><time>2026-06-07T12:28:42-05:00</time><course>242.6499</course><roll>-10.22787</roll><pitch>4.408228</pitch><mode /></trkpt><trkpt lat="34.7523133" lon="-118.3332013"><ele>870.48</ele><time>2026-06-07T12:28:43-05:00</time><course>240.5548</course><roll>-7.574875</roll><pitch>6.645709</pitch><mode /></trkpt><trkpt lat="34.752316" lon="-118.3332358"><ele>870.13</ele><time>2026-06-07T12:28:43-05:00</time><course>240.9182</course><roll>-8.30733</roll><pitch>5.955032</pitch><mode /></trkpt><trkpt lat="34.7523198" lon="-118.3332716"><ele>870.04</ele><time>2026-06-07T12:28:44-05:00</time><course>242.1678</course><roll>-10.29959</roll><pitch>5.759155</pitch><mode /></trkpt><trkpt lat="34.7523251" lon="-118.3333077"><ele>870.06</ele><time>2026-06-07T12:28:44-05:00</time><course>244.15</course><roll>-11.49993</roll><pitch>5.430182</pitch><mode /></trkpt><trkpt lat="34.7523329" lon="-118.3333455"><ele>870.18</ele><time>2026-06-07T12:28:44-05:00</time><course>244.3543</course><roll>-9.349298</roll><pitch>5.253767</pitch><mode /></trkpt><trkpt lat="34.7523418" lon="-118.3333847"><ele>870.27</ele><time>2026-06-07T12:28:45-05:00</time><course>246.5283</course><roll>-10.30593</roll><pitch>5.76268</pitch><mode /></trkpt><trkpt lat="34.7523516" lon="-118.3334236"><ele>870.14</ele><time>2026-06-07T12:28:45-05:00</time><course>250.5511</course><roll>-10.03282</roll><pitch>5.929166</pitch><mode /></trkpt><trkpt lat="34.7523637" lon="-118.3334627"><ele>870</ele><time>2026-06-07T12:28:46-05:00</time><course>253.5158</course><roll>-6.552289</roll><pitch>4.894625</pitch><mode /></trkpt><trkpt lat="34.7523768" lon="-118.3335027"><ele>870.16</ele><time>2026-06-07T12:28:46-05:00</time><course>256.112</course><roll>-7.785736</roll><pitch>5.089645</pitch><mode /></trkpt><trkpt lat="34.7523911" lon="-118.333542"><ele>870.06</ele><time>2026-06-07T12:28:46-05:00</time><course>257.088</course><roll>-9.864142</roll><pitch>4.447171</pitch><mode /></trkpt><trkpt lat="34.7524079" lon="-118.3335818"><ele>870.12</ele><time>2026-06-07T12:28:47-05:00</time><course>256.4328</course><roll>-11.05324</roll><pitch>4.863888</pitch><mode /></trkpt><trkpt lat="34.7524253" lon="-118.3336213"><ele>869.8</ele><time>2026-06-07T12:28:47-05:00</time><course>258.4847</course><roll>-13.5624</roll><pitch>5.849132</pitch><mode /></trkpt><trkpt lat="34.7524452" lon="-118.3336611"><ele>869.2</ele><time>2026-06-07T12:28:48-05:00</time><course>260.3394</course><roll>-13.83709</roll><pitch>4.362363</pitch><mode /></trkpt><trkpt lat="34.7524677" lon="-118.3337012"><ele>868.73</ele><time>2026-06-07T12:28:48-05:00</time><course>264.2381</course><roll>-18.1385</roll><pitch>3.260914</pitch><mode /></trkpt><trkpt lat="34.7524936" lon="-118.3337418"><ele>868.28</ele><time>2026-06-07T12:28:48-05:00</time><course>268.8515</course><roll>-22.34</roll><pitch>1.715731</pitch><mode /></trkpt><trkpt lat="34.7525243" lon="-118.3337823"><ele>867.85</ele><time>2026-06-07T12:28:49-05:00</time><course>272.5818</course><roll>-20.3716</roll><pitch>0.2155306</pitch><mode /></trkpt><trkpt lat="34.7525593" lon="-118.3338221"><ele>867.53</ele><time>2026-06-07T12:28:49-05:00</time><course>278.3216</course><roll>-22.76</roll><pitch>0.03893992</pitch><mode /></trkpt><trkpt lat="34.7525992" lon="-118.333861"><ele>867.28</ele><time>2026-06-07T12:28:50-05:00</time><course>284.4684</course><roll>-26.68786</roll><pitch>-0.6825354</pitch><mode /></trkpt><trkpt lat="34.7526445" lon="-118.3338979"><ele>867</ele><time>2026-06-07T12:28:50-05:00</time><course>289.4208</course><roll>-27.00911</roll><pitch>-2.166149</pitch><mode /></trkpt><trkpt lat="34.7526956" lon="-118.3339317"><ele>866.89</ele><time>2026-06-07T12:28:50-05:00</time><course>295.5328</course><roll>-25.91035</roll><pitch>-2.749961</pitch><mode /></trkpt><trkpt lat="34.7527511" lon="-118.3339626"><ele>866.9</ele><time>2026-06-07T12:28:51-05:00</time><course>303.3114</course><roll>-28.29093</roll><pitch>-1.607674</pitch><mode /></trkpt><trkpt lat="34.7528118" lon="-118.3339898"><ele>866.87</ele><time>2026-06-07T12:28:51-05:00</time><course>310.5089</course><roll>-29.51485</roll><pitch>-1.980157</pitch><mode /></trkpt><trkpt lat="34.7528779" lon="-118.3340121"><ele>866.86</ele><time>2026-06-07T12:28:52-05:00</time><course>318.1717</course><roll>-31.27096</roll><pitch>-1.942159</pitch><mode /></trkpt><trkpt lat="34.7529486" lon="-118.3340289"><ele>866.79</ele><time>2026-06-07T12:28:52-05:00</time><course>326.8027</course><roll>-35.92639</roll><pitch>-2.07489</pitch><mode /></trkpt><trkpt lat="34.7530237" lon="-118.334038"><ele>866.7</ele><time>2026-06-07T12:28:52-05:00</time><course>335.2646</course><roll>-34.52534</roll><pitch>-3.444591</pitch><mode /></trkpt><trkpt lat="34.7530631" lon="-118.3340386"><ele>866.76</ele><time>2026-06-07T12:28:53-05:00</time><course>340.3318</course><roll>-34.82879</roll><pitch>-4.283485</pitch><mode /></trkpt><trkpt lat="34.7531448" lon="-118.3340316"><ele>867.23</ele><time>2026-06-07T12:28:53-05:00</time><course>349.5084</course><roll>-38.88749</roll><pitch>-3.469534</pitch><mode /></trkpt><trkpt lat="34.7532281" lon="-118.3340148"><ele>867.77</ele><time>2026-06-07T12:28:53-05:00</time><course>0.2757612</course><roll>-43.63512</roll><pitch>0.6102263</pitch><mode /></trkpt><trkpt lat="34.7533112" lon="-118.3339899"><ele>867.7</ele><time>2026-06-07T12:28:54-05:00</time><course>13.73235</course><roll>-43.11959</roll><pitch>1.261445</pitch><mode /></trkpt><trkpt lat="34.7533925" lon="-118.3339526"><ele>867.2</ele><time>2026-06-07T12:28:54-05:00</time><course>24.6298</course><roll>-45.18035</roll><pitch>-2.815628</pitch><mode /></trkpt><trkpt lat="34.7534679" lon="-118.3338997"><ele>866.95</ele><time>2026-06-07T12:28:55-05:00</time><course>33.32251</course><roll>-47.19894</roll><pitch>-9.439255</pitch><mode /></trkpt><trkpt lat="34.7535361" lon="-118.3338347"><ele>866.69</ele><time>2026-06-07T12:28:55-05:00</time><course>42.0759</course><roll>-47.22625</roll><pitch>-10.99506</pitch><mode /></trkpt><trkpt lat="34.7535945" lon="-118.3337591"><ele>866.52</ele><time>2026-06-07T12:28:55-05:00</time><course>53.68328</course><roll>-47.64978</roll><pitch>-11.14593</pitch><mode /></trkpt><trkpt lat="34.7536419" lon="-118.3336749"><ele>866.49</ele><time>2026-06-07T12:28:56-05:00</time><course>63.40403</course><roll>-43.57815</roll><pitch>-10.16448</pitch><mode /></trkpt><trkpt lat="34.7536812" lon="-118.3335867"><ele>866.33</ele><time>2026-06-07T12:28:56-05:00</time><course>74.71814</course><roll>-41.03397</roll><pitch>-7.58603</pitch><mode /></trkpt><trkpt lat="34.7537113" lon="-118.3334959"><ele>866.22</ele><time>2026-06-07T12:28:57-05:00</time><course>85.54114</course><roll>-40.29268</roll><pitch>-7.36371</pitch><mode /></trkpt><trkpt lat="34.753732" lon="-118.3334036"><ele>866.08</ele><time>2026-06-07T12:28:57-05:00</time><course>92.45283</course><roll>-34.67715</roll><pitch>-7.941916</pitch><mode /></trkpt><trkpt lat="34.7537444" lon="-118.3333115"><ele>866.11</ele><time>2026-06-07T12:28:57-05:00</time><course>101.2983</course><roll>-36.29789</roll><pitch>-5.820376</pitch><mode /></trkpt><trkpt lat="34.7537512" lon="-118.3332209"><ele>865.95</ele><time>2026-06-07T12:28:58-05:00</time><course>112.7526</course><roll>-35.93003</roll><pitch>-4.936581</pitch><mode /></trkpt><trkpt lat="34.7537488" lon="-118.3331336"><ele>865.84</ele><time>2026-06-07T12:28:58-05:00</time><course>121.163</course><roll>-31.87999</roll><pitch>-5.728554</pitch><mode /></trkpt><trkpt lat="34.7537389" lon="-118.3330508"><ele>866</ele><time>2026-06-07T12:28:59-05:00</time><course>129.9207</course><roll>-29.93424</roll><pitch>-5.282804</pitch><mode /></trkpt><trkpt lat="34.7537226" lon="-118.3329749"><ele>866.66</ele><time>2026-06-07T12:28:59-05:00</time><course>134.896</course><roll>-32.78326</roll><pitch>-4.990839</pitch><mode /></trkpt><trkpt lat="34.7537023" lon="-118.332906"><ele>866.99</ele><time>2026-06-07T12:28:59-05:00</time><course>135.9484</course><roll>-28.47178</roll><pitch>-6.647747</pitch><mode /></trkpt><trkpt lat="34.7536799" lon="-118.3328429"><ele>867.28</ele><time>2026-06-07T12:29:00-05:00</time><course>141.7638</course><roll>-22.75027</roll><pitch>-3.279256</pitch><mode /></trkpt><trkpt lat="34.7536564" lon="-118.3327835"><ele>867.66</ele><time>2026-06-07T12:29:00-05:00</time><course>151.2487</course><roll>-23.87969</roll><pitch>0.02395673</pitch><mode /></trkpt><trkpt lat="34.7536303" lon="-118.3327309"><ele>867.97</ele><time>2026-06-07T12:29:01-05:00</time><course>155.438</course><roll>-20.62786</roll><pitch>-0.01555517</pitch><mode /></trkpt><trkpt lat="34.7536027" lon="-118.3326834"><ele>868.24</ele><time>2026-06-07T12:29:01-05:00</time><course>159.4104</course><roll>-18.60073</roll><pitch>1.389078</pitch><mode /></trkpt><trkpt lat="34.7535742" lon="-118.3326391"><ele>868.41</ele><time>2026-06-07T12:29:01-05:00</time><course>164.2109</course><roll>-16.2663</roll><pitch>3.151994</pitch><mode /></trkpt><trkpt lat="34.7535451" lon="-118.3325979"><ele>868.34</ele><time>2026-06-07T12:29:02-05:00</time><course>169.039</course><roll>-16.22568</roll><pitch>3.01942</pitch><mode /></trkpt><trkpt lat="34.753515" lon="-118.3325614"><ele>868.43</ele><time>2026-06-07T12:29:02-05:00</time><course>171.4852</course><roll>-15.90134</roll><pitch>2.941782</pitch><mode /></trkpt><trkpt lat="34.7534846" lon="-118.3325286"><ele>868.62</ele><time>2026-06-07T12:29:03-05:00</time><course>174.6924</course><roll>-14.20023</roll><pitch>3.221661</pitch><mode /></trkpt><trkpt lat="34.7534543" lon="-118.3324996"><ele>869.08</ele><time>2026-06-07T12:29:03-05:00</time><course>178.6636</course><roll>-10.76797</roll><pitch>3.512042</pitch><mode /></trkpt><trkpt lat="34.7534236" lon="-118.3324747"><ele>869.77</ele><time>2026-06-07T12:29:03-05:00</time><course>179.8406</course><roll>-15.12032</roll><pitch>5.792481</pitch><mode /></trkpt><trkpt lat="34.7533934" lon="-118.3324533"><ele>870.15</ele><time>2026-06-07T12:29:04-05:00</time><course>177.7908</course><roll>-11.03118</roll><pitch>7.54674</pitch><mode /></trkpt><trkpt lat="34.7533629" lon="-118.3324333"><ele>870.12</ele><time>2026-06-07T12:29:04-05:00</time><course>178.6806</course><roll>-7.523733</roll><pitch>8.324903</pitch><mode /></trkpt><trkpt lat="34.7533314" lon="-118.3324141"><ele>870.08</ele><time>2026-06-07T12:29:05-05:00</time><course>183.1702</course><roll>-8.137852</roll><pitch>8.884634</pitch><mode /></trkpt><trkpt lat="34.7532991" lon="-118.3323959"><ele>870.14</ele><time>2026-06-07T12:29:05-05:00</time><course>186.7315</course><roll>-8.795321</roll><pitch>9.009422</pitch><mode /></trkpt><trkpt lat="34.7532662" lon="-118.3323798"><ele>870.25</ele><time>2026-06-07T12:29:05-05:00</time><course>188.0728</course><roll>-9.845525</roll><pitch>10.77322</pitch><mode /></trkpt><trkpt lat="34.7532348" lon="-118.3323649"><ele>869.31</ele><time>2026-06-07T12:29:06-05:00</time><course>185.962</course><roll>-11.95149</roll><pitch>9.522293</pitch><mode /></trkpt><trkpt lat="34.7532045" lon="-118.3323513"><ele>868.05</ele><time>2026-06-07T12:29:06-05:00</time><course>188.8088</course><roll>-11.48786</roll><pitch>6.678954</pitch><mode /></trkpt><trkpt lat="34.7531737" lon="-118.3323403"><ele>867.16</ele><time>2026-06-07T12:29:07-05:00</time><course>192.2377</course><roll>-11.07758</roll><pitch>4.171285</pitch><mode /></trkpt><trkpt lat="34.7531437" lon="-118.3323325"><ele>866.63</ele><time>2026-06-07T12:29:07-05:00</time><course>193.342</course><roll>-10.14944</roll><pitch>2.695536</pitch><mode /></trkpt><trkpt lat="34.753115" lon="-118.3323267"><ele>866.33</ele><time>2026-06-07T12:29:07-05:00</time><course>194.3813</course><roll>-8.436014</roll><pitch>1.670115</pitch><mode /></trkpt><trkpt lat="34.7530878" lon="-118.3323219"><ele>866.3</ele><time>2026-06-07T12:29:08-05:00</time><course>196.3675</course><roll>-9.468335</roll><pitch>1.706426</pitch><mode /></trkpt><trkpt lat="34.7530623" lon="-118.332319"><ele>866.37</ele><time>2026-06-07T12:29:08-05:00</time><course>197.2918</course><roll>-8.75057</roll><pitch>1.732128</pitch><mode /></trkpt><trkpt lat="34.7530383" lon="-118.3323172"><ele>866.56</ele><time>2026-06-07T12:29:09-05:00</time><course>198.6107</course><roll>-7.889446</roll><pitch>2.741349</pitch><mode /></trkpt><trkpt lat="34.7530157" lon="-118.332316"><ele>866.44</ele><time>2026-06-07T12:29:09-05:00</time><course>199.2318</course><roll>-9.855081</roll><pitch>2.669885</pitch><mode /></trkpt><trkpt lat="34.7529945" lon="-118.3323155"><ele>866.18</ele><time>2026-06-07T12:29:09-05:00</time><course>201.0898</course><roll>-7.693682</roll><pitch>2.351926</pitch><mode /></trkpt><trkpt lat="34.752974" lon="-118.3323164"><ele>866.05</ele><time>2026-06-07T12:29:10-05:00</time><course>202.1332</course><roll>-7.661774</roll><pitch>1.687692</pitch><mode /></trkpt><trkpt lat="34.7529546" lon="-118.3323181"><ele>865.96</ele><time>2026-06-07T12:29:10-05:00</time><course>203.0928</course><roll>-7.18789</roll><pitch>1.620068</pitch><mode /></trkpt><trkpt lat="34.7529362" lon="-118.3323201"><ele>865.77</ele><time>2026-06-07T12:29:11-05:00</time><course>203.5911</course><roll>-7.710983</roll><pitch>0.3020293</pitch><mode /></trkpt><trkpt lat="34.7529187" lon="-118.3323236"><ele>865.7</ele><time>2026-06-07T12:29:11-05:00</time><course>202.9045</course><roll>-5.527794</roll><pitch>1.692871</pitch><mode /></trkpt><trkpt lat="34.7529011" lon="-118.3323259"><ele>865.06</ele><time>2026-06-07T12:29:11-05:00</time><course>207.6706</course><roll>-2.50205</roll><pitch>0.4863487</pitch><mode /></trkpt><trkpt lat="34.7528826" lon="-118.3323279"><ele>864.58</ele><time>2026-06-07T12:29:12-05:00</time><course>213.3093</course><roll>-4.29227</roll><pitch>-0.9943857</pitch><mode /></trkpt><trkpt lat="34.7528643" lon="-118.3323308"><ele>864.26</ele><time>2026-06-07T12:29:12-05:00</time><course>215.1158</course><roll>-8.089627</roll><pitch>-3.372214</pitch><mode /></trkpt><trkpt lat="34.7528479" lon="-118.3323355"><ele>864.09</ele><time>2026-06-07T12:29:13-05:00</time><course>210.8147</course><roll>-5.94903</roll><pitch>-5.247988</pitch><mode /></trkpt><trkpt lat="34.7528329" lon="-118.3323404"><ele>863.99</ele><time>2026-06-07T12:29:13-05:00</time><course>209.8178</course><roll>-5.710108</roll><pitch>-5.00795</pitch><mode /></trkpt><trkpt lat="34.7528178" lon="-118.3323443"><ele>863.91</ele><time>2026-06-07T12:29:13-05:00</time><course>212.4308</course><roll>-5.740397</roll><pitch>-5.722136</pitch><mode /></trkpt><trkpt lat="34.7528033" lon="-118.3323485"><ele>863.85</ele><time>2026-06-07T12:29:14-05:00</time><course>213.9799</course><roll>-5.318912</roll><pitch>-6.187905</pitch><mode /></trkpt><trkpt lat="34.7527895" lon="-118.3323535"><ele>863.93</ele><time>2026-06-07T12:29:14-05:00</time><course>213.4707</course><roll>-4.497432</roll><pitch>-6.591522</pitch><mode /></trkpt><trkpt lat="34.7527763" lon="-118.3323588"><ele>864.11</ele><time>2026-06-07T12:29:15-05:00</time><course>212.7195</course><roll>-3.521417</roll><pitch>-6.756472</pitch><mode /></trkpt><trkpt lat="34.7527632" lon="-118.3323633"><ele>864.54</ele><time>2026-06-07T12:29:15-05:00</time><course>213.8127</course><roll>-6.025238</roll><pitch>-5.588056</pitch><mode /></trkpt><trkpt lat="34.7527502" lon="-118.332367"><ele>864.75</ele><time>2026-06-07T12:29:15-05:00</time><course>214.2586</course><roll>-5.285094</roll><pitch>-5.695925</pitch><mode /></trkpt><trkpt lat="34.7527381" lon="-118.3323715"><ele>865.09</ele><time>2026-06-07T12:29:16-05:00</time><course>213.743</course><roll>-4.144482</roll><pitch>-5.632839</pitch><mode /></trkpt><trkpt lat="34.7527265" lon="-118.3323764"><ele>865.35</ele><time>2026-06-07T12:29:16-05:00</time><course>212.7282</course><roll>-4.95649</roll><pitch>-4.96501</pitch><mode /></trkpt><trkpt lat="34.7527148" lon="-118.3323812"><ele>865.51</ele><time>2026-06-07T12:29:17-05:00</time><course>213.5877</course><roll>-6.280297</roll><pitch>-5.241756</pitch><mode /></trkpt><trkpt lat="34.7527039" lon="-118.332387"><ele>866.01</ele><time>2026-06-07T12:29:17-05:00</time><course>212.4985</course><roll>-4.362943</roll><pitch>-4.543139</pitch><mode /></trkpt><trkpt lat="34.7526941" lon="-118.3323931"><ele>866.2</ele><time>2026-06-07T12:29:17-05:00</time><course>210.8599</course><roll>-5.118802</roll><pitch>-4.642884</pitch><mode /></trkpt><trkpt lat="34.7526845" lon="-118.3323997"><ele>866.46</ele><time>2026-06-07T12:29:18-05:00</time><course>209.8563</course><roll>-4.967724</roll><pitch>-4.16995</pitch><mode /></trkpt><trkpt lat="34.7524718" lon="-118.3326187"><ele>868.18</ele><time>2026-06-07T12:29:28-05:00</time><course>214.3374</course><roll>-4.082329</roll><pitch>-2.839263</pitch><mode /></trkpt><trkpt lat="34.7524297" lon="-118.3326719"><ele>868.9</ele><time>2026-06-07T12:29:30-05:00</time><course>218.9329</course><roll>-4.1878</roll><pitch>-1.884158</pitch><mode /></trkpt><trkpt lat="34.7523983" lon="-118.3327419"><ele>868.22</ele><time>2026-06-07T12:29:32-05:00</time><course>223.5955</course><roll>-2.842097</roll><pitch>-4.044776</pitch><mode /></trkpt><trkpt lat="34.7523734" lon="-118.3328161"><ele>868.47</ele><time>2026-06-07T12:29:34-05:00</time><course>227.1938</course><roll>-4.254641</roll><pitch>-5.55278</pitch><mode /></trkpt><trkpt lat="34.7523533" lon="-118.3328779"><ele>868.52</ele><time>2026-06-07T12:29:36-05:00</time><course>228.0525</course><roll>-9.391762</roll><pitch>-7.262949</pitch><mode /></trkpt><trkpt lat="34.7523371" lon="-118.3329455"><ele>868.78</ele><time>2026-06-07T12:29:38-05:00</time><course>227.2084</course><roll>-3.363955</roll><pitch>-8.301418</pitch><mode /></trkpt><trkpt lat="34.7523201" lon="-118.3330115"><ele>869.94</ele><time>2026-06-07T12:29:40-05:00</time><course>227.3872</course><roll>-4.716398</roll><pitch>-5.444631</pitch><mode /></trkpt><trkpt lat="34.7523107" lon="-118.3330738"><ele>871.07</ele><time>2026-06-07T12:29:42-05:00</time><course>226.7438</course><roll>-5.455894</roll><pitch>-2.49376</pitch><mode /></trkpt><trkpt lat="34.7523188" lon="-118.3332625"><ele>869.89</ele><time>2026-06-07T12:29:47-05:00</time><course>235.8618</course><roll>-4.961935</roll><pitch>-3.583823</pitch><mode /></trkpt><trkpt lat="34.7524889" lon="-118.3337043"><ele>871.25</ele><time>2026-06-07T12:29:57-05:00</time><course>249.0317</course><roll>-7.096709</roll><pitch>-1.593359</pitch><mode /></trkpt><trkpt lat="34.7525745" lon="-118.3338021"><ele>870.83</ele><time>2026-06-07T12:29:59-05:00</time><course>258.3383</course><roll>-10.1898</roll><pitch>-1.858087</pitch><mode /></trkpt><trkpt lat="34.7535072" lon="-118.3340702"><ele>859.04</ele><time>2026-06-07T12:30:07-05:00</time><course>316.0146</course><roll>3.929453</roll><pitch>11.21857</pitch><mode /></trkpt><trkpt lat="34.7538759" lon="-118.3341562"><ele>849.91</ele><time>2026-06-07T12:30:09-05:00</time><course>303.0474</course><roll>4.585611</roll><pitch>7.253955</pitch><mode /></trkpt><trkpt lat="34.7539339" lon="-118.334178"><ele>848.51</ele><time>2026-06-07T12:30:09-05:00</time><course>301.8983</course><roll>5.850069</roll><pitch>7.382485</pitch><mode /></trkpt><trkpt lat="34.7539897" lon="-118.3342023"><ele>847.22</ele><time>2026-06-07T12:30:10-05:00</time><course>303.8632</course><roll>4.846452</roll><pitch>6.597874</pitch><mode /></trkpt><trkpt lat="34.7540443" lon="-118.3342282"><ele>845.69</ele><time>2026-06-07T12:30:10-05:00</time><course>305.6387</course><roll>4.028278</roll><pitch>6.618732</pitch><mode /></trkpt><trkpt lat="34.7540971" lon="-118.3342553"><ele>844.07</ele><time>2026-06-07T12:30:11-05:00</time><course>306.3201</course><roll>5.271096</roll><pitch>4.135212</pitch><mode /></trkpt><trkpt lat="34.7541491" lon="-118.3342832"><ele>843.07</ele><time>2026-06-07T12:30:11-05:00</time><course>303.308</course><roll>6.400013</roll><pitch>4.633493</pitch><mode /></trkpt><trkpt lat="34.7541994" lon="-118.3343128"><ele>842.25</ele><time>2026-06-07T12:30:11-05:00</time><course>301.5689</course><roll>1.835503</roll><pitch>4.766389</pitch><mode /></trkpt><trkpt lat="34.7542496" lon="-118.3343417"><ele>841.5</ele><time>2026-06-07T12:30:12-05:00</time><course>293.4407</course><roll>2.446637</roll><pitch>7.021651</pitch><mode /></trkpt><trkpt lat="34.7542984" lon="-118.3343696"><ele>840.25</ele><time>2026-06-07T12:30:12-05:00</time><course>288.1847</course><roll>2.361179</roll><pitch>8.250462</pitch><mode /></trkpt><trkpt lat="34.7543453" lon="-118.3343984"><ele>838.83</ele><time>2026-06-07T12:30:13-05:00</time><course>288.9009</course><roll>3.625243</roll><pitch>7.002746</pitch><mode /></trkpt><trkpt lat="34.7543902" lon="-118.3344286"><ele>837.46</ele><time>2026-06-07T12:30:13-05:00</time><course>289.8273</course><roll>5.297566</roll><pitch>5.342696</pitch><mode /></trkpt><trkpt lat="34.7544335" lon="-118.3344597"><ele>836.1</ele><time>2026-06-07T12:30:13-05:00</time><course>290.587</course><roll>2.133828</roll><pitch>4.045448</pitch><mode /></trkpt><trkpt lat="34.7544762" lon="-118.3344904"><ele>834.68</ele><time>2026-06-07T12:30:14-05:00</time><course>287.6153</course><roll>4.497183</roll><pitch>2.740053</pitch><mode /></trkpt><trkpt lat="34.7545167" lon="-118.3345212"><ele>833.44</ele><time>2026-06-07T12:30:14-05:00</time><course>286.6369</course><roll>2.558583</roll><pitch>2.696554</pitch><mode /></trkpt><trkpt lat="34.7545557" lon="-118.334552"><ele>832.36</ele><time>2026-06-07T12:30:15-05:00</time><course>285.122</course><roll>-0.3158948</roll><pitch>1.651725</pitch><mode /></trkpt><trkpt lat="34.7545939" lon="-118.3345829"><ele>831.57</ele><time>2026-06-07T12:30:15-05:00</time><course>284.1527</course><roll>-1.027908</roll><pitch>0.4761549</pitch><mode /></trkpt><trkpt lat="34.7546323" lon="-118.334613"><ele>831.32</ele><time>2026-06-07T12:30:15-05:00</time><course>280.5712</course><roll>0.812251</roll><pitch>1.428216</pitch><mode /></trkpt><trkpt lat="34.7546698" lon="-118.3346414"><ele>831</ele><time>2026-06-07T12:30:16-05:00</time><course>276.4123</course><roll>2.819728</roll><pitch>3.867743</pitch><mode /></trkpt><trkpt lat="34.7547065" lon="-118.3346694"><ele>830.44</ele><time>2026-06-07T12:30:16-05:00</time><course>273.7469</course><roll>3.240433</roll><pitch>5.877186</pitch><mode /></trkpt><trkpt lat="34.7547414" lon="-118.3346967"><ele>829.74</ele><time>2026-06-07T12:30:17-05:00</time><course>272.0288</course><roll>4.880216</roll><pitch>7.189253</pitch><mode /></trkpt><trkpt lat="34.7547745" lon="-118.3347238"><ele>828.76</ele><time>2026-06-07T12:30:17-05:00</time><course>272.801</course><roll>3.913509</roll><pitch>7.51996</pitch><mode /></trkpt><trkpt lat="34.7548055" lon="-118.3347507"><ele>827.53</ele><time>2026-06-07T12:30:17-05:00</time><course>274.2438</course><roll>0.654278</roll><pitch>6.733955</pitch><mode /></trkpt><trkpt lat="34.7548368" lon="-118.3347782"><ele>826.4</ele><time>2026-06-07T12:30:18-05:00</time><course>270.7809</course><roll>-0.8146972</roll><pitch>5.515065</pitch><mode /></trkpt><trkpt lat="34.7548676" lon="-118.3348058"><ele>825.25</ele><time>2026-06-07T12:30:18-05:00</time><course>268.4868</course><roll>3.591181</roll><pitch>6.889546</pitch><mode /></trkpt><trkpt lat="34.7548963" lon="-118.3348329"><ele>823.89</ele><time>2026-06-07T12:30:19-05:00</time><course>269.1023</course><roll>4.404383</roll><pitch>7.675519</pitch><mode /></trkpt><trkpt lat="34.7549237" lon="-118.3348595"><ele>822.26</ele><time>2026-06-07T12:30:19-05:00</time><course>268.0559</course><roll>5.804224</roll><pitch>8.061148</pitch><mode /></trkpt><trkpt lat="34.7549491" lon="-118.3348865"><ele>820.71</ele><time>2026-06-07T12:30:19-05:00</time><course>266.0569</course><roll>6.162177</roll><pitch>8.549814</pitch><mode /></trkpt><trkpt lat="34.7549729" lon="-118.3349137"><ele>819.14</ele><time>2026-06-07T12:30:20-05:00</time><course>262.4843</course><roll>8.201508</roll><pitch>9.680342</pitch><mode /></trkpt><trkpt lat="34.7549941" lon="-118.3349409"><ele>817.55</ele><time>2026-06-07T12:30:20-05:00</time><course>259.6485</course><roll>8.229621</roll><pitch>11.17147</pitch><mode /></trkpt><trkpt lat="34.7550129" lon="-118.3349678"><ele>815.84</ele><time>2026-06-07T12:30:21-05:00</time><course>255.6345</course><roll>11.25387</roll><pitch>12.3043</pitch><mode /></trkpt><trkpt lat="34.7550278" lon="-118.3349951"><ele>814.06</ele><time>2026-06-07T12:30:21-05:00</time><course>253.7604</course><roll>12.06023</roll><pitch>11.82649</pitch><mode /></trkpt><trkpt lat="34.7550392" lon="-118.3350223"><ele>812.2</ele><time>2026-06-07T12:30:21-05:00</time><course>250.7468</course><roll>9.999141</roll><pitch>11.53966</pitch><mode /></trkpt><trkpt lat="34.7550476" lon="-118.33505"><ele>810.56</ele><time>2026-06-07T12:30:22-05:00</time><course>246.3243</course><roll>9.758411</roll><pitch>12.35665</pitch><mode /></trkpt><trkpt lat="34.7550529" lon="-118.335077"><ele>808.84</ele><time>2026-06-07T12:30:22-05:00</time><course>243.6315</course><roll>10.01638</roll><pitch>13.78007</pitch><mode /></trkpt><trkpt lat="34.755055" lon="-118.3351028"><ele>806.92</ele><time>2026-06-07T12:30:23-05:00</time><course>243.8763</course><roll>7.171536</roll><pitch>12.54648</pitch><mode /></trkpt><trkpt lat="34.7550543" lon="-118.3351292"><ele>805.24</ele><time>2026-06-07T12:30:23-05:00</time><course>241.6053</course><roll>0.4519034</roll><pitch>9.165384</pitch><mode /></trkpt><trkpt lat="34.7550527" lon="-118.3351571"><ele>804.07</ele><time>2026-06-07T12:30:23-05:00</time><course>234.6933</course><roll>1.533712</roll><pitch>8.092832</pitch><mode /></trkpt><trkpt lat="34.7550502" lon="-118.3351843"><ele>802.79</ele><time>2026-06-07T12:30:24-05:00</time><course>230.4053</course><roll>3.709386</roll><pitch>6.925094</pitch><mode /></trkpt><trkpt lat="34.7550451" lon="-118.3352102"><ele>801.65</ele><time>2026-06-07T12:30:24-05:00</time><course>229.8195</course><roll>3.4997</roll><pitch>4.157698</pitch><mode /></trkpt><trkpt lat="34.7550383" lon="-118.3352346"><ele>800.81</ele><time>2026-06-07T12:30:25-05:00</time><course>229.2536</course><roll>2.708674</roll><pitch>0.516896</pitch><mode /></trkpt><trkpt lat="34.7550306" lon="-118.3352577"><ele>800.36</ele><time>2026-06-07T12:30:25-05:00</time><course>228.1547</course><roll>-1.570939</roll><pitch>-0.9069317</pitch><mode /></trkpt><trkpt lat="34.7550231" lon="-118.3352797"><ele>799.77</ele><time>2026-06-07T12:30:25-05:00</time><course>226.5656</course><roll>-1.375287</roll><pitch>-1.112311</pitch><mode /></trkpt><trkpt lat="34.7550154" lon="-118.3353003"><ele>799.39</ele><time>2026-06-07T12:30:26-05:00</time><course>226.7205</course><roll>-3.952423</roll><pitch>-1.881588</pitch><mode /></trkpt><trkpt lat="34.7550083" lon="-118.3353198"><ele>799.14</ele><time>2026-06-07T12:30:26-05:00</time><course>226.261</course><roll>-5.324464</roll><pitch>-2.934481</pitch><mode /></trkpt><trkpt lat="34.7550017" lon="-118.3353391"><ele>798.83</ele><time>2026-06-07T12:30:27-05:00</time><course>226.5807</course><roll>-2.847985</roll><pitch>-2.266719</pitch><mode /></trkpt><trkpt lat="34.754995" lon="-118.3353571"><ele>798.45</ele><time>2026-06-07T12:30:27-05:00</time><course>229.3177</course><roll>-4.385762</roll><pitch>-1.425006</pitch><mode /></trkpt><trkpt lat="34.754988" lon="-118.3353746"><ele>797.97</ele><time>2026-06-07T12:30:27-05:00</time><course>231.607</course><roll>-4.457803</roll><pitch>-3.055441</pitch><mode /></trkpt><trkpt lat="34.7549824" lon="-118.3353939"><ele>797.94</ele><time>2026-06-07T12:30:28-05:00</time><course>228.8738</course><roll>-4.19694</roll><pitch>-3.576557</pitch><mode /></trkpt><trkpt lat="34.7549773" lon="-118.3354128"><ele>797.95</ele><time>2026-06-07T12:30:28-05:00</time><course>228.2875</course><roll>-4.185499</roll><pitch>-1.937339</pitch><mode /></trkpt><trkpt lat="34.7549716" lon="-118.3354305"><ele>797.79</ele><time>2026-06-07T12:30:29-05:00</time><course>230.5559</course><roll>-4.066539</roll><pitch>-1.718681</pitch><mode /></trkpt><trkpt lat="34.754966" lon="-118.3354491"><ele>797.81</ele><time>2026-06-07T12:30:29-05:00</time><course>230.8445</course><roll>-6.587201</roll><pitch>-2.393589</pitch><mode /></trkpt><trkpt lat="34.7549613" lon="-118.3354686"><ele>797.8</ele><time>2026-06-07T12:30:29-05:00</time><course>230.3089</course><roll>-6.24637</roll><pitch>-1.79871</pitch><mode /></trkpt><trkpt lat="34.7549574" lon="-118.3354882"><ele>797.57</ele><time>2026-06-07T12:30:30-05:00</time><course>229.5945</course><roll>-6.247366</roll><pitch>-2.160689</pitch><mode /></trkpt><trkpt lat="34.7549541" lon="-118.3355083"><ele>797.31</ele><time>2026-06-07T12:30:30-05:00</time><course>229.3514</course><roll>-6.380198</roll><pitch>-1.6316</pitch><mode /></trkpt><trkpt lat="34.7549502" lon="-118.3355289"><ele>796.95</ele><time>2026-06-07T12:30:31-05:00</time><course>231.8585</course><roll>-8.615366</roll><pitch>-2.264578</pitch><mode /></trkpt><trkpt lat="34.7549474" lon="-118.335551"><ele>796.73</ele><time>2026-06-07T12:30:31-05:00</time><course>231.3396</course><roll>-9.844414</roll><pitch>-4.422129</pitch><mode /></trkpt><trkpt lat="34.7549467" lon="-118.3355744"><ele>796.79</ele><time>2026-06-07T12:30:31-05:00</time><course>228.6561</course><roll>-6.596227</roll><pitch>-4.077255</pitch><mode /></trkpt><trkpt lat="34.7549458" lon="-118.3355971"><ele>796.55</ele><time>2026-06-07T12:30:32-05:00</time><course>232.1868</course><roll>-4.920782</roll><pitch>-2.11368</pitch><mode /></trkpt><trkpt lat="34.7549439" lon="-118.3356188"><ele>796.29</ele><time>2026-06-07T12:30:32-05:00</time><course>238.1788</course><roll>-9.445157</roll><pitch>-2.965475</pitch><mode /></trkpt><trkpt lat="34.7549433" lon="-118.3356417"><ele>796.11</ele><time>2026-06-07T12:30:33-05:00</time><course>239.5089</course><roll>-8.891441</roll><pitch>-3.919539</pitch><mode /></trkpt><trkpt lat="34.7549447" lon="-118.3356665"><ele>796.21</ele><time>2026-06-07T12:30:33-05:00</time><course>237.4031</course><roll>-7.951842</roll><pitch>-5.28371</pitch><mode /></trkpt><trkpt lat="34.7549476" lon="-118.335692"><ele>796.67</ele><time>2026-06-07T12:30:33-05:00</time><course>234.3888</course><roll>-7.47631</roll><pitch>-4.498753</pitch><mode /></trkpt><trkpt lat="34.7549503" lon="-118.3357169"><ele>796.93</ele><time>2026-06-07T12:30:34-05:00</time><course>237.3125</course><roll>-5.330078</roll><pitch>-1.438383</pitch><mode /></trkpt><trkpt lat="34.7549514" lon="-118.3357415"><ele>796.69</ele><time>2026-06-07T12:30:34-05:00</time><course>243.1441</course><roll>-8.164601</roll><pitch>-0.8065564</pitch><mode /></trkpt><trkpt lat="34.754952" lon="-118.3357544"><ele>796.6</ele><time>2026-06-07T12:30:34-05:00</time><course>245.0351</course><roll>-9.56056</roll><pitch>-1.706995</pitch><mode /></trkpt><trkpt lat="34.7549541" lon="-118.3357826"><ele>796.62</ele><time>2026-06-07T12:30:35-05:00</time><course>245.8383</course><roll>-10.83833</roll><pitch>-4.143515</pitch><mode /></trkpt><trkpt lat="34.7549574" lon="-118.3358129"><ele>797.01</ele><time>2026-06-07T12:30:35-05:00</time><course>246.825</course><roll>-11.06644</roll><pitch>-3.900084</pitch><mode /></trkpt><trkpt lat="34.7549617" lon="-118.3358439"><ele>797.59</ele><time>2026-06-07T12:30:36-05:00</time><course>250.7516</course><roll>-7.757833</roll><pitch>-2.354199</pitch><mode /></trkpt><trkpt lat="34.7549664" lon="-118.3358754"><ele>798.39</ele><time>2026-06-07T12:30:36-05:00</time><course>256.0207</course><roll>-7.773125</roll><pitch>-0.7902293</pitch><mode /></trkpt><trkpt lat="34.7549722" lon="-118.335907"><ele>798.92</ele><time>2026-06-07T12:30:36-05:00</time><course>257.4208</course><roll>-13.02997</roll><pitch>-1.244763</pitch><mode /></trkpt><trkpt lat="34.7549808" lon="-118.3359392"><ele>799.34</ele><time>2026-06-07T12:30:37-05:00</time><course>256.381</course><roll>-13.65417</roll><pitch>0.7527504</pitch><mode /></trkpt><trkpt lat="34.75499" lon="-118.3359713"><ele>799</ele><time>2026-06-07T12:30:37-05:00</time><course>257.9056</course><roll>-17.3624</roll><pitch>1.956243</pitch><mode /></trkpt><trkpt lat="34.7550015" lon="-118.3360052"><ele>798.13</ele><time>2026-06-07T12:30:38-05:00</time><course>258.3453</course><roll>-19.3266</roll><pitch>-1.946796</pitch><mode /></trkpt><trkpt lat="34.7550177" lon="-118.3360429"><ele>797.79</ele><time>2026-06-07T12:30:38-05:00</time><course>260.0742</course><roll>-18.29236</roll><pitch>-5.041546</pitch><mode /></trkpt><trkpt lat="34.7550381" lon="-118.3360824"><ele>798.1</ele><time>2026-06-07T12:30:38-05:00</time><course>263.6158</course><roll>-15.15731</roll><pitch>-0.883019</pitch><mode /></trkpt><trkpt lat="34.755058" lon="-118.3361223"><ele>797.7</ele><time>2026-06-07T12:30:39-05:00</time><course>271.097</course><roll>-20.07289</roll><pitch>-1.383636</pitch><mode /></trkpt><trkpt lat="34.7550823" lon="-118.3361632"><ele>797.43</ele><time>2026-06-07T12:30:39-05:00</time><course>275.2303</course><roll>-20.78814</roll><pitch>-4.694643</pitch><mode /></trkpt><trkpt lat="34.7551124" lon="-118.336204"><ele>797.58</ele><time>2026-06-07T12:30:40-05:00</time><course>277.8208</course><roll>-23.36203</roll><pitch>-6.538748</pitch><mode /></trkpt><trkpt lat="34.7551461" lon="-118.3362435"><ele>798.05</ele><time>2026-06-07T12:30:40-05:00</time><course>283.0186</course><roll>-28.00634</roll><pitch>-4.728412</pitch><mode /></trkpt><trkpt lat="34.7551825" lon="-118.3362814"><ele>798.21</ele><time>2026-06-07T12:30:40-05:00</time><course>288.5146</course><roll>-28.0703</roll><pitch>-4.050496</pitch><mode /></trkpt><trkpt lat="34.7552232" lon="-118.3363175"><ele>798.09</ele><time>2026-06-07T12:30:41-05:00</time><course>295.0133</course><roll>-28.41491</roll><pitch>-6.116491</pitch><mode /></trkpt><trkpt lat="34.7552701" lon="-118.33635"><ele>798.08</ele><time>2026-06-07T12:30:41-05:00</time><course>299.2778</course><roll>-29.62715</roll><pitch>-9.097644</pitch><mode /></trkpt><trkpt lat="34.755323" lon="-118.3363779"><ele>798.3</ele><time>2026-06-07T12:30:42-05:00</time><course>303.8472</course><roll>-27.64523</roll><pitch>-8.545118</pitch><mode /></trkpt><trkpt lat="34.7553793" lon="-118.3364022"><ele>798.58</ele><time>2026-06-07T12:30:42-05:00</time><course>310.8556</course><roll>-28.1522</roll><pitch>-6.583563</pitch><mode /></trkpt><trkpt lat="34.7554391" lon="-118.3364221"><ele>799.04</ele><time>2026-06-07T12:30:42-05:00</time><course>319.5428</course><roll>-29.57359</roll><pitch>-5.187384</pitch><mode /></trkpt><trkpt lat="34.7555028" lon="-118.3364366"><ele>799.37</ele><time>2026-06-07T12:30:43-05:00</time><course>326.7632</course><roll>-31.63309</roll><pitch>-6.107436</pitch><mode /></trkpt><trkpt lat="34.7555707" lon="-118.3364419"><ele>799.86</ele><time>2026-06-07T12:30:43-05:00</time><course>329.8804</course><roll>-34.62744</roll><pitch>-7.78204</pitch><mode /></trkpt><trkpt lat="34.7556399" lon="-118.3364407"><ele>800.26</ele><time>2026-06-07T12:30:44-05:00</time><course>337.6635</course><roll>-33.91927</roll><pitch>-5.899054</pitch><mode /></trkpt><trkpt lat="34.7557107" lon="-118.336433"><ele>800.58</ele><time>2026-06-07T12:30:44-05:00</time><course>345.7444</course><roll>-30.6276</roll><pitch>-4.931319</pitch><mode /></trkpt><trkpt lat="34.7557822" lon="-118.3364167"><ele>800.93</ele><time>2026-06-07T12:30:44-05:00</time><course>353.4779</course><roll>-31.65521</roll><pitch>-5.038774</pitch><mode /></trkpt><trkpt lat="34.755854" lon="-118.3363901"><ele>801.25</ele><time>2026-06-07T12:30:45-05:00</time><course>357.8448</course><roll>-34.79965</roll><pitch>-8.155957</pitch><mode /></trkpt><trkpt lat="34.7559249" lon="-118.3363524"><ele>801.74</ele><time>2026-06-07T12:30:45-05:00</time><course>0.6311433</course><roll>-36.40584</roll><pitch>-8.273899</pitch><mode /></trkpt><trkpt lat="34.7559944" lon="-118.3363085"><ele>801.86</ele><time>2026-06-07T12:30:46-05:00</time><course>7.425423</course><roll>-38.33</roll><pitch>-7.460844</pitch><mode /></trkpt><trkpt lat="34.7560621" lon="-118.3362549"><ele>801.88</ele><time>2026-06-07T12:30:46-05:00</time><course>13.89079</course><roll>-37.71791</roll><pitch>-7.144061</pitch><mode /></trkpt><trkpt lat="34.7561277" lon="-118.3361929"><ele>801.77</ele><time>2026-06-07T12:30:46-05:00</time><course>22.81433</course><roll>-43.11994</roll><pitch>-6.255568</pitch><mode /></trkpt><trkpt lat="34.7561901" lon="-118.3361196"><ele>801.65</ele><time>2026-06-07T12:30:47-05:00</time><course>32.14416</course><roll>-45.00245</roll><pitch>-7.632861</pitch><mode /></trkpt><trkpt lat="34.7562479" lon="-118.3360353"><ele>801.42</ele><time>2026-06-07T12:30:47-05:00</time><course>42.15728</course><roll>-45.85723</roll><pitch>-8.150725</pitch><mode /></trkpt><trkpt lat="34.7562993" lon="-118.3359407"><ele>801.23</ele><time>2026-06-07T12:30:48-05:00</time><course>53.24398</course><roll>-48.12312</roll><pitch>-6.501668</pitch><mode /></trkpt><trkpt lat="34.7563478" lon="-118.335842"><ele>800.43</ele><time>2026-06-07T12:30:48-05:00</time><course>67.62299</course><roll>-48.03408</roll><pitch>-3.756146</pitch><mode /></trkpt><trkpt lat="34.7563858" lon="-118.3357366"><ele>799.71</ele><time>2026-06-07T12:30:48-05:00</time><course>84.27051</course><roll>-46.51159</roll><pitch>-3.497873</pitch><mode /></trkpt><trkpt lat="34.7564091" lon="-118.3356274"><ele>799.25</ele><time>2026-06-07T12:30:49-05:00</time><course>97.1795</course><roll>-48.06725</roll><pitch>-7.134336</pitch><mode /></trkpt><trkpt lat="34.7564173" lon="-118.3355191"><ele>799.15</ele><time>2026-06-07T12:30:49-05:00</time><course>109.9782</course><roll>-48.92618</roll><pitch>-8.547157</pitch><mode /></trkpt><trkpt lat="34.7564114" lon="-118.3354168"><ele>799.5</ele><time>2026-06-07T12:30:50-05:00</time><course>122.0892</course><roll>-44.85676</roll><pitch>-9.416829</pitch><mode /></trkpt><trkpt lat="34.7563937" lon="-118.3353237"><ele>800.1</ele><time>2026-06-07T12:30:50-05:00</time><course>127.3041</course><roll>-35.36361</roll><pitch>-9.424198</pitch><mode /></trkpt><trkpt lat="34.7563717" lon="-118.3352351"><ele>800.62</ele><time>2026-06-07T12:30:50-05:00</time><course>136.1261</course><roll>-36.17683</roll><pitch>-5.549012</pitch><mode /></trkpt><trkpt lat="34.7563458" lon="-118.3351517"><ele>800.87</ele><time>2026-06-07T12:30:51-05:00</time><course>143.0324</course><roll>-38.30077</roll><pitch>-5.540386</pitch><mode /></trkpt><trkpt lat="34.7563148" lon="-118.335077"><ele>800.94</ele><time>2026-06-07T12:30:51-05:00</time><course>147.2937</course><roll>-36.93407</roll><pitch>-7.494324</pitch><mode /></trkpt><trkpt lat="34.7562803" lon="-118.335011"><ele>801.06</ele><time>2026-06-07T12:30:52-05:00</time><course>152.5823</course><roll>-34.3886</roll><pitch>-7.04018</pitch><mode /></trkpt><trkpt lat="34.756244" lon="-118.3349496"><ele>800.84</ele><time>2026-06-07T12:30:52-05:00</time><course>158.036</course><roll>-33.40686</roll><pitch>-5.864073</pitch><mode /></trkpt><trkpt lat="34.7562058" lon="-118.3348942"><ele>800.6</ele><time>2026-06-07T12:30:52-05:00</time><course>166.7142</course><roll>-31.89031</roll><pitch>-6.382258</pitch><mode /></trkpt><trkpt lat="34.7561652" lon="-118.3348511"><ele>800.93</ele><time>2026-06-07T12:30:53-05:00</time><course>168.8265</course><roll>-26.57976</roll><pitch>-7.483716</pitch><mode /></trkpt><trkpt lat="34.7561246" lon="-118.3348139"><ele>801.25</ele><time>2026-06-07T12:30:53-05:00</time><course>172.8119</course><roll>-23.18657</roll><pitch>-4.853716</pitch><mode /></trkpt><trkpt lat="34.7560844" lon="-118.334781"><ele>801.4</ele><time>2026-06-07T12:30:54-05:00</time><course>179.1029</course><roll>-23.8652</roll><pitch>-2.205326</pitch><mode /></trkpt><trkpt lat="34.756044" lon="-118.3347525"><ele>801.4</ele><time>2026-06-07T12:30:54-05:00</time><course>181.6189</course><roll>-23.43341</roll><pitch>-4.523527</pitch><mode /></trkpt><trkpt lat="34.7560042" lon="-118.3347322"><ele>801.56</ele><time>2026-06-07T12:30:54-05:00</time><course>181.1125</course><roll>-20.21164</roll><pitch>-5.08962</pitch><mode /></trkpt><trkpt lat="34.7559652" lon="-118.3347143"><ele>801.82</ele><time>2026-06-07T12:30:55-05:00</time><course>188.5803</course><roll>-17.62529</roll><pitch>-1.696981</pitch><mode /></trkpt><trkpt lat="34.7559268" lon="-118.3347"><ele>802.23</ele><time>2026-06-07T12:30:55-05:00</time><course>193.3401</course><roll>-16.28143</roll><pitch>-0.7282243</pitch><mode /></trkpt><trkpt lat="34.7558897" lon="-118.3346894"><ele>802.37</ele><time>2026-06-07T12:30:56-05:00</time><course>191.9158</course><roll>-13.54536</roll><pitch>0.2414078</pitch><mode /></trkpt><trkpt lat="34.7558527" lon="-118.3346809"><ele>802.26</ele><time>2026-06-07T12:30:56-05:00</time><course>192.4782</course><roll>-12.0565</roll><pitch>-0.3715916</pitch><mode /></trkpt><trkpt lat="34.7558156" lon="-118.3346745"><ele>802.32</ele><time>2026-06-07T12:30:56-05:00</time><course>195.3145</course><roll>-8.773422</roll><pitch>1.174467</pitch><mode /></trkpt><trkpt lat="34.7557781" lon="-118.3346692"><ele>802.35</ele><time>2026-06-07T12:30:57-05:00</time><course>199.2605</course><roll>-10.23392</roll><pitch>1.605725</pitch><mode /></trkpt><trkpt lat="34.7557407" lon="-118.3346657"><ele>802.46</ele><time>2026-06-07T12:30:57-05:00</time><course>201.6184</course><roll>-11.22091</roll><pitch>1.629879</pitch><mode /></trkpt><trkpt lat="34.7557043" lon="-118.3346654"><ele>802.72</ele><time>2026-06-07T12:30:58-05:00</time><course>200.2504</course><roll>-7.712622</roll><pitch>3.078354</pitch><mode /></trkpt><trkpt lat="34.7556684" lon="-118.3346645"><ele>802.44</ele><time>2026-06-07T12:30:58-05:00</time><course>201.7847</course><roll>-12.60351</roll><pitch>4.220232</pitch><mode /></trkpt><trkpt lat="34.7556003" lon="-118.3346669"><ele>800.88</ele><time>2026-06-07T12:30:59-05:00</time><course>204.4033</course><roll>-15.04395</roll><pitch>1.422258</pitch><mode /></trkpt><trkpt lat="34.7555684" lon="-118.3346717"><ele>800.21</ele><time>2026-06-07T12:30:59-05:00</time><course>204.7842</course><roll>-17.34905</roll><pitch>-0.7471157</pitch><mode /></trkpt><trkpt lat="34.7555382" lon="-118.33468"><ele>800.04</ele><time>2026-06-07T12:31:00-05:00</time><course>206.7976</course><roll>-10.56656</roll><pitch>-2.580608</pitch><mode /></trkpt><trkpt lat="34.7554662" lon="-118.3347041"><ele>800.18</ele><time>2026-06-07T12:31:01-05:00</time><course>210.9091</course><roll>-8.468255</roll><pitch>0.3672119</pitch><mode /></trkpt><trkpt lat="34.754825" lon="-118.3355723"><ele>797.07</ele><time>2026-06-07T12:31:23-05:00</time><course>221.9456</course><roll>-7.673289</roll><pitch>-10.32078</pitch><mode /></trkpt><trkpt lat="34.7547711" lon="-118.3356685"><ele>798.16</ele><time>2026-06-07T12:31:25-05:00</time><course>221.6521</course><roll>-6.215609</roll><pitch>-6.974329</pitch><mode /></trkpt><trkpt lat="34.7544526" lon="-118.3363225"><ele>798.17</ele><time>2026-06-07T12:31:36-05:00</time><course>221.5374</course><roll>7.179461</roll><pitch>-2.302427</pitch><mode /></trkpt><trkpt lat="34.7543573" lon="-118.3364164"><ele>797.13</ele><time>2026-06-07T12:31:38-05:00</time><course>212.6044</course><roll>-2.678061</roll><pitch>-2.343294</pitch><mode /></trkpt><trkpt lat="34.7542434" lon="-118.3364886"><ele>796.57</ele><time>2026-06-07T12:31:40-05:00</time><course>207.9783</course><roll>-4.906457</roll><pitch>-1.935793</pitch><mode /></trkpt><trkpt lat="34.7540273" lon="-118.3366257"><ele>794.67</ele><time>2026-06-07T12:31:44-05:00</time><course>213.6921</course><roll>-5.437252</roll><pitch>-4.246898</pitch><mode /></trkpt><trkpt lat="34.7536267" lon="-118.3368968"><ele>792.49</ele><time>2026-06-07T12:31:51-05:00</time><course>202.4595</course><roll>-7.684474</roll><pitch>3.905041</pitch><mode /></trkpt><trkpt lat="34.7536038" lon="-118.3369154"><ele>792.07</ele><time>2026-06-07T12:31:51-05:00</time><course>201.5022</course><roll>-0.5656431</roll><pitch>6.692724</pitch><mode /></trkpt><trkpt lat="34.7535803" lon="-118.336933"><ele>791.41</ele><time>2026-06-07T12:31:52-05:00</time><course>201.3147</course><roll>1.444788</roll><pitch>7.310677</pitch><mode /></trkpt><trkpt lat="34.7535559" lon="-118.3369494"><ele>790.86</ele><time>2026-06-07T12:31:52-05:00</time><course>200.2185</course><roll>11.5224</roll><pitch>7.271167</pitch><mode /></trkpt><trkpt lat="34.7535294" lon="-118.3369628"><ele>790.38</ele><time>2026-06-07T12:31:52-05:00</time><course>199.1827</course><roll>10.50759</roll><pitch>8.941011</pitch><mode /></trkpt><trkpt lat="34.7535015" lon="-118.3369729"><ele>789.49</ele><time>2026-06-07T12:31:53-05:00</time><course>196.8061</course><roll>11.71089</roll><pitch>7.093051</pitch><mode /></trkpt><trkpt lat="34.7534712" lon="-118.3369782"><ele>788.63</ele><time>2026-06-07T12:31:53-05:00</time><course>194.8869</course><roll>10.60388</roll><pitch>3.755787</pitch><mode /></trkpt><trkpt lat="34.7534053" lon="-118.3369758"><ele>788.19</ele><time>2026-06-07T12:31:54-05:00</time><course>185.9499</course><roll>6.932213</roll><pitch>2.989744</pitch><mode /></trkpt><trkpt lat="34.753372" lon="-118.3369697"><ele>787.85</ele><time>2026-06-07T12:31:54-05:00</time><course>180.3296</course><roll>1.315548</roll><pitch>1.939024</pitch><mode /></trkpt><trkpt lat="34.7533389" lon="-118.3369618"><ele>787.65</ele><time>2026-06-07T12:31:55-05:00</time><course>177.6211</course><roll>-4.007473</roll><pitch>1.812756</pitch><mode /></trkpt><trkpt lat="34.7533062" lon="-118.3369509"><ele>787.13</ele><time>2026-06-07T12:31:55-05:00</time><course>177.3171</course><roll>-6.557329</roll><pitch>1.397286</pitch><mode /></trkpt><trkpt lat="34.75324" lon="-118.336932"><ele>787.28</ele><time>2026-06-07T12:31:56-05:00</time><course>172.9093</course><roll>-0.01993359</roll><pitch>1.799904</pitch><mode /></trkpt><trkpt lat="34.7532078" lon="-118.33692"><ele>787.19</ele><time>2026-06-07T12:31:56-05:00</time><course>180.2216</course><roll>0.2743194</roll><pitch>4.017185</pitch><mode /></trkpt><trkpt lat="34.7531762" lon="-118.3369077"><ele>786.36</ele><time>2026-06-07T12:31:57-05:00</time><course>180.8148</course><roll>-4.071575</roll><pitch>0.8903608</pitch><mode /></trkpt><trkpt lat="34.7531442" lon="-118.3368966"><ele>785.9</ele><time>2026-06-07T12:31:57-05:00</time><course>177.4757</course><roll>-9.117275</roll><pitch>-0.8687282</pitch><mode /></trkpt><trkpt lat="34.753081" lon="-118.3368777"><ele>785.15</ele><time>2026-06-07T12:31:58-05:00</time><course>177.4115</course><roll>-11.75833</roll><pitch>-1.862811</pitch><mode /></trkpt><trkpt lat="34.7530496" lon="-118.3368719"><ele>785.3</ele><time>2026-06-07T12:31:58-05:00</time><course>179.0541</course><roll>-11.06143</roll><pitch>0.8834426</pitch><mode /></trkpt><trkpt lat="34.7530186" lon="-118.3368661"><ele>785.01</ele><time>2026-06-07T12:31:59-05:00</time><course>179.4135</course><roll>-11.40538</roll><pitch>1.052132</pitch><mode /></trkpt><trkpt lat="34.7529874" lon="-118.3368607"><ele>784.29</ele><time>2026-06-07T12:31:59-05:00</time><course>182.6674</course><roll>-11.69451</roll><pitch>-2.101565</pitch><mode /></trkpt><trkpt lat="34.7529555" lon="-118.3368588"><ele>783.79</ele><time>2026-06-07T12:32:00-05:00</time><course>182.4129</course><roll>-9.713566</roll><pitch>-4.20114</pitch><mode /></trkpt><trkpt lat="34.752924" lon="-118.3368586"><ele>783.65</ele><time>2026-06-07T12:32:00-05:00</time><course>184.2995</course><roll>-11.27638</roll><pitch>-3.522957</pitch><mode /></trkpt><trkpt lat="34.7528928" lon="-118.336858"><ele>783.37</ele><time>2026-06-07T12:32:00-05:00</time><course>188.4661</course><roll>-13.37486</roll><pitch>-3.301866</pitch><mode /></trkpt><trkpt lat="34.7528621" lon="-118.3368601"><ele>783.13</ele><time>2026-06-07T12:32:01-05:00</time><course>190.431</course><roll>-13.74418</roll><pitch>-5.274472</pitch><mode /></trkpt><trkpt lat="34.7528325" lon="-118.3368644"><ele>783.07</ele><time>2026-06-07T12:32:01-05:00</time><course>190.8261</course><roll>-13.20275</roll><pitch>-5.366317</pitch><mode /></trkpt><trkpt lat="34.7527754" lon="-118.3368787"><ele>783.33</ele><time>2026-06-07T12:32:02-05:00</time><course>193.2854</course><roll>-12.67492</roll><pitch>-5.669528</pitch><mode /></trkpt><trkpt lat="34.7527222" lon="-118.3369033"><ele>784.01</ele><time>2026-06-07T12:32:03-05:00</time><course>192.8521</course><roll>-8.005087</roll><pitch>-4.30095</pitch><mode /></trkpt><trkpt lat="34.752696" lon="-118.336916"><ele>784.3</ele><time>2026-06-07T12:32:03-05:00</time><course>195.533</course><roll>-5.657312</roll><pitch>-1.717325</pitch><mode /></trkpt><trkpt lat="34.7523191" lon="-118.3378708"><ele>785.84</ele><time>2026-06-07T12:32:15-05:00</time><course>254.073</course><roll>-18.22539</roll><pitch>0.1149052</pitch><mode /></trkpt><trkpt lat="34.7526886" lon="-118.3384439"><ele>785.38</ele><time>2026-06-07T12:32:20-05:00</time><course>296.8018</course><roll>-28.77643</roll><pitch>-4.965516</pitch><mode /></trkpt><trkpt lat="34.7530053" lon="-118.3385721"><ele>784.99</ele><time>2026-06-07T12:32:22-05:00</time><course>330.3322</course><roll>-39.2251</roll><pitch>-9.74007</pitch><mode /></trkpt><trkpt lat="34.7534073" lon="-118.3384812"><ele>785.13</ele><time>2026-06-07T12:32:24-05:00</time><course>22.12367</course><roll>-47.54255</roll><pitch>-13.40437</pitch><mode /></trkpt><trkpt lat="34.7537241" lon="-118.3381084"><ele>784.18</ele><time>2026-06-07T12:32:26-05:00</time><course>71.31303</course><roll>-40.75542</roll><pitch>-7.646999</pitch><mode /></trkpt><trkpt lat="34.7538153" lon="-118.3376212"><ele>784.51</ele><time>2026-06-07T12:32:28-05:00</time><course>113.7461</course><roll>-43.78675</roll><pitch>-6.142839</pitch><mode /></trkpt><trkpt lat="34.7534881" lon="-118.3369807"><ele>784.85</ele><time>2026-06-07T12:32:32-05:00</time><course>164.6796</course><roll>-24.71488</roll><pitch>-3.329588</pitch><mode /></trkpt><trkpt lat="34.7532684" lon="-118.3368607"><ele>785.4</ele><time>2026-06-07T12:32:34-05:00</time><course>178.8775</course><roll>-22.54856</roll><pitch>-0.9449707</pitch><mode /></trkpt><trkpt lat="34.7532248" lon="-118.3368498"><ele>785.6</ele><time>2026-06-07T12:32:34-05:00</time><course>182.8462</course><roll>-20.9404</roll><pitch>-0.1147028</pitch><mode /></trkpt><trkpt lat="34.753182" lon="-118.3368401"><ele>785.63</ele><time>2026-06-07T12:32:34-05:00</time><course>188.5848</course><roll>-17.15973</roll><pitch>4.23376</pitch><mode /></trkpt><trkpt lat="34.7530979" lon="-118.3368264"><ele>784.48</ele><time>2026-06-07T12:32:35-05:00</time><course>193.2646</course><roll>-8.745574</roll><pitch>0.03020704</pitch><mode /></trkpt><trkpt lat="34.7530552" lon="-118.3368251"><ele>784.57</ele><time>2026-06-07T12:32:36-05:00</time><course>194.0435</course><roll>-13.86807</roll><pitch>0.5163925</pitch><mode /></trkpt><trkpt lat="34.7529717" lon="-118.3368299"><ele>784.71</ele><time>2026-06-07T12:32:36-05:00</time><course>193.4239</course><roll>-8.61091</roll><pitch>1.910099</pitch><mode /></trkpt><trkpt lat="34.7529304" lon="-118.3368306"><ele>784.01</ele><time>2026-06-07T12:32:37-05:00</time><course>198.9034</course><roll>-12.17191</roll><pitch>3.478506</pitch><mode /></trkpt><trkpt lat="34.7528501" lon="-118.3368415"><ele>783</ele><time>2026-06-07T12:32:38-05:00</time><course>198.8022</course><roll>-15.5251</roll><pitch>-2.400516</pitch><mode /></trkpt><trkpt lat="34.7527813" lon="-118.3368697"><ele>783.3</ele><time>2026-06-07T12:32:38-05:00</time><course>193.1842</course><roll>-19.2649</roll><pitch>-4.304913</pitch><mode /></trkpt><trkpt lat="34.7527509" lon="-118.3368836"><ele>783.15</ele><time>2026-06-07T12:32:39-05:00</time><course>204.0991</course><roll>-19.98525</roll><pitch>-0.1924156</pitch><mode /></trkpt><trkpt lat="34.7527212" lon="-118.3368994"><ele>783.05</ele><time>2026-06-07T12:32:39-05:00</time><course>212.8663</course><roll>-18.4262</roll><pitch>-2.441283</pitch><mode /></trkpt><trkpt lat="34.7526955" lon="-118.3369228"><ele>783.48</ele><time>2026-06-07T12:32:40-05:00</time><course>205.5898</course><roll>-7.485205</roll><pitch>-1.382827</pitch><mode /></trkpt><trkpt lat="34.7526708" lon="-118.336945"><ele>783.76</ele><time>2026-06-07T12:32:40-05:00</time><course>205.809</course><roll>-6.641284</roll><pitch>0.8708394</pitch><mode /></trkpt><trkpt lat="34.752645" lon="-118.3369642"><ele>783.42</ele><time>2026-06-07T12:32:40-05:00</time><course>212.8152</course><roll>-4.92733</roll><pitch>1.669456</pitch><mode /></trkpt><trkpt lat="34.7526196" lon="-118.3369845"><ele>783.19</ele><time>2026-06-07T12:32:41-05:00</time><course>213.5235</course><roll>-4.265401</roll><pitch>-2.277618</pitch><mode /></trkpt><trkpt lat="34.7525952" lon="-118.3370051"><ele>783.59</ele><time>2026-06-07T12:32:41-05:00</time><course>211.9886</course><roll>-5.185106</roll><pitch>-1.289943</pitch><mode /></trkpt><trkpt lat="34.7522827" lon="-118.3375564"><ele>783.07</ele><time>2026-06-07T12:32:49-05:00</time><course>243.6581</course><roll>-15.58058</roll><pitch>-4.566589</pitch><mode /></trkpt><trkpt lat="34.7523032" lon="-118.3377891"><ele>783.23</ele><time>2026-06-07T12:32:51-05:00</time><course>249.6227</course><roll>-12.80374</roll><pitch>-5.288731</pitch><mode /></trkpt><trkpt lat="34.7523582" lon="-118.3380393"><ele>784.05</ele><time>2026-06-07T12:32:53-05:00</time><course>268.695</course><roll>-25.02106</roll><pitch>-5.455093</pitch><mode /></trkpt><trkpt lat="34.7534964" lon="-118.3384005"><ele>783.99</ele><time>2026-06-07T12:33:01-05:00</time><course>35.49231</course><roll>-46.21161</roll><pitch>-8.585819</pitch><mode /></trkpt><trkpt lat="34.7536759" lon="-118.3381588"><ele>783.89</ele><time>2026-06-07T12:33:02-05:00</time><course>66.32883</course><roll>-44.66187</roll><pitch>-6.919186</pitch><mode /></trkpt><trkpt lat="34.7537184" lon="-118.3380655"><ele>783.98</ele><time>2026-06-07T12:33:02-05:00</time><course>77.7186</course><roll>-43.68605</roll><pitch>-4.425037</pitch><mode /></trkpt><trkpt lat="34.7537506" lon="-118.3379695"><ele>783.93</ele><time>2026-06-07T12:33:03-05:00</time><course>86.02626</course><roll>-44.58106</roll><pitch>-6.098458</pitch><mode /></trkpt><trkpt lat="34.7537728" lon="-118.3378731"><ele>783.89</ele><time>2026-06-07T12:33:03-05:00</time><course>92.91731</course><roll>-43.32109</roll><pitch>-6.502378</pitch><mode /></trkpt><trkpt lat="34.7537877" lon="-118.3377769"><ele>783.69</ele><time>2026-06-07T12:33:03-05:00</time><course>101.828</course><roll>-42.04924</roll><pitch>-7.017729</pitch><mode /></trkpt><trkpt lat="34.7537924" lon="-118.3376838"><ele>783.61</ele><time>2026-06-07T12:33:04-05:00</time><course>110.2077</course><roll>-37.52926</roll><pitch>-7.297468</pitch><mode /></trkpt><trkpt lat="34.7537908" lon="-118.3375943"><ele>783.16</ele><time>2026-06-07T12:33:04-05:00</time><course>116.7898</course><roll>-36.93304</roll><pitch>-7.232646</pitch><mode /></trkpt><trkpt lat="34.7537831" lon="-118.3375088"><ele>782.56</ele><time>2026-06-07T12:33:05-05:00</time><course>124.4617</course><roll>-35.37165</roll><pitch>-8.80168</pitch><mode /></trkpt><trkpt lat="34.7537667" lon="-118.3374316"><ele>782.34</ele><time>2026-06-07T12:33:05-05:00</time><course>124.0294</course><roll>-17.68045</roll><pitch>-13.10168</pitch><mode /></trkpt><trkpt lat="34.7537456" lon="-118.3373629"><ele>783.24</ele><time>2026-06-07T12:33:05-05:00</time><course>126.0014</course><roll>-9.339937</roll><pitch>-13.87145</pitch><mode /></trkpt><trkpt lat="34.7537242" lon="-118.3372982"><ele>784.84</ele><time>2026-06-07T12:33:06-05:00</time><course>125.5641</course><roll>-4.183636</roll><pitch>-10.56995</pitch><mode /></trkpt><trkpt lat="34.7537043" lon="-118.3372332"><ele>786.08</ele><time>2026-06-07T12:33:06-05:00</time><course>124.5372</course><roll>7.940991</roll><pitch>-6.483946</pitch><mode /></trkpt><trkpt lat="34.753687" lon="-118.3371655"><ele>786.67</ele><time>2026-06-07T12:33:07-05:00</time><course>125.7956</course><roll>7.370579</roll><pitch>-6.085827</pitch><mode /></trkpt><trkpt lat="34.7536789" lon="-118.3371302"><ele>786.75</ele><time>2026-06-07T12:33:07-05:00</time><course>125.1273</course><roll>9.168191</roll><pitch>-7.267986</pitch><mode /></trkpt><trkpt lat="34.7536544" lon="-118.3369821"><ele>788.19</ele><time>2026-06-07T12:33:08-05:00</time><course>120.719</course><roll>4.654999</roll><pitch>-13.80127</pitch><mode /></trkpt><trkpt lat="34.753646" lon="-118.3369076"><ele>789.56</ele><time>2026-06-07T12:33:08-05:00</time><course>118.7301</course><roll>-0.6119421</roll><pitch>-15.13389</pitch><mode /></trkpt><trkpt lat="34.7536351" lon="-118.3367613"><ele>792.87</ele><time>2026-06-07T12:33:09-05:00</time><course>112.6117</course><roll>-2.381825</roll><pitch>-13.83399</pitch><mode /></trkpt><trkpt lat="34.7536329" lon="-118.3366878"><ele>794.05</ele><time>2026-06-07T12:33:09-05:00</time><course>116.4235</course><roll>-2.095458</roll><pitch>-12.90726</pitch><mode /></trkpt><trkpt lat="34.753632" lon="-118.336613"><ele>794.67</ele><time>2026-06-07T12:33:10-05:00</time><course>119.2845</course><roll>-7.771935</roll><pitch>-14.12483</pitch><mode /></trkpt><trkpt lat="34.7536299" lon="-118.3365394"><ele>795.17</ele><time>2026-06-07T12:33:10-05:00</time><course>116.9575</course><roll>-3.378749</roll><pitch>-15.33638</pitch><mode /></trkpt><trkpt lat="34.7536287" lon="-118.3364677"><ele>796.33</ele><time>2026-06-07T12:33:10-05:00</time><course>117.5085</course><roll>-3.236482</roll><pitch>-16.10907</pitch><mode /></trkpt><trkpt lat="34.7536288" lon="-118.3363965"><ele>797.68</ele><time>2026-06-07T12:33:11-05:00</time><course>118.3988</course><roll>-6.672814</roll><pitch>-16.07028</pitch><mode /></trkpt><trkpt lat="34.7536299" lon="-118.3363256"><ele>798.82</ele><time>2026-06-07T12:33:11-05:00</time><course>118.9153</course><roll>-10.79795</roll><pitch>-14.24062</pitch><mode /></trkpt><trkpt lat="34.7536312" lon="-118.3362542"><ele>799.52</ele><time>2026-06-07T12:33:12-05:00</time><course>121.7681</course><roll>-14.32105</roll><pitch>-14.45159</pitch><mode /></trkpt><trkpt lat="34.7536311" lon="-118.3361846"><ele>800.05</ele><time>2026-06-07T12:33:12-05:00</time><course>121.7002</course><roll>-13.72449</roll><pitch>-15.40636</pitch><mode /></trkpt><trkpt lat="34.7536292" lon="-118.3361164"><ele>800.38</ele><time>2026-06-07T12:33:12-05:00</time><course>120.0015</course><roll>-9.629661</roll><pitch>-16.30894</pitch><mode /></trkpt><trkpt lat="34.7536273" lon="-118.3360486"><ele>800.71</ele><time>2026-06-07T12:33:13-05:00</time><course>121.235</course><roll>-10.06553</roll><pitch>-15.55511</pitch><mode /></trkpt><trkpt lat="34.7536263" lon="-118.3359812"><ele>800.85</ele><time>2026-06-07T12:33:13-05:00</time><course>124.9586</course><roll>-5.712763</roll><pitch>-15.26761</pitch><mode /></trkpt><trkpt lat="34.7536253" lon="-118.3359141"><ele>801.09</ele><time>2026-06-07T12:33:14-05:00</time><course>125.7051</course><roll>-4.848451</roll><pitch>-16.11301</pitch><mode /></trkpt><trkpt lat="34.7536236" lon="-118.3358489"><ele>801.69</ele><time>2026-06-07T12:33:14-05:00</time><course>124.7073</course><roll>-4.363442</roll><pitch>-16.96441</pitch><mode /></trkpt><trkpt lat="34.7536225" lon="-118.3357849"><ele>803.01</ele><time>2026-06-07T12:33:14-05:00</time><course>120.9856</course><roll>-1.560556</roll><pitch>-16.55748</pitch><mode /></trkpt><trkpt lat="34.7536229" lon="-118.3356549"><ele>804.88</ele><time>2026-06-07T12:33:15-05:00</time><course>116.2165</course><roll>1.786685</roll><pitch>-12.19948</pitch><mode /></trkpt><trkpt lat="34.7536243" lon="-118.3355874"><ele>805.61</ele><time>2026-06-07T12:33:16-05:00</time><course>111.9263</course><roll>8.977664</roll><pitch>-12.30154</pitch><mode /></trkpt><trkpt lat="34.7536289" lon="-118.335518"><ele>806.86</ele><time>2026-06-07T12:33:16-05:00</time><course>109.3206</course><roll>9.51102</roll><pitch>-10.20062</pitch><mode /></trkpt><trkpt lat="34.7536369" lon="-118.3354459"><ele>808.08</ele><time>2026-06-07T12:33:16-05:00</time><course>106.4985</course><roll>12.50377</roll><pitch>-7.606391</pitch><mode /></trkpt><trkpt lat="34.7536476" lon="-118.3353724"><ele>809.06</ele><time>2026-06-07T12:33:17-05:00</time><course>100.5748</course><roll>17.91835</roll><pitch>-5.383839</pitch><mode /></trkpt><trkpt lat="34.7536626" lon="-118.3352957"><ele>809.87</ele><time>2026-06-07T12:33:17-05:00</time><course>95.39323</course><roll>19.5955</roll><pitch>-4.196015</pitch><mode /></trkpt><trkpt lat="34.7536825" lon="-118.3352167"><ele>810.64</ele><time>2026-06-07T12:33:18-05:00</time><course>87.53061</course><roll>21.15753</roll><pitch>-2.410719</pitch><mode /></trkpt><trkpt lat="34.7537078" lon="-118.3351357"><ele>811.27</ele><time>2026-06-07T12:33:18-05:00</time><course>79.65056</course><roll>18.32673</roll><pitch>-1.241222</pitch><mode /></trkpt><trkpt lat="34.7537375" lon="-118.335054"><ele>811.7</ele><time>2026-06-07T12:33:18-05:00</time><course>71.88287</course><roll>13.06584</roll><pitch>-0.4629027</pitch><mode /></trkpt><trkpt lat="34.7537721" lon="-118.3349729"><ele>811.87</ele><time>2026-06-07T12:33:19-05:00</time><course>69.15428</course><roll>0.8705751</roll><pitch>0.5449322</pitch><mode /></trkpt><trkpt lat="34.7538097" lon="-118.3348919"><ele>811.68</ele><time>2026-06-07T12:33:19-05:00</time><course>71.36412</course><roll>-4.865467</roll><pitch>0.1906763</pitch><mode /></trkpt><trkpt lat="34.7538485" lon="-118.3348095"><ele>811.52</ele><time>2026-06-07T12:33:20-05:00</time><course>74.33091</course><roll>-21.41142</roll><pitch>-1.853426</pitch><mode /></trkpt><trkpt lat="34.7538848" lon="-118.334725"><ele>811.34</ele><time>2026-06-07T12:33:20-05:00</time><course>76.88006</course><roll>-26.25313</roll><pitch>-2.792039</pitch><mode /></trkpt><trkpt lat="34.7539166" lon="-118.3346381"><ele>811.04</ele><time>2026-06-07T12:33:20-05:00</time><course>81.37696</course><roll>-27.49754</roll><pitch>-3.342096</pitch><mode /></trkpt><trkpt lat="34.7539446" lon="-118.3345486"><ele>810.71</ele><time>2026-06-07T12:33:21-05:00</time><course>89.10451</course><roll>-31.00899</roll><pitch>-2.849536</pitch><mode /></trkpt><trkpt lat="34.7539675" lon="-118.3344569"><ele>810.17</ele><time>2026-06-07T12:33:21-05:00</time><course>95.96287</course><roll>-35.57723</roll><pitch>-2.447772</pitch><mode /></trkpt><trkpt lat="34.7539838" lon="-118.3343647"><ele>809.59</ele><time>2026-06-07T12:33:22-05:00</time><course>106.1998</course><roll>-36.00517</roll><pitch>-5.843069</pitch><mode /></trkpt><trkpt lat="34.75399" lon="-118.3342744"><ele>809.27</ele><time>2026-06-07T12:33:22-05:00</time><course>114.4196</course><roll>-38.03209</roll><pitch>-9.227958</pitch><mode /></trkpt><trkpt lat="34.7539869" lon="-118.3341903"><ele>809.36</ele><time>2026-06-07T12:33:22-05:00</time><course>121.429</course><roll>-32.77061</roll><pitch>-10.4331</pitch><mode /></trkpt><trkpt lat="34.7539777" lon="-118.3341121"><ele>809.74</ele><time>2026-06-07T12:33:23-05:00</time><course>129.9957</course><roll>-32.27176</roll><pitch>-8.7491</pitch><mode /></trkpt><trkpt lat="34.7539624" lon="-118.3340401"><ele>810.44</ele><time>2026-06-07T12:33:23-05:00</time><course>137.0423</course><roll>-30.46382</roll><pitch>-9.188494</pitch><mode /></trkpt><trkpt lat="34.7539431" lon="-118.3339752"><ele>811.44</ele><time>2026-06-07T12:33:24-05:00</time><course>141.2118</course><roll>-32.25036</roll><pitch>-8.348403</pitch><mode /></trkpt><trkpt lat="34.7539221" lon="-118.3339155"><ele>811.99</ele><time>2026-06-07T12:33:24-05:00</time><course>143.0017</course><roll>-29.20538</roll><pitch>-9.017143</pitch><mode /></trkpt><trkpt lat="34.7538994" lon="-118.3338603"><ele>812.26</ele><time>2026-06-07T12:33:24-05:00</time><course>146.3919</course><roll>-26.12888</roll><pitch>-7.508634</pitch><mode /></trkpt><trkpt lat="34.7538749" lon="-118.3338095"><ele>812.46</ele><time>2026-06-07T12:33:25-05:00</time><course>151.927</course><roll>-23.83669</roll><pitch>-5.861605</pitch><mode /></trkpt><trkpt lat="34.7538486" lon="-118.3337625"><ele>812.62</ele><time>2026-06-07T12:33:25-05:00</time><course>155.8786</course><roll>-23.41217</roll><pitch>-4.952743</pitch><mode /></trkpt><trkpt lat="34.7538209" lon="-118.3337191"><ele>812.71</ele><time>2026-06-07T12:33:26-05:00</time><course>162.498</course><roll>-24.04555</roll><pitch>-4.174427</pitch><mode /></trkpt><trkpt lat="34.7537918" lon="-118.3336806"><ele>813.16</ele><time>2026-06-07T12:33:26-05:00</time><course>168.4151</course><roll>-21.5274</roll><pitch>-3.315044</pitch><mode /></trkpt><trkpt lat="34.7537626" lon="-118.333646"><ele>813.45</ele><time>2026-06-07T12:33:26-05:00</time><course>174.2243</course><roll>-21.13802</roll><pitch>-1.477649</pitch><mode /></trkpt><trkpt lat="34.7537332" lon="-118.3336156"><ele>813.4</ele><time>2026-06-07T12:33:27-05:00</time><course>176.7553</course><roll>-21.1348</roll><pitch>-4.263284</pitch><mode /></trkpt><trkpt lat="34.7537042" lon="-118.3335921"><ele>813.59</ele><time>2026-06-07T12:33:27-05:00</time><course>176.5525</course><roll>-17.88243</roll><pitch>-5.035052</pitch><mode /></trkpt><trkpt lat="34.7536762" lon="-118.3335708"><ele>813.78</ele><time>2026-06-07T12:33:28-05:00</time><course>180.6199</course><roll>-16.82183</roll><pitch>-3.423761</pitch><mode /></trkpt><trkpt lat="34.7536487" lon="-118.3335515"><ele>813.88</ele><time>2026-06-07T12:33:28-05:00</time><course>184.1248</course><roll>-15.42023</roll><pitch>-3.582692</pitch><mode /></trkpt><trkpt lat="34.753622" lon="-118.3335366"><ele>814.2</ele><time>2026-06-07T12:33:28-05:00</time><course>185.9493</course><roll>-12.16564</roll><pitch>-3.471397</pitch><mode /></trkpt><trkpt lat="34.7535956" lon="-118.3335246"><ele>814.68</ele><time>2026-06-07T12:33:29-05:00</time><course>189.0069</course><roll>-16.61414</roll><pitch>-1.663399</pitch><mode /></trkpt><trkpt lat="34.75357" lon="-118.3335151"><ele>814.89</ele><time>2026-06-07T12:33:29-05:00</time><course>190.0926</course><roll>-16.7808</roll><pitch>-1.61905</pitch><mode /></trkpt><trkpt lat="34.7535451" lon="-118.3335085"><ele>814.89</ele><time>2026-06-07T12:33:30-05:00</time><course>189.5658</course><roll>-11.67671</roll><pitch>-1.727029</pitch><mode /></trkpt><trkpt lat="34.7535202" lon="-118.3335024"><ele>814.62</ele><time>2026-06-07T12:33:30-05:00</time><course>191.8436</course><roll>-11.92034</roll><pitch>-1.057688</pitch><mode /></trkpt><trkpt lat="34.7534953" lon="-118.3334977"><ele>814.07</ele><time>2026-06-07T12:33:30-05:00</time><course>193.513</course><roll>-11.63878</roll><pitch>-2.005728</pitch><mode /></trkpt><trkpt lat="34.7534701" lon="-118.3334949"><ele>813.45</ele><time>2026-06-07T12:33:31-05:00</time><course>193.8004</course><roll>-10.49828</roll><pitch>-3.877006</pitch><mode /></trkpt><trkpt lat="34.7534452" lon="-118.333494"><ele>812.99</ele><time>2026-06-07T12:33:31-05:00</time><course>193.3541</course><roll>-7.247447</roll><pitch>-4.933336</pitch><mode /></trkpt><trkpt lat="34.7534202" lon="-118.3334926"><ele>812.68</ele><time>2026-06-07T12:33:32-05:00</time><course>197.6869</course><roll>-6.824237</roll><pitch>-4.821377</pitch><mode /></trkpt><trkpt lat="34.7533953" lon="-118.3334914"><ele>812.43</ele><time>2026-06-07T12:33:32-05:00</time><course>199.3644</course><roll>-9.693209</roll><pitch>-6.778502</pitch><mode /></trkpt><trkpt lat="34.7531493" lon="-118.333545"><ele>813.88</ele><time>2026-06-07T12:33:37-05:00</time><course>206.131</course><roll>-8.441113</roll><pitch>-4.028749</pitch><mode /></trkpt><trkpt lat="34.7530583" lon="-118.3335994"><ele>814.19</ele><time>2026-06-07T12:33:39-05:00</time><course>203.9508</course><roll>-5.696035</roll><pitch>-3.191696</pitch><mode /></trkpt><trkpt lat="34.7529704" lon="-118.3336586"><ele>813.94</ele><time>2026-06-07T12:33:41-05:00</time><course>213.5985</course><roll>-10.35809</roll><pitch>-5.709605</pitch><mode /></trkpt><trkpt lat="34.7529013" lon="-118.3337369"><ele>815.63</ele><time>2026-06-07T12:33:43-05:00</time><course>207.999</course><roll>-8.336906</roll><pitch>-1.688734</pitch><mode /></trkpt><trkpt lat="34.7528505" lon="-118.3338044"><ele>815.1</ele><time>2026-06-07T12:33:44-05:00</time><course>209.9272</course><roll>-7.389996</roll><pitch>-2.430958</pitch><mode /></trkpt><trkpt lat="34.7528378" lon="-118.3338215"><ele>814.92</ele><time>2026-06-07T12:33:45-05:00</time><course>213.2034</course><roll>-7.872897</roll><pitch>-4.03706</pitch><mode /></trkpt><trkpt lat="34.752826" lon="-118.3338414"><ele>814.94</ele><time>2026-06-07T12:33:45-05:00</time><course>211.6082</course><roll>-7.058003</roll><pitch>-4.722034</pitch><mode /></trkpt><trkpt lat="34.7528139" lon="-118.3338617"><ele>815.36</ele><time>2026-06-07T12:33:45-05:00</time><course>214.0953</course><roll>-6.31809</roll><pitch>-2.565667</pitch><mode /></trkpt><trkpt lat="34.7528012" lon="-118.3338811"><ele>815.51</ele><time>2026-06-07T12:33:46-05:00</time><course>217.175</course><roll>-11.09994</roll><pitch>-1.862501</pitch><mode /></trkpt><trkpt lat="34.7527893" lon="-118.3339024"><ele>815.49</ele><time>2026-06-07T12:33:46-05:00</time><course>217.1166</course><roll>-9.988725</roll><pitch>-3.526367</pitch><mode /></trkpt><trkpt lat="34.752779" lon="-118.3339263"><ele>815.63</ele><time>2026-06-07T12:33:47-05:00</time><course>213.5049</course><roll>-8.029484</roll><pitch>-4.442119</pitch><mode /></trkpt><trkpt lat="34.7527693" lon="-118.3339513"><ele>815.87</ele><time>2026-06-07T12:33:47-05:00</time><course>211.6573</course><roll>-6.84596</roll><pitch>-3.239864</pitch><mode /></trkpt><trkpt lat="34.7527595" lon="-118.3339761"><ele>816.18</ele><time>2026-06-07T12:33:47-05:00</time><course>212.8197</course><roll>-7.887405</roll><pitch>-1.590951</pitch><mode /></trkpt><trkpt lat="34.752749" lon="-118.3340008"><ele>816.14</ele><time>2026-06-07T12:33:48-05:00</time><course>216.3459</course><roll>-8.000554</roll><pitch>-0.4364972</pitch><mode /></trkpt><trkpt lat="34.7527384" lon="-118.3340262"><ele>815.97</ele><time>2026-06-07T12:33:48-05:00</time><course>220.6177</course><roll>-8.422625</roll><pitch>-1.144223</pitch><mode /></trkpt><trkpt lat="34.7527282" lon="-118.3340541"><ele>816.22</ele><time>2026-06-07T12:33:49-05:00</time><course>220.5794</course><roll>-9.320692</roll><pitch>-2.422676</pitch><mode /></trkpt><trkpt lat="34.7527198" lon="-118.3340843"><ele>816.67</ele><time>2026-06-07T12:33:49-05:00</time><course>219.4579</course><roll>-10.89317</roll><pitch>-1.459781</pitch><mode /></trkpt><trkpt lat="34.7527124" lon="-118.3341149"><ele>816.83</ele><time>2026-06-07T12:33:49-05:00</time><course>218.6719</course><roll>-9.642352</roll><pitch>0.8465018</pitch><mode /></trkpt><trkpt lat="34.7527044" lon="-118.3341456"><ele>816.63</ele><time>2026-06-07T12:33:50-05:00</time><course>221.9584</course><roll>-10.4421</roll><pitch>0.3456582</pitch><mode /></trkpt><trkpt lat="34.7526969" lon="-118.334179"><ele>816.67</ele><time>2026-06-07T12:33:50-05:00</time><course>223.8349</course><roll>-12.65842</roll><pitch>-1.348376</pitch><mode /></trkpt><trkpt lat="34.7526909" lon="-118.3342146"><ele>816.71</ele><time>2026-06-07T12:33:51-05:00</time><course>224.5945</course><roll>-9.891129</roll><pitch>0.7876043</pitch><mode /></trkpt><trkpt lat="34.752685" lon="-118.3342502"><ele>816.49</ele><time>2026-06-07T12:33:51-05:00</time><course>227.565</course><roll>-9.5595</roll><pitch>-0.2647159</pitch><mode /></trkpt><trkpt lat="34.7526802" lon="-118.3342876"><ele>816.48</ele><time>2026-06-07T12:33:51-05:00</time><course>230.6979</course><roll>-12.29524</roll><pitch>0.525766</pitch><mode /></trkpt><trkpt lat="34.7526768" lon="-118.3343257"><ele>816.21</ele><time>2026-06-07T12:33:52-05:00</time><course>232.9272</course><roll>-13.62746</roll><pitch>-1.188296</pitch><mode /></trkpt><trkpt lat="34.7526761" lon="-118.3343656"><ele>816.06</ele><time>2026-06-07T12:33:52-05:00</time><course>234.1106</course><roll>-12.62931</roll><pitch>-1.089605</pitch><mode /></trkpt><trkpt lat="34.7526767" lon="-118.3344062"><ele>815.95</ele><time>2026-06-07T12:33:53-05:00</time><course>238.4411</course><roll>-15.16373</roll><pitch>-1.260958</pitch><mode /></trkpt><trkpt lat="34.7526797" lon="-118.3344475"><ele>815.74</ele><time>2026-06-07T12:33:53-05:00</time><course>240.277</course><roll>-14.84522</roll><pitch>-2.139285</pitch><mode /></trkpt><trkpt lat="34.7526857" lon="-118.3344905"><ele>815.67</ele><time>2026-06-07T12:33:53-05:00</time><course>242.023</course><roll>-15.77267</roll><pitch>-3.381398</pitch><mode /></trkpt><trkpt lat="34.7526947" lon="-118.3345343"><ele>815.89</ele><time>2026-06-07T12:33:54-05:00</time><course>243.7353</course><roll>-15.30701</roll><pitch>-3.094392</pitch><mode /></trkpt><trkpt lat="34.7527058" lon="-118.3345784"><ele>816.03</ele><time>2026-06-07T12:33:54-05:00</time><course>247.7308</course><roll>-13.73564</roll><pitch>-1.715414</pitch><mode /></trkpt><trkpt lat="34.7527193" lon="-118.3346226"><ele>815.98</ele><time>2026-06-07T12:33:55-05:00</time><course>250.2195</course><roll>-11.25237</roll><pitch>-1.61253</pitch><mode /></trkpt><trkpt lat="34.7527347" lon="-118.3346672"><ele>815.86</ele><time>2026-06-07T12:33:55-05:00</time><course>253.2909</course><roll>-11.66964</roll><pitch>-1.229017</pitch><mode /></trkpt><trkpt lat="34.7527512" lon="-118.3347124"><ele>815.72</ele><time>2026-06-07T12:33:55-05:00</time><course>256.6797</course><roll>-12.79551</roll><pitch>-1.369361</pitch><mode /></trkpt><trkpt lat="34.7527697" lon="-118.334758"><ele>815.57</ele><time>2026-06-07T12:33:56-05:00</time><course>260.5809</course><roll>-15.73367</roll><pitch>-2.471763</pitch><mode /></trkpt><trkpt lat="34.7527916" lon="-118.3348036"><ele>815.59</ele><time>2026-06-07T12:33:56-05:00</time><course>260.9064</course><roll>-17.7374</roll><pitch>-2.335007</pitch><mode /></trkpt><trkpt lat="34.7528173" lon="-118.334849"><ele>815.43</ele><time>2026-06-07T12:33:57-05:00</time><course>260.3226</course><roll>-16.73957</roll><pitch>-4.810184</pitch><mode /></trkpt><trkpt lat="34.752847" lon="-118.3348945"><ele>815.58</ele><time>2026-06-07T12:33:57-05:00</time><course>261.0707</course><roll>-12.84687</roll><pitch>-3.120764</pitch><mode /></trkpt><trkpt lat="34.7528772" lon="-118.3349398"><ele>815.77</ele><time>2026-06-07T12:33:57-05:00</time><course>266.7527</course><roll>-16.26876</roll><pitch>-0.4195842</pitch><mode /></trkpt><trkpt lat="34.7528922" lon="-118.3349623"><ele>815.63</ele><time>2026-06-07T12:33:58-05:00</time><course>272.8618</course><roll>-18.78078</roll><pitch>1.136231</pitch><mode /></trkpt><trkpt lat="34.7529241" lon="-118.3350077"><ele>815.08</ele><time>2026-06-07T12:33:58-05:00</time><course>279.5014</course><roll>-20.80871</roll><pitch>-1.058079</pitch><mode /></trkpt><trkpt lat="34.7529624" lon="-118.3350532"><ele>814.86</ele><time>2026-06-07T12:33:58-05:00</time><course>282.0202</course><roll>-22.95947</roll><pitch>-4.589803</pitch><mode /></trkpt><trkpt lat="34.753005" lon="-118.3350973"><ele>814.83</ele><time>2026-06-07T12:33:59-05:00</time><course>287.7013</course><roll>-27.67584</roll><pitch>-4.018219</pitch><mode /></trkpt><trkpt lat="34.7530517" lon="-118.3351399"><ele>814.75</ele><time>2026-06-07T12:33:59-05:00</time><course>295.436</course><roll>-33.22509</roll><pitch>-4.736967</pitch><mode /></trkpt><trkpt lat="34.7531054" lon="-118.3351786"><ele>814.82</ele><time>2026-06-07T12:34:00-05:00</time><course>302.5419</course><roll>-31.91816</roll><pitch>-6.047073</pitch><mode /></trkpt><trkpt lat="34.7531653" lon="-118.3352122"><ele>814.96</ele><time>2026-06-07T12:34:00-05:00</time><course>308.821</course><roll>-34.90229</roll><pitch>-4.286378</pitch><mode /></trkpt><trkpt lat="34.7532287" lon="-118.3352423"><ele>814.8</ele><time>2026-06-07T12:34:00-05:00</time><course>320.5985</course><roll>-35.82142</roll><pitch>-2.563286</pitch><mode /></trkpt><trkpt lat="34.7532981" lon="-118.3352657"><ele>814.71</ele><time>2026-06-07T12:34:01-05:00</time><course>332.7386</course><roll>-37.67258</roll><pitch>-1.98953</pitch><mode /></trkpt><trkpt lat="34.7533719" lon="-118.3352797"><ele>814.63</ele><time>2026-06-07T12:34:01-05:00</time><course>344.7376</course><roll>-42.57433</roll><pitch>-4.297062</pitch><mode /></trkpt><trkpt lat="34.753449" lon="-118.3352778"><ele>814.85</ele><time>2026-06-07T12:34:02-05:00</time><course>354.1921</course><roll>-39.52311</roll><pitch>-7.745518</pitch><mode /></trkpt><trkpt lat="34.7535269" lon="-118.3352627"><ele>815.25</ele><time>2026-06-07T12:34:02-05:00</time><course>0.6801869</course><roll>-36.37907</roll><pitch>-6.204667</pitch><mode /></trkpt><trkpt lat="34.7536035" lon="-118.3352397"><ele>815.47</ele><time>2026-06-07T12:34:02-05:00</time><course>9.458529</course><roll>-37.86705</roll><pitch>-3.451139</pitch><mode /></trkpt><trkpt lat="34.7536779" lon="-118.3352078"><ele>815.48</ele><time>2026-06-07T12:34:03-05:00</time><course>18.76148</course><roll>-36.4376</roll><pitch>-4.214113</pitch><mode /></trkpt><trkpt lat="34.7537484" lon="-118.3351649"><ele>815.67</ele><time>2026-06-07T12:34:03-05:00</time><course>26.5007</course><roll>-38.97899</roll><pitch>-3.360056</pitch><mode /></trkpt><trkpt lat="34.7538156" lon="-118.3351149"><ele>815.68</ele><time>2026-06-07T12:34:04-05:00</time><course>40.10363</course><roll>-41.3091</roll><pitch>-1.507295</pitch><mode /></trkpt><trkpt lat="34.7538754" lon="-118.3350535"><ele>815.87</ele><time>2026-06-07T12:34:04-05:00</time><course>47.01536</course><roll>-38.63587</roll><pitch>-4.020708</pitch><mode /></trkpt><trkpt lat="34.7539273" lon="-118.3349845"><ele>816.15</ele><time>2026-06-07T12:34:04-05:00</time><course>54.9086</course><roll>-34.76305</roll><pitch>-1.732564</pitch><mode /></trkpt><trkpt lat="34.7539736" lon="-118.3349123"><ele>816.21</ele><time>2026-06-07T12:34:05-05:00</time><course>64.7432</course><roll>-37.89604</roll><pitch>0.8233885</pitch><mode /></trkpt><trkpt lat="34.7540115" lon="-118.3348356"><ele>816.31</ele><time>2026-06-07T12:34:05-05:00</time><course>72.59486</course><roll>-34.7683</roll><pitch>0.4739682</pitch><mode /></trkpt><trkpt lat="34.7540418" lon="-118.334756"><ele>816.33</ele><time>2026-06-07T12:34:06-05:00</time><course>79.58085</course><roll>-31.80157</roll><pitch>2.06368</pitch><mode /></trkpt><trkpt lat="34.754067" lon="-118.3346757"><ele>816.04</ele><time>2026-06-07T12:34:06-05:00</time><course>87.98847</course><roll>-30.31443</roll><pitch>4.430658</pitch><mode /></trkpt><trkpt lat="34.7540877" lon="-118.3345949"><ele>815.45</ele><time>2026-06-07T12:34:06-05:00</time><course>98.25452</course><roll>-30.56385</roll><pitch>5.399683</pitch><mode /></trkpt><trkpt lat="34.7541004" lon="-118.3345142"><ele>814.87</ele><time>2026-06-07T12:34:07-05:00</time><course>105.5414</course><roll>-31.51786</roll><pitch>1.336709</pitch><mode /></trkpt><trkpt lat="34.7541022" lon="-118.3344364"><ele>814.66</ele><time>2026-06-07T12:34:07-05:00</time><course>105.6756</course><roll>-28.25702</roll><pitch>-2.179598</pitch><mode /></trkpt><trkpt lat="34.7540996" lon="-118.3343616"><ele>814.26</ele><time>2026-06-07T12:34:08-05:00</time><course>111.1895</course><roll>-22.45338</roll><pitch>0.6462478</pitch><mode /></trkpt><trkpt lat="34.7540952" lon="-118.3342884"><ele>813.65</ele><time>2026-06-07T12:34:08-05:00</time><course>120.417</course><roll>-23.3699</roll><pitch>2.127639</pitch><mode /></trkpt><trkpt lat="34.7540867" lon="-118.3342179"><ele>812.91</ele><time>2026-06-07T12:34:08-05:00</time><course>126.0261</course><roll>-23.91471</roll><pitch>-0.6168094</pitch><mode /></trkpt><trkpt lat="34.7540724" lon="-118.3341515"><ele>812.47</ele><time>2026-06-07T12:34:09-05:00</time><course>129.1179</course><roll>-22.33626</roll><pitch>-2.491408</pitch><mode /></trkpt><trkpt lat="34.7540542" lon="-118.3340889"><ele>812.3</ele><time>2026-06-07T12:34:09-05:00</time><course>132.5429</course><roll>-20.5973</roll><pitch>-2.426071</pitch><mode /></trkpt><trkpt lat="34.7540341" lon="-118.3340296"><ele>812.09</ele><time>2026-06-07T12:34:10-05:00</time><course>138.0843</course><roll>-19.50673</roll><pitch>-2.571343</pitch><mode /></trkpt><trkpt lat="34.7540116" lon="-118.3339745"><ele>812.16</ele><time>2026-06-07T12:34:10-05:00</time><course>142.1583</course><roll>-18.72432</roll><pitch>-2.907052</pitch><mode /></trkpt><trkpt lat="34.7539874" lon="-118.3339235"><ele>812.32</ele><time>2026-06-07T12:34:10-05:00</time><course>145.9787</course><roll>-17.95102</roll><pitch>-1.483721</pitch><mode /></trkpt><trkpt lat="34.7539627" lon="-118.3338748"><ele>812.34</ele><time>2026-06-07T12:34:11-05:00</time><course>151.7213</course><roll>-20.47558</roll><pitch>-1.217745</pitch><mode /></trkpt><trkpt lat="34.7539365" lon="-118.3338309"><ele>812.32</ele><time>2026-06-07T12:34:11-05:00</time><course>154.1973</course><roll>-20.2878</roll><pitch>-2.693942</pitch><mode /></trkpt><trkpt lat="34.7539096" lon="-118.3337912"><ele>812.3</ele><time>2026-06-07T12:34:12-05:00</time><course>157.231</course><roll>-15.53902</roll><pitch>-3.188699</pitch><mode /></trkpt><trkpt lat="34.7538821" lon="-118.3337559"><ele>812.55</ele><time>2026-06-07T12:34:12-05:00</time><course>161.0589</course><roll>-13.96917</roll><pitch>-2.508978</pitch><mode /></trkpt><trkpt lat="34.7538543" lon="-118.3337238"><ele>812.57</ele><time>2026-06-07T12:34:12-05:00</time><course>162.1842</course><roll>-15.15821</roll><pitch>-2.442095</pitch><mode /></trkpt><trkpt lat="34.7538269" lon="-118.3336952"><ele>812.55</ele><time>2026-06-07T12:34:13-05:00</time><course>162.7731</course><roll>-14.22483</roll><pitch>-2.381441</pitch><mode /></trkpt><trkpt lat="34.7537995" lon="-118.3336683"><ele>812.18</ele><time>2026-06-07T12:34:13-05:00</time><course>166.0559</course><roll>-11.94299</roll><pitch>-2.81678</pitch><mode /></trkpt><trkpt lat="34.7537727" lon="-118.3336432"><ele>812.12</ele><time>2026-06-07T12:34:14-05:00</time><course>172.5126</course><roll>-12.38089</roll><pitch>-3.303197</pitch><mode /></trkpt><trkpt lat="34.7537456" lon="-118.3336219"><ele>812.45</ele><time>2026-06-07T12:34:14-05:00</time><course>174.7403</course><roll>-15.53085</roll><pitch>-3.650211</pitch><mode /></trkpt><trkpt lat="34.7537196" lon="-118.333604"><ele>812.76</ele><time>2026-06-07T12:34:14-05:00</time><course>175.7188</course><roll>-12.67235</roll><pitch>-1.978601</pitch><mode /></trkpt><trkpt lat="34.753695" lon="-118.333587"><ele>812.85</ele><time>2026-06-07T12:34:15-05:00</time><course>179.2945</course><roll>-9.648932</roll><pitch>-2.148604</pitch><mode /></trkpt><trkpt lat="34.7536714" lon="-118.3335721"><ele>812.79</ele><time>2026-06-07T12:34:15-05:00</time><course>181.3386</course><roll>-11.04087</roll><pitch>-2.049559</pitch><mode /></trkpt><trkpt lat="34.7536482" lon="-118.3335587"><ele>812.33</ele><time>2026-06-07T12:34:16-05:00</time><course>183.1732</course><roll>-12.36061</roll><pitch>-3.249473</pitch><mode /></trkpt><trkpt lat="34.7536248" lon="-118.3335472"><ele>811.8</ele><time>2026-06-07T12:34:16-05:00</time><course>184.3828</course><roll>-10.56283</roll><pitch>-4.930429</pitch><mode /></trkpt><trkpt lat="34.7536017" lon="-118.3335381"><ele>811.37</ele><time>2026-06-07T12:34:16-05:00</time><course>186.3702</course><roll>-8.222549</roll><pitch>-5.793605</pitch><mode /></trkpt><trkpt lat="34.7535785" lon="-118.3335298"><ele>811.28</ele><time>2026-06-07T12:34:17-05:00</time><course>188.8246</course><roll>-10.03728</roll><pitch>-5.817053</pitch><mode /></trkpt><trkpt lat="34.7535556" lon="-118.333523"><ele>811.28</ele><time>2026-06-07T12:34:17-05:00</time><course>190.431</course><roll>-7.747166</roll><pitch>-5.905411</pitch><mode /></trkpt><trkpt lat="34.7535334" lon="-118.3335176"><ele>811.46</ele><time>2026-06-07T12:34:18-05:00</time><course>191.4337</course><roll>-8.685632</roll><pitch>-6.889135</pitch><mode /></trkpt><trkpt lat="34.753512" lon="-118.3335143"><ele>811.77</ele><time>2026-06-07T12:34:18-05:00</time><course>189.9344</course><roll>-8.559198</roll><pitch>-6.513584</pitch><mode /></trkpt><trkpt lat="34.7534912" lon="-118.3335118"><ele>812.07</ele><time>2026-06-07T12:34:18-05:00</time><course>190.0184</course><roll>-6.729462</roll><pitch>-5.474413</pitch><mode /></trkpt><trkpt lat="34.7534711" lon="-118.333508"><ele>812.43</ele><time>2026-06-07T12:34:19-05:00</time><course>195.1212</course><roll>-7.829804</roll><pitch>-4.485265</pitch><mode /></trkpt><trkpt lat="34.7534519" lon="-118.333506"><ele>812.87</ele><time>2026-06-07T12:34:19-05:00</time><course>195.9714</course><roll>-8.725512</roll><pitch>-3.951256</pitch><mode /></trkpt><trkpt lat="34.7534344" lon="-118.3335059"><ele>813.15</ele><time>2026-06-07T12:34:20-05:00</time><course>192.6525</course><roll>-7.317917</roll><pitch>-3.73824</pitch><mode /></trkpt><trkpt lat="34.7534185" lon="-118.3335062"><ele>813.36</ele><time>2026-06-07T12:34:20-05:00</time><course>192.5581</course><roll>-5.547301</roll><pitch>-2.750406</pitch><mode /></trkpt><trkpt lat="34.7534038" lon="-118.333506"><ele>813.55</ele><time>2026-06-07T12:34:20-05:00</time><course>194.6791</course><roll>-8.629739</roll><pitch>-3.359113</pitch><mode /></trkpt><trkpt lat="34.7533905" lon="-118.3335083"><ele>814.06</ele><time>2026-06-07T12:34:21-05:00</time><course>191.4123</course><roll>-5.470181</roll><pitch>-2.659095</pitch><mode /></trkpt><trkpt lat="34.7533781" lon="-118.3335104"><ele>814.48</ele><time>2026-06-07T12:34:21-05:00</time><course>192.0554</course><roll>-2.120052</roll><pitch>-0.2907584</pitch><mode /></trkpt><trkpt lat="34.7533657" lon="-118.3335111"><ele>814.64</ele><time>2026-06-07T12:34:22-05:00</time><course>195.5219</course><roll>-3.545815</roll><pitch>0.397593</pitch><mode /></trkpt><trkpt lat="34.7533533" lon="-118.3335124"><ele>814.74</ele><time>2026-06-07T12:34:22-05:00</time><course>195.747</course><roll>-3.006173</roll><pitch>-0.3475797</pitch><mode /></trkpt><trkpt lat="34.7533407" lon="-118.3335146"><ele>814.89</ele><time>2026-06-07T12:34:22-05:00</time><course>193.6538</course><roll>-4.876926</roll><pitch>1.384566</pitch><mode /></trkpt><trkpt lat="34.7533277" lon="-118.3335158"><ele>814.38</ele><time>2026-06-07T12:34:23-05:00</time><course>195.1442</course><roll>-5.083375</roll><pitch>1.679665</pitch><mode /></trkpt><trkpt lat="34.7532607" lon="-118.3335282"><ele>813.36</ele><time>2026-06-07T12:34:25-05:00</time><course>207.0007</course><roll>-6.60639</roll><pitch>-2.596483</pitch><mode /></trkpt><trkpt lat="34.7529529" lon="-118.3337257"><ele>817.23</ele><time>2026-06-07T12:34:37-05:00</time><course>209.957</course><roll>-2.124453</roll><pitch>-0.1683461</pitch><mode /></trkpt><trkpt lat="34.7529118" lon="-118.3337713"><ele>817.03</ele><time>2026-06-07T12:34:39-05:00</time><course>206.6308</course><roll>-3.418912</roll><pitch>-0.7501999</pitch><mode /></trkpt><trkpt lat="34.7528774" lon="-118.3338162"><ele>815.77</ele><time>2026-06-07T12:34:41-05:00</time><course>209.0951</course><roll>-4.703343</roll><pitch>-3.301571</pitch><mode /></trkpt><trkpt lat="34.7528124" lon="-118.3339038"><ele>815.24</ele><time>2026-06-07T12:34:45-05:00</time><course>205.5167</course><roll>-6.196362</roll><pitch>-5.588648</pitch><mode /></trkpt><trkpt lat="34.7527277" lon="-118.3340982"><ele>817.55</ele><time>2026-06-07T12:34:52-05:00</time><course>219.9489</course><roll>-7.487759</roll><pitch>-3.120903</pitch><mode /></trkpt><trkpt lat="34.7527086" lon="-118.3341866"><ele>815.75</ele><time>2026-06-07T12:34:54-05:00</time><course>222.1086</course><roll>-5.572729</roll><pitch>-8.352358</pitch><mode /></trkpt><trkpt lat="34.752684" lon="-118.3342911"><ele>815.27</ele><time>2026-06-07T12:34:56-05:00</time><course>224.7301</course><roll>-11.15552</roll><pitch>-10.37614</pitch><mode /></trkpt><trkpt lat="34.7527311" lon="-118.3347095"><ele>817.9</ele><time>2026-06-07T12:35:02-05:00</time><course>252.6584</course><roll>-11.88902</roll><pitch>-4.411581</pitch><mode /></trkpt><trkpt lat="34.7528277" lon="-118.3348832"><ele>818.35</ele><time>2026-06-07T12:35:04-05:00</time><course>267.2423</course><roll>-13.38512</roll><pitch>0.2779033</pitch><mode /></trkpt><trkpt lat="34.7529853" lon="-118.3350519"><ele>817.31</ele><time>2026-06-07T12:35:06-05:00</time><course>286.172</course><roll>-18.72058</roll><pitch>1.069983</pitch><mode /></trkpt><trkpt lat="34.7532346" lon="-118.3351872"><ele>815.78</ele><time>2026-06-07T12:35:08-05:00</time><course>302.5978</course><roll>-28.3726</roll><pitch>-3.11137</pitch><mode /></trkpt><trkpt lat="34.7535814" lon="-118.3352203"><ele>813.41</ele><time>2026-06-07T12:35:10-05:00</time><course>3.112045</course><roll>-42.93323</roll><pitch>-7.155944</pitch><mode /></trkpt><trkpt lat="34.7539247" lon="-118.3349676"><ele>814.5</ele><time>2026-06-07T12:35:12-05:00</time><course>46.44874</course><roll>-43.12451</roll><pitch>-3.85359</pitch><mode /></trkpt><trkpt lat="34.7541255" lon="-118.3344232"><ele>814.98</ele><time>2026-06-07T12:35:14-05:00</time><course>105.3732</course><roll>-38.6758</roll><pitch>-4.165351</pitch><mode /></trkpt><trkpt lat="34.7541267" lon="-118.3343315"><ele>815.34</ele><time>2026-06-07T12:35:14-05:00</time><course>112.9859</course><roll>-39.98615</roll><pitch>-3.515015</pitch><mode /></trkpt><trkpt lat="34.7541208" lon="-118.3342445"><ele>815.41</ele><time>2026-06-07T12:35:15-05:00</time><course>118.9415</course><roll>-35.60941</roll><pitch>-2.706341</pitch><mode /></trkpt><trkpt lat="34.7541092" lon="-118.3341623"><ele>815.25</ele><time>2026-06-07T12:35:15-05:00</time><course>127.2987</course><roll>-35.23983</roll><pitch>0.2772486</pitch><mode /></trkpt><trkpt lat="34.7540941" lon="-118.3340836"><ele>814.65</ele><time>2026-06-07T12:35:16-05:00</time><course>140.3541</course><roll>-34.55705</roll><pitch>-1.059459</pitch><mode /></trkpt><trkpt lat="34.7540711" lon="-118.3340135"><ele>814.39</ele><time>2026-06-07T12:35:16-05:00</time><course>144.0386</course><roll>-29.83822</roll><pitch>-3.829057</pitch><mode /></trkpt><trkpt lat="34.754046" lon="-118.3339476"><ele>813.76</ele><time>2026-06-07T12:35:16-05:00</time><course>150.7834</course><roll>-28.9395</roll><pitch>-3.720643</pitch><mode /></trkpt><trkpt lat="34.7540183" lon="-118.3338892"><ele>813.47</ele><time>2026-06-07T12:35:17-05:00</time><course>160.2704</course><roll>-28.63412</roll><pitch>-5.508063</pitch><mode /></trkpt><trkpt lat="34.7539872" lon="-118.3338412"><ele>813.81</ele><time>2026-06-07T12:35:17-05:00</time><course>162.9036</course><roll>-24.71971</roll><pitch>-7.519077</pitch><mode /></trkpt><trkpt lat="34.7539263" lon="-118.3337617"><ele>814.25</ele><time>2026-06-07T12:35:18-05:00</time><course>173.1178</course><roll>-18.10953</roll><pitch>-3.766106</pitch><mode /></trkpt><trkpt lat="34.7538969" lon="-118.3337294"><ele>814.36</ele><time>2026-06-07T12:35:18-05:00</time><course>173.6439</course><roll>-16.09591</roll><pitch>-5.281022</pitch><mode /></trkpt><trkpt lat="34.7538687" lon="-118.3337003"><ele>814.23</ele><time>2026-06-07T12:35:19-05:00</time><course>174.6061</course><roll>-12.44575</roll><pitch>-4.445122</pitch><mode /></trkpt><trkpt lat="34.7538412" lon="-118.3336742"><ele>814.41</ele><time>2026-06-07T12:35:19-05:00</time><course>175.7429</course><roll>-12.42725</roll><pitch>-5.110837</pitch><mode /></trkpt><trkpt lat="34.753789" lon="-118.333629"><ele>814.2</ele><time>2026-06-07T12:35:20-05:00</time><course>178.0668</course><roll>-10.34199</roll><pitch>-5.480564</pitch><mode /></trkpt><trkpt lat="34.7537643" lon="-118.3336106"><ele>814.62</ele><time>2026-06-07T12:35:20-05:00</time><course>178.0967</course><roll>-10.76713</roll><pitch>-3.669371</pitch><mode /></trkpt><trkpt lat="34.7537402" lon="-118.3335915"><ele>814.58</ele><time>2026-06-07T12:35:21-05:00</time><course>183.7181</course><roll>-9.243633</roll><pitch>-0.1363005</pitch><mode /></trkpt><trkpt lat="34.7537159" lon="-118.3335719"><ele>814.08</ele><time>2026-06-07T12:35:21-05:00</time><course>193.8621</course><roll>-14.68558</roll><pitch>-0.2914002</pitch><mode /></trkpt><trkpt lat="34.7536915" lon="-118.3335562"><ele>813.8</ele><time>2026-06-07T12:35:22-05:00</time><course>196.3199</course><roll>-13.69936</roll><pitch>-3.608673</pitch><mode /></trkpt><trkpt lat="34.753668" lon="-118.3335449"><ele>813.52</ele><time>2026-06-07T12:35:22-05:00</time><course>194.3182</course><roll>-12.55125</roll><pitch>-5.472472</pitch><mode /></trkpt><trkpt lat="34.7536452" lon="-118.3335346"><ele>813.02</ele><time>2026-06-07T12:35:22-05:00</time><course>196.2102</course><roll>-12.2514</roll><pitch>-6.194043</pitch><mode /></trkpt><trkpt lat="34.7536229" lon="-118.3335257"><ele>812.57</ele><time>2026-06-07T12:35:23-05:00</time><course>198.8746</course><roll>-7.872187</roll><pitch>-7.723693</pitch><mode /></trkpt><trkpt lat="34.7536012" lon="-118.3335174"><ele>812.41</ele><time>2026-06-07T12:35:23-05:00</time><course>202.7326</course><roll>-5.764683</roll><pitch>-8.176241</pitch><mode /></trkpt><trkpt lat="34.7535798" lon="-118.3335096"><ele>812.49</ele><time>2026-06-07T12:35:24-05:00</time><course>202.2992</course><roll>-8.761895</roll><pitch>-10.06695</pitch><mode /></trkpt><trkpt lat="34.7535596" lon="-118.3335033"><ele>812.89</ele><time>2026-06-07T12:35:24-05:00</time><course>201.2966</course><roll>-8.797224</roll><pitch>-9.260154</pitch><mode /></trkpt><trkpt lat="34.7535405" lon="-118.3334968"><ele>813.63</ele><time>2026-06-07T12:35:24-05:00</time><course>205.9913</course><roll>-10.41903</roll><pitch>-5.828858</pitch><mode /></trkpt><trkpt lat="34.7535213" lon="-118.3334904"><ele>813.99</ele><time>2026-06-07T12:35:25-05:00</time><course>209.3799</course><roll>-12.0324</roll><pitch>-3.707463</pitch><mode /></trkpt><trkpt lat="34.7535036" lon="-118.3334862"><ele>814.01</ele><time>2026-06-07T12:35:25-05:00</time><course>209.2657</course><roll>-11.40314</roll><pitch>-4.425095</pitch><mode /></trkpt><trkpt lat="34.7534711" lon="-118.3334845"><ele>814.04</ele><time>2026-06-07T12:35:26-05:00</time><course>208.4193</course><roll>-6.930446</roll><pitch>-4.668424</pitch><mode /></trkpt><trkpt lat="34.753454" lon="-118.3334841"><ele>813.81</ele><time>2026-06-07T12:35:26-05:00</time><course>213.1951</course><roll>-9.193069</roll><pitch>-3.259706</pitch><mode /></trkpt><trkpt lat="34.7534383" lon="-118.3334857"><ele>813.46</ele><time>2026-06-07T12:35:27-05:00</time><course>212.1159</course><roll>-8.59541</roll><pitch>-7.41783</pitch><mode /></trkpt><trkpt lat="34.7534257" lon="-118.333491"><ele>813.66</ele><time>2026-06-07T12:35:27-05:00</time><course>205.7713</course><roll>-6.226405</roll><pitch>-8.04293</pitch><mode /></trkpt><trkpt lat="34.7534027" lon="-118.3334986"><ele>814.76</ele><time>2026-06-07T12:35:28-05:00</time><course>210.2684</course><roll>-5.353728</roll><pitch>-2.761054</pitch><mode /></trkpt><trkpt lat="34.7533923" lon="-118.333502"><ele>814.83</ele><time>2026-06-07T12:35:28-05:00</time><course>209.9273</course><roll>-6.126151</roll><pitch>-2.955093</pitch><mode /></trkpt><trkpt lat="34.7533833" lon="-118.3335066"><ele>814.93</ele><time>2026-06-07T12:35:29-05:00</time><course>206.8437</course><roll>-3.451478</roll><pitch>-2.458655</pitch><mode /></trkpt><trkpt lat="34.7533743" lon="-118.3335107"><ele>815.17</ele><time>2026-06-07T12:35:29-05:00</time><course>207.2452</course><roll>-2.854459</roll><pitch>-1.686116</pitch><mode /></trkpt><trkpt lat="34.7533654" lon="-118.3335132"><ele>815.19</ele><time>2026-06-07T12:35:30-05:00</time><course>211.1451</course><roll>-4.505724</roll><pitch>-1.290634</pitch><mode /></trkpt><trkpt lat="34.753357" lon="-118.3335156"><ele>815.35</ele><time>2026-06-07T12:35:30-05:00</time><course>212.1217</course><roll>-3.678345</roll><pitch>-2.097858</pitch><mode /></trkpt><trkpt lat="34.7533495" lon="-118.3335192"><ele>815.86</ele><time>2026-06-07T12:35:30-05:00</time><course>208.6631</course><roll>-3.468369</roll><pitch>-0.5432311</pitch><mode /></trkpt><trkpt lat="34.7533426" lon="-118.3335224"><ele>816.04</ele><time>2026-06-07T12:35:31-05:00</time><course>208.4172</course><roll>-3.145224</roll><pitch>0.5874658</pitch><mode /></trkpt><trkpt lat="34.7533361" lon="-118.3335249"><ele>815.97</ele><time>2026-06-07T12:35:31-05:00</time><course>209.8661</course><roll>-3.776717</roll><pitch>0.3451051</pitch><mode /></trkpt><trkpt lat="34.75333" lon="-118.3335279"><ele>815.89</ele><time>2026-06-07T12:35:32-05:00</time><course>208.8949</course><roll>-3.110867</roll><pitch>0.170601</pitch><mode /></trkpt><trkpt lat="34.7533242" lon="-118.3335316"><ele>815.85</ele><time>2026-06-07T12:35:32-05:00</time><course>206.8859</course><roll>-4.892718</roll><pitch>0.6255891</pitch><mode /></trkpt><trkpt lat="34.7533184" lon="-118.3335358"><ele>815.75</ele><time>2026-06-07T12:35:32-05:00</time><course>207.3241</course><roll>-2.5919</roll><pitch>0.2332928</pitch><mode /></trkpt><trkpt lat="34.753312" lon="-118.3335395"><ele>815.92</ele><time>2026-06-07T12:35:33-05:00</time><course>207.694</course><roll>-1.035009</roll><pitch>0.1879696</pitch><mode /></trkpt><trkpt lat="34.7533064" lon="-118.333544"><ele>815.79</ele><time>2026-06-07T12:35:33-05:00</time><course>203.164</course><roll>-1.885858</roll><pitch>-0.008130273</pitch><mode /></trkpt><trkpt lat="34.7532965" lon="-118.3335515"><ele>815.21</ele><time>2026-06-07T12:35:34-05:00</time><course>199.2107</course><roll>-0.4934234</roll><pitch>-0.3735063</pitch><mode /></trkpt><trkpt lat="34.7532904" lon="-118.3335537"><ele>815.05</ele><time>2026-06-07T12:35:34-05:00</time><course>200.0066</course><roll>-0.9630823</roll><pitch>-0.439172</pitch><mode /></trkpt><trkpt lat="34.753284" lon="-118.333555"><ele>814.98</ele><time>2026-06-07T12:35:35-05:00</time><course>200.133</course><roll>-2.396905</roll><pitch>-0.178097</pitch><mode /></trkpt><trkpt lat="34.753278" lon="-118.3335559"><ele>814.69</ele><time>2026-06-07T12:35:35-05:00</time><course>199.6464</course><roll>-3.180053</roll><pitch>-1.212805</pitch><mode /></trkpt><trkpt lat="34.7532664" lon="-118.3335591"><ele>814.49</ele><time>2026-06-07T12:35:36-05:00</time><course>196.4801</course><roll>-1.073822</roll><pitch>-1.288652</pitch><mode /></trkpt><trkpt lat="34.7532601" lon="-118.3335602"><ele>814.45</ele><time>2026-06-07T12:35:36-05:00</time><course>198.2678</course><roll>-4.027915</roll><pitch>-1.286028</pitch><mode /></trkpt><trkpt lat="34.7532536" lon="-118.3335615"><ele>814.42</ele><time>2026-06-07T12:35:37-05:00</time><course>198.3622</course><roll>-3.365132</roll><pitch>-1.46034</pitch><mode /></trkpt><trkpt lat="34.7532193" lon="-118.3335687"><ele>814.16</ele><time>2026-06-07T12:35:39-05:00</time><course>205.1472</course><roll>-2.333924</roll><pitch>0.625662</pitch><mode /></trkpt><trkpt lat="34.7532114" lon="-118.3335701"><ele>813.95</ele><time>2026-06-07T12:35:39-05:00</time><course>207.8819</course><roll>-4.926527</roll><pitch>-0.6822775</pitch><mode /></trkpt><trkpt lat="34.7532" lon="-118.3335744"><ele>813.66</ele><time>2026-06-07T12:35:40-05:00</time><course>207.5394</course><roll>-1.947584</roll><pitch>-1.553663</pitch><mode /></trkpt><trkpt lat="34.7531923" lon="-118.3335771"><ele>813.38</ele><time>2026-06-07T12:35:40-05:00</time><course>209.5023</course><roll>-2.638008</roll><pitch>-2.371089</pitch><mode /></trkpt><trkpt lat="34.7531782" lon="-118.3335832"><ele>813.8</ele><time>2026-06-07T12:35:41-05:00</time><course>208.9443</course><roll>-3.32697</roll><pitch>-2.248705</pitch><mode /></trkpt><trkpt lat="34.7531723" lon="-118.3335863"><ele>814.26</ele><time>2026-06-07T12:35:41-05:00</time><course>205.2258</course><roll>-4.528439</roll><pitch>-1.131028</pitch><mode /></trkpt><trkpt lat="34.7531675" lon="-118.3335904"><ele>814.46</ele><time>2026-06-07T12:35:42-05:00</time><course>201.816</course><roll>-1.27058</roll><pitch>0.7428903</pitch><mode /></trkpt><trkpt lat="34.7531623" lon="-118.3335923"><ele>814.34</ele><time>2026-06-07T12:35:42-05:00</time><course>206.6489</course><roll>-1.606623</roll><pitch>1.828463</pitch><mode /></trkpt><trkpt lat="34.7531495" lon="-118.3335942"><ele>813.73</ele><time>2026-06-07T12:35:43-05:00</time><course>211.6337</course><roll>-3.26355</roll><pitch>-1.735432</pitch><mode /></trkpt><trkpt lat="34.7531437" lon="-118.333597"><ele>813.37</ele><time>2026-06-07T12:35:43-05:00</time><course>211.3937</course><roll>-3.111694</roll><pitch>-1.908874</pitch><mode /></trkpt><trkpt lat="34.7531381" lon="-118.3336"><ele>813.1</ele><time>2026-06-07T12:35:44-05:00</time><course>210.3223</course><roll>-3.669911</roll><pitch>-2.902279</pitch><mode /></trkpt><trkpt lat="34.7531328" lon="-118.3336032"><ele>812.79</ele><time>2026-06-07T12:35:44-05:00</time><course>208.0187</course><roll>-2.647309</roll><pitch>-4.352886</pitch><mode /></trkpt><trkpt lat="34.7531225" lon="-118.333607"><ele>812.61</ele><time>2026-06-07T12:35:45-05:00</time><course>210.7346</course><roll>-3.222459</roll><pitch>-5.118903</pitch><mode /></trkpt><trkpt lat="34.7531176" lon="-118.3336079"><ele>812.75</ele><time>2026-06-07T12:35:45-05:00</time><course>212.003</course><roll>-5.29355</roll><pitch>-5.08744</pitch><mode /></trkpt><trkpt lat="34.7531108" lon="-118.3336107"><ele>813.49</ele><time>2026-06-07T12:35:46-05:00</time><course>209.0564</course><roll>-2.34449</roll><pitch>-3.676187</pitch><mode /></trkpt><trkpt lat="34.7531058" lon="-118.3336094"><ele>813.87</ele><time>2026-06-07T12:35:47-05:00</time><course>208.4658</course><roll>-6.68808</roll><pitch>-3.288569</pitch><mode /></trkpt><trkpt lat="34.7530583" lon="-118.333615"><ele>814.85</ele><time>2026-06-07T12:35:54-05:00</time><course>211.2972</course><roll>-2.596033</roll><pitch>-1.017831</pitch><mode /></trkpt><trkpt lat="34.7530047" lon="-118.3336663"><ele>814.81</ele><time>2026-06-07T12:35:58-05:00</time><course>216.7695</course><roll>-4.031688</roll><pitch>-4.549021</pitch><mode /></trkpt><trkpt lat="34.752918" lon="-118.3337514"><ele>815.17</ele><time>2026-06-07T12:36:04-05:00</time><course>214.9641</course><roll>-4.745546</roll><pitch>-5.461683</pitch><mode /></trkpt><trkpt lat="34.7528935" lon="-118.3337704"><ele>815.41</ele><time>2026-06-07T12:36:05-05:00</time><course>217.015</course><roll>-6.235785</roll><pitch>-5.5789</pitch><mode /></trkpt><trkpt lat="34.7528868" lon="-118.3337782"><ele>815.85</ele><time>2026-06-07T12:36:05-05:00</time><course>216.2056</course><roll>-5.242141</roll><pitch>-5.564008</pitch><mode /></trkpt><trkpt lat="34.7528796" lon="-118.3337858"><ele>816.22</ele><time>2026-06-07T12:36:06-05:00</time><course>217.6783</course><roll>-4.558293</roll><pitch>-4.276712</pitch><mode /></trkpt><trkpt lat="34.7528727" lon="-118.3337932"><ele>816.3</ele><time>2026-06-07T12:36:06-05:00</time><course>219.0194</course><roll>-5.975668</roll><pitch>-3.519506</pitch><mode /></trkpt><trkpt lat="34.7528666" lon="-118.3338009"><ele>816.33</ele><time>2026-06-07T12:36:06-05:00</time><course>219.5022</course><roll>-5.094554</roll><pitch>-3.31524</pitch><mode /></trkpt><trkpt lat="34.7528613" lon="-118.3338089"><ele>816.24</ele><time>2026-06-07T12:36:07-05:00</time><course>219.2105</course><roll>-3.994545</roll><pitch>-3.287645</pitch><mode /></trkpt><trkpt lat="34.7528567" lon="-118.3338169"><ele>816.33</ele><time>2026-06-07T12:36:07-05:00</time><course>219.8287</course><roll>-4.009878</roll><pitch>-3.194922</pitch><mode /></trkpt><trkpt lat="34.7528525" lon="-118.3338249"><ele>816.42</ele><time>2026-06-07T12:36:08-05:00</time><course>220.5833</course><roll>-4.707479</roll><pitch>-2.611313</pitch><mode /></trkpt><trkpt lat="34.7528488" lon="-118.3338337"><ele>816.5</ele><time>2026-06-07T12:36:08-05:00</time><course>220.839</course><roll>-2.536335</roll><pitch>-2.435749</pitch><mode /></trkpt><trkpt lat="34.7528451" lon="-118.3338425"><ele>816.51</ele><time>2026-06-07T12:36:08-05:00</time><course>221.1505</course><roll>-1.986953</roll><pitch>-1.928961</pitch><mode /></trkpt><trkpt lat="34.7528416" lon="-118.3338511"><ele>816.57</ele><time>2026-06-07T12:36:09-05:00</time><course>221.0418</course><roll>-3.151784</roll><pitch>-2.215755</pitch><mode /></trkpt><trkpt lat="34.7528384" lon="-118.3338606"><ele>816.61</ele><time>2026-06-07T12:36:09-05:00</time><course>218.3211</course><roll>-2.525947</roll><pitch>-2.322271</pitch><mode /></trkpt><trkpt lat="34.7528319" lon="-118.3338771"><ele>816.8</ele><time>2026-06-07T12:36:10-05:00</time><course>218.5284</course><roll>-1.631534</roll><pitch>-1.929128</pitch><mode /></trkpt><trkpt lat="34.752828" lon="-118.3338831"><ele>817.01</ele><time>2026-06-07T12:36:10-05:00</time><course>221.1113</course><roll>-4.153257</roll><pitch>-1.547756</pitch><mode /></trkpt><trkpt lat="34.7528247" lon="-118.3338896"><ele>817.2</ele><time>2026-06-07T12:36:11-05:00</time><course>221.4128</course><roll>-3.748759</roll><pitch>-1.228678</pitch><mode /></trkpt><trkpt lat="34.7528219" lon="-118.3338962"><ele>817.33</ele><time>2026-06-07T12:36:11-05:00</time><course>220.9728</course><roll>-2.751769</roll><pitch>-0.8338192</pitch><mode /></trkpt><trkpt lat="34.7528188" lon="-118.333902"><ele>817.28</ele><time>2026-06-07T12:36:12-05:00</time><course>223.6764</course><roll>-5.258126</roll><pitch>-0.85202</pitch><mode /></trkpt><trkpt lat="34.752816" lon="-118.3339078"><ele>816.95</ele><time>2026-06-07T12:36:12-05:00</time><course>225.2017</course><roll>-3.990758</roll><pitch>-2.308209</pitch><mode /></trkpt><trkpt lat="34.7528138" lon="-118.3339149"><ele>816.76</ele><time>2026-06-07T12:36:12-05:00</time><course>224.9525</course><roll>-2.972444</roll><pitch>-3.084358</pitch><mode /></trkpt><trkpt lat="34.7528119" lon="-118.3339219"><ele>816.52</ele><time>2026-06-07T12:36:13-05:00</time><course>224.4749</course><roll>-2.913931</roll><pitch>-4.266946</pitch><mode /></trkpt><trkpt lat="34.7528103" lon="-118.3339292"><ele>816.44</ele><time>2026-06-07T12:36:13-05:00</time><course>223.3142</course><roll>-1.970581</roll><pitch>-4.485763</pitch><mode /></trkpt><trkpt lat="34.7528066" lon="-118.3339429"><ele>816.61</ele><time>2026-06-07T12:36:14-05:00</time><course>221.444</course><roll>-1.69665</roll><pitch>-5.1415</pitch><mode /></trkpt><trkpt lat="34.7528042" lon="-118.3339491"><ele>816.78</ele><time>2026-06-07T12:36:14-05:00</time><course>220.0796</course><roll>-1.820863</roll><pitch>-4.67803</pitch><mode /></trkpt><trkpt lat="34.7528016" lon="-118.3339549"><ele>816.9</ele><time>2026-06-07T12:36:15-05:00</time><course>218.5295</course><roll>-3.752238</roll><pitch>-4.345301</pitch><mode /></trkpt><trkpt lat="34.7527988" lon="-118.3339607"><ele>817.05</ele><time>2026-06-07T12:36:15-05:00</time><course>218.2906</course><roll>-3.985527</roll><pitch>-4.344697</pitch><mode /></trkpt><trkpt lat="34.752796" lon="-118.3339669"><ele>817.22</ele><time>2026-06-07T12:36:16-05:00</time><course>216.831</course><roll>-3.749618</roll><pitch>-4.502647</pitch><mode /></trkpt><trkpt lat="34.7527931" lon="-118.3339726"><ele>817.28</ele><time>2026-06-07T12:36:16-05:00</time><course>216.8993</course><roll>-2.959031</roll><pitch>-4.330205</pitch><mode /></trkpt><trkpt lat="34.7527901" lon="-118.3339778"><ele>817.28</ele><time>2026-06-07T12:36:16-05:00</time><course>217.7384</course><roll>-3.628141</roll><pitch>-4.989224</pitch><mode /></trkpt><trkpt lat="34.7527786" lon="-118.3340021"><ele>817.3</ele><time>2026-06-07T12:36:18-05:00</time><course>217.1791</course><roll>-5.558882</roll><pitch>-5.904104</pitch><mode /></trkpt><trkpt lat="34.7527739" lon="-118.3340164"><ele>817.41</ele><time>2026-06-07T12:36:19-05:00</time><course>215.6964</course><roll>-3.568655</roll><pitch>-7.517106</pitch><mode /></trkpt><trkpt lat="34.7527702" lon="-118.3340358"><ele>817.52</ele><time>2026-06-07T12:36:20-05:00</time><course>213.5835</course><roll>-3.805326</roll><pitch>-6.328428</pitch><mode /></trkpt><trkpt lat="34.752768" lon="-118.3340411"><ele>817.52</ele><time>2026-06-07T12:36:20-05:00</time><course>215.4754</course><roll>0.05861334</roll><pitch>-5.097039</pitch><mode /></trkpt><trkpt lat="34.7527528" lon="-118.3340566"><ele>816.66</ele><time>2026-06-07T12:36:22-05:00</time><course>209.4259</course><roll>1.837637</roll><pitch>-0.2899389</pitch><mode /></trkpt><trkpt lat="34.7527458" lon="-118.3340569"><ele>815.97</ele><time>2026-06-07T12:36:22-05:00</time><course>207.8592</course><roll>-0.6480975</roll><pitch>-0.1111109</pitch><mode /></trkpt><trkpt lat="34.7527376" lon="-118.3340564"><ele>815.23</ele><time>2026-06-07T12:36:23-05:00</time><course>208.3018</course><roll>-10.48001</roll><pitch>-1.064199</pitch><mode /></trkpt><trkpt lat="34.7527291" lon="-118.3340568"><ele>814.35</ele><time>2026-06-07T12:36:23-05:00</time><course>209.3344</course><roll>-16.17572</roll><pitch>-1.047968</pitch><mode /></trkpt><trkpt lat="34.7527151" lon="-118.3340691"><ele>812.98</ele><time>2026-06-07T12:36:24-05:00</time><course>209.0976</course><roll>-3.296527</roll><pitch>-1.047131</pitch><mode /></trkpt><trkpt lat="34.7531404" lon="-118.3349453"><ele>797.9</ele><time>2026-06-07T12:36:40-05:00</time><course>344.9785</course><roll>-37.44723</roll><pitch>-0.8554543</pitch><mode /></trkpt><trkpt lat="34.7535148" lon="-118.3327995"><ele>777.25</ele><time>2026-06-07T12:36:56-05:00</time><course>224.2218</course><roll>-17.47925</roll><pitch>-6.136354</pitch><mode /></trkpt><trkpt lat="34.7535039" lon="-118.3328383"><ele>777.11</ele><time>2026-06-07T12:36:56-05:00</time><course>228.7481</course><roll>-22.96706</roll><pitch>-1.702372</pitch><mode /></trkpt><trkpt lat="34.7534914" lon="-118.3328758"><ele>776.55</ele><time>2026-06-07T12:36:57-05:00</time><course>239.6776</course><roll>-25.15443</roll><pitch>-0.6989406</pitch><mode /></trkpt><trkpt lat="34.7534853" lon="-118.3329185"><ele>776.24</ele><time>2026-06-07T12:36:57-05:00</time><course>243.1266</course><roll>-32.17081</roll><pitch>-3.913967</pitch><mode /></trkpt><trkpt lat="34.7534861" lon="-118.332964"><ele>776.06</ele><time>2026-06-07T12:36:58-05:00</time><course>246.124</course><roll>-33.48354</roll><pitch>-5.246819</pitch><mode /></trkpt><trkpt lat="34.7534936" lon="-118.3330117"><ele>775.67</ele><time>2026-06-07T12:36:58-05:00</time><course>243.9539</course><roll>-22.27409</roll><pitch>-7.660344</pitch><mode /></trkpt><trkpt lat="34.7535055" lon="-118.3330594"><ele>775.59</ele><time>2026-06-07T12:36:58-05:00</time><course>247.3811</course><roll>-19.52322</roll><pitch>-2.665946</pitch><mode /></trkpt><trkpt lat="34.7535167" lon="-118.3331058"><ele>774.92</ele><time>2026-06-07T12:36:59-05:00</time><course>257.1693</course><roll>-24.72326</roll><pitch>1.710746</pitch><mode /></trkpt><trkpt lat="34.7535304" lon="-118.3331546"><ele>773.99</ele><time>2026-06-07T12:36:59-05:00</time><course>263.8355</course><roll>-7.528142</roll><pitch>-0.3486676</pitch><mode /></trkpt><trkpt lat="34.753547" lon="-118.3332059"><ele>773.75</ele><time>2026-06-07T12:37:00-05:00</time><course>267.6305</course><roll>-14.69506</roll><pitch>-3.539388</pitch><mode /></trkpt><trkpt lat="34.7535666" lon="-118.3332585"><ele>773.81</ele><time>2026-06-07T12:37:00-05:00</time><course>263.3752</course><roll>-15.16796</roll><pitch>-4.085171</pitch><mode /></trkpt><trkpt lat="34.7535877" lon="-118.3333121"><ele>773.63</ele><time>2026-06-07T12:37:00-05:00</time><course>260.014</course><roll>-13.34357</roll><pitch>-0.2238487</pitch><mode /></trkpt><trkpt lat="34.7536103" lon="-118.3333665"><ele>773.05</ele><time>2026-06-07T12:37:01-05:00</time><course>254.4401</course><roll>-5.018768</roll><pitch>4.386857</pitch><mode /></trkpt><trkpt lat="34.7536288" lon="-118.3334205"><ele>771.7</ele><time>2026-06-07T12:37:01-05:00</time><course>266.7485</course><roll>-20.70773</roll><pitch>3.824556</pitch><mode /></trkpt><trkpt lat="34.7536505" lon="-118.3334773"><ele>770.79</ele><time>2026-06-07T12:37:02-05:00</time><course>267.5208</course><roll>-16.12494</roll><pitch>-0.3088541</pitch><mode /></trkpt><trkpt lat="34.7536776" lon="-118.3335357"><ele>770.34</ele><time>2026-06-07T12:37:02-05:00</time><course>269.0936</course><roll>-24.00948</roll><pitch>1.199014</pitch><mode /></trkpt><trkpt lat="34.7537061" lon="-118.3335942"><ele>769.58</ele><time>2026-06-07T12:37:02-05:00</time><course>267.9987</course><roll>-14.44224</roll><pitch>0.6823796</pitch><mode /></trkpt><trkpt lat="34.7537367" lon="-118.3336523"><ele>768.98</ele><time>2026-06-07T12:37:03-05:00</time><course>270.17</course><roll>-4.900116</roll><pitch>1.739545</pitch><mode /></trkpt><trkpt lat="34.753764" lon="-118.333711"><ele>768.47</ele><time>2026-06-07T12:37:03-05:00</time><course>281.0518</course><roll>-11.37418</roll><pitch>1.123384</pitch><mode /></trkpt><trkpt lat="34.7537939" lon="-118.3337696"><ele>768.27</ele><time>2026-06-07T12:37:04-05:00</time><course>277.2168</course><roll>-11.94103</roll><pitch>-0.6924086</pitch><mode /></trkpt><trkpt lat="34.7538259" lon="-118.3338271"><ele>768.02</ele><time>2026-06-07T12:37:04-05:00</time><course>274.0222</course><roll>-15.59361</roll><pitch>-3.647576</pitch><mode /></trkpt><trkpt lat="34.7538602" lon="-118.3338829"><ele>768.24</ele><time>2026-06-07T12:37:04-05:00</time><course>272.8681</course><roll>-16.36578</roll><pitch>-4.601288</pitch><mode /></trkpt><trkpt lat="34.7538957" lon="-118.3339367"><ele>768.3</ele><time>2026-06-07T12:37:05-05:00</time><course>270.0057</course><roll>-14.28756</roll><pitch>-3.626343</pitch><mode /></trkpt><trkpt lat="34.7539312" lon="-118.3339877"><ele>768.14</ele><time>2026-06-07T12:37:05-05:00</time><course>270.6596</course><roll>-5.673007</roll><pitch>-6.38359</pitch><mode /></trkpt><trkpt lat="34.7539656" lon="-118.3340368"><ele>768.58</ele><time>2026-06-07T12:37:06-05:00</time><course>274.5367</course><roll>-1.890188</roll><pitch>-9.874439</pitch><mode /></trkpt><trkpt lat="34.7539978" lon="-118.3340843"><ele>769.48</ele><time>2026-06-07T12:37:06-05:00</time><course>276.4128</course><roll>4.023171</roll><pitch>-10.26404</pitch><mode /></trkpt><trkpt lat="34.7540275" lon="-118.33413"><ele>770.53</ele><time>2026-06-07T12:37:06-05:00</time><course>273.4892</course><roll>-0.5376828</roll><pitch>-9.462563</pitch><mode /></trkpt><trkpt lat="34.7540567" lon="-118.334174"><ele>771.53</ele><time>2026-06-07T12:37:07-05:00</time><course>266.5248</course><roll>2.541626</roll><pitch>-9.167968</pitch><mode /></trkpt><trkpt lat="34.7540831" lon="-118.3342173"><ele>772.21</ele><time>2026-06-07T12:37:07-05:00</time><course>264.3534</course><roll>3.44755</roll><pitch>-10.0866</pitch><mode /></trkpt><trkpt lat="34.7541065" lon="-118.3342588"><ele>772.94</ele><time>2026-06-07T12:37:08-05:00</time><course>262.5207</course><roll>2.868669</roll><pitch>-9.451624</pitch><mode /></trkpt><trkpt lat="34.7541285" lon="-118.3342984"><ele>773.59</ele><time>2026-06-07T12:37:08-05:00</time><course>258.2757</course><roll>8.565855</roll><pitch>-6.556154</pitch><mode /></trkpt><trkpt lat="34.7541474" lon="-118.3343371"><ele>773.71</ele><time>2026-06-07T12:37:08-05:00</time><course>254.9015</course><roll>17.95688</roll><pitch>-5.811636</pitch><mode /></trkpt><trkpt lat="34.75416" lon="-118.3343744"><ele>773.91</ele><time>2026-06-07T12:37:09-05:00</time><course>253.9666</course><roll>11.10172</roll><pitch>-11.20518</pitch><mode /></trkpt><trkpt lat="34.7541667" lon="-118.3344088"><ele>774.63</ele><time>2026-06-07T12:37:09-05:00</time><course>250.7881</course><roll>8.497345</roll><pitch>-11.21026</pitch><mode /></trkpt><trkpt lat="34.7541723" lon="-118.3344416"><ele>775.32</ele><time>2026-06-07T12:37:10-05:00</time><course>241.7915</course><roll>9.904532</roll><pitch>-5.35091</pitch><mode /></trkpt><trkpt lat="34.7541753" lon="-118.3344745"><ele>775.61</ele><time>2026-06-07T12:37:10-05:00</time><course>235.0119</course><roll>10.94057</roll><pitch>-2.122194</pitch><mode /></trkpt><trkpt lat="34.7541736" lon="-118.3345061"><ele>775.32</ele><time>2026-06-07T12:37:10-05:00</time><course>234.124</course><roll>3.673825</roll><pitch>-4.281858</pitch><mode /></trkpt><trkpt lat="34.754168" lon="-118.3345362"><ele>775.44</ele><time>2026-06-07T12:37:11-05:00</time><course>233.503</course><roll>1.289675</roll><pitch>-6.335219</pitch><mode /></trkpt><trkpt lat="34.7541615" lon="-118.3345672"><ele>775.79</ele><time>2026-06-07T12:37:11-05:00</time><course>228.169</course><roll>6.580887</roll><pitch>-5.301456</pitch><mode /></trkpt><trkpt lat="34.7541389" lon="-118.3346216"><ele>776.22</ele><time>2026-06-07T12:37:12-05:00</time><course>224.7538</course><roll>5.82384</roll><pitch>-6.043448</pitch><mode /></trkpt><trkpt lat="34.7541236" lon="-118.3346451"><ele>776.49</ele><time>2026-06-07T12:37:12-05:00</time><course>221.2918</course><roll>0.5233816</roll><pitch>-8.979882</pitch><mode /></trkpt><trkpt lat="34.7541077" lon="-118.3346677"><ele>776.97</ele><time>2026-06-07T12:37:13-05:00</time><course>216.2567</course><roll>3.91098</roll><pitch>-6.039391</pitch><mode /></trkpt><trkpt lat="34.7540895" lon="-118.3346877"><ele>777.3</ele><time>2026-06-07T12:37:13-05:00</time><course>215.8951</course><roll>2.974746</roll><pitch>-4.304207</pitch><mode /></trkpt><trkpt lat="34.7540691" lon="-118.3347054"><ele>777.5</ele><time>2026-06-07T12:37:14-05:00</time><course>215.1032</course><roll>-0.6068256</roll><pitch>-5.181242</pitch><mode /></trkpt><trkpt lat="34.7540485" lon="-118.334723"><ele>777.65</ele><time>2026-06-07T12:37:14-05:00</time><course>210.1597</course><roll>0.05900546</roll><pitch>-4.8848</pitch><mode /></trkpt><trkpt lat="34.754027" lon="-118.3347392"><ele>777.76</ele><time>2026-06-07T12:37:14-05:00</time><course>208.2537</course><roll>1.592339</roll><pitch>-3.273342</pitch><mode /></trkpt><trkpt lat="34.754004" lon="-118.3347525"><ele>777.79</ele><time>2026-06-07T12:37:15-05:00</time><course>208.7183</course><roll>-0.8531976</roll><pitch>-3.242174</pitch><mode /></trkpt><trkpt lat="34.7539801" lon="-118.3347647"><ele>777.88</ele><time>2026-06-07T12:37:15-05:00</time><course>206.8901</course><roll>0.6794174</roll><pitch>-5.821644</pitch><mode /></trkpt><trkpt lat="34.7539557" lon="-118.334775"><ele>778.39</ele><time>2026-06-07T12:37:16-05:00</time><course>205.011</course><roll>2.861701</roll><pitch>-6.735823</pitch><mode /></trkpt><trkpt lat="34.7539312" lon="-118.3347832"><ele>779</ele><time>2026-06-07T12:37:16-05:00</time><course>200.7953</course><roll>7.871079</roll><pitch>-5.633438</pitch><mode /></trkpt><trkpt lat="34.7539062" lon="-118.3347879"><ele>779.34</ele><time>2026-06-07T12:37:16-05:00</time><course>197.2062</course><roll>10.66998</roll><pitch>-4.985321</pitch><mode /></trkpt><trkpt lat="34.7538799" lon="-118.3347873"><ele>779.59</ele><time>2026-06-07T12:37:17-05:00</time><course>195.8711</course><roll>8.995968</roll><pitch>-6.109563</pitch><mode /></trkpt><trkpt lat="34.7538535" lon="-118.3347827"><ele>779.87</ele><time>2026-06-07T12:37:17-05:00</time><course>190.2103</course><roll>11.46022</roll><pitch>-5.179993</pitch><mode /></trkpt><trkpt lat="34.7538268" lon="-118.3347736"><ele>780.22</ele><time>2026-06-07T12:37:18-05:00</time><course>181.8363</course><roll>14.67851</roll><pitch>-3.898243</pitch><mode /></trkpt><trkpt lat="34.7538001" lon="-118.3347584"><ele>780.61</ele><time>2026-06-07T12:37:18-05:00</time><course>178.6313</course><roll>22.38293</roll><pitch>-1.829992</pitch><mode /></trkpt><trkpt lat="34.7537728" lon="-118.3347345"><ele>780.63</ele><time>2026-06-07T12:37:18-05:00</time><course>177.8652</course><roll>17.87961</roll><pitch>-3.892188</pitch><mode /></trkpt><trkpt lat="34.7537448" lon="-118.3347036"><ele>780.7</ele><time>2026-06-07T12:37:19-05:00</time><course>172.954</course><roll>12.03474</roll><pitch>-4.073089</pitch><mode /></trkpt><trkpt lat="34.7537169" lon="-118.3346682"><ele>780.87</ele><time>2026-06-07T12:37:19-05:00</time><course>167.0049</course><roll>9.385984</roll><pitch>-2.846897</pitch><mode /></trkpt><trkpt lat="34.7536888" lon="-118.3346278"><ele>781</ele><time>2026-06-07T12:37:20-05:00</time><course>161.4453</course><roll>9.633882</roll><pitch>-0.7184</pitch><mode /></trkpt><trkpt lat="34.7536612" lon="-118.3345821"><ele>781.02</ele><time>2026-06-07T12:37:20-05:00</time><course>162.0279</course><roll>4.183274</roll><pitch>0.04384282</pitch><mode /></trkpt><trkpt lat="34.7536334" lon="-118.3345323"><ele>780.61</ele><time>2026-06-07T12:37:20-05:00</time><course>162.6908</course><roll>2.475147</roll><pitch>-0.8306742</pitch><mode /></trkpt><trkpt lat="34.7536049" lon="-118.334481"><ele>780.45</ele><time>2026-06-07T12:37:21-05:00</time><course>157.8611</course><roll>2.277612</roll><pitch>-4.65122</pitch><mode /></trkpt><trkpt lat="34.7535908" lon="-118.3344546"><ele>780.61</ele><time>2026-06-07T12:37:21-05:00</time><course>156.0569</course><roll>1.108716</roll><pitch>-4.659949</pitch><mode /></trkpt><trkpt lat="34.7535635" lon="-118.3343991"><ele>781.11</ele><time>2026-06-07T12:37:21-05:00</time><course>155.1713</course><roll>-1.142003</roll><pitch>-4.697768</pitch><mode /></trkpt><trkpt lat="34.7535366" lon="-118.3343424"><ele>781.42</ele><time>2026-06-07T12:37:22-05:00</time><course>150.8571</course><roll>-0.8562858</roll><pitch>-5.454778</pitch><mode /></trkpt><trkpt lat="34.7534864" lon="-118.3342238"><ele>782.55</ele><time>2026-06-07T12:37:23-05:00</time><course>142.7249</course><roll>11.83546</roll><pitch>-5.217115</pitch><mode /></trkpt><trkpt lat="34.7534641" lon="-118.3341583"><ele>783.04</ele><time>2026-06-07T12:37:23-05:00</time><course>141.6096</course><roll>4.223114</roll><pitch>-7.411073</pitch><mode /></trkpt><trkpt lat="34.7534432" lon="-118.3340899"><ele>783.41</ele><time>2026-06-07T12:37:23-05:00</time><course>139.9645</course><roll>3.019615</roll><pitch>-7.31412</pitch><mode /></trkpt><trkpt lat="34.7534231" lon="-118.3340205"><ele>783.52</ele><time>2026-06-07T12:37:24-05:00</time><course>136.8163</course><roll>9.242332</roll><pitch>-7.859174</pitch><mode /></trkpt><trkpt lat="34.753405" lon="-118.3339484"><ele>783.62</ele><time>2026-06-07T12:37:24-05:00</time><course>133.0622</course><roll>-2.172212</roll><pitch>-11.60043</pitch><mode /></trkpt><trkpt lat="34.7533883" lon="-118.3338764"><ele>784.31</ele><time>2026-06-07T12:37:25-05:00</time><course>126.8104</course><roll>-4.311848</roll><pitch>-9.690821</pitch><mode /></trkpt><trkpt lat="34.7533723" lon="-118.3338042"><ele>784.83</ele><time>2026-06-07T12:37:25-05:00</time><course>124.3321</course><roll>-3.772619</roll><pitch>-7.936872</pitch><mode /></trkpt><trkpt lat="34.7533573" lon="-118.3337308"><ele>785.29</ele><time>2026-06-07T12:37:25-05:00</time><course>124.983</course><roll>-7.054468</roll><pitch>-5.493548</pitch><mode /></trkpt><trkpt lat="34.7533424" lon="-118.3336563"><ele>785.86</ele><time>2026-06-07T12:37:26-05:00</time><course>125.188</course><roll>-4.979409</roll><pitch>-6.259121</pitch><mode /></trkpt><trkpt lat="34.7533269" lon="-118.333582"><ele>786.67</ele><time>2026-06-07T12:37:26-05:00</time><course>124.82</course><roll>-0.6262166</roll><pitch>-4.456322</pitch><mode /></trkpt><trkpt lat="34.7533136" lon="-118.3335052"><ele>786.97</ele><time>2026-06-07T12:37:27-05:00</time><course>127.6951</course><roll>-2.89513</roll><pitch>-3.204887</pitch><mode /></trkpt><trkpt lat="34.7533004" lon="-118.3334281"><ele>786.76</ele><time>2026-06-07T12:37:27-05:00</time><course>125.8237</course><roll>-2.094181</roll><pitch>-4.994324</pitch><mode /></trkpt><trkpt lat="34.7532882" lon="-118.3333515"><ele>786.85</ele><time>2026-06-07T12:37:27-05:00</time><course>121.8496</course><roll>-1.091515</roll><pitch>-7.56592</pitch><mode /></trkpt><trkpt lat="34.7532783" lon="-118.3332754"><ele>788.17</ele><time>2026-06-07T12:37:28-05:00</time><course>119.4161</course><roll>0.5940303</roll><pitch>-11.15315</pitch><mode /></trkpt><trkpt lat="34.75327" lon="-118.3332007"><ele>789.86</ele><time>2026-06-07T12:37:28-05:00</time><course>111.088</course><roll>4.338431</roll><pitch>-6.781325</pitch><mode /></trkpt><trkpt lat="34.7532651" lon="-118.3331246"><ele>790.74</ele><time>2026-06-07T12:37:29-05:00</time><course>112.6268</course><roll>12.08595</roll><pitch>-1.658523</pitch><mode /></trkpt><trkpt lat="34.7532638" lon="-118.3330457"><ele>790.74</ele><time>2026-06-07T12:37:29-05:00</time><course>110.6487</course><roll>20.30329</roll><pitch>-1.936725</pitch><mode /></trkpt><trkpt lat="34.7532675" lon="-118.3329633"><ele>790.76</ele><time>2026-06-07T12:37:29-05:00</time><course>104.147</course><roll>26.35958</roll><pitch>-2.992263</pitch><mode /></trkpt><trkpt lat="34.7532794" lon="-118.3328764"><ele>791.02</ele><time>2026-06-07T12:37:30-05:00</time><course>97.07645</course><roll>24.92621</roll><pitch>-5.452886</pitch><mode /></trkpt><trkpt lat="34.7532994" lon="-118.332788"><ele>791.58</ele><time>2026-06-07T12:37:30-05:00</time><course>86.99046</course><roll>29.8434</roll><pitch>-3.95561</pitch><mode /></trkpt><trkpt lat="34.7533274" lon="-118.3327001"><ele>792.1</ele><time>2026-06-07T12:37:31-05:00</time><course>73.99091</course><roll>34.26168</roll><pitch>-0.7824456</pitch><mode /></trkpt><trkpt lat="34.7533648" lon="-118.3326134"><ele>792.28</ele><time>2026-06-07T12:37:31-05:00</time><course>62.18713</course><roll>41.24437</roll><pitch>-2.603525</pitch><mode /></trkpt><trkpt lat="34.7534153" lon="-118.3325332"><ele>792.54</ele><time>2026-06-07T12:37:31-05:00</time><course>48.09587</course><roll>44.63378</roll><pitch>-8.211385</pitch><mode /></trkpt><trkpt lat="34.753479" lon="-118.3324645"><ele>792.91</ele><time>2026-06-07T12:37:32-05:00</time><course>36.35224</course><roll>39.04884</roll><pitch>-12.96316</pitch><mode /></trkpt><trkpt lat="34.7535508" lon="-118.33241"><ele>793.65</ele><time>2026-06-07T12:37:32-05:00</time><course>23.42669</course><roll>40.52235</roll><pitch>-11.33308</pitch><mode /></trkpt><trkpt lat="34.7536263" lon="-118.3323657"><ele>794.18</ele><time>2026-06-07T12:37:33-05:00</time><course>7.65042</course><roll>44.04875</roll><pitch>-6.873261</pitch><mode /></trkpt><trkpt lat="34.7537052" lon="-118.3323369"><ele>794.45</ele><time>2026-06-07T12:37:33-05:00</time><course>356.6582</course><roll>40.99252</roll><pitch>-10.04578</pitch><mode /></trkpt><trkpt lat="34.7537836" lon="-118.332325"><ele>794.75</ele><time>2026-06-07T12:37:33-05:00</time><course>343.7076</course><roll>39.81034</roll><pitch>-9.861198</pitch><mode /></trkpt><trkpt lat="34.7538587" lon="-118.3323265"><ele>795.19</ele><time>2026-06-07T12:37:34-05:00</time><course>330.2307</course><roll>43.12694</roll><pitch>-7.543304</pitch><mode /></trkpt><trkpt lat="34.7539284" lon="-118.3323424"><ele>795.53</ele><time>2026-06-07T12:37:34-05:00</time><course>318.4226</course><roll>43.94764</roll><pitch>-9.091028</pitch><mode /></trkpt><trkpt lat="34.7539902" lon="-118.3323709"><ele>795.82</ele><time>2026-06-07T12:37:35-05:00</time><course>303.2946</course><roll>39.95642</roll><pitch>-9.822206</pitch><mode /></trkpt><trkpt lat="34.7540397" lon="-118.3324102"><ele>796.59</ele><time>2026-06-07T12:37:35-05:00</time><course>293.9676</course><roll>35.9264</roll><pitch>-6.453495</pitch><mode /></trkpt><trkpt lat="34.7540808" lon="-118.3324551"><ele>797.17</ele><time>2026-06-07T12:37:35-05:00</time><course>283.6194</course><roll>34.19131</roll><pitch>-3.394953</pitch><mode /></trkpt><trkpt lat="34.7541149" lon="-118.3325041"><ele>797.62</ele><time>2026-06-07T12:37:36-05:00</time><course>270.8354</course><roll>25.26838</roll><pitch>-2.007824</pitch><mode /></trkpt><trkpt lat="34.7541399" lon="-118.3325562"><ele>798.4</ele><time>2026-06-07T12:37:36-05:00</time><course>260.6578</course><roll>30.01307</roll><pitch>4.075336</pitch><mode /></trkpt><trkpt lat="34.7541589" lon="-118.3326099"><ele>798.59</ele><time>2026-06-07T12:37:37-05:00</time><course>253.6176</course><roll>20.52824</roll><pitch>4.692816</pitch><mode /></trkpt><trkpt lat="34.7541709" lon="-118.332664"><ele>798.58</ele><time>2026-06-07T12:37:37-05:00</time><course>248.2905</course><roll>20.71273</roll><pitch>5.735418</pitch><mode /></trkpt><trkpt lat="34.7541774" lon="-118.3327179"><ele>797.96</ele><time>2026-06-07T12:37:37-05:00</time><course>247.1916</course><roll>15.99875</roll><pitch>4.131533</pitch><mode /></trkpt><trkpt lat="34.7541789" lon="-118.3327718"><ele>797.26</ele><time>2026-06-07T12:37:38-05:00</time><course>241.4869</course><roll>16.62239</roll><pitch>-0.4985995</pitch><mode /></trkpt><trkpt lat="34.7541747" lon="-118.3328244"><ele>797.22</ele><time>2026-06-07T12:37:38-05:00</time><course>234.8833</course><roll>18.5575</roll><pitch>-2.612893</pitch><mode /></trkpt><trkpt lat="34.7541629" lon="-118.3328721"><ele>797.85</ele><time>2026-06-07T12:37:39-05:00</time><course>232.3076</course><roll>4.778464</roll><pitch>-7.604551</pitch><mode /></trkpt><trkpt lat="34.7541489" lon="-118.332916"><ele>798.62</ele><time>2026-06-07T12:37:39-05:00</time><course>229.3473</course><roll>-2.325879</roll><pitch>-5.735119</pitch><mode /></trkpt><trkpt lat="34.7541348" lon="-118.3329584"><ele>799.36</ele><time>2026-06-07T12:37:39-05:00</time><course>227.1004</course><roll>0.5438995</roll><pitch>-1.478371</pitch><mode /></trkpt><trkpt lat="34.7541185" lon="-118.3329989"><ele>799.58</ele><time>2026-06-07T12:37:40-05:00</time><course>229.5712</course><roll>0.7349864</roll><pitch>0.855349</pitch><mode /></trkpt><trkpt lat="34.7540998" lon="-118.3330383"><ele>799.62</ele><time>2026-06-07T12:37:40-05:00</time><course>232.6304</course><roll>-7.777637</roll><pitch>-1.726309</pitch><mode /></trkpt><trkpt lat="34.7540824" lon="-118.3330801"><ele>799.94</ele><time>2026-06-07T12:37:41-05:00</time><course>225.2916</course><roll>-9.50433</roll><pitch>-2.529454</pitch><mode /></trkpt><trkpt lat="34.7540663" lon="-118.3331218"><ele>799.92</ele><time>2026-06-07T12:37:41-05:00</time><course>221.8736</course><roll>-1.088305</roll><pitch>0.05420662</pitch><mode /></trkpt><trkpt lat="34.7540469" lon="-118.3331607"><ele>800.03</ele><time>2026-06-07T12:37:41-05:00</time><course>229.3304</course><roll>-9.334261</roll><pitch>1.295228</pitch><mode /></trkpt><trkpt lat="34.7540267" lon="-118.3331998"><ele>799.76</ele><time>2026-06-07T12:37:42-05:00</time><course>231.1828</course><roll>-10.57179</roll><pitch>0.403825</pitch><mode /></trkpt><trkpt lat="34.754009" lon="-118.3332428"><ele>799.91</ele><time>2026-06-07T12:37:42-05:00</time><course>224.5771</course><roll>-6.52143</roll><pitch>-4.678784</pitch><mode /></trkpt><trkpt lat="34.7539922" lon="-118.3332872"><ele>800.72</ele><time>2026-06-07T12:37:43-05:00</time><course>220.6302</course><roll>-4.055558</roll><pitch>-5.437452</pitch><mode /></trkpt><trkpt lat="34.7539738" lon="-118.3333285"><ele>801.51</ele><time>2026-06-07T12:37:43-05:00</time><course>225.125</course><roll>-6.171848</roll><pitch>-4.972345</pitch><mode /></trkpt><trkpt lat="34.7539548" lon="-118.3333687"><ele>802.17</ele><time>2026-06-07T12:37:43-05:00</time><course>227.7534</course><roll>-8.889846</roll><pitch>-2.419269</pitch><mode /></trkpt><trkpt lat="34.7539365" lon="-118.3334096"><ele>802.2</ele><time>2026-06-07T12:37:44-05:00</time><course>226.372</course><roll>-11.23829</roll><pitch>0.5493757</pitch><mode /></trkpt><trkpt lat="34.7539182" lon="-118.3334514"><ele>802.09</ele><time>2026-06-07T12:37:44-05:00</time><course>225.7341</course><roll>-15.89899</roll><pitch>6.084662</pitch><mode /></trkpt><trkpt lat="34.7539003" lon="-118.3334926"><ele>800.96</ele><time>2026-06-07T12:37:45-05:00</time><course>219.8798</course><roll>-17.98639</roll><pitch>16.27412</pitch><mode /></trkpt><trkpt lat="34.7538818" lon="-118.3335288"><ele>798.11</ele><time>2026-06-07T12:37:45-05:00</time><course>216.8991</course><roll>-15.16298</roll><pitch>19.66879</pitch><mode /></trkpt><trkpt lat="34.753861" lon="-118.3335639"><ele>794.9</ele><time>2026-06-07T12:37:45-05:00</time><course>222.499</course><roll>-12.60529</roll><pitch>18.18495</pitch><mode /></trkpt><trkpt lat="34.7538383" lon="-118.3336021"><ele>791.9</ele><time>2026-06-07T12:37:46-05:00</time><course>229.5174</course><roll>-18.76783</roll><pitch>10.06822</pitch><mode /></trkpt><trkpt lat="34.7538178" lon="-118.3336497"><ele>790.13</ele><time>2026-06-07T12:37:46-05:00</time><course>233.9859</course><roll>-24.44216</roll><pitch>3.814791</pitch><mode /></trkpt><trkpt lat="34.7537018" lon="-118.3342477"><ele>786.42</ele><time>2026-06-07T12:37:54-05:00</time><course>210.4032</course><roll>0.09235034</roll><pitch>-4.996188</pitch><mode /></trkpt><trkpt lat="34.7536085" lon="-118.3342732"><ele>785.58</ele><time>2026-06-07T12:37:56-05:00</time><course>196.8314</course><roll>1.410757</roll><pitch>-3.998988</pitch><mode /></trkpt><trkpt lat="34.7534802" lon="-118.334236"><ele>784.14</ele><time>2026-06-07T12:37:58-05:00</time><course>187.8861</course><roll>-5.610524</roll><pitch>-3.415668</pitch><mode /></trkpt><trkpt lat="34.7533381" lon="-118.3341927"><ele>783.52</ele><time>2026-06-07T12:38:00-05:00</time><course>187.9274</course><roll>-6.021305</roll><pitch>-1.924455</pitch><mode /></trkpt><trkpt lat="34.7531874" lon="-118.3341744"><ele>781.2</ele><time>2026-06-07T12:38:02-05:00</time><course>199.4313</course><roll>-19.69817</roll><pitch>-1.570221</pitch><mode /></trkpt><trkpt lat="34.7530614" lon="-118.3342579"><ele>780.8</ele><time>2026-06-07T12:38:04-05:00</time><course>222.4968</course><roll>-33.56603</roll><pitch>-5.149815</pitch><mode /></trkpt><trkpt lat="34.7530608" lon="-118.3344686"><ele>780.98</ele><time>2026-06-07T12:38:06-05:00</time><course>254.3257</course><roll>-32.67647</roll><pitch>-11.28916</pitch><mode /></trkpt><trkpt lat="34.7535538" lon="-118.3348418"><ele>784.36</ele><time>2026-06-07T12:38:10-05:00</time><course>332.9044</course><roll>-41.29116</roll><pitch>-12.88406</pitch><mode /></trkpt><trkpt lat="34.7539518" lon="-118.3347405"><ele>786.28</ele><time>2026-06-07T12:38:12-05:00</time><course>26.80112</course><roll>-45.40687</roll><pitch>-15.66031</pitch><mode /></trkpt><trkpt lat="34.7542888" lon="-118.3334062"><ele>786.78</ele><time>2026-06-07T12:38:19-05:00</time><course>146.5564</course><roll>-29.19478</roll><pitch>-4.253373</pitch><mode /></trkpt><trkpt lat="34.7541383" lon="-118.3332291"><ele>785.53</ele><time>2026-06-07T12:38:21-05:00</time><course>196.387</course><roll>-45.42005</roll><pitch>-3.924663</pitch><mode /></trkpt><trkpt lat="34.7540357" lon="-118.3333276"><ele>782.04</ele><time>2026-06-07T12:38:23-05:00</time><course>228.093</course><roll>-26.21608</roll><pitch>6.975291</pitch><mode /></trkpt><trkpt lat="34.7540001" lon="-118.3335412"><ele>773.89</ele><time>2026-06-07T12:38:25-05:00</time><course>246.6548</course><roll>-24.23433</roll><pitch>6.841719</pitch><mode /></trkpt><trkpt lat="34.7540252" lon="-118.33375"><ele>769.45</ele><time>2026-06-07T12:38:26-05:00</time><course>245.0997</course><roll>-0.1032063</roll><pitch>3.745168</pitch><mode /></trkpt><trkpt lat="34.754032" lon="-118.3338"><ele>768.7</ele><time>2026-06-07T12:38:27-05:00</time><course>245.8311</course><roll>-0.4315774</roll><pitch>0.2818905</pitch><mode /></trkpt><trkpt lat="34.7540425" lon="-118.3338957"><ele>768.22</ele><time>2026-06-07T12:38:27-05:00</time><course>238.4694</course><roll>6.926807</roll><pitch>1.225098</pitch><mode /></trkpt><trkpt lat="34.754044" lon="-118.3340233"><ele>767.39</ele><time>2026-06-07T12:38:29-05:00</time><course>240.9487</course><roll>-12.28047</roll><pitch>-2.007113</pitch><mode /></trkpt><trkpt lat="34.754043" lon="-118.3340631"><ele>767.46</ele><time>2026-06-07T12:38:29-05:00</time><course>241.2631</course><roll>-21.29034</roll><pitch>-2.920994</pitch><mode /></trkpt><trkpt lat="34.7540458" lon="-118.3341049"><ele>767.37</ele><time>2026-06-07T12:38:29-05:00</time><course>239.732</course><roll>-14.03222</roll><pitch>-7.682338</pitch><mode /></trkpt><trkpt lat="34.7540602" lon="-118.3341899"><ele>769.32</ele><time>2026-06-07T12:38:30-05:00</time><course>240.9684</course><roll>0.3981989</roll><pitch>-9.48316</pitch><mode /></trkpt><trkpt lat="34.7540654" lon="-118.3342292"><ele>770.08</ele><time>2026-06-07T12:38:31-05:00</time><course>242.2018</course><roll>6.966708</roll><pitch>-6.536104</pitch><mode /></trkpt><trkpt lat="34.7540729" lon="-118.3343055"><ele>771.19</ele><time>2026-06-07T12:38:31-05:00</time><course>234.6742</course><roll>2.454851</roll><pitch>-11.15161</pitch><mode /></trkpt><trkpt lat="34.7540714" lon="-118.3343768"><ele>772.84</ele><time>2026-06-07T12:38:32-05:00</time><course>231.1968</course><roll>4.384729</roll><pitch>-1.36295</pitch><mode /></trkpt><trkpt lat="34.7540654" lon="-118.3344115"><ele>772.99</ele><time>2026-06-07T12:38:33-05:00</time><course>231.4376</course><roll>-2.199363</roll><pitch>-5.870211</pitch><mode /></trkpt><trkpt lat="34.754053" lon="-118.3344805"><ele>774.54</ele><time>2026-06-07T12:38:33-05:00</time><course>225.0637</course><roll>3.666936</roll><pitch>-5.7938</pitch><mode /></trkpt><trkpt lat="34.7540257" lon="-118.3345759"><ele>775.83</ele><time>2026-06-07T12:38:35-05:00</time><course>218.9633</course><roll>2.227427</roll><pitch>-6.549169</pitch><mode /></trkpt><trkpt lat="34.7540131" lon="-118.3346044"><ele>776.33</ele><time>2026-06-07T12:38:35-05:00</time><course>215.2524</course><roll>7.263501</roll><pitch>-7.425211</pitch><mode /></trkpt><trkpt lat="34.7539989" lon="-118.3346295"><ele>776.92</ele><time>2026-06-07T12:38:35-05:00</time><course>212.9786</course><roll>8.061356</roll><pitch>-6.565193</pitch><mode /></trkpt><trkpt lat="34.7539838" lon="-118.3346506"><ele>777.32</ele><time>2026-06-07T12:38:36-05:00</time><course>209.6074</course><roll>10.99537</roll><pitch>-5.567766</pitch><mode /></trkpt><trkpt lat="34.7539666" lon="-118.3346677"><ele>777.71</ele><time>2026-06-07T12:38:36-05:00</time><course>205.8799</course><roll>12.85702</roll><pitch>-6.694616</pitch><mode /></trkpt><trkpt lat="34.7539469" lon="-118.3346791"><ele>778.56</ele><time>2026-06-07T12:38:37-05:00</time><course>201.2912</course><roll>14.21193</roll><pitch>-6.43293</pitch><mode /></trkpt><trkpt lat="34.7539264" lon="-118.334685"><ele>779.06</ele><time>2026-06-07T12:38:37-05:00</time><course>198.2158</course><roll>12.14758</roll><pitch>-5.678671</pitch><mode /></trkpt><trkpt lat="34.7538795" lon="-118.3346835"><ele>780</ele><time>2026-06-07T12:38:38-05:00</time><course>189.1877</course><roll>14.49409</roll><pitch>-1.879896</pitch><mode /></trkpt><trkpt lat="34.753853" lon="-118.3346753"><ele>779.95</ele><time>2026-06-07T12:38:38-05:00</time><course>187.186</course><roll>10.8951</roll><pitch>-4.154895</pitch><mode /></trkpt><trkpt lat="34.7531273" lon="-118.3337062"><ele>790.78</ele><time>2026-06-07T12:38:50-05:00</time><course>157.4496</course><roll>-8.359111</roll><pitch>-11.85215</pitch><mode /></trkpt><trkpt lat="34.7530531" lon="-118.3335338"><ele>794.66</ele><time>2026-06-07T12:38:52-05:00</time><course>162.8046</course><roll>-10.92585</roll><pitch>-13.57791</pitch><mode /></trkpt><trkpt lat="34.7529901" lon="-118.3333923"><ele>797.84</ele><time>2026-06-07T12:38:54-05:00</time><course>169.5585</course><roll>-7.801123</roll><pitch>-4.280919</pitch><mode /></trkpt><trkpt lat="34.7528948" lon="-118.3332906"><ele>796.33</ele><time>2026-06-07T12:38:56-05:00</time><course>190.2118</course><roll>-20.05354</roll><pitch>-7.850039</pitch><mode /></trkpt><trkpt lat="34.752795" lon="-118.3333168"><ele>795.63</ele><time>2026-06-07T12:38:58-05:00</time><course>214.3949</course><roll>-21.22049</roll><pitch>-4.12533</pitch><mode /></trkpt><trkpt lat="34.7527989" lon="-118.3336438"><ele>794.05</ele><time>2026-06-07T12:39:02-05:00</time><course>256.8481</course><roll>-18.74161</roll><pitch>-3.417761</pitch><mode /></trkpt><trkpt lat="34.7531977" lon="-118.3343442"><ele>784.7</ele><time>2026-06-07T12:39:09-05:00</time><course>262.2645</course><roll>0.4981172</roll><pitch>-0.6766641</pitch><mode /></trkpt><trkpt lat="34.753451" lon="-118.3347392"><ele>779.54</ele><time>2026-06-07T12:39:13-05:00</time><course>283.946</course><roll>-29.12587</roll><pitch>-1.298915</pitch><mode /></trkpt><trkpt lat="34.7537254" lon="-118.3349039"><ele>777.56</ele><time>2026-06-07T12:39:15-05:00</time><course>327.9718</course><roll>-37.38805</roll><pitch>-6.597605</pitch><mode /></trkpt><trkpt lat="34.7541072" lon="-118.3348651"><ele>779.15</ele><time>2026-06-07T12:39:17-05:00</time><course>22.01416</course><roll>-45.21934</roll><pitch>-13.48665</pitch><mode /></trkpt><trkpt lat="34.7543672" lon="-118.3345793"><ele>782.34</ele><time>2026-06-07T12:39:19-05:00</time><course>99.4074</course><roll>-47.6203</roll><pitch>-20.89727</pitch><mode /></trkpt><trkpt lat="34.7543828" lon="-118.3345153"><ele>783.37</ele><time>2026-06-07T12:39:19-05:00</time><course>111.0745</course><roll>-41.91465</roll><pitch>-24.5873</pitch><mode /></trkpt><trkpt lat="34.7543872" lon="-118.3344598"><ele>784.53</ele><time>2026-06-07T12:39:19-05:00</time><course>113.8479</course><roll>-29.36323</roll><pitch>-19.64071</pitch><mode /></trkpt><trkpt lat="34.7543893" lon="-118.3344077"><ele>785.13</ele><time>2026-06-07T12:39:20-05:00</time><course>116.8344</course><roll>-15.33369</roll><pitch>-11.44995</pitch><mode /></trkpt><trkpt lat="34.7543907" lon="-118.3343567"><ele>785.24</ele><time>2026-06-07T12:39:20-05:00</time><course>121.0707</course><roll>-4.633864</roll><pitch>1.155152</pitch><mode /></trkpt><trkpt lat="34.7543919" lon="-118.3343034"><ele>784.77</ele><time>2026-06-07T12:39:21-05:00</time><course>126.5329</course><roll>-1.063669</roll><pitch>2.227883</pitch><mode /></trkpt><trkpt lat="34.7543908" lon="-118.3342468"><ele>784.3</ele><time>2026-06-07T12:39:21-05:00</time><course>126.4837</course><roll>-1.752697</roll><pitch>1.548744</pitch><mode /></trkpt><trkpt lat="34.7543878" lon="-118.3341869"><ele>784.03</ele><time>2026-06-07T12:39:21-05:00</time><course>123.0498</course><roll>-3.865628</roll><pitch>1.761343</pitch><mode /></trkpt><trkpt lat="34.7543839" lon="-118.3341241"><ele>783.87</ele><time>2026-06-07T12:39:22-05:00</time><course>126.6842</course><roll>-19.27831</roll><pitch>-1.258784</pitch><mode /></trkpt><trkpt lat="34.7543781" lon="-118.3340616"><ele>783.73</ele><time>2026-06-07T12:39:22-05:00</time><course>132.883</course><roll>-40.29645</roll><pitch>-3.468442</pitch><mode /></trkpt><trkpt lat="34.754366" lon="-118.3340037"><ele>783.42</ele><time>2026-06-07T12:39:23-05:00</time><course>139.7639</course><roll>-43.76022</roll><pitch>-6.594934</pitch><mode /></trkpt><trkpt lat="34.7543479" lon="-118.3339523"><ele>782.99</ele><time>2026-06-07T12:39:23-05:00</time><course>149.6758</course><roll>-46.32444</roll><pitch>-4.862122</pitch><mode /></trkpt><trkpt lat="34.7543236" lon="-118.3339092"><ele>782.52</ele><time>2026-06-07T12:39:23-05:00</time><course>163.5814</course><roll>-46.59285</roll><pitch>-2.715917</pitch><mode /></trkpt><trkpt lat="34.7542948" lon="-118.333877"><ele>781.76</ele><time>2026-06-07T12:39:24-05:00</time><course>175.9987</course><roll>-45.54881</roll><pitch>-3.671149</pitch><mode /></trkpt><trkpt lat="34.7542628" lon="-118.3338599"><ele>781.08</ele><time>2026-06-07T12:39:24-05:00</time><course>186.4383</course><roll>-39.72829</roll><pitch>-4.648065</pitch><mode /></trkpt><trkpt lat="34.7542315" lon="-118.333856"><ele>780.57</ele><time>2026-06-07T12:39:25-05:00</time><course>190.2032</course><roll>-25.51937</roll><pitch>-7.649557</pitch><mode /></trkpt><trkpt lat="34.7542034" lon="-118.3338629"><ele>780.58</ele><time>2026-06-07T12:39:25-05:00</time><course>191.5364</course><roll>-10.94085</roll><pitch>-5.637005</pitch><mode /></trkpt><trkpt lat="34.7541764" lon="-118.3338711"><ele>780.83</ele><time>2026-06-07T12:39:25-05:00</time><course>197.617</course><roll>-4.083794</roll><pitch>-1.220907</pitch><mode /></trkpt><trkpt lat="34.7541484" lon="-118.3338777"><ele>780.62</ele><time>2026-06-07T12:39:26-05:00</time><course>201.8412</course><roll>-2.718038</roll><pitch>-0.1905455</pitch><mode /></trkpt><trkpt lat="34.7541196" lon="-118.3338847"><ele>780.46</ele><time>2026-06-07T12:39:26-05:00</time><course>202.1646</course><roll>-4.336538</roll><pitch>0.3369125</pitch><mode /></trkpt><trkpt lat="34.7540902" lon="-118.3338923"><ele>780.26</ele><time>2026-06-07T12:39:27-05:00</time><course>197.313</course><roll>-2.492263</roll><pitch>-0.1826609</pitch><mode /></trkpt><trkpt lat="34.75406" lon="-118.3338995"><ele>780.12</ele><time>2026-06-07T12:39:27-05:00</time><course>196.2151</course><roll>-1.476017</roll><pitch>0.3150648</pitch><mode /></trkpt><trkpt lat="34.7540285" lon="-118.3339052"><ele>779.87</ele><time>2026-06-07T12:39:27-05:00</time><course>196.4132</course><roll>-2.809112</roll><pitch>-0.1706473</pitch><mode /></trkpt><trkpt lat="34.7539966" lon="-118.3339114"><ele>779.73</ele><time>2026-06-07T12:39:28-05:00</time><course>193.8316</course><roll>-3.536504</roll><pitch>0.3237073</pitch><mode /></trkpt><trkpt lat="34.7537067" lon="-118.3339191"><ele>777.67</ele><time>2026-06-07T12:39:32-05:00</time><course>190.5033</course><roll>1.765724</roll><pitch>-3.376389</pitch><mode /></trkpt><trkpt lat="34.7535855" lon="-118.333913"><ele>777.91</ele><time>2026-06-07T12:39:34-05:00</time><course>193.8636</course><roll>-2.266173</roll><pitch>-1.891403</pitch><mode /></trkpt><trkpt lat="34.7534776" lon="-118.3338994"><ele>776.49</ele><time>2026-06-07T12:39:36-05:00</time><course>198.1323</course><roll>-16.68332</roll><pitch>-2.884184</pitch><mode /></trkpt><trkpt lat="34.7533531" lon="-118.3338811"><ele>774.5</ele><time>2026-06-07T12:39:38-05:00</time><course>192.3898</course><roll>0.3695196</roll><pitch>-6.454756</pitch><mode /></trkpt><trkpt lat="34.7532048" lon="-118.333834"><ele>774.08</ele><time>2026-06-07T12:39:40-05:00</time><course>173.9405</course><roll>10.77152</roll><pitch>-5.949462</pitch><mode /></trkpt><trkpt lat="34.7531405" lon="-118.3337888"><ele>774.85</ele><time>2026-06-07T12:39:40-05:00</time><course>173.3506</course><roll>-1.733795</roll><pitch>-7.084831</pitch><mode /></trkpt><trkpt lat="34.7530765" lon="-118.3337391"><ele>775.56</ele><time>2026-06-07T12:39:41-05:00</time><course>164.4404</course><roll>6.264645</roll><pitch>-3.862821</pitch><mode /></trkpt><trkpt lat="34.7530449" lon="-118.3337081"><ele>775.99</ele><time>2026-06-07T12:39:42-05:00</time><course>162.4489</course><roll>11.04788</roll><pitch>-3.289999</pitch><mode /></trkpt><trkpt lat="34.7530126" lon="-118.3336746"><ele>776.47</ele><time>2026-06-07T12:39:42-05:00</time><course>156.8738</course><roll>5.215082</roll><pitch>-4.307865</pitch><mode /></trkpt><trkpt lat="34.7529809" lon="-118.3336385"><ele>777.12</ele><time>2026-06-07T12:39:42-05:00</time><course>148.9378</course><roll>8.598344</roll><pitch>-2.677251</pitch><mode /></trkpt><trkpt lat="34.7529507" lon="-118.3336"><ele>777.68</ele><time>2026-06-07T12:39:43-05:00</time><course>141.8682</course><roll>12.81606</roll><pitch>-0.6073293</pitch><mode /></trkpt><trkpt lat="34.7529241" lon="-118.3335544"><ele>778.09</ele><time>2026-06-07T12:39:43-05:00</time><course>146.4162</course><roll>12.6743</roll><pitch>-1.854723</pitch><mode /></trkpt><trkpt lat="34.7529002" lon="-118.333504"><ele>778.28</ele><time>2026-06-07T12:39:44-05:00</time><course>146.7745</course><roll>18.374</roll><pitch>-2.682146</pitch><mode /></trkpt><trkpt lat="34.7528788" lon="-118.3334496"><ele>778.5</ele><time>2026-06-07T12:39:44-05:00</time><course>140.7189</course><roll>18.84496</roll><pitch>-4.642599</pitch><mode /></trkpt><trkpt lat="34.7528619" lon="-118.3333902"><ele>778.88</ele><time>2026-06-07T12:39:44-05:00</time><course>137.0707</course><roll>18.37945</roll><pitch>-4.421031</pitch><mode /></trkpt><trkpt lat="34.7528496" lon="-118.3333271"><ele>779.12</ele><time>2026-06-07T12:39:45-05:00</time><course>131.9218</course><roll>26.21836</roll><pitch>-3.503748</pitch><mode /></trkpt><trkpt lat="34.7528428" lon="-118.3332591"><ele>779.35</ele><time>2026-06-07T12:39:45-05:00</time><course>127.4452</course><roll>27.30726</roll><pitch>-4.887901</pitch><mode /></trkpt><trkpt lat="34.7528416" lon="-118.3331874"><ele>779.26</ele><time>2026-06-07T12:39:46-05:00</time><course>116.4593</course><roll>38.96611</roll><pitch>-6.789721</pitch><mode /></trkpt><trkpt lat="34.7528486" lon="-118.3331094"><ele>779.08</ele><time>2026-06-07T12:39:46-05:00</time><course>104.3015</course><roll>32.35717</roll><pitch>-12.71164</pitch><mode /></trkpt><trkpt lat="34.7528658" lon="-118.3330285"><ele>779.2</ele><time>2026-06-07T12:39:46-05:00</time><course>89.26363</course><roll>27.01831</roll><pitch>-12.97404</pitch><mode /></trkpt><trkpt lat="34.7528903" lon="-118.3329493"><ele>779.62</ele><time>2026-06-07T12:39:47-05:00</time><course>73.38874</course><roll>33.19314</roll><pitch>-6.917433</pitch><mode /></trkpt><trkpt lat="34.7529233" lon="-118.3328724"><ele>779.83</ele><time>2026-06-07T12:39:47-05:00</time><course>62.75696</course><roll>30.43544</roll><pitch>-6.319654</pitch><mode /></trkpt><trkpt lat="34.7529652" lon="-118.3328001"><ele>779.9</ele><time>2026-06-07T12:39:48-05:00</time><course>54.49723</course><roll>22.99815</roll><pitch>-8.293472</pitch><mode /></trkpt><trkpt lat="34.7530133" lon="-118.332733"><ele>780.11</ele><time>2026-06-07T12:39:48-05:00</time><course>47.53936</course><roll>21.09107</roll><pitch>-6.018311</pitch><mode /></trkpt><trkpt lat="34.7530657" lon="-118.3326716"><ele>780.32</ele><time>2026-06-07T12:39:48-05:00</time><course>41.04365</course><roll>20.71915</roll><pitch>-4.60394</pitch><mode /></trkpt><trkpt lat="34.7531216" lon="-118.3326159"><ele>780.58</ele><time>2026-06-07T12:39:49-05:00</time><course>33.26299</course><roll>29.1412</roll><pitch>-3.290522</pitch><mode /></trkpt><trkpt lat="34.7531809" lon="-118.332567"><ele>780.66</ele><time>2026-06-07T12:39:49-05:00</time><course>26.34043</course><roll>26.58327</roll><pitch>-5.248182</pitch><mode /></trkpt><trkpt lat="34.7532436" lon="-118.3325261"><ele>780.78</ele><time>2026-06-07T12:39:50-05:00</time><course>17.35633</course><roll>18.05813</roll><pitch>-5.536452</pitch><mode /></trkpt><trkpt lat="34.7533075" lon="-118.3324911"><ele>781.01</ele><time>2026-06-07T12:39:50-05:00</time><course>7.330462</course><roll>29.41279</roll><pitch>-1.258109</pitch><mode /></trkpt><trkpt lat="34.7533732" lon="-118.3324637"><ele>780.98</ele><time>2026-06-07T12:39:50-05:00</time><course>357.5815</course><roll>30.42416</roll><pitch>-2.798804</pitch><mode /></trkpt><trkpt lat="34.7534393" lon="-118.33245"><ele>781.13</ele><time>2026-06-07T12:39:51-05:00</time><course>349.659</course><roll>22.32723</roll><pitch>-5.835487</pitch><mode /></trkpt><trkpt lat="34.7535043" lon="-118.3324451"><ele>781.45</ele><time>2026-06-07T12:39:51-05:00</time><course>341.8666</course><roll>21.06339</roll><pitch>-4.103485</pitch><mode /></trkpt><trkpt lat="34.7536299" lon="-118.3324512"><ele>781.37</ele><time>2026-06-07T12:39:52-05:00</time><course>322.3334</course><roll>18.01462</roll><pitch>-3.575346</pitch><mode /></trkpt><trkpt lat="34.7536879" lon="-118.3324646"><ele>781.54</ele><time>2026-06-07T12:39:52-05:00</time><course>313.8052</course><roll>15.63398</roll><pitch>-1.214523</pitch><mode /></trkpt><trkpt lat="34.7537432" lon="-118.3324809"><ele>781.5</ele><time>2026-06-07T12:39:53-05:00</time><course>305.5623</course><roll>22.8696</roll><pitch>0.08903904</pitch><mode /></trkpt><trkpt lat="34.7537929" lon="-118.3325032"><ele>781.85</ele><time>2026-06-07T12:39:53-05:00</time><course>298.7839</course><roll>23.85862</roll><pitch>-0.8871819</pitch><mode /></trkpt><trkpt lat="34.7538151" lon="-118.3325168"><ele>782.15</ele><time>2026-06-07T12:39:53-05:00</time><course>296.9617</course><roll>21.57915</roll><pitch>-2.16802</pitch><mode /></trkpt><trkpt lat="34.7538565" lon="-118.3325455"><ele>782.24</ele><time>2026-06-07T12:39:54-05:00</time><course>291.9763</course><roll>13.65327</roll><pitch>-1.908867</pitch><mode /></trkpt><trkpt lat="34.7538958" lon="-118.3325761"><ele>782.4</ele><time>2026-06-07T12:39:54-05:00</time><course>282.2651</course><roll>14.12907</roll><pitch>0.08292511</pitch><mode /></trkpt><trkpt lat="34.7539323" lon="-118.3326087"><ele>782.65</ele><time>2026-06-07T12:39:55-05:00</time><course>272.9332</course><roll>12.71946</roll><pitch>0.3140334</pitch><mode /></trkpt><trkpt lat="34.7539632" lon="-118.3326432"><ele>782.89</ele><time>2026-06-07T12:39:55-05:00</time><course>270.2967</course><roll>4.831837</roll><pitch>0.9327119</pitch><mode /></trkpt><trkpt lat="34.7539926" lon="-118.3326776"><ele>782.69</ele><time>2026-06-07T12:39:55-05:00</time><course>266.499</course><roll>11.15043</roll><pitch>1.556627</pitch><mode /></trkpt><trkpt lat="34.7540204" lon="-118.3327121"><ele>782.39</ele><time>2026-06-07T12:39:56-05:00</time><course>261.8171</course><roll>13.19701</roll><pitch>0.9430557</pitch><mode /></trkpt><trkpt lat="34.7540428" lon="-118.3327475"><ele>782.31</ele><time>2026-06-07T12:39:56-05:00</time><course>258.8033</course><roll>15.37248</roll><pitch>1.874696</pitch><mode /></trkpt><trkpt lat="34.7540594" lon="-118.3327824"><ele>782.37</ele><time>2026-06-07T12:39:57-05:00</time><course>259.7283</course><roll>14.61627</roll><pitch>0.9025163</pitch><mode /></trkpt><trkpt lat="34.7540699" lon="-118.3328172"><ele>782.57</ele><time>2026-06-07T12:39:57-05:00</time><course>260.7507</course><roll>2.73702</roll><pitch>-0.01601829</pitch><mode /></trkpt><trkpt lat="34.7540788" lon="-118.3328522"><ele>782.81</ele><time>2026-06-07T12:39:57-05:00</time><course>256.0653</course><roll>-0.1045782</roll><pitch>2.192184</pitch><mode /></trkpt><trkpt lat="34.7540885" lon="-118.3328878"><ele>782.53</ele><time>2026-06-07T12:39:58-05:00</time><course>248.8328</course><roll>5.525433</roll><pitch>5.60739</pitch><mode /></trkpt><trkpt lat="34.7540962" lon="-118.3329234"><ele>782.21</ele><time>2026-06-07T12:39:58-05:00</time><course>245.1766</course><roll>8.346258</roll><pitch>4.278183</pitch><mode /></trkpt><trkpt lat="34.7540986" lon="-118.3329588"><ele>782.06</ele><time>2026-06-07T12:39:59-05:00</time><course>247.818</course><roll>-2.706867</roll><pitch>2.651242</pitch><mode /></trkpt><trkpt lat="34.7540997" lon="-118.3329941"><ele>781.66</ele><time>2026-06-07T12:39:59-05:00</time><course>247.6681</course><roll>-2.102352</roll><pitch>2.770949</pitch><mode /></trkpt><trkpt lat="34.7541019" lon="-118.3330304"><ele>781.42</ele><time>2026-06-07T12:39:59-05:00</time><course>243.4919</course><roll>-0.7044547</roll><pitch>2.482057</pitch><mode /></trkpt><trkpt lat="34.7541038" lon="-118.3330669"><ele>781.36</ele><time>2026-06-07T12:40:00-05:00</time><course>242.5078</course><roll>-0.4884703</roll><pitch>5.446369</pitch><mode /></trkpt><trkpt lat="34.7541043" lon="-118.3331025"><ele>780.75</ele><time>2026-06-07T12:40:00-05:00</time><course>244.6069</course><roll>-4.573365</roll><pitch>6.105622</pitch><mode /></trkpt><trkpt lat="34.7541046" lon="-118.333139"><ele>779.89</ele><time>2026-06-07T12:40:01-05:00</time><course>244.4349</course><roll>-1.577471</roll><pitch>3.78252</pitch><mode /></trkpt><trkpt lat="34.7541048" lon="-118.3331763"><ele>779.34</ele><time>2026-06-07T12:40:01-05:00</time><course>243.2181</course><roll>-0.1276221</roll><pitch>1.676561</pitch><mode /></trkpt><trkpt lat="34.7541053" lon="-118.3332141"><ele>779.05</ele><time>2026-06-07T12:40:01-05:00</time><course>239.6897</course><roll>-2.08839</roll><pitch>0.6577179</pitch><mode /></trkpt><trkpt lat="34.7541049" lon="-118.3332516"><ele>779.1</ele><time>2026-06-07T12:40:02-05:00</time><course>240.2997</course><roll>-3.197542</roll><pitch>1.974024</pitch><mode /></trkpt><trkpt lat="34.754104" lon="-118.333288"><ele>778.88</ele><time>2026-06-07T12:40:02-05:00</time><course>241.4944</course><roll>-5.495551</roll><pitch>3.745729</pitch><mode /></trkpt><trkpt lat="34.7541037" lon="-118.3333246"><ele>778.67</ele><time>2026-06-07T12:40:03-05:00</time><course>241.6536</course><roll>-4.823423</roll><pitch>3.22928</pitch><mode /></trkpt><trkpt lat="34.7541035" lon="-118.3333611"><ele>778.19</ele><time>2026-06-07T12:40:03-05:00</time><course>241.7814</course><roll>-4.730512</roll><pitch>4.013779</pitch><mode /></trkpt><trkpt lat="34.7541044" lon="-118.3333976"><ele>777.5</ele><time>2026-06-07T12:40:03-05:00</time><course>238.7711</course><roll>-8.074686</roll><pitch>2.97045</pitch><mode /></trkpt><trkpt lat="34.7541072" lon="-118.3334353"><ele>777.06</ele><time>2026-06-07T12:40:04-05:00</time><course>236.8808</course><roll>-4.269068</roll><pitch>2.381746</pitch><mode /></trkpt><trkpt lat="34.7541095" lon="-118.3334724"><ele>776.79</ele><time>2026-06-07T12:40:04-05:00</time><course>240.4771</course><roll>-1.039564</roll><pitch>2.933706</pitch><mode /></trkpt><trkpt lat="34.7541118" lon="-118.3335094"><ele>776.44</ele><time>2026-06-07T12:40:05-05:00</time><course>242.2286</course><roll>-4.444233</roll><pitch>1.317096</pitch><mode /></trkpt><trkpt lat="34.7541153" lon="-118.3335472"><ele>776.26</ele><time>2026-06-07T12:40:05-05:00</time><course>238.8144</course><roll>-1.073777</roll><pitch>1.040148</pitch><mode /></trkpt><trkpt lat="34.7541199" lon="-118.3335848"><ele>776.02</ele><time>2026-06-07T12:40:05-05:00</time><course>233.8072</course><roll>-0.1989593</roll><pitch>2.199358</pitch><mode /></trkpt><trkpt lat="34.7541231" lon="-118.3336214"><ele>775.92</ele><time>2026-06-07T12:40:06-05:00</time><course>235.4058</course><roll>-7.774596</roll><pitch>1.920429</pitch><mode /></trkpt><trkpt lat="34.754126" lon="-118.3336582"><ele>776.16</ele><time>2026-06-07T12:40:06-05:00</time><course>236.5215</course><roll>-8.091981</roll><pitch>2.287916</pitch><mode /></trkpt><trkpt lat="34.7541308" lon="-118.3336961"><ele>776.14</ele><time>2026-06-07T12:40:07-05:00</time><course>232.5288</course><roll>4.339413</roll><pitch>6.754365</pitch><mode /></trkpt><trkpt lat="34.7541351" lon="-118.3337323"><ele>775.25</ele><time>2026-06-07T12:40:07-05:00</time><course>231.4129</course><roll>-1.08339</roll><pitch>5.238748</pitch><mode /></trkpt><trkpt lat="34.754138" lon="-118.3337676"><ele>774.3</ele><time>2026-06-07T12:40:07-05:00</time><course>230.9654</course><roll>0.505504</roll><pitch>2.546128</pitch><mode /></trkpt><trkpt lat="34.7541409" lon="-118.3338026"><ele>773.82</ele><time>2026-06-07T12:40:08-05:00</time><course>227.7551</course><roll>1.582991</roll><pitch>-0.2278601</pitch><mode /></trkpt><trkpt lat="34.7541437" lon="-118.3338365"><ele>773.93</ele><time>2026-06-07T12:40:08-05:00</time><course>225.642</course><roll>-3.253522</roll><pitch>-1.174049</pitch><mode /></trkpt><trkpt lat="34.7541463" lon="-118.3338701"><ele>774.35</ele><time>2026-06-07T12:40:09-05:00</time><course>221.4997</course><roll>5.997846</roll><pitch>6.690597</pitch><mode /></trkpt><trkpt lat="34.7541459" lon="-118.3338996"><ele>774.09</ele><time>2026-06-07T12:40:09-05:00</time><course>230.7062</course><roll>-3.634793</roll><pitch>5.74403</pitch><mode /></trkpt><trkpt lat="34.7541452" lon="-118.3339292"><ele>773.54</ele><time>2026-06-07T12:40:09-05:00</time><course>234.3278</course><roll>3.453316</roll><pitch>1.963556</pitch><mode /></trkpt><trkpt lat="34.754147" lon="-118.33396"><ele>773.27</ele><time>2026-06-07T12:40:10-05:00</time><course>227.6629</course><roll>4.297559</roll><pitch>0.9696617</pitch><mode /></trkpt><trkpt lat="34.7541485" lon="-118.3339894"><ele>772.85</ele><time>2026-06-07T12:40:10-05:00</time><course>219.7766</course><roll>7.510212</roll><pitch>2.136601</pitch><mode /></trkpt><trkpt lat="34.7541484" lon="-118.3340158"><ele>772.31</ele><time>2026-06-07T12:40:11-05:00</time><course>216.2346</course><roll>3.320141</roll><pitch>0.6135024</pitch><mode /></trkpt><trkpt lat="34.7541461" lon="-118.3340384"><ele>772</ele><time>2026-06-07T12:40:11-05:00</time><course>218.2846</course><roll>3.707519</roll><pitch>0.4217985</pitch><mode /></trkpt><trkpt lat="34.7541428" lon="-118.3340585"><ele>772.02</ele><time>2026-06-07T12:40:11-05:00</time><course>219.9533</course><roll>0.7423211</roll><pitch>0.4620298</pitch><mode /></trkpt><trkpt lat="34.7541413" lon="-118.3340797"><ele>771.88</ele><time>2026-06-07T12:40:12-05:00</time><course>209.8663</course><roll>9.0903</roll><pitch>1.059729</pitch><mode /></trkpt><trkpt lat="34.754139" lon="-118.3340977"><ele>771.92</ele><time>2026-06-07T12:40:12-05:00</time><course>202.4868</course><roll>-1.33012</roll><pitch>-0.07088301</pitch><mode /></trkpt><trkpt lat="34.7541355" lon="-118.3341119"><ele>772.24</ele><time>2026-06-07T12:40:13-05:00</time><course>202.7173</course><roll>-5.718131</roll><pitch>5.496344</pitch><mode /></trkpt><trkpt lat="34.7541311" lon="-118.334123"><ele>771.91</ele><time>2026-06-07T12:40:13-05:00</time><course>211.0986</course><roll>0.5199453</roll><pitch>9.441084</pitch><mode /></trkpt><trkpt lat="34.7541251" lon="-118.3341325"><ele>770.94</ele><time>2026-06-07T12:40:13-05:00</time><course>221.88</course><roll>-7.795836</roll><pitch>3.169673</pitch><mode /></trkpt><trkpt lat="34.7541192" lon="-118.3341466"><ele>770.52</ele><time>2026-06-07T12:40:14-05:00</time><course>222.0527</course><roll>-0.109897</roll><pitch>2.485624</pitch><mode /></trkpt><trkpt lat="34.7541146" lon="-118.3341629"><ele>769.95</ele><time>2026-06-07T12:40:14-05:00</time><course>216.7257</course><roll>1.038734</roll><pitch>1.765831</pitch><mode /></trkpt><trkpt lat="34.7541093" lon="-118.3341787"><ele>769.13</ele><time>2026-06-07T12:40:15-05:00</time><course>212.0764</course><roll>-5.18858</roll><pitch>-0.08249446</pitch><mode /></trkpt><trkpt lat="34.7541036" lon="-118.3341944"><ele>768.39</ele><time>2026-06-07T12:40:15-05:00</time><course>209.5875</course><roll>-2.072306</roll><pitch>-0.008285339</pitch><mode /></trkpt><trkpt lat="34.7540966" lon="-118.3342112"><ele>767.96</ele><time>2026-06-07T12:40:15-05:00</time><course>208.8908</course><roll>2.974333</roll><pitch>-0.1310084</pitch><mode /></trkpt><trkpt lat="34.7540884" lon="-118.3342271"><ele>767.59</ele><time>2026-06-07T12:40:16-05:00</time><course>208.2105</course><roll>-5.193859</roll><pitch>1.653254</pitch><mode /></trkpt><trkpt lat="34.7540802" lon="-118.3342407"><ele>767.24</ele><time>2026-06-07T12:40:16-05:00</time><course>219.6211</course><roll>2.53081</roll><pitch>-5.533704</pitch><mode /></trkpt><trkpt lat="34.7540771" lon="-118.334243"><ele>767.22</ele><time>2026-06-07T12:40:17-05:00</time><course>226.6546</course><roll>2.528314</roll><pitch>-1.970334</pitch><mode /></trkpt><trkpt lat="34.754076" lon="-118.3342431"><ele>767.06</ele><time>2026-06-07T12:40:17-05:00</time><course>226.5438</course><roll>2.517803</roll><pitch>-2.031803</pitch><mode /></trkpt><trkpt lat="34.7540753" lon="-118.334243"><ele>766.95</ele><time>2026-06-07T12:40:17-05:00</time><course>226.4011</course><roll>2.486222</roll><pitch>-1.853675</pitch><mode /></trkpt><trkpt lat="34.7540745" lon="-118.3342428"><ele>766.91</ele><time>2026-06-07T12:40:18-05:00</time><course>226.2877</course><roll>2.501515</roll><pitch>-1.815277</pitch><mode /></trkpt><trkpt lat="34.7540736" lon="-118.3342429"><ele>766.91</ele><time>2026-06-07T12:40:19-05:00</time><course>226.108</course><roll>2.450361</roll><pitch>-1.755762</pitch><mode /></trkpt><trkpt lat="34.7540724" lon="-118.3342417"><ele>767.05</ele><time>2026-06-07T12:40:25-05:00</time><course>225.7401</course><roll>2.097744</roll><pitch>-1.96392</pitch><mode /></trkpt><trkpt lat="34.7540723" lon="-118.3342414"><ele>766.93</ele><time>2026-06-07T12:40:26-05:00</time><course>225.6222</course><roll>2.115583</roll><pitch>-1.955489</pitch><mode /></trkpt><trkpt lat="34.7540722" lon="-118.3342413"><ele>766.84</ele><time>2026-06-07T12:40:26-05:00</time><course>225.5189</course><roll>2.081425</roll><pitch>-1.946551</pitch><mode /></trkpt><trkpt lat="34.7540725" lon="-118.3342409"><ele>766.67</ele><time>2026-06-07T12:40:27-05:00</time><course>225.3443</course><roll>2.133019</roll><pitch>-1.934472</pitch><mode /></trkpt><trkpt lat="34.7540727" lon="-118.3342406"><ele>766.56</ele><time>2026-06-07T12:40:28-05:00</time><course>225.3197</course><roll>2.135391</roll><pitch>-1.955714</pitch><mode /></trkpt><trkpt lat="34.754072" lon="-118.3342408"><ele>766.26</ele><time>2026-06-07T12:40:29-05:00</time><course>225.1472</course><roll>2.234938</roll><pitch>-1.761736</pitch><mode /></trkpt><trkpt lat="34.7540717" lon="-118.334241"><ele>766.16</ele><time>2026-06-07T12:40:29-05:00</time><course>225.3576</course><roll>2.327265</roll><pitch>-1.52707</pitch><mode /></trkpt><trkpt lat="34.7540715" lon="-118.3342413"><ele>766.08</ele><time>2026-06-07T12:40:30-05:00</time><course>225.2068</course><roll>2.122629</roll><pitch>-1.622392</pitch><mode /></trkpt><trkpt lat="34.7540713" lon="-118.3342414"><ele>766.01</ele><time>2026-06-07T12:40:30-05:00</time><course>225.1454</course><roll>2.09766</roll><pitch>-1.607629</pitch><mode /></trkpt><trkpt lat="34.754071" lon="-118.3342415"><ele>765.97</ele><time>2026-06-07T12:40:31-05:00</time><course>225.0726</course><roll>2.095855</roll><pitch>-1.583154</pitch><mode /></trkpt><trkpt lat="34.7540706" lon="-118.3342416"><ele>765.93</ele><time>2026-06-07T12:40:31-05:00</time><course>225.041</course><roll>2.137352</roll><pitch>-1.589819</pitch><mode /></trkpt><trkpt lat="34.7540703" lon="-118.3342414"><ele>765.89</ele><time>2026-06-07T12:40:31-05:00</time><course>224.999</course><roll>2.14034</roll><pitch>-1.586536</pitch><mode /></trkpt><trkpt lat="34.7540701" lon="-118.3342413"><ele>765.8</ele><time>2026-06-07T12:40:32-05:00</time><course>224.941</course><roll>2.155937</roll><pitch>-1.608484</pitch><mode /></trkpt><trkpt lat="34.7540694" lon="-118.3342411"><ele>765.69</ele><time>2026-06-07T12:40:33-05:00</time><course>224.7731</course><roll>2.155529</roll><pitch>-1.628932</pitch><mode /></trkpt><trkpt lat="34.754069" lon="-118.3342412"><ele>765.65</ele><time>2026-06-07T12:40:33-05:00</time><course>224.7344</course><roll>2.176852</roll><pitch>-1.634288</pitch><mode /></trkpt><trkpt lat="34.7540686" lon="-118.3342413"><ele>765.61</ele><time>2026-06-07T12:40:34-05:00</time><course>224.6331</course><roll>2.165353</roll><pitch>-1.703969</pitch><mode /></trkpt><trkpt lat="34.7540685" lon="-118.3342414"><ele>765.61</ele><time>2026-06-07T12:40:35-05:00</time><course>224.5847</course><roll>2.168084</roll><pitch>-1.685344</pitch><mode /></trkpt><trkpt lat="34.7540686" lon="-118.3342412"><ele>765.56</ele><time>2026-06-07T12:40:35-05:00</time><course>224.5064</course><roll>2.200971</roll><pitch>-1.64418</pitch><mode /></trkpt><trkpt lat="34.7540689" lon="-118.3342413"><ele>765.54</ele><time>2026-06-07T12:40:38-05:00</time><course>224.1378</course><roll>2.133642</roll><pitch>-1.74499</pitch><mode /></trkpt><trkpt lat="34.754069" lon="-118.3342414"><ele>765.51</ele><time>2026-06-07T12:40:39-05:00</time><course>224.0786</course><roll>2.124652</roll><pitch>-1.738647</pitch><mode /></trkpt><trkpt lat="34.7540691" lon="-118.3342414"><ele>765.44</ele><time>2026-06-07T12:40:39-05:00</time><course>223.9725</course><roll>2.123304</roll><pitch>-1.725775</pitch><mode /></trkpt><trkpt lat="34.7540692" lon="-118.3342416"><ele>765.42</ele><time>2026-06-07T12:40:40-05:00</time><course>223.9211</course><roll>2.103528</roll><pitch>-1.740117</pitch><mode /></trkpt><trkpt lat="34.7540691" lon="-118.3342417"><ele>765.48</ele><time>2026-06-07T12:40:40-05:00</time><course>223.8607</course><roll>2.090905</roll><pitch>-1.715188</pitch><mode /></trkpt></trkseg></trk><wpt lat="34.7541194" lon="-118.3343127"><name>0</name></wpt><wpt lat="34.7541167" lon="-118.3343028"><name>1</name></wpt><wpt lat="34.7541162" lon="-118.3343019"><name>2</name></wpt><wpt lat="34.7541156" lon="-118.3343004"><name>3</name></wpt><wpt lat="34.7541152" lon="-118.3342999"><name>4</name></wpt><wpt lat="34.7541144" lon="-118.334299"><name>5</name></wpt><wpt lat="34.7541139" lon="-118.3342997"><name>6</name></wpt><wpt lat="34.7541134" lon="-118.3342979"><name>7</name></wpt><wpt lat="34.7541128" lon="-118.3342948"><name>8</name></wpt><wpt lat="34.7541127" lon="-118.334293"><name>9</name></wpt><wpt lat="34.7541119" lon="-118.3342913"><name>10</name></wpt><wpt lat="34.754111" lon="-118.3342901"><name>11</name></wpt><wpt lat="34.7541109" lon="-118.3342897"><name>12</name></wpt><wpt lat="34.7541105" lon="-118.3342894"><name>13</name></wpt><wpt lat="34.7541101" lon="-118.3342887"><name>14</name></wpt><wpt lat="34.7541098" lon="-118.3342887"><name>15</name></wpt><wpt lat="34.7541092" lon="-118.3342883"><name>16</name></wpt><wpt lat="34.7541089" lon="-118.3342882"><name>17</name></wpt><wpt lat="34.754109" lon="-118.3342888"><name>18</name></wpt><wpt lat="34.7541083" lon="-118.3342917"><name>19</name></wpt><wpt lat="34.754108" lon="-118.3342918"><name>20</name></wpt><wpt lat="34.7541077" lon="-118.3342915"><name>21</name></wpt><wpt lat="34.7541081" lon="-118.3342912"><name>22</name></wpt><wpt lat="34.7541088" lon="-118.3342915"><name>23</name></wpt><wpt lat="34.7541089" lon="-118.3342911"><name>24</name></wpt><wpt lat="34.7541088" lon="-118.3342904"><name>25</name></wpt><wpt lat="34.7541089" lon="-118.3342888"><name>26</name></wpt><wpt lat="34.7541088" lon="-118.3342889"><name>27</name></wpt><wpt lat="34.7541089" lon="-118.3342895"><name>28</name></wpt><wpt lat="34.7541088" lon="-118.3342897"><name>29</name></wpt><wpt lat="34.7541086" lon="-118.3342902"><name>30</name></wpt><wpt lat="34.7541085" lon="-118.3342906"><name>31</name></wpt><wpt lat="34.7541083" lon="-118.3342905"><name>32</name></wpt><wpt lat="34.7541081" lon="-118.3342909"><name>33</name></wpt><wpt lat="34.7541074" lon="-118.3342914"><name>34</name></wpt><wpt lat="34.7541064" lon="-118.3342917"><name>35</name></wpt><wpt lat="34.7541051" lon="-118.3342915"><name>36</name></wpt><wpt lat="34.7541041" lon="-118.3342913"><name>37</name></wpt><wpt lat="34.7541033" lon="-118.3342917"><name>38</name></wpt><wpt lat="34.7541026" lon="-118.3342926"><name>39</name></wpt><wpt lat="34.754102" lon="-118.334293"><name>40</name></wpt><wpt lat="34.7541018" lon="-118.3342931"><name>41</name></wpt><wpt lat="34.7541015" lon="-118.3342938"><name>42</name></wpt><wpt lat="34.7541005" lon="-118.3342949"><name>43</name></wpt><wpt lat="34.7540998" lon="-118.3342963"><name>44</name></wpt><wpt lat="34.7540995" lon="-118.3342964"><name>45</name></wpt><wpt lat="34.7540991" lon="-118.3342969"><name>46</name></wpt><wpt lat="34.7540984" lon="-118.3342968"><name>47</name></wpt><wpt lat="34.7540974" lon="-118.3342972"><name>48</name></wpt><wpt lat="34.754097" lon="-118.3342977"><name>49</name></wpt><wpt lat="34.7540966" lon="-118.334298"><name>50</name></wpt><wpt lat="34.7540963" lon="-118.3342988"><name>51</name></wpt><wpt lat="34.7540958" lon="-118.3342993"><name>52</name></wpt><wpt lat="34.7540953" lon="-118.3342995"><name>53</name></wpt><wpt lat="34.7540947" lon="-118.3342996"><name>54</name></wpt><wpt lat="34.7540943" lon="-118.3343"><name>55</name></wpt><wpt lat="34.7540941" lon="-118.3343005"><name>56</name></wpt><wpt lat="34.7540936" lon="-118.3343006"><name>57</name></wpt><wpt lat="34.7540941" lon="-118.3343008"><name>58</name></wpt><wpt lat="34.7540954" lon="-118.334301"><name>59</name></wpt><wpt lat="34.7540951" lon="-118.3343011"><name>60</name></wpt><wpt lat="34.7540947" lon="-118.3343016"><name>61</name></wpt><wpt lat="34.7540939" lon="-118.3343023"><name>62</name></wpt><wpt lat="34.7540936" lon="-118.3343027"><name>63</name></wpt><wpt lat="34.7540933" lon="-118.3343028"><name>64</name></wpt><wpt lat="34.7540932" lon="-118.3343029"><name>65</name></wpt><wpt lat="34.7540933" lon="-118.3343031"><name>66</name></wpt><wpt lat="34.7540929" lon="-118.3343039"><name>67</name></wpt><wpt lat="34.7540935" lon="-118.3343047"><name>68</name></wpt><wpt lat="34.754094" lon="-118.334305"><name>69</name></wpt><wpt lat="34.7540948" lon="-118.3343052"><name>70</name></wpt><wpt lat="34.7540951" lon="-118.3343054"><name>71</name></wpt><wpt lat="34.7540952" lon="-118.3343059"><name>72</name></wpt><wpt lat="34.7540956" lon="-118.334306"><name>73</name></wpt><wpt lat="34.7540962" lon="-118.3343065"><name>74</name></wpt><wpt lat="34.7540968" lon="-118.3343066"><name>75</name></wpt><wpt lat="34.7540966" lon="-118.3343092"><name>76</name></wpt><wpt lat="34.754096" lon="-118.3343102"><name>77</name></wpt><wpt lat="34.7540974" lon="-118.3343112"><name>78</name></wpt><wpt lat="34.7540984" lon="-118.3343113"><name>79</name></wpt><wpt lat="34.7540986" lon="-118.3343124"><name>80</name></wpt><wpt lat="34.7540988" lon="-118.3343122"><name>81</name></wpt><wpt lat="34.7540993" lon="-118.3343121"><name>82</name></wpt><wpt lat="34.7541002" lon="-118.3343116"><name>83</name></wpt><wpt lat="34.7541007" lon="-118.3343113"><name>84</name></wpt><wpt lat="34.7541006" lon="-118.3343122"><name>85</name></wpt><wpt lat="34.7540994" lon="-118.3343129"><name>86</name></wpt><wpt lat="34.7540987" lon="-118.3343132"><name>87</name></wpt><wpt lat="34.7540964" lon="-118.3343163"><name>88</name></wpt><wpt lat="34.7540989" lon="-118.3343167"><name>89</name></wpt><wpt lat="34.7541007" lon="-118.3343183"><name>90</name></wpt><wpt lat="34.7541021" lon="-118.3343187"><name>91</name></wpt><wpt lat="34.7541019" lon="-118.3343195"><name>92</name></wpt><wpt lat="34.7541022" lon="-118.3343196"><name>93</name></wpt><wpt lat="34.7541027" lon="-118.3343198"><name>94</name></wpt><wpt lat="34.754103" lon="-118.3343202"><name>95</name></wpt><wpt lat="34.7541039" lon="-118.3343204"><name>96</name></wpt><wpt lat="34.7541053" lon="-118.3343205"><name>97</name></wpt><wpt lat="34.7541055" lon="-118.334321"><name>98</name></wpt><wpt lat="34.7541057" lon="-118.3343214"><name>99</name></wpt><wpt lat="34.7541055" lon="-118.3343219"><name>100</name></wpt><wpt lat="34.7541058" lon="-118.3343223"><name>101</name></wpt><wpt lat="34.754106" lon="-118.3343226"><name>102</name></wpt><wpt lat="34.7541083" lon="-118.3343223"><name>103</name></wpt><wpt lat="34.7541095" lon="-118.3343219"><name>104</name></wpt><wpt lat="34.7541099" lon="-118.3343224"><name>105</name></wpt><wpt lat="34.7541097" lon="-118.3343228"><name>106</name></wpt><wpt lat="34.7541095" lon="-118.3343232"><name>107</name></wpt><wpt lat="34.7541097" lon="-118.3343231"><name>108</name></wpt><wpt lat="34.7541101" lon="-118.3343229"><name>109</name></wpt><wpt lat="34.7541103" lon="-118.334323"><name>110</name></wpt><wpt lat="34.7541101" lon="-118.3343232"><name>111</name></wpt><wpt lat="34.75411" lon="-118.3343235"><name>112</name></wpt><wpt lat="34.7541104" lon="-118.3343236"><name>113</name></wpt><wpt lat="34.7541107" lon="-118.334324"><name>114</name></wpt><wpt lat="34.7541111" lon="-118.3343243"><name>115</name></wpt><wpt lat="34.7541117" lon="-118.3343245"><name>116</name></wpt><wpt lat="34.7541121" lon="-118.3343246"><name>117</name></wpt><wpt lat="34.7541127" lon="-118.3343248"><name>118</name></wpt><wpt lat="34.754113" lon="-118.3343252"><name>119</name></wpt><wpt lat="34.7541132" lon="-118.3343254"><name>120</name></wpt><wpt lat="34.7541138" lon="-118.3343253"><name>121</name></wpt><wpt lat="34.7541141" lon="-118.3343252"><name>122</name></wpt><wpt lat="34.7541145" lon="-118.3343249"><name>123</name></wpt><wpt lat="34.7541145" lon="-118.3343244"><name>124</name></wpt><wpt lat="34.7541143" lon="-118.334324"><name>125</name></wpt><wpt lat="34.7541141" lon="-118.3343242"><name>126</name></wpt><wpt lat="34.754114" lon="-118.3343241"><name>127</name></wpt><wpt lat="34.7541136" lon="-118.334324"><name>128</name></wpt><wpt lat="34.7541128" lon="-118.3343236"><name>129</name></wpt><wpt lat="34.7541127" lon="-118.3343235"><name>130</name></wpt><wpt lat="34.7541122" lon="-118.3343239"><name>131</name></wpt><wpt lat="34.7541106" lon="-118.3343253"><name>132</name></wpt><wpt lat="34.75411" lon="-118.3343255"><name>133</name></wpt><wpt lat="34.754109" lon="-118.3343253"><name>134</name></wpt><wpt lat="34.7541093" lon="-118.3343239"><name>135</name></wpt><wpt lat="34.7541099" lon="-118.3343248"><name>136</name></wpt><wpt lat="34.7541086" lon="-118.334323"><name>137</name></wpt><wpt lat="34.7541087" lon="-118.3343232"><name>138</name></wpt><wpt lat="34.7541086" lon="-118.3343233"><name>139</name></wpt><wpt lat="34.7541081" lon="-118.3343236"><name>140</name></wpt><wpt lat="34.7541072" lon="-118.3343235"><name>141</name></wpt><wpt lat="34.7541066" lon="-118.334324"><name>142</name></wpt><wpt lat="34.7541058" lon="-118.3343247"><name>143</name></wpt><wpt lat="34.7541049" lon="-118.3343251"><name>144</name></wpt><wpt lat="34.754104" lon="-118.3343255"><name>145</name></wpt><wpt lat="34.7541042" lon="-118.3343251"><name>146</name></wpt><wpt lat="34.7541048" lon="-118.3343242"><name>147</name></wpt><wpt lat="34.7541049" lon="-118.3343236"><name>148</name></wpt><wpt lat="34.754105" lon="-118.3343232"><name>149</name></wpt><wpt lat="34.7541047" lon="-118.334323"><name>150</name></wpt><wpt lat="34.7541043" lon="-118.3343224"><name>151</name></wpt><wpt lat="34.754104" lon="-118.3343223"><name>152</name></wpt><wpt lat="34.7541039" lon="-118.3343207"><name>153</name></wpt><wpt lat="34.7541038" lon="-118.3343198"><name>154</name></wpt><wpt lat="34.7541036" lon="-118.3343189"><name>155</name></wpt><wpt lat="34.7541034" lon="-118.3343186"><name>156</name></wpt><wpt lat="34.7541028" lon="-118.3343187"><name>157</name></wpt><wpt lat="34.754102" lon="-118.3343188"><name>158</name></wpt><wpt lat="34.7541006" lon="-118.334318"><name>159</name></wpt><wpt lat="34.7541002" lon="-118.3343173"><name>160</name></wpt><wpt lat="34.7541001" lon="-118.3343167"><name>161</name></wpt><wpt lat="34.7541002" lon="-118.334317"><name>162</name></wpt><wpt lat="34.7540993" lon="-118.3343172"><name>163</name></wpt><wpt lat="34.7540995" lon="-118.3343163"><name>164</name></wpt><wpt lat="34.7541004" lon="-118.3343157"><name>165</name></wpt><wpt lat="34.7541" lon="-118.3343156"><name>166</name></wpt><wpt lat="34.7540987" lon="-118.3343192"><name>167</name></wpt><wpt lat="34.7540935" lon="-118.3343387"><name>168</name></wpt><wpt lat="34.7540898" lon="-118.3343581"><name>169</name></wpt><wpt lat="34.754087" lon="-118.3343771"><name>170</name></wpt><wpt lat="34.7540835" lon="-118.3343953"><name>171</name></wpt><wpt lat="34.7537861" lon="-118.334214"><name>172</name></wpt><wpt lat="34.7536703" lon="-118.3341467"><name>173</name></wpt><wpt lat="34.7535518" lon="-118.3341858"><name>174</name></wpt><wpt lat="34.7534739" lon="-118.3343275"><name>175</name></wpt><wpt lat="34.7534213" lon="-118.3344317"><name>176</name></wpt><wpt lat="34.7534025" lon="-118.3344414"><name>177</name></wpt><wpt lat="34.7533794" lon="-118.3344409"><name>178</name></wpt><wpt lat="34.7533538" lon="-118.3344329"><name>179</name></wpt><wpt lat="34.7533261" lon="-118.334411"><name>180</name></wpt><wpt lat="34.7532983" lon="-118.334379"><name>181</name></wpt><wpt lat="34.7532725" lon="-118.3343357"><name>182</name></wpt><wpt lat="34.7532521" lon="-118.3342811"><name>183</name></wpt><wpt lat="34.7532378" lon="-118.3342178"><name>184</name></wpt><wpt lat="34.7532291" lon="-118.3341489"><name>185</name></wpt><wpt lat="34.7532231" lon="-118.3340766"><name>186</name></wpt><wpt lat="34.7532158" lon="-118.3340026"><name>187</name></wpt><wpt lat="34.7532081" lon="-118.3339317"><name>188</name></wpt><wpt lat="34.7532007" lon="-118.3338619"><name>189</name></wpt><wpt lat="34.7531934" lon="-118.3337916"><name>190</name></wpt><wpt lat="34.7531882" lon="-118.3337194"><name>191</name></wpt><wpt lat="34.7531852" lon="-118.3336458"><name>192</name></wpt><wpt lat="34.7531877" lon="-118.3335682"><name>193</name></wpt><wpt lat="34.7531998" lon="-118.3334871"><name>194</name></wpt><wpt lat="34.7532168" lon="-118.3334055"><name>195</name></wpt><wpt lat="34.7539916" lon="-118.3347894"><name>196</name></wpt><wpt lat="34.7539558" lon="-118.3349543"><name>197</name></wpt><wpt lat="34.7539302" lon="-118.3349824"><name>198</name></wpt><wpt lat="34.7539006" lon="-118.3350012"><name>199</name></wpt><wpt lat="34.7538697" lon="-118.3350104"><name>200</name></wpt><wpt lat="34.7538372" lon="-118.3350151"><name>201</name></wpt><wpt lat="34.7538022" lon="-118.3350132"><name>202</name></wpt><wpt lat="34.7537658" lon="-118.3350036"><name>203</name></wpt><wpt lat="34.7536759" lon="-118.3349548"><name>204</name></wpt><wpt lat="34.7534983" lon="-118.3347506"><name>205</name></wpt><wpt lat="34.7533781" lon="-118.3343861"><name>206</name></wpt><wpt lat="34.7533366" lon="-118.3339673"><name>207</name></wpt><wpt lat="34.7533195" lon="-118.3335563"><name>208</name></wpt><wpt lat="34.7533122" lon="-118.3333958"><name>209</name></wpt><wpt lat="34.7532948" lon="-118.3331481"><name>210</name></wpt><wpt lat="34.7532888" lon="-118.3330652"><name>211</name></wpt><wpt lat="34.7532887" lon="-118.3329797"><name>212</name></wpt><wpt lat="34.7532958" lon="-118.3328926"><name>213</name></wpt><wpt lat="34.7533118" lon="-118.3328055"><name>214</name></wpt><wpt lat="34.753337" lon="-118.332719"><name>215</name></wpt><wpt lat="34.7533733" lon="-118.3326375"><name>216</name></wpt><wpt lat="34.7534187" lon="-118.3325642"><name>217</name></wpt><wpt lat="34.7534745" lon="-118.3325036"><name>218</name></wpt><wpt lat="34.7535356" lon="-118.3324526"><name>219</name></wpt><wpt lat="34.7536002" lon="-118.3324101"><name>220</name></wpt><wpt lat="34.7536662" lon="-118.3323786"><name>221</name></wpt><wpt lat="34.7537324" lon="-118.332359"><name>222</name></wpt><wpt lat="34.7537957" lon="-118.3323532"><name>223</name></wpt><wpt lat="34.7538516" lon="-118.332363"><name>224</name></wpt><wpt lat="34.7538969" lon="-118.3323845"><name>225</name></wpt><wpt lat="34.7539336" lon="-118.332413"><name>226</name></wpt><wpt lat="34.7539617" lon="-118.3324463"><name>227</name></wpt><wpt lat="34.7539804" lon="-118.3324834"><name>228</name></wpt><wpt lat="34.7539895" lon="-118.3325221"><name>229</name></wpt><wpt lat="34.753992" lon="-118.3325607"><name>230</name></wpt><wpt lat="34.7539851" lon="-118.3325996"><name>231</name></wpt><wpt lat="34.7539712" lon="-118.3326382"><name>232</name></wpt><wpt lat="34.7539548" lon="-118.3326775"><name>233</name></wpt><wpt lat="34.7539385" lon="-118.3327161"><name>234</name></wpt><wpt lat="34.7539225" lon="-118.3327538"><name>235</name></wpt><wpt lat="34.7539043" lon="-118.3327897"><name>236</name></wpt><wpt lat="34.7538864" lon="-118.3328265"><name>237</name></wpt><wpt lat="34.753873" lon="-118.3328688"><name>238</name></wpt><wpt lat="34.7538664" lon="-118.3329151"><name>239</name></wpt><wpt lat="34.7538687" lon="-118.3329652"><name>240</name></wpt><wpt lat="34.7538756" lon="-118.3330154"><name>241</name></wpt><wpt lat="34.7538826" lon="-118.3330631"><name>242</name></wpt><wpt lat="34.753888" lon="-118.3331095"><name>243</name></wpt><wpt lat="34.7538923" lon="-118.333155"><name>244</name></wpt><wpt lat="34.7538925" lon="-118.3331959"><name>245</name></wpt><wpt lat="34.7538872" lon="-118.3332322"><name>246</name></wpt><wpt lat="34.7535255" lon="-118.3332337"><name>247</name></wpt><wpt lat="34.7534906" lon="-118.3331045"><name>248</name></wpt><wpt lat="34.7534677" lon="-118.3330475"><name>249</name></wpt><wpt lat="34.7534413" lon="-118.3329972"><name>250</name></wpt><wpt lat="34.7534111" lon="-118.3329547"><name>251</name></wpt><wpt lat="34.7531685" lon="-118.3350117"><name>252</name></wpt><wpt lat="34.7531622" lon="-118.3350529"><name>253</name></wpt><wpt lat="34.7531545" lon="-118.3350918"><name>254</name></wpt><wpt lat="34.753146" lon="-118.3351302"><name>255</name></wpt><wpt lat="34.7531372" lon="-118.3351681"><name>256</name></wpt><wpt lat="34.7531249" lon="-118.3352036"><name>257</name></wpt><wpt lat="34.7531088" lon="-118.3352341"><name>258</name></wpt><wpt lat="34.7530942" lon="-118.3352629"><name>259</name></wpt><wpt lat="34.7530831" lon="-118.3352932"><name>260</name></wpt><wpt lat="34.7530729" lon="-118.335325"><name>261</name></wpt><wpt lat="34.753064" lon="-118.3353594"><name>262</name></wpt><wpt lat="34.7530565" lon="-118.3353971"><name>263</name></wpt><wpt lat="34.7530546" lon="-118.3354391"><name>264</name></wpt><wpt lat="34.753061" lon="-118.3354861"><name>265</name></wpt><wpt lat="34.7530705" lon="-118.335534"><name>266</name></wpt><wpt lat="34.7530848" lon="-118.3355833"><name>267</name></wpt><wpt lat="34.7531089" lon="-118.335633"><name>268</name></wpt><wpt lat="34.7531423" lon="-118.33568"><name>269</name></wpt><wpt lat="34.7531819" lon="-118.3357233"><name>270</name></wpt><wpt lat="34.7532255" lon="-118.3357619"><name>271</name></wpt><wpt lat="34.7532717" lon="-118.3357973"><name>272</name></wpt><wpt lat="34.7533237" lon="-118.3358277"><name>273</name></wpt><wpt lat="34.7533824" lon="-118.3358489"><name>274</name></wpt><wpt lat="34.7534462" lon="-118.3358611"><name>275</name></wpt><wpt lat="34.753514" lon="-118.3358659"><name>276</name></wpt><wpt lat="34.7535853" lon="-118.3358602"><name>277</name></wpt><wpt lat="34.7536586" lon="-118.3358447"><name>278</name></wpt><wpt lat="34.7537332" lon="-118.3358154"><name>279</name></wpt><wpt lat="34.7538051" lon="-118.3357712"><name>280</name></wpt><wpt lat="34.7538742" lon="-118.335721"><name>281</name></wpt><wpt lat="34.7539419" lon="-118.3356654"><name>282</name></wpt><wpt lat="34.7540045" lon="-118.3355975"><name>283</name></wpt><wpt lat="34.7540591" lon="-118.3355178"><name>284</name></wpt><wpt lat="34.7541053" lon="-118.3354321"><name>285</name></wpt><wpt lat="34.7541384" lon="-118.3353411"><name>286</name></wpt><wpt lat="34.7541615" lon="-118.3352479"><name>287</name></wpt><wpt lat="34.7541796" lon="-118.335155"><name>288</name></wpt><wpt lat="34.7541919" lon="-118.3350634"><name>289</name></wpt><wpt lat="34.7542007" lon="-118.3349719"><name>290</name></wpt><wpt lat="34.7542119" lon="-118.3348792"><name>291</name></wpt><wpt lat="34.7542153" lon="-118.3347839"><name>292</name></wpt><wpt lat="34.7542095" lon="-118.3346885"><name>293</name></wpt><wpt lat="34.7541997" lon="-118.3345925"><name>294</name></wpt><wpt lat="34.7541859" lon="-118.3344972"><name>295</name></wpt><wpt lat="34.7541703" lon="-118.3344027"><name>296</name></wpt><wpt lat="34.7541503" lon="-118.3343088"><name>297</name></wpt><wpt lat="34.7541264" lon="-118.3342154"><name>298</name></wpt><wpt lat="34.7540961" lon="-118.3341258"><name>299</name></wpt><wpt lat="34.7540606" lon="-118.3340415"><name>300</name></wpt><wpt lat="34.754022" lon="-118.3339626"><name>301</name></wpt><wpt lat="34.7539815" lon="-118.3338902"><name>302</name></wpt><wpt lat="34.7539391" lon="-118.3338241"><name>303</name></wpt><wpt lat="34.7538954" lon="-118.3337641"><name>304</name></wpt><wpt lat="34.7538512" lon="-118.3337093"><name>305</name></wpt><wpt lat="34.7538057" lon="-118.3336567"><name>306</name></wpt><wpt lat="34.7537583" lon="-118.3336073"><name>307</name></wpt><wpt lat="34.7537097" lon="-118.3335595"><name>308</name></wpt><wpt lat="34.7536603" lon="-118.3335129"><name>309</name></wpt><wpt lat="34.7536116" lon="-118.3334645"><name>310</name></wpt><wpt lat="34.7535634" lon="-118.3334144"><name>311</name></wpt><wpt lat="34.7535149" lon="-118.333367"><name>312</name></wpt><wpt lat="34.7534674" lon="-118.3333244"><name>313</name></wpt><wpt lat="34.7534216" lon="-118.3332813"><name>314</name></wpt><wpt lat="34.7533762" lon="-118.3332366"><name>315</name></wpt><wpt lat="34.7533531" lon="-118.3332151"><name>316</name></wpt><wpt lat="34.7533072" lon="-118.3331701"><name>317</name></wpt><wpt lat="34.7532628" lon="-118.3331202"><name>318</name></wpt><wpt lat="34.7532178" lon="-118.3330712"><name>319</name></wpt><wpt lat="34.7531738" lon="-118.3330238"><name>320</name></wpt><wpt lat="34.7531317" lon="-118.3329748"><name>321</name></wpt><wpt lat="34.7530902" lon="-118.3329265"><name>322</name></wpt><wpt lat="34.7530501" lon="-118.3328771"><name>323</name></wpt><wpt lat="34.7530108" lon="-118.3328288"><name>324</name></wpt><wpt lat="34.7529733" lon="-118.3327792"><name>325</name></wpt><wpt lat="34.7529377" lon="-118.332729"><name>326</name></wpt><wpt lat="34.7529046" lon="-118.3326792"><name>327</name></wpt><wpt lat="34.7528757" lon="-118.3326282"><name>328</name></wpt><wpt lat="34.7528511" lon="-118.3325703"><name>329</name></wpt><wpt lat="34.7528333" lon="-118.3325013"><name>330</name></wpt><wpt lat="34.7528328" lon="-118.3323333"><name>331</name></wpt><wpt lat="34.7528551" lon="-118.3322417"><name>332</name></wpt><wpt lat="34.7528938" lon="-118.332152"><name>333</name></wpt><wpt lat="34.7529447" lon="-118.332067"><name>334</name></wpt><wpt lat="34.7530075" lon="-118.3319906"><name>335</name></wpt><wpt lat="34.7530799" lon="-118.3319259"><name>336</name></wpt><wpt lat="34.7531596" lon="-118.3318759"><name>337</name></wpt><wpt lat="34.7532435" lon="-118.331841"><name>338</name></wpt><wpt lat="34.7533283" lon="-118.3318202"><name>339</name></wpt><wpt lat="34.7536779" lon="-118.3323433"><name>340</name></wpt><wpt lat="34.7536335" lon="-118.3326074"><name>341</name></wpt><wpt lat="34.7535974" lon="-118.3328917"><name>342</name></wpt><wpt lat="34.7535914" lon="-118.3329489"><name>343</name></wpt><wpt lat="34.7535837" lon="-118.3330052"><name>344</name></wpt><wpt lat="34.7535759" lon="-118.333063"><name>345</name></wpt><wpt lat="34.7535658" lon="-118.3331192"><name>346</name></wpt><wpt lat="34.7535519" lon="-118.333173"><name>347</name></wpt><wpt lat="34.7535351" lon="-118.3332262"><name>348</name></wpt><wpt lat="34.7535147" lon="-118.3332762"><name>349</name></wpt><wpt lat="34.7534898" lon="-118.3333224"><name>350</name></wpt><wpt lat="34.7534635" lon="-118.333368"><name>351</name></wpt><wpt lat="34.7534366" lon="-118.3334131"><name>352</name></wpt><wpt lat="34.7534074" lon="-118.3334559"><name>353</name></wpt><wpt lat="34.7533728" lon="-118.3334955"><name>354</name></wpt><wpt lat="34.7533367" lon="-118.3335362"><name>355</name></wpt><wpt lat="34.7533011" lon="-118.333579"><name>356</name></wpt><wpt lat="34.7532636" lon="-118.3336199"><name>357</name></wpt><wpt lat="34.7527867" lon="-118.3341072"><name>358</name></wpt><wpt lat="34.7527138" lon="-118.334176"><name>359</name></wpt><wpt lat="34.7526124" lon="-118.3342732"><name>360</name></wpt><wpt lat="34.7525657" lon="-118.3345217"><name>361</name></wpt><wpt lat="34.7525763" lon="-118.3345846"><name>362</name></wpt><wpt lat="34.7526009" lon="-118.3346504"><name>363</name></wpt><wpt lat="34.7526339" lon="-118.3347161"><name>364</name></wpt><wpt lat="34.7526757" lon="-118.3347799"><name>365</name></wpt><wpt lat="34.752727" lon="-118.3348386"><name>366</name></wpt><wpt lat="34.7527889" lon="-118.3348877"><name>367</name></wpt><wpt lat="34.7528582" lon="-118.3349289"><name>368</name></wpt><wpt lat="34.7529326" lon="-118.3349622"><name>369</name></wpt><wpt lat="34.7530125" lon="-118.3349852"><name>370</name></wpt><wpt lat="34.753098" lon="-118.3349968"><name>371</name></wpt><wpt lat="34.7531875" lon="-118.3349947"><name>372</name></wpt><wpt lat="34.7532783" lon="-118.3349794"><name>373</name></wpt><wpt lat="34.7533689" lon="-118.3349523"><name>374</name></wpt><wpt lat="34.7534583" lon="-118.3349131"><name>375</name></wpt><wpt lat="34.7535451" lon="-118.3348631"><name>376</name></wpt><wpt lat="34.7536286" lon="-118.3348013"><name>377</name></wpt><wpt lat="34.7537036" lon="-118.3347247"><name>378</name></wpt><wpt lat="34.7537762" lon="-118.3346433"><name>379</name></wpt><wpt lat="34.7538397" lon="-118.3345518"><name>380</name></wpt><wpt lat="34.7538901" lon="-118.3344509"><name>381</name></wpt><wpt lat="34.753931" lon="-118.3343454"><name>382</name></wpt><wpt lat="34.7539587" lon="-118.3342359"><name>383</name></wpt><wpt lat="34.7539867" lon="-118.3341267"><name>384</name></wpt><wpt lat="34.7540044" lon="-118.3340163"><name>385</name></wpt><wpt lat="34.75401" lon="-118.3339068"><name>386</name></wpt><wpt lat="34.7540052" lon="-118.3338017"><name>387</name></wpt><wpt lat="34.7539917" lon="-118.3337032"><name>388</name></wpt><wpt lat="34.7539726" lon="-118.3336124"><name>389</name></wpt><wpt lat="34.7539553" lon="-118.3335238"><name>390</name></wpt><wpt lat="34.7539216" lon="-118.3333451"><name>391</name></wpt><wpt lat="34.7539066" lon="-118.3332525"><name>392</name></wpt><wpt lat="34.7535036" lon="-118.3325734"><name>393</name></wpt><wpt lat="34.7533347" lon="-118.3329713"><name>394</name></wpt><wpt lat="34.7534425" lon="-118.3332129"><name>395</name></wpt><wpt lat="34.7535077" lon="-118.3334728"><name>396</name></wpt><wpt lat="34.7535137" lon="-118.3335261"><name>397</name></wpt><wpt lat="34.7535219" lon="-118.3335789"><name>398</name></wpt><wpt lat="34.7535308" lon="-118.3336309"><name>399</name></wpt><wpt lat="34.7535362" lon="-118.3336812"><name>400</name></wpt><wpt lat="34.7535409" lon="-118.3337324"><name>401</name></wpt><wpt lat="34.7535459" lon="-118.3337831"><name>402</name></wpt><wpt lat="34.7535491" lon="-118.3338326"><name>403</name></wpt><wpt lat="34.7535514" lon="-118.3338803"><name>404</name></wpt><wpt lat="34.7535536" lon="-118.3339272"><name>405</name></wpt><wpt lat="34.7535554" lon="-118.3339728"><name>406</name></wpt><wpt lat="34.7535565" lon="-118.3340149"><name>407</name></wpt><wpt lat="34.7535581" lon="-118.3340541"><name>408</name></wpt><wpt lat="34.7535602" lon="-118.334092"><name>409</name></wpt><wpt lat="34.753561" lon="-118.3341283"><name>410</name></wpt><wpt lat="34.7535611" lon="-118.3341659"><name>411</name></wpt><wpt lat="34.7535599" lon="-118.3342069"><name>412</name></wpt><wpt lat="34.7535551" lon="-118.3342499"><name>413</name></wpt><wpt lat="34.7535491" lon="-118.3342897"><name>414</name></wpt><wpt lat="34.753543" lon="-118.3343239"><name>415</name></wpt><wpt lat="34.7535368" lon="-118.3343506"><name>416</name></wpt><wpt lat="34.7535287" lon="-118.3343703"><name>417</name></wpt><wpt lat="34.7535194" lon="-118.3343882"><name>418</name></wpt><wpt lat="34.7535107" lon="-118.3344074"><name>419</name></wpt><wpt lat="34.7535019" lon="-118.3344285"><name>420</name></wpt><wpt lat="34.7534922" lon="-118.3344513"><name>421</name></wpt><wpt lat="34.7534799" lon="-118.3344766"><name>422</name></wpt><wpt lat="34.7534638" lon="-118.3345047"><name>423</name></wpt><wpt lat="34.7534463" lon="-118.3345314"><name>424</name></wpt><wpt lat="34.7534255" lon="-118.3345509"><name>425</name></wpt><wpt lat="34.7533983" lon="-118.3345579"><name>426</name></wpt><wpt lat="34.7533666" lon="-118.3345523"><name>427</name></wpt><wpt lat="34.7533328" lon="-118.3345342"><name>428</name></wpt><wpt lat="34.7532991" lon="-118.3345042"><name>429</name></wpt><wpt lat="34.7532676" lon="-118.3344578"><name>430</name></wpt><wpt lat="34.7532408" lon="-118.3343987"><name>431</name></wpt><wpt lat="34.7532205" lon="-118.3343285"><name>432</name></wpt><wpt lat="34.7532063" lon="-118.3342515"><name>433</name></wpt><wpt lat="34.7531991" lon="-118.3341673"><name>434</name></wpt><wpt lat="34.7532016" lon="-118.3340774"><name>435</name></wpt><wpt lat="34.7532403" lon="-118.3337655"><name>436</name></wpt><wpt lat="34.7533305" lon="-118.3333735"><name>437</name></wpt><wpt lat="34.7534539" lon="-118.3330337"><name>438</name></wpt><wpt lat="34.7534829" lon="-118.332958"><name>439</name></wpt><wpt lat="34.753512" lon="-118.3328755"><name>440</name></wpt><wpt lat="34.7535406" lon="-118.3327852"><name>441</name></wpt><wpt lat="34.7535667" lon="-118.3326919"><name>442</name></wpt><wpt lat="34.7535904" lon="-118.3325988"><name>443</name></wpt><wpt lat="34.7536101" lon="-118.332506"><name>444</name></wpt><wpt lat="34.7536252" lon="-118.3324137"><name>445</name></wpt><wpt lat="34.7536339" lon="-118.3323226"><name>446</name></wpt><wpt lat="34.7536346" lon="-118.3322345"><name>447</name></wpt><wpt lat="34.7536282" lon="-118.3321502"><name>448</name></wpt><wpt lat="34.7536163" lon="-118.3320693"><name>449</name></wpt><wpt lat="34.7535966" lon="-118.3319936"><name>450</name></wpt><wpt lat="34.7535678" lon="-118.3319289"><name>451</name></wpt><wpt lat="34.753536" lon="-118.3318704"><name>452</name></wpt><wpt lat="34.7535014" lon="-118.3318155"><name>453</name></wpt><wpt lat="34.7534623" lon="-118.3317698"><name>454</name></wpt><wpt lat="34.7534203" lon="-118.3317331"><name>455</name></wpt><wpt lat="34.7533767" lon="-118.3317071"><name>456</name></wpt><wpt lat="34.7533323" lon="-118.3316906"><name>457</name></wpt><wpt lat="34.7532891" lon="-118.3316855"><name>458</name></wpt><wpt lat="34.7532474" lon="-118.3316887"><name>459</name></wpt><wpt lat="34.7532075" lon="-118.3317003"><name>460</name></wpt><wpt lat="34.7531719" lon="-118.3317232"><name>461</name></wpt><wpt lat="34.7531423" lon="-118.3317573"><name>462</name></wpt><wpt lat="34.7531153" lon="-118.3317942"><name>463</name></wpt><wpt lat="34.7530946" lon="-118.3318364"><name>464</name></wpt><wpt lat="34.7530835" lon="-118.3318843"><name>465</name></wpt><wpt lat="34.7530737" lon="-118.3319322"><name>466</name></wpt><wpt lat="34.7530717" lon="-118.3319845"><name>467</name></wpt><wpt lat="34.7530778" lon="-118.3320392"><name>468</name></wpt><wpt lat="34.7530874" lon="-118.3320925"><name>469</name></wpt><wpt lat="34.753095" lon="-118.3321437"><name>470</name></wpt><wpt lat="34.7531029" lon="-118.3321946"><name>471</name></wpt><wpt lat="34.7531186" lon="-118.3322473"><name>472</name></wpt><wpt lat="34.7531591" lon="-118.3323495"><name>473</name></wpt><wpt lat="34.7531771" lon="-118.3323983"><name>474</name></wpt><wpt lat="34.7531959" lon="-118.3324465"><name>475</name></wpt><wpt lat="34.7532121" lon="-118.3324942"><name>476</name></wpt><wpt lat="34.753324" lon="-118.3331262"><name>477</name></wpt><wpt lat="34.7532163" lon="-118.3339216"><name>478</name></wpt><wpt lat="34.753119" lon="-118.3341087"><name>479</name></wpt><wpt lat="34.7531002" lon="-118.3341393"><name>480</name></wpt><wpt lat="34.753059" lon="-118.3342029"><name>481</name></wpt><wpt lat="34.7530338" lon="-118.334237"><name>482</name></wpt><wpt lat="34.7530077" lon="-118.3342703"><name>483</name></wpt><wpt lat="34.7529834" lon="-118.3342995"><name>484</name></wpt><wpt lat="34.7529588" lon="-118.3343251"><name>485</name></wpt><wpt lat="34.7529365" lon="-118.334351"><name>486</name></wpt><wpt lat="34.7529184" lon="-118.3343814"><name>487</name></wpt><wpt lat="34.7529009" lon="-118.3344131"><name>488</name></wpt><wpt lat="34.7528834" lon="-118.3344476"><name>489</name></wpt><wpt lat="34.75287" lon="-118.3344884"><name>490</name></wpt><wpt lat="34.7528597" lon="-118.3345331"><name>491</name></wpt><wpt lat="34.7528523" lon="-118.3345801"><name>492</name></wpt><wpt lat="34.7528496" lon="-118.3346297"><name>493</name></wpt><wpt lat="34.7528507" lon="-118.3346813"><name>494</name></wpt><wpt lat="34.7528579" lon="-118.334735"><name>495</name></wpt><wpt lat="34.7528753" lon="-118.3347888"><name>496</name></wpt><wpt lat="34.7529012" lon="-118.3348407"><name>497</name></wpt><wpt lat="34.7529309" lon="-118.3348918"><name>498</name></wpt><wpt lat="34.7529659" lon="-118.3349421"><name>499</name></wpt><wpt lat="34.7530078" lon="-118.3349884"><name>500</name></wpt><wpt lat="34.753056" lon="-118.3350296"><name>501</name></wpt><wpt lat="34.7531106" lon="-118.3350656"><name>502</name></wpt><wpt lat="34.7531717" lon="-118.3350949"><name>503</name></wpt><wpt lat="34.7532376" lon="-118.3351169"><name>504</name></wpt><wpt lat="34.7533071" lon="-118.3351319"><name>505</name></wpt><wpt lat="34.7533812" lon="-118.3351356"><name>506</name></wpt><wpt lat="34.7534581" lon="-118.3351267"><name>507</name></wpt><wpt lat="34.7535351" lon="-118.3351022"><name>508</name></wpt><wpt lat="34.7536106" lon="-118.3350666"><name>509</name></wpt><wpt lat="34.7536841" lon="-118.3350236"><name>510</name></wpt><wpt lat="34.7537515" lon="-118.3349662"><name>511</name></wpt><wpt lat="34.7538113" lon="-118.3348981"><name>512</name></wpt><wpt lat="34.7538628" lon="-118.3348229"><name>513</name></wpt><wpt lat="34.7539071" lon="-118.3347429"><name>514</name></wpt><wpt lat="34.7539394" lon="-118.3346585"><name>515</name></wpt><wpt lat="34.7539631" lon="-118.3345732"><name>516</name></wpt><wpt lat="34.7540258" lon="-118.3341815"><name>517</name></wpt><wpt lat="34.7540182" lon="-118.3337443"><name>518</name></wpt><wpt lat="34.7538417" lon="-118.3334292"><name>519</name></wpt><wpt lat="34.7536032" lon="-118.3332438"><name>520</name></wpt><wpt lat="34.7535051" lon="-118.3331989"><name>521</name></wpt><wpt lat="34.753359" lon="-118.3331604"><name>522</name></wpt><wpt lat="34.7532146" lon="-118.3331316"><name>523</name></wpt><wpt lat="34.7531659" lon="-118.333121"><name>524</name></wpt><wpt lat="34.7531171" lon="-118.3331085"><name>525</name></wpt><wpt lat="34.7530676" lon="-118.3330955"><name>526</name></wpt><wpt lat="34.7530188" lon="-118.3330805"><name>527</name></wpt><wpt lat="34.7529705" lon="-118.3330626"><name>528</name></wpt><wpt lat="34.7529238" lon="-118.3330446"><name>529</name></wpt><wpt lat="34.7528786" lon="-118.3330298"><name>530</name></wpt><wpt lat="34.7528342" lon="-118.333014"><name>531</name></wpt><wpt lat="34.7527907" lon="-118.3329957"><name>532</name></wpt><wpt lat="34.7527485" lon="-118.3329742"><name>533</name></wpt><wpt lat="34.7527082" lon="-118.3329459"><name>534</name></wpt><wpt lat="34.7526711" lon="-118.3329076"><name>535</name></wpt><wpt lat="34.7526369" lon="-118.3328615"><name>536</name></wpt><wpt lat="34.7526064" lon="-118.3328105"><name>537</name></wpt><wpt lat="34.7525797" lon="-118.3327564"><name>538</name></wpt><wpt lat="34.7525605" lon="-118.3326939"><name>539</name></wpt><wpt lat="34.752551" lon="-118.3326228"><name>540</name></wpt><wpt lat="34.7525497" lon="-118.3325481"><name>541</name></wpt><wpt lat="34.7525577" lon="-118.3324705"><name>542</name></wpt><wpt lat="34.752578" lon="-118.3323911"><name>543</name></wpt><wpt lat="34.7526084" lon="-118.3323129"><name>544</name></wpt><wpt lat="34.7526497" lon="-118.3322392"><name>545</name></wpt><wpt lat="34.7526976" lon="-118.3321705"><name>546</name></wpt><wpt lat="34.7527503" lon="-118.3321083"><name>547</name></wpt><wpt lat="34.752808" lon="-118.3320552"><name>548</name></wpt><wpt lat="34.7528699" lon="-118.3320119"><name>549</name></wpt><wpt lat="34.7529326" lon="-118.3319727"><name>550</name></wpt><wpt lat="34.7529955" lon="-118.3319378"><name>551</name></wpt><wpt lat="34.7530602" lon="-118.3319107"><name>552</name></wpt><wpt lat="34.7531255" lon="-118.3318887"><name>553</name></wpt><wpt lat="34.7531914" lon="-118.3318722"><name>554</name></wpt><wpt lat="34.7532575" lon="-118.3318647"><name>555</name></wpt><wpt lat="34.7533225" lon="-118.3318649"><name>556</name></wpt><wpt lat="34.7533846" lon="-118.3318725"><name>557</name></wpt><wpt lat="34.753442" lon="-118.33189"><name>558</name></wpt><wpt lat="34.7534957" lon="-118.3319124"><name>559</name></wpt><wpt lat="34.753521" lon="-118.331925"><name>560</name></wpt><wpt lat="34.7535656" lon="-118.3319561"><name>561</name></wpt><wpt lat="34.7536037" lon="-118.3319917"><name>562</name></wpt><wpt lat="34.7536391" lon="-118.3320272"><name>563</name></wpt><wpt lat="34.7536701" lon="-118.3320635"><name>564</name></wpt><wpt lat="34.7536939" lon="-118.3321008"><name>565</name></wpt><wpt lat="34.7537074" lon="-118.3321364"><name>566</name></wpt><wpt lat="34.7537174" lon="-118.332171"><name>567</name></wpt><wpt lat="34.7537293" lon="-118.3322055"><name>568</name></wpt><wpt lat="34.7537397" lon="-118.3322398"><name>569</name></wpt><wpt lat="34.7537446" lon="-118.3322758"><name>570</name></wpt><wpt lat="34.7537474" lon="-118.3323135"><name>571</name></wpt><wpt lat="34.7537501" lon="-118.3323532"><name>572</name></wpt><wpt lat="34.753753" lon="-118.3323955"><name>573</name></wpt><wpt lat="34.7537569" lon="-118.3324388"><name>574</name></wpt><wpt lat="34.75376" lon="-118.3324825"><name>575</name></wpt><wpt lat="34.7537627" lon="-118.332529"><name>576</name></wpt><wpt lat="34.7537662" lon="-118.3325771"><name>577</name></wpt><wpt lat="34.7537707" lon="-118.3326261"><name>578</name></wpt><wpt lat="34.7537768" lon="-118.3326735"><name>579</name></wpt><wpt lat="34.7537837" lon="-118.3327216"><name>580</name></wpt><wpt lat="34.7537906" lon="-118.3327709"><name>581</name></wpt><wpt lat="34.7537977" lon="-118.3328196"><name>582</name></wpt><wpt lat="34.7538162" lon="-118.3329133"><name>583</name></wpt><wpt lat="34.7538257" lon="-118.3329598"><name>584</name></wpt><wpt lat="34.7538356" lon="-118.3330058"><name>585</name></wpt><wpt lat="34.753847" lon="-118.3330513"><name>586</name></wpt><wpt lat="34.7538721" lon="-118.3331378"><name>587</name></wpt><wpt lat="34.7538816" lon="-118.3331792"><name>588</name></wpt><wpt lat="34.7538907" lon="-118.3332198"><name>589</name></wpt><wpt lat="34.753902" lon="-118.3332601"><name>590</name></wpt><wpt lat="34.7539191" lon="-118.3333389"><name>591</name></wpt><wpt lat="34.753929" lon="-118.3333803"><name>592</name></wpt><wpt lat="34.7541062" lon="-118.3343174"><name>593</name></wpt><wpt lat="34.7541059" lon="-118.3343165"><name>594</name></wpt><wpt lat="34.7541058" lon="-118.3343152"><name>595</name></wpt><wpt lat="34.7541054" lon="-118.334314"><name>596</name></wpt><wpt lat="34.7541053" lon="-118.3343125"><name>597</name></wpt><wpt lat="34.754105" lon="-118.3343106"><name>598</name></wpt><wpt lat="34.7541046" lon="-118.3343104"><name>599</name></wpt><wpt lat="34.7541042" lon="-118.33431"><name>600</name></wpt><wpt lat="34.7541039" lon="-118.3343096"><name>601</name></wpt><wpt lat="34.7541034" lon="-118.3343093"><name>602</name></wpt><wpt lat="34.7541028" lon="-118.334309"><name>603</name></wpt><wpt lat="34.7541019" lon="-118.3343088"><name>604</name></wpt><wpt lat="34.7541016" lon="-118.3343086"><name>605</name></wpt><wpt lat="34.7541014" lon="-118.3343084"><name>606</name></wpt><wpt lat="34.7541011" lon="-118.3343083"><name>607</name></wpt><wpt lat="34.7541007" lon="-118.3343081"><name>608</name></wpt><wpt lat="34.7541003" lon="-118.3343079"><name>609</name></wpt><wpt lat="34.7541" lon="-118.3343077"><name>610</name></wpt><wpt lat="34.7540999" lon="-118.3343073"><name>611</name></wpt><wpt lat="34.7540998" lon="-118.3343061"><name>612</name></wpt><wpt lat="34.7540997" lon="-118.3343057"><name>613</name></wpt><wpt lat="34.7540996" lon="-118.3343053"><name>614</name></wpt><wpt lat="34.7540994" lon="-118.3343042"><name>615</name></wpt><wpt lat="34.7540997" lon="-118.3343035"><name>616</name></wpt><wpt lat="34.7541" lon="-118.3343031"><name>617</name></wpt><wpt lat="34.7540988" lon="-118.334301"><name>618</name></wpt><wpt lat="34.7541097" lon="-118.3343276"><name>619</name></wpt><wpt lat="34.7541098" lon="-118.3343283"><name>620</name></wpt><wpt lat="34.75411" lon="-118.3343289"><name>621</name></wpt><wpt lat="34.7541099" lon="-118.3343308"><name>622</name></wpt><wpt lat="34.7541087" lon="-118.3343343"><name>623</name></wpt><wpt lat="34.7540549" lon="-118.3344346"><name>624</name></wpt><wpt lat="34.7539454" lon="-118.3345401"><name>625</name></wpt><wpt lat="34.7538096" lon="-118.3346152"><name>626</name></wpt><wpt lat="34.7536395" lon="-118.3346016"><name>627</name></wpt><wpt lat="34.7534508" lon="-118.3345181"><name>628</name></wpt><wpt lat="34.7532548" lon="-118.3343596"><name>629</name></wpt><wpt lat="34.7532161" lon="-118.3343213"><name>630</name></wpt><wpt lat="34.7531795" lon="-118.3342816"><name>631</name></wpt><wpt lat="34.7531446" lon="-118.3342392"><name>632</name></wpt><wpt lat="34.75311" lon="-118.3341958"><name>633</name></wpt><wpt lat="34.7530769" lon="-118.3341531"><name>634</name></wpt><wpt lat="34.7530461" lon="-118.3341066"><name>635</name></wpt><wpt lat="34.7530167" lon="-118.3340554"><name>636</name></wpt><wpt lat="34.7529889" lon="-118.3340005"><name>637</name></wpt><wpt lat="34.752962" lon="-118.3339415"><name>638</name></wpt><wpt lat="34.7529363" lon="-118.3338804"><name>639</name></wpt><wpt lat="34.752612" lon="-118.3331401"><name>640</name></wpt><wpt lat="34.752435" lon="-118.3330874"><name>641</name></wpt><wpt lat="34.7523233" lon="-118.333207"><name>642</name></wpt><wpt lat="34.7524065" lon="-118.3334756"><name>643</name></wpt><wpt lat="34.7524507" lon="-118.3335282"><name>644</name></wpt><wpt lat="34.7524954" lon="-118.3335791"><name>645</name></wpt><wpt lat="34.7525397" lon="-118.3336292"><name>646</name></wpt><wpt lat="34.7525833" lon="-118.3336797"><name>647</name></wpt><wpt lat="34.7526263" lon="-118.3337319"><name>648</name></wpt><wpt lat="34.7526693" lon="-118.3337848"><name>649</name></wpt><wpt lat="34.7527126" lon="-118.333838"><name>650</name></wpt><wpt lat="34.7527532" lon="-118.3338902"><name>651</name></wpt><wpt lat="34.7527903" lon="-118.3339418"><name>652</name></wpt><wpt lat="34.7528254" lon="-118.3339939"><name>653</name></wpt><wpt lat="34.7528579" lon="-118.3340464"><name>654</name></wpt><wpt lat="34.7528889" lon="-118.3340979"><name>655</name></wpt><wpt lat="34.7529185" lon="-118.3341502"><name>656</name></wpt><wpt lat="34.7529493" lon="-118.3342011"><name>657</name></wpt><wpt lat="34.7529772" lon="-118.3342522"><name>658</name></wpt><wpt lat="34.7530035" lon="-118.334304"><name>659</name></wpt><wpt lat="34.753029" lon="-118.3343561"><name>660</name></wpt><wpt lat="34.7530551" lon="-118.3344088"><name>661</name></wpt><wpt lat="34.7530811" lon="-118.3344624"><name>662</name></wpt><wpt lat="34.7531064" lon="-118.3345171"><name>663</name></wpt><wpt lat="34.7531319" lon="-118.3345726"><name>664</name></wpt><wpt lat="34.7531582" lon="-118.3346282"><name>665</name></wpt><wpt lat="34.7531846" lon="-118.3346837"><name>666</name></wpt><wpt lat="34.7532107" lon="-118.3347392"><name>667</name></wpt><wpt lat="34.7532368" lon="-118.3347937"><name>668</name></wpt><wpt lat="34.753264" lon="-118.334848"><name>669</name></wpt><wpt lat="34.7532912" lon="-118.3349019"><name>670</name></wpt><wpt lat="34.7533171" lon="-118.3349558"><name>671</name></wpt><wpt lat="34.7533435" lon="-118.3350098"><name>672</name></wpt><wpt lat="34.7533707" lon="-118.3350636"><name>673</name></wpt><wpt lat="34.7534" lon="-118.3351157"><name>674</name></wpt><wpt lat="34.753431" lon="-118.3351664"><name>675</name></wpt><wpt lat="34.7534598" lon="-118.3352167"><name>676</name></wpt><wpt lat="34.7534892" lon="-118.3352679"><name>677</name></wpt><wpt lat="34.7535187" lon="-118.33532"><name>678</name></wpt><wpt lat="34.7535504" lon="-118.3353733"><name>679</name></wpt><wpt lat="34.7535666" lon="-118.3354"><name>680</name></wpt><wpt lat="34.7535975" lon="-118.3354541"><name>681</name></wpt><wpt lat="34.7536288" lon="-118.335509"><name>682</name></wpt><wpt lat="34.7536622" lon="-118.3355628"><name>683</name></wpt><wpt lat="34.7536942" lon="-118.3356165"><name>684</name></wpt><wpt lat="34.7537274" lon="-118.3356698"><name>685</name></wpt><wpt lat="34.7537593" lon="-118.3357222"><name>686</name></wpt><wpt lat="34.7537816" lon="-118.3357732"><name>687</name></wpt><wpt lat="34.7537988" lon="-118.3358229"><name>688</name></wpt><wpt lat="34.7538111" lon="-118.3358717"><name>689</name></wpt><wpt lat="34.753812" lon="-118.3359176"><name>690</name></wpt><wpt lat="34.7538039" lon="-118.33596"><name>691</name></wpt><wpt lat="34.7537884" lon="-118.3359976"><name>692</name></wpt><wpt lat="34.7537646" lon="-118.3360271"><name>693</name></wpt><wpt lat="34.753735" lon="-118.3360499"><name>694</name></wpt><wpt lat="34.7537027" lon="-118.3360678"><name>695</name></wpt><wpt lat="34.7536265" lon="-118.3360813"><name>696</name></wpt><wpt lat="34.7535834" lon="-118.3360744"><name>697</name></wpt><wpt lat="34.7535397" lon="-118.3360595"><name>698</name></wpt><wpt lat="34.7534964" lon="-118.3360402"><name>699</name></wpt><wpt lat="34.7527544" lon="-118.3355924"><name>700</name></wpt><wpt lat="34.7525727" lon="-118.335523"><name>701</name></wpt><wpt lat="34.7525364" lon="-118.3355114"><name>702</name></wpt><wpt lat="34.7524999" lon="-118.3354994"><name>703</name></wpt><wpt lat="34.7524633" lon="-118.3354884"><name>704</name></wpt><wpt lat="34.7524267" lon="-118.3354774"><name>705</name></wpt><wpt lat="34.7523908" lon="-118.3354669"><name>706</name></wpt><wpt lat="34.7523547" lon="-118.3354562"><name>707</name></wpt><wpt lat="34.752319" lon="-118.3354455"><name>708</name></wpt><wpt lat="34.7522836" lon="-118.3354352"><name>709</name></wpt><wpt lat="34.7522478" lon="-118.3354258"><name>710</name></wpt><wpt lat="34.7522118" lon="-118.3354147"><name>711</name></wpt><wpt lat="34.7521759" lon="-118.3354049"><name>712</name></wpt><wpt lat="34.75214" lon="-118.3353931"><name>713</name></wpt><wpt lat="34.7521045" lon="-118.3353823"><name>714</name></wpt><wpt lat="34.7520693" lon="-118.3353769"><name>715</name></wpt><wpt lat="34.7520347" lon="-118.3353713"><name>716</name></wpt><wpt lat="34.7520006" lon="-118.3353644"><name>717</name></wpt><wpt lat="34.7519666" lon="-118.3353572"><name>718</name></wpt><wpt lat="34.7519318" lon="-118.3353499"><name>719</name></wpt><wpt lat="34.7518963" lon="-118.335343"><name>720</name></wpt><wpt lat="34.751163" lon="-118.3351187"><name>721</name></wpt><wpt lat="34.7509298" lon="-118.3350297"><name>722</name></wpt><wpt lat="34.7508814" lon="-118.335012"><name>723</name></wpt><wpt lat="34.7508333" lon="-118.3349962"><name>724</name></wpt><wpt lat="34.7507853" lon="-118.3349798"><name>725</name></wpt><wpt lat="34.750737" lon="-118.3349634"><name>726</name></wpt><wpt lat="34.7506877" lon="-118.3349463"><name>727</name></wpt><wpt lat="34.7506374" lon="-118.3349301"><name>728</name></wpt><wpt lat="34.7505878" lon="-118.3349133"><name>729</name></wpt><wpt lat="34.750539" lon="-118.3348947"><name>730</name></wpt><wpt lat="34.7504907" lon="-118.3348765"><name>731</name></wpt><wpt lat="34.750376" lon="-118.3348358"><name>732</name></wpt><wpt lat="34.7503327" lon="-118.3348206"><name>733</name></wpt><wpt lat="34.7502694" lon="-118.3348005"><name>734</name></wpt><wpt lat="34.7502287" lon="-118.3347871"><name>735</name></wpt><wpt lat="34.7500995" lon="-118.3347495"><name>736</name></wpt><wpt lat="34.7500667" lon="-118.3347406"><name>737</name></wpt><wpt lat="34.7499232" lon="-118.334707"><name>738</name></wpt><wpt lat="34.7498895" lon="-118.3347004"><name>739</name></wpt><wpt lat="34.7497662" lon="-118.3346761"><name>740</name></wpt><wpt lat="34.7497301" lon="-118.3346669"><name>741</name></wpt><wpt lat="34.7496953" lon="-118.334658"><name>742</name></wpt><wpt lat="34.7496623" lon="-118.3346501"><name>743</name></wpt><wpt lat="34.7495233" lon="-118.3346142"><name>744</name></wpt><wpt lat="34.7494939" lon="-118.3346058"><name>745</name></wpt><wpt lat="34.7493989" lon="-118.3345782"><name>746</name></wpt><wpt lat="34.749335" lon="-118.3345605"><name>747</name></wpt><wpt lat="34.7489232" lon="-118.3347159"><name>748</name></wpt><wpt lat="34.748862" lon="-118.3349417"><name>749</name></wpt><wpt lat="34.7488511" lon="-118.3351897"><name>750</name></wpt><wpt lat="34.748893" lon="-118.335638"><name>751</name></wpt><wpt lat="34.7489" lon="-118.3357729"><name>752</name></wpt><wpt lat="34.7488994" lon="-118.3358522"><name>753</name></wpt><wpt lat="34.748894" lon="-118.3359504"><name>754</name></wpt><wpt lat="34.7488908" lon="-118.3359905"><name>755</name></wpt><wpt lat="34.7488872" lon="-118.3360309"><name>756</name></wpt><wpt lat="34.7488817" lon="-118.3360923"><name>757</name></wpt><wpt lat="34.7488779" lon="-118.3361338"><name>758</name></wpt><wpt lat="34.7488699" lon="-118.3362853"><name>759</name></wpt><wpt lat="34.7488681" lon="-118.3363299"><name>760</name></wpt><wpt lat="34.7488674" lon="-118.3363755"><name>761</name></wpt><wpt lat="34.7488675" lon="-118.3364682"><name>762</name></wpt><wpt lat="34.7488672" lon="-118.3365151"><name>763</name></wpt><wpt lat="34.7488673" lon="-118.3365626"><name>764</name></wpt><wpt lat="34.7488677" lon="-118.3366103"><name>765</name></wpt><wpt lat="34.7488676" lon="-118.3366572"><name>766</name></wpt><wpt lat="34.7488671" lon="-118.3367039"><name>767</name></wpt><wpt lat="34.7488681" lon="-118.3367502"><name>768</name></wpt><wpt lat="34.7488694" lon="-118.3367958"><name>769</name></wpt><wpt lat="34.7488701" lon="-118.3368409"><name>770</name></wpt><wpt lat="34.7488711" lon="-118.3368857"><name>771</name></wpt><wpt lat="34.7488731" lon="-118.3369728"><name>772</name></wpt><wpt lat="34.7488668" lon="-118.3372462"><name>773</name></wpt><wpt lat="34.7488566" lon="-118.3374478"><name>774</name></wpt><wpt lat="34.7488456" lon="-118.3376664"><name>775</name></wpt><wpt lat="34.7488461" lon="-118.3377132"><name>776</name></wpt><wpt lat="34.7488444" lon="-118.337759"><name>777</name></wpt><wpt lat="34.7488438" lon="-118.3378046"><name>778</name></wpt><wpt lat="34.7488455" lon="-118.3378508"><name>779</name></wpt><wpt lat="34.748846" lon="-118.33794"><name>780</name></wpt><wpt lat="34.7488473" lon="-118.3379842"><name>781</name></wpt><wpt lat="34.748848" lon="-118.3380273"><name>782</name></wpt><wpt lat="34.7488489" lon="-118.33807"><name>783</name></wpt><wpt lat="34.7488486" lon="-118.3381115"><name>784</name></wpt><wpt lat="34.748849" lon="-118.338153"><name>785</name></wpt><wpt lat="34.7488487" lon="-118.3381941"><name>786</name></wpt><wpt lat="34.7488484" lon="-118.3382347"><name>787</name></wpt><wpt lat="34.7488493" lon="-118.3382749"><name>788</name></wpt><wpt lat="34.7488499" lon="-118.3383141"><name>789</name></wpt><wpt lat="34.7488494" lon="-118.3383527"><name>790</name></wpt><wpt lat="34.7488484" lon="-118.3383909"><name>791</name></wpt><wpt lat="34.7488464" lon="-118.3384281"><name>792</name></wpt><wpt lat="34.7488445" lon="-118.3384643"><name>793</name></wpt><wpt lat="34.748842" lon="-118.3384996"><name>794</name></wpt><wpt lat="34.7488404" lon="-118.3385344"><name>795</name></wpt><wpt lat="34.7488421" lon="-118.3385703"><name>796</name></wpt><wpt lat="34.7488459" lon="-118.3386072"><name>797</name></wpt><wpt lat="34.748851" lon="-118.3386445"><name>798</name></wpt><wpt lat="34.7488574" lon="-118.3386827"><name>799</name></wpt><wpt lat="34.7488688" lon="-118.3387219"><name>800</name></wpt><wpt lat="34.7488835" lon="-118.3387614"><name>801</name></wpt><wpt lat="34.7488993" lon="-118.338801"><name>802</name></wpt><wpt lat="34.7489178" lon="-118.3388412"><name>803</name></wpt><wpt lat="34.7489778" lon="-118.3389222"><name>804</name></wpt><wpt lat="34.7490166" lon="-118.3389602"><name>805</name></wpt><wpt lat="34.7490598" lon="-118.3389965"><name>806</name></wpt><wpt lat="34.7491091" lon="-118.3390296"><name>807</name></wpt><wpt lat="34.7492207" lon="-118.3390872"><name>808</name></wpt><wpt lat="34.749283" lon="-118.3391104"><name>809</name></wpt><wpt lat="34.7501472" lon="-118.3390685"><name>810</name></wpt><wpt lat="34.7502241" lon="-118.3390556"><name>811</name></wpt><wpt lat="34.7503003" lon="-118.3390445"><name>812</name></wpt><wpt lat="34.7510147" lon="-118.338982"><name>813</name></wpt><wpt lat="34.7513954" lon="-118.3389821"><name>814</name></wpt><wpt lat="34.7517729" lon="-118.338988"><name>815</name></wpt><wpt lat="34.7520751" lon="-118.3389989"><name>816</name></wpt><wpt lat="34.7521512" lon="-118.3390021"><name>817</name></wpt><wpt lat="34.7522272" lon="-118.3390057"><name>818</name></wpt><wpt lat="34.7523023" lon="-118.3390098"><name>819</name></wpt><wpt lat="34.7523774" lon="-118.3390139"><name>820</name></wpt><wpt lat="34.7524523" lon="-118.3390159"><name>821</name></wpt><wpt lat="34.7525263" lon="-118.3390195"><name>822</name></wpt><wpt lat="34.7525993" lon="-118.3390242"><name>823</name></wpt><wpt lat="34.752672" lon="-118.3390279"><name>824</name></wpt><wpt lat="34.7527443" lon="-118.3390319"><name>825</name></wpt><wpt lat="34.752816" lon="-118.3390366"><name>826</name></wpt><wpt lat="34.7528874" lon="-118.3390419"><name>827</name></wpt><wpt lat="34.7529591" lon="-118.3390462"><name>828</name></wpt><wpt lat="34.7530298" lon="-118.3390506"><name>829</name></wpt><wpt lat="34.7530992" lon="-118.3390562"><name>830</name></wpt><wpt lat="34.7531665" lon="-118.3390632"><name>831</name></wpt><wpt lat="34.7532309" lon="-118.3390737"><name>832</name></wpt><wpt lat="34.7532919" lon="-118.3390885"><name>833</name></wpt><wpt lat="34.7533488" lon="-118.3391084"><name>834</name></wpt><wpt lat="34.7534022" lon="-118.3391316"><name>835</name></wpt><wpt lat="34.7534493" lon="-118.3391598"><name>836</name></wpt><wpt lat="34.7534915" lon="-118.3391909"><name>837</name></wpt><wpt lat="34.7535299" lon="-118.3392241"><name>838</name></wpt><wpt lat="34.7535653" lon="-118.3392589"><name>839</name></wpt><wpt lat="34.7535977" lon="-118.3392946"><name>840</name></wpt><wpt lat="34.7536276" lon="-118.3393316"><name>841</name></wpt><wpt lat="34.7536555" lon="-118.3393699"><name>842</name></wpt><wpt lat="34.7536821" lon="-118.3394082"><name>843</name></wpt><wpt lat="34.753709" lon="-118.3394468"><name>844</name></wpt><wpt lat="34.7537369" lon="-118.3394864"><name>845</name></wpt><wpt lat="34.7537654" lon="-118.3395268"><name>846</name></wpt><wpt lat="34.7537961" lon="-118.339567"><name>847</name></wpt><wpt lat="34.7538289" lon="-118.3396057"><name>848</name></wpt><wpt lat="34.753862" lon="-118.3396435"><name>849</name></wpt><wpt lat="34.7538983" lon="-118.3396796"><name>850</name></wpt><wpt lat="34.7539378" lon="-118.3397139"><name>851</name></wpt><wpt lat="34.7539783" lon="-118.3397469"><name>852</name></wpt><wpt lat="34.7540929" lon="-118.3398198"><name>853</name></wpt><wpt lat="34.7547272" lon="-118.3397368"><name>854</name></wpt><wpt lat="34.754961" lon="-118.3394314"><name>855</name></wpt><wpt lat="34.7550036" lon="-118.3393305"><name>856</name></wpt><wpt lat="34.7550843" lon="-118.338997"><name>857</name></wpt><wpt lat="34.7550907" lon="-118.3388816"><name>858</name></wpt><wpt lat="34.7550875" lon="-118.338767"><name>859</name></wpt><wpt lat="34.7550737" lon="-118.3386558"><name>860</name></wpt><wpt lat="34.755049" lon="-118.3385499"><name>861</name></wpt><wpt lat="34.7550143" lon="-118.3384519"><name>862</name></wpt><wpt lat="34.7549717" lon="-118.3383626"><name>863</name></wpt><wpt lat="34.7549232" lon="-118.3382833"><name>864</name></wpt><wpt lat="34.7548695" lon="-118.3382155"><name>865</name></wpt><wpt lat="34.7548125" lon="-118.33816"><name>866</name></wpt><wpt lat="34.7547534" lon="-118.3381212"><name>867</name></wpt><wpt lat="34.7546956" lon="-118.3380883"><name>868</name></wpt><wpt lat="34.7546391" lon="-118.3380613"><name>869</name></wpt><wpt lat="34.7545839" lon="-118.338039"><name>870</name></wpt><wpt lat="34.7545305" lon="-118.3380243"><name>871</name></wpt><wpt lat="34.7544792" lon="-118.3380168"><name>872</name></wpt><wpt lat="34.7544301" lon="-118.3380132"><name>873</name></wpt><wpt lat="34.7543829" lon="-118.3380123"><name>874</name></wpt><wpt lat="34.7543381" lon="-118.338015"><name>875</name></wpt><wpt lat="34.754296" lon="-118.3380224"><name>876</name></wpt><wpt lat="34.7542572" lon="-118.3380338"><name>877</name></wpt><wpt lat="34.7542209" lon="-118.3380455"><name>878</name></wpt><wpt lat="34.7541863" lon="-118.3380583"><name>879</name></wpt><wpt lat="34.7541537" lon="-118.3380738"><name>880</name></wpt><wpt lat="34.754123" lon="-118.3380908"><name>881</name></wpt><wpt lat="34.7540934" lon="-118.3381085"><name>882</name></wpt><wpt lat="34.7540645" lon="-118.338128"><name>883</name></wpt><wpt lat="34.7540379" lon="-118.338149"><name>884</name></wpt><wpt lat="34.7540123" lon="-118.33817"><name>885</name></wpt><wpt lat="34.7539867" lon="-118.33819"><name>886</name></wpt><wpt lat="34.7539617" lon="-118.3382109"><name>887</name></wpt><wpt lat="34.7539366" lon="-118.3382326"><name>888</name></wpt><wpt lat="34.7539111" lon="-118.3382553"><name>889</name></wpt><wpt lat="34.7538863" lon="-118.3382803"><name>890</name></wpt><wpt lat="34.7538623" lon="-118.3383069"><name>891</name></wpt><wpt lat="34.7538389" lon="-118.3383337"><name>892</name></wpt><wpt lat="34.7538161" lon="-118.3383611"><name>893</name></wpt><wpt lat="34.7537939" lon="-118.3383894"><name>894</name></wpt><wpt lat="34.7537726" lon="-118.3384182"><name>895</name></wpt><wpt lat="34.7537516" lon="-118.3384477"><name>896</name></wpt><wpt lat="34.7537314" lon="-118.3384781"><name>897</name></wpt><wpt lat="34.7537119" lon="-118.3385096"><name>898</name></wpt><wpt lat="34.7536942" lon="-118.3385427"><name>899</name></wpt><wpt lat="34.7536783" lon="-118.3385763"><name>900</name></wpt><wpt lat="34.7536704" lon="-118.3385931"><name>901</name></wpt><wpt lat="34.753655" lon="-118.3386269"><name>902</name></wpt><wpt lat="34.7536418" lon="-118.3386613"><name>903</name></wpt><wpt lat="34.7536306" lon="-118.3386964"><name>904</name></wpt><wpt lat="34.7536196" lon="-118.3387313"><name>905</name></wpt><wpt lat="34.7536097" lon="-118.3387662"><name>906</name></wpt><wpt lat="34.7536009" lon="-118.3388019"><name>907</name></wpt><wpt lat="34.7535931" lon="-118.338838"><name>908</name></wpt><wpt lat="34.7535859" lon="-118.3388743"><name>909</name></wpt><wpt lat="34.7535816" lon="-118.3389122"><name>910</name></wpt><wpt lat="34.7535792" lon="-118.3389509"><name>911</name></wpt><wpt lat="34.7535763" lon="-118.3389902"><name>912</name></wpt><wpt lat="34.7535749" lon="-118.3390301"><name>913</name></wpt><wpt lat="34.7535755" lon="-118.3390723"><name>914</name></wpt><wpt lat="34.7535781" lon="-118.3391154"><name>915</name></wpt><wpt lat="34.7535835" lon="-118.3391576"><name>916</name></wpt><wpt lat="34.7535885" lon="-118.3391994"><name>917</name></wpt><wpt lat="34.7535934" lon="-118.3392407"><name>918</name></wpt><wpt lat="34.7536013" lon="-118.3392812"><name>919</name></wpt><wpt lat="34.7536097" lon="-118.3393201"><name>920</name></wpt><wpt lat="34.7536207" lon="-118.3393595"><name>921</name></wpt><wpt lat="34.7536339" lon="-118.3393991"><name>922</name></wpt><wpt lat="34.753649" lon="-118.3394382"><name>923</name></wpt><wpt lat="34.7536654" lon="-118.3394776"><name>924</name></wpt><wpt lat="34.7536834" lon="-118.3395176"><name>925</name></wpt><wpt lat="34.7537051" lon="-118.339557"><name>926</name></wpt><wpt lat="34.7537567" lon="-118.3396349"><name>927</name></wpt><wpt lat="34.753787" lon="-118.3396733"><name>928</name></wpt><wpt lat="34.7538218" lon="-118.3397103"><name>929</name></wpt><wpt lat="34.7538613" lon="-118.3397459"><name>930</name></wpt><wpt lat="34.7539493" lon="-118.3398129"><name>931</name></wpt><wpt lat="34.7545808" lon="-118.3381851"><name>932</name></wpt><wpt lat="34.7545309" lon="-118.3381634"><name>933</name></wpt><wpt lat="34.7544823" lon="-118.3381462"><name>934</name></wpt><wpt lat="34.7544346" lon="-118.3381313"><name>935</name></wpt><wpt lat="34.754343" lon="-118.3381147"><name>936</name></wpt><wpt lat="34.7543001" lon="-118.338112"><name>937</name></wpt><wpt lat="34.7542596" lon="-118.3381125"><name>938</name></wpt><wpt lat="34.7542217" lon="-118.3381166"><name>939</name></wpt><wpt lat="34.7538552" lon="-118.3383141"><name>940</name></wpt><wpt lat="34.7537596" lon="-118.3384368"><name>941</name></wpt><wpt lat="34.7536774" lon="-118.3385754"><name>942</name></wpt><wpt lat="34.7536507" lon="-118.3386361"><name>943</name></wpt><wpt lat="34.7536139" lon="-118.3387291"><name>944</name></wpt><wpt lat="34.753594" lon="-118.3387946"><name>945</name></wpt><wpt lat="34.7535848" lon="-118.338828"><name>946</name></wpt><wpt lat="34.753577" lon="-118.3388617"><name>947</name></wpt><wpt lat="34.7535715" lon="-118.3388972"><name>948</name></wpt><wpt lat="34.7535674" lon="-118.3389332"><name>949</name></wpt><wpt lat="34.7535627" lon="-118.3389687"><name>950</name></wpt><wpt lat="34.7535617" lon="-118.3390057"><name>951</name></wpt><wpt lat="34.7535633" lon="-118.3390433"><name>952</name></wpt><wpt lat="34.7535649" lon="-118.3390798"><name>953</name></wpt><wpt lat="34.7535675" lon="-118.3391151"><name>954</name></wpt><wpt lat="34.7535731" lon="-118.3391508"><name>955</name></wpt><wpt lat="34.7535796" lon="-118.3391866"><name>956</name></wpt><wpt lat="34.753588" lon="-118.3392224"><name>957</name></wpt><wpt lat="34.753598" lon="-118.3392586"><name>958</name></wpt><wpt lat="34.7536087" lon="-118.3392938"><name>959</name></wpt><wpt lat="34.7536212" lon="-118.3393295"><name>960</name></wpt><wpt lat="34.7536358" lon="-118.3393654"><name>961</name></wpt><wpt lat="34.7536516" lon="-118.3394006"><name>962</name></wpt><wpt lat="34.7536696" lon="-118.3394359"><name>963</name></wpt><wpt lat="34.7536891" lon="-118.3394711"><name>964</name></wpt><wpt lat="34.7537104" lon="-118.3395059"><name>965</name></wpt><wpt lat="34.7537333" lon="-118.3395408"><name>966</name></wpt><wpt lat="34.7537576" lon="-118.3395755"><name>967</name></wpt><wpt lat="34.753798" lon="-118.3396279"><name>968</name></wpt><wpt lat="34.7538278" lon="-118.3396627"><name>969</name></wpt><wpt lat="34.7538591" lon="-118.3396973"><name>970</name></wpt><wpt lat="34.7538937" lon="-118.3397313"><name>971</name></wpt><wpt lat="34.7539298" lon="-118.3397644"><name>972</name></wpt><wpt lat="34.7539676" lon="-118.339797"><name>973</name></wpt><wpt lat="34.7540133" lon="-118.3398255"><name>974</name></wpt><wpt lat="34.7540624" lon="-118.3398511"><name>975</name></wpt><wpt lat="34.7541126" lon="-118.3398749"><name>976</name></wpt><wpt lat="34.7541657" lon="-118.3398966"><name>977</name></wpt><wpt lat="34.754224" lon="-118.3399138"><name>978</name></wpt><wpt lat="34.7542861" lon="-118.3399255"><name>979</name></wpt><wpt lat="34.7543518" lon="-118.3399315"><name>980</name></wpt><wpt lat="34.7544219" lon="-118.3399272"><name>981</name></wpt><wpt lat="34.7544943" lon="-118.3399123"><name>982</name></wpt><wpt lat="34.7545682" lon="-118.3398843"><name>983</name></wpt><wpt lat="34.7546415" lon="-118.3398476"><name>984</name></wpt><wpt lat="34.7547848" lon="-118.3397465"><name>985</name></wpt><wpt lat="34.7548526" lon="-118.3396816"><name>986</name></wpt><wpt lat="34.7549131" lon="-118.3396008"><name>987</name></wpt><wpt lat="34.7549678" lon="-118.3395111"><name>988</name></wpt><wpt lat="34.7550127" lon="-118.339412"><name>989</name></wpt><wpt lat="34.7550464" lon="-118.3393063"><name>990</name></wpt><wpt lat="34.755069" lon="-118.3391957"><name>991</name></wpt><wpt lat="34.7550809" lon="-118.3390828"><name>992</name></wpt><wpt lat="34.7550822" lon="-118.3389697"><name>993</name></wpt><wpt lat="34.755075" lon="-118.3388587"><name>994</name></wpt><wpt lat="34.7550642" lon="-118.3387488"><name>995</name></wpt><wpt lat="34.7550425" lon="-118.3386428"><name>996</name></wpt><wpt lat="34.75501" lon="-118.3385429"><name>997</name></wpt><wpt lat="34.7549695" lon="-118.3384519"><name>998</name></wpt><wpt lat="34.7549219" lon="-118.3383723"><name>999</name></wpt><wpt lat="34.7548699" lon="-118.338302"><name>1000</name></wpt><wpt lat="34.7548152" lon="-118.3382422"><name>1001</name></wpt><wpt lat="34.7547596" lon="-118.3381924"><name>1002</name></wpt><wpt lat="34.7547045" lon="-118.338152"><name>1003</name></wpt><wpt lat="34.7546502" lon="-118.3381221"><name>1004</name></wpt><wpt lat="34.7545976" lon="-118.3380999"><name>1005</name></wpt><wpt lat="34.7545469" lon="-118.3380794"><name>1006</name></wpt><wpt lat="34.7544979" lon="-118.3380612"><name>1007</name></wpt><wpt lat="34.7544515" lon="-118.3380521"><name>1008</name></wpt><wpt lat="34.754409" lon="-118.3380495"><name>1009</name></wpt><wpt lat="34.7543325" lon="-118.3380511"><name>1010</name></wpt><wpt lat="34.7542969" lon="-118.3380555"><name>1011</name></wpt><wpt lat="34.7542625" lon="-118.3380627"><name>1012</name></wpt><wpt lat="34.7542293" lon="-118.3380714"><name>1013</name></wpt><wpt lat="34.7541966" lon="-118.3380818"><name>1014</name></wpt><wpt lat="34.7541648" lon="-118.3380945"><name>1015</name></wpt><wpt lat="34.7541346" lon="-118.3381097"><name>1016</name></wpt><wpt lat="34.7541046" lon="-118.3381249"><name>1017</name></wpt><wpt lat="34.7540757" lon="-118.3381422"><name>1018</name></wpt><wpt lat="34.754049" lon="-118.3381617"><name>1019</name></wpt><wpt lat="34.7540226" lon="-118.3381812"><name>1020</name></wpt><wpt lat="34.7539968" lon="-118.3382015"><name>1021</name></wpt><wpt lat="34.7539709" lon="-118.3382223"><name>1022</name></wpt><wpt lat="34.753946" lon="-118.3382436"><name>1023</name></wpt><wpt lat="34.7539219" lon="-118.3382657"><name>1024</name></wpt><wpt lat="34.7538981" lon="-118.3382883"><name>1025</name></wpt><wpt lat="34.7538738" lon="-118.3383106"><name>1026</name></wpt><wpt lat="34.75385" lon="-118.3383337"><name>1027</name></wpt><wpt lat="34.7538267" lon="-118.3383589"><name>1028</name></wpt><wpt lat="34.7538043" lon="-118.3383846"><name>1029</name></wpt><wpt lat="34.7535914" lon="-118.3389566"><name>1030</name></wpt><wpt lat="34.7536042" lon="-118.3391538"><name>1031</name></wpt><wpt lat="34.7536187" lon="-118.3392346"><name>1032</name></wpt><wpt lat="34.7536285" lon="-118.3392753"><name>1033</name></wpt><wpt lat="34.7536397" lon="-118.3393162"><name>1034</name></wpt><wpt lat="34.7536512" lon="-118.3393563"><name>1035</name></wpt><wpt lat="34.7536621" lon="-118.3393964"><name>1036</name></wpt><wpt lat="34.7536759" lon="-118.3394376"><name>1037</name></wpt><wpt lat="34.7536926" lon="-118.3394787"><name>1038</name></wpt><wpt lat="34.7537121" lon="-118.3395184"><name>1039</name></wpt><wpt lat="34.7537343" lon="-118.3395568"><name>1040</name></wpt><wpt lat="34.75376" lon="-118.339594"><name>1041</name></wpt><wpt lat="34.7537899" lon="-118.3396295"><name>1042</name></wpt><wpt lat="34.753821" lon="-118.3396642"><name>1043</name></wpt><wpt lat="34.7538532" lon="-118.3396991"><name>1044</name></wpt><wpt lat="34.753888" lon="-118.3397336"><name>1045</name></wpt><wpt lat="34.7539262" lon="-118.3397652"><name>1046</name></wpt><wpt lat="34.7539673" lon="-118.339794"><name>1047</name></wpt><wpt lat="34.7540106" lon="-118.3398202"><name>1048</name></wpt><wpt lat="34.7540563" lon="-118.3398438"><name>1049</name></wpt><wpt lat="34.754104" lon="-118.3398636"><name>1050</name></wpt><wpt lat="34.7541545" lon="-118.33988"><name>1051</name></wpt><wpt lat="34.7542078" lon="-118.3398924"><name>1052</name></wpt><wpt lat="34.7542638" lon="-118.3398995"><name>1053</name></wpt><wpt lat="34.7543218" lon="-118.339901"><name>1054</name></wpt><wpt lat="34.7543824" lon="-118.3398957"><name>1055</name></wpt><wpt lat="34.7544449" lon="-118.3398841"><name>1056</name></wpt><wpt lat="34.7545075" lon="-118.3398689"><name>1057</name></wpt><wpt lat="34.7545717" lon="-118.3398431"><name>1058</name></wpt><wpt lat="34.7546363" lon="-118.3398079"><name>1059</name></wpt><wpt lat="34.7547003" lon="-118.3397636"><name>1060</name></wpt><wpt lat="34.7547629" lon="-118.3397109"><name>1061</name></wpt><wpt lat="34.7548232" lon="-118.3396517"><name>1062</name></wpt><wpt lat="34.7548799" lon="-118.3395806"><name>1063</name></wpt><wpt lat="34.7549324" lon="-118.3395015"><name>1064</name></wpt><wpt lat="34.7549792" lon="-118.3394138"><name>1065</name></wpt><wpt lat="34.7550187" lon="-118.3393186"><name>1066</name></wpt><wpt lat="34.7550456" lon="-118.3392148"><name>1067</name></wpt><wpt lat="34.7550619" lon="-118.3391061"><name>1068</name></wpt><wpt lat="34.755072" lon="-118.3389956"><name>1069</name></wpt><wpt lat="34.7550728" lon="-118.3388825"><name>1070</name></wpt><wpt lat="34.7550627" lon="-118.3387681"><name>1071</name></wpt><wpt lat="34.7550419" lon="-118.3386548"><name>1072</name></wpt><wpt lat="34.7550284" lon="-118.3385992"><name>1073</name></wpt><wpt lat="34.7549953" lon="-118.3384914"><name>1074</name></wpt><wpt lat="34.7549511" lon="-118.3383913"><name>1075</name></wpt><wpt lat="34.7548983" lon="-118.3383018"><name>1076</name></wpt><wpt lat="34.7548385" lon="-118.3382251"><name>1077</name></wpt><wpt lat="34.7547758" lon="-118.3381553"><name>1078</name></wpt><wpt lat="34.7547095" lon="-118.3381006"><name>1079</name></wpt><wpt lat="34.7546425" lon="-118.3380567"><name>1080</name></wpt><wpt lat="34.7545759" lon="-118.3380244"><name>1081</name></wpt><wpt lat="34.7545113" lon="-118.338006"><name>1082</name></wpt><wpt lat="34.7544489" lon="-118.3379961"><name>1083</name></wpt><wpt lat="34.7543905" lon="-118.337995"><name>1084</name></wpt><wpt lat="34.7543356" lon="-118.3379988"><name>1085</name></wpt><wpt lat="34.7542839" lon="-118.3380063"><name>1086</name></wpt><wpt lat="34.7542352" lon="-118.3380187"><name>1087</name></wpt><wpt lat="34.7541888" lon="-118.338033"><name>1088</name></wpt><wpt lat="34.7541441" lon="-118.3380477"><name>1089</name></wpt><wpt lat="34.7541036" lon="-118.3380682"><name>1090</name></wpt><wpt lat="34.7540672" lon="-118.3380922"><name>1091</name></wpt><wpt lat="34.7540322" lon="-118.3381143"><name>1092</name></wpt><wpt lat="34.7539995" lon="-118.3381382"><name>1093</name></wpt><wpt lat="34.7539689" lon="-118.3381642"><name>1094</name></wpt><wpt lat="34.7539395" lon="-118.3381903"><name>1095</name></wpt><wpt lat="34.753911" lon="-118.3382175"><name>1096</name></wpt><wpt lat="34.7538822" lon="-118.3382442"><name>1097</name></wpt><wpt lat="34.7538569" lon="-118.3382737"><name>1098</name></wpt><wpt lat="34.7538345" lon="-118.3383031"><name>1099</name></wpt><wpt lat="34.7538129" lon="-118.3383306"><name>1100</name></wpt><wpt lat="34.7537939" lon="-118.3383575"><name>1101</name></wpt><wpt lat="34.7537751" lon="-118.3383835"><name>1102</name></wpt><wpt lat="34.7537589" lon="-118.3384114"><name>1103</name></wpt><wpt lat="34.7537438" lon="-118.3384397"><name>1104</name></wpt><wpt lat="34.7537281" lon="-118.3384664"><name>1105</name></wpt><wpt lat="34.753712" lon="-118.3384936"><name>1106</name></wpt><wpt lat="34.7536974" lon="-118.3385215"><name>1107</name></wpt><wpt lat="34.7536841" lon="-118.3385494"><name>1108</name></wpt><wpt lat="34.7536706" lon="-118.3385765"><name>1109</name></wpt><wpt lat="34.7536569" lon="-118.3386033"><name>1110</name></wpt><wpt lat="34.753645" lon="-118.3386311"><name>1111</name></wpt><wpt lat="34.7536346" lon="-118.3386593"><name>1112</name></wpt><wpt lat="34.753625" lon="-118.3386879"><name>1113</name></wpt><wpt lat="34.753616" lon="-118.338717"><name>1114</name></wpt><wpt lat="34.7536078" lon="-118.3387463"><name>1115</name></wpt><wpt lat="34.7536014" lon="-118.338776"><name>1116</name></wpt><wpt lat="34.7535965" lon="-118.3388059"><name>1117</name></wpt><wpt lat="34.7535916" lon="-118.3388355"><name>1118</name></wpt><wpt lat="34.7535872" lon="-118.3388652"><name>1119</name></wpt><wpt lat="34.7535835" lon="-118.3388953"><name>1120</name></wpt><wpt lat="34.7535809" lon="-118.3389256"><name>1121</name></wpt><wpt lat="34.7535785" lon="-118.3389563"><name>1122</name></wpt><wpt lat="34.7535764" lon="-118.3389876"><name>1123</name></wpt><wpt lat="34.7535756" lon="-118.3390183"><name>1124</name></wpt><wpt lat="34.7535762" lon="-118.339049"><name>1125</name></wpt><wpt lat="34.7535779" lon="-118.33908"><name>1126</name></wpt><wpt lat="34.7535806" lon="-118.339111"><name>1127</name></wpt><wpt lat="34.7535854" lon="-118.339142"><name>1128</name></wpt><wpt lat="34.7535912" lon="-118.3391724"><name>1129</name></wpt><wpt lat="34.7535964" lon="-118.3392027"><name>1130</name></wpt><wpt lat="34.7536033" lon="-118.3392333"><name>1131</name></wpt><wpt lat="34.7536118" lon="-118.3392634"><name>1132</name></wpt><wpt lat="34.7536198" lon="-118.3392928"><name>1133</name></wpt><wpt lat="34.7536288" lon="-118.3393218"><name>1134</name></wpt><wpt lat="34.7536387" lon="-118.3393503"><name>1135</name></wpt><wpt lat="34.7536488" lon="-118.3393784"><name>1136</name></wpt><wpt lat="34.7537062" lon="-118.3395049"><name>1137</name></wpt><wpt lat="34.7537964" lon="-118.3396382"><name>1138</name></wpt><wpt lat="34.753915" lon="-118.3397591"><name>1139</name></wpt><wpt lat="34.7540724" lon="-118.3398503"><name>1140</name></wpt><wpt lat="34.7542812" lon="-118.3398993"><name>1141</name></wpt><wpt lat="34.7545542" lon="-118.3398469"><name>1142</name></wpt><wpt lat="34.7548561" lon="-118.3396734"><name>1143</name></wpt><wpt lat="34.7551463" lon="-118.3394398"><name>1144</name></wpt><wpt lat="34.7552606" lon="-118.3393524"><name>1145</name></wpt><wpt lat="34.7554345" lon="-118.3392418"><name>1146</name></wpt><wpt lat="34.7556062" lon="-118.3391633"><name>1147</name></wpt><wpt lat="34.7557189" lon="-118.3391265"><name>1148</name></wpt><wpt lat="34.7557742" lon="-118.3391126"><name>1149</name></wpt><wpt lat="34.7558281" lon="-118.3391022"><name>1150</name></wpt><wpt lat="34.7558804" lon="-118.3390958"><name>1151</name></wpt><wpt lat="34.7559322" lon="-118.3390908"><name>1152</name></wpt><wpt lat="34.7559839" lon="-118.3390856"><name>1153</name></wpt><wpt lat="34.756034" lon="-118.3390811"><name>1154</name></wpt><wpt lat="34.756083" lon="-118.339077"><name>1155</name></wpt><wpt lat="34.7561315" lon="-118.3390732"><name>1156</name></wpt><wpt lat="34.7561784" lon="-118.339072"><name>1157</name></wpt><wpt lat="34.7562243" lon="-118.3390729"><name>1158</name></wpt><wpt lat="34.7562698" lon="-118.3390744"><name>1159</name></wpt><wpt lat="34.7563141" lon="-118.3390773"><name>1160</name></wpt><wpt lat="34.7563572" lon="-118.3390816"><name>1161</name></wpt><wpt lat="34.7563994" lon="-118.3390865"><name>1162</name></wpt><wpt lat="34.7564204" lon="-118.3390888"><name>1163</name></wpt><wpt lat="34.7564621" lon="-118.3390934"><name>1164</name></wpt><wpt lat="34.7565038" lon="-118.3390982"><name>1165</name></wpt><wpt lat="34.7565455" lon="-118.3391033"><name>1166</name></wpt><wpt lat="34.7565872" lon="-118.339109"><name>1167</name></wpt><wpt lat="34.7566286" lon="-118.3391162"><name>1168</name></wpt><wpt lat="34.7566706" lon="-118.3391241"><name>1169</name></wpt><wpt lat="34.756713" lon="-118.3391324"><name>1170</name></wpt><wpt lat="34.756756" lon="-118.3391399"><name>1171</name></wpt><wpt lat="34.7567993" lon="-118.3391473"><name>1172</name></wpt><wpt lat="34.7568424" lon="-118.3391541"><name>1173</name></wpt><wpt lat="34.7568863" lon="-118.3391603"><name>1174</name></wpt><wpt lat="34.7569308" lon="-118.3391657"><name>1175</name></wpt><wpt lat="34.7569761" lon="-118.33917"><name>1176</name></wpt><wpt lat="34.7570219" lon="-118.3391738"><name>1177</name></wpt><wpt lat="34.7570675" lon="-118.3391773"><name>1178</name></wpt><wpt lat="34.7571134" lon="-118.3391797"><name>1179</name></wpt><wpt lat="34.7571595" lon="-118.3391813"><name>1180</name></wpt><wpt lat="34.7572053" lon="-118.339183"><name>1181</name></wpt><wpt lat="34.7572515" lon="-118.3391839"><name>1182</name></wpt><wpt lat="34.7572978" lon="-118.3391844"><name>1183</name></wpt><wpt lat="34.7573441" lon="-118.3391846"><name>1184</name></wpt><wpt lat="34.75739" lon="-118.3391856"><name>1185</name></wpt><wpt lat="34.7574359" lon="-118.3391871"><name>1186</name></wpt><wpt lat="34.7574818" lon="-118.3391886"><name>1187</name></wpt><wpt lat="34.7575275" lon="-118.3391902"><name>1188</name></wpt><wpt lat="34.7575732" lon="-118.3391916"><name>1189</name></wpt><wpt lat="34.7576191" lon="-118.339191"><name>1190</name></wpt><wpt lat="34.757664" lon="-118.3391907"><name>1191</name></wpt><wpt lat="34.7577085" lon="-118.3391918"><name>1192</name></wpt><wpt lat="34.757754" lon="-118.3391921"><name>1193</name></wpt><wpt lat="34.7578441" lon="-118.3391923"><name>1194</name></wpt><wpt lat="34.7578882" lon="-118.3391935"><name>1195</name></wpt><wpt lat="34.7579319" lon="-118.3391945"><name>1196</name></wpt><wpt lat="34.7579759" lon="-118.3391949"><name>1197</name></wpt><wpt lat="34.7580194" lon="-118.3391948"><name>1198</name></wpt><wpt lat="34.7580626" lon="-118.3391945"><name>1199</name></wpt><wpt lat="34.7581052" lon="-118.3391943"><name>1200</name></wpt><wpt lat="34.7581473" lon="-118.3391946"><name>1201</name></wpt><wpt lat="34.7581889" lon="-118.3391961"><name>1202</name></wpt><wpt lat="34.7582312" lon="-118.3391971"><name>1203</name></wpt><wpt lat="34.7582743" lon="-118.3391981"><name>1204</name></wpt><wpt lat="34.7583179" lon="-118.3391998"><name>1205</name></wpt><wpt lat="34.7583616" lon="-118.3392019"><name>1206</name></wpt><wpt lat="34.7584062" lon="-118.3392037"><name>1207</name></wpt><wpt lat="34.7584515" lon="-118.3392055"><name>1208</name></wpt><wpt lat="34.7584976" lon="-118.3392074"><name>1209</name></wpt><wpt lat="34.75859" lon="-118.3392129"><name>1210</name></wpt><wpt lat="34.7586373" lon="-118.3392142"><name>1211</name></wpt><wpt lat="34.7586851" lon="-118.3392152"><name>1212</name></wpt><wpt lat="34.7587334" lon="-118.3392163"><name>1213</name></wpt><wpt lat="34.7588551" lon="-118.3392186"><name>1214</name></wpt><wpt lat="34.7589044" lon="-118.3392196"><name>1215</name></wpt><wpt lat="34.7589537" lon="-118.3392212"><name>1216</name></wpt><wpt lat="34.7591337" lon="-118.3392246"><name>1217</name></wpt><wpt lat="34.7591862" lon="-118.3392264"><name>1218</name></wpt><wpt lat="34.7592397" lon="-118.339228"><name>1219</name></wpt><wpt lat="34.7592932" lon="-118.3392295"><name>1220</name></wpt><wpt lat="34.7595685" lon="-118.3391402"><name>1221</name></wpt><wpt lat="34.7596321" lon="-118.3390888"><name>1222</name></wpt><wpt lat="34.7598663" lon="-118.3385166"><name>1223</name></wpt><wpt lat="34.7598391" lon="-118.3382825"><name>1224</name></wpt><wpt lat="34.7597664" lon="-118.338087"><name>1225</name></wpt><wpt lat="34.7597292" lon="-118.3380218"><name>1226</name></wpt><wpt lat="34.7596475" lon="-118.3378972"><name>1227</name></wpt><wpt lat="34.7593782" lon="-118.3375498"><name>1228</name></wpt><wpt lat="34.759142" lon="-118.3371779"><name>1229</name></wpt><wpt lat="34.7591026" lon="-118.3371"><name>1230</name></wpt><wpt lat="34.7590637" lon="-118.3370205"><name>1231</name></wpt><wpt lat="34.7588919" lon="-118.3366389"><name>1232</name></wpt><wpt lat="34.7588374" lon="-118.3365068"><name>1233</name></wpt><wpt lat="34.7588023" lon="-118.3364177"><name>1234</name></wpt><wpt lat="34.7586829" lon="-118.3360974"><name>1235</name></wpt><wpt lat="34.7585672" lon="-118.3357677"><name>1236</name></wpt><wpt lat="34.7584057" lon="-118.3352941"><name>1237</name></wpt><wpt lat="34.7582794" lon="-118.3348191"><name>1238</name></wpt><wpt lat="34.7583026" lon="-118.3343081"><name>1239</name></wpt><wpt lat="34.7584333" lon="-118.3338234"><name>1240</name></wpt><wpt lat="34.7584981" lon="-118.3336412"><name>1241</name></wpt><wpt lat="34.7585146" lon="-118.3335957"><name>1242</name></wpt><wpt lat="34.7586787" lon="-118.3331358"><name>1243</name></wpt><wpt lat="34.7588285" lon="-118.3326645"><name>1244</name></wpt><wpt lat="34.7589637" lon="-118.3321913"><name>1245</name></wpt><wpt lat="34.7590942" lon="-118.3317174"><name>1246</name></wpt><wpt lat="34.7591203" lon="-118.3316224"><name>1247</name></wpt><wpt lat="34.7591465" lon="-118.3315269"><name>1248</name></wpt><wpt lat="34.7591723" lon="-118.3314311"><name>1249</name></wpt><wpt lat="34.7592244" lon="-118.3312391"><name>1250</name></wpt><wpt lat="34.7593514" lon="-118.3307651"><name>1251</name></wpt><wpt lat="34.7594051" lon="-118.3305752"><name>1252</name></wpt><wpt lat="34.7594319" lon="-118.3304792"><name>1253</name></wpt><wpt lat="34.7594586" lon="-118.3303819"><name>1254</name></wpt><wpt lat="34.7594866" lon="-118.3302843"><name>1255</name></wpt><wpt lat="34.7595141" lon="-118.3301864"><name>1256</name></wpt><wpt lat="34.7595399" lon="-118.3300885"><name>1257</name></wpt><wpt lat="34.7595576" lon="-118.3299903"><name>1258</name></wpt><wpt lat="34.7595701" lon="-118.3298911"><name>1259</name></wpt><wpt lat="34.759577" lon="-118.3297902"><name>1260</name></wpt><wpt lat="34.7595756" lon="-118.3296879"><name>1261</name></wpt><wpt lat="34.7595624" lon="-118.329587"><name>1262</name></wpt><wpt lat="34.7595391" lon="-118.32949"><name>1263</name></wpt><wpt lat="34.759506" lon="-118.3294005"><name>1264</name></wpt><wpt lat="34.7594638" lon="-118.3293233"><name>1265</name></wpt><wpt lat="34.7594158" lon="-118.3292576"><name>1266</name></wpt><wpt lat="34.7593652" lon="-118.3291995"><name>1267</name></wpt><wpt lat="34.759313" lon="-118.3291479"><name>1268</name></wpt><wpt lat="34.7592588" lon="-118.3291072"><name>1269</name></wpt><wpt lat="34.7592041" lon="-118.3290738"><name>1270</name></wpt><wpt lat="34.759149" lon="-118.3290481"><name>1271</name></wpt><wpt lat="34.759094" lon="-118.3290286"><name>1272</name></wpt><wpt lat="34.7590396" lon="-118.3290143"><name>1273</name></wpt><wpt lat="34.7589862" lon="-118.3290044"><name>1274</name></wpt><wpt lat="34.7589343" lon="-118.3289968"><name>1275</name></wpt><wpt lat="34.7588838" lon="-118.3289918"><name>1276</name></wpt><wpt lat="34.7588345" lon="-118.3289901"><name>1277</name></wpt><wpt lat="34.7587859" lon="-118.3289909"><name>1278</name></wpt><wpt lat="34.7587379" lon="-118.3289928"><name>1279</name></wpt><wpt lat="34.7586905" lon="-118.3289962"><name>1280</name></wpt><wpt lat="34.7586438" lon="-118.3290016"><name>1281</name></wpt><wpt lat="34.7585971" lon="-118.3290068"><name>1282</name></wpt><wpt lat="34.75855" lon="-118.3290114"><name>1283</name></wpt><wpt lat="34.7585265" lon="-118.3290143"><name>1284</name></wpt><wpt lat="34.7580994" lon="-118.3290522"><name>1285</name></wpt><wpt lat="34.7578515" lon="-118.3290557"><name>1286</name></wpt><wpt lat="34.7578018" lon="-118.3290534"><name>1287</name></wpt><wpt lat="34.7577033" lon="-118.3290533"><name>1288</name></wpt><wpt lat="34.7576044" lon="-118.3290497"><name>1289</name></wpt><wpt lat="34.7575061" lon="-118.3290435"><name>1290</name></wpt><wpt lat="34.7573611" lon="-118.3290249"><name>1291</name></wpt><wpt lat="34.7573141" lon="-118.3290185"><name>1292</name></wpt><wpt lat="34.7572676" lon="-118.3290123"><name>1293</name></wpt><wpt lat="34.7572217" lon="-118.3290062"><name>1294</name></wpt><wpt lat="34.7571766" lon="-118.3290005"><name>1295</name></wpt><wpt lat="34.757133" lon="-118.3289961"><name>1296</name></wpt><wpt lat="34.7570915" lon="-118.3289921"><name>1297</name></wpt><wpt lat="34.7570506" lon="-118.3289865"><name>1298</name></wpt><wpt lat="34.7570101" lon="-118.3289823"><name>1299</name></wpt><wpt lat="34.7569712" lon="-118.328982"><name>1300</name></wpt><wpt lat="34.7569328" lon="-118.3289818"><name>1301</name></wpt><wpt lat="34.7568931" lon="-118.3289784"><name>1302</name></wpt><wpt lat="34.7568522" lon="-118.3289739"><name>1303</name></wpt><wpt lat="34.7568103" lon="-118.3289692"><name>1304</name></wpt><wpt lat="34.7567684" lon="-118.3289659"><name>1305</name></wpt><wpt lat="34.7567274" lon="-118.3289638"><name>1306</name></wpt><wpt lat="34.7566863" lon="-118.3289609"><name>1307</name></wpt><wpt lat="34.7566452" lon="-118.328958"><name>1308</name></wpt><wpt lat="34.756604" lon="-118.3289559"><name>1309</name></wpt><wpt lat="34.7565636" lon="-118.3289546"><name>1310</name></wpt><wpt lat="34.7565237" lon="-118.3289532"><name>1311</name></wpt><wpt lat="34.7564842" lon="-118.3289516"><name>1312</name></wpt><wpt lat="34.7564454" lon="-118.32895"><name>1313</name></wpt><wpt lat="34.7564071" lon="-118.3289484"><name>1314</name></wpt><wpt lat="34.756369" lon="-118.3289456"><name>1315</name></wpt><wpt lat="34.7563302" lon="-118.3289427"><name>1316</name></wpt><wpt lat="34.756292" lon="-118.3289415"><name>1317</name></wpt><wpt lat="34.7562546" lon="-118.3289406"><name>1318</name></wpt><wpt lat="34.7562172" lon="-118.3289399"><name>1319</name></wpt><wpt lat="34.7561802" lon="-118.3289401"><name>1320</name></wpt><wpt lat="34.7561435" lon="-118.3289389"><name>1321</name></wpt><wpt lat="34.7561066" lon="-118.3289375"><name>1322</name></wpt><wpt lat="34.7560684" lon="-118.3289361"><name>1323</name></wpt><wpt lat="34.7560302" lon="-118.3289342"><name>1324</name></wpt><wpt lat="34.7559923" lon="-118.3289313"><name>1325</name></wpt><wpt lat="34.7559548" lon="-118.3289276"><name>1326</name></wpt><wpt lat="34.7559191" lon="-118.3289257"><name>1327</name></wpt><wpt lat="34.7558844" lon="-118.328923"><name>1328</name></wpt><wpt lat="34.75585" lon="-118.3289186"><name>1329</name></wpt><wpt lat="34.7558159" lon="-118.328914"><name>1330</name></wpt><wpt lat="34.7557991" lon="-118.3289118"><name>1331</name></wpt><wpt lat="34.7557664" lon="-118.3289072"><name>1332</name></wpt><wpt lat="34.7557346" lon="-118.3289023"><name>1333</name></wpt><wpt lat="34.7557033" lon="-118.3288973"><name>1334</name></wpt><wpt lat="34.7556726" lon="-118.3288931"><name>1335</name></wpt><wpt lat="34.7556425" lon="-118.3288891"><name>1336</name></wpt><wpt lat="34.7556129" lon="-118.3288854"><name>1337</name></wpt><wpt lat="34.7555839" lon="-118.3288821"><name>1338</name></wpt><wpt lat="34.7555553" lon="-118.3288791"><name>1339</name></wpt><wpt lat="34.7555271" lon="-118.3288776"><name>1340</name></wpt><wpt lat="34.7554984" lon="-118.3288755"><name>1341</name></wpt><wpt lat="34.755469" lon="-118.3288725"><name>1342</name></wpt><wpt lat="34.7554399" lon="-118.3288702"><name>1343</name></wpt><wpt lat="34.7554114" lon="-118.3288689"><name>1344</name></wpt><wpt lat="34.7553833" lon="-118.3288678"><name>1345</name></wpt><wpt lat="34.7553553" lon="-118.3288668"><name>1346</name></wpt><wpt lat="34.7553278" lon="-118.3288652"><name>1347</name></wpt><wpt lat="34.7553005" lon="-118.3288634"><name>1348</name></wpt><wpt lat="34.7552737" lon="-118.328862"><name>1349</name></wpt><wpt lat="34.7552468" lon="-118.3288608"><name>1350</name></wpt><wpt lat="34.7552198" lon="-118.3288606"><name>1351</name></wpt><wpt lat="34.7551925" lon="-118.3288597"><name>1352</name></wpt><wpt lat="34.7551648" lon="-118.3288576"><name>1353</name></wpt><wpt lat="34.7551368" lon="-118.3288563"><name>1354</name></wpt><wpt lat="34.7551088" lon="-118.3288564"><name>1355</name></wpt><wpt lat="34.7550809" lon="-118.3288572"><name>1356</name></wpt><wpt lat="34.7550526" lon="-118.3288568"><name>1357</name></wpt><wpt lat="34.7550241" lon="-118.3288574"><name>1358</name></wpt><wpt lat="34.7549973" lon="-118.3288605"><name>1359</name></wpt><wpt lat="34.7549713" lon="-118.3288639"><name>1360</name></wpt><wpt lat="34.7549451" lon="-118.3288662"><name>1361</name></wpt><wpt lat="34.7549185" lon="-118.3288683"><name>1362</name></wpt><wpt lat="34.7548908" lon="-118.3288709"><name>1363</name></wpt><wpt lat="34.754862" lon="-118.3288736"><name>1364</name></wpt><wpt lat="34.7548323" lon="-118.328876"><name>1365</name></wpt><wpt lat="34.7548012" lon="-118.3288781"><name>1366</name></wpt><wpt lat="34.7547682" lon="-118.3288784"><name>1367</name></wpt><wpt lat="34.7547337" lon="-118.3288768"><name>1368</name></wpt><wpt lat="34.7546984" lon="-118.3288743"><name>1369</name></wpt><wpt lat="34.754662" lon="-118.3288708"><name>1370</name></wpt><wpt lat="34.7546246" lon="-118.3288669"><name>1371</name></wpt><wpt lat="34.7545864" lon="-118.328863"><name>1372</name></wpt><wpt lat="34.754548" lon="-118.3288595"><name>1373</name></wpt><wpt lat="34.754509" lon="-118.3288552"><name>1374</name></wpt><wpt lat="34.7544691" lon="-118.3288504"><name>1375</name></wpt><wpt lat="34.7544294" lon="-118.3288441"><name>1376</name></wpt><wpt lat="34.7543906" lon="-118.328837"><name>1377</name></wpt><wpt lat="34.7543518" lon="-118.3288318"><name>1378</name></wpt><wpt lat="34.7543142" lon="-118.3288275"><name>1379</name></wpt><wpt lat="34.7542769" lon="-118.3288224"><name>1380</name></wpt><wpt lat="34.75424" lon="-118.3288161"><name>1381</name></wpt><wpt lat="34.7542037" lon="-118.328811"><name>1382</name></wpt><wpt lat="34.7541678" lon="-118.3288069"><name>1383</name></wpt><wpt lat="34.7541325" lon="-118.3288031"><name>1384</name></wpt><wpt lat="34.7540979" lon="-118.3287998"><name>1385</name></wpt><wpt lat="34.7540639" lon="-118.3287965"><name>1386</name></wpt><wpt lat="34.7540307" lon="-118.3287938"><name>1387</name></wpt><wpt lat="34.7539978" lon="-118.3287917"><name>1388</name></wpt><wpt lat="34.7539652" lon="-118.3287893"><name>1389</name></wpt><wpt lat="34.7539329" lon="-118.3287871"><name>1390</name></wpt><wpt lat="34.7539014" lon="-118.3287857"><name>1391</name></wpt><wpt lat="34.7538703" lon="-118.3287851"><name>1392</name></wpt><wpt lat="34.7538395" lon="-118.3287847"><name>1393</name></wpt><wpt lat="34.7538081" lon="-118.3287834"><name>1394</name></wpt><wpt lat="34.7533995" lon="-118.3287945"><name>1395</name></wpt><wpt lat="34.7532301" lon="-118.3287715"><name>1396</name></wpt><wpt lat="34.7530601" lon="-118.3287428"><name>1397</name></wpt><wpt lat="34.752876" lon="-118.3287166"><name>1398</name></wpt><wpt lat="34.7526944" lon="-118.3286951"><name>1399</name></wpt><wpt lat="34.7525322" lon="-118.3286719"><name>1400</name></wpt><wpt lat="34.7523903" lon="-118.3286537"><name>1401</name></wpt><wpt lat="34.7522494" lon="-118.3286473"><name>1402</name></wpt><wpt lat="34.7522185" lon="-118.3286455"><name>1403</name></wpt><wpt lat="34.7521875" lon="-118.3286457"><name>1404</name></wpt><wpt lat="34.7521559" lon="-118.3286475"><name>1405</name></wpt><wpt lat="34.7521232" lon="-118.3286493"><name>1406</name></wpt><wpt lat="34.7520901" lon="-118.3286503"><name>1407</name></wpt><wpt lat="34.7520569" lon="-118.3286507"><name>1408</name></wpt><wpt lat="34.7520231" lon="-118.3286516"><name>1409</name></wpt><wpt lat="34.7519885" lon="-118.3286542"><name>1410</name></wpt><wpt lat="34.7519535" lon="-118.3286553"><name>1411</name></wpt><wpt lat="34.751918" lon="-118.3286547"><name>1412</name></wpt><wpt lat="34.7518825" lon="-118.3286533"><name>1413</name></wpt><wpt lat="34.7518473" lon="-118.3286514"><name>1414</name></wpt><wpt lat="34.7518115" lon="-118.3286497"><name>1415</name></wpt><wpt lat="34.7517754" lon="-118.328647"><name>1416</name></wpt><wpt lat="34.7517393" lon="-118.328644"><name>1417</name></wpt><wpt lat="34.7517024" lon="-118.3286396"><name>1418</name></wpt><wpt lat="34.7516837" lon="-118.3286375"><name>1419</name></wpt><wpt lat="34.7516467" lon="-118.3286333"><name>1420</name></wpt><wpt lat="34.7514632" lon="-118.3286163"><name>1421</name></wpt><wpt lat="34.7512901" lon="-118.3286042"><name>1422</name></wpt><wpt lat="34.751124" lon="-118.3285916"><name>1423</name></wpt><wpt lat="34.750956" lon="-118.3285816"><name>1424</name></wpt><wpt lat="34.7507872" lon="-118.3285733"><name>1425</name></wpt><wpt lat="34.7506114" lon="-118.3285622"><name>1426</name></wpt><wpt lat="34.7504318" lon="-118.3285598"><name>1427</name></wpt><wpt lat="34.7502504" lon="-118.3285426"><name>1428</name></wpt><wpt lat="34.7500685" lon="-118.3285293"><name>1429</name></wpt><wpt lat="34.7498925" lon="-118.3285134"><name>1430</name></wpt><wpt lat="34.7497267" lon="-118.3284942"><name>1431</name></wpt><wpt lat="34.7495662" lon="-118.328474"><name>1432</name></wpt><wpt lat="34.7494732" lon="-118.328464"><name>1433</name></wpt><wpt lat="34.7494424" lon="-118.3284613"><name>1434</name></wpt><wpt lat="34.7494122" lon="-118.3284595"><name>1435</name></wpt><wpt lat="34.7493824" lon="-118.3284572"><name>1436</name></wpt><wpt lat="34.7493525" lon="-118.3284539"><name>1437</name></wpt><wpt lat="34.7493232" lon="-118.3284529"><name>1438</name></wpt><wpt lat="34.7492959" lon="-118.3284574"><name>1439</name></wpt><wpt lat="34.7492703" lon="-118.3284653"><name>1440</name></wpt><wpt lat="34.7492461" lon="-118.3284774"><name>1441</name></wpt><wpt lat="34.7492249" lon="-118.3284946"><name>1442</name></wpt><wpt lat="34.7492051" lon="-118.3285143"><name>1443</name></wpt><wpt lat="34.7491874" lon="-118.3285367"><name>1444</name></wpt><wpt lat="34.7491731" lon="-118.3285634"><name>1445</name></wpt><wpt lat="34.7491632" lon="-118.3285941"><name>1446</name></wpt><wpt lat="34.7491553" lon="-118.3286259"><name>1447</name></wpt><wpt lat="34.7491501" lon="-118.3286599"><name>1448</name></wpt><wpt lat="34.7491502" lon="-118.3286966"><name>1449</name></wpt><wpt lat="34.7491536" lon="-118.3287345"><name>1450</name></wpt><wpt lat="34.7491604" lon="-118.3287739"><name>1451</name></wpt><wpt lat="34.7491713" lon="-118.3288153"><name>1452</name></wpt><wpt lat="34.7491852" lon="-118.3288578"><name>1453</name></wpt><wpt lat="34.7492037" lon="-118.3289012"><name>1454</name></wpt><wpt lat="34.749227" lon="-118.3289453"><name>1455</name></wpt><wpt lat="34.7492542" lon="-118.328989"><name>1456</name></wpt><wpt lat="34.7492855" lon="-118.3290322"><name>1457</name></wpt><wpt lat="34.74932" lon="-118.3290744"><name>1458</name></wpt><wpt lat="34.7493582" lon="-118.3291152"><name>1459</name></wpt><wpt lat="34.7493983" lon="-118.3291551"><name>1460</name></wpt><wpt lat="34.7494396" lon="-118.3291942"><name>1461</name></wpt><wpt lat="34.7494834" lon="-118.3292324"><name>1462</name></wpt><wpt lat="34.7495284" lon="-118.32927"><name>1463</name></wpt><wpt lat="34.7495732" lon="-118.3293071"><name>1464</name></wpt><wpt lat="34.7496202" lon="-118.3293425"><name>1465</name></wpt><wpt lat="34.7496671" lon="-118.3293777"><name>1466</name></wpt><wpt lat="34.7497148" lon="-118.3294122"><name>1467</name></wpt><wpt lat="34.7497624" lon="-118.329446"><name>1468</name></wpt><wpt lat="34.7498091" lon="-118.3294803"><name>1469</name></wpt><wpt lat="34.7498553" lon="-118.3295151"><name>1470</name></wpt><wpt lat="34.7499005" lon="-118.329552"><name>1471</name></wpt><wpt lat="34.7499451" lon="-118.3295902"><name>1472</name></wpt><wpt lat="34.7499889" lon="-118.3296287"><name>1473</name></wpt><wpt lat="34.7500332" lon="-118.329668"><name>1474</name></wpt><wpt lat="34.7500784" lon="-118.3297076"><name>1475</name></wpt><wpt lat="34.7501236" lon="-118.329748"><name>1476</name></wpt><wpt lat="34.7501687" lon="-118.3297892"><name>1477</name></wpt><wpt lat="34.7502137" lon="-118.3298309"><name>1478</name></wpt><wpt lat="34.7502574" lon="-118.3298723"><name>1479</name></wpt><wpt lat="34.7502998" lon="-118.3299145"><name>1480</name></wpt><wpt lat="34.7503419" lon="-118.3299579"><name>1481</name></wpt><wpt lat="34.7503829" lon="-118.3300022"><name>1482</name></wpt><wpt lat="34.7504236" lon="-118.3300477"><name>1483</name></wpt><wpt lat="34.7504625" lon="-118.3300934"><name>1484</name></wpt><wpt lat="34.7505014" lon="-118.3301389"><name>1485</name></wpt><wpt lat="34.7505391" lon="-118.330184"><name>1486</name></wpt><wpt lat="34.7505744" lon="-118.3302291"><name>1487</name></wpt><wpt lat="34.7506093" lon="-118.3302741"><name>1488</name></wpt><wpt lat="34.7506437" lon="-118.3303182"><name>1489</name></wpt><wpt lat="34.7506764" lon="-118.3303621"><name>1490</name></wpt><wpt lat="34.7507091" lon="-118.330405"><name>1491</name></wpt><wpt lat="34.7507415" lon="-118.3304464"><name>1492</name></wpt><wpt lat="34.7507723" lon="-118.3304862"><name>1493</name></wpt><wpt lat="34.7508022" lon="-118.3305246"><name>1494</name></wpt><wpt lat="34.7508318" lon="-118.330562"><name>1495</name></wpt><wpt lat="34.7508603" lon="-118.3305988"><name>1496</name></wpt><wpt lat="34.7508746" lon="-118.3306173"><name>1497</name></wpt><wpt lat="34.7509033" lon="-118.3306543"><name>1498</name></wpt><wpt lat="34.7509313" lon="-118.3306914"><name>1499</name></wpt><wpt lat="34.7509594" lon="-118.3307289"><name>1500</name></wpt><wpt lat="34.7509874" lon="-118.330767"><name>1501</name></wpt><wpt lat="34.7510148" lon="-118.330805"><name>1502</name></wpt><wpt lat="34.7510441" lon="-118.3308427"><name>1503</name></wpt><wpt lat="34.751072" lon="-118.3308804"><name>1504</name></wpt><wpt lat="34.7510993" lon="-118.3309188"><name>1505</name></wpt><wpt lat="34.7511274" lon="-118.3309571"><name>1506</name></wpt><wpt lat="34.7511563" lon="-118.3309952"><name>1507</name></wpt><wpt lat="34.7511852" lon="-118.3310327"><name>1508</name></wpt><wpt lat="34.7512153" lon="-118.3310698"><name>1509</name></wpt><wpt lat="34.7512454" lon="-118.3311069"><name>1510</name></wpt><wpt lat="34.7512759" lon="-118.3311442"><name>1511</name></wpt><wpt lat="34.7513081" lon="-118.3311816"><name>1512</name></wpt><wpt lat="34.7513408" lon="-118.3312179"><name>1513</name></wpt><wpt lat="34.7513723" lon="-118.3312538"><name>1514</name></wpt><wpt lat="34.751404" lon="-118.33129"><name>1515</name></wpt><wpt lat="34.7514374" lon="-118.3313262"><name>1516</name></wpt><wpt lat="34.7514689" lon="-118.3313612"><name>1517</name></wpt><wpt lat="34.7515005" lon="-118.3313971"><name>1518</name></wpt><wpt lat="34.7515336" lon="-118.3314329"><name>1519</name></wpt><wpt lat="34.7515669" lon="-118.3314692"><name>1520</name></wpt><wpt lat="34.7515981" lon="-118.3315062"><name>1521</name></wpt><wpt lat="34.7516283" lon="-118.3315444"><name>1522</name></wpt><wpt lat="34.7516599" lon="-118.3315829"><name>1523</name></wpt><wpt lat="34.7516909" lon="-118.3316214"><name>1524</name></wpt><wpt lat="34.7517202" lon="-118.3316589"><name>1525</name></wpt><wpt lat="34.7517482" lon="-118.3316964"><name>1526</name></wpt><wpt lat="34.7517754" lon="-118.3317336"><name>1527</name></wpt><wpt lat="34.7518019" lon="-118.3317711"><name>1528</name></wpt><wpt lat="34.7518278" lon="-118.3318084"><name>1529</name></wpt><wpt lat="34.7518521" lon="-118.3318461"><name>1530</name></wpt><wpt lat="34.751876" lon="-118.3318845"><name>1531</name></wpt><wpt lat="34.7519011" lon="-118.3319226"><name>1532</name></wpt><wpt lat="34.7519261" lon="-118.3319611"><name>1533</name></wpt><wpt lat="34.7519506" lon="-118.3319995"><name>1534</name></wpt><wpt lat="34.7519749" lon="-118.3320381"><name>1535</name></wpt><wpt lat="34.7519994" lon="-118.3320766"><name>1536</name></wpt><wpt lat="34.7520239" lon="-118.3321147"><name>1537</name></wpt><wpt lat="34.7520491" lon="-118.3321523"><name>1538</name></wpt><wpt lat="34.7520745" lon="-118.3321886"><name>1539</name></wpt><wpt lat="34.7520998" lon="-118.3322234"><name>1540</name></wpt><wpt lat="34.7521251" lon="-118.3322577"><name>1541</name></wpt><wpt lat="34.7521484" lon="-118.3322911"><name>1542</name></wpt><wpt lat="34.7521713" lon="-118.3323238"><name>1543</name></wpt><wpt lat="34.7521946" lon="-118.3323564"><name>1544</name></wpt><wpt lat="34.7522174" lon="-118.3323883"><name>1545</name></wpt><wpt lat="34.7522392" lon="-118.3324202"><name>1546</name></wpt><wpt lat="34.7522597" lon="-118.3324518"><name>1547</name></wpt><wpt lat="34.7522787" lon="-118.3324835"><name>1548</name></wpt><wpt lat="34.7522963" lon="-118.3325148"><name>1549</name></wpt><wpt lat="34.7523113" lon="-118.3325453"><name>1550</name></wpt><wpt lat="34.7523236" lon="-118.3325754"><name>1551</name></wpt><wpt lat="34.7523331" lon="-118.332605"><name>1552</name></wpt><wpt lat="34.75234" lon="-118.3326337"><name>1553</name></wpt><wpt lat="34.7523445" lon="-118.3326619"><name>1554</name></wpt><wpt lat="34.752347" lon="-118.33269"><name>1555</name></wpt><wpt lat="34.752348" lon="-118.3327186"><name>1556</name></wpt><wpt lat="34.752347" lon="-118.3327468"><name>1557</name></wpt><wpt lat="34.752345" lon="-118.3327747"><name>1558</name></wpt><wpt lat="34.752342" lon="-118.3328027"><name>1559</name></wpt><wpt lat="34.7523381" lon="-118.3328305"><name>1560</name></wpt><wpt lat="34.7523363" lon="-118.3328444"><name>1561</name></wpt><wpt lat="34.7527046" lon="-118.3340082"><name>1562</name></wpt><wpt lat="34.7530477" lon="-118.3340982"><name>1563</name></wpt><wpt lat="34.7534701" lon="-118.3339464"><name>1564</name></wpt><wpt lat="34.7538049" lon="-118.3335255"><name>1565</name></wpt><wpt lat="34.7538811" lon="-118.3329775"><name>1566</name></wpt><wpt lat="34.7537244" lon="-118.332534"><name>1567</name></wpt><wpt lat="34.752689" lon="-118.3323679"><name>1568</name></wpt><wpt lat="34.7525531" lon="-118.3324783"><name>1569</name></wpt><wpt lat="34.752432" lon="-118.3326151"><name>1570</name></wpt><wpt lat="34.7523391" lon="-118.3327972"><name>1571</name></wpt><wpt lat="34.7522886" lon="-118.3330137"><name>1572</name></wpt><wpt lat="34.7522915" lon="-118.3332824"><name>1573</name></wpt><wpt lat="34.7523728" lon="-118.3335567"><name>1574</name></wpt><wpt lat="34.7525392" lon="-118.3338043"><name>1575</name></wpt><wpt lat="34.7528673" lon="-118.3340012"><name>1576</name></wpt><wpt lat="34.7529341" lon="-118.3340173"><name>1577</name></wpt><wpt lat="34.7530038" lon="-118.3340274"><name>1578</name></wpt><wpt lat="34.753077" lon="-118.3340297"><name>1579</name></wpt><wpt lat="34.7532317" lon="-118.3340034"><name>1580</name></wpt><wpt lat="34.753311" lon="-118.3339746"><name>1581</name></wpt><wpt lat="34.7533902" lon="-118.333933"><name>1582</name></wpt><wpt lat="34.753466" lon="-118.333876"><name>1583</name></wpt><wpt lat="34.7536607" lon="-118.3336486"><name>1584</name></wpt><wpt lat="34.75374" lon="-118.3334595"><name>1585</name></wpt><wpt lat="34.7537758" lon="-118.3332678"><name>1586</name></wpt><wpt lat="34.7537788" lon="-118.3331766"><name>1587</name></wpt><wpt lat="34.7537754" lon="-118.3330897"><name>1588</name></wpt><wpt lat="34.7537654" lon="-118.3330074"><name>1589</name></wpt><wpt lat="34.7537289" lon="-118.3328588"><name>1590</name></wpt><wpt lat="34.7537037" lon="-118.332793"><name>1591</name></wpt><wpt lat="34.7536454" lon="-118.3326752"><name>1592</name></wpt><wpt lat="34.752931" lon="-118.3323148"><name>1593</name></wpt><wpt lat="34.7528338" lon="-118.332353"><name>1594</name></wpt><wpt lat="34.752748" lon="-118.3323919"><name>1595</name></wpt><wpt lat="34.7526696" lon="-118.3324231"><name>1596</name></wpt><wpt lat="34.7523361" lon="-118.3332868"><name>1597</name></wpt><wpt lat="34.7523381" lon="-118.333301"><name>1598</name></wpt><wpt lat="34.7523407" lon="-118.3333148"><name>1599</name></wpt><wpt lat="34.7523431" lon="-118.333328"><name>1600</name></wpt><wpt lat="34.752345" lon="-118.3333414"><name>1601</name></wpt><wpt lat="34.7523474" lon="-118.3333558"><name>1602</name></wpt><wpt lat="34.7523497" lon="-118.3333711"><name>1603</name></wpt><wpt lat="34.752352" lon="-118.3333876"><name>1604</name></wpt><wpt lat="34.752354" lon="-118.3334043"><name>1605</name></wpt><wpt lat="34.7523557" lon="-118.3334223"><name>1606</name></wpt><wpt lat="34.7523582" lon="-118.3334411"><name>1607</name></wpt><wpt lat="34.7523618" lon="-118.3334613"><name>1608</name></wpt><wpt lat="34.7523655" lon="-118.3334819"><name>1609</name></wpt><wpt lat="34.7523696" lon="-118.3335031"><name>1610</name></wpt><wpt lat="34.7523743" lon="-118.3335258"><name>1611</name></wpt><wpt lat="34.7523786" lon="-118.3335492"><name>1612</name></wpt><wpt lat="34.7523845" lon="-118.3335733"><name>1613</name></wpt><wpt lat="34.7523937" lon="-118.3335971"><name>1614</name></wpt><wpt lat="34.7524059" lon="-118.3336204"><name>1615</name></wpt><wpt lat="34.7524191" lon="-118.3336428"><name>1616</name></wpt><wpt lat="34.7524336" lon="-118.3336653"><name>1617</name></wpt><wpt lat="34.7524501" lon="-118.3336879"><name>1618</name></wpt><wpt lat="34.7524687" lon="-118.3337111"><name>1619</name></wpt><wpt lat="34.7524886" lon="-118.3337343"><name>1620</name></wpt><wpt lat="34.7525093" lon="-118.3337576"><name>1621</name></wpt><wpt lat="34.7525309" lon="-118.3337819"><name>1622</name></wpt><wpt lat="34.7525551" lon="-118.3338062"><name>1623</name></wpt><wpt lat="34.7525827" lon="-118.33383"><name>1624</name></wpt><wpt lat="34.752611" lon="-118.3338532"><name>1625</name></wpt><wpt lat="34.7526418" lon="-118.3338755"><name>1626</name></wpt><wpt lat="34.752674" lon="-118.333898"><name>1627</name></wpt><wpt lat="34.7527083" lon="-118.33392"><name>1628</name></wpt><wpt lat="34.7527458" lon="-118.3339408"><name>1629</name></wpt><wpt lat="34.7527844" lon="-118.3339608"><name>1630</name></wpt><wpt lat="34.7528238" lon="-118.3339811"><name>1631</name></wpt><wpt lat="34.7528671" lon="-118.3340011"><name>1632</name></wpt><wpt lat="34.7529159" lon="-118.334019"><name>1633</name></wpt><wpt lat="34.7529695" lon="-118.3340338"><name>1634</name></wpt><wpt lat="34.7530282" lon="-118.3340452"><name>1635</name></wpt><wpt lat="34.7530919" lon="-118.3340524"><name>1636</name></wpt><wpt lat="34.7532346" lon="-118.3340394"><name>1637</name></wpt><wpt lat="34.7533114" lon="-118.3340105"><name>1638</name></wpt><wpt lat="34.7533876" lon="-118.3339672"><name>1639</name></wpt><wpt lat="34.75346" lon="-118.3339121"><name>1640</name></wpt><wpt lat="34.7535271" lon="-118.3338456"><name>1641</name></wpt><wpt lat="34.753588" lon="-118.3337704"><name>1642</name></wpt><wpt lat="34.7536415" lon="-118.3336876"><name>1643</name></wpt><wpt lat="34.7536872" lon="-118.3335988"><name>1644</name></wpt><wpt lat="34.7537235" lon="-118.3335051"><name>1645</name></wpt><wpt lat="34.7537473" lon="-118.333409"><name>1646</name></wpt><wpt lat="34.7537588" lon="-118.3333144"><name>1647</name></wpt><wpt lat="34.7537609" lon="-118.3332242"><name>1648</name></wpt><wpt lat="34.7537556" lon="-118.3331393"><name>1649</name></wpt><wpt lat="34.7537455" lon="-118.3330599"><name>1650</name></wpt><wpt lat="34.7537288" lon="-118.3329878"><name>1651</name></wpt><wpt lat="34.7537074" lon="-118.3329221"><name>1652</name></wpt><wpt lat="34.7536835" lon="-118.3328603"><name>1653</name></wpt><wpt lat="34.7536634" lon="-118.3327967"><name>1654</name></wpt><wpt lat="34.753638" lon="-118.332741"><name>1655</name></wpt><wpt lat="34.7536079" lon="-118.3326949"><name>1656</name></wpt><wpt lat="34.7535766" lon="-118.3326539"><name>1657</name></wpt><wpt lat="34.7535439" lon="-118.3326154"><name>1658</name></wpt><wpt lat="34.7534946" lon="-118.3325609"><name>1659</name></wpt><wpt lat="34.7534612" lon="-118.3325286"><name>1660</name></wpt><wpt lat="34.7534282" lon="-118.3324986"><name>1661</name></wpt><wpt lat="34.7533956" lon="-118.3324709"><name>1662</name></wpt><wpt lat="34.7533631" lon="-118.3324447"><name>1663</name></wpt><wpt lat="34.7533309" lon="-118.3324229"><name>1664</name></wpt><wpt lat="34.7532998" lon="-118.3324056"><name>1665</name></wpt><wpt lat="34.7532697" lon="-118.33239"><name>1666</name></wpt><wpt lat="34.7532404" lon="-118.3323752"><name>1667</name></wpt><wpt lat="34.7532123" lon="-118.3323624"><name>1668</name></wpt><wpt lat="34.7531846" lon="-118.3323513"><name>1669</name></wpt><wpt lat="34.7531574" lon="-118.3323414"><name>1670</name></wpt><wpt lat="34.7531065" lon="-118.3323251"><name>1671</name></wpt><wpt lat="34.7530831" lon="-118.3323188"><name>1672</name></wpt><wpt lat="34.7530612" lon="-118.3323154"><name>1673</name></wpt><wpt lat="34.7530407" lon="-118.3323131"><name>1674</name></wpt><wpt lat="34.7530203" lon="-118.3323107"><name>1675</name></wpt><wpt lat="34.7529998" lon="-118.3323084"><name>1676</name></wpt><wpt lat="34.7529796" lon="-118.3323071"><name>1677</name></wpt><wpt lat="34.7529603" lon="-118.3323073"><name>1678</name></wpt><wpt lat="34.752942" lon="-118.332309"><name>1679</name></wpt><wpt lat="34.7529245" lon="-118.3323118"><name>1680</name></wpt><wpt lat="34.7529074" lon="-118.3323146"><name>1681</name></wpt><wpt lat="34.7528913" lon="-118.3323177"><name>1682</name></wpt><wpt lat="34.7528767" lon="-118.3323219"><name>1683</name></wpt><wpt lat="34.7528631" lon="-118.332327"><name>1684</name></wpt><wpt lat="34.75285" lon="-118.3323314"><name>1685</name></wpt><wpt lat="34.7528373" lon="-118.3323355"><name>1686</name></wpt><wpt lat="34.7528251" lon="-118.3323396"><name>1687</name></wpt><wpt lat="34.7528131" lon="-118.332343"><name>1688</name></wpt><wpt lat="34.7528016" lon="-118.332346"><name>1689</name></wpt><wpt lat="34.752791" lon="-118.3323495"><name>1690</name></wpt><wpt lat="34.7527814" lon="-118.3323542"><name>1691</name></wpt><wpt lat="34.752773" lon="-118.3323601"><name>1692</name></wpt><wpt lat="34.752765" lon="-118.3323661"><name>1693</name></wpt><wpt lat="34.7527576" lon="-118.3323719"><name>1694</name></wpt><wpt lat="34.7527423" lon="-118.3323819"><name>1695</name></wpt><wpt lat="34.752735" lon="-118.3323874"><name>1696</name></wpt><wpt lat="34.7527278" lon="-118.3323922"><name>1697</name></wpt><wpt lat="34.7527207" lon="-118.3323966"><name>1698</name></wpt><wpt lat="34.7527134" lon="-118.3324011"><name>1699</name></wpt><wpt lat="34.7527065" lon="-118.3324062"><name>1700</name></wpt><wpt lat="34.7527009" lon="-118.3324133"><name>1701</name></wpt><wpt lat="34.7526967" lon="-118.3324223"><name>1702</name></wpt><wpt lat="34.7526926" lon="-118.3324319"><name>1703</name></wpt><wpt lat="34.7526886" lon="-118.3324409"><name>1704</name></wpt><wpt lat="34.7526838" lon="-118.332449"><name>1705</name></wpt><wpt lat="34.7526783" lon="-118.3324561"><name>1706</name></wpt><wpt lat="34.7526719" lon="-118.3324619"><name>1707</name></wpt><wpt lat="34.7526654" lon="-118.3324673"><name>1708</name></wpt><wpt lat="34.7526584" lon="-118.3324723"><name>1709</name></wpt><wpt lat="34.7526504" lon="-118.3324761"><name>1710</name></wpt><wpt lat="34.7526414" lon="-118.3324785"><name>1711</name></wpt><wpt lat="34.7526314" lon="-118.3324808"><name>1712</name></wpt><wpt lat="34.7526208" lon="-118.332483"><name>1713</name></wpt><wpt lat="34.7526104" lon="-118.3324847"><name>1714</name></wpt><wpt lat="34.7526004" lon="-118.3324859"><name>1715</name></wpt><wpt lat="34.7525905" lon="-118.3324875"><name>1716</name></wpt><wpt lat="34.7525805" lon="-118.3324895"><name>1717</name></wpt><wpt lat="34.7525711" lon="-118.3324934"><name>1718</name></wpt><wpt lat="34.7525631" lon="-118.332499"><name>1719</name></wpt><wpt lat="34.7525559" lon="-118.3325052"><name>1720</name></wpt><wpt lat="34.7523324" lon="-118.333257"><name>1721</name></wpt><wpt lat="34.752333" lon="-118.3333636"><name>1722</name></wpt><wpt lat="34.752353" lon="-118.3334868"><name>1723</name></wpt><wpt lat="34.7524177" lon="-118.3336409"><name>1724</name></wpt><wpt lat="34.7537851" lon="-118.3331728"><name>1725</name></wpt><wpt lat="34.7537217" lon="-118.3328228"><name>1726</name></wpt><wpt lat="34.7535962" lon="-118.3326066"><name>1727</name></wpt><wpt lat="34.7534429" lon="-118.3324755"><name>1728</name></wpt><wpt lat="34.7532852" lon="-118.3323891"><name>1729</name></wpt><wpt lat="34.7531435" lon="-118.3323402"><name>1730</name></wpt><wpt lat="34.753011" lon="-118.3323187"><name>1731</name></wpt><wpt lat="34.7528798" lon="-118.3323286"><name>1732</name></wpt><wpt lat="34.7527799" lon="-118.3323545"><name>1733</name></wpt><wpt lat="34.7527563" lon="-118.3323632"><name>1734</name></wpt><wpt lat="34.7527334" lon="-118.3323752"><name>1735</name></wpt><wpt lat="34.7527115" lon="-118.3323884"><name>1736</name></wpt><wpt lat="34.7526907" lon="-118.332402"><name>1737</name></wpt><wpt lat="34.7526707" lon="-118.3324154"><name>1738</name></wpt><wpt lat="34.7526506" lon="-118.3324283"><name>1739</name></wpt><wpt lat="34.7526301" lon="-118.3324417"><name>1740</name></wpt><wpt lat="34.7526104" lon="-118.3324563"><name>1741</name></wpt><wpt lat="34.7525919" lon="-118.332473"><name>1742</name></wpt><wpt lat="34.7525743" lon="-118.332491"><name>1743</name></wpt><wpt lat="34.7525576" lon="-118.3325088"><name>1744</name></wpt><wpt lat="34.7525422" lon="-118.3325273"><name>1745</name></wpt><wpt lat="34.7525278" lon="-118.3325472"><name>1746</name></wpt><wpt lat="34.7525147" lon="-118.3325672"><name>1747</name></wpt><wpt lat="34.7525024" lon="-118.3325864"><name>1748</name></wpt><wpt lat="34.7524921" lon="-118.3326068"><name>1749</name></wpt><wpt lat="34.7524849" lon="-118.3326293"><name>1750</name></wpt><wpt lat="34.7524797" lon="-118.332654"><name>1751</name></wpt><wpt lat="34.7524729" lon="-118.3326781"><name>1752</name></wpt><wpt lat="34.7524641" lon="-118.3327014"><name>1753</name></wpt><wpt lat="34.7524536" lon="-118.3327234"><name>1754</name></wpt><wpt lat="34.7524419" lon="-118.3327448"><name>1755</name></wpt><wpt lat="34.7524297" lon="-118.3327663"><name>1756</name></wpt><wpt lat="34.7524178" lon="-118.3327875"><name>1757</name></wpt><wpt lat="34.7524058" lon="-118.3328106"><name>1758</name></wpt><wpt lat="34.7523932" lon="-118.3328345"><name>1759</name></wpt><wpt lat="34.7523795" lon="-118.3328573"><name>1760</name></wpt><wpt lat="34.7523644" lon="-118.3328796"><name>1761</name></wpt><wpt lat="34.7523514" lon="-118.3329031"><name>1762</name></wpt><wpt lat="34.7523408" lon="-118.3329272"><name>1763</name></wpt><wpt lat="34.7523309" lon="-118.3329523"><name>1764</name></wpt><wpt lat="34.7523224" lon="-118.3329789"><name>1765</name></wpt><wpt lat="34.7523178" lon="-118.333008"><name>1766</name></wpt><wpt lat="34.7523152" lon="-118.3330391"><name>1767</name></wpt><wpt lat="34.7523137" lon="-118.3330705"><name>1768</name></wpt><wpt lat="34.7523111" lon="-118.3331017"><name>1769</name></wpt><wpt lat="34.7523091" lon="-118.3331327"><name>1770</name></wpt><wpt lat="34.7523104" lon="-118.3331667"><name>1771</name></wpt><wpt lat="34.7523133" lon="-118.3332013"><name>1772</name></wpt><wpt lat="34.752316" lon="-118.3332358"><name>1773</name></wpt><wpt lat="34.7523198" lon="-118.3332716"><name>1774</name></wpt><wpt lat="34.7523251" lon="-118.3333077"><name>1775</name></wpt><wpt lat="34.7523329" lon="-118.3333455"><name>1776</name></wpt><wpt lat="34.7523418" lon="-118.3333847"><name>1777</name></wpt><wpt lat="34.7523516" lon="-118.3334236"><name>1778</name></wpt><wpt lat="34.7523637" lon="-118.3334627"><name>1779</name></wpt><wpt lat="34.7523768" lon="-118.3335027"><name>1780</name></wpt><wpt lat="34.7523911" lon="-118.333542"><name>1781</name></wpt><wpt lat="34.7524079" lon="-118.3335818"><name>1782</name></wpt><wpt lat="34.7524253" lon="-118.3336213"><name>1783</name></wpt><wpt lat="34.7524452" lon="-118.3336611"><name>1784</name></wpt><wpt lat="34.7524677" lon="-118.3337012"><name>1785</name></wpt><wpt lat="34.7524936" lon="-118.3337418"><name>1786</name></wpt><wpt lat="34.7525243" lon="-118.3337823"><name>1787</name></wpt><wpt lat="34.7525593" lon="-118.3338221"><name>1788</name></wpt><wpt lat="34.7525992" lon="-118.333861"><name>1789</name></wpt><wpt lat="34.7526445" lon="-118.3338979"><name>1790</name></wpt><wpt lat="34.7526956" lon="-118.3339317"><name>1791</name></wpt><wpt lat="34.7527511" lon="-118.3339626"><name>1792</name></wpt><wpt lat="34.7528118" lon="-118.3339898"><name>1793</name></wpt><wpt lat="34.7528779" lon="-118.3340121"><name>1794</name></wpt><wpt lat="34.7529486" lon="-118.3340289"><name>1795</name></wpt><wpt lat="34.7530237" lon="-118.334038"><name>1796</name></wpt><wpt lat="34.7530631" lon="-118.3340386"><name>1797</name></wpt><wpt lat="34.7531448" lon="-118.3340316"><name>1798</name></wpt><wpt lat="34.7532281" lon="-118.3340148"><name>1799</name></wpt><wpt lat="34.7533112" lon="-118.3339899"><name>1800</name></wpt><wpt lat="34.7533925" lon="-118.3339526"><name>1801</name></wpt><wpt lat="34.7534679" lon="-118.3338997"><name>1802</name></wpt><wpt lat="34.7535361" lon="-118.3338347"><name>1803</name></wpt><wpt lat="34.7535945" lon="-118.3337591"><name>1804</name></wpt><wpt lat="34.7536419" lon="-118.3336749"><name>1805</name></wpt><wpt lat="34.7536812" lon="-118.3335867"><name>1806</name></wpt><wpt lat="34.7537113" lon="-118.3334959"><name>1807</name></wpt><wpt lat="34.753732" lon="-118.3334036"><name>1808</name></wpt><wpt lat="34.7537444" lon="-118.3333115"><name>1809</name></wpt><wpt lat="34.7537512" lon="-118.3332209"><name>1810</name></wpt><wpt lat="34.7537488" lon="-118.3331336"><name>1811</name></wpt><wpt lat="34.7537389" lon="-118.3330508"><name>1812</name></wpt><wpt lat="34.7537226" lon="-118.3329749"><name>1813</name></wpt><wpt lat="34.7537023" lon="-118.332906"><name>1814</name></wpt><wpt lat="34.7536799" lon="-118.3328429"><name>1815</name></wpt><wpt lat="34.7536564" lon="-118.3327835"><name>1816</name></wpt><wpt lat="34.7536303" lon="-118.3327309"><name>1817</name></wpt><wpt lat="34.7536027" lon="-118.3326834"><name>1818</name></wpt><wpt lat="34.7535742" lon="-118.3326391"><name>1819</name></wpt><wpt lat="34.7535451" lon="-118.3325979"><name>1820</name></wpt><wpt lat="34.753515" lon="-118.3325614"><name>1821</name></wpt><wpt lat="34.7534846" lon="-118.3325286"><name>1822</name></wpt><wpt lat="34.7534543" lon="-118.3324996"><name>1823</name></wpt><wpt lat="34.7534236" lon="-118.3324747"><name>1824</name></wpt><wpt lat="34.7533934" lon="-118.3324533"><name>1825</name></wpt><wpt lat="34.7533629" lon="-118.3324333"><name>1826</name></wpt><wpt lat="34.7533314" lon="-118.3324141"><name>1827</name></wpt><wpt lat="34.7532991" lon="-118.3323959"><name>1828</name></wpt><wpt lat="34.7532662" lon="-118.3323798"><name>1829</name></wpt><wpt lat="34.7532348" lon="-118.3323649"><name>1830</name></wpt><wpt lat="34.7532045" lon="-118.3323513"><name>1831</name></wpt><wpt lat="34.7531737" lon="-118.3323403"><name>1832</name></wpt><wpt lat="34.7531437" lon="-118.3323325"><name>1833</name></wpt><wpt lat="34.753115" lon="-118.3323267"><name>1834</name></wpt><wpt lat="34.7530878" lon="-118.3323219"><name>1835</name></wpt><wpt lat="34.7530623" lon="-118.332319"><name>1836</name></wpt><wpt lat="34.7530383" lon="-118.3323172"><name>1837</name></wpt><wpt lat="34.7530157" lon="-118.332316"><name>1838</name></wpt><wpt lat="34.7529945" lon="-118.3323155"><name>1839</name></wpt><wpt lat="34.752974" lon="-118.3323164"><name>1840</name></wpt><wpt lat="34.7529546" lon="-118.3323181"><name>1841</name></wpt><wpt lat="34.7529362" lon="-118.3323201"><name>1842</name></wpt><wpt lat="34.7529187" lon="-118.3323236"><name>1843</name></wpt><wpt lat="34.7529011" lon="-118.3323259"><name>1844</name></wpt><wpt lat="34.7528826" lon="-118.3323279"><name>1845</name></wpt><wpt lat="34.7528643" lon="-118.3323308"><name>1846</name></wpt><wpt lat="34.7528479" lon="-118.3323355"><name>1847</name></wpt><wpt lat="34.7528329" lon="-118.3323404"><name>1848</name></wpt><wpt lat="34.7528178" lon="-118.3323443"><name>1849</name></wpt><wpt lat="34.7528033" lon="-118.3323485"><name>1850</name></wpt><wpt lat="34.7527895" lon="-118.3323535"><name>1851</name></wpt><wpt lat="34.7527763" lon="-118.3323588"><name>1852</name></wpt><wpt lat="34.7527632" lon="-118.3323633"><name>1853</name></wpt><wpt lat="34.7527502" lon="-118.332367"><name>1854</name></wpt><wpt lat="34.7527381" lon="-118.3323715"><name>1855</name></wpt><wpt lat="34.7527265" lon="-118.3323764"><name>1856</name></wpt><wpt lat="34.7527148" lon="-118.3323812"><name>1857</name></wpt><wpt lat="34.7527039" lon="-118.332387"><name>1858</name></wpt><wpt lat="34.7526941" lon="-118.3323931"><name>1859</name></wpt><wpt lat="34.7526845" lon="-118.3323997"><name>1860</name></wpt><wpt lat="34.7524718" lon="-118.3326187"><name>1861</name></wpt><wpt lat="34.7524297" lon="-118.3326719"><name>1862</name></wpt><wpt lat="34.7523983" lon="-118.3327419"><name>1863</name></wpt><wpt lat="34.7523734" lon="-118.3328161"><name>1864</name></wpt><wpt lat="34.7523533" lon="-118.3328779"><name>1865</name></wpt><wpt lat="34.7523371" lon="-118.3329455"><name>1866</name></wpt><wpt lat="34.7523201" lon="-118.3330115"><name>1867</name></wpt><wpt lat="34.7523107" lon="-118.3330738"><name>1868</name></wpt><wpt lat="34.7523188" lon="-118.3332625"><name>1869</name></wpt><wpt lat="34.7524889" lon="-118.3337043"><name>1870</name></wpt><wpt lat="34.7525745" lon="-118.3338021"><name>1871</name></wpt><wpt lat="34.7535072" lon="-118.3340702"><name>1872</name></wpt><wpt lat="34.7538759" lon="-118.3341562"><name>1873</name></wpt><wpt lat="34.7539339" lon="-118.334178"><name>1874</name></wpt><wpt lat="34.7539897" lon="-118.3342023"><name>1875</name></wpt><wpt lat="34.7540443" lon="-118.3342282"><name>1876</name></wpt><wpt lat="34.7540971" lon="-118.3342553"><name>1877</name></wpt><wpt lat="34.7541491" lon="-118.3342832"><name>1878</name></wpt><wpt lat="34.7541994" lon="-118.3343128"><name>1879</name></wpt><wpt lat="34.7542496" lon="-118.3343417"><name>1880</name></wpt><wpt lat="34.7542984" lon="-118.3343696"><name>1881</name></wpt><wpt lat="34.7543453" lon="-118.3343984"><name>1882</name></wpt><wpt lat="34.7543902" lon="-118.3344286"><name>1883</name></wpt><wpt lat="34.7544335" lon="-118.3344597"><name>1884</name></wpt><wpt lat="34.7544762" lon="-118.3344904"><name>1885</name></wpt><wpt lat="34.7545167" lon="-118.3345212"><name>1886</name></wpt><wpt lat="34.7545557" lon="-118.334552"><name>1887</name></wpt><wpt lat="34.7545939" lon="-118.3345829"><name>1888</name></wpt><wpt lat="34.7546323" lon="-118.334613"><name>1889</name></wpt><wpt lat="34.7546698" lon="-118.3346414"><name>1890</name></wpt><wpt lat="34.7547065" lon="-118.3346694"><name>1891</name></wpt><wpt lat="34.7547414" lon="-118.3346967"><name>1892</name></wpt><wpt lat="34.7547745" lon="-118.3347238"><name>1893</name></wpt><wpt lat="34.7548055" lon="-118.3347507"><name>1894</name></wpt><wpt lat="34.7548368" lon="-118.3347782"><name>1895</name></wpt><wpt lat="34.7548676" lon="-118.3348058"><name>1896</name></wpt><wpt lat="34.7548963" lon="-118.3348329"><name>1897</name></wpt><wpt lat="34.7549237" lon="-118.3348595"><name>1898</name></wpt><wpt lat="34.7549491" lon="-118.3348865"><name>1899</name></wpt><wpt lat="34.7549729" lon="-118.3349137"><name>1900</name></wpt><wpt lat="34.7549941" lon="-118.3349409"><name>1901</name></wpt><wpt lat="34.7550129" lon="-118.3349678"><name>1902</name></wpt><wpt lat="34.7550278" lon="-118.3349951"><name>1903</name></wpt><wpt lat="34.7550392" lon="-118.3350223"><name>1904</name></wpt><wpt lat="34.7550476" lon="-118.33505"><name>1905</name></wpt><wpt lat="34.7550529" lon="-118.335077"><name>1906</name></wpt><wpt lat="34.755055" lon="-118.3351028"><name>1907</name></wpt><wpt lat="34.7550543" lon="-118.3351292"><name>1908</name></wpt><wpt lat="34.7550527" lon="-118.3351571"><name>1909</name></wpt><wpt lat="34.7550502" lon="-118.3351843"><name>1910</name></wpt><wpt lat="34.7550451" lon="-118.3352102"><name>1911</name></wpt><wpt lat="34.7550383" lon="-118.3352346"><name>1912</name></wpt><wpt lat="34.7550306" lon="-118.3352577"><name>1913</name></wpt><wpt lat="34.7550231" lon="-118.3352797"><name>1914</name></wpt><wpt lat="34.7550154" lon="-118.3353003"><name>1915</name></wpt><wpt lat="34.7550083" lon="-118.3353198"><name>1916</name></wpt><wpt lat="34.7550017" lon="-118.3353391"><name>1917</name></wpt><wpt lat="34.754995" lon="-118.3353571"><name>1918</name></wpt><wpt lat="34.754988" lon="-118.3353746"><name>1919</name></wpt><wpt lat="34.7549824" lon="-118.3353939"><name>1920</name></wpt><wpt lat="34.7549773" lon="-118.3354128"><name>1921</name></wpt><wpt lat="34.7549716" lon="-118.3354305"><name>1922</name></wpt><wpt lat="34.754966" lon="-118.3354491"><name>1923</name></wpt><wpt lat="34.7549613" lon="-118.3354686"><name>1924</name></wpt><wpt lat="34.7549574" lon="-118.3354882"><name>1925</name></wpt><wpt lat="34.7549541" lon="-118.3355083"><name>1926</name></wpt><wpt lat="34.7549502" lon="-118.3355289"><name>1927</name></wpt><wpt lat="34.7549474" lon="-118.335551"><name>1928</name></wpt><wpt lat="34.7549467" lon="-118.3355744"><name>1929</name></wpt><wpt lat="34.7549458" lon="-118.3355971"><name>1930</name></wpt><wpt lat="34.7549439" lon="-118.3356188"><name>1931</name></wpt><wpt lat="34.7549433" lon="-118.3356417"><name>1932</name></wpt><wpt lat="34.7549447" lon="-118.3356665"><name>1933</name></wpt><wpt lat="34.7549476" lon="-118.335692"><name>1934</name></wpt><wpt lat="34.7549503" lon="-118.3357169"><name>1935</name></wpt><wpt lat="34.7549514" lon="-118.3357415"><name>1936</name></wpt><wpt lat="34.754952" lon="-118.3357544"><name>1937</name></wpt><wpt lat="34.7549541" lon="-118.3357826"><name>1938</name></wpt><wpt lat="34.7549574" lon="-118.3358129"><name>1939</name></wpt><wpt lat="34.7549617" lon="-118.3358439"><name>1940</name></wpt><wpt lat="34.7549664" lon="-118.3358754"><name>1941</name></wpt><wpt lat="34.7549722" lon="-118.335907"><name>1942</name></wpt><wpt lat="34.7549808" lon="-118.3359392"><name>1943</name></wpt><wpt lat="34.75499" lon="-118.3359713"><name>1944</name></wpt><wpt lat="34.7550015" lon="-118.3360052"><name>1945</name></wpt><wpt lat="34.7550177" lon="-118.3360429"><name>1946</name></wpt><wpt lat="34.7550381" lon="-118.3360824"><name>1947</name></wpt><wpt lat="34.755058" lon="-118.3361223"><name>1948</name></wpt><wpt lat="34.7550823" lon="-118.3361632"><name>1949</name></wpt><wpt lat="34.7551124" lon="-118.336204"><name>1950</name></wpt><wpt lat="34.7551461" lon="-118.3362435"><name>1951</name></wpt><wpt lat="34.7551825" lon="-118.3362814"><name>1952</name></wpt><wpt lat="34.7552232" lon="-118.3363175"><name>1953</name></wpt><wpt lat="34.7552701" lon="-118.33635"><name>1954</name></wpt><wpt lat="34.755323" lon="-118.3363779"><name>1955</name></wpt><wpt lat="34.7553793" lon="-118.3364022"><name>1956</name></wpt><wpt lat="34.7554391" lon="-118.3364221"><name>1957</name></wpt><wpt lat="34.7555028" lon="-118.3364366"><name>1958</name></wpt><wpt lat="34.7555707" lon="-118.3364419"><name>1959</name></wpt><wpt lat="34.7556399" lon="-118.3364407"><name>1960</name></wpt><wpt lat="34.7557107" lon="-118.336433"><name>1961</name></wpt><wpt lat="34.7557822" lon="-118.3364167"><name>1962</name></wpt><wpt lat="34.755854" lon="-118.3363901"><name>1963</name></wpt><wpt lat="34.7559249" lon="-118.3363524"><name>1964</name></wpt><wpt lat="34.7559944" lon="-118.3363085"><name>1965</name></wpt><wpt lat="34.7560621" lon="-118.3362549"><name>1966</name></wpt><wpt lat="34.7561277" lon="-118.3361929"><name>1967</name></wpt><wpt lat="34.7561901" lon="-118.3361196"><name>1968</name></wpt><wpt lat="34.7562479" lon="-118.3360353"><name>1969</name></wpt><wpt lat="34.7562993" lon="-118.3359407"><name>1970</name></wpt><wpt lat="34.7563478" lon="-118.335842"><name>1971</name></wpt><wpt lat="34.7563858" lon="-118.3357366"><name>1972</name></wpt><wpt lat="34.7564091" lon="-118.3356274"><name>1973</name></wpt><wpt lat="34.7564173" lon="-118.3355191"><name>1974</name></wpt><wpt lat="34.7564114" lon="-118.3354168"><name>1975</name></wpt><wpt lat="34.7563937" lon="-118.3353237"><name>1976</name></wpt><wpt lat="34.7563717" lon="-118.3352351"><name>1977</name></wpt><wpt lat="34.7563458" lon="-118.3351517"><name>1978</name></wpt><wpt lat="34.7563148" lon="-118.335077"><name>1979</name></wpt><wpt lat="34.7562803" lon="-118.335011"><name>1980</name></wpt><wpt lat="34.756244" lon="-118.3349496"><name>1981</name></wpt><wpt lat="34.7562058" lon="-118.3348942"><name>1982</name></wpt><wpt lat="34.7561652" lon="-118.3348511"><name>1983</name></wpt><wpt lat="34.7561246" lon="-118.3348139"><name>1984</name></wpt><wpt lat="34.7560844" lon="-118.334781"><name>1985</name></wpt><wpt lat="34.756044" lon="-118.3347525"><name>1986</name></wpt><wpt lat="34.7560042" lon="-118.3347322"><name>1987</name></wpt><wpt lat="34.7559652" lon="-118.3347143"><name>1988</name></wpt><wpt lat="34.7559268" lon="-118.3347"><name>1989</name></wpt><wpt lat="34.7558897" lon="-118.3346894"><name>1990</name></wpt><wpt lat="34.7558527" lon="-118.3346809"><name>1991</name></wpt><wpt lat="34.7558156" lon="-118.3346745"><name>1992</name></wpt><wpt lat="34.7557781" lon="-118.3346692"><name>1993</name></wpt><wpt lat="34.7557407" lon="-118.3346657"><name>1994</name></wpt><wpt lat="34.7557043" lon="-118.3346654"><name>1995</name></wpt><wpt lat="34.7556684" lon="-118.3346645"><name>1996</name></wpt><wpt lat="34.7556003" lon="-118.3346669"><name>1997</name></wpt><wpt lat="34.7555684" lon="-118.3346717"><name>1998</name></wpt><wpt lat="34.7555382" lon="-118.33468"><name>1999</name></wpt><wpt lat="34.7554662" lon="-118.3347041"><name>2000</name></wpt><wpt lat="34.754825" lon="-118.3355723"><name>2001</name></wpt><wpt lat="34.7547711" lon="-118.3356685"><name>2002</name></wpt><wpt lat="34.7544526" lon="-118.3363225"><name>2003</name></wpt><wpt lat="34.7543573" lon="-118.3364164"><name>2004</name></wpt><wpt lat="34.7542434" lon="-118.3364886"><name>2005</name></wpt><wpt lat="34.7540273" lon="-118.3366257"><name>2006</name></wpt><wpt lat="34.7536267" lon="-118.3368968"><name>2007</name></wpt><wpt lat="34.7536038" lon="-118.3369154"><name>2008</name></wpt><wpt lat="34.7535803" lon="-118.336933"><name>2009</name></wpt><wpt lat="34.7535559" lon="-118.3369494"><name>2010</name></wpt><wpt lat="34.7535294" lon="-118.3369628"><name>2011</name></wpt><wpt lat="34.7535015" lon="-118.3369729"><name>2012</name></wpt><wpt lat="34.7534712" lon="-118.3369782"><name>2013</name></wpt><wpt lat="34.7534053" lon="-118.3369758"><name>2014</name></wpt><wpt lat="34.753372" lon="-118.3369697"><name>2015</name></wpt><wpt lat="34.7533389" lon="-118.3369618"><name>2016</name></wpt><wpt lat="34.7533062" lon="-118.3369509"><name>2017</name></wpt><wpt lat="34.75324" lon="-118.336932"><name>2018</name></wpt><wpt lat="34.7532078" lon="-118.33692"><name>2019</name></wpt><wpt lat="34.7531762" lon="-118.3369077"><name>2020</name></wpt><wpt lat="34.7531442" lon="-118.3368966"><name>2021</name></wpt><wpt lat="34.753081" lon="-118.3368777"><name>2022</name></wpt><wpt lat="34.7530496" lon="-118.3368719"><name>2023</name></wpt><wpt lat="34.7530186" lon="-118.3368661"><name>2024</name></wpt><wpt lat="34.7529874" lon="-118.3368607"><name>2025</name></wpt><wpt lat="34.7529555" lon="-118.3368588"><name>2026</name></wpt><wpt lat="34.752924" lon="-118.3368586"><name>2027</name></wpt><wpt lat="34.7528928" lon="-118.336858"><name>2028</name></wpt><wpt lat="34.7528621" lon="-118.3368601"><name>2029</name></wpt><wpt lat="34.7528325" lon="-118.3368644"><name>2030</name></wpt><wpt lat="34.7527754" lon="-118.3368787"><name>2031</name></wpt><wpt lat="34.7527222" lon="-118.3369033"><name>2032</name></wpt><wpt lat="34.752696" lon="-118.336916"><name>2033</name></wpt><wpt lat="34.7523191" lon="-118.3378708"><name>2034</name></wpt><wpt lat="34.7526886" lon="-118.3384439"><name>2035</name></wpt><wpt lat="34.7530053" lon="-118.3385721"><name>2036</name></wpt><wpt lat="34.7534073" lon="-118.3384812"><name>2037</name></wpt><wpt lat="34.7537241" lon="-118.3381084"><name>2038</name></wpt><wpt lat="34.7538153" lon="-118.3376212"><name>2039</name></wpt><wpt lat="34.7534881" lon="-118.3369807"><name>2040</name></wpt><wpt lat="34.7532684" lon="-118.3368607"><name>2041</name></wpt><wpt lat="34.7532248" lon="-118.3368498"><name>2042</name></wpt><wpt lat="34.753182" lon="-118.3368401"><name>2043</name></wpt><wpt lat="34.7530979" lon="-118.3368264"><name>2044</name></wpt><wpt lat="34.7530552" lon="-118.3368251"><name>2045</name></wpt><wpt lat="34.7529717" lon="-118.3368299"><name>2046</name></wpt><wpt lat="34.7529304" lon="-118.3368306"><name>2047</name></wpt><wpt lat="34.7528501" lon="-118.3368415"><name>2048</name></wpt><wpt lat="34.7527813" lon="-118.3368697"><name>2049</name></wpt><wpt lat="34.7527509" lon="-118.3368836"><name>2050</name></wpt><wpt lat="34.7527212" lon="-118.3368994"><name>2051</name></wpt><wpt lat="34.7526955" lon="-118.3369228"><name>2052</name></wpt><wpt lat="34.7526708" lon="-118.336945"><name>2053</name></wpt><wpt lat="34.752645" lon="-118.3369642"><name>2054</name></wpt><wpt lat="34.7526196" lon="-118.3369845"><name>2055</name></wpt><wpt lat="34.7525952" lon="-118.3370051"><name>2056</name></wpt><wpt lat="34.7522827" lon="-118.3375564"><name>2057</name></wpt><wpt lat="34.7523032" lon="-118.3377891"><name>2058</name></wpt><wpt lat="34.7523582" lon="-118.3380393"><name>2059</name></wpt><wpt lat="34.7534964" lon="-118.3384005"><name>2060</name></wpt><wpt lat="34.7536759" lon="-118.3381588"><name>2061</name></wpt><wpt lat="34.7537184" lon="-118.3380655"><name>2062</name></wpt><wpt lat="34.7537506" lon="-118.3379695"><name>2063</name></wpt><wpt lat="34.7537728" lon="-118.3378731"><name>2064</name></wpt><wpt lat="34.7537877" lon="-118.3377769"><name>2065</name></wpt><wpt lat="34.7537924" lon="-118.3376838"><name>2066</name></wpt><wpt lat="34.7537908" lon="-118.3375943"><name>2067</name></wpt><wpt lat="34.7537831" lon="-118.3375088"><name>2068</name></wpt><wpt lat="34.7537667" lon="-118.3374316"><name>2069</name></wpt><wpt lat="34.7537456" lon="-118.3373629"><name>2070</name></wpt><wpt lat="34.7537242" lon="-118.3372982"><name>2071</name></wpt><wpt lat="34.7537043" lon="-118.3372332"><name>2072</name></wpt><wpt lat="34.753687" lon="-118.3371655"><name>2073</name></wpt><wpt lat="34.7536789" lon="-118.3371302"><name>2074</name></wpt><wpt lat="34.7536544" lon="-118.3369821"><name>2075</name></wpt><wpt lat="34.753646" lon="-118.3369076"><name>2076</name></wpt><wpt lat="34.7536351" lon="-118.3367613"><name>2077</name></wpt><wpt lat="34.7536329" lon="-118.3366878"><name>2078</name></wpt><wpt lat="34.753632" lon="-118.336613"><name>2079</name></wpt><wpt lat="34.7536299" lon="-118.3365394"><name>2080</name></wpt><wpt lat="34.7536287" lon="-118.3364677"><name>2081</name></wpt><wpt lat="34.7536288" lon="-118.3363965"><name>2082</name></wpt><wpt lat="34.7536299" lon="-118.3363256"><name>2083</name></wpt><wpt lat="34.7536312" lon="-118.3362542"><name>2084</name></wpt><wpt lat="34.7536311" lon="-118.3361846"><name>2085</name></wpt><wpt lat="34.7536292" lon="-118.3361164"><name>2086</name></wpt><wpt lat="34.7536273" lon="-118.3360486"><name>2087</name></wpt><wpt lat="34.7536263" lon="-118.3359812"><name>2088</name></wpt><wpt lat="34.7536253" lon="-118.3359141"><name>2089</name></wpt><wpt lat="34.7536236" lon="-118.3358489"><name>2090</name></wpt><wpt lat="34.7536225" lon="-118.3357849"><name>2091</name></wpt><wpt lat="34.7536229" lon="-118.3356549"><name>2092</name></wpt><wpt lat="34.7536243" lon="-118.3355874"><name>2093</name></wpt><wpt lat="34.7536289" lon="-118.335518"><name>2094</name></wpt><wpt lat="34.7536369" lon="-118.3354459"><name>2095</name></wpt><wpt lat="34.7536476" lon="-118.3353724"><name>2096</name></wpt><wpt lat="34.7536626" lon="-118.3352957"><name>2097</name></wpt><wpt lat="34.7536825" lon="-118.3352167"><name>2098</name></wpt><wpt lat="34.7537078" lon="-118.3351357"><name>2099</name></wpt><wpt lat="34.7537375" lon="-118.335054"><name>2100</name></wpt><wpt lat="34.7537721" lon="-118.3349729"><name>2101</name></wpt><wpt lat="34.7538097" lon="-118.3348919"><name>2102</name></wpt><wpt lat="34.7538485" lon="-118.3348095"><name>2103</name></wpt><wpt lat="34.7538848" lon="-118.334725"><name>2104</name></wpt><wpt lat="34.7539166" lon="-118.3346381"><name>2105</name></wpt><wpt lat="34.7539446" lon="-118.3345486"><name>2106</name></wpt><wpt lat="34.7539675" lon="-118.3344569"><name>2107</name></wpt><wpt lat="34.7539838" lon="-118.3343647"><name>2108</name></wpt><wpt lat="34.75399" lon="-118.3342744"><name>2109</name></wpt><wpt lat="34.7539869" lon="-118.3341903"><name>2110</name></wpt><wpt lat="34.7539777" lon="-118.3341121"><name>2111</name></wpt><wpt lat="34.7539624" lon="-118.3340401"><name>2112</name></wpt><wpt lat="34.7539431" lon="-118.3339752"><name>2113</name></wpt><wpt lat="34.7539221" lon="-118.3339155"><name>2114</name></wpt><wpt lat="34.7538994" lon="-118.3338603"><name>2115</name></wpt><wpt lat="34.7538749" lon="-118.3338095"><name>2116</name></wpt><wpt lat="34.7538486" lon="-118.3337625"><name>2117</name></wpt><wpt lat="34.7538209" lon="-118.3337191"><name>2118</name></wpt><wpt lat="34.7537918" lon="-118.3336806"><name>2119</name></wpt><wpt lat="34.7537626" lon="-118.333646"><name>2120</name></wpt><wpt lat="34.7537332" lon="-118.3336156"><name>2121</name></wpt><wpt lat="34.7537042" lon="-118.3335921"><name>2122</name></wpt><wpt lat="34.7536762" lon="-118.3335708"><name>2123</name></wpt><wpt lat="34.7536487" lon="-118.3335515"><name>2124</name></wpt><wpt lat="34.753622" lon="-118.3335366"><name>2125</name></wpt><wpt lat="34.7535956" lon="-118.3335246"><name>2126</name></wpt><wpt lat="34.75357" lon="-118.3335151"><name>2127</name></wpt><wpt lat="34.7535451" lon="-118.3335085"><name>2128</name></wpt><wpt lat="34.7535202" lon="-118.3335024"><name>2129</name></wpt><wpt lat="34.7534953" lon="-118.3334977"><name>2130</name></wpt><wpt lat="34.7534701" lon="-118.3334949"><name>2131</name></wpt><wpt lat="34.7534452" lon="-118.333494"><name>2132</name></wpt><wpt lat="34.7534202" lon="-118.3334926"><name>2133</name></wpt><wpt lat="34.7533953" lon="-118.3334914"><name>2134</name></wpt><wpt lat="34.7531493" lon="-118.333545"><name>2135</name></wpt><wpt lat="34.7530583" lon="-118.3335994"><name>2136</name></wpt><wpt lat="34.7529704" lon="-118.3336586"><name>2137</name></wpt><wpt lat="34.7529013" lon="-118.3337369"><name>2138</name></wpt><wpt lat="34.7528505" lon="-118.3338044"><name>2139</name></wpt><wpt lat="34.7528378" lon="-118.3338215"><name>2140</name></wpt><wpt lat="34.752826" lon="-118.3338414"><name>2141</name></wpt><wpt lat="34.7528139" lon="-118.3338617"><name>2142</name></wpt><wpt lat="34.7528012" lon="-118.3338811"><name>2143</name></wpt><wpt lat="34.7527893" lon="-118.3339024"><name>2144</name></wpt><wpt lat="34.752779" lon="-118.3339263"><name>2145</name></wpt><wpt lat="34.7527693" lon="-118.3339513"><name>2146</name></wpt><wpt lat="34.7527595" lon="-118.3339761"><name>2147</name></wpt><wpt lat="34.752749" lon="-118.3340008"><name>2148</name></wpt><wpt lat="34.7527384" lon="-118.3340262"><name>2149</name></wpt><wpt lat="34.7527282" lon="-118.3340541"><name>2150</name></wpt><wpt lat="34.7527198" lon="-118.3340843"><name>2151</name></wpt><wpt lat="34.7527124" lon="-118.3341149"><name>2152</name></wpt><wpt lat="34.7527044" lon="-118.3341456"><name>2153</name></wpt><wpt lat="34.7526969" lon="-118.334179"><name>2154</name></wpt><wpt lat="34.7526909" lon="-118.3342146"><name>2155</name></wpt><wpt lat="34.752685" lon="-118.3342502"><name>2156</name></wpt><wpt lat="34.7526802" lon="-118.3342876"><name>2157</name></wpt><wpt lat="34.7526768" lon="-118.3343257"><name>2158</name></wpt><wpt lat="34.7526761" lon="-118.3343656"><name>2159</name></wpt><wpt lat="34.7526767" lon="-118.3344062"><name>2160</name></wpt><wpt lat="34.7526797" lon="-118.3344475"><name>2161</name></wpt><wpt lat="34.7526857" lon="-118.3344905"><name>2162</name></wpt><wpt lat="34.7526947" lon="-118.3345343"><name>2163</name></wpt><wpt lat="34.7527058" lon="-118.3345784"><name>2164</name></wpt><wpt lat="34.7527193" lon="-118.3346226"><name>2165</name></wpt><wpt lat="34.7527347" lon="-118.3346672"><name>2166</name></wpt><wpt lat="34.7527512" lon="-118.3347124"><name>2167</name></wpt><wpt lat="34.7527697" lon="-118.334758"><name>2168</name></wpt><wpt lat="34.7527916" lon="-118.3348036"><name>2169</name></wpt><wpt lat="34.7528173" lon="-118.334849"><name>2170</name></wpt><wpt lat="34.752847" lon="-118.3348945"><name>2171</name></wpt><wpt lat="34.7528772" lon="-118.3349398"><name>2172</name></wpt><wpt lat="34.7528922" lon="-118.3349623"><name>2173</name></wpt><wpt lat="34.7529241" lon="-118.3350077"><name>2174</name></wpt><wpt lat="34.7529624" lon="-118.3350532"><name>2175</name></wpt><wpt lat="34.753005" lon="-118.3350973"><name>2176</name></wpt><wpt lat="34.7530517" lon="-118.3351399"><name>2177</name></wpt><wpt lat="34.7531054" lon="-118.3351786"><name>2178</name></wpt><wpt lat="34.7531653" lon="-118.3352122"><name>2179</name></wpt><wpt lat="34.7532287" lon="-118.3352423"><name>2180</name></wpt><wpt lat="34.7532981" lon="-118.3352657"><name>2181</name></wpt><wpt lat="34.7533719" lon="-118.3352797"><name>2182</name></wpt><wpt lat="34.753449" lon="-118.3352778"><name>2183</name></wpt><wpt lat="34.7535269" lon="-118.3352627"><name>2184</name></wpt><wpt lat="34.7536035" lon="-118.3352397"><name>2185</name></wpt><wpt lat="34.7536779" lon="-118.3352078"><name>2186</name></wpt><wpt lat="34.7537484" lon="-118.3351649"><name>2187</name></wpt><wpt lat="34.7538156" lon="-118.3351149"><name>2188</name></wpt><wpt lat="34.7538754" lon="-118.3350535"><name>2189</name></wpt><wpt lat="34.7539273" lon="-118.3349845"><name>2190</name></wpt><wpt lat="34.7539736" lon="-118.3349123"><name>2191</name></wpt><wpt lat="34.7540115" lon="-118.3348356"><name>2192</name></wpt><wpt lat="34.7540418" lon="-118.334756"><name>2193</name></wpt><wpt lat="34.754067" lon="-118.3346757"><name>2194</name></wpt><wpt lat="34.7540877" lon="-118.3345949"><name>2195</name></wpt><wpt lat="34.7541004" lon="-118.3345142"><name>2196</name></wpt><wpt lat="34.7541022" lon="-118.3344364"><name>2197</name></wpt><wpt lat="34.7540996" lon="-118.3343616"><name>2198</name></wpt><wpt lat="34.7540952" lon="-118.3342884"><name>2199</name></wpt><wpt lat="34.7540867" lon="-118.3342179"><name>2200</name></wpt><wpt lat="34.7540724" lon="-118.3341515"><name>2201</name></wpt><wpt lat="34.7540542" lon="-118.3340889"><name>2202</name></wpt><wpt lat="34.7540341" lon="-118.3340296"><name>2203</name></wpt><wpt lat="34.7540116" lon="-118.3339745"><name>2204</name></wpt><wpt lat="34.7539874" lon="-118.3339235"><name>2205</name></wpt><wpt lat="34.7539627" lon="-118.3338748"><name>2206</name></wpt><wpt lat="34.7539365" lon="-118.3338309"><name>2207</name></wpt><wpt lat="34.7539096" lon="-118.3337912"><name>2208</name></wpt><wpt lat="34.7538821" lon="-118.3337559"><name>2209</name></wpt><wpt lat="34.7538543" lon="-118.3337238"><name>2210</name></wpt><wpt lat="34.7538269" lon="-118.3336952"><name>2211</name></wpt><wpt lat="34.7537995" lon="-118.3336683"><name>2212</name></wpt><wpt lat="34.7537727" lon="-118.3336432"><name>2213</name></wpt><wpt lat="34.7537456" lon="-118.3336219"><name>2214</name></wpt><wpt lat="34.7537196" lon="-118.333604"><name>2215</name></wpt><wpt lat="34.753695" lon="-118.333587"><name>2216</name></wpt><wpt lat="34.7536714" lon="-118.3335721"><name>2217</name></wpt><wpt lat="34.7536482" lon="-118.3335587"><name>2218</name></wpt><wpt lat="34.7536248" lon="-118.3335472"><name>2219</name></wpt><wpt lat="34.7536017" lon="-118.3335381"><name>2220</name></wpt><wpt lat="34.7535785" lon="-118.3335298"><name>2221</name></wpt><wpt lat="34.7535556" lon="-118.333523"><name>2222</name></wpt><wpt lat="34.7535334" lon="-118.3335176"><name>2223</name></wpt><wpt lat="34.753512" lon="-118.3335143"><name>2224</name></wpt><wpt lat="34.7534912" lon="-118.3335118"><name>2225</name></wpt><wpt lat="34.7534711" lon="-118.333508"><name>2226</name></wpt><wpt lat="34.7534519" lon="-118.333506"><name>2227</name></wpt><wpt lat="34.7534344" lon="-118.3335059"><name>2228</name></wpt><wpt lat="34.7534185" lon="-118.3335062"><name>2229</name></wpt><wpt lat="34.7534038" lon="-118.333506"><name>2230</name></wpt><wpt lat="34.7533905" lon="-118.3335083"><name>2231</name></wpt><wpt lat="34.7533781" lon="-118.3335104"><name>2232</name></wpt><wpt lat="34.7533657" lon="-118.3335111"><name>2233</name></wpt><wpt lat="34.7533533" lon="-118.3335124"><name>2234</name></wpt><wpt lat="34.7533407" lon="-118.3335146"><name>2235</name></wpt><wpt lat="34.7533277" lon="-118.3335158"><name>2236</name></wpt><wpt lat="34.7532607" lon="-118.3335282"><name>2237</name></wpt><wpt lat="34.7529529" lon="-118.3337257"><name>2238</name></wpt><wpt lat="34.7529118" lon="-118.3337713"><name>2239</name></wpt><wpt lat="34.7528774" lon="-118.3338162"><name>2240</name></wpt><wpt lat="34.7528124" lon="-118.3339038"><name>2241</name></wpt><wpt lat="34.7527277" lon="-118.3340982"><name>2242</name></wpt><wpt lat="34.7527086" lon="-118.3341866"><name>2243</name></wpt><wpt lat="34.752684" lon="-118.3342911"><name>2244</name></wpt><wpt lat="34.7527311" lon="-118.3347095"><name>2245</name></wpt><wpt lat="34.7528277" lon="-118.3348832"><name>2246</name></wpt><wpt lat="34.7529853" lon="-118.3350519"><name>2247</name></wpt><wpt lat="34.7532346" lon="-118.3351872"><name>2248</name></wpt><wpt lat="34.7535814" lon="-118.3352203"><name>2249</name></wpt><wpt lat="34.7539247" lon="-118.3349676"><name>2250</name></wpt><wpt lat="34.7541255" lon="-118.3344232"><name>2251</name></wpt><wpt lat="34.7541267" lon="-118.3343315"><name>2252</name></wpt><wpt lat="34.7541208" lon="-118.3342445"><name>2253</name></wpt><wpt lat="34.7541092" lon="-118.3341623"><name>2254</name></wpt><wpt lat="34.7540941" lon="-118.3340836"><name>2255</name></wpt><wpt lat="34.7540711" lon="-118.3340135"><name>2256</name></wpt><wpt lat="34.754046" lon="-118.3339476"><name>2257</name></wpt><wpt lat="34.7540183" lon="-118.3338892"><name>2258</name></wpt><wpt lat="34.7539872" lon="-118.3338412"><name>2259</name></wpt><wpt lat="34.7539263" lon="-118.3337617"><name>2260</name></wpt><wpt lat="34.7538969" lon="-118.3337294"><name>2261</name></wpt><wpt lat="34.7538687" lon="-118.3337003"><name>2262</name></wpt><wpt lat="34.7538412" lon="-118.3336742"><name>2263</name></wpt><wpt lat="34.753789" lon="-118.333629"><name>2264</name></wpt><wpt lat="34.7537643" lon="-118.3336106"><name>2265</name></wpt><wpt lat="34.7537402" lon="-118.3335915"><name>2266</name></wpt><wpt lat="34.7537159" lon="-118.3335719"><name>2267</name></wpt><wpt lat="34.7536915" lon="-118.3335562"><name>2268</name></wpt><wpt lat="34.753668" lon="-118.3335449"><name>2269</name></wpt><wpt lat="34.7536452" lon="-118.3335346"><name>2270</name></wpt><wpt lat="34.7536229" lon="-118.3335257"><name>2271</name></wpt><wpt lat="34.7536012" lon="-118.3335174"><name>2272</name></wpt><wpt lat="34.7535798" lon="-118.3335096"><name>2273</name></wpt><wpt lat="34.7535596" lon="-118.3335033"><name>2274</name></wpt><wpt lat="34.7535405" lon="-118.3334968"><name>2275</name></wpt><wpt lat="34.7535213" lon="-118.3334904"><name>2276</name></wpt><wpt lat="34.7535036" lon="-118.3334862"><name>2277</name></wpt><wpt lat="34.7534711" lon="-118.3334845"><name>2278</name></wpt><wpt lat="34.753454" lon="-118.3334841"><name>2279</name></wpt><wpt lat="34.7534383" lon="-118.3334857"><name>2280</name></wpt><wpt lat="34.7534257" lon="-118.333491"><name>2281</name></wpt><wpt lat="34.7534027" lon="-118.3334986"><name>2282</name></wpt><wpt lat="34.7533923" lon="-118.333502"><name>2283</name></wpt><wpt lat="34.7533833" lon="-118.3335066"><name>2284</name></wpt><wpt lat="34.7533743" lon="-118.3335107"><name>2285</name></wpt><wpt lat="34.7533654" lon="-118.3335132"><name>2286</name></wpt><wpt lat="34.753357" lon="-118.3335156"><name>2287</name></wpt><wpt lat="34.7533495" lon="-118.3335192"><name>2288</name></wpt><wpt lat="34.7533426" lon="-118.3335224"><name>2289</name></wpt><wpt lat="34.7533361" lon="-118.3335249"><name>2290</name></wpt><wpt lat="34.75333" lon="-118.3335279"><name>2291</name></wpt><wpt lat="34.7533242" lon="-118.3335316"><name>2292</name></wpt><wpt lat="34.7533184" lon="-118.3335358"><name>2293</name></wpt><wpt lat="34.753312" lon="-118.3335395"><name>2294</name></wpt><wpt lat="34.7533064" lon="-118.333544"><name>2295</name></wpt><wpt lat="34.7532965" lon="-118.3335515"><name>2296</name></wpt><wpt lat="34.7532904" lon="-118.3335537"><name>2297</name></wpt><wpt lat="34.753284" lon="-118.333555"><name>2298</name></wpt><wpt lat="34.753278" lon="-118.3335559"><name>2299</name></wpt><wpt lat="34.7532664" lon="-118.3335591"><name>2300</name></wpt><wpt lat="34.7532601" lon="-118.3335602"><name>2301</name></wpt><wpt lat="34.7532536" lon="-118.3335615"><name>2302</name></wpt><wpt lat="34.7532193" lon="-118.3335687"><name>2303</name></wpt><wpt lat="34.7532114" lon="-118.3335701"><name>2304</name></wpt><wpt lat="34.7532" lon="-118.3335744"><name>2305</name></wpt><wpt lat="34.7531923" lon="-118.3335771"><name>2306</name></wpt><wpt lat="34.7531782" lon="-118.3335832"><name>2307</name></wpt><wpt lat="34.7531723" lon="-118.3335863"><name>2308</name></wpt><wpt lat="34.7531675" lon="-118.3335904"><name>2309</name></wpt><wpt lat="34.7531623" lon="-118.3335923"><name>2310</name></wpt><wpt lat="34.7531495" lon="-118.3335942"><name>2311</name></wpt><wpt lat="34.7531437" lon="-118.333597"><name>2312</name></wpt><wpt lat="34.7531381" lon="-118.3336"><name>2313</name></wpt><wpt lat="34.7531328" lon="-118.3336032"><name>2314</name></wpt><wpt lat="34.7531225" lon="-118.333607"><name>2315</name></wpt><wpt lat="34.7531176" lon="-118.3336079"><name>2316</name></wpt><wpt lat="34.7531108" lon="-118.3336107"><name>2317</name></wpt><wpt lat="34.7531058" lon="-118.3336094"><name>2318</name></wpt><wpt lat="34.7530583" lon="-118.333615"><name>2319</name></wpt><wpt lat="34.7530047" lon="-118.3336663"><name>2320</name></wpt><wpt lat="34.752918" lon="-118.3337514"><name>2321</name></wpt><wpt lat="34.7528935" lon="-118.3337704"><name>2322</name></wpt><wpt lat="34.7528868" lon="-118.3337782"><name>2323</name></wpt><wpt lat="34.7528796" lon="-118.3337858"><name>2324</name></wpt><wpt lat="34.7528727" lon="-118.3337932"><name>2325</name></wpt><wpt lat="34.7528666" lon="-118.3338009"><name>2326</name></wpt><wpt lat="34.7528613" lon="-118.3338089"><name>2327</name></wpt><wpt lat="34.7528567" lon="-118.3338169"><name>2328</name></wpt><wpt lat="34.7528525" lon="-118.3338249"><name>2329</name></wpt><wpt lat="34.7528488" lon="-118.3338337"><name>2330</name></wpt><wpt lat="34.7528451" lon="-118.3338425"><name>2331</name></wpt><wpt lat="34.7528416" lon="-118.3338511"><name>2332</name></wpt><wpt lat="34.7528384" lon="-118.3338606"><name>2333</name></wpt><wpt lat="34.7528319" lon="-118.3338771"><name>2334</name></wpt><wpt lat="34.752828" lon="-118.3338831"><name>2335</name></wpt><wpt lat="34.7528247" lon="-118.3338896"><name>2336</name></wpt><wpt lat="34.7528219" lon="-118.3338962"><name>2337</name></wpt><wpt lat="34.7528188" lon="-118.333902"><name>2338</name></wpt><wpt lat="34.752816" lon="-118.3339078"><name>2339</name></wpt><wpt lat="34.7528138" lon="-118.3339149"><name>2340</name></wpt><wpt lat="34.7528119" lon="-118.3339219"><name>2341</name></wpt><wpt lat="34.7528103" lon="-118.3339292"><name>2342</name></wpt><wpt lat="34.7528066" lon="-118.3339429"><name>2343</name></wpt><wpt lat="34.7528042" lon="-118.3339491"><name>2344</name></wpt><wpt lat="34.7528016" lon="-118.3339549"><name>2345</name></wpt><wpt lat="34.7527988" lon="-118.3339607"><name>2346</name></wpt><wpt lat="34.752796" lon="-118.3339669"><name>2347</name></wpt><wpt lat="34.7527931" lon="-118.3339726"><name>2348</name></wpt><wpt lat="34.7527901" lon="-118.3339778"><name>2349</name></wpt><wpt lat="34.7527786" lon="-118.3340021"><name>2350</name></wpt><wpt lat="34.7527739" lon="-118.3340164"><name>2351</name></wpt><wpt lat="34.7527702" lon="-118.3340358"><name>2352</name></wpt><wpt lat="34.752768" lon="-118.3340411"><name>2353</name></wpt><wpt lat="34.7527528" lon="-118.3340566"><name>2354</name></wpt><wpt lat="34.7527458" lon="-118.3340569"><name>2355</name></wpt><wpt lat="34.7527376" lon="-118.3340564"><name>2356</name></wpt><wpt lat="34.7527291" lon="-118.3340568"><name>2357</name></wpt><wpt lat="34.7527151" lon="-118.3340691"><name>2358</name></wpt><wpt lat="34.7531404" lon="-118.3349453"><name>2359</name></wpt><wpt lat="34.7535148" lon="-118.3327995"><name>2360</name></wpt><wpt lat="34.7535039" lon="-118.3328383"><name>2361</name></wpt><wpt lat="34.7534914" lon="-118.3328758"><name>2362</name></wpt><wpt lat="34.7534853" lon="-118.3329185"><name>2363</name></wpt><wpt lat="34.7534861" lon="-118.332964"><name>2364</name></wpt><wpt lat="34.7534936" lon="-118.3330117"><name>2365</name></wpt><wpt lat="34.7535055" lon="-118.3330594"><name>2366</name></wpt><wpt lat="34.7535167" lon="-118.3331058"><name>2367</name></wpt><wpt lat="34.7535304" lon="-118.3331546"><name>2368</name></wpt><wpt lat="34.753547" lon="-118.3332059"><name>2369</name></wpt><wpt lat="34.7535666" lon="-118.3332585"><name>2370</name></wpt><wpt lat="34.7535877" lon="-118.3333121"><name>2371</name></wpt><wpt lat="34.7536103" lon="-118.3333665"><name>2372</name></wpt><wpt lat="34.7536288" lon="-118.3334205"><name>2373</name></wpt><wpt lat="34.7536505" lon="-118.3334773"><name>2374</name></wpt><wpt lat="34.7536776" lon="-118.3335357"><name>2375</name></wpt><wpt lat="34.7537061" lon="-118.3335942"><name>2376</name></wpt><wpt lat="34.7537367" lon="-118.3336523"><name>2377</name></wpt><wpt lat="34.753764" lon="-118.333711"><name>2378</name></wpt><wpt lat="34.7537939" lon="-118.3337696"><name>2379</name></wpt><wpt lat="34.7538259" lon="-118.3338271"><name>2380</name></wpt><wpt lat="34.7538602" lon="-118.3338829"><name>2381</name></wpt><wpt lat="34.7538957" lon="-118.3339367"><name>2382</name></wpt><wpt lat="34.7539312" lon="-118.3339877"><name>2383</name></wpt><wpt lat="34.7539656" lon="-118.3340368"><name>2384</name></wpt><wpt lat="34.7539978" lon="-118.3340843"><name>2385</name></wpt><wpt lat="34.7540275" lon="-118.33413"><name>2386</name></wpt><wpt lat="34.7540567" lon="-118.334174"><name>2387</name></wpt><wpt lat="34.7540831" lon="-118.3342173"><name>2388</name></wpt><wpt lat="34.7541065" lon="-118.3342588"><name>2389</name></wpt><wpt lat="34.7541285" lon="-118.3342984"><name>2390</name></wpt><wpt lat="34.7541474" lon="-118.3343371"><name>2391</name></wpt><wpt lat="34.75416" lon="-118.3343744"><name>2392</name></wpt><wpt lat="34.7541667" lon="-118.3344088"><name>2393</name></wpt><wpt lat="34.7541723" lon="-118.3344416"><name>2394</name></wpt><wpt lat="34.7541753" lon="-118.3344745"><name>2395</name></wpt><wpt lat="34.7541736" lon="-118.3345061"><name>2396</name></wpt><wpt lat="34.754168" lon="-118.3345362"><name>2397</name></wpt><wpt lat="34.7541615" lon="-118.3345672"><name>2398</name></wpt><wpt lat="34.7541389" lon="-118.3346216"><name>2399</name></wpt><wpt lat="34.7541236" lon="-118.3346451"><name>2400</name></wpt><wpt lat="34.7541077" lon="-118.3346677"><name>2401</name></wpt><wpt lat="34.7540895" lon="-118.3346877"><name>2402</name></wpt><wpt lat="34.7540691" lon="-118.3347054"><name>2403</name></wpt><wpt lat="34.7540485" lon="-118.334723"><name>2404</name></wpt><wpt lat="34.754027" lon="-118.3347392"><name>2405</name></wpt><wpt lat="34.754004" lon="-118.3347525"><name>2406</name></wpt><wpt lat="34.7539801" lon="-118.3347647"><name>2407</name></wpt><wpt lat="34.7539557" lon="-118.334775"><name>2408</name></wpt><wpt lat="34.7539312" lon="-118.3347832"><name>2409</name></wpt><wpt lat="34.7539062" lon="-118.3347879"><name>2410</name></wpt><wpt lat="34.7538799" lon="-118.3347873"><name>2411</name></wpt><wpt lat="34.7538535" lon="-118.3347827"><name>2412</name></wpt><wpt lat="34.7538268" lon="-118.3347736"><name>2413</name></wpt><wpt lat="34.7538001" lon="-118.3347584"><name>2414</name></wpt><wpt lat="34.7537728" lon="-118.3347345"><name>2415</name></wpt><wpt lat="34.7537448" lon="-118.3347036"><name>2416</name></wpt><wpt lat="34.7537169" lon="-118.3346682"><name>2417</name></wpt><wpt lat="34.7536888" lon="-118.3346278"><name>2418</name></wpt><wpt lat="34.7536612" lon="-118.3345821"><name>2419</name></wpt><wpt lat="34.7536334" lon="-118.3345323"><name>2420</name></wpt><wpt lat="34.7536049" lon="-118.334481"><name>2421</name></wpt><wpt lat="34.7535908" lon="-118.3344546"><name>2422</name></wpt><wpt lat="34.7535635" lon="-118.3343991"><name>2423</name></wpt><wpt lat="34.7535366" lon="-118.3343424"><name>2424</name></wpt><wpt lat="34.7534864" lon="-118.3342238"><name>2425</name></wpt><wpt lat="34.7534641" lon="-118.3341583"><name>2426</name></wpt><wpt lat="34.7534432" lon="-118.3340899"><name>2427</name></wpt><wpt lat="34.7534231" lon="-118.3340205"><name>2428</name></wpt><wpt lat="34.753405" lon="-118.3339484"><name>2429</name></wpt><wpt lat="34.7533883" lon="-118.3338764"><name>2430</name></wpt><wpt lat="34.7533723" lon="-118.3338042"><name>2431</name></wpt><wpt lat="34.7533573" lon="-118.3337308"><name>2432</name></wpt><wpt lat="34.7533424" lon="-118.3336563"><name>2433</name></wpt><wpt lat="34.7533269" lon="-118.333582"><name>2434</name></wpt><wpt lat="34.7533136" lon="-118.3335052"><name>2435</name></wpt><wpt lat="34.7533004" lon="-118.3334281"><name>2436</name></wpt><wpt lat="34.7532882" lon="-118.3333515"><name>2437</name></wpt><wpt lat="34.7532783" lon="-118.3332754"><name>2438</name></wpt><wpt lat="34.75327" lon="-118.3332007"><name>2439</name></wpt><wpt lat="34.7532651" lon="-118.3331246"><name>2440</name></wpt><wpt lat="34.7532638" lon="-118.3330457"><name>2441</name></wpt><wpt lat="34.7532675" lon="-118.3329633"><name>2442</name></wpt><wpt lat="34.7532794" lon="-118.3328764"><name>2443</name></wpt><wpt lat="34.7532994" lon="-118.332788"><name>2444</name></wpt><wpt lat="34.7533274" lon="-118.3327001"><name>2445</name></wpt><wpt lat="34.7533648" lon="-118.3326134"><name>2446</name></wpt><wpt lat="34.7534153" lon="-118.3325332"><name>2447</name></wpt><wpt lat="34.753479" lon="-118.3324645"><name>2448</name></wpt><wpt lat="34.7535508" lon="-118.33241"><name>2449</name></wpt><wpt lat="34.7536263" lon="-118.3323657"><name>2450</name></wpt><wpt lat="34.7537052" lon="-118.3323369"><name>2451</name></wpt><wpt lat="34.7537836" lon="-118.332325"><name>2452</name></wpt><wpt lat="34.7538587" lon="-118.3323265"><name>2453</name></wpt><wpt lat="34.7539284" lon="-118.3323424"><name>2454</name></wpt><wpt lat="34.7539902" lon="-118.3323709"><name>2455</name></wpt><wpt lat="34.7540397" lon="-118.3324102"><name>2456</name></wpt><wpt lat="34.7540808" lon="-118.3324551"><name>2457</name></wpt><wpt lat="34.7541149" lon="-118.3325041"><name>2458</name></wpt><wpt lat="34.7541399" lon="-118.3325562"><name>2459</name></wpt><wpt lat="34.7541589" lon="-118.3326099"><name>2460</name></wpt><wpt lat="34.7541709" lon="-118.332664"><name>2461</name></wpt><wpt lat="34.7541774" lon="-118.3327179"><name>2462</name></wpt><wpt lat="34.7541789" lon="-118.3327718"><name>2463</name></wpt><wpt lat="34.7541747" lon="-118.3328244"><name>2464</name></wpt><wpt lat="34.7541629" lon="-118.3328721"><name>2465</name></wpt><wpt lat="34.7541489" lon="-118.332916"><name>2466</name></wpt><wpt lat="34.7541348" lon="-118.3329584"><name>2467</name></wpt><wpt lat="34.7541185" lon="-118.3329989"><name>2468</name></wpt><wpt lat="34.7540998" lon="-118.3330383"><name>2469</name></wpt><wpt lat="34.7540824" lon="-118.3330801"><name>2470</name></wpt><wpt lat="34.7540663" lon="-118.3331218"><name>2471</name></wpt><wpt lat="34.7540469" lon="-118.3331607"><name>2472</name></wpt><wpt lat="34.7540267" lon="-118.3331998"><name>2473</name></wpt><wpt lat="34.754009" lon="-118.3332428"><name>2474</name></wpt><wpt lat="34.7539922" lon="-118.3332872"><name>2475</name></wpt><wpt lat="34.7539738" lon="-118.3333285"><name>2476</name></wpt><wpt lat="34.7539548" lon="-118.3333687"><name>2477</name></wpt><wpt lat="34.7539365" lon="-118.3334096"><name>2478</name></wpt><wpt lat="34.7539182" lon="-118.3334514"><name>2479</name></wpt><wpt lat="34.7539003" lon="-118.3334926"><name>2480</name></wpt><wpt lat="34.7538818" lon="-118.3335288"><name>2481</name></wpt><wpt lat="34.753861" lon="-118.3335639"><name>2482</name></wpt><wpt lat="34.7538383" lon="-118.3336021"><name>2483</name></wpt><wpt lat="34.7538178" lon="-118.3336497"><name>2484</name></wpt><wpt lat="34.7537018" lon="-118.3342477"><name>2485</name></wpt><wpt lat="34.7536085" lon="-118.3342732"><name>2486</name></wpt><wpt lat="34.7534802" lon="-118.334236"><name>2487</name></wpt><wpt lat="34.7533381" lon="-118.3341927"><name>2488</name></wpt><wpt lat="34.7531874" lon="-118.3341744"><name>2489</name></wpt><wpt lat="34.7530614" lon="-118.3342579"><name>2490</name></wpt><wpt lat="34.7530608" lon="-118.3344686"><name>2491</name></wpt><wpt lat="34.7535538" lon="-118.3348418"><name>2492</name></wpt><wpt lat="34.7539518" lon="-118.3347405"><name>2493</name></wpt><wpt lat="34.7542888" lon="-118.3334062"><name>2494</name></wpt><wpt lat="34.7541383" lon="-118.3332291"><name>2495</name></wpt><wpt lat="34.7540357" lon="-118.3333276"><name>2496</name></wpt><wpt lat="34.7540001" lon="-118.3335412"><name>2497</name></wpt><wpt lat="34.7540252" lon="-118.33375"><name>2498</name></wpt><wpt lat="34.754032" lon="-118.3338"><name>2499</name></wpt><wpt lat="34.7540425" lon="-118.3338957"><name>2500</name></wpt><wpt lat="34.754044" lon="-118.3340233"><name>2501</name></wpt><wpt lat="34.754043" lon="-118.3340631"><name>2502</name></wpt><wpt lat="34.7540458" lon="-118.3341049"><name>2503</name></wpt><wpt lat="34.7540602" lon="-118.3341899"><name>2504</name></wpt><wpt lat="34.7540654" lon="-118.3342292"><name>2505</name></wpt><wpt lat="34.7540729" lon="-118.3343055"><name>2506</name></wpt><wpt lat="34.7540714" lon="-118.3343768"><name>2507</name></wpt><wpt lat="34.7540654" lon="-118.3344115"><name>2508</name></wpt><wpt lat="34.754053" lon="-118.3344805"><name>2509</name></wpt><wpt lat="34.7540257" lon="-118.3345759"><name>2510</name></wpt><wpt lat="34.7540131" lon="-118.3346044"><name>2511</name></wpt><wpt lat="34.7539989" lon="-118.3346295"><name>2512</name></wpt><wpt lat="34.7539838" lon="-118.3346506"><name>2513</name></wpt><wpt lat="34.7539666" lon="-118.3346677"><name>2514</name></wpt><wpt lat="34.7539469" lon="-118.3346791"><name>2515</name></wpt><wpt lat="34.7539264" lon="-118.334685"><name>2516</name></wpt><wpt lat="34.7538795" lon="-118.3346835"><name>2517</name></wpt><wpt lat="34.753853" lon="-118.3346753"><name>2518</name></wpt><wpt lat="34.7531273" lon="-118.3337062"><name>2519</name></wpt><wpt lat="34.7530531" lon="-118.3335338"><name>2520</name></wpt><wpt lat="34.7529901" lon="-118.3333923"><name>2521</name></wpt><wpt lat="34.7528948" lon="-118.3332906"><name>2522</name></wpt><wpt lat="34.752795" lon="-118.3333168"><name>2523</name></wpt><wpt lat="34.7527989" lon="-118.3336438"><name>2524</name></wpt><wpt lat="34.7531977" lon="-118.3343442"><name>2525</name></wpt><wpt lat="34.753451" lon="-118.3347392"><name>2526</name></wpt><wpt lat="34.7537254" lon="-118.3349039"><name>2527</name></wpt><wpt lat="34.7541072" lon="-118.3348651"><name>2528</name></wpt><wpt lat="34.7543672" lon="-118.3345793"><name>2529</name></wpt><wpt lat="34.7543828" lon="-118.3345153"><name>2530</name></wpt><wpt lat="34.7543872" lon="-118.3344598"><name>2531</name></wpt><wpt lat="34.7543893" lon="-118.3344077"><name>2532</name></wpt><wpt lat="34.7543907" lon="-118.3343567"><name>2533</name></wpt><wpt lat="34.7543919" lon="-118.3343034"><name>2534</name></wpt><wpt lat="34.7543908" lon="-118.3342468"><name>2535</name></wpt><wpt lat="34.7543878" lon="-118.3341869"><name>2536</name></wpt><wpt lat="34.7543839" lon="-118.3341241"><name>2537</name></wpt><wpt lat="34.7543781" lon="-118.3340616"><name>2538</name></wpt><wpt lat="34.754366" lon="-118.3340037"><name>2539</name></wpt><wpt lat="34.7543479" lon="-118.3339523"><name>2540</name></wpt><wpt lat="34.7543236" lon="-118.3339092"><name>2541</name></wpt><wpt lat="34.7542948" lon="-118.333877"><name>2542</name></wpt><wpt lat="34.7542628" lon="-118.3338599"><name>2543</name></wpt><wpt lat="34.7542315" lon="-118.333856"><name>2544</name></wpt><wpt lat="34.7542034" lon="-118.3338629"><name>2545</name></wpt><wpt lat="34.7541764" lon="-118.3338711"><name>2546</name></wpt><wpt lat="34.7541484" lon="-118.3338777"><name>2547</name></wpt><wpt lat="34.7541196" lon="-118.3338847"><name>2548</name></wpt><wpt lat="34.7540902" lon="-118.3338923"><name>2549</name></wpt><wpt lat="34.75406" lon="-118.3338995"><name>2550</name></wpt><wpt lat="34.7540285" lon="-118.3339052"><name>2551</name></wpt><wpt lat="34.7539966" lon="-118.3339114"><name>2552</name></wpt><wpt lat="34.7537067" lon="-118.3339191"><name>2553</name></wpt><wpt lat="34.7535855" lon="-118.333913"><name>2554</name></wpt><wpt lat="34.7534776" lon="-118.3338994"><name>2555</name></wpt><wpt lat="34.7533531" lon="-118.3338811"><name>2556</name></wpt><wpt lat="34.7532048" lon="-118.333834"><name>2557</name></wpt><wpt lat="34.7531405" lon="-118.3337888"><name>2558</name></wpt><wpt lat="34.7530765" lon="-118.3337391"><name>2559</name></wpt><wpt lat="34.7530449" lon="-118.3337081"><name>2560</name></wpt><wpt lat="34.7530126" lon="-118.3336746"><name>2561</name></wpt><wpt lat="34.7529809" lon="-118.3336385"><name>2562</name></wpt><wpt lat="34.7529507" lon="-118.3336"><name>2563</name></wpt><wpt lat="34.7529241" lon="-118.3335544"><name>2564</name></wpt><wpt lat="34.7529002" lon="-118.333504"><name>2565</name></wpt><wpt lat="34.7528788" lon="-118.3334496"><name>2566</name></wpt><wpt lat="34.7528619" lon="-118.3333902"><name>2567</name></wpt><wpt lat="34.7528496" lon="-118.3333271"><name>2568</name></wpt><wpt lat="34.7528428" lon="-118.3332591"><name>2569</name></wpt><wpt lat="34.7528416" lon="-118.3331874"><name>2570</name></wpt><wpt lat="34.7528486" lon="-118.3331094"><name>2571</name></wpt><wpt lat="34.7528658" lon="-118.3330285"><name>2572</name></wpt><wpt lat="34.7528903" lon="-118.3329493"><name>2573</name></wpt><wpt lat="34.7529233" lon="-118.3328724"><name>2574</name></wpt><wpt lat="34.7529652" lon="-118.3328001"><name>2575</name></wpt><wpt lat="34.7530133" lon="-118.332733"><name>2576</name></wpt><wpt lat="34.7530657" lon="-118.3326716"><name>2577</name></wpt><wpt lat="34.7531216" lon="-118.3326159"><name>2578</name></wpt><wpt lat="34.7531809" lon="-118.332567"><name>2579</name></wpt><wpt lat="34.7532436" lon="-118.3325261"><name>2580</name></wpt><wpt lat="34.7533075" lon="-118.3324911"><name>2581</name></wpt><wpt lat="34.7533732" lon="-118.3324637"><name>2582</name></wpt><wpt lat="34.7534393" lon="-118.33245"><name>2583</name></wpt><wpt lat="34.7535043" lon="-118.3324451"><name>2584</name></wpt><wpt lat="34.7536299" lon="-118.3324512"><name>2585</name></wpt><wpt lat="34.7536879" lon="-118.3324646"><name>2586</name></wpt><wpt lat="34.7537432" lon="-118.3324809"><name>2587</name></wpt><wpt lat="34.7537929" lon="-118.3325032"><name>2588</name></wpt><wpt lat="34.7538151" lon="-118.3325168"><name>2589</name></wpt><wpt lat="34.7538565" lon="-118.3325455"><name>2590</name></wpt><wpt lat="34.7538958" lon="-118.3325761"><name>2591</name></wpt><wpt lat="34.7539323" lon="-118.3326087"><name>2592</name></wpt><wpt lat="34.7539632" lon="-118.3326432"><name>2593</name></wpt><wpt lat="34.7539926" lon="-118.3326776"><name>2594</name></wpt><wpt lat="34.7540204" lon="-118.3327121"><name>2595</name></wpt><wpt lat="34.7540428" lon="-118.3327475"><name>2596</name></wpt><wpt lat="34.7540594" lon="-118.3327824"><name>2597</name></wpt><wpt lat="34.7540699" lon="-118.3328172"><name>2598</name></wpt><wpt lat="34.7540788" lon="-118.3328522"><name>2599</name></wpt><wpt lat="34.7540885" lon="-118.3328878"><name>2600</name></wpt><wpt lat="34.7540962" lon="-118.3329234"><name>2601</name></wpt><wpt lat="34.7540986" lon="-118.3329588"><name>2602</name></wpt><wpt lat="34.7540997" lon="-118.3329941"><name>2603</name></wpt><wpt lat="34.7541019" lon="-118.3330304"><name>2604</name></wpt><wpt lat="34.7541038" lon="-118.3330669"><name>2605</name></wpt><wpt lat="34.7541043" lon="-118.3331025"><name>2606</name></wpt><wpt lat="34.7541046" lon="-118.333139"><name>2607</name></wpt><wpt lat="34.7541048" lon="-118.3331763"><name>2608</name></wpt><wpt lat="34.7541053" lon="-118.3332141"><name>2609</name></wpt><wpt lat="34.7541049" lon="-118.3332516"><name>2610</name></wpt><wpt lat="34.754104" lon="-118.333288"><name>2611</name></wpt><wpt lat="34.7541037" lon="-118.3333246"><name>2612</name></wpt><wpt lat="34.7541035" lon="-118.3333611"><name>2613</name></wpt><wpt lat="34.7541044" lon="-118.3333976"><name>2614</name></wpt><wpt lat="34.7541072" lon="-118.3334353"><name>2615</name></wpt><wpt lat="34.7541095" lon="-118.3334724"><name>2616</name></wpt><wpt lat="34.7541118" lon="-118.3335094"><name>2617</name></wpt><wpt lat="34.7541153" lon="-118.3335472"><name>2618</name></wpt><wpt lat="34.7541199" lon="-118.3335848"><name>2619</name></wpt><wpt lat="34.7541231" lon="-118.3336214"><name>2620</name></wpt><wpt lat="34.754126" lon="-118.3336582"><name>2621</name></wpt><wpt lat="34.7541308" lon="-118.3336961"><name>2622</name></wpt><wpt lat="34.7541351" lon="-118.3337323"><name>2623</name></wpt><wpt lat="34.754138" lon="-118.3337676"><name>2624</name></wpt><wpt lat="34.7541409" lon="-118.3338026"><name>2625</name></wpt><wpt lat="34.7541437" lon="-118.3338365"><name>2626</name></wpt><wpt lat="34.7541463" lon="-118.3338701"><name>2627</name></wpt><wpt lat="34.7541459" lon="-118.3338996"><name>2628</name></wpt><wpt lat="34.7541452" lon="-118.3339292"><name>2629</name></wpt><wpt lat="34.754147" lon="-118.33396"><name>2630</name></wpt><wpt lat="34.7541485" lon="-118.3339894"><name>2631</name></wpt><wpt lat="34.7541484" lon="-118.3340158"><name>2632</name></wpt><wpt lat="34.7541461" lon="-118.3340384"><name>2633</name></wpt><wpt lat="34.7541428" lon="-118.3340585"><name>2634</name></wpt><wpt lat="34.7541413" lon="-118.3340797"><name>2635</name></wpt><wpt lat="34.754139" lon="-118.3340977"><name>2636</name></wpt><wpt lat="34.7541355" lon="-118.3341119"><name>2637</name></wpt><wpt lat="34.7541311" lon="-118.334123"><name>2638</name></wpt><wpt lat="34.7541251" lon="-118.3341325"><name>2639</name></wpt><wpt lat="34.7541192" lon="-118.3341466"><name>2640</name></wpt><wpt lat="34.7541146" lon="-118.3341629"><name>2641</name></wpt><wpt lat="34.7541093" lon="-118.3341787"><name>2642</name></wpt><wpt lat="34.7541036" lon="-118.3341944"><name>2643</name></wpt><wpt lat="34.7540966" lon="-118.3342112"><name>2644</name></wpt><wpt lat="34.7540884" lon="-118.3342271"><name>2645</name></wpt><wpt lat="34.7540802" lon="-118.3342407"><name>2646</name></wpt><wpt lat="34.7540771" lon="-118.334243"><name>2647</name></wpt><wpt lat="34.754076" lon="-118.3342431"><name>2648</name></wpt><wpt lat="34.7540753" lon="-118.334243"><name>2649</name></wpt><wpt lat="34.7540745" lon="-118.3342428"><name>2650</name></wpt><wpt lat="34.7540736" lon="-118.3342429"><name>2651</name></wpt><wpt lat="34.7540724" lon="-118.3342417"><name>2652</name></wpt><wpt lat="34.7540723" lon="-118.3342414"><name>2653</name></wpt><wpt lat="34.7540722" lon="-118.3342413"><name>2654</name></wpt><wpt lat="34.7540725" lon="-118.3342409"><name>2655</name></wpt><wpt lat="34.7540727" lon="-118.3342406"><name>2656</name></wpt><wpt lat="34.754072" lon="-118.3342408"><name>2657</name></wpt><wpt lat="34.7540717" lon="-118.334241"><name>2658</name></wpt><wpt lat="34.7540715" lon="-118.3342413"><name>2659</name></wpt><wpt lat="34.7540713" lon="-118.3342414"><name>2660</name></wpt><wpt lat="34.754071" lon="-118.3342415"><name>2661</name></wpt><wpt lat="34.7540706" lon="-118.3342416"><name>2662</name></wpt><wpt lat="34.7540703" lon="-118.3342414"><name>2663</name></wpt><wpt lat="34.7540701" lon="-118.3342413"><name>2664</name></wpt><wpt lat="34.7540694" lon="-118.3342411"><name>2665</name></wpt><wpt lat="34.754069" lon="-118.3342412"><name>2666</name></wpt><wpt lat="34.7540686" lon="-118.3342413"><name>2667</name></wpt><wpt lat="34.7540685" lon="-118.3342414"><name>2668</name></wpt><wpt lat="34.7540686" lon="-118.3342412"><name>2669</name></wpt><wpt lat="34.7540689" lon="-118.3342413"><name>2670</name></wpt><wpt lat="34.754069" lon="-118.3342414"><name>2671</name></wpt><wpt lat="34.7540691" lon="-118.3342414"><name>2672</name></wpt><wpt lat="34.7540692" lon="-118.3342416"><name>2673</name></wpt><wpt lat="34.7540691" lon="-118.3342417"><name>2674</name></wpt></gpx>