<gpx creator="Mission Planner" xmlns="http://www.topografix.com/GPX/1/1"><trk><trkseg><trkpt lat="35.0473735" lon="-118.1605146"><ele>834.45</ele><time>2026-06-26T11:11:14-05:00</time><course>16.13871</course><roll>3.500613</roll><pitch>-2.701886</pitch><mode /></trkpt><trkpt lat="35.0473734" lon="-118.1605144"><ele>834.45</ele><time>2026-06-26T11:11:15-05:00</time><course>16.34383</course><roll>5.19679</roll><pitch>-2.016239</pitch><mode /></trkpt><trkpt lat="35.0473732" lon="-118.1605143"><ele>834.45</ele><time>2026-06-26T11:11:15-05:00</time><course>16.60213</course><roll>4.320843</roll><pitch>-1.914276</pitch><mode /></trkpt><trkpt lat="35.0473731" lon="-118.1605142"><ele>834.45</ele><time>2026-06-26T11:11:15-05:00</time><course>16.75343</course><roll>4.051671</roll><pitch>-1.990884</pitch><mode /></trkpt><trkpt lat="35.0473728" lon="-118.1605144"><ele>834.34</ele><time>2026-06-26T11:11:15-05:00</time><course>15.86932</course><roll>4.149989</roll><pitch>-2.629279</pitch><mode /></trkpt><trkpt lat="35.0473727" lon="-118.1605145"><ele>834.3</ele><time>2026-06-26T11:11:16-05:00</time><course>15.75413</course><roll>4.411217</roll><pitch>-2.07811</pitch><mode /></trkpt><trkpt lat="35.0473728" lon="-118.1605151"><ele>834.09</ele><time>2026-06-26T11:11:17-05:00</time><course>13.66644</course><roll>9.835528</roll><pitch>-2.79213</pitch><mode /></trkpt><trkpt lat="35.0473731" lon="-118.1605152"><ele>834</ele><time>2026-06-26T11:11:17-05:00</time><course>7.775084</course><roll>7.183193</roll><pitch>-2.115713</pitch><mode /></trkpt><trkpt lat="35.0473733" lon="-118.1605153"><ele>834</ele><time>2026-06-26T11:11:18-05:00</time><course>3.169455</course><roll>6.525488</roll><pitch>-3.142712</pitch><mode /></trkpt><trkpt lat="35.0473745" lon="-118.1605151"><ele>834.05</ele><time>2026-06-26T11:11:18-05:00</time><course>358.5887</course><roll>1.852176</roll><pitch>-3.528821</pitch><mode /></trkpt><trkpt lat="35.0473754" lon="-118.1605148"><ele>834.1</ele><time>2026-06-26T11:11:18-05:00</time><course>357.8965</course><roll>0.8799208</roll><pitch>-3.980281</pitch><mode /></trkpt><trkpt lat="35.0473762" lon="-118.1605143"><ele>834.1</ele><time>2026-06-26T11:11:18-05:00</time><course>357.5809</course><roll>1.95545</roll><pitch>-4.170353</pitch><mode /></trkpt><trkpt lat="35.0473769" lon="-118.1605134"><ele>834.07</ele><time>2026-06-26T11:11:19-05:00</time><course>357.9336</course><roll>4.075576</roll><pitch>-3.54528</pitch><mode /></trkpt><trkpt lat="35.0473777" lon="-118.1605126"><ele>834.02</ele><time>2026-06-26T11:11:19-05:00</time><course>359.2113</course><roll>5.301872</roll><pitch>-5.132839</pitch><mode /></trkpt><trkpt lat="35.0473783" lon="-118.1605119"><ele>833.95</ele><time>2026-06-26T11:11:19-05:00</time><course>359.5135</course><roll>4.352543</roll><pitch>-5.183127</pitch><mode /></trkpt><trkpt lat="35.0473787" lon="-118.1605109"><ele>833.88</ele><time>2026-06-26T11:11:19-05:00</time><course>0.02211936</course><roll>3.696353</roll><pitch>-3.695291</pitch><mode /></trkpt><trkpt lat="35.0473788" lon="-118.1605097"><ele>833.83</ele><time>2026-06-26T11:11:19-05:00</time><course>0.02875766</course><roll>0.9078943</roll><pitch>-5.067578</pitch><mode /></trkpt><trkpt lat="35.0473785" lon="-118.1605084"><ele>833.74</ele><time>2026-06-26T11:11:20-05:00</time><course>357.4864</course><roll>3.478718</roll><pitch>-4.50452</pitch><mode /></trkpt><trkpt lat="35.0473782" lon="-118.160507"><ele>833.64</ele><time>2026-06-26T11:11:20-05:00</time><course>356.498</course><roll>4.191513</roll><pitch>-4.035095</pitch><mode /></trkpt><trkpt lat="35.0473779" lon="-118.1605061"><ele>833.54</ele><time>2026-06-26T11:11:20-05:00</time><course>356.0493</course><roll>3.979364</roll><pitch>-4.12322</pitch><mode /></trkpt><trkpt lat="35.047378" lon="-118.1605056"><ele>833.56</ele><time>2026-06-26T11:11:20-05:00</time><course>356.6694</course><roll>3.773384</roll><pitch>-3.646323</pitch><mode /></trkpt><trkpt lat="35.0473782" lon="-118.1605051"><ele>833.58</ele><time>2026-06-26T11:11:20-05:00</time><course>357.8006</course><roll>3.004163</roll><pitch>-3.803786</pitch><mode /></trkpt><trkpt lat="35.0473785" lon="-118.1605049"><ele>833.59</ele><time>2026-06-26T11:11:21-05:00</time><course>359.9843</course><roll>2.585799</roll><pitch>-3.632795</pitch><mode /></trkpt><trkpt lat="35.0473787" lon="-118.1605046"><ele>833.61</ele><time>2026-06-26T11:11:21-05:00</time><course>2.845821</course><roll>2.608242</roll><pitch>-3.037589</pitch><mode /></trkpt><trkpt lat="35.0473785" lon="-118.1605036"><ele>833.65</ele><time>2026-06-26T11:11:21-05:00</time><course>11.32001</course><roll>3.907718</roll><pitch>-1.202002</pitch><mode /></trkpt><trkpt lat="35.0473784" lon="-118.1605034"><ele>833.68</ele><time>2026-06-26T11:11:22-05:00</time><course>11.00702</course><roll>3.73618</roll><pitch>-1.420518</pitch><mode /></trkpt><trkpt lat="35.0473783" lon="-118.1605032"><ele>833.71</ele><time>2026-06-26T11:11:22-05:00</time><course>10.76007</course><roll>3.862628</roll><pitch>-1.251665</pitch><mode /></trkpt><trkpt lat="35.0473782" lon="-118.1605031"><ele>833.73</ele><time>2026-06-26T11:11:22-05:00</time><course>10.0706</course><roll>3.736866</roll><pitch>-1.478829</pitch><mode /></trkpt><trkpt lat="35.0473781" lon="-118.1605029"><ele>833.74</ele><time>2026-06-26T11:11:22-05:00</time><course>9.005919</course><roll>4.691047</roll><pitch>-1.569351</pitch><mode /></trkpt><trkpt lat="35.047378" lon="-118.1605026"><ele>833.78</ele><time>2026-06-26T11:11:23-05:00</time><course>7.532715</course><roll>4.16803</roll><pitch>-1.826374</pitch><mode /></trkpt><trkpt lat="35.0473776" lon="-118.1605025"><ele>833.85</ele><time>2026-06-26T11:11:23-05:00</time><course>8.394155</course><roll>2.766789</roll><pitch>-0.9953363</pitch><mode /></trkpt><trkpt lat="35.0473778" lon="-118.1605028"><ele>833.9</ele><time>2026-06-26T11:11:23-05:00</time><course>10.589</course><roll>-0.7570366</roll><pitch>2.639465</pitch><mode /></trkpt><trkpt lat="35.0473776" lon="-118.1605039"><ele>833.92</ele><time>2026-06-26T11:11:24-05:00</time><course>5.122428</course><roll>-4.282578</roll><pitch>7.281256</pitch><mode /></trkpt><trkpt lat="35.0473775" lon="-118.1605043"><ele>833.92</ele><time>2026-06-26T11:11:24-05:00</time><course>359.3947</course><roll>-5.683279</roll><pitch>8.656617</pitch><mode /></trkpt><trkpt lat="35.0473778" lon="-118.1605045"><ele>834</ele><time>2026-06-26T11:11:24-05:00</time><course>354.6252</course><roll>-6.874591</roll><pitch>15.70702</pitch><mode /></trkpt><trkpt lat="35.0473777" lon="-118.1605039"><ele>834.27</ele><time>2026-06-26T11:11:24-05:00</time><course>341.7173</course><roll>-10.41788</roll><pitch>22.80339</pitch><mode /></trkpt><trkpt lat="35.047378" lon="-118.1605041"><ele>834.5</ele><time>2026-06-26T11:11:25-05:00</time><course>319.3017</course><roll>-16.83638</roll><pitch>25.8357</pitch><mode /></trkpt><trkpt lat="35.047379" lon="-118.1605049"><ele>834.62</ele><time>2026-06-26T11:11:25-05:00</time><course>301.0705</course><roll>-21.22729</roll><pitch>22.59213</pitch><mode /></trkpt><trkpt lat="35.0473799" lon="-118.1605041"><ele>834.58</ele><time>2026-06-26T11:11:25-05:00</time><course>285.0559</course><roll>-21.59903</roll><pitch>15.87167</pitch><mode /></trkpt><trkpt lat="35.0473806" lon="-118.1605039"><ele>834.47</ele><time>2026-06-26T11:11:25-05:00</time><course>280.7049</course><roll>-25.45909</roll><pitch>12.66783</pitch><mode /></trkpt><trkpt lat="35.0473807" lon="-118.1605045"><ele>834.43</ele><time>2026-06-26T11:11:25-05:00</time><course>283.6511</course><roll>-22.40472</roll><pitch>10.02569</pitch><mode /></trkpt><trkpt lat="35.0473804" lon="-118.1605051"><ele>834.35</ele><time>2026-06-26T11:11:26-05:00</time><course>285.3395</course><roll>-12.5722</roll><pitch>5.107876</pitch><mode /></trkpt><trkpt lat="35.04738" lon="-118.1605057"><ele>834.2</ele><time>2026-06-26T11:11:26-05:00</time><course>289.9088</course><roll>-13.39212</roll><pitch>3.91499</pitch><mode /></trkpt><trkpt lat="35.0473803" lon="-118.1605062"><ele>834.12</ele><time>2026-06-26T11:11:26-05:00</time><course>294.216</course><roll>-9.668887</roll><pitch>0.1490959</pitch><mode /></trkpt><trkpt lat="35.0473801" lon="-118.1605068"><ele>834.03</ele><time>2026-06-26T11:11:26-05:00</time><course>296.5016</course><roll>-3.219619</roll><pitch>-8.439516</pitch><mode /></trkpt><trkpt lat="35.0473806" lon="-118.1605069"><ele>834.02</ele><time>2026-06-26T11:11:27-05:00</time><course>294.1255</course><roll>-1.750997</roll><pitch>-8.379511</pitch><mode /></trkpt><trkpt lat="35.0473812" lon="-118.1605067"><ele>833.95</ele><time>2026-06-26T11:11:27-05:00</time><course>295.2784</course><roll>-1.486107</roll><pitch>-7.713832</pitch><mode /></trkpt><trkpt lat="35.0473819" lon="-118.160507"><ele>833.83</ele><time>2026-06-26T11:11:27-05:00</time><course>297.0012</course><roll>-2.894777</roll><pitch>-9.668366</pitch><mode /></trkpt><trkpt lat="35.0473822" lon="-118.1605071"><ele>833.71</ele><time>2026-06-26T11:11:27-05:00</time><course>296.8102</course><roll>0.3512171</roll><pitch>-11.74916</pitch><mode /></trkpt><trkpt lat="35.0473823" lon="-118.1605072"><ele>833.61</ele><time>2026-06-26T11:11:28-05:00</time><course>293.151</course><roll>3.520398</roll><pitch>-9.196423</pitch><mode /></trkpt><trkpt lat="35.0473829" lon="-118.1605074"><ele>833.47</ele><time>2026-06-26T11:11:28-05:00</time><course>288.7653</course><roll>1.278655</roll><pitch>-6.878983</pitch><mode /></trkpt><trkpt lat="35.0473838" lon="-118.1605083"><ele>833.27</ele><time>2026-06-26T11:11:28-05:00</time><course>285.7532</course><roll>3.008903</roll><pitch>-7.008554</pitch><mode /></trkpt><trkpt lat="35.0473845" lon="-118.1605091"><ele>833.11</ele><time>2026-06-26T11:11:28-05:00</time><course>284.3216</course><roll>7.435641</roll><pitch>-7.965054</pitch><mode /></trkpt><trkpt lat="35.0473851" lon="-118.1605097"><ele>832.97</ele><time>2026-06-26T11:11:28-05:00</time><course>284.7839</course><roll>5.967825</roll><pitch>-7.996782</pitch><mode /></trkpt><trkpt lat="35.0473856" lon="-118.1605104"><ele>832.87</ele><time>2026-06-26T11:11:29-05:00</time><course>285.0942</course><roll>6.569304</roll><pitch>-6.987683</pitch><mode /></trkpt><trkpt lat="35.0473859" lon="-118.1605109"><ele>832.8</ele><time>2026-06-26T11:11:29-05:00</time><course>285.4426</course><roll>6.516196</roll><pitch>-7.050857</pitch><mode /></trkpt><trkpt lat="35.0473857" lon="-118.1605114"><ele>832.78</ele><time>2026-06-26T11:11:29-05:00</time><course>285.3916</course><roll>5.131</roll><pitch>-7.809985</pitch><mode /></trkpt><trkpt lat="35.0473854" lon="-118.1605118"><ele>832.78</ele><time>2026-06-26T11:11:29-05:00</time><course>285.0164</course><roll>3.946194</roll><pitch>-7.761661</pitch><mode /></trkpt><trkpt lat="35.0473848" lon="-118.1605121"><ele>832.79</ele><time>2026-06-26T11:11:30-05:00</time><course>285.3025</course><roll>6.588021</roll><pitch>-8.915374</pitch><mode /></trkpt><trkpt lat="35.0473841" lon="-118.1605124"><ele>832.77</ele><time>2026-06-26T11:11:30-05:00</time><course>285.1608</course><roll>6.540869</roll><pitch>-9.604248</pitch><mode /></trkpt><trkpt lat="35.0473837" lon="-118.1605129"><ele>832.78</ele><time>2026-06-26T11:11:30-05:00</time><course>285.0393</course><roll>5.299352</roll><pitch>-9.792771</pitch><mode /></trkpt><trkpt lat="35.0473831" lon="-118.1605133"><ele>832.78</ele><time>2026-06-26T11:11:30-05:00</time><course>285.2376</course><roll>6.67773</roll><pitch>-9.733675</pitch><mode /></trkpt><trkpt lat="35.0473822" lon="-118.1605137"><ele>832.82</ele><time>2026-06-26T11:11:30-05:00</time><course>286.6807</course><roll>7.513259</roll><pitch>-9.052383</pitch><mode /></trkpt><trkpt lat="35.0473817" lon="-118.160514"><ele>832.83</ele><time>2026-06-26T11:11:31-05:00</time><course>286.5988</course><roll>9.470017</roll><pitch>-9.58206</pitch><mode /></trkpt><trkpt lat="35.0473811" lon="-118.1605143"><ele>832.88</ele><time>2026-06-26T11:11:31-05:00</time><course>285.8246</course><roll>10.4256</roll><pitch>-10.01866</pitch><mode /></trkpt><trkpt lat="35.0473806" lon="-118.1605144"><ele>832.93</ele><time>2026-06-26T11:11:31-05:00</time><course>285.4536</course><roll>9.999264</roll><pitch>-9.407581</pitch><mode /></trkpt><trkpt lat="35.0473802" lon="-118.1605143"><ele>832.98</ele><time>2026-06-26T11:11:31-05:00</time><course>287.2984</course><roll>5.537966</roll><pitch>-9.433665</pitch><mode /></trkpt><trkpt lat="35.0473797" lon="-118.1605145"><ele>833.07</ele><time>2026-06-26T11:11:32-05:00</time><course>288.3634</course><roll>5.369678</roll><pitch>-8.748769</pitch><mode /></trkpt><trkpt lat="35.0473795" lon="-118.160515"><ele>833.09</ele><time>2026-06-26T11:11:32-05:00</time><course>287.4949</course><roll>5.326912</roll><pitch>-8.904431</pitch><mode /></trkpt><trkpt lat="35.0473792" lon="-118.1605153"><ele>833.11</ele><time>2026-06-26T11:11:32-05:00</time><course>287.3942</course><roll>5.29617</roll><pitch>-9.114598</pitch><mode /></trkpt><trkpt lat="35.0473789" lon="-118.1605156"><ele>833.13</ele><time>2026-06-26T11:11:32-05:00</time><course>287.2386</course><roll>5.807871</roll><pitch>-9.898779</pitch><mode /></trkpt><trkpt lat="35.0473788" lon="-118.1605159"><ele>833.15</ele><time>2026-06-26T11:11:32-05:00</time><course>286.7579</course><roll>5.017201</roll><pitch>-9.758637</pitch><mode /></trkpt><trkpt lat="35.0473786" lon="-118.1605161"><ele>833.17</ele><time>2026-06-26T11:11:33-05:00</time><course>287.4011</course><roll>2.470746</roll><pitch>-9.861555</pitch><mode /></trkpt><trkpt lat="35.0473788" lon="-118.1605168"><ele>833.29</ele><time>2026-06-26T11:11:33-05:00</time><course>287.4449</course><roll>-0.7846127</roll><pitch>-9.791514</pitch><mode /></trkpt><trkpt lat="35.0473789" lon="-118.1605173"><ele>833.37</ele><time>2026-06-26T11:11:33-05:00</time><course>287.3705</course><roll>1.765232</roll><pitch>-9.637436</pitch><mode /></trkpt><trkpt lat="35.047379" lon="-118.1605179"><ele>833.43</ele><time>2026-06-26T11:11:33-05:00</time><course>287.6721</course><roll>1.1293</roll><pitch>-9.997411</pitch><mode /></trkpt><trkpt lat="35.0473791" lon="-118.1605185"><ele>833.49</ele><time>2026-06-26T11:11:34-05:00</time><course>287.3224</course><roll>2.74814</roll><pitch>-10.03807</pitch><mode /></trkpt><trkpt lat="35.0473792" lon="-118.1605193"><ele>833.59</ele><time>2026-06-26T11:11:34-05:00</time><course>287.0451</course><roll>1.30086</roll><pitch>-10.15541</pitch><mode /></trkpt><trkpt lat="35.0473788" lon="-118.1605194"><ele>833.6</ele><time>2026-06-26T11:11:35-05:00</time><course>287.627</course><roll>4.628332</roll><pitch>-10.27764</pitch><mode /></trkpt><trkpt lat="35.0473789" lon="-118.1605196"><ele>833.61</ele><time>2026-06-26T11:11:35-05:00</time><course>287.0538</course><roll>4.814949</roll><pitch>-10.77357</pitch><mode /></trkpt><trkpt lat="35.047379" lon="-118.1605199"><ele>833.65</ele><time>2026-06-26T11:11:35-05:00</time><course>286.3829</course><roll>6.151618</roll><pitch>-11.85357</pitch><mode /></trkpt><trkpt lat="35.0473793" lon="-118.1605204"><ele>833.7</ele><time>2026-06-26T11:11:35-05:00</time><course>286.0222</course><roll>8.187465</roll><pitch>-14.06249</pitch><mode /></trkpt><trkpt lat="35.0473795" lon="-118.1605214"><ele>833.76</ele><time>2026-06-26T11:11:35-05:00</time><course>288.4253</course><roll>8.628048</roll><pitch>-16.83025</pitch><mode /></trkpt><trkpt lat="35.0473797" lon="-118.1605223"><ele>833.84</ele><time>2026-06-26T11:11:36-05:00</time><course>291.805</course><roll>3.505996</roll><pitch>-20.35494</pitch><mode /></trkpt><trkpt lat="35.0473801" lon="-118.1605233"><ele>833.92</ele><time>2026-06-26T11:11:36-05:00</time><course>295.0975</course><roll>1.391098</roll><pitch>-19.18555</pitch><mode /></trkpt><trkpt lat="35.0473803" lon="-118.1605239"><ele>833.98</ele><time>2026-06-26T11:11:36-05:00</time><course>294.0011</course><roll>3.96444</roll><pitch>-17.61012</pitch><mode /></trkpt><trkpt lat="35.0473804" lon="-118.1605246"><ele>834.01</ele><time>2026-06-26T11:11:36-05:00</time><course>292.7026</course><roll>4.187528</roll><pitch>-16.55346</pitch><mode /></trkpt><trkpt lat="35.0473809" lon="-118.1605255"><ele>834.07</ele><time>2026-06-26T11:11:36-05:00</time><course>294.5157</course><roll>2.368963</roll><pitch>-15.24599</pitch><mode /></trkpt><trkpt lat="35.047381" lon="-118.1605258"><ele>834.04</ele><time>2026-06-26T11:11:37-05:00</time><course>296.0706</course><roll>6.140259</roll><pitch>-13.21218</pitch><mode /></trkpt><trkpt lat="35.0473815" lon="-118.1605263"><ele>834.07</ele><time>2026-06-26T11:11:37-05:00</time><course>297.367</course><roll>9.875401</roll><pitch>-11.84622</pitch><mode /></trkpt><trkpt lat="35.0473821" lon="-118.1605266"><ele>834.12</ele><time>2026-06-26T11:11:37-05:00</time><course>298.6046</course><roll>6.26054</roll><pitch>-12.98696</pitch><mode /></trkpt><trkpt lat="35.047383" lon="-118.1605272"><ele>834.19</ele><time>2026-06-26T11:11:37-05:00</time><course>299.5396</course><roll>3.690841</roll><pitch>-12.72089</pitch><mode /></trkpt><trkpt lat="35.0473838" lon="-118.1605276"><ele>834.27</ele><time>2026-06-26T11:11:37-05:00</time><course>299.8725</course><roll>3.668768</roll><pitch>-12.06738</pitch><mode /></trkpt><trkpt lat="35.0473846" lon="-118.1605281"><ele>834.32</ele><time>2026-06-26T11:11:38-05:00</time><course>298.5442</course><roll>1.847837</roll><pitch>-10.47362</pitch><mode /></trkpt><trkpt lat="35.0473856" lon="-118.1605286"><ele>834.43</ele><time>2026-06-26T11:11:38-05:00</time><course>297.2183</course><roll>0.2060218</roll><pitch>-12.25688</pitch><mode /></trkpt><trkpt lat="35.0473863" lon="-118.1605291"><ele>834.5</ele><time>2026-06-26T11:11:38-05:00</time><course>295.6962</course><roll>1.703135</roll><pitch>-13.7711</pitch><mode /></trkpt><trkpt lat="35.0473871" lon="-118.1605295"><ele>834.6</ele><time>2026-06-26T11:11:38-05:00</time><course>295.0095</course><roll>0.8711235</roll><pitch>-13.49023</pitch><mode /></trkpt><trkpt lat="35.0473879" lon="-118.1605299"><ele>834.68</ele><time>2026-06-26T11:11:38-05:00</time><course>293.1689</course><roll>3.166635</roll><pitch>-13.64227</pitch><mode /></trkpt><trkpt lat="35.0473885" lon="-118.1605301"><ele>834.73</ele><time>2026-06-26T11:11:39-05:00</time><course>291.7632</course><roll>5.347731</roll><pitch>-14.22875</pitch><mode /></trkpt><trkpt lat="35.047389" lon="-118.1605304"><ele>834.79</ele><time>2026-06-26T11:11:39-05:00</time><course>293.4505</course><roll>5.465971</roll><pitch>-14.42435</pitch><mode /></trkpt><trkpt lat="35.0473896" lon="-118.1605307"><ele>834.82</ele><time>2026-06-26T11:11:39-05:00</time><course>294.5511</course><roll>1.970066</roll><pitch>-14.02421</pitch><mode /></trkpt><trkpt lat="35.0473902" lon="-118.1605309"><ele>834.85</ele><time>2026-06-26T11:11:39-05:00</time><course>295.7441</course><roll>0.87296</roll><pitch>-13.87295</pitch><mode /></trkpt><trkpt lat="35.0473908" lon="-118.1605313"><ele>834.88</ele><time>2026-06-26T11:11:39-05:00</time><course>296.7415</course><roll>2.422921</roll><pitch>-15.15736</pitch><mode /></trkpt><trkpt lat="35.0473913" lon="-118.1605314"><ele>834.92</ele><time>2026-06-26T11:11:40-05:00</time><course>296.8931</course><roll>2.18467</roll><pitch>-15.69481</pitch><mode /></trkpt><trkpt lat="35.0473918" lon="-118.1605315"><ele>834.95</ele><time>2026-06-26T11:11:40-05:00</time><course>294.973</course><roll>0.5461529</roll><pitch>-16.2541</pitch><mode /></trkpt><trkpt lat="35.0473922" lon="-118.1605317"><ele>834.97</ele><time>2026-06-26T11:11:40-05:00</time><course>294.0977</course><roll>3.3598</roll><pitch>-16.04305</pitch><mode /></trkpt><trkpt lat="35.0473925" lon="-118.160532"><ele>834.99</ele><time>2026-06-26T11:11:40-05:00</time><course>293.6924</course><roll>3.367227</roll><pitch>-15.04152</pitch><mode /></trkpt><trkpt lat="35.047393" lon="-118.1605323"><ele>834.99</ele><time>2026-06-26T11:11:40-05:00</time><course>293.8805</course><roll>4.333056</roll><pitch>-14.58776</pitch><mode /></trkpt><trkpt lat="35.0473933" lon="-118.1605325"><ele>834.98</ele><time>2026-06-26T11:11:41-05:00</time><course>294.0207</course><roll>7.435426</roll><pitch>-14.88485</pitch><mode /></trkpt><trkpt lat="35.0473937" lon="-118.1605327"><ele>834.96</ele><time>2026-06-26T11:11:41-05:00</time><course>294.1458</course><roll>3.815288</roll><pitch>-14.45284</pitch><mode /></trkpt><trkpt lat="35.047394" lon="-118.1605328"><ele>834.98</ele><time>2026-06-26T11:11:41-05:00</time><course>295.1507</course><roll>2.987699</roll><pitch>-13.4681</pitch><mode /></trkpt><trkpt lat="35.0473942" lon="-118.1605329"><ele>834.98</ele><time>2026-06-26T11:11:41-05:00</time><course>295.0393</course><roll>0.8767692</roll><pitch>-14.14903</pitch><mode /></trkpt><trkpt lat="35.0473946" lon="-118.160533"><ele>834.97</ele><time>2026-06-26T11:11:41-05:00</time><course>292.8304</course><roll>3.453956</roll><pitch>-14.43039</pitch><mode /></trkpt><trkpt lat="35.047395" lon="-118.1605331"><ele>834.98</ele><time>2026-06-26T11:11:42-05:00</time><course>292.7758</course><roll>5.464296</roll><pitch>-13.85472</pitch><mode /></trkpt><trkpt lat="35.0473955" lon="-118.1605333"><ele>834.98</ele><time>2026-06-26T11:11:42-05:00</time><course>292.108</course><roll>4.321593</roll><pitch>-14.92595</pitch><mode /></trkpt><trkpt lat="35.0473958" lon="-118.1605334"><ele>835.01</ele><time>2026-06-26T11:11:42-05:00</time><course>290.414</course><roll>8.496451</roll><pitch>-15.77934</pitch><mode /></trkpt><trkpt lat="35.0473957" lon="-118.1605332"><ele>835</ele><time>2026-06-26T11:11:42-05:00</time><course>291.1193</course><roll>8.15534</roll><pitch>-15.53028</pitch><mode /></trkpt><trkpt lat="35.0473958" lon="-118.1605331"><ele>834.99</ele><time>2026-06-26T11:11:42-05:00</time><course>291.6618</course><roll>7.314686</roll><pitch>-13.62758</pitch><mode /></trkpt><trkpt lat="35.0473961" lon="-118.160533"><ele>834.96</ele><time>2026-06-26T11:11:43-05:00</time><course>290.2365</course><roll>10.00519</roll><pitch>-16.33315</pitch><mode /></trkpt><trkpt lat="35.047396" lon="-118.1605329"><ele>834.95</ele><time>2026-06-26T11:11:43-05:00</time><course>291.0261</course><roll>9.154652</roll><pitch>-15.63289</pitch><mode /></trkpt><trkpt lat="35.0473959" lon="-118.1605328"><ele>834.94</ele><time>2026-06-26T11:11:43-05:00</time><course>291.6829</course><roll>9.175524</roll><pitch>-14.35578</pitch><mode /></trkpt><trkpt lat="35.0473964" lon="-118.160533"><ele>834.92</ele><time>2026-06-26T11:11:43-05:00</time><course>292.6026</course><roll>6.340123</roll><pitch>-12.99916</pitch><mode /></trkpt><trkpt lat="35.0473968" lon="-118.1605334"><ele>834.9</ele><time>2026-06-26T11:11:44-05:00</time><course>292.0974</course><roll>8.676699</roll><pitch>-14.71545</pitch><mode /></trkpt><trkpt lat="35.0473972" lon="-118.1605339"><ele>834.91</ele><time>2026-06-26T11:11:44-05:00</time><course>292.3516</course><roll>9.245613</roll><pitch>-17.81703</pitch><mode /></trkpt><trkpt lat="35.0473974" lon="-118.1605347"><ele>834.87</ele><time>2026-06-26T11:11:44-05:00</time><course>290.8427</course><roll>11.9001</roll><pitch>-17.47043</pitch><mode /></trkpt><trkpt lat="35.0473978" lon="-118.1605368"><ele>834.86</ele><time>2026-06-26T11:11:44-05:00</time><course>285.1316</course><roll>12.64493</roll><pitch>-17.49983</pitch><mode /></trkpt><trkpt lat="35.0473992" lon="-118.1605433"><ele>835.01</ele><time>2026-06-26T11:11:44-05:00</time><course>277.7587</course><roll>4.40994</roll><pitch>-6.879385</pitch><mode /></trkpt><trkpt lat="35.0474019" lon="-118.1605543"><ele>835.15</ele><time>2026-06-26T11:11:45-05:00</time><course>271.5176</course><roll>0.5638615</roll><pitch>0.6876196</pitch><mode /></trkpt><trkpt lat="35.0474047" lon="-118.1605672"><ele>834.96</ele><time>2026-06-26T11:11:45-05:00</time><course>272.9575</course><roll>1.965923</roll><pitch>-4.068386</pitch><mode /></trkpt><trkpt lat="35.0474075" lon="-118.1605818"><ele>834.85</ele><time>2026-06-26T11:11:45-05:00</time><course>273.9525</course><roll>1.749521</roll><pitch>-8.976806</pitch><mode /></trkpt><trkpt lat="35.0474101" lon="-118.1605972"><ele>835.03</ele><time>2026-06-26T11:11:45-05:00</time><course>274.4989</course><roll>6.713481</roll><pitch>-7.456835</pitch><mode /></trkpt><trkpt lat="35.0474127" lon="-118.1606136"><ele>835.3</ele><time>2026-06-26T11:11:45-05:00</time><course>272.4468</course><roll>3.214944</roll><pitch>-7.321875</pitch><mode /></trkpt><trkpt lat="35.0474157" lon="-118.1606316"><ele>835.42</ele><time>2026-06-26T11:11:46-05:00</time><course>267.8297</course><roll>-2.330518</roll><pitch>-7.678215</pitch><mode /></trkpt><trkpt lat="35.0474185" lon="-118.1606505"><ele>835.65</ele><time>2026-06-26T11:11:46-05:00</time><course>267.356</course><roll>-1.0676</roll><pitch>-9.233797</pitch><mode /></trkpt><trkpt lat="35.0474213" lon="-118.1606706"><ele>835.92</ele><time>2026-06-26T11:11:46-05:00</time><course>268.4956</course><roll>-5.444303</roll><pitch>-11.29155</pitch><mode /></trkpt><trkpt lat="35.0474243" lon="-118.1606912"><ele>836.29</ele><time>2026-06-26T11:11:46-05:00</time><course>265.843</course><roll>-2.954788</roll><pitch>-13.15177</pitch><mode /></trkpt><trkpt lat="35.0474272" lon="-118.1607114"><ele>836.83</ele><time>2026-06-26T11:11:46-05:00</time><course>268.6646</course><roll>-4.282739</roll><pitch>-11.13132</pitch><mode /></trkpt><trkpt lat="35.0474292" lon="-118.1607315"><ele>837.43</ele><time>2026-06-26T11:11:47-05:00</time><course>272.8177</course><roll>-2.746353</roll><pitch>-8.836185</pitch><mode /></trkpt><trkpt lat="35.047431" lon="-118.160752"><ele>837.88</ele><time>2026-06-26T11:11:47-05:00</time><course>273.6462</course><roll>-1.376663</roll><pitch>-9.240314</pitch><mode /></trkpt><trkpt lat="35.0474325" lon="-118.160772"><ele>838.35</ele><time>2026-06-26T11:11:47-05:00</time><course>273.6819</course><roll>-9.31299</roll><pitch>-11.0333</pitch><mode /></trkpt><trkpt lat="35.0474353" lon="-118.1607917"><ele>838.78</ele><time>2026-06-26T11:11:47-05:00</time><course>261.5768</course><roll>-5.125085</roll><pitch>-11.43202</pitch><mode /></trkpt><trkpt lat="35.0474385" lon="-118.1608107"><ele>839.25</ele><time>2026-06-26T11:11:47-05:00</time><course>268.179</course><roll>-6.604517</roll><pitch>-11.56241</pitch><mode /></trkpt><trkpt lat="35.0474409" lon="-118.1608289"><ele>839.73</ele><time>2026-06-26T11:11:48-05:00</time><course>270.632</course><roll>-1.463387</roll><pitch>-12.82584</pitch><mode /></trkpt><trkpt lat="35.0474439" lon="-118.1608457"><ele>840.19</ele><time>2026-06-26T11:11:48-05:00</time><course>270.6288</course><roll>-0.561201</roll><pitch>-12.9544</pitch><mode /></trkpt><trkpt lat="35.0474466" lon="-118.1608619"><ele>840.7</ele><time>2026-06-26T11:11:48-05:00</time><course>270.6495</course><roll>2.331652</roll><pitch>-12.17682</pitch><mode /></trkpt><trkpt lat="35.0474493" lon="-118.1608772"><ele>840.95</ele><time>2026-06-26T11:11:48-05:00</time><course>268.7929</course><roll>2.275434</roll><pitch>-9.966619</pitch><mode /></trkpt><trkpt lat="35.0474514" lon="-118.1608918"><ele>841.21</ele><time>2026-06-26T11:11:48-05:00</time><course>270.8859</course><roll>-0.3659421</roll><pitch>-9.049406</pitch><mode /></trkpt><trkpt lat="35.0474529" lon="-118.1609059"><ele>841.36</ele><time>2026-06-26T11:11:49-05:00</time><course>273.1351</course><roll>-4.206916</roll><pitch>-9.83158</pitch><mode /></trkpt><trkpt lat="35.0474546" lon="-118.1609197"><ele>841.49</ele><time>2026-06-26T11:11:49-05:00</time><course>269.9003</course><roll>-2.046059</roll><pitch>-11.1058</pitch><mode /></trkpt><trkpt lat="35.047456" lon="-118.1609328"><ele>841.78</ele><time>2026-06-26T11:11:49-05:00</time><course>272.5435</course><roll>-1.248708</roll><pitch>-10.1647</pitch><mode /></trkpt><trkpt lat="35.0474575" lon="-118.1609461"><ele>842.04</ele><time>2026-06-26T11:11:49-05:00</time><course>274.9076</course><roll>-1.605534</roll><pitch>-9.746895</pitch><mode /></trkpt><trkpt lat="35.0474596" lon="-118.1609589"><ele>842.36</ele><time>2026-06-26T11:11:49-05:00</time><course>271.7769</course><roll>-0.7442062</roll><pitch>-6.653193</pitch><mode /></trkpt><trkpt lat="35.0474604" lon="-118.1609712"><ele>842.67</ele><time>2026-06-26T11:11:50-05:00</time><course>272.4125</course><roll>-0.1960027</roll><pitch>-0.7331661</pitch><mode /></trkpt><trkpt lat="35.0474617" lon="-118.1609836"><ele>842.85</ele><time>2026-06-26T11:11:50-05:00</time><course>269.7109</course><roll>-1.332163</roll><pitch>1.060788</pitch><mode /></trkpt><trkpt lat="35.0474625" lon="-118.1609961"><ele>842.85</ele><time>2026-06-26T11:11:50-05:00</time><course>272.3723</course><roll>-0.1566483</roll><pitch>2.171028</pitch><mode /></trkpt><trkpt lat="35.0474636" lon="-118.1610236"><ele>842.68</ele><time>2026-06-26T11:11:50-05:00</time><course>275.9937</course><roll>-0.8761923</roll><pitch>-5.588484</pitch><mode /></trkpt><trkpt lat="35.0474651" lon="-118.161038"><ele>842.74</ele><time>2026-06-26T11:11:51-05:00</time><course>268.7228</course><roll>-5.155819</roll><pitch>-8.515839</pitch><mode /></trkpt><trkpt lat="35.0474672" lon="-118.1610512"><ele>842.96</ele><time>2026-06-26T11:11:51-05:00</time><course>262.9112</course><roll>0.6098371</roll><pitch>-7.471934</pitch><mode /></trkpt><trkpt lat="35.0474685" lon="-118.1610645"><ele>843.2</ele><time>2026-06-26T11:11:51-05:00</time><course>268.0767</course><roll>1.057474</roll><pitch>-7.024562</pitch><mode /></trkpt><trkpt lat="35.0474692" lon="-118.1610785"><ele>843.42</ele><time>2026-06-26T11:11:51-05:00</time><course>270.0292</course><roll>1.248805</roll><pitch>-7.729377</pitch><mode /></trkpt><trkpt lat="35.0474699" lon="-118.1610926"><ele>843.78</ele><time>2026-06-26T11:11:51-05:00</time><course>272.3044</course><roll>4.603071</roll><pitch>-9.326405</pitch><mode /></trkpt><trkpt lat="35.0474704" lon="-118.1611068"><ele>844.02</ele><time>2026-06-26T11:11:52-05:00</time><course>278.4895</course><roll>-7.772632</roll><pitch>-12.43359</pitch><mode /></trkpt><trkpt lat="35.047472" lon="-118.1611217"><ele>844.27</ele><time>2026-06-26T11:11:52-05:00</time><course>271.1515</course><roll>-8.168653</roll><pitch>-10.49403</pitch><mode /></trkpt><trkpt lat="35.0474743" lon="-118.1611366"><ele>844.6</ele><time>2026-06-26T11:11:52-05:00</time><course>266.0876</course><roll>-11.56181</roll><pitch>-9.372677</pitch><mode /></trkpt><trkpt lat="35.0474764" lon="-118.1611518"><ele>844.97</ele><time>2026-06-26T11:11:52-05:00</time><course>273.0959</course><roll>-19.43234</roll><pitch>-6.266757</pitch><mode /></trkpt><trkpt lat="35.0474801" lon="-118.1611675"><ele>845.23</ele><time>2026-06-26T11:11:52-05:00</time><course>274.0103</course><roll>-20.72119</roll><pitch>-7.268001</pitch><mode /></trkpt><trkpt lat="35.0474854" lon="-118.1611836"><ele>845.46</ele><time>2026-06-26T11:11:53-05:00</time><course>275.7024</course><roll>-23.53621</roll><pitch>-7.870022</pitch><mode /></trkpt><trkpt lat="35.0474916" lon="-118.1611996"><ele>845.71</ele><time>2026-06-26T11:11:53-05:00</time><course>279.9398</course><roll>-24.2339</roll><pitch>-6.45395</pitch><mode /></trkpt><trkpt lat="35.0474986" lon="-118.1612164"><ele>845.83</ele><time>2026-06-26T11:11:53-05:00</time><course>283.6249</course><roll>-28.36144</roll><pitch>-7.275522</pitch><mode /></trkpt><trkpt lat="35.0475069" lon="-118.1612326"><ele>846.06</ele><time>2026-06-26T11:11:53-05:00</time><course>283.5915</course><roll>-27.58465</roll><pitch>-11.1511</pitch><mode /></trkpt><trkpt lat="35.0475165" lon="-118.1612478"><ele>846.38</ele><time>2026-06-26T11:11:53-05:00</time><course>285.3601</course><roll>-24.76509</roll><pitch>-10.20357</pitch><mode /></trkpt><trkpt lat="35.0475272" lon="-118.1612623"><ele>846.88</ele><time>2026-06-26T11:11:54-05:00</time><course>292.808</course><roll>-24.21105</roll><pitch>-7.81982</pitch><mode /></trkpt><trkpt lat="35.047539" lon="-118.1612774"><ele>847.2</ele><time>2026-06-26T11:11:54-05:00</time><course>295.845</course><roll>-24.92756</roll><pitch>-8.110333</pitch><mode /></trkpt><trkpt lat="35.0475518" lon="-118.1612915"><ele>847.59</ele><time>2026-06-26T11:11:54-05:00</time><course>298.5132</course><roll>-24.78853</roll><pitch>-8.3848</pitch><mode /></trkpt><trkpt lat="35.0475657" lon="-118.1613042"><ele>848.05</ele><time>2026-06-26T11:11:54-05:00</time><course>302.2054</course><roll>-25.65806</roll><pitch>-8.386794</pitch><mode /></trkpt><trkpt lat="35.0475811" lon="-118.161315"><ele>848.54</ele><time>2026-06-26T11:11:54-05:00</time><course>303.9331</course><roll>-26.14988</roll><pitch>-9.058941</pitch><mode /></trkpt><trkpt lat="35.0475978" lon="-118.1613243"><ele>848.98</ele><time>2026-06-26T11:11:55-05:00</time><course>306.0808</course><roll>-25.28508</roll><pitch>-8.705976</pitch><mode /></trkpt><trkpt lat="35.047615" lon="-118.1613322"><ele>849.56</ele><time>2026-06-26T11:11:55-05:00</time><course>308.7594</course><roll>-24.51431</roll><pitch>-7.246979</pitch><mode /></trkpt><trkpt lat="35.0476322" lon="-118.1613383"><ele>850.04</ele><time>2026-06-26T11:11:55-05:00</time><course>311.8147</course><roll>-25.82525</roll><pitch>-6.744681</pitch><mode /></trkpt><trkpt lat="35.0476507" lon="-118.161343"><ele>850.45</ele><time>2026-06-26T11:11:55-05:00</time><course>313.0506</course><roll>-23.74213</roll><pitch>-6.77237</pitch><mode /></trkpt><trkpt lat="35.0476702" lon="-118.1613459"><ele>850.95</ele><time>2026-06-26T11:11:55-05:00</time><course>315.7306</course><roll>-26.46068</roll><pitch>-5.692281</pitch><mode /></trkpt><trkpt lat="35.0476906" lon="-118.1613475"><ele>851.29</ele><time>2026-06-26T11:11:56-05:00</time><course>320.4588</course><roll>-32.98533</roll><pitch>-5.519485</pitch><mode /></trkpt><trkpt lat="35.0477342" lon="-118.1613462"><ele>851.67</ele><time>2026-06-26T11:11:56-05:00</time><course>325.1993</course><roll>-34.36057</roll><pitch>-6.81148</pitch><mode /></trkpt><trkpt lat="35.0477567" lon="-118.1613427"><ele>851.89</ele><time>2026-06-26T11:11:56-05:00</time><course>330.906</course><roll>-36.92809</roll><pitch>-4.587125</pitch><mode /></trkpt><trkpt lat="35.04778" lon="-118.1613366"><ele>852.11</ele><time>2026-06-26T11:11:56-05:00</time><course>335.9213</course><roll>-39.27907</roll><pitch>-5.43619</pitch><mode /></trkpt><trkpt lat="35.0478044" lon="-118.1613276"><ele>852.2</ele><time>2026-06-26T11:11:57-05:00</time><course>338.304</course><roll>-42.7326</roll><pitch>-10.31342</pitch><mode /></trkpt><trkpt lat="35.0478307" lon="-118.1613158"><ele>852.16</ele><time>2026-06-26T11:11:57-05:00</time><course>341.4348</course><roll>-44.53405</roll><pitch>-11.37575</pitch><mode /></trkpt><trkpt lat="35.0478578" lon="-118.1613023"><ele>852.19</ele><time>2026-06-26T11:11:57-05:00</time><course>343.2165</course><roll>-38.35895</roll><pitch>-12.68427</pitch><mode /></trkpt><trkpt lat="35.0478854" lon="-118.1612864"><ele>852.17</ele><time>2026-06-26T11:11:57-05:00</time><course>345.8256</course><roll>-34.24242</roll><pitch>-12.06292</pitch><mode /></trkpt><trkpt lat="35.0479129" lon="-118.1612677"><ele>852.33</ele><time>2026-06-26T11:11:57-05:00</time><course>349.7049</course><roll>-33.51019</roll><pitch>-8.64551</pitch><mode /></trkpt><trkpt lat="35.0479405" lon="-118.1612474"><ele>852.47</ele><time>2026-06-26T11:11:58-05:00</time><course>353.5468</course><roll>-36.91183</roll><pitch>-6.779893</pitch><mode /></trkpt><trkpt lat="35.0479687" lon="-118.1612263"><ele>852.32</ele><time>2026-06-26T11:11:58-05:00</time><course>355.498</course><roll>-34.16691</roll><pitch>-7.180492</pitch><mode /></trkpt><trkpt lat="35.047997" lon="-118.1612032"><ele>852.23</ele><time>2026-06-26T11:11:58-05:00</time><course>1.235853</course><roll>-30.73832</roll><pitch>-5.584753</pitch><mode /></trkpt><trkpt lat="35.0480258" lon="-118.1611782"><ele>852.06</ele><time>2026-06-26T11:11:58-05:00</time><course>5.195549</course><roll>-30.92398</roll><pitch>-6.442525</pitch><mode /></trkpt><trkpt lat="35.0480548" lon="-118.1611512"><ele>851.88</ele><time>2026-06-26T11:11:58-05:00</time><course>7.575659</course><roll>-28.32737</roll><pitch>-7.96443</pitch><mode /></trkpt><trkpt lat="35.0480842" lon="-118.1611223"><ele>851.66</ele><time>2026-06-26T11:11:59-05:00</time><course>10.6735</course><roll>-28.10325</roll><pitch>-9.004183</pitch><mode /></trkpt><trkpt lat="35.0481133" lon="-118.161092"><ele>851.67</ele><time>2026-06-26T11:11:59-05:00</time><course>12.85576</course><roll>-28.26407</roll><pitch>-10.13407</pitch><mode /></trkpt><trkpt lat="35.0481424" lon="-118.1610598"><ele>851.66</ele><time>2026-06-26T11:11:59-05:00</time><course>15.38055</course><roll>-17.56184</roll><pitch>-9.824829</pitch><mode /></trkpt><trkpt lat="35.0481709" lon="-118.1610259"><ele>851.84</ele><time>2026-06-26T11:11:59-05:00</time><course>18.43213</course><roll>-13.71856</roll><pitch>-9.590622</pitch><mode /></trkpt><trkpt lat="35.0481998" lon="-118.1609914"><ele>851.88</ele><time>2026-06-26T11:11:59-05:00</time><course>21.57607</course><roll>-12.16866</roll><pitch>-10.80971</pitch><mode /></trkpt><trkpt lat="35.0482277" lon="-118.1609558"><ele>852.13</ele><time>2026-06-26T11:12:00-05:00</time><course>23.18278</course><roll>-13.64716</roll><pitch>-10.52337</pitch><mode /></trkpt><trkpt lat="35.0482549" lon="-118.1609195"><ele>852.4</ele><time>2026-06-26T11:12:00-05:00</time><course>23.58943</course><roll>-15.29522</roll><pitch>-10.94242</pitch><mode /></trkpt><trkpt lat="35.0482817" lon="-118.1608825"><ele>852.63</ele><time>2026-06-26T11:12:00-05:00</time><course>24.72581</course><roll>-17.86151</roll><pitch>-12.93571</pitch><mode /></trkpt><trkpt lat="35.0483074" lon="-118.1608447"><ele>852.95</ele><time>2026-06-26T11:12:00-05:00</time><course>26.06863</course><roll>-18.31293</roll><pitch>-13.30813</pitch><mode /></trkpt><trkpt lat="35.0483322" lon="-118.160806"><ele>853.24</ele><time>2026-06-26T11:12:00-05:00</time><course>27.57683</course><roll>-18.39354</roll><pitch>-12.80579</pitch><mode /></trkpt><trkpt lat="35.0483562" lon="-118.1607665"><ele>853.58</ele><time>2026-06-26T11:12:01-05:00</time><course>32.11029</course><roll>-19.90395</roll><pitch>-12.30481</pitch><mode /></trkpt><trkpt lat="35.0483798" lon="-118.1607259"><ele>853.91</ele><time>2026-06-26T11:12:01-05:00</time><course>34.12273</course><roll>-19.7196</roll><pitch>-12.56401</pitch><mode /></trkpt><trkpt lat="35.0484023" lon="-118.1606838"><ele>854.33</ele><time>2026-06-26T11:12:01-05:00</time><course>36.47383</course><roll>-20.45889</roll><pitch>-13.15098</pitch><mode /></trkpt><trkpt lat="35.0484236" lon="-118.1606405"><ele>854.9</ele><time>2026-06-26T11:12:01-05:00</time><course>39.54233</course><roll>-24.52548</roll><pitch>-13.42278</pitch><mode /></trkpt><trkpt lat="35.0484441" lon="-118.1605962"><ele>855.46</ele><time>2026-06-26T11:12:01-05:00</time><course>43.69872</course><roll>-29.50233</roll><pitch>-12.90989</pitch><mode /></trkpt><trkpt lat="35.0484635" lon="-118.1605506"><ele>856.01</ele><time>2026-06-26T11:12:02-05:00</time><course>48.9007</course><roll>-34.59692</roll><pitch>-11.85377</pitch><mode /></trkpt><trkpt lat="35.0484815" lon="-118.1605035"><ele>856.48</ele><time>2026-06-26T11:12:02-05:00</time><course>51.3052</course><roll>-36.98101</roll><pitch>-11.02683</pitch><mode /></trkpt><trkpt lat="35.0484986" lon="-118.1604546"><ele>856.86</ele><time>2026-06-26T11:12:02-05:00</time><course>55.82005</course><roll>-38.22189</roll><pitch>-8.713022</pitch><mode /></trkpt><trkpt lat="35.048515" lon="-118.1604046"><ele>856.92</ele><time>2026-06-26T11:12:02-05:00</time><course>58.93735</course><roll>-38.14594</roll><pitch>-7.167979</pitch><mode /></trkpt><trkpt lat="35.0485299" lon="-118.1603527"><ele>857.04</ele><time>2026-06-26T11:12:02-05:00</time><course>62.99818</course><roll>-39.94524</roll><pitch>-5.657974</pitch><mode /></trkpt><trkpt lat="35.0485432" lon="-118.1602991"><ele>857.04</ele><time>2026-06-26T11:12:03-05:00</time><course>67.79315</course><roll>-39.80725</roll><pitch>-6.208913</pitch><mode /></trkpt><trkpt lat="35.0485542" lon="-118.1602443"><ele>856.98</ele><time>2026-06-26T11:12:03-05:00</time><course>71.3832</course><roll>-39.17651</roll><pitch>-5.744185</pitch><mode /></trkpt><trkpt lat="35.048563" lon="-118.1601886"><ele>856.89</ele><time>2026-06-26T11:12:03-05:00</time><course>76.28571</course><roll>-39.11141</roll><pitch>-6.436846</pitch><mode /></trkpt><trkpt lat="35.0485696" lon="-118.1601313"><ele>856.87</ele><time>2026-06-26T11:12:03-05:00</time><course>81.6962</course><roll>-40.61827</roll><pitch>-6.65325</pitch><mode /></trkpt><trkpt lat="35.0485736" lon="-118.1600732"><ele>856.8</ele><time>2026-06-26T11:12:03-05:00</time><course>87.43393</course><roll>-40.50339</roll><pitch>-5.901338</pitch><mode /></trkpt><trkpt lat="35.0485752" lon="-118.1600151"><ele>856.65</ele><time>2026-06-26T11:12:04-05:00</time><course>94.66933</course><roll>-42.32506</roll><pitch>-5.555254</pitch><mode /></trkpt><trkpt lat="35.0485743" lon="-118.1599565"><ele>856.49</ele><time>2026-06-26T11:12:04-05:00</time><course>98.42711</course><roll>-42.01209</roll><pitch>-7.110898</pitch><mode /></trkpt><trkpt lat="35.0485706" lon="-118.1598983"><ele>856.32</ele><time>2026-06-26T11:12:04-05:00</time><course>103.0773</course><roll>-41.06565</roll><pitch>-8.503457</pitch><mode /></trkpt><trkpt lat="35.048564" lon="-118.1598409"><ele>856.3</ele><time>2026-06-26T11:12:04-05:00</time><course>110.3885</course><roll>-41.86321</roll><pitch>-6.476821</pitch><mode /></trkpt><trkpt lat="35.0485546" lon="-118.1597844"><ele>856.37</ele><time>2026-06-26T11:12:04-05:00</time><course>117.6926</course><roll>-45.48763</roll><pitch>-4.966139</pitch><mode /></trkpt><trkpt lat="35.0485424" lon="-118.1597292"><ele>856.44</ele><time>2026-06-26T11:12:05-05:00</time><course>125.3533</course><roll>-48.3952</roll><pitch>-5.447451</pitch><mode /></trkpt><trkpt lat="35.048527" lon="-118.1596752"><ele>856.61</ele><time>2026-06-26T11:12:05-05:00</time><course>129.9458</course><roll>-51.11724</roll><pitch>-6.838724</pitch><mode /></trkpt><trkpt lat="35.0485084" lon="-118.1596238"><ele>856.53</ele><time>2026-06-26T11:12:05-05:00</time><course>135.7425</course><roll>-50.58125</roll><pitch>-8.096489</pitch><mode /></trkpt><trkpt lat="35.0484875" lon="-118.159576"><ele>856.55</ele><time>2026-06-26T11:12:05-05:00</time><course>142.7074</course><roll>-44.38021</roll><pitch>-6.788043</pitch><mode /></trkpt><trkpt lat="35.0484643" lon="-118.1595312"><ele>856.54</ele><time>2026-06-26T11:12:05-05:00</time><course>148.3322</course><roll>-45.50071</roll><pitch>-8.685314</pitch><mode /></trkpt><trkpt lat="35.0484391" lon="-118.1594909"><ele>856.77</ele><time>2026-06-26T11:12:06-05:00</time><course>155.5455</course><roll>-44.5858</roll><pitch>-10.52383</pitch><mode /></trkpt><trkpt lat="35.0484123" lon="-118.1594543"><ele>857.18</ele><time>2026-06-26T11:12:06-05:00</time><course>160.7635</course><roll>-46.07261</roll><pitch>-10.96441</pitch><mode /></trkpt><trkpt lat="35.0483846" lon="-118.1594214"><ele>857.64</ele><time>2026-06-26T11:12:06-05:00</time><course>166.384</course><roll>-45.58373</roll><pitch>-11.92912</pitch><mode /></trkpt><trkpt lat="35.0483562" lon="-118.1593924"><ele>858.2</ele><time>2026-06-26T11:12:06-05:00</time><course>172.5663</course><roll>-45.35312</roll><pitch>-11.83295</pitch><mode /></trkpt><trkpt lat="35.0483275" lon="-118.1593672"><ele>858.81</ele><time>2026-06-26T11:12:06-05:00</time><course>178.6576</course><roll>-45.2044</roll><pitch>-11.44793</pitch><mode /></trkpt><trkpt lat="35.048299" lon="-118.1593457"><ele>859.41</ele><time>2026-06-26T11:12:07-05:00</time><course>185.4842</course><roll>-44.4385</roll><pitch>-12.41095</pitch><mode /></trkpt><trkpt lat="35.0482712" lon="-118.159328"><ele>859.93</ele><time>2026-06-26T11:12:07-05:00</time><course>189.5153</course><roll>-42.26085</roll><pitch>-14.0078</pitch><mode /></trkpt><trkpt lat="35.0482436" lon="-118.1593139"><ele>860.61</ele><time>2026-06-26T11:12:07-05:00</time><course>195.9137</course><roll>-42.45786</roll><pitch>-13.28052</pitch><mode /></trkpt><trkpt lat="35.0482171" lon="-118.1593028"><ele>861.28</ele><time>2026-06-26T11:12:07-05:00</time><course>203.8795</course><roll>-45.60043</roll><pitch>-11.18291</pitch><mode /></trkpt><trkpt lat="35.0481915" lon="-118.1592951"><ele>861.94</ele><time>2026-06-26T11:12:07-05:00</time><course>208.549</course><roll>-40.37399</roll><pitch>-15.36926</pitch><mode /></trkpt><trkpt lat="35.0481675" lon="-118.1592905"><ele>862.53</ele><time>2026-06-26T11:12:08-05:00</time><course>216.0637</course><roll>-39.63054</roll><pitch>-15.54431</pitch><mode /></trkpt><trkpt lat="35.0481445" lon="-118.1592875"><ele>863.26</ele><time>2026-06-26T11:12:08-05:00</time><course>219.6893</course><roll>-37.96296</roll><pitch>-16.21982</pitch><mode /></trkpt><trkpt lat="35.0481233" lon="-118.1592865"><ele>863.8</ele><time>2026-06-26T11:12:08-05:00</time><course>224.375</course><roll>-37.27655</roll><pitch>-16.58812</pitch><mode /></trkpt><trkpt lat="35.0481038" lon="-118.1592859"><ele>864.49</ele><time>2026-06-26T11:12:08-05:00</time><course>229.4364</course><roll>-34.28241</roll><pitch>-15.29592</pitch><mode /></trkpt><trkpt lat="35.0480854" lon="-118.1592866"><ele>865.01</ele><time>2026-06-26T11:12:08-05:00</time><course>234.5688</course><roll>-34.93219</roll><pitch>-14.95776</pitch><mode /></trkpt><trkpt lat="35.0480685" lon="-118.1592887"><ele>865.41</ele><time>2026-06-26T11:12:09-05:00</time><course>238.2355</course><roll>-30.3959</roll><pitch>-14.13117</pitch><mode /></trkpt><trkpt lat="35.048054" lon="-118.1592931"><ele>865.74</ele><time>2026-06-26T11:12:09-05:00</time><course>235.4505</course><roll>-21.81299</roll><pitch>-12.11958</pitch><mode /></trkpt><trkpt lat="35.0480411" lon="-118.1592978"><ele>866.33</ele><time>2026-06-26T11:12:09-05:00</time><course>236.2375</course><roll>-15.90228</roll><pitch>-5.818737</pitch><mode /></trkpt><trkpt lat="35.0480282" lon="-118.159303"><ele>866.62</ele><time>2026-06-26T11:12:09-05:00</time><course>242.5853</course><roll>-16.86919</roll><pitch>-1.631806</pitch><mode /></trkpt><trkpt lat="35.0480146" lon="-118.1593095"><ele>866.68</ele><time>2026-06-26T11:12:09-05:00</time><course>249.8825</course><roll>-19.50619</roll><pitch>-2.592093</pitch><mode /></trkpt><trkpt lat="35.048002" lon="-118.1593177"><ele>866.64</ele><time>2026-06-26T11:12:10-05:00</time><course>252.44</course><roll>-21.6043</roll><pitch>-4.646711</pitch><mode /></trkpt><trkpt lat="35.0479906" lon="-118.159327"><ele>866.77</ele><time>2026-06-26T11:12:10-05:00</time><course>251.8553</course><roll>-20.36462</roll><pitch>-4.938302</pitch><mode /></trkpt><trkpt lat="35.0479803" lon="-118.1593365"><ele>867.04</ele><time>2026-06-26T11:12:10-05:00</time><course>254.8427</course><roll>-20.97498</roll><pitch>-4.331176</pitch><mode /></trkpt><trkpt lat="35.0479708" lon="-118.1593471"><ele>867.14</ele><time>2026-06-26T11:12:10-05:00</time><course>253.8466</course><roll>-18.84254</roll><pitch>-4.125921</pitch><mode /></trkpt><trkpt lat="35.0479621" lon="-118.1593587"><ele>867.2</ele><time>2026-06-26T11:12:10-05:00</time><course>253.7018</course><roll>-17.50057</roll><pitch>-2.935457</pitch><mode /></trkpt><trkpt lat="35.0479541" lon="-118.1593708"><ele>867.24</ele><time>2026-06-26T11:12:11-05:00</time><course>252.2808</course><roll>-11.10937</roll><pitch>-2.181463</pitch><mode /></trkpt><trkpt lat="35.0479463" lon="-118.1593826"><ele>867.23</ele><time>2026-06-26T11:12:11-05:00</time><course>252.2286</course><roll>-5.310646</roll><pitch>-0.9439821</pitch><mode /></trkpt><trkpt lat="35.0479384" lon="-118.1593944"><ele>867.12</ele><time>2026-06-26T11:12:11-05:00</time><course>254.8193</course><roll>-2.00582</roll><pitch>0.157925</pitch><mode /></trkpt><trkpt lat="35.0479304" lon="-118.1594064"><ele>867</ele><time>2026-06-26T11:12:11-05:00</time><course>256.7439</course><roll>-0.1684903</roll><pitch>0.2760955</pitch><mode /></trkpt><trkpt lat="35.0479225" lon="-118.1594188"><ele>866.83</ele><time>2026-06-26T11:12:11-05:00</time><course>257.476</course><roll>0.318005</roll><pitch>0.007798742</pitch><mode /></trkpt><trkpt lat="35.0479145" lon="-118.1594315"><ele>866.59</ele><time>2026-06-26T11:12:12-05:00</time><course>258.367</course><roll>-4.135043</roll><pitch>-0.7494745</pitch><mode /></trkpt><trkpt lat="35.0479061" lon="-118.1594443"><ele>866.53</ele><time>2026-06-26T11:12:12-05:00</time><course>261.3878</course><roll>-12.68569</roll><pitch>-1.762535</pitch><mode /></trkpt><trkpt lat="35.0478985" lon="-118.1594583"><ele>866.47</ele><time>2026-06-26T11:12:12-05:00</time><course>262.2593</course><roll>-19.56417</roll><pitch>-3.566725</pitch><mode /></trkpt><trkpt lat="35.0478928" lon="-118.1594724"><ele>866.48</ele><time>2026-06-26T11:12:12-05:00</time><course>258.8972</course><roll>-18.8532</roll><pitch>-4.281901</pitch><mode /></trkpt><trkpt lat="35.0478886" lon="-118.1594863"><ele>866.46</ele><time>2026-06-26T11:12:12-05:00</time><course>255.8986</course><roll>-12.08296</roll><pitch>-2.917194</pitch><mode /></trkpt><trkpt lat="35.0478843" lon="-118.1595004"><ele>866.29</ele><time>2026-06-26T11:12:13-05:00</time><course>257.4044</course><roll>-5.403172</roll><pitch>-0.4538665</pitch><mode /></trkpt><trkpt lat="35.0478791" lon="-118.1595153"><ele>866.11</ele><time>2026-06-26T11:12:13-05:00</time><course>259.1073</course><roll>-4.169926</roll><pitch>0.1454276</pitch><mode /></trkpt><trkpt lat="35.0478735" lon="-118.1595302"><ele>865.87</ele><time>2026-06-26T11:12:13-05:00</time><course>261.3327</course><roll>-1.936726</roll><pitch>0.485276</pitch><mode /></trkpt><trkpt lat="35.047868" lon="-118.1595455"><ele>865.71</ele><time>2026-06-26T11:12:13-05:00</time><course>260.5208</course><roll>-1.675903</roll><pitch>0.3301361</pitch><mode /></trkpt><trkpt lat="35.0478626" lon="-118.159561"><ele>865.59</ele><time>2026-06-26T11:12:13-05:00</time><course>259.6458</course><roll>-0.5187234</roll><pitch>-0.07374336</pitch><mode /></trkpt><trkpt lat="35.0478568" lon="-118.159577"><ele>865.48</ele><time>2026-06-26T11:12:14-05:00</time><course>260.4865</course><roll>0.3874182</roll><pitch>0.1096073</pitch><mode /></trkpt><trkpt lat="35.0478502" lon="-118.1595947"><ele>865.23</ele><time>2026-06-26T11:12:14-05:00</time><course>261.0041</course><roll>1.400837</roll><pitch>0.3019259</pitch><mode /></trkpt><trkpt lat="35.0478438" lon="-118.1596113"><ele>865.19</ele><time>2026-06-26T11:12:14-05:00</time><course>260.9658</course><roll>1.715467</roll><pitch>-0.2427053</pitch><mode /></trkpt><trkpt lat="35.0478379" lon="-118.1596278"><ele>865.12</ele><time>2026-06-26T11:12:14-05:00</time><course>260.2915</course><roll>1.846009</roll><pitch>-0.4636059</pitch><mode /></trkpt><trkpt lat="35.0478318" lon="-118.1596439"><ele>865.13</ele><time>2026-06-26T11:12:14-05:00</time><course>259.7307</course><roll>-2.073144</roll><pitch>-0.5925766</pitch><mode /></trkpt><trkpt lat="35.0478259" lon="-118.15966"><ele>865.21</ele><time>2026-06-26T11:12:15-05:00</time><course>255.5313</course><roll>-4.143718</roll><pitch>-0.5999233</pitch><mode /></trkpt><trkpt lat="35.0478198" lon="-118.1596762"><ele>865.28</ele><time>2026-06-26T11:12:15-05:00</time><course>257.0178</course><roll>-3.017956</roll><pitch>0.1185572</pitch><mode /></trkpt><trkpt lat="35.0478138" lon="-118.1596925"><ele>865.34</ele><time>2026-06-26T11:12:15-05:00</time><course>255.4011</course><roll>-3.299355</roll><pitch>0.08100583</pitch><mode /></trkpt><trkpt lat="35.047808" lon="-118.1597087"><ele>865.4</ele><time>2026-06-26T11:12:15-05:00</time><course>256.5427</course><roll>1.445013</roll><pitch>0.6948358</pitch><mode /></trkpt><trkpt lat="35.0478015" lon="-118.1597252"><ele>865.36</ele><time>2026-06-26T11:12:15-05:00</time><course>259.8121</course><roll>1.281465</roll><pitch>0.5307663</pitch><mode /></trkpt><trkpt lat="35.047795" lon="-118.1597422"><ele>865.28</ele><time>2026-06-26T11:12:16-05:00</time><course>261.532</course><roll>-3.994139</roll><pitch>-1.225222</pitch><mode /></trkpt><trkpt lat="35.0477886" lon="-118.1597595"><ele>865.35</ele><time>2026-06-26T11:12:16-05:00</time><course>264.0758</course><roll>-12.90107</roll><pitch>-2.766652</pitch><mode /></trkpt><trkpt lat="35.0477826" lon="-118.1597788"><ele>865.27</ele><time>2026-06-26T11:12:16-05:00</time><course>264.2984</course><roll>-21.35241</roll><pitch>-3.442315</pitch><mode /></trkpt><trkpt lat="35.0477781" lon="-118.1597979"><ele>865.23</ele><time>2026-06-26T11:12:16-05:00</time><course>262.683</course><roll>-21.32045</roll><pitch>-2.808433</pitch><mode /></trkpt><trkpt lat="35.0477747" lon="-118.1598154"><ele>865.36</ele><time>2026-06-26T11:12:16-05:00</time><course>264.4663</course><roll>-21.15179</roll><pitch>-1.430182</pitch><mode /></trkpt><trkpt lat="35.0477722" lon="-118.1598331"><ele>865.44</ele><time>2026-06-26T11:12:17-05:00</time><course>265.6318</course><roll>-18.33081</roll><pitch>1.040703</pitch><mode /></trkpt><trkpt lat="35.0477705" lon="-118.159851"><ele>865.42</ele><time>2026-06-26T11:12:17-05:00</time><course>268.6806</course><roll>-21.8677</roll><pitch>2.872953</pitch><mode /></trkpt><trkpt lat="35.0477693" lon="-118.1598695"><ele>865.26</ele><time>2026-06-26T11:12:17-05:00</time><course>273.7773</course><roll>-24.33206</roll><pitch>2.8148</pitch><mode /></trkpt><trkpt lat="35.0477696" lon="-118.1598887"><ele>865.18</ele><time>2026-06-26T11:12:17-05:00</time><course>275.8676</course><roll>-23.41941</roll><pitch>1.745176</pitch><mode /></trkpt><trkpt lat="35.0477718" lon="-118.1599086"><ele>865.19</ele><time>2026-06-26T11:12:17-05:00</time><course>278.3392</course><roll>-23.4918</roll><pitch>0.9120396</pitch><mode /></trkpt><trkpt lat="35.0477759" lon="-118.1599287"><ele>865.04</ele><time>2026-06-26T11:12:18-05:00</time><course>281.4238</course><roll>-20.37543</roll><pitch>1.285937</pitch><mode /></trkpt><trkpt lat="35.0477808" lon="-118.1599487"><ele>864.89</ele><time>2026-06-26T11:12:18-05:00</time><course>283.1754</course><roll>-18.6384</roll><pitch>0.6740597</pitch><mode /></trkpt><trkpt lat="35.0477861" lon="-118.1599683"><ele>864.72</ele><time>2026-06-26T11:12:18-05:00</time><course>279.6858</course><roll>-12.09807</roll><pitch>-0.5331128</pitch><mode /></trkpt><trkpt lat="35.0477919" lon="-118.1599872"><ele>864.45</ele><time>2026-06-26T11:12:18-05:00</time><course>279.676</course><roll>-6.737643</roll><pitch>-0.2975791</pitch><mode /></trkpt><trkpt lat="35.0477974" lon="-118.1600056"><ele>864.29</ele><time>2026-06-26T11:12:18-05:00</time><course>284.1006</course><roll>-5.001298</roll><pitch>0.4731699</pitch><mode /></trkpt><trkpt lat="35.0478029" lon="-118.1600242"><ele>864.12</ele><time>2026-06-26T11:12:19-05:00</time><course>284.6566</course><roll>-5.005664</roll><pitch>0.9494693</pitch><mode /></trkpt><trkpt lat="35.0478087" lon="-118.1600425"><ele>863.97</ele><time>2026-06-26T11:12:19-05:00</time><course>284.3291</course><roll>-2.071219</roll><pitch>0.7128832</pitch><mode /></trkpt><trkpt lat="35.0478148" lon="-118.160061"><ele>863.82</ele><time>2026-06-26T11:12:19-05:00</time><course>284.2583</course><roll>-2.046711</roll><pitch>0.2890521</pitch><mode /></trkpt><trkpt lat="35.0478203" lon="-118.1600794"><ele>863.73</ele><time>2026-06-26T11:12:19-05:00</time><course>282.8464</course><roll>-1.679279</roll><pitch>-0.002084221</pitch><mode /></trkpt><trkpt lat="35.0478259" lon="-118.1600978"><ele>863.59</ele><time>2026-06-26T11:12:19-05:00</time><course>282.2921</course><roll>0.8516625</roll><pitch>-0.1421472</pitch><mode /></trkpt><trkpt lat="35.0478317" lon="-118.1601164"><ele>863.42</ele><time>2026-06-26T11:12:20-05:00</time><course>282.8558</course><roll>2.406896</roll><pitch>0.2144607</pitch><mode /></trkpt><trkpt lat="35.0478369" lon="-118.160135"><ele>863.36</ele><time>2026-06-26T11:12:20-05:00</time><course>284.7553</course><roll>-0.4540727</roll><pitch>0.1575766</pitch><mode /></trkpt><trkpt lat="35.0478423" lon="-118.1601542"><ele>863.21</ele><time>2026-06-26T11:12:20-05:00</time><course>282.852</course><roll>2.051063</roll><pitch>-0.10655</pitch><mode /></trkpt><trkpt lat="35.0478476" lon="-118.1601734"><ele>863.16</ele><time>2026-06-26T11:12:20-05:00</time><course>283.333</course><roll>2.512939</roll><pitch>-0.2534828</pitch><mode /></trkpt><trkpt lat="35.047853" lon="-118.1601929"><ele>863.12</ele><time>2026-06-26T11:12:20-05:00</time><course>281.9318</course><roll>2.336369</roll><pitch>0.3297022</pitch><mode /></trkpt><trkpt lat="35.0478583" lon="-118.1602127"><ele>863.05</ele><time>2026-06-26T11:12:21-05:00</time><course>281.715</course><roll>4.597087</roll><pitch>0.4325876</pitch><mode /></trkpt><trkpt lat="35.0478632" lon="-118.1602331"><ele>862.87</ele><time>2026-06-26T11:12:21-05:00</time><course>282.5102</course><roll>5.306131</roll><pitch>-0.9729083</pitch><mode /></trkpt><trkpt lat="35.0478683" lon="-118.1602533"><ele>862.69</ele><time>2026-06-26T11:12:21-05:00</time><course>280.4967</course><roll>3.907539</roll><pitch>-1.449377</pitch><mode /></trkpt><trkpt lat="35.0478731" lon="-118.1602735"><ele>862.59</ele><time>2026-06-26T11:12:21-05:00</time><course>279.2629</course><roll>2.86779</roll><pitch>-0.7780066</pitch><mode /></trkpt><trkpt lat="35.0478774" lon="-118.1602941"><ele>862.47</ele><time>2026-06-26T11:12:21-05:00</time><course>279.4668</course><roll>3.769005</roll><pitch>-0.3281205</pitch><mode /></trkpt><trkpt lat="35.0478812" lon="-118.1603147"><ele>862.48</ele><time>2026-06-26T11:12:22-05:00</time><course>280.533</course><roll>2.368573</roll><pitch>-0.202907</pitch><mode /></trkpt><trkpt lat="35.0478849" lon="-118.1603353"><ele>862.35</ele><time>2026-06-26T11:12:22-05:00</time><course>279.1803</course><roll>2.531862</roll><pitch>-0.2845349</pitch><mode /></trkpt><trkpt lat="35.0478885" lon="-118.1603562"><ele>862.29</ele><time>2026-06-26T11:12:22-05:00</time><course>278.1424</course><roll>0.6989715</roll><pitch>-1.010682</pitch><mode /></trkpt><trkpt lat="35.047892" lon="-118.1603771"><ele>862.19</ele><time>2026-06-26T11:12:22-05:00</time><course>276.5779</course><roll>-1.584001</roll><pitch>-0.6809719</pitch><mode /></trkpt><trkpt lat="35.0478957" lon="-118.1603984"><ele>861.99</ele><time>2026-06-26T11:12:22-05:00</time><course>275.2914</course><roll>0.8575183</roll><pitch>-0.08833174</pitch><mode /></trkpt><trkpt lat="35.0478994" lon="-118.1604194"><ele>861.79</ele><time>2026-06-26T11:12:23-05:00</time><course>274.4106</course><roll>5.481077</roll><pitch>-0.08629981</pitch><mode /></trkpt><trkpt lat="35.0479026" lon="-118.16044"><ele>861.64</ele><time>2026-06-26T11:12:23-05:00</time><course>274.6129</course><roll>7.913463</roll><pitch>-0.9187213</pitch><mode /></trkpt><trkpt lat="35.047905" lon="-118.1604607"><ele>861.57</ele><time>2026-06-26T11:12:23-05:00</time><course>273.8669</course><roll>10.30496</roll><pitch>-2.665983</pitch><mode /></trkpt><trkpt lat="35.0479062" lon="-118.1604816"><ele>861.48</ele><time>2026-06-26T11:12:23-05:00</time><course>275.9391</course><roll>9.874784</roll><pitch>-3.896691</pitch><mode /></trkpt><trkpt lat="35.0479068" lon="-118.1605021"><ele>861.48</ele><time>2026-06-26T11:12:23-05:00</time><course>274.5011</course><roll>8.245779</roll><pitch>-4.836759</pitch><mode /></trkpt><trkpt lat="35.047907" lon="-118.1605223"><ele>861.56</ele><time>2026-06-26T11:12:24-05:00</time><course>273.1306</course><roll>5.384169</roll><pitch>-4.592712</pitch><mode /></trkpt><trkpt lat="35.0479067" lon="-118.1605632"><ele>861.66</ele><time>2026-06-26T11:12:24-05:00</time><course>269.0395</course><roll>4.239501</roll><pitch>-5.140379</pitch><mode /></trkpt><trkpt lat="35.047906" lon="-118.1605835"><ele>861.71</ele><time>2026-06-26T11:12:24-05:00</time><course>269.7113</course><roll>4.270347</roll><pitch>-5.306881</pitch><mode /></trkpt><trkpt lat="35.047905" lon="-118.1606035"><ele>861.84</ele><time>2026-06-26T11:12:24-05:00</time><course>271.0404</course><roll>2.598231</roll><pitch>-6.675927</pitch><mode /></trkpt><trkpt lat="35.0479038" lon="-118.1606239"><ele>861.98</ele><time>2026-06-26T11:12:25-05:00</time><course>267.2263</course><roll>2.668981</roll><pitch>-7.909247</pitch><mode /></trkpt><trkpt lat="35.0479025" lon="-118.1606441"><ele>862.22</ele><time>2026-06-26T11:12:25-05:00</time><course>267.0779</course><roll>3.640273</roll><pitch>-7.120378</pitch><mode /></trkpt><trkpt lat="35.0479007" lon="-118.1606639"><ele>862.42</ele><time>2026-06-26T11:12:25-05:00</time><course>266.7224</course><roll>3.999445</roll><pitch>-6.493085</pitch><mode /></trkpt><trkpt lat="35.0478982" lon="-118.1606826"><ele>862.84</ele><time>2026-06-26T11:12:25-05:00</time><course>266.4407</course><roll>3.881186</roll><pitch>-7.503116</pitch><mode /></trkpt><trkpt lat="35.0478964" lon="-118.1607013"><ele>863.2</ele><time>2026-06-26T11:12:25-05:00</time><course>263.7941</course><roll>3.422056</roll><pitch>-8.158193</pitch><mode /></trkpt><trkpt lat="35.0478942" lon="-118.1607196"><ele>863.61</ele><time>2026-06-26T11:12:26-05:00</time><course>262.8583</course><roll>2.962088</roll><pitch>-8.134176</pitch><mode /></trkpt><trkpt lat="35.0478913" lon="-118.1607376"><ele>864.08</ele><time>2026-06-26T11:12:26-05:00</time><course>262.0426</course><roll>1.023055</roll><pitch>-8.030369</pitch><mode /></trkpt><trkpt lat="35.0478882" lon="-118.1607551"><ele>864.59</ele><time>2026-06-26T11:12:26-05:00</time><course>262.5542</course><roll>0.7225258</roll><pitch>-8.014393</pitch><mode /></trkpt><trkpt lat="35.0478851" lon="-118.1607721"><ele>865.1</ele><time>2026-06-26T11:12:26-05:00</time><course>261.8699</course><roll>1.295163</roll><pitch>-7.245462</pitch><mode /></trkpt><trkpt lat="35.0478821" lon="-118.1607895"><ele>865.48</ele><time>2026-06-26T11:12:26-05:00</time><course>261.9058</course><roll>0.3673835</roll><pitch>-6.506313</pitch><mode /></trkpt><trkpt lat="35.0478789" lon="-118.1608067"><ele>865.87</ele><time>2026-06-26T11:12:27-05:00</time><course>262.0378</course><roll>-1.402165</roll><pitch>-6.073551</pitch><mode /></trkpt><trkpt lat="35.0478756" lon="-118.1608239"><ele>866.31</ele><time>2026-06-26T11:12:27-05:00</time><course>262.6403</course><roll>-5.323806</roll><pitch>-5.46235</pitch><mode /></trkpt><trkpt lat="35.0478726" lon="-118.1608409"><ele>866.66</ele><time>2026-06-26T11:12:27-05:00</time><course>261.9283</course><roll>-3.285558</roll><pitch>-5.736002</pitch><mode /></trkpt><trkpt lat="35.0478698" lon="-118.160858"><ele>866.89</ele><time>2026-06-26T11:12:27-05:00</time><course>262.9195</course><roll>-1.461906</roll><pitch>-6.353695</pitch><mode /></trkpt><trkpt lat="35.047867" lon="-118.1608752"><ele>867.13</ele><time>2026-06-26T11:12:27-05:00</time><course>262.6429</course><roll>-2.47282</roll><pitch>-7.253367</pitch><mode /></trkpt><trkpt lat="35.0478643" lon="-118.1608909"><ele>867.61</ele><time>2026-06-26T11:12:28-05:00</time><course>263.5546</course><roll>-4.276222</roll><pitch>-7.022375</pitch><mode /></trkpt><trkpt lat="35.0478616" lon="-118.1609068"><ele>867.99</ele><time>2026-06-26T11:12:28-05:00</time><course>263.0878</course><roll>-1.610481</roll><pitch>-6.968462</pitch><mode /></trkpt><trkpt lat="35.0478555" lon="-118.1609223"><ele>868.18</ele><time>2026-06-26T11:12:28-05:00</time><course>266.1019</course><roll>0.7160659</roll><pitch>-6.758131</pitch><mode /></trkpt><trkpt lat="35.0478503" lon="-118.160938"><ele>868.35</ele><time>2026-06-26T11:12:28-05:00</time><course>268.1479</course><roll>1.194142</roll><pitch>-7.523527</pitch><mode /></trkpt><trkpt lat="35.0478459" lon="-118.1609533"><ele>868.75</ele><time>2026-06-26T11:12:28-05:00</time><course>262.4417</course><roll>2.879693</roll><pitch>-9.463658</pitch><mode /></trkpt><trkpt lat="35.0478428" lon="-118.1609689"><ele>868.97</ele><time>2026-06-26T11:12:29-05:00</time><course>262.2084</course><roll>0.7318283</roll><pitch>-9.210011</pitch><mode /></trkpt><trkpt lat="35.047839" lon="-118.1609847"><ele>869.31</ele><time>2026-06-26T11:12:29-05:00</time><course>262.165</course><roll>-4.486178</roll><pitch>-8.419304</pitch><mode /></trkpt><trkpt lat="35.047836" lon="-118.1610008"><ele>869.52</ele><time>2026-06-26T11:12:29-05:00</time><course>259.4924</course><roll>-6.091156</roll><pitch>-7.189156</pitch><mode /></trkpt><trkpt lat="35.047833" lon="-118.1610172"><ele>869.75</ele><time>2026-06-26T11:12:29-05:00</time><course>259.3008</course><roll>-4.076848</roll><pitch>-6.774867</pitch><mode /></trkpt><trkpt lat="35.0478296" lon="-118.1610331"><ele>870.01</ele><time>2026-06-26T11:12:29-05:00</time><course>259.3678</course><roll>-2.277729</roll><pitch>-6.87212</pitch><mode /></trkpt><trkpt lat="35.0478264" lon="-118.1610489"><ele>870.29</ele><time>2026-06-26T11:12:30-05:00</time><course>260.5974</course><roll>-3.446526</roll><pitch>-7.425707</pitch><mode /></trkpt><trkpt lat="35.0478239" lon="-118.1610648"><ele>870.65</ele><time>2026-06-26T11:12:30-05:00</time><course>258.2697</course><roll>0.2508964</roll><pitch>-7.660791</pitch><mode /></trkpt><trkpt lat="35.0478215" lon="-118.16108"><ele>870.94</ele><time>2026-06-26T11:12:30-05:00</time><course>260.4575</course><roll>-0.7607707</roll><pitch>-7.874026</pitch><mode /></trkpt><trkpt lat="35.0478183" lon="-118.1610964"><ele>871.04</ele><time>2026-06-26T11:12:30-05:00</time><course>262.7616</course><roll>-1.203991</roll><pitch>-8.177126</pitch><mode /></trkpt><trkpt lat="35.0478153" lon="-118.1611122"><ele>871.38</ele><time>2026-06-26T11:12:30-05:00</time><course>260.4861</course><roll>0.8923929</roll><pitch>-8.845211</pitch><mode /></trkpt><trkpt lat="35.0478121" lon="-118.1611286"><ele>871.75</ele><time>2026-06-26T11:12:31-05:00</time><course>261.1458</course><roll>2.079435</roll><pitch>-10.01333</pitch><mode /></trkpt><trkpt lat="35.0478084" lon="-118.1611454"><ele>872.08</ele><time>2026-06-26T11:12:31-05:00</time><course>262.6923</course><roll>8.14502</roll><pitch>-11.32999</pitch><mode /></trkpt><trkpt lat="35.0478047" lon="-118.1611615"><ele>872.55</ele><time>2026-06-26T11:12:31-05:00</time><course>260.2194</course><roll>5.320049</roll><pitch>-13.77062</pitch><mode /></trkpt><trkpt lat="35.0478013" lon="-118.161177"><ele>873.09</ele><time>2026-06-26T11:12:31-05:00</time><course>256.5294</course><roll>-2.406181</roll><pitch>-12.07366</pitch><mode /></trkpt><trkpt lat="35.0477988" lon="-118.1611921"><ele>873.67</ele><time>2026-06-26T11:12:31-05:00</time><course>256.5838</course><roll>-1.463591</roll><pitch>-9.391863</pitch><mode /></trkpt><trkpt lat="35.0477954" lon="-118.1612073"><ele>874.38</ele><time>2026-06-26T11:12:32-05:00</time><course>258.9152</course><roll>0.8977474</roll><pitch>-7.518541</pitch><mode /></trkpt><trkpt lat="35.0477914" lon="-118.1612225"><ele>875.12</ele><time>2026-06-26T11:12:32-05:00</time><course>264.5801</course><roll>-3.962866</roll><pitch>-6.9581</pitch><mode /></trkpt><trkpt lat="35.0477879" lon="-118.1612383"><ele>875.73</ele><time>2026-06-26T11:12:32-05:00</time><course>264.0602</course><roll>-8.938116</roll><pitch>-5.415887</pitch><mode /></trkpt><trkpt lat="35.0477853" lon="-118.1612547"><ele>876.32</ele><time>2026-06-26T11:12:32-05:00</time><course>261.2017</course><roll>-7.183533</roll><pitch>-4.674522</pitch><mode /></trkpt><trkpt lat="35.0477826" lon="-118.1612713"><ele>876.83</ele><time>2026-06-26T11:12:32-05:00</time><course>260.7209</course><roll>-4.532914</roll><pitch>-3.091909</pitch><mode /></trkpt><trkpt lat="35.0477796" lon="-118.1612875"><ele>877.25</ele><time>2026-06-26T11:12:33-05:00</time><course>263.5959</course><roll>-7.222801</roll><pitch>-3.370189</pitch><mode /></trkpt><trkpt lat="35.0477773" lon="-118.1613048"><ele>877.27</ele><time>2026-06-26T11:12:33-05:00</time><course>261.6691</course><roll>-4.424984</roll><pitch>-4.769178</pitch><mode /></trkpt><trkpt lat="35.0477758" lon="-118.1613208"><ele>877.48</ele><time>2026-06-26T11:12:33-05:00</time><course>259.7515</course><roll>-2.351982</roll><pitch>-5.182547</pitch><mode /></trkpt><trkpt lat="35.0477742" lon="-118.1613373"><ele>877.65</ele><time>2026-06-26T11:12:33-05:00</time><course>260.2548</course><roll>-1.304248</roll><pitch>-5.923677</pitch><mode /></trkpt><trkpt lat="35.0477723" lon="-118.1613537"><ele>877.99</ele><time>2026-06-26T11:12:33-05:00</time><course>259.1276</course><roll>-0.5869763</roll><pitch>-6.596754</pitch><mode /></trkpt><trkpt lat="35.0477703" lon="-118.1613697"><ele>878.46</ele><time>2026-06-26T11:12:34-05:00</time><course>262.2446</course><roll>-3.805929</roll><pitch>-5.941817</pitch><mode /></trkpt><trkpt lat="35.0477684" lon="-118.1613848"><ele>879.04</ele><time>2026-06-26T11:12:34-05:00</time><course>262.8743</course><roll>-4.821769</roll><pitch>-5.530915</pitch><mode /></trkpt><trkpt lat="35.0477671" lon="-118.1614002"><ele>879.43</ele><time>2026-06-26T11:12:34-05:00</time><course>260.8896</course><roll>-4.650096</roll><pitch>-5.560984</pitch><mode /></trkpt><trkpt lat="35.047766" lon="-118.1614154"><ele>879.7</ele><time>2026-06-26T11:12:34-05:00</time><course>259.9249</course><roll>-3.505607</roll><pitch>-5.376791</pitch><mode /></trkpt><trkpt lat="35.0477651" lon="-118.1614293"><ele>880</ele><time>2026-06-26T11:12:34-05:00</time><course>260.4984</course><roll>-1.118533</roll><pitch>-5.305278</pitch><mode /></trkpt><trkpt lat="35.0477642" lon="-118.1614427"><ele>880.3</ele><time>2026-06-26T11:12:35-05:00</time><course>261.1805</course><roll>-2.194615</roll><pitch>-5.630074</pitch><mode /></trkpt><trkpt lat="35.0477635" lon="-118.1614558"><ele>880.7</ele><time>2026-06-26T11:12:35-05:00</time><course>260.0273</course><roll>-0.2439668</roll><pitch>-5.392456</pitch><mode /></trkpt><trkpt lat="35.0477634" lon="-118.1614688"><ele>881.13</ele><time>2026-06-26T11:12:35-05:00</time><course>257.8022</course><roll>0.467517</roll><pitch>-5.540195</pitch><mode /></trkpt><trkpt lat="35.0477633" lon="-118.1614816"><ele>881.52</ele><time>2026-06-26T11:12:35-05:00</time><course>256.7991</course><roll>0.6859994</roll><pitch>-5.711356</pitch><mode /></trkpt><trkpt lat="35.0477628" lon="-118.1614945"><ele>881.85</ele><time>2026-06-26T11:12:35-05:00</time><course>258.8282</course><roll>-2.595595</roll><pitch>-5.10661</pitch><mode /></trkpt><trkpt lat="35.0477622" lon="-118.161507"><ele>882.19</ele><time>2026-06-26T11:12:36-05:00</time><course>258.5918</course><roll>-2.696389</roll><pitch>-5.019764</pitch><mode /></trkpt><trkpt lat="35.0477619" lon="-118.1615194"><ele>882.5</ele><time>2026-06-26T11:12:36-05:00</time><course>260.1037</course><roll>-0.9081407</roll><pitch>-4.913318</pitch><mode /></trkpt><trkpt lat="35.0477611" lon="-118.1615314"><ele>882.76</ele><time>2026-06-26T11:12:36-05:00</time><course>261.398</course><roll>1.051763</roll><pitch>-4.916134</pitch><mode /></trkpt><trkpt lat="35.0477603" lon="-118.1615438"><ele>883</ele><time>2026-06-26T11:12:36-05:00</time><course>262.7936</course><roll>1.7945</roll><pitch>-5.820753</pitch><mode /></trkpt><trkpt lat="35.0477595" lon="-118.1615562"><ele>883.34</ele><time>2026-06-26T11:12:36-05:00</time><course>262.3325</course><roll>5.496755</roll><pitch>-7.13064</pitch><mode /></trkpt><trkpt lat="35.0477591" lon="-118.1615675"><ele>883.68</ele><time>2026-06-26T11:12:37-05:00</time><course>262.895</course><roll>-0.1226433</roll><pitch>-6.691314</pitch><mode /></trkpt><trkpt lat="35.0477585" lon="-118.161578"><ele>884.13</ele><time>2026-06-26T11:12:37-05:00</time><course>261.6334</course><roll>0.8773321</roll><pitch>-5.163747</pitch><mode /></trkpt><trkpt lat="35.0477581" lon="-118.1615884"><ele>884.48</ele><time>2026-06-26T11:12:37-05:00</time><course>263.0576</course><roll>5.549922</roll><pitch>-4.380403</pitch><mode /></trkpt><trkpt lat="35.0477571" lon="-118.1615988"><ele>884.82</ele><time>2026-06-26T11:12:37-05:00</time><course>267.8435</course><roll>2.515799</roll><pitch>-4.786025</pitch><mode /></trkpt><trkpt lat="35.0477563" lon="-118.16161"><ele>885.08</ele><time>2026-06-26T11:12:37-05:00</time><course>265.1539</course><roll>0.4765318</roll><pitch>-4.66414</pitch><mode /></trkpt><trkpt lat="35.0477558" lon="-118.1616212"><ele>885.32</ele><time>2026-06-26T11:12:38-05:00</time><course>265.0781</course><roll>-0.4959598</roll><pitch>-2.894985</pitch><mode /></trkpt><trkpt lat="35.0477546" lon="-118.1616323"><ele>885.48</ele><time>2026-06-26T11:12:38-05:00</time><course>266.4245</course><roll>-1.557663</roll><pitch>-2.384961</pitch><mode /></trkpt><trkpt lat="35.0477529" lon="-118.1616437"><ele>885.7</ele><time>2026-06-26T11:12:38-05:00</time><course>269.183</course><roll>-0.3508794</roll><pitch>-2.94748</pitch><mode /></trkpt><trkpt lat="35.0477516" lon="-118.1616553"><ele>885.89</ele><time>2026-06-26T11:12:38-05:00</time><course>268.39</course><roll>-3.135515</roll><pitch>-3.040616</pitch><mode /></trkpt><trkpt lat="35.047751" lon="-118.1616667"><ele>886.06</ele><time>2026-06-26T11:12:38-05:00</time><course>264.9133</course><roll>-3.14855</roll><pitch>-2.616029</pitch><mode /></trkpt><trkpt lat="35.0477503" lon="-118.161677"><ele>886.21</ele><time>2026-06-26T11:12:39-05:00</time><course>260.7436</course><roll>3.948525</roll><pitch>-1.771244</pitch><mode /></trkpt><trkpt lat="35.0477489" lon="-118.161688"><ele>886.13</ele><time>2026-06-26T11:12:39-05:00</time><course>261.5125</course><roll>9.905808</roll><pitch>-4.1339</pitch><mode /></trkpt><trkpt lat="35.0477461" lon="-118.1616987"><ele>886.27</ele><time>2026-06-26T11:12:39-05:00</time><course>259.6767</course><roll>11.94218</roll><pitch>-7.32304</pitch><mode /></trkpt><trkpt lat="35.0477424" lon="-118.1617092"><ele>886.63</ele><time>2026-06-26T11:12:39-05:00</time><course>256.9695</course><roll>10.63906</roll><pitch>-9.170534</pitch><mode /></trkpt><trkpt lat="35.0477359" lon="-118.1617207"><ele>886.72</ele><time>2026-06-26T11:12:39-05:00</time><course>254.6238</course><roll>12.89988</roll><pitch>-8.660421</pitch><mode /></trkpt><trkpt lat="35.0477287" lon="-118.1617323"><ele>886.97</ele><time>2026-06-26T11:12:40-05:00</time><course>255.233</course><roll>12.44387</roll><pitch>-8.019691</pitch><mode /></trkpt><trkpt lat="35.0477204" lon="-118.1617423"><ele>887.4</ele><time>2026-06-26T11:12:40-05:00</time><course>254.3416</course><roll>13.93648</roll><pitch>-7.506443</pitch><mode /></trkpt><trkpt lat="35.0477138" lon="-118.1617514"><ele>887.88</ele><time>2026-06-26T11:12:40-05:00</time><course>252.223</course><roll>14.59507</roll><pitch>-7.066969</pitch><mode /></trkpt><trkpt lat="35.0477059" lon="-118.161759"><ele>888.31</ele><time>2026-06-26T11:12:40-05:00</time><course>249.01</course><roll>14.81829</roll><pitch>-6.608908</pitch><mode /></trkpt><trkpt lat="35.0476971" lon="-118.161767"><ele>888.73</ele><time>2026-06-26T11:12:40-05:00</time><course>247.9148</course><roll>16.65684</roll><pitch>-6.18127</pitch><mode /></trkpt><trkpt lat="35.0476873" lon="-118.1617748"><ele>889.07</ele><time>2026-06-26T11:12:41-05:00</time><course>247.3385</course><roll>17.1719</roll><pitch>-6.224751</pitch><mode /></trkpt><trkpt lat="35.0476768" lon="-118.1617832"><ele>889.29</ele><time>2026-06-26T11:12:41-05:00</time><course>246.0277</course><roll>18.44129</roll><pitch>-5.955475</pitch><mode /></trkpt><trkpt lat="35.0476647" lon="-118.1617919"><ele>889.63</ele><time>2026-06-26T11:12:41-05:00</time><course>242.9254</course><roll>19.0066</roll><pitch>-5.13084</pitch><mode /></trkpt><trkpt lat="35.0476521" lon="-118.1617996"><ele>890.03</ele><time>2026-06-26T11:12:41-05:00</time><course>240.2625</course><roll>20.34441</roll><pitch>-5.315053</pitch><mode /></trkpt><trkpt lat="35.0476373" lon="-118.1618085"><ele>890.35</ele><time>2026-06-26T11:12:41-05:00</time><course>236.4694</course><roll>20.28345</roll><pitch>-5.060186</pitch><mode /></trkpt><trkpt lat="35.0476227" lon="-118.1618169"><ele>890.52</ele><time>2026-06-26T11:12:42-05:00</time><course>235.1226</course><roll>22.56908</roll><pitch>-4.085944</pitch><mode /></trkpt><trkpt lat="35.0476074" lon="-118.1618249"><ele>890.8</ele><time>2026-06-26T11:12:42-05:00</time><course>233.7125</course><roll>22.78734</roll><pitch>-4.833706</pitch><mode /></trkpt><trkpt lat="35.0475923" lon="-118.1618326"><ele>890.96</ele><time>2026-06-26T11:12:42-05:00</time><course>229.9591</course><roll>22.96432</roll><pitch>-4.663285</pitch><mode /></trkpt><trkpt lat="35.047574" lon="-118.1618397"><ele>891.1</ele><time>2026-06-26T11:12:42-05:00</time><course>226.7608</course><roll>22.72893</roll><pitch>-4.266734</pitch><mode /></trkpt><trkpt lat="35.0475552" lon="-118.1618443"><ele>891.18</ele><time>2026-06-26T11:12:42-05:00</time><course>225.3285</course><roll>22.95361</roll><pitch>-4.067777</pitch><mode /></trkpt><trkpt lat="35.0475333" lon="-118.1618485"><ele>891.45</ele><time>2026-06-26T11:12:43-05:00</time><course>223.1614</course><roll>21.15613</roll><pitch>-3.359012</pitch><mode /></trkpt><trkpt lat="35.0475112" lon="-118.1618514"><ele>891.59</ele><time>2026-06-26T11:12:43-05:00</time><course>217.7419</course><roll>21.27682</roll><pitch>-1.62221</pitch><mode /></trkpt><trkpt lat="35.0474877" lon="-118.1618518"><ele>891.71</ele><time>2026-06-26T11:12:43-05:00</time><course>214.108</course><roll>23.71075</roll><pitch>-0.8949661</pitch><mode /></trkpt><trkpt lat="35.0474631" lon="-118.1618505"><ele>891.85</ele><time>2026-06-26T11:12:43-05:00</time><course>212.7723</course><roll>23.94077</roll><pitch>-1.570643</pitch><mode /></trkpt><trkpt lat="35.0474377" lon="-118.1618478"><ele>891.99</ele><time>2026-06-26T11:12:43-05:00</time><course>210.5354</course><roll>26.76141</roll><pitch>-1.784963</pitch><mode /></trkpt><trkpt lat="35.0474115" lon="-118.1618444"><ele>891.87</ele><time>2026-06-26T11:12:44-05:00</time><course>207.5702</course><roll>25.09376</roll><pitch>-3.029211</pitch><mode /></trkpt><trkpt lat="35.0473843" lon="-118.1618401"><ele>891.67</ele><time>2026-06-26T11:12:44-05:00</time><course>203.0603</course><roll>26.00677</roll><pitch>-1.983087</pitch><mode /></trkpt><trkpt lat="35.0473563" lon="-118.1618327"><ele>891.47</ele><time>2026-06-26T11:12:44-05:00</time><course>202.2506</course><roll>26.15482</roll><pitch>-2.785112</pitch><mode /></trkpt><trkpt lat="35.0473281" lon="-118.1618228"><ele>891.23</ele><time>2026-06-26T11:12:44-05:00</time><course>198.9804</course><roll>27.28465</roll><pitch>-3.878211</pitch><mode /></trkpt><trkpt lat="35.0472994" lon="-118.1618126"><ele>891.23</ele><time>2026-06-26T11:12:44-05:00</time><course>195.7027</course><roll>27.30144</roll><pitch>-3.63632</pitch><mode /></trkpt><trkpt lat="35.047269" lon="-118.1618001"><ele>891.35</ele><time>2026-06-26T11:12:45-05:00</time><course>191.8853</course><roll>26.94187</roll><pitch>-4.768315</pitch><mode /></trkpt><trkpt lat="35.0472386" lon="-118.1617849"><ele>891.25</ele><time>2026-06-26T11:12:45-05:00</time><course>189.8834</course><roll>23.95846</roll><pitch>-5.618043</pitch><mode /></trkpt><trkpt lat="35.0472096" lon="-118.161764"><ele>891.37</ele><time>2026-06-26T11:12:45-05:00</time><course>185.3541</course><roll>23.57384</roll><pitch>-4.08535</pitch><mode /></trkpt><trkpt lat="35.0471795" lon="-118.1617428"><ele>891.37</ele><time>2026-06-26T11:12:45-05:00</time><course>181.0444</course><roll>25.08935</roll><pitch>-3.492172</pitch><mode /></trkpt><trkpt lat="35.0471491" lon="-118.1617193"><ele>891.31</ele><time>2026-06-26T11:12:45-05:00</time><course>178.5915</course><roll>22.96846</roll><pitch>-4.058871</pitch><mode /></trkpt><trkpt lat="35.0471191" lon="-118.1616934"><ele>891.2</ele><time>2026-06-26T11:12:46-05:00</time><course>173.7282</course><roll>18.77523</roll><pitch>-3.692593</pitch><mode /></trkpt><trkpt lat="35.0470895" lon="-118.1616666"><ele>891.24</ele><time>2026-06-26T11:12:46-05:00</time><course>169.6472</course><roll>18.87967</roll><pitch>-2.144158</pitch><mode /></trkpt><trkpt lat="35.0470597" lon="-118.1616381"><ele>891.18</ele><time>2026-06-26T11:12:46-05:00</time><course>171.5781</course><roll>16.71272</roll><pitch>-1.999005</pitch><mode /></trkpt><trkpt lat="35.0470302" lon="-118.1616064"><ele>890.94</ele><time>2026-06-26T11:12:46-05:00</time><course>172.649</course><roll>12.6763</roll><pitch>-1.960155</pitch><mode /></trkpt><trkpt lat="35.0470009" lon="-118.1615752"><ele>890.83</ele><time>2026-06-26T11:12:46-05:00</time><course>170.4156</course><roll>15.7248</roll><pitch>-0.7860314</pitch><mode /></trkpt><trkpt lat="35.0469714" lon="-118.1615446"><ele>890.67</ele><time>2026-06-26T11:12:47-05:00</time><course>168.7982</course><roll>16.99351</roll><pitch>-0.05745064</pitch><mode /></trkpt><trkpt lat="35.0469423" lon="-118.1615141"><ele>890.41</ele><time>2026-06-26T11:12:47-05:00</time><course>162.364</course><roll>26.36167</roll><pitch>4.577739</pitch><mode /></trkpt><trkpt lat="35.0469137" lon="-118.1614813"><ele>890.08</ele><time>2026-06-26T11:12:47-05:00</time><course>162.0044</course><roll>33.45541</roll><pitch>5.202199</pitch><mode /></trkpt><trkpt lat="35.0468859" lon="-118.1614448"><ele>889.65</ele><time>2026-06-26T11:12:47-05:00</time><course>162.0605</course><roll>36.32623</roll><pitch>2.052533</pitch><mode /></trkpt><trkpt lat="35.0468586" lon="-118.1614065"><ele>889.29</ele><time>2026-06-26T11:12:47-05:00</time><course>154.5182</course><roll>39.85983</roll><pitch>3.755914</pitch><mode /></trkpt><trkpt lat="35.0468322" lon="-118.1613648"><ele>889.15</ele><time>2026-06-26T11:12:48-05:00</time><course>150.0184</course><roll>42.78731</roll><pitch>1.190018</pitch><mode /></trkpt><trkpt lat="35.0468076" lon="-118.1613189"><ele>888.76</ele><time>2026-06-26T11:12:48-05:00</time><course>147.4884</course><roll>40.67073</roll><pitch>-0.8104831</pitch><mode /></trkpt><trkpt lat="35.0467843" lon="-118.161269"><ele>888.52</ele><time>2026-06-26T11:12:48-05:00</time><course>140.5751</course><roll>41.31166</roll><pitch>0.3760223</pitch><mode /></trkpt><trkpt lat="35.046763" lon="-118.1612153"><ele>888.46</ele><time>2026-06-26T11:12:48-05:00</time><course>136.0483</course><roll>42.12806</roll><pitch>0.08810602</pitch><mode /></trkpt><trkpt lat="35.0467444" lon="-118.1611586"><ele>888.5</ele><time>2026-06-26T11:12:48-05:00</time><course>131.2239</course><roll>40.2663</roll><pitch>-0.2352995</pitch><mode /></trkpt><trkpt lat="35.0467285" lon="-118.1610988"><ele>888.68</ele><time>2026-06-26T11:12:49-05:00</time><course>124.2037</course><roll>39.26479</roll><pitch>0.5927283</pitch><mode /></trkpt><trkpt lat="35.0467147" lon="-118.1610376"><ele>888.63</ele><time>2026-06-26T11:12:49-05:00</time><course>119.9858</course><roll>38.83467</roll><pitch>-0.1794324</pitch><mode /></trkpt><trkpt lat="35.0467033" lon="-118.1609743"><ele>888.7</ele><time>2026-06-26T11:12:49-05:00</time><course>114.5442</course><roll>39.65403</roll><pitch>-0.6380777</pitch><mode /></trkpt><trkpt lat="35.0466948" lon="-118.1609095"><ele>888.84</ele><time>2026-06-26T11:12:49-05:00</time><course>109.6966</course><roll>42.50547</roll><pitch>-1.502168</pitch><mode /></trkpt><trkpt lat="35.0466897" lon="-118.1608425"><ele>889.17</ele><time>2026-06-26T11:12:49-05:00</time><course>104.2705</course><roll>43.32162</roll><pitch>-2.496936</pitch><mode /></trkpt><trkpt lat="35.0466874" lon="-118.1607759"><ele>889.37</ele><time>2026-06-26T11:12:50-05:00</time><course>97.65515</course><roll>43.58322</roll><pitch>-3.056702</pitch><mode /></trkpt><trkpt lat="35.0466886" lon="-118.1607094"><ele>889.54</ele><time>2026-06-26T11:12:50-05:00</time><course>93.81352</course><roll>45.02537</roll><pitch>-3.466319</pitch><mode /></trkpt><trkpt lat="35.0466929" lon="-118.1606434"><ele>889.65</ele><time>2026-06-26T11:12:50-05:00</time><course>87.61684</course><roll>43.80512</roll><pitch>-2.98849</pitch><mode /></trkpt><trkpt lat="35.0467006" lon="-118.1605763"><ele>889.82</ele><time>2026-06-26T11:12:50-05:00</time><course>80.82992</course><roll>41.87977</roll><pitch>-1.883091</pitch><mode /></trkpt><trkpt lat="35.0467113" lon="-118.1605091"><ele>889.8</ele><time>2026-06-26T11:12:50-05:00</time><course>76.10732</course><roll>41.64609</roll><pitch>-2.754957</pitch><mode /></trkpt><trkpt lat="35.0467242" lon="-118.1604432"><ele>889.68</ele><time>2026-06-26T11:12:51-05:00</time><course>68.42347</course><roll>42.20953</roll><pitch>-2.624549</pitch><mode /></trkpt><trkpt lat="35.0467382" lon="-118.160381"><ele>889.79</ele><time>2026-06-26T11:12:51-05:00</time><course>63.40788</course><roll>42.62964</roll><pitch>-2.498682</pitch><mode /></trkpt><trkpt lat="35.0467565" lon="-118.1603199"><ele>889.67</ele><time>2026-06-26T11:12:51-05:00</time><course>59.49792</course><roll>43.14162</roll><pitch>-4.504928</pitch><mode /></trkpt><trkpt lat="35.0467779" lon="-118.1602613"><ele>889.63</ele><time>2026-06-26T11:12:51-05:00</time><course>54.51148</course><roll>39.82048</roll><pitch>-6.066888</pitch><mode /></trkpt><trkpt lat="35.0468018" lon="-118.1602053"><ele>889.73</ele><time>2026-06-26T11:12:51-05:00</time><course>45.38046</course><roll>40.09119</roll><pitch>-3.602763</pitch><mode /></trkpt><trkpt lat="35.0468283" lon="-118.160153"><ele>889.89</ele><time>2026-06-26T11:12:52-05:00</time><course>36.91733</course><roll>41.62317</roll><pitch>-3.340282</pitch><mode /></trkpt><trkpt lat="35.0468566" lon="-118.1601041"><ele>890.06</ele><time>2026-06-26T11:12:52-05:00</time><course>33.17952</course><roll>40.91585</roll><pitch>-5.060335</pitch><mode /></trkpt><trkpt lat="35.0468859" lon="-118.1600579"><ele>890.27</ele><time>2026-06-26T11:12:52-05:00</time><course>27.59442</course><roll>40.6895</roll><pitch>-5.732865</pitch><mode /></trkpt><trkpt lat="35.0469158" lon="-118.1600145"><ele>890.61</ele><time>2026-06-26T11:12:52-05:00</time><course>21.69774</course><roll>41.47232</roll><pitch>-3.056853</pitch><mode /></trkpt><trkpt lat="35.0469466" lon="-118.159975"><ele>890.88</ele><time>2026-06-26T11:12:52-05:00</time><course>16.61483</course><roll>41.45541</roll><pitch>-2.324192</pitch><mode /></trkpt><trkpt lat="35.0469775" lon="-118.1599384"><ele>891.24</ele><time>2026-06-26T11:12:53-05:00</time><course>8.487258</course><roll>48.17659</roll><pitch>-1.078765</pitch><mode /></trkpt><trkpt lat="35.0470094" lon="-118.1599073"><ele>891.37</ele><time>2026-06-26T11:12:53-05:00</time><course>3.430289</course><roll>54.63025</roll><pitch>-1.607709</pitch><mode /></trkpt><trkpt lat="35.0470414" lon="-118.1598786"><ele>891.47</ele><time>2026-06-26T11:12:53-05:00</time><course>355.5797</course><roll>52.61045</roll><pitch>-5.168502</pitch><mode /></trkpt><trkpt lat="35.0470736" lon="-118.1598538"><ele>891.58</ele><time>2026-06-26T11:12:53-05:00</time><course>345.2723</course><roll>49.4866</roll><pitch>-3.862057</pitch><mode /></trkpt><trkpt lat="35.0471056" lon="-118.1598352"><ele>891.66</ele><time>2026-06-26T11:12:53-05:00</time><course>336.0016</course><roll>45.2703</roll><pitch>-3.315981</pitch><mode /></trkpt><trkpt lat="35.0471359" lon="-118.1598217"><ele>891.8</ele><time>2026-06-26T11:12:54-05:00</time><course>327.2805</course><roll>47.13163</roll><pitch>-2.180855</pitch><mode /></trkpt><trkpt lat="35.0471651" lon="-118.1598117"><ele>892</ele><time>2026-06-26T11:12:54-05:00</time><course>321.9875</course><roll>48.40275</roll><pitch>-3.363399</pitch><mode /></trkpt><trkpt lat="35.0471924" lon="-118.1598055"><ele>892.21</ele><time>2026-06-26T11:12:54-05:00</time><course>313.5312</course><roll>49.79836</roll><pitch>-3.701678</pitch><mode /></trkpt><trkpt lat="35.0472174" lon="-118.1598034"><ele>892.35</ele><time>2026-06-26T11:12:54-05:00</time><course>307.9651</course><roll>47.04498</roll><pitch>-8.943581</pitch><mode /></trkpt><trkpt lat="35.04724" lon="-118.1598043"><ele>892.48</ele><time>2026-06-26T11:12:54-05:00</time><course>300.2692</course><roll>42.76416</roll><pitch>-10.56725</pitch><mode /></trkpt><trkpt lat="35.047259" lon="-118.1598074"><ele>892.87</ele><time>2026-06-26T11:12:55-05:00</time><course>295.7889</course><roll>31.27027</roll><pitch>-10.30273</pitch><mode /></trkpt><trkpt lat="35.0472757" lon="-118.1598113"><ele>893.47</ele><time>2026-06-26T11:12:55-05:00</time><course>294.7745</course><roll>21.57881</roll><pitch>-8.329878</pitch><mode /></trkpt><trkpt lat="35.0472915" lon="-118.1598168"><ele>894.03</ele><time>2026-06-26T11:12:55-05:00</time><course>292.2406</course><roll>12.59868</roll><pitch>-4.632167</pitch><mode /></trkpt><trkpt lat="35.0473074" lon="-118.1598229"><ele>894.6</ele><time>2026-06-26T11:12:55-05:00</time><course>287.4037</course><roll>14.98341</roll><pitch>-1.506168</pitch><mode /></trkpt><trkpt lat="35.0473229" lon="-118.1598303"><ele>895.03</ele><time>2026-06-26T11:12:55-05:00</time><course>286.671</course><roll>17.60227</roll><pitch>-1.139803</pitch><mode /></trkpt><trkpt lat="35.0473372" lon="-118.1598387"><ele>895.47</ele><time>2026-06-26T11:12:56-05:00</time><course>285.1403</course><roll>19.45733</roll><pitch>-2.697778</pitch><mode /></trkpt><trkpt lat="35.0473504" lon="-118.1598495"><ele>895.84</ele><time>2026-06-26T11:12:56-05:00</time><course>283.981</course><roll>14.83195</roll><pitch>-2.955854</pitch><mode /></trkpt><trkpt lat="35.0473621" lon="-118.1598609"><ele>896.24</ele><time>2026-06-26T11:12:56-05:00</time><course>280.4386</course><roll>12.29534</roll><pitch>-2.543046</pitch><mode /></trkpt><trkpt lat="35.0473738" lon="-118.1598736"><ele>896.73</ele><time>2026-06-26T11:12:56-05:00</time><course>277.6243</course><roll>13.10277</roll><pitch>-2.567556</pitch><mode /></trkpt><trkpt lat="35.047384" lon="-118.1598872"><ele>897.15</ele><time>2026-06-26T11:12:56-05:00</time><course>275.4135</course><roll>13.05521</roll><pitch>-2.736931</pitch><mode /></trkpt><trkpt lat="35.0473931" lon="-118.1599009"><ele>897.46</ele><time>2026-06-26T11:12:57-05:00</time><course>275.8553</course><roll>15.87558</roll><pitch>-5.023256</pitch><mode /></trkpt><trkpt lat="35.0474009" lon="-118.1599148"><ele>897.79</ele><time>2026-06-26T11:12:57-05:00</time><course>273.7552</course><roll>18.56986</roll><pitch>-6.930545</pitch><mode /></trkpt><trkpt lat="35.047408" lon="-118.1599284"><ele>898.3</ele><time>2026-06-26T11:12:57-05:00</time><course>270.1035</course><roll>22.15217</roll><pitch>-8.700158</pitch><mode /></trkpt><trkpt lat="35.0474131" lon="-118.1599415"><ele>898.87</ele><time>2026-06-26T11:12:57-05:00</time><course>268.6372</course><roll>23.77474</roll><pitch>-11.27553</pitch><mode /></trkpt><trkpt lat="35.0474159" lon="-118.1599541"><ele>899.56</ele><time>2026-06-26T11:12:57-05:00</time><course>264.5296</course><roll>25.83887</roll><pitch>-12.65551</pitch><mode /></trkpt><trkpt lat="35.0474165" lon="-118.1599659"><ele>900.38</ele><time>2026-06-26T11:12:58-05:00</time><course>261.6992</course><roll>27.26811</roll><pitch>-13.68795</pitch><mode /></trkpt><trkpt lat="35.0474146" lon="-118.1599769"><ele>901.18</ele><time>2026-06-26T11:12:58-05:00</time><course>259.3679</course><roll>26.84033</roll><pitch>-13.50352</pitch><mode /></trkpt><trkpt lat="35.0474112" lon="-118.1599872"><ele>902.03</ele><time>2026-06-26T11:12:58-05:00</time><course>253.6573</course><roll>29.11685</roll><pitch>-13.41548</pitch><mode /></trkpt><trkpt lat="35.0474053" lon="-118.1599959"><ele>902.91</ele><time>2026-06-26T11:12:58-05:00</time><course>247.5104</course><roll>30.21787</roll><pitch>-14.00916</pitch><mode /></trkpt><trkpt lat="35.0473969" lon="-118.1600031"><ele>903.91</ele><time>2026-06-26T11:12:58-05:00</time><course>244.9021</course><roll>24.40261</roll><pitch>-15.11605</pitch><mode /></trkpt><trkpt lat="35.0473872" lon="-118.1600096"><ele>904.72</ele><time>2026-06-26T11:12:59-05:00</time><course>240.74</course><roll>26.26834</roll><pitch>-15.42466</pitch><mode /></trkpt><trkpt lat="35.0473769" lon="-118.1600154"><ele>905.48</ele><time>2026-06-26T11:12:59-05:00</time><course>236.9238</course><roll>26.58944</roll><pitch>-15.9038</pitch><mode /></trkpt><trkpt lat="35.0473651" lon="-118.1600199"><ele>906.4</ele><time>2026-06-26T11:12:59-05:00</time><course>232.7555</course><roll>27.75789</roll><pitch>-18.54539</pitch><mode /></trkpt><trkpt lat="35.0473516" lon="-118.1600228"><ele>907.51</ele><time>2026-06-26T11:12:59-05:00</time><course>229.8523</course><roll>23.74506</roll><pitch>-20.27978</pitch><mode /></trkpt><trkpt lat="35.0473367" lon="-118.1600235"><ele>908.68</ele><time>2026-06-26T11:12:59-05:00</time><course>230.0063</course><roll>15.95089</roll><pitch>-20.98576</pitch><mode /></trkpt><trkpt lat="35.0473211" lon="-118.1600231"><ele>909.98</ele><time>2026-06-26T11:13:00-05:00</time><course>226.2844</course><roll>14.48466</roll><pitch>-19.25373</pitch><mode /></trkpt><trkpt lat="35.0473059" lon="-118.1600212"><ele>910.98</ele><time>2026-06-26T11:13:00-05:00</time><course>222.3341</course><roll>11.42857</roll><pitch>-16.82755</pitch><mode /></trkpt><trkpt lat="35.0472901" lon="-118.1600184"><ele>911.91</ele><time>2026-06-26T11:13:00-05:00</time><course>225.4204</course><roll>1.292725</roll><pitch>-14.93519</pitch><mode /></trkpt><trkpt lat="35.0472741" lon="-118.160016"><ele>912.8</ele><time>2026-06-26T11:13:00-05:00</time><course>223.074</course><roll>0.6874592</roll><pitch>-13.61416</pitch><mode /></trkpt><trkpt lat="35.0472582" lon="-118.1600147"><ele>913.61</ele><time>2026-06-26T11:13:00-05:00</time><course>221.008</course><roll>0.2048572</roll><pitch>-12.54358</pitch><mode /></trkpt><trkpt lat="35.0472421" lon="-118.1600136"><ele>914.21</ele><time>2026-06-26T11:13:01-05:00</time><course>223.6662</course><roll>1.730826</roll><pitch>-12.20521</pitch><mode /></trkpt><trkpt lat="35.0472256" lon="-118.1600122"><ele>914.8</ele><time>2026-06-26T11:13:01-05:00</time><course>225.3618</course><roll>-2.053725</roll><pitch>-13.22254</pitch><mode /></trkpt><trkpt lat="35.0472093" lon="-118.160011"><ele>915.3</ele><time>2026-06-26T11:13:01-05:00</time><course>224.8117</course><roll>-4.902157</roll><pitch>-14.48481</pitch><mode /></trkpt><trkpt lat="35.0471936" lon="-118.1600098"><ele>915.92</ele><time>2026-06-26T11:13:01-05:00</time><course>223.2462</course><roll>-6.51651</roll><pitch>-14.818</pitch><mode /></trkpt><trkpt lat="35.047178" lon="-118.1600084"><ele>916.61</ele><time>2026-06-26T11:13:01-05:00</time><course>223.4087</course><roll>-4.868928</roll><pitch>-14.15776</pitch><mode /></trkpt><trkpt lat="35.0471622" lon="-118.1600073"><ele>917.19</ele><time>2026-06-26T11:13:02-05:00</time><course>224.5758</course><roll>-0.8967688</roll><pitch>-14.6901</pitch><mode /></trkpt><trkpt lat="35.0471463" lon="-118.1600063"><ele>917.8</ele><time>2026-06-26T11:13:02-05:00</time><course>226.5306</course><roll>-0.4463226</roll><pitch>-15.25465</pitch><mode /></trkpt><trkpt lat="35.0471305" lon="-118.160005"><ele>918.46</ele><time>2026-06-26T11:13:02-05:00</time><course>229.0524</course><roll>0.5436441</roll><pitch>-16.269</pitch><mode /></trkpt><trkpt lat="35.047115" lon="-118.1600035"><ele>919.07</ele><time>2026-06-26T11:13:02-05:00</time><course>229.3827</course><roll>-5.100775</roll><pitch>-17.37748</pitch><mode /></trkpt><trkpt lat="35.0470998" lon="-118.1600024"><ele>919.71</ele><time>2026-06-26T11:13:02-05:00</time><course>228.8228</course><roll>-10.00667</roll><pitch>-16.54859</pitch><mode /></trkpt><trkpt lat="35.0470847" lon="-118.1600016"><ele>920.34</ele><time>2026-06-26T11:13:03-05:00</time><course>229.5851</course><roll>-11.42963</roll><pitch>-15.4707</pitch><mode /></trkpt><trkpt lat="35.04707" lon="-118.1600012"><ele>920.9</ele><time>2026-06-26T11:13:03-05:00</time><course>230.2358</course><roll>-13.39044</roll><pitch>-14.69672</pitch><mode /></trkpt><trkpt lat="35.0470559" lon="-118.1600013"><ele>921.35</ele><time>2026-06-26T11:13:03-05:00</time><course>228.2837</course><roll>-17.64677</roll><pitch>-14.05358</pitch><mode /></trkpt><trkpt lat="35.0470415" lon="-118.1600021"><ele>921.77</ele><time>2026-06-26T11:13:03-05:00</time><course>231.9358</course><roll>-18.52145</roll><pitch>-11.07437</pitch><mode /></trkpt><trkpt lat="35.0470274" lon="-118.1600037"><ele>922.13</ele><time>2026-06-26T11:13:03-05:00</time><course>233.3097</course><roll>-20.2741</roll><pitch>-11.07575</pitch><mode /></trkpt><trkpt lat="35.0470145" lon="-118.1600068"><ele>922.38</ele><time>2026-06-26T11:13:04-05:00</time><course>231.432</course><roll>-16.22943</roll><pitch>-12.50605</pitch><mode /></trkpt><trkpt lat="35.0470021" lon="-118.1600101"><ele>922.68</ele><time>2026-06-26T11:13:04-05:00</time><course>233.5701</course><roll>-15.64192</roll><pitch>-11.60936</pitch><mode /></trkpt><trkpt lat="35.0469899" lon="-118.160015"><ele>922.97</ele><time>2026-06-26T11:13:04-05:00</time><course>234.9573</course><roll>-16.91613</roll><pitch>-11.8225</pitch><mode /></trkpt><trkpt lat="35.046978" lon="-118.1600204"><ele>923.22</ele><time>2026-06-26T11:13:04-05:00</time><course>237.0642</course><roll>-15.31572</roll><pitch>-11.71744</pitch><mode /></trkpt><trkpt lat="35.0469666" lon="-118.1600252"><ele>923.42</ele><time>2026-06-26T11:13:04-05:00</time><course>239.903</course><roll>-15.6783</roll><pitch>-11.36953</pitch><mode /></trkpt><trkpt lat="35.0469556" lon="-118.1600299"><ele>923.67</ele><time>2026-06-26T11:13:05-05:00</time><course>243.1216</course><roll>-17.58067</roll><pitch>-11.41833</pitch><mode /></trkpt><trkpt lat="35.0469454" lon="-118.1600352"><ele>923.93</ele><time>2026-06-26T11:13:05-05:00</time><course>243.0635</course><roll>-14.84928</roll><pitch>-12.53324</pitch><mode /></trkpt><trkpt lat="35.0469359" lon="-118.1600409"><ele>924.18</ele><time>2026-06-26T11:13:05-05:00</time><course>244.2697</course><roll>-13.15405</roll><pitch>-12.34652</pitch><mode /></trkpt><trkpt lat="35.0469269" lon="-118.1600471"><ele>924.45</ele><time>2026-06-26T11:13:05-05:00</time><course>245.4027</course><roll>-13.07919</roll><pitch>-12.81896</pitch><mode /></trkpt><trkpt lat="35.0469186" lon="-118.1600535"><ele>924.73</ele><time>2026-06-26T11:13:05-05:00</time><course>245.438</course><roll>-11.99302</roll><pitch>-13.09254</pitch><mode /></trkpt><trkpt lat="35.0469107" lon="-118.16006"><ele>925.12</ele><time>2026-06-26T11:13:06-05:00</time><course>246.4099</course><roll>-8.909681</roll><pitch>-12.06588</pitch><mode /></trkpt><trkpt lat="35.0469033" lon="-118.1600672"><ele>925.44</ele><time>2026-06-26T11:13:06-05:00</time><course>249.0807</course><roll>-8.365086</roll><pitch>-10.94943</pitch><mode /></trkpt><trkpt lat="35.046896" lon="-118.1600749"><ele>925.64</ele><time>2026-06-26T11:13:06-05:00</time><course>249.7782</course><roll>-9.031781</roll><pitch>-11.72741</pitch><mode /></trkpt><trkpt lat="35.0468891" lon="-118.1600828"><ele>925.77</ele><time>2026-06-26T11:13:06-05:00</time><course>249.8428</course><roll>-7.198655</roll><pitch>-12.54417</pitch><mode /></trkpt><trkpt lat="35.0468821" lon="-118.1600913"><ele>925.86</ele><time>2026-06-26T11:13:06-05:00</time><course>250.5115</course><roll>-9.69571</roll><pitch>-13.28381</pitch><mode /></trkpt><trkpt lat="35.0468758" lon="-118.1600996"><ele>926.24</ele><time>2026-06-26T11:13:07-05:00</time><course>247.8829</course><roll>-11.33621</roll><pitch>-13.86499</pitch><mode /></trkpt><trkpt lat="35.0468704" lon="-118.1601084"><ele>926.77</ele><time>2026-06-26T11:13:07-05:00</time><course>248.591</course><roll>-10.59439</roll><pitch>-12.58254</pitch><mode /></trkpt><trkpt lat="35.046865" lon="-118.1601163"><ele>927.47</ele><time>2026-06-26T11:13:07-05:00</time><course>252.0326</course><roll>-13.25543</roll><pitch>-10.59677</pitch><mode /></trkpt><trkpt lat="35.0468605" lon="-118.1601243"><ele>928.2</ele><time>2026-06-26T11:13:07-05:00</time><course>252.024</course><roll>-8.797744</roll><pitch>-9.816289</pitch><mode /></trkpt><trkpt lat="35.0468568" lon="-118.1601321"><ele>928.9</ele><time>2026-06-26T11:13:07-05:00</time><course>250.4393</course><roll>-8.610538</roll><pitch>-9.026919</pitch><mode /></trkpt><trkpt lat="35.0468534" lon="-118.1601402"><ele>929.5</ele><time>2026-06-26T11:13:08-05:00</time><course>250.3391</course><roll>-12.22433</roll><pitch>-7.892575</pitch><mode /></trkpt><trkpt lat="35.04685" lon="-118.1601485"><ele>929.98</ele><time>2026-06-26T11:13:08-05:00</time><course>251.1796</course><roll>-12.89962</roll><pitch>-7.08457</pitch><mode /></trkpt><trkpt lat="35.0468472" lon="-118.1601569"><ele>930.43</ele><time>2026-06-26T11:13:08-05:00</time><course>250.9062</course><roll>-7.156207</roll><pitch>-6.516844</pitch><mode /></trkpt><trkpt lat="35.0468439" lon="-118.1601656"><ele>930.7</ele><time>2026-06-26T11:13:08-05:00</time><course>255.858</course><roll>-6.318293</roll><pitch>-4.933277</pitch><mode /></trkpt><trkpt lat="35.0468407" lon="-118.1601746"><ele>930.92</ele><time>2026-06-26T11:13:08-05:00</time><course>254.2129</course><roll>-5.165358</roll><pitch>-5.542758</pitch><mode /></trkpt><trkpt lat="35.0468384" lon="-118.1601845"><ele>931.16</ele><time>2026-06-26T11:13:09-05:00</time><course>249.0242</course><roll>-1.259466</roll><pitch>-6.059465</pitch><mode /></trkpt><trkpt lat="35.0468361" lon="-118.1601949"><ele>931.34</ele><time>2026-06-26T11:13:09-05:00</time><course>249.2037</course><roll>-0.4406565</roll><pitch>-4.803787</pitch><mode /></trkpt><trkpt lat="35.0468334" lon="-118.160205"><ele>931.49</ele><time>2026-06-26T11:13:09-05:00</time><course>250.2748</course><roll>-3.129797</roll><pitch>-5.025794</pitch><mode /></trkpt><trkpt lat="35.0468304" lon="-118.1602149"><ele>931.6</ele><time>2026-06-26T11:13:09-05:00</time><course>251.547</course><roll>-11.25918</roll><pitch>-5.101189</pitch><mode /></trkpt><trkpt lat="35.0468276" lon="-118.1602249"><ele>931.67</ele><time>2026-06-26T11:13:09-05:00</time><course>249.7441</course><roll>-13.07699</roll><pitch>-6.112117</pitch><mode /></trkpt><trkpt lat="35.0468251" lon="-118.1602349"><ele>931.64</ele><time>2026-06-26T11:13:10-05:00</time><course>252.8141</course><roll>-8.746291</roll><pitch>-6.424933</pitch><mode /></trkpt><trkpt lat="35.0468224" lon="-118.1602449"><ele>931.68</ele><time>2026-06-26T11:13:10-05:00</time><course>256.3042</course><roll>-7.998634</roll><pitch>-6.002943</pitch><mode /></trkpt><trkpt lat="35.0468204" lon="-118.1602551"><ele>931.75</ele><time>2026-06-26T11:13:10-05:00</time><course>254.9855</course><roll>-4.837029</roll><pitch>-6.16731</pitch><mode /></trkpt><trkpt lat="35.0468186" lon="-118.1602656"><ele>931.73</ele><time>2026-06-26T11:13:10-05:00</time><course>255.2855</course><roll>-3.35919</roll><pitch>-6.158295</pitch><mode /></trkpt><trkpt lat="35.0468165" lon="-118.1602763"><ele>931.63</ele><time>2026-06-26T11:13:10-05:00</time><course>256.0956</course><roll>-1.910302</roll><pitch>-6.834078</pitch><mode /></trkpt><trkpt lat="35.0468144" lon="-118.1602871"><ele>931.55</ele><time>2026-06-26T11:13:11-05:00</time><course>256.2339</course><roll>0.5337638</roll><pitch>-8.193605</pitch><mode /></trkpt><trkpt lat="35.0468123" lon="-118.1602975"><ele>931.65</ele><time>2026-06-26T11:13:11-05:00</time><course>257.2451</course><roll>1.519706</roll><pitch>-8.109821</pitch><mode /></trkpt><trkpt lat="35.0468095" lon="-118.1603078"><ele>931.8</ele><time>2026-06-26T11:13:11-05:00</time><course>260.3959</course><roll>-3.723247</roll><pitch>-8.456129</pitch><mode /></trkpt><trkpt lat="35.0468068" lon="-118.1603185"><ele>931.84</ele><time>2026-06-26T11:13:11-05:00</time><course>259.494</course><roll>-2.780711</roll><pitch>-7.975065</pitch><mode /></trkpt><trkpt lat="35.0468044" lon="-118.1603287"><ele>931.99</ele><time>2026-06-26T11:13:11-05:00</time><course>259.2792</course><roll>-2.068719</roll><pitch>-7.429003</pitch><mode /></trkpt><trkpt lat="35.0468018" lon="-118.1603389"><ele>932.09</ele><time>2026-06-26T11:13:12-05:00</time><course>260.0176</course><roll>-0.8778734</roll><pitch>-7.488751</pitch><mode /></trkpt><trkpt lat="35.0467988" lon="-118.1603495"><ele>932.21</ele><time>2026-06-26T11:13:12-05:00</time><course>261.3387</course><roll>-2.953226</roll><pitch>-7.877398</pitch><mode /></trkpt><trkpt lat="35.0467961" lon="-118.1603602"><ele>932.39</ele><time>2026-06-26T11:13:12-05:00</time><course>259.6536</course><roll>-2.222204</roll><pitch>-8.488086</pitch><mode /></trkpt><trkpt lat="35.0467935" lon="-118.1603708"><ele>932.65</ele><time>2026-06-26T11:13:12-05:00</time><course>257.9041</course><roll>-2.297716</roll><pitch>-7.987262</pitch><mode /></trkpt><trkpt lat="35.0467912" lon="-118.1603811"><ele>932.92</ele><time>2026-06-26T11:13:12-05:00</time><course>258.8011</course><roll>-4.090871</roll><pitch>-7.03219</pitch><mode /></trkpt><trkpt lat="35.0467893" lon="-118.1603913"><ele>933.16</ele><time>2026-06-26T11:13:13-05:00</time><course>258.0381</course><roll>-8.186399</roll><pitch>-7.020419</pitch><mode /></trkpt><trkpt lat="35.0467875" lon="-118.1604025"><ele>933.32</ele><time>2026-06-26T11:13:13-05:00</time><course>256.6375</course><roll>-11.20205</roll><pitch>-7.114265</pitch><mode /></trkpt><trkpt lat="35.0467858" lon="-118.1604138"><ele>933.48</ele><time>2026-06-26T11:13:13-05:00</time><course>257.9694</course><roll>-12.73233</roll><pitch>-6.200826</pitch><mode /></trkpt><trkpt lat="35.0467847" lon="-118.1604244"><ele>933.75</ele><time>2026-06-26T11:13:13-05:00</time><course>258.7415</course><roll>-11.82587</roll><pitch>-5.700225</pitch><mode /></trkpt><trkpt lat="35.0467841" lon="-118.1604352"><ele>933.98</ele><time>2026-06-26T11:13:13-05:00</time><course>259.6878</course><roll>-9.084015</roll><pitch>-5.534642</pitch><mode /></trkpt><trkpt lat="35.0467836" lon="-118.1604461"><ele>934.27</ele><time>2026-06-26T11:13:14-05:00</time><course>261.153</course><roll>-6.656672</roll><pitch>-5.315305</pitch><mode /></trkpt><trkpt lat="35.0467833" lon="-118.1604572"><ele>934.55</ele><time>2026-06-26T11:13:14-05:00</time><course>260.8148</course><roll>-3.618992</roll><pitch>-5.564273</pitch><mode /></trkpt><trkpt lat="35.0467829" lon="-118.1604688"><ele>934.78</ele><time>2026-06-26T11:13:14-05:00</time><course>261.0976</course><roll>-3.370444</roll><pitch>-5.974383</pitch><mode /></trkpt><trkpt lat="35.0467818" lon="-118.160481"><ele>935.05</ele><time>2026-06-26T11:13:14-05:00</time><course>262.3163</course><roll>-3.647385</roll><pitch>-5.8063</pitch><mode /></trkpt><trkpt lat="35.0467807" lon="-118.1604927"><ele>935.37</ele><time>2026-06-26T11:13:14-05:00</time><course>263.6096</course><roll>-4.510155</roll><pitch>-6.318149</pitch><mode /></trkpt><trkpt lat="35.04678" lon="-118.1605048"><ele>935.59</ele><time>2026-06-26T11:13:15-05:00</time><course>263.1031</course><roll>-5.98018</roll><pitch>-7.278548</pitch><mode /></trkpt><trkpt lat="35.0467788" lon="-118.1605185"><ele>935.64</ele><time>2026-06-26T11:13:15-05:00</time><course>263.1078</course><roll>-6.124222</roll><pitch>-6.952475</pitch><mode /></trkpt><trkpt lat="35.0467787" lon="-118.1605309"><ele>935.88</ele><time>2026-06-26T11:13:15-05:00</time><course>262.7589</course><roll>-4.219152</roll><pitch>-6.791524</pitch><mode /></trkpt><trkpt lat="35.0467782" lon="-118.1605439"><ele>936.01</ele><time>2026-06-26T11:13:15-05:00</time><course>264.1591</course><roll>-6.237831</roll><pitch>-6.221513</pitch><mode /></trkpt><trkpt lat="35.046778" lon="-118.1605567"><ele>936.21</ele><time>2026-06-26T11:13:15-05:00</time><course>265.3188</course><roll>-5.400731</roll><pitch>-6.825933</pitch><mode /></trkpt><trkpt lat="35.0467784" lon="-118.1605696"><ele>936.47</ele><time>2026-06-26T11:13:16-05:00</time><course>265.1848</course><roll>-2.499314</roll><pitch>-6.20814</pitch><mode /></trkpt><trkpt lat="35.0467786" lon="-118.1605829"><ele>936.67</ele><time>2026-06-26T11:13:16-05:00</time><course>265.8689</course><roll>-2.414076</roll><pitch>-5.946938</pitch><mode /></trkpt><trkpt lat="35.0467785" lon="-118.1606104"><ele>936.95</ele><time>2026-06-26T11:13:16-05:00</time><course>268.6682</course><roll>-2.045299</roll><pitch>-6.724556</pitch><mode /></trkpt><trkpt lat="35.0467787" lon="-118.1606252"><ele>937.11</ele><time>2026-06-26T11:13:16-05:00</time><course>267.285</course><roll>-0.4434538</roll><pitch>-7.513776</pitch><mode /></trkpt><trkpt lat="35.0467786" lon="-118.16064"><ele>937.44</ele><time>2026-06-26T11:13:17-05:00</time><course>268.6416</course><roll>-5.448126</roll><pitch>-7.423841</pitch><mode /></trkpt><trkpt lat="35.0467781" lon="-118.1606543"><ele>938.07</ele><time>2026-06-26T11:13:17-05:00</time><course>269.1308</course><roll>-10.49356</roll><pitch>-6.184194</pitch><mode /></trkpt><trkpt lat="35.0467782" lon="-118.1606687"><ele>938.65</ele><time>2026-06-26T11:13:17-05:00</time><course>268.6801</course><roll>-9.551678</roll><pitch>-4.353735</pitch><mode /></trkpt><trkpt lat="35.0467792" lon="-118.1606837"><ele>939.2</ele><time>2026-06-26T11:13:17-05:00</time><course>263.4541</course><roll>-10.61261</roll><pitch>-3.558358</pitch><mode /></trkpt><trkpt lat="35.0467812" lon="-118.1606977"><ele>939.8</ele><time>2026-06-26T11:13:17-05:00</time><course>262.4578</course><roll>-4.689209</roll><pitch>-0.8945973</pitch><mode /></trkpt><trkpt lat="35.0467829" lon="-118.1607122"><ele>940.24</ele><time>2026-06-26T11:13:18-05:00</time><course>266.0393</course><roll>-8.801915</roll><pitch>2.159481</pitch><mode /></trkpt><trkpt lat="35.0467846" lon="-118.1607271"><ele>940.59</ele><time>2026-06-26T11:13:18-05:00</time><course>267.1013</course><roll>-13.53995</roll><pitch>2.732656</pitch><mode /></trkpt><trkpt lat="35.0467872" lon="-118.1607422"><ele>940.81</ele><time>2026-06-26T11:13:18-05:00</time><course>266.4168</course><roll>-14.30378</roll><pitch>3.417716</pitch><mode /></trkpt><trkpt lat="35.0467902" lon="-118.1607575"><ele>940.88</ele><time>2026-06-26T11:13:18-05:00</time><course>266.976</course><roll>-14.26341</roll><pitch>3.377754</pitch><mode /></trkpt><trkpt lat="35.0467936" lon="-118.160773"><ele>940.95</ele><time>2026-06-26T11:13:18-05:00</time><course>266.0181</course><roll>-12.54397</roll><pitch>3.515091</pitch><mode /></trkpt><trkpt lat="35.0467978" lon="-118.1607886"><ele>941.1</ele><time>2026-06-26T11:13:19-05:00</time><course>267.8245</course><roll>-8.263777</roll><pitch>4.501411</pitch><mode /></trkpt><trkpt lat="35.0468023" lon="-118.1608045"><ele>941.03</ele><time>2026-06-26T11:13:19-05:00</time><course>270.9156</course><roll>-5.710952</roll><pitch>4.787047</pitch><mode /></trkpt><trkpt lat="35.0468064" lon="-118.1608212"><ele>940.94</ele><time>2026-06-26T11:13:19-05:00</time><course>275.1577</course><roll>-7.516764</roll><pitch>5.597427</pitch><mode /></trkpt><trkpt lat="35.046811" lon="-118.1608375"><ele>940.88</ele><time>2026-06-26T11:13:19-05:00</time><course>276.4869</course><roll>-9.281366</roll><pitch>4.862001</pitch><mode /></trkpt><trkpt lat="35.0468166" lon="-118.1608528"><ele>940.92</ele><time>2026-06-26T11:13:19-05:00</time><course>274.5899</course><roll>-10.19772</roll><pitch>4.36133</pitch><mode /></trkpt><trkpt lat="35.046823" lon="-118.1608682"><ele>941.13</ele><time>2026-06-26T11:13:20-05:00</time><course>274.7337</course><roll>-11.21707</roll><pitch>5.572577</pitch><mode /></trkpt><trkpt lat="35.0468299" lon="-118.1608833"><ele>941.19</ele><time>2026-06-26T11:13:20-05:00</time><course>277.0838</course><roll>-9.947265</roll><pitch>6.213284</pitch><mode /></trkpt><trkpt lat="35.0468373" lon="-118.1608983"><ele>941.11</ele><time>2026-06-26T11:13:20-05:00</time><course>275.4153</course><roll>-10.26762</roll><pitch>6.018869</pitch><mode /></trkpt><trkpt lat="35.0468451" lon="-118.1609131"><ele>940.93</ele><time>2026-06-26T11:13:20-05:00</time><course>278.0299</course><roll>-11.75291</roll><pitch>5.981699</pitch><mode /></trkpt><trkpt lat="35.046853" lon="-118.1609272"><ele>940.63</ele><time>2026-06-26T11:13:20-05:00</time><course>279.3598</course><roll>-14.35392</roll><pitch>5.577946</pitch><mode /></trkpt><trkpt lat="35.0468616" lon="-118.1609408"><ele>940.34</ele><time>2026-06-26T11:13:21-05:00</time><course>276.8445</course><roll>-12.46866</roll><pitch>3.57717</pitch><mode /></trkpt><trkpt lat="35.0468708" lon="-118.1609546"><ele>939.92</ele><time>2026-06-26T11:13:21-05:00</time><course>278.4492</course><roll>-10.73111</roll><pitch>3.836548</pitch><mode /></trkpt><trkpt lat="35.0468802" lon="-118.1609689"><ele>939.49</ele><time>2026-06-26T11:13:21-05:00</time><course>282.6656</course><roll>-9.409989</roll><pitch>4.24571</pitch><mode /></trkpt><trkpt lat="35.0468905" lon="-118.1609838"><ele>939.12</ele><time>2026-06-26T11:13:21-05:00</time><course>283.9455</course><roll>-5.976023</roll><pitch>2.643163</pitch><mode /></trkpt><trkpt lat="35.0469015" lon="-118.1609999"><ele>938.81</ele><time>2026-06-26T11:13:21-05:00</time><course>283.3224</course><roll>-4.834182</roll><pitch>0.7926324</pitch><mode /></trkpt><trkpt lat="35.046913" lon="-118.1610168"><ele>938.63</ele><time>2026-06-26T11:13:22-05:00</time><course>281.6852</course><roll>-5.827893</roll><pitch>-0.1622804</pitch><mode /></trkpt><trkpt lat="35.0469246" lon="-118.1610336"><ele>938.67</ele><time>2026-06-26T11:13:22-05:00</time><course>284.5151</course><roll>-8.773293</roll><pitch>0.03021884</pitch><mode /></trkpt><trkpt lat="35.0469366" lon="-118.1610501"><ele>938.71</ele><time>2026-06-26T11:13:22-05:00</time><course>284.9105</course><roll>-9.744025</roll><pitch>1.021424</pitch><mode /></trkpt><trkpt lat="35.0469492" lon="-118.1610659"><ele>938.76</ele><time>2026-06-26T11:13:22-05:00</time><course>285.6753</course><roll>-8.928555</roll><pitch>1.76355</pitch><mode /></trkpt><trkpt lat="35.0469616" lon="-118.1610814"><ele>938.61</ele><time>2026-06-26T11:13:22-05:00</time><course>288.9736</course><roll>-13.39643</roll><pitch>2.429682</pitch><mode /></trkpt><trkpt lat="35.0469741" lon="-118.161097"><ele>938.39</ele><time>2026-06-26T11:13:23-05:00</time><course>290.8485</course><roll>-14.19504</roll><pitch>2.272309</pitch><mode /></trkpt><trkpt lat="35.0469877" lon="-118.1611124"><ele>938.11</ele><time>2026-06-26T11:13:23-05:00</time><course>291.0243</course><roll>-10.05491</roll><pitch>1.327831</pitch><mode /></trkpt><trkpt lat="35.0470022" lon="-118.1611281"><ele>937.75</ele><time>2026-06-26T11:13:23-05:00</time><course>293.3876</course><roll>-13.35933</roll><pitch>0.8960243</pitch><mode /></trkpt><trkpt lat="35.0470171" lon="-118.1611437"><ele>937.41</ele><time>2026-06-26T11:13:23-05:00</time><course>292.4495</course><roll>-13.08542</roll><pitch>-0.4091097</pitch><mode /></trkpt><trkpt lat="35.0470329" lon="-118.1611588"><ele>937.06</ele><time>2026-06-26T11:13:23-05:00</time><course>294.1767</course><roll>-12.94763</roll><pitch>-0.1154483</pitch><mode /></trkpt><trkpt lat="35.0470491" lon="-118.1611734"><ele>936.77</ele><time>2026-06-26T11:13:24-05:00</time><course>294.761</course><roll>-15.70097</roll><pitch>0.06150313</pitch><mode /></trkpt><trkpt lat="35.0470663" lon="-118.1611872"><ele>936.61</ele><time>2026-06-26T11:13:24-05:00</time><course>294.0273</course><roll>-16.70019</roll><pitch>-1.248606</pitch><mode /></trkpt><trkpt lat="35.0470842" lon="-118.1612005"><ele>936.54</ele><time>2026-06-26T11:13:24-05:00</time><course>297.6013</course><roll>-21.46075</roll><pitch>-0.2855707</pitch><mode /></trkpt><trkpt lat="35.0471031" lon="-118.1612135"><ele>936.39</ele><time>2026-06-26T11:13:24-05:00</time><course>298.8861</course><roll>-22.63654</roll><pitch>-0.04038029</pitch><mode /></trkpt><trkpt lat="35.047123" lon="-118.1612262"><ele>936.13</ele><time>2026-06-26T11:13:24-05:00</time><course>300.5963</course><roll>-21.40615</roll><pitch>0.920719</pitch><mode /></trkpt><trkpt lat="35.0471436" lon="-118.1612388"><ele>935.69</ele><time>2026-06-26T11:13:25-05:00</time><course>303.8753</course><roll>-26.50853</roll><pitch>1.024538</pitch><mode /></trkpt><trkpt lat="35.0471652" lon="-118.1612508"><ele>935.28</ele><time>2026-06-26T11:13:25-05:00</time><course>304.7597</course><roll>-27.01435</roll><pitch>0.2926286</pitch><mode /></trkpt><trkpt lat="35.0471882" lon="-118.1612618"><ele>934.93</ele><time>2026-06-26T11:13:25-05:00</time><course>305.7452</course><roll>-22.40878</roll><pitch>-0.6629346</pitch><mode /></trkpt><trkpt lat="35.0472126" lon="-118.1612717"><ele>934.6</ele><time>2026-06-26T11:13:25-05:00</time><course>307.3824</course><roll>-18.71092</roll><pitch>-0.7061868</pitch><mode /></trkpt><trkpt lat="35.0472375" lon="-118.1612807"><ele>934.19</ele><time>2026-06-26T11:13:25-05:00</time><course>312.3263</course><roll>-18.06942</roll><pitch>0.1096603</pitch><mode /></trkpt><trkpt lat="35.047263" lon="-118.1612893"><ele>933.76</ele><time>2026-06-26T11:13:26-05:00</time><course>317.094</course><roll>-18.1531</roll><pitch>0.748091</pitch><mode /></trkpt><trkpt lat="35.0472896" lon="-118.1612973"><ele>933.29</ele><time>2026-06-26T11:13:26-05:00</time><course>318.4708</course><roll>-17.67498</roll><pitch>-0.2837551</pitch><mode /></trkpt><trkpt lat="35.0473171" lon="-118.1613042"><ele>932.91</ele><time>2026-06-26T11:13:26-05:00</time><course>319.7585</course><roll>-19.40237</roll><pitch>-1.623072</pitch><mode /></trkpt><trkpt lat="35.0473456" lon="-118.1613092"><ele>932.8</ele><time>2026-06-26T11:13:26-05:00</time><course>322.0446</course><roll>-26.22518</roll><pitch>-1.931192</pitch><mode /></trkpt><trkpt lat="35.0473748" lon="-118.1613119"><ele>932.92</ele><time>2026-06-26T11:13:26-05:00</time><course>324.9486</course><roll>-28.30227</roll><pitch>-0.95899</pitch><mode /></trkpt><trkpt lat="35.0474052" lon="-118.161312"><ele>933.28</ele><time>2026-06-26T11:13:27-05:00</time><course>327.5159</course><roll>-27.99046</roll><pitch>0.5124561</pitch><mode /></trkpt><trkpt lat="35.0474362" lon="-118.1613107"><ele>933.53</ele><time>2026-06-26T11:13:27-05:00</time><course>331.6251</course><roll>-27.16343</roll><pitch>2.460014</pitch><mode /></trkpt><trkpt lat="35.047467" lon="-118.1613088"><ele>933.46</ele><time>2026-06-26T11:13:27-05:00</time><course>334.1523</course><roll>-27.83901</roll><pitch>1.954469</pitch><mode /></trkpt><trkpt lat="35.0474983" lon="-118.1613056"><ele>933.26</ele><time>2026-06-26T11:13:27-05:00</time><course>336.8804</course><roll>-28.7523</roll><pitch>0.4865628</pitch><mode /></trkpt><trkpt lat="35.0475303" lon="-118.1613003"><ele>933.12</ele><time>2026-06-26T11:13:27-05:00</time><course>340.3796</course><roll>-31.8039</roll><pitch>-0.5021817</pitch><mode /></trkpt><trkpt lat="35.0475631" lon="-118.1612923"><ele>933.1</ele><time>2026-06-26T11:13:28-05:00</time><course>346.6939</course><roll>-31.93405</roll><pitch>0.7820145</pitch><mode /></trkpt><trkpt lat="35.0475964" lon="-118.1612815"><ele>933.13</ele><time>2026-06-26T11:13:28-05:00</time><course>350.4931</course><roll>-26.68501</roll><pitch>-0.307989</pitch><mode /></trkpt><trkpt lat="35.0476297" lon="-118.1612675"><ele>933.2</ele><time>2026-06-26T11:13:28-05:00</time><course>351.8733</course><roll>-26.53675</roll><pitch>-2.239767</pitch><mode /></trkpt><trkpt lat="35.0476627" lon="-118.1612504"><ele>933.42</ele><time>2026-06-26T11:13:28-05:00</time><course>355.72</course><roll>-29.38721</roll><pitch>-2.409898</pitch><mode /></trkpt><trkpt lat="35.0476949" lon="-118.1612305"><ele>933.77</ele><time>2026-06-26T11:13:28-05:00</time><course>356.2628</course><roll>-35.39451</roll><pitch>-2.064149</pitch><mode /></trkpt><trkpt lat="35.0477267" lon="-118.1612086"><ele>933.9</ele><time>2026-06-26T11:13:29-05:00</time><course>359.7616</course><roll>-35.99133</roll><pitch>-0.06726044</pitch><mode /></trkpt><trkpt lat="35.0477581" lon="-118.1611866"><ele>933.79</ele><time>2026-06-26T11:13:29-05:00</time><course>4.879702</course><roll>-32.9209</roll><pitch>2.028098</pitch><mode /></trkpt><trkpt lat="35.0477894" lon="-118.1611639"><ele>933.35</ele><time>2026-06-26T11:13:29-05:00</time><course>11.14086</course><roll>-34.86577</roll><pitch>2.474468</pitch><mode /></trkpt><trkpt lat="35.0478204" lon="-118.1611366"><ele>933.02</ele><time>2026-06-26T11:13:29-05:00</time><course>16.30099</course><roll>-39.14413</roll><pitch>0.9282571</pitch><mode /></trkpt><trkpt lat="35.0478505" lon="-118.1611051"><ele>933.03</ele><time>2026-06-26T11:13:29-05:00</time><course>24.90646</course><roll>-37.25489</roll><pitch>1.922945</pitch><mode /></trkpt><trkpt lat="35.0478799" lon="-118.1610702"><ele>933.01</ele><time>2026-06-26T11:13:30-05:00</time><course>31.83078</course><roll>-38.86263</roll><pitch>0.9525244</pitch><mode /></trkpt><trkpt lat="35.0479075" lon="-118.1610314"><ele>933.16</ele><time>2026-06-26T11:13:30-05:00</time><course>37.64632</course><roll>-40.37167</roll><pitch>1.897146</pitch><mode /></trkpt><trkpt lat="35.0479332" lon="-118.160989"><ele>933.47</ele><time>2026-06-26T11:13:30-05:00</time><course>42.94301</course><roll>-40.72489</roll><pitch>0.54444</pitch><mode /></trkpt><trkpt lat="35.0479564" lon="-118.1609432"><ele>933.97</ele><time>2026-06-26T11:13:30-05:00</time><course>47.87896</course><roll>-40.31003</roll><pitch>0.6055687</pitch><mode /></trkpt><trkpt lat="35.0479777" lon="-118.1608949"><ele>934.49</ele><time>2026-06-26T11:13:30-05:00</time><course>52.19643</course><roll>-36.52965</roll><pitch>1.67007</pitch><mode /></trkpt><trkpt lat="35.0479973" lon="-118.160845"><ele>934.9</ele><time>2026-06-26T11:13:31-05:00</time><course>57.90293</course><roll>-40.83541</roll><pitch>2.361165</pitch><mode /></trkpt><trkpt lat="35.0480148" lon="-118.1607935"><ele>935.15</ele><time>2026-06-26T11:13:31-05:00</time><course>57.28796</course><roll>-40.37388</roll><pitch>-1.348164</pitch><mode /></trkpt><trkpt lat="35.0480305" lon="-118.1607407"><ele>935.37</ele><time>2026-06-26T11:13:31-05:00</time><course>62.85791</course><roll>-44.07142</roll><pitch>2.284687</pitch><mode /></trkpt><trkpt lat="35.0480445" lon="-118.1606867"><ele>935.6</ele><time>2026-06-26T11:13:31-05:00</time><course>69.93692</course><roll>-49.12116</roll><pitch>4.501999</pitch><mode /></trkpt><trkpt lat="35.0480544" lon="-118.1606305"><ele>935.74</ele><time>2026-06-26T11:13:31-05:00</time><course>74.92024</course><roll>-50.6727</roll><pitch>1.553982</pitch><mode /></trkpt><trkpt lat="35.0480588" lon="-118.1605721"><ele>936.09</ele><time>2026-06-26T11:13:32-05:00</time><course>81.0004</course><roll>-48.37185</roll><pitch>1.03493</pitch><mode /></trkpt><trkpt lat="35.0480599" lon="-118.1605128"><ele>936.57</ele><time>2026-06-26T11:13:32-05:00</time><course>84.94098</course><roll>-39.96038</roll><pitch>2.574542</pitch><mode /></trkpt><trkpt lat="35.048059" lon="-118.1604531"><ele>936.89</ele><time>2026-06-26T11:13:32-05:00</time><course>89.67054</course><roll>-33.10845</roll><pitch>4.416907</pitch><mode /></trkpt><trkpt lat="35.0480567" lon="-118.1603939"><ele>936.88</ele><time>2026-06-26T11:13:32-05:00</time><course>94.514</course><roll>-30.05844</roll><pitch>4.059939</pitch><mode /></trkpt><trkpt lat="35.048052" lon="-118.1603355"><ele>937</ele><time>2026-06-26T11:13:32-05:00</time><course>100.4354</course><roll>-30.32388</roll><pitch>4.573291</pitch><mode /></trkpt><trkpt lat="35.0480448" lon="-118.1602778"><ele>937.2</ele><time>2026-06-26T11:13:33-05:00</time><course>105.7923</course><roll>-30.76969</roll><pitch>4.233969</pitch><mode /></trkpt><trkpt lat="35.0480359" lon="-118.1602209"><ele>937.29</ele><time>2026-06-26T11:13:33-05:00</time><course>109.3924</course><roll>-30.96881</roll><pitch>4.678594</pitch><mode /></trkpt><trkpt lat="35.0480251" lon="-118.1601654"><ele>937.24</ele><time>2026-06-26T11:13:33-05:00</time><course>110.6357</course><roll>-33.49322</roll><pitch>2.853559</pitch><mode /></trkpt><trkpt lat="35.0480122" lon="-118.1601106"><ele>937.16</ele><time>2026-06-26T11:13:33-05:00</time><course>112.3346</course><roll>-40.30233</roll><pitch>1.789804</pitch><mode /></trkpt><trkpt lat="35.0479971" lon="-118.1600562"><ele>937.08</ele><time>2026-06-26T11:13:33-05:00</time><course>114.8432</course><roll>-39.75964</roll><pitch>3.717978</pitch><mode /></trkpt><trkpt lat="35.0479801" lon="-118.1600025"><ele>936.87</ele><time>2026-06-26T11:13:34-05:00</time><course>120.041</course><roll>-40.26673</roll><pitch>6.251484</pitch><mode /></trkpt><trkpt lat="35.047961" lon="-118.1599495"><ele>936.57</ele><time>2026-06-26T11:13:34-05:00</time><course>124.6953</course><roll>-43.18826</roll><pitch>7.911942</pitch><mode /></trkpt><trkpt lat="35.0479401" lon="-118.1598979"><ele>936.13</ele><time>2026-06-26T11:13:34-05:00</time><course>131.4396</course><roll>-43.31018</roll><pitch>9.269775</pitch><mode /></trkpt><trkpt lat="35.0479167" lon="-118.1598483"><ele>935.68</ele><time>2026-06-26T11:13:34-05:00</time><course>136.3075</course><roll>-41.8355</roll><pitch>7.319239</pitch><mode /></trkpt><trkpt lat="35.0478912" lon="-118.1598007"><ele>935.34</ele><time>2026-06-26T11:13:34-05:00</time><course>144.8763</course><roll>-41.67664</roll><pitch>9.033765</pitch><mode /></trkpt><trkpt lat="35.0478633" lon="-118.1597563"><ele>935.03</ele><time>2026-06-26T11:13:35-05:00</time><course>153.0805</course><roll>-43.84439</roll><pitch>7.534846</pitch><mode /></trkpt><trkpt lat="35.0478329" lon="-118.1597151"><ele>934.74</ele><time>2026-06-26T11:13:35-05:00</time><course>158.6882</course><roll>-44.64016</roll><pitch>5.756111</pitch><mode /></trkpt><trkpt lat="35.0478008" lon="-118.1596777"><ele>934.56</ele><time>2026-06-26T11:13:35-05:00</time><course>166.3386</course><roll>-44.77024</roll><pitch>5.918812</pitch><mode /></trkpt><trkpt lat="35.0477676" lon="-118.1596446"><ele>934.46</ele><time>2026-06-26T11:13:35-05:00</time><course>170.4233</course><roll>-43.7993</roll><pitch>1.99622</pitch><mode /></trkpt><trkpt lat="35.047734" lon="-118.1596165"><ele>934.38</ele><time>2026-06-26T11:13:35-05:00</time><course>176.8661</course><roll>-43.69395</roll><pitch>1.828948</pitch><mode /></trkpt><trkpt lat="35.0477005" lon="-118.1595932"><ele>934.35</ele><time>2026-06-26T11:13:36-05:00</time><course>183.8535</course><roll>-44.64826</roll><pitch>1.796204</pitch><mode /></trkpt><trkpt lat="35.047667" lon="-118.1595743"><ele>934.29</ele><time>2026-06-26T11:13:36-05:00</time><course>189.9266</course><roll>-44.94605</roll><pitch>1.285675</pitch><mode /></trkpt><trkpt lat="35.0476339" lon="-118.15956"><ele>934.26</ele><time>2026-06-26T11:13:36-05:00</time><course>194.2427</course><roll>-44.02751</roll><pitch>-0.3011869</pitch><mode /></trkpt><trkpt lat="35.047602" lon="-118.1595489"><ele>934.19</ele><time>2026-06-26T11:13:36-05:00</time><course>198.6003</course><roll>-41.81046</roll><pitch>-0.2399212</pitch><mode /></trkpt><trkpt lat="35.0475713" lon="-118.1595412"><ele>934.13</ele><time>2026-06-26T11:13:36-05:00</time><course>203.0199</course><roll>-39.92492</roll><pitch>0.3471305</pitch><mode /></trkpt><trkpt lat="35.0475418" lon="-118.1595363"><ele>934.07</ele><time>2026-06-26T11:13:37-05:00</time><course>207.7794</course><roll>-34.17585</roll><pitch>0.8026365</pitch><mode /></trkpt><trkpt lat="35.0475133" lon="-118.1595338"><ele>934.01</ele><time>2026-06-26T11:13:37-05:00</time><course>212.8271</course><roll>-31.89265</roll><pitch>1.449084</pitch><mode /></trkpt><trkpt lat="35.0474862" lon="-118.1595337"><ele>933.97</ele><time>2026-06-26T11:13:37-05:00</time><course>215.8849</course><roll>-29.65901</roll><pitch>0.3676106</pitch><mode /></trkpt><trkpt lat="35.0474606" lon="-118.1595354"><ele>933.95</ele><time>2026-06-26T11:13:37-05:00</time><course>218.8494</course><roll>-27.34954</roll><pitch>-0.0641288</pitch><mode /></trkpt><trkpt lat="35.0474361" lon="-118.1595389"><ele>934.04</ele><time>2026-06-26T11:13:37-05:00</time><course>222.198</course><roll>-25.29568</roll><pitch>0.3564245</pitch><mode /></trkpt><trkpt lat="35.0474123" lon="-118.1595438"><ele>934.08</ele><time>2026-06-26T11:13:38-05:00</time><course>224.6842</course><roll>-24.25468</roll><pitch>0.4218667</pitch><mode /></trkpt><trkpt lat="35.0473895" lon="-118.1595494"><ele>934.22</ele><time>2026-06-26T11:13:38-05:00</time><course>227.5108</course><roll>-21.77701</roll><pitch>1.193407</pitch><mode /></trkpt><trkpt lat="35.0473675" lon="-118.1595557"><ele>934.29</ele><time>2026-06-26T11:13:38-05:00</time><course>228.8</course><roll>-20.40436</roll><pitch>0.2144017</pitch><mode /></trkpt><trkpt lat="35.0473468" lon="-118.1595632"><ele>934.17</ele><time>2026-06-26T11:13:38-05:00</time><course>229.3375</course><roll>-20.36403</roll><pitch>-1.578006</pitch><mode /></trkpt><trkpt lat="35.0473269" lon="-118.1595712"><ele>934.16</ele><time>2026-06-26T11:13:38-05:00</time><course>231.8927</course><roll>-18.29723</roll><pitch>-1.438411</pitch><mode /></trkpt><trkpt lat="35.047308" lon="-118.1595796"><ele>934.27</ele><time>2026-06-26T11:13:39-05:00</time><course>236.3794</course><roll>-16.93377</roll><pitch>0.2424734</pitch><mode /></trkpt><trkpt lat="35.04729" lon="-118.1595884"><ele>934.36</ele><time>2026-06-26T11:13:39-05:00</time><course>237.3442</course><roll>-14.82421</roll><pitch>-0.3710923</pitch><mode /></trkpt><trkpt lat="35.0472731" lon="-118.1595981"><ele>934.41</ele><time>2026-06-26T11:13:39-05:00</time><course>237.5182</course><roll>-12.2719</roll><pitch>-1.214481</pitch><mode /></trkpt><trkpt lat="35.047257" lon="-118.1596082"><ele>934.6</ele><time>2026-06-26T11:13:39-05:00</time><course>239.5789</course><roll>-11.37133</roll><pitch>-0.6354227</pitch><mode /></trkpt><trkpt lat="35.0472416" lon="-118.1596187"><ele>934.83</ele><time>2026-06-26T11:13:39-05:00</time><course>239.2273</course><roll>-7.835302</roll><pitch>-0.9093434</pitch><mode /></trkpt><trkpt lat="35.0472271" lon="-118.1596296"><ele>935.12</ele><time>2026-06-26T11:13:40-05:00</time><course>239.9491</course><roll>-10.22292</roll><pitch>-0.2945651</pitch><mode /></trkpt><trkpt lat="35.0472132" lon="-118.1596399"><ele>935.47</ele><time>2026-06-26T11:13:40-05:00</time><course>239.6201</course><roll>-10.93767</roll><pitch>0.7735772</pitch><mode /></trkpt><trkpt lat="35.0471995" lon="-118.15965"><ele>935.53</ele><time>2026-06-26T11:13:40-05:00</time><course>240.7796</course><roll>-9.724607</roll><pitch>1.300373</pitch><mode /></trkpt><trkpt lat="35.0471864" lon="-118.1596606"><ele>935.55</ele><time>2026-06-26T11:13:40-05:00</time><course>242.3765</course><roll>-9.300628</roll><pitch>0.8695279</pitch><mode /></trkpt><trkpt lat="35.047174" lon="-118.1596715"><ele>935.64</ele><time>2026-06-26T11:13:40-05:00</time><course>243.2513</course><roll>-6.75095</roll><pitch>1.32995</pitch><mode /></trkpt><trkpt lat="35.0471618" lon="-118.1596824"><ele>935.71</ele><time>2026-06-26T11:13:41-05:00</time><course>247.7015</course><roll>-6.388554</roll><pitch>2.646962</pitch><mode /></trkpt><trkpt lat="35.0471502" lon="-118.1596933"><ele>935.69</ele><time>2026-06-26T11:13:41-05:00</time><course>244.8733</course><roll>-9.411288</roll><pitch>1.118571</pitch><mode /></trkpt><trkpt lat="35.0471395" lon="-118.1597047"><ele>935.76</ele><time>2026-06-26T11:13:41-05:00</time><course>242.0294</course><roll>-6.286687</roll><pitch>0.6910082</pitch><mode /></trkpt><trkpt lat="35.0471289" lon="-118.1597162"><ele>935.89</ele><time>2026-06-26T11:13:41-05:00</time><course>246.166</course><roll>-4.681495</roll><pitch>2.954211</pitch><mode /></trkpt><trkpt lat="35.0471184" lon="-118.1597278"><ele>935.9</ele><time>2026-06-26T11:13:41-05:00</time><course>246.215</course><roll>-4.990606</roll><pitch>2.528985</pitch><mode /></trkpt><trkpt lat="35.047108" lon="-118.1597398"><ele>935.86</ele><time>2026-06-26T11:13:42-05:00</time><course>247.0361</course><roll>-1.35662</roll><pitch>1.935531</pitch><mode /></trkpt><trkpt lat="35.0470975" lon="-118.1597525"><ele>935.85</ele><time>2026-06-26T11:13:42-05:00</time><course>246.6934</course><roll>-2.323106</roll><pitch>1.58052</pitch><mode /></trkpt><trkpt lat="35.0470871" lon="-118.1597657"><ele>935.82</ele><time>2026-06-26T11:13:42-05:00</time><course>246.2518</course><roll>-2.493643</roll><pitch>1.887914</pitch><mode /></trkpt><trkpt lat="35.0470765" lon="-118.159779"><ele>935.81</ele><time>2026-06-26T11:13:42-05:00</time><course>248.1346</course><roll>-5.662506</roll><pitch>1.854859</pitch><mode /></trkpt><trkpt lat="35.0470662" lon="-118.1597924"><ele>935.89</ele><time>2026-06-26T11:13:42-05:00</time><course>248.1927</course><roll>-3.885691</roll><pitch>1.630652</pitch><mode /></trkpt><trkpt lat="35.0470561" lon="-118.1598059"><ele>935.97</ele><time>2026-06-26T11:13:43-05:00</time><course>248.6879</course><roll>0.2056255</roll><pitch>1.746474</pitch><mode /></trkpt><trkpt lat="35.0470459" lon="-118.1598196"><ele>935.92</ele><time>2026-06-26T11:13:43-05:00</time><course>249.2851</course><roll>1.186185</roll><pitch>1.106843</pitch><mode /></trkpt><trkpt lat="35.0470357" lon="-118.1598335"><ele>935.89</ele><time>2026-06-26T11:13:43-05:00</time><course>247.586</course><roll>-0.3374771</roll><pitch>-0.1436325</pitch><mode /></trkpt><trkpt lat="35.0470257" lon="-118.1598473"><ele>935.99</ele><time>2026-06-26T11:13:43-05:00</time><course>248.9863</course><roll>-0.4051954</roll><pitch>-0.2177224</pitch><mode /></trkpt><trkpt lat="35.0470154" lon="-118.1598608"><ele>936.13</ele><time>2026-06-26T11:13:43-05:00</time><course>252.7353</course><roll>-1.470531</roll><pitch>0.7894208</pitch><mode /></trkpt><trkpt lat="35.0470053" lon="-118.1598738"><ele>936.22</ele><time>2026-06-26T11:13:44-05:00</time><course>251.3043</course><roll>-1.072298</roll><pitch>0.560481</pitch><mode /></trkpt><trkpt lat="35.0469958" lon="-118.1598863"><ele>936.38</ele><time>2026-06-26T11:13:44-05:00</time><course>251.8738</course><roll>-0.9749662</roll><pitch>1.015956</pitch><mode /></trkpt><trkpt lat="35.0469864" lon="-118.1598984"><ele>936.54</ele><time>2026-06-26T11:13:44-05:00</time><course>253.546</course><roll>-2.232649</roll><pitch>1.790041</pitch><mode /></trkpt><trkpt lat="35.0469774" lon="-118.1599106"><ele>936.61</ele><time>2026-06-26T11:13:44-05:00</time><course>250.924</course><roll>-1.713539</roll><pitch>1.401692</pitch><mode /></trkpt><trkpt lat="35.0469687" lon="-118.159922"><ele>936.68</ele><time>2026-06-26T11:13:44-05:00</time><course>252.4854</course><roll>-6.179009</roll><pitch>1.667095</pitch><mode /></trkpt><trkpt lat="35.0469601" lon="-118.1599335"><ele>936.84</ele><time>2026-06-26T11:13:45-05:00</time><course>252.5414</course><roll>-2.412853</roll><pitch>2.559191</pitch><mode /></trkpt><trkpt lat="35.0469521" lon="-118.1599449"><ele>937.03</ele><time>2026-06-26T11:13:45-05:00</time><course>252.7872</course><roll>-8.94265</roll><pitch>3.214718</pitch><mode /></trkpt><trkpt lat="35.0469445" lon="-118.1599561"><ele>937.2</ele><time>2026-06-26T11:13:45-05:00</time><course>254.4232</course><roll>-9.507529</roll><pitch>5.026579</pitch><mode /></trkpt><trkpt lat="35.0469372" lon="-118.1599672"><ele>937.27</ele><time>2026-06-26T11:13:45-05:00</time><course>254.1905</course><roll>-12.3277</roll><pitch>5.250183</pitch><mode /></trkpt><trkpt lat="35.0469306" lon="-118.1599783"><ele>937.31</ele><time>2026-06-26T11:13:45-05:00</time><course>254.2323</course><roll>-6.720881</roll><pitch>5.465953</pitch><mode /></trkpt><trkpt lat="35.0469244" lon="-118.1599894"><ele>937.18</ele><time>2026-06-26T11:13:46-05:00</time><course>253.4063</course><roll>-2.951145</roll><pitch>4.948411</pitch><mode /></trkpt><trkpt lat="35.0469183" lon="-118.1600003"><ele>937.06</ele><time>2026-06-26T11:13:46-05:00</time><course>253.1715</course><roll>-3.547622</roll><pitch>4.370354</pitch><mode /></trkpt><trkpt lat="35.0469125" lon="-118.1600114"><ele>936.86</ele><time>2026-06-26T11:13:46-05:00</time><course>254.8176</course><roll>-0.8377951</roll><pitch>3.650789</pitch><mode /></trkpt><trkpt lat="35.0469066" lon="-118.1600229"><ele>936.66</ele><time>2026-06-26T11:13:46-05:00</time><course>256.7322</course><roll>0.1995288</roll><pitch>2.275574</pitch><mode /></trkpt><trkpt lat="35.0469005" lon="-118.1600348"><ele>936.61</ele><time>2026-06-26T11:13:46-05:00</time><course>254.8476</course><roll>-3.816528</roll><pitch>0.9476701</pitch><mode /></trkpt><trkpt lat="35.0468943" lon="-118.1600471"><ele>936.8</ele><time>2026-06-26T11:13:47-05:00</time><course>254.2819</course><roll>-10.65639</roll><pitch>1.981909</pitch><mode /></trkpt><trkpt lat="35.0468886" lon="-118.1600594"><ele>937.01</ele><time>2026-06-26T11:13:47-05:00</time><course>253.054</course><roll>-8.547664</roll><pitch>2.443738</pitch><mode /></trkpt><trkpt lat="35.0468832" lon="-118.1600715"><ele>937.1</ele><time>2026-06-26T11:13:47-05:00</time><course>254.3594</course><roll>-6.241093</roll><pitch>3.841079</pitch><mode /></trkpt><trkpt lat="35.0468782" lon="-118.1600832"><ele>937.12</ele><time>2026-06-26T11:13:47-05:00</time><course>254.7117</course><roll>-6.436539</roll><pitch>4.434249</pitch><mode /></trkpt><trkpt lat="35.0468735" lon="-118.160095"><ele>937.12</ele><time>2026-06-26T11:13:47-05:00</time><course>254.8718</course><roll>-3.184152</roll><pitch>5.0311</pitch><mode /></trkpt><trkpt lat="35.0468691" lon="-118.1601063"><ele>937.15</ele><time>2026-06-26T11:13:48-05:00</time><course>257.0477</course><roll>-5.673512</roll><pitch>4.988785</pitch><mode /></trkpt><trkpt lat="35.0468647" lon="-118.1601175"><ele>937.16</ele><time>2026-06-26T11:13:48-05:00</time><course>256.7126</course><roll>-3.479735</roll><pitch>4.940355</pitch><mode /></trkpt><trkpt lat="35.0468606" lon="-118.1601284"><ele>937.09</ele><time>2026-06-26T11:13:48-05:00</time><course>257.2425</course><roll>-2.975362</roll><pitch>4.883664</pitch><mode /></trkpt><trkpt lat="35.0468564" lon="-118.1601392"><ele>937.01</ele><time>2026-06-26T11:13:48-05:00</time><course>259.548</course><roll>-5.430111</roll><pitch>4.403874</pitch><mode /></trkpt><trkpt lat="35.0468523" lon="-118.1601505"><ele>936.92</ele><time>2026-06-26T11:13:48-05:00</time><course>259.7106</course><roll>-2.113796</roll><pitch>4.51606</pitch><mode /></trkpt><trkpt lat="35.0468487" lon="-118.1601612"><ele>936.82</ele><time>2026-06-26T11:13:49-05:00</time><course>259.2588</course><roll>-1.55528</roll><pitch>3.88502</pitch><mode /></trkpt><trkpt lat="35.046845" lon="-118.160172"><ele>936.77</ele><time>2026-06-26T11:13:49-05:00</time><course>259.1818</course><roll>-1.18196</roll><pitch>3.024178</pitch><mode /></trkpt><trkpt lat="35.0468413" lon="-118.160183"><ele>936.78</ele><time>2026-06-26T11:13:49-05:00</time><course>258.9958</course><roll>-0.1378245</roll><pitch>3.352224</pitch><mode /></trkpt><trkpt lat="35.0468375" lon="-118.1601939"><ele>936.84</ele><time>2026-06-26T11:13:49-05:00</time><course>258.7833</course><roll>0.6944935</roll><pitch>4.051893</pitch><mode /></trkpt><trkpt lat="35.0468338" lon="-118.1602047"><ele>936.82</ele><time>2026-06-26T11:13:49-05:00</time><course>257.4801</course><roll>-1.162402</roll><pitch>4.134</pitch><mode /></trkpt><trkpt lat="35.0468305" lon="-118.1602152"><ele>936.78</ele><time>2026-06-26T11:13:50-05:00</time><course>256.909</course><roll>0.6621318</roll><pitch>3.788223</pitch><mode /></trkpt><trkpt lat="35.0468271" lon="-118.1602255"><ele>936.76</ele><time>2026-06-26T11:13:50-05:00</time><course>257.6736</course><roll>-3.853207</roll><pitch>3.346825</pitch><mode /></trkpt><trkpt lat="35.0468235" lon="-118.1602361"><ele>936.67</ele><time>2026-06-26T11:13:50-05:00</time><course>259.6313</course><roll>-3.540498</roll><pitch>3.414876</pitch><mode /></trkpt><trkpt lat="35.0468197" lon="-118.1602474"><ele>936.62</ele><time>2026-06-26T11:13:50-05:00</time><course>260.8686</course><roll>-2.227932</roll><pitch>3.158349</pitch><mode /></trkpt><trkpt lat="35.046816" lon="-118.1602588"><ele>936.51</ele><time>2026-06-26T11:13:50-05:00</time><course>261.9186</course><roll>-1.612652</roll><pitch>3.476665</pitch><mode /></trkpt><trkpt lat="35.0468122" lon="-118.1602699"><ele>936.25</ele><time>2026-06-26T11:13:51-05:00</time><course>264.2588</course><roll>-2.234971</roll><pitch>2.271819</pitch><mode /></trkpt><trkpt lat="35.0468085" lon="-118.1602811"><ele>935.93</ele><time>2026-06-26T11:13:51-05:00</time><course>263.6317</course><roll>-2.503659</roll><pitch>1.081311</pitch><mode /></trkpt><trkpt lat="35.046805" lon="-118.1602928"><ele>935.7</ele><time>2026-06-26T11:13:51-05:00</time><course>263.0115</course><roll>0.05709202</roll><pitch>0.4248782</pitch><mode /></trkpt><trkpt lat="35.0468012" lon="-118.160305"><ele>935.61</ele><time>2026-06-26T11:13:51-05:00</time><course>263.3888</course><roll>0.5902957</roll><pitch>0.2761191</pitch><mode /></trkpt><trkpt lat="35.0467971" lon="-118.1603175"><ele>935.59</ele><time>2026-06-26T11:13:51-05:00</time><course>263.5585</course><roll>-2.937714</roll><pitch>-0.5237742</pitch><mode /></trkpt><trkpt lat="35.0467933" lon="-118.16033"><ele>935.58</ele><time>2026-06-26T11:13:52-05:00</time><course>261.7901</course><roll>-0.2778163</roll><pitch>-1.626549</pitch><mode /></trkpt><trkpt lat="35.0467895" lon="-118.1603427"><ele>935.59</ele><time>2026-06-26T11:13:52-05:00</time><course>261.6819</course><roll>-1.767457</roll><pitch>-1.966454</pitch><mode /></trkpt><trkpt lat="35.0467855" lon="-118.1603554"><ele>935.61</ele><time>2026-06-26T11:13:52-05:00</time><course>262.8802</course><roll>-2.514998</roll><pitch>-1.350077</pitch><mode /></trkpt><trkpt lat="35.0467816" lon="-118.1603682"><ele>935.62</ele><time>2026-06-26T11:13:52-05:00</time><course>262.9047</course><roll>-1.729088</roll><pitch>-1.606139</pitch><mode /></trkpt><trkpt lat="35.0467783" lon="-118.1603809"><ele>935.66</ele><time>2026-06-26T11:13:52-05:00</time><course>261.2086</course><roll>-2.593393</roll><pitch>-2.055533</pitch><mode /></trkpt><trkpt lat="35.046775" lon="-118.1603936"><ele>935.71</ele><time>2026-06-26T11:13:53-05:00</time><course>262.2584</course><roll>-3.078524</roll><pitch>-1.568878</pitch><mode /></trkpt><trkpt lat="35.0467715" lon="-118.1604063"><ele>935.71</ele><time>2026-06-26T11:13:53-05:00</time><course>263.9581</course><roll>-5.096917</roll><pitch>-0.8128126</pitch><mode /></trkpt><trkpt lat="35.0467682" lon="-118.1604194"><ele>935.72</ele><time>2026-06-26T11:13:53-05:00</time><course>266.2531</course><roll>-7.983804</roll><pitch>-0.09059861</pitch><mode /></trkpt><trkpt lat="35.0467651" lon="-118.1604325"><ele>935.7</ele><time>2026-06-26T11:13:53-05:00</time><course>266.4922</course><roll>-9.30369</roll><pitch>-0.1287344</pitch><mode /></trkpt><trkpt lat="35.0467624" lon="-118.1604455"><ele>935.69</ele><time>2026-06-26T11:13:53-05:00</time><course>268.4847</course><roll>-8.36683</roll><pitch>0.1721736</pitch><mode /></trkpt><trkpt lat="35.0467604" lon="-118.1604586"><ele>935.67</ele><time>2026-06-26T11:13:54-05:00</time><course>265.7758</course><roll>-8.344717</roll><pitch>-1.234422</pitch><mode /></trkpt><trkpt lat="35.0467591" lon="-118.1604718"><ele>935.66</ele><time>2026-06-26T11:13:54-05:00</time><course>266.3633</course><roll>-7.82401</roll><pitch>-1.289211</pitch><mode /></trkpt><trkpt lat="35.0467578" lon="-118.1604847"><ele>935.67</ele><time>2026-06-26T11:13:54-05:00</time><course>267.2765</course><roll>-8.055494</roll><pitch>-1.333842</pitch><mode /></trkpt><trkpt lat="35.0467566" lon="-118.1604975"><ele>935.68</ele><time>2026-06-26T11:13:54-05:00</time><course>271.1353</course><roll>-6.127245</roll><pitch>0.04738817</pitch><mode /></trkpt><trkpt lat="35.0467558" lon="-118.1605101"><ele>935.66</ele><time>2026-06-26T11:13:54-05:00</time><course>274.2805</course><roll>-11.44347</roll><pitch>-0.141122</pitch><mode /></trkpt><trkpt lat="35.0467557" lon="-118.1605227"><ele>935.52</ele><time>2026-06-26T11:13:55-05:00</time><course>270.6437</course><roll>-14.58912</roll><pitch>-2.134954</pitch><mode /></trkpt><trkpt lat="35.046756" lon="-118.1605347"><ele>935.14</ele><time>2026-06-26T11:13:55-05:00</time><course>273.1684</course><roll>-9.083356</roll><pitch>-1.593194</pitch><mode /></trkpt><trkpt lat="35.0467562" lon="-118.1605469"><ele>934.78</ele><time>2026-06-26T11:13:55-05:00</time><course>279.587</course><roll>-6.324447</roll><pitch>-0.9609516</pitch><mode /></trkpt><trkpt lat="35.0467573" lon="-118.1605593"><ele>934.66</ele><time>2026-06-26T11:13:55-05:00</time><course>279.67</course><roll>-8.250901</roll><pitch>-2.383383</pitch><mode /></trkpt><trkpt lat="35.0467592" lon="-118.1605712"><ele>934.6</ele><time>2026-06-26T11:13:55-05:00</time><course>278.136</course><roll>-11.74484</roll><pitch>-3.281178</pitch><mode /></trkpt><trkpt lat="35.0467618" lon="-118.1605832"><ele>934.67</ele><time>2026-06-26T11:13:56-05:00</time><course>276.4139</course><roll>-12.67277</roll><pitch>-3.197174</pitch><mode /></trkpt><trkpt lat="35.0467649" lon="-118.160595"><ele>934.82</ele><time>2026-06-26T11:13:56-05:00</time><course>277.4237</course><roll>-9.830121</roll><pitch>-2.42545</pitch><mode /></trkpt><trkpt lat="35.0467681" lon="-118.1606065"><ele>934.9</ele><time>2026-06-26T11:13:56-05:00</time><course>277.1309</course><roll>-4.206076</roll><pitch>-2.356054</pitch><mode /></trkpt><trkpt lat="35.0467721" lon="-118.1606178"><ele>934.98</ele><time>2026-06-26T11:13:56-05:00</time><course>272.1278</course><roll>-3.374878</roll><pitch>-2.455139</pitch><mode /></trkpt><trkpt lat="35.0467763" lon="-118.1606294"><ele>935.19</ele><time>2026-06-26T11:13:56-05:00</time><course>270.7464</course><roll>1.803146</roll><pitch>-0.3296444</pitch><mode /></trkpt><trkpt lat="35.0467796" lon="-118.1606413"><ele>935.4</ele><time>2026-06-26T11:13:57-05:00</time><course>274.1523</course><roll>1.234501</roll><pitch>1.603289</pitch><mode /></trkpt><trkpt lat="35.0467829" lon="-118.1606534"><ele>935.45</ele><time>2026-06-26T11:13:57-05:00</time><course>273.6058</course><roll>0.7190401</roll><pitch>1.097202</pitch><mode /></trkpt><trkpt lat="35.0467861" lon="-118.1606655"><ele>935.52</ele><time>2026-06-26T11:13:57-05:00</time><course>273.8743</course><roll>-0.06867099</roll><pitch>1.240427</pitch><mode /></trkpt><trkpt lat="35.0467892" lon="-118.1606775"><ele>935.53</ele><time>2026-06-26T11:13:57-05:00</time><course>274.8315</course><roll>0.4333255</roll><pitch>1.577835</pitch><mode /></trkpt><trkpt lat="35.0467921" lon="-118.1606899"><ele>935.51</ele><time>2026-06-26T11:13:57-05:00</time><course>276.7768</course><roll>0.05961416</roll><pitch>1.894569</pitch><mode /></trkpt><trkpt lat="35.0467948" lon="-118.1607025"><ele>935.48</ele><time>2026-06-26T11:13:58-05:00</time><course>276.1831</course><roll>-2.174132</roll><pitch>0.9117432</pitch><mode /></trkpt><trkpt lat="35.0467976" lon="-118.1607151"><ele>935.45</ele><time>2026-06-26T11:13:58-05:00</time><course>278.3708</course><roll>-2.895672</roll><pitch>1.568614</pitch><mode /></trkpt><trkpt lat="35.0468006" lon="-118.1607278"><ele>935.3</ele><time>2026-06-26T11:13:58-05:00</time><course>277.8874</course><roll>-2.420573</roll><pitch>0.6249801</pitch><mode /></trkpt><trkpt lat="35.046804" lon="-118.1607402"><ele>935.07</ele><time>2026-06-26T11:13:58-05:00</time><course>275.3989</course><roll>-3.157349</roll><pitch>-1.06149</pitch><mode /></trkpt><trkpt lat="35.0468078" lon="-118.1607522"><ele>934.85</ele><time>2026-06-26T11:13:58-05:00</time><course>274.3693</course><roll>-5.212947</roll><pitch>-2.345271</pitch><mode /></trkpt><trkpt lat="35.0468122" lon="-118.1607637"><ele>934.64</ele><time>2026-06-26T11:13:59-05:00</time><course>273.5676</course><roll>-3.27179</roll><pitch>-3.020712</pitch><mode /></trkpt><trkpt lat="35.0468165" lon="-118.160775"><ele>934.37</ele><time>2026-06-26T11:13:59-05:00</time><course>273.7518</course><roll>-4.138127</roll><pitch>-3.931639</pitch><mode /></trkpt><trkpt lat="35.0468208" lon="-118.1607863"><ele>934.2</ele><time>2026-06-26T11:13:59-05:00</time><course>275.6519</course><roll>-4.489422</roll><pitch>-3.458297</pitch><mode /></trkpt><trkpt lat="35.0468252" lon="-118.1607975"><ele>934.11</ele><time>2026-06-26T11:13:59-05:00</time><course>275.6362</course><roll>-5.162545</roll><pitch>-3.487628</pitch><mode /></trkpt><trkpt lat="35.0468301" lon="-118.1608085"><ele>933.85</ele><time>2026-06-26T11:13:59-05:00</time><course>273.4739</course><roll>-8.608904</roll><pitch>-3.75947</pitch><mode /></trkpt><trkpt lat="35.0468349" lon="-118.1608192"><ele>933.56</ele><time>2026-06-26T11:14:00-05:00</time><course>273.4995</course><roll>-5.632475</roll><pitch>-3.906515</pitch><mode /></trkpt><trkpt lat="35.0468396" lon="-118.1608293"><ele>933.16</ele><time>2026-06-26T11:14:00-05:00</time><course>276.049</course><roll>-5.466135</roll><pitch>-4.073279</pitch><mode /></trkpt><trkpt lat="35.0468441" lon="-118.1608397"><ele>932.94</ele><time>2026-06-26T11:14:00-05:00</time><course>279.4078</course><roll>-6.472649</roll><pitch>-4.32091</pitch><mode /></trkpt><trkpt lat="35.0468495" lon="-118.1608501"><ele>932.78</ele><time>2026-06-26T11:14:00-05:00</time><course>278.1469</course><roll>-3.231011</roll><pitch>-5.201266</pitch><mode /></trkpt><trkpt lat="35.046855" lon="-118.1608598"><ele>932.73</ele><time>2026-06-26T11:14:00-05:00</time><course>280.0224</course><roll>-3.378594</roll><pitch>-5.248869</pitch><mode /></trkpt><trkpt lat="35.0468603" lon="-118.1608698"><ele>932.68</ele><time>2026-06-26T11:14:01-05:00</time><course>276.6322</course><roll>-4.021297</roll><pitch>-5.866534</pitch><mode /></trkpt><trkpt lat="35.0468657" lon="-118.1608799"><ele>932.61</ele><time>2026-06-26T11:14:01-05:00</time><course>275.699</course><roll>-3.260274</roll><pitch>-5.57144</pitch><mode /></trkpt><trkpt lat="35.0468707" lon="-118.1608898"><ele>932.52</ele><time>2026-06-26T11:14:01-05:00</time><course>277.2674</course><roll>-0.1557663</roll><pitch>-4.825076</pitch><mode /></trkpt><trkpt lat="35.046876" lon="-118.1609002"><ele>932.46</ele><time>2026-06-26T11:14:01-05:00</time><course>276.8335</course><roll>0.00900475</roll><pitch>-4.898676</pitch><mode /></trkpt><trkpt lat="35.0468814" lon="-118.1609108"><ele>932.39</ele><time>2026-06-26T11:14:01-05:00</time><course>275.7965</course><roll>2.222542</roll><pitch>-5.855019</pitch><mode /></trkpt><trkpt lat="35.0468864" lon="-118.1609215"><ele>932.36</ele><time>2026-06-26T11:14:02-05:00</time><course>277.8304</course><roll>0.8235447</roll><pitch>-6.730703</pitch><mode /></trkpt><trkpt lat="35.0468908" lon="-118.1609321"><ele>932.49</ele><time>2026-06-26T11:14:02-05:00</time><course>278.0298</course><roll>3.241006</roll><pitch>-6.97742</pitch><mode /></trkpt><trkpt lat="35.0468949" lon="-118.1609428"><ele>932.73</ele><time>2026-06-26T11:14:02-05:00</time><course>278.0121</course><roll>-0.2917751</roll><pitch>-7.575594</pitch><mode /></trkpt><trkpt lat="35.0468992" lon="-118.1609533"><ele>932.99</ele><time>2026-06-26T11:14:02-05:00</time><course>277.3196</course><roll>-0.9444137</roll><pitch>-6.738065</pitch><mode /></trkpt><trkpt lat="35.0469039" lon="-118.1609636"><ele>933.38</ele><time>2026-06-26T11:14:02-05:00</time><course>274.732</course><roll>-0.8544478</roll><pitch>-5.320464</pitch><mode /></trkpt><trkpt lat="35.0469085" lon="-118.1609735"><ele>933.72</ele><time>2026-06-26T11:14:03-05:00</time><course>277.6768</course><roll>-4.606113</roll><pitch>-3.350616</pitch><mode /></trkpt><trkpt lat="35.0469126" lon="-118.1609833"><ele>933.95</ele><time>2026-06-26T11:14:03-05:00</time><course>279.5322</course><roll>-5.329452</roll><pitch>-2.186394</pitch><mode /></trkpt><trkpt lat="35.0469171" lon="-118.160993"><ele>934.1</ele><time>2026-06-26T11:14:03-05:00</time><course>278.5449</course><roll>4.124337</roll><pitch>-2.181282</pitch><mode /></trkpt><trkpt lat="35.0469218" lon="-118.1610028"><ele>934.23</ele><time>2026-06-26T11:14:03-05:00</time><course>276.3196</course><roll>1.565784</roll><pitch>-3.379185</pitch><mode /></trkpt><trkpt lat="35.0469268" lon="-118.1610126"><ele>934.35</ele><time>2026-06-26T11:14:03-05:00</time><course>275.1468</course><roll>0.06551483</roll><pitch>-3.083013</pitch><mode /></trkpt><trkpt lat="35.0469315" lon="-118.1610221"><ele>934.49</ele><time>2026-06-26T11:14:04-05:00</time><course>276.3259</course><roll>-1.558187</roll><pitch>-1.344586</pitch><mode /></trkpt><trkpt lat="35.0469365" lon="-118.1610308"><ele>934.49</ele><time>2026-06-26T11:14:04-05:00</time><course>273.7736</course><roll>-3.111785</roll><pitch>-1.082857</pitch><mode /></trkpt><trkpt lat="35.0469416" lon="-118.1610393"><ele>934.23</ele><time>2026-06-26T11:14:04-05:00</time><course>272.4902</course><roll>1.088717</roll><pitch>-0.7057751</pitch><mode /></trkpt><trkpt lat="35.0469465" lon="-118.1610482"><ele>933.8</ele><time>2026-06-26T11:14:04-05:00</time><course>277.0507</course><roll>0.8196169</roll><pitch>-1.570089</pitch><mode /></trkpt><trkpt lat="35.0469517" lon="-118.1610573"><ele>933.17</ele><time>2026-06-26T11:14:04-05:00</time><course>277.64</course><roll>-1.963352</roll><pitch>-3.800702</pitch><mode /></trkpt><trkpt lat="35.0469573" lon="-118.1610667"><ele>932.69</ele><time>2026-06-26T11:14:05-05:00</time><course>275.1633</course><roll>-5.08817</roll><pitch>-4.701207</pitch><mode /></trkpt><trkpt lat="35.0469629" lon="-118.1610763"><ele>932.45</ele><time>2026-06-26T11:14:05-05:00</time><course>277.6557</course><roll>-6.911487</roll><pitch>-2.877149</pitch><mode /></trkpt><trkpt lat="35.0469684" lon="-118.1610859"><ele>932.2</ele><time>2026-06-26T11:14:05-05:00</time><course>280.1885</course><roll>-7.988053</roll><pitch>-1.663928</pitch><mode /></trkpt><trkpt lat="35.0469748" lon="-118.1610954"><ele>931.87</ele><time>2026-06-26T11:14:05-05:00</time><course>279.8669</course><roll>-9.861411</roll><pitch>-1.475605</pitch><mode /></trkpt><trkpt lat="35.0469823" lon="-118.1611052"><ele>931.5</ele><time>2026-06-26T11:14:05-05:00</time><course>279.0639</course><roll>-11.42765</roll><pitch>-1.888554</pitch><mode /></trkpt><trkpt lat="35.0469905" lon="-118.161115"><ele>931.11</ele><time>2026-06-26T11:14:06-05:00</time><course>279.5065</course><roll>-10.96227</roll><pitch>-2.214959</pitch><mode /></trkpt><trkpt lat="35.0469988" lon="-118.161125"><ele>930.75</ele><time>2026-06-26T11:14:06-05:00</time><course>280.693</course><roll>-12.29282</roll><pitch>-2.480974</pitch><mode /></trkpt><trkpt lat="35.0470078" lon="-118.1611351"><ele>930.33</ele><time>2026-06-26T11:14:06-05:00</time><course>280.8776</course><roll>-12.48045</roll><pitch>-3.218735</pitch><mode /></trkpt><trkpt lat="35.0470173" lon="-118.161145"><ele>930.02</ele><time>2026-06-26T11:14:06-05:00</time><course>281.7264</course><roll>-13.17703</roll><pitch>-3.595358</pitch><mode /></trkpt><trkpt lat="35.0470271" lon="-118.1611546"><ele>929.7</ele><time>2026-06-26T11:14:06-05:00</time><course>285.1174</course><roll>-13.08659</roll><pitch>-3.60634</pitch><mode /></trkpt><trkpt lat="35.0470373" lon="-118.1611642"><ele>929.51</ele><time>2026-06-26T11:14:07-05:00</time><course>286.5336</course><roll>-12.4705</roll><pitch>-4.496047</pitch><mode /></trkpt><trkpt lat="35.0470485" lon="-118.1611738"><ele>929.29</ele><time>2026-06-26T11:14:07-05:00</time><course>285.6032</course><roll>-13.57539</roll><pitch>-5.776381</pitch><mode /></trkpt><trkpt lat="35.0470599" lon="-118.1611829"><ele>929.17</ele><time>2026-06-26T11:14:07-05:00</time><course>285.2126</course><roll>-13.2379</roll><pitch>-5.948936</pitch><mode /></trkpt><trkpt lat="35.0470717" lon="-118.1611917"><ele>929.13</ele><time>2026-06-26T11:14:07-05:00</time><course>286.8967</course><roll>-11.11427</roll><pitch>-5.304904</pitch><mode /></trkpt><trkpt lat="35.0470839" lon="-118.1612004"><ele>929.11</ele><time>2026-06-26T11:14:07-05:00</time><course>290.5444</course><roll>-11.11202</roll><pitch>-5.232111</pitch><mode /></trkpt><trkpt lat="35.0470965" lon="-118.1612088"><ele>929.07</ele><time>2026-06-26T11:14:08-05:00</time><course>294.0468</course><roll>-11.87035</roll><pitch>-5.465167</pitch><mode /></trkpt><trkpt lat="35.0471097" lon="-118.1612169"><ele>929.12</ele><time>2026-06-26T11:14:08-05:00</time><course>293.7643</course><roll>-11.03165</roll><pitch>-6.278039</pitch><mode /></trkpt><trkpt lat="35.0471235" lon="-118.1612242"><ele>929.17</ele><time>2026-06-26T11:14:08-05:00</time><course>293.6907</course><roll>-9.365843</roll><pitch>-5.68631</pitch><mode /></trkpt><trkpt lat="35.0471373" lon="-118.1612313"><ele>929.19</ele><time>2026-06-26T11:14:08-05:00</time><course>295.1892</course><roll>-11.76833</roll><pitch>-4.921604</pitch><mode /></trkpt><trkpt lat="35.0471514" lon="-118.1612383"><ele>929.18</ele><time>2026-06-26T11:14:08-05:00</time><course>296.0176</course><roll>-11.13294</roll><pitch>-5.519066</pitch><mode /></trkpt><trkpt lat="35.0471662" lon="-118.1612453"><ele>929.18</ele><time>2026-06-26T11:14:09-05:00</time><course>297.0337</course><roll>-10.74001</roll><pitch>-5.260692</pitch><mode /></trkpt><trkpt lat="35.0471816" lon="-118.161252"><ele>929.13</ele><time>2026-06-26T11:14:09-05:00</time><course>296.9815</course><roll>-10.25592</roll><pitch>-5.900623</pitch><mode /></trkpt><trkpt lat="35.0471973" lon="-118.1612585"><ele>929.12</ele><time>2026-06-26T11:14:09-05:00</time><course>297.9553</course><roll>-8.192185</roll><pitch>-5.257656</pitch><mode /></trkpt><trkpt lat="35.0472133" lon="-118.1612647"><ele>929.15</ele><time>2026-06-26T11:14:09-05:00</time><course>299.6801</course><roll>-12.98871</roll><pitch>-5.791778</pitch><mode /></trkpt><trkpt lat="35.0472304" lon="-118.1612704"><ele>929.21</ele><time>2026-06-26T11:14:09-05:00</time><course>298.8193</course><roll>-20.04672</roll><pitch>-6.435245</pitch><mode /></trkpt><trkpt lat="35.0472483" lon="-118.1612758"><ele>929.29</ele><time>2026-06-26T11:14:10-05:00</time><course>299.8868</course><roll>-23.39842</roll><pitch>-5.960543</pitch><mode /></trkpt><trkpt lat="35.0472668" lon="-118.1612807"><ele>929.37</ele><time>2026-06-26T11:14:10-05:00</time><course>301.8894</course><roll>-19.9084</roll><pitch>-5.570855</pitch><mode /></trkpt><trkpt lat="35.0472863" lon="-118.1612852"><ele>929.4</ele><time>2026-06-26T11:14:10-05:00</time><course>304.1689</course><roll>-19.27936</roll><pitch>-4.976623</pitch><mode /></trkpt><trkpt lat="35.0473063" lon="-118.1612892"><ele>929.4</ele><time>2026-06-26T11:14:10-05:00</time><course>305.92</course><roll>-15.85185</roll><pitch>-5.284923</pitch><mode /></trkpt><trkpt lat="35.0473269" lon="-118.1612926"><ele>929.44</ele><time>2026-06-26T11:14:10-05:00</time><course>308.191</course><roll>-14.88369</roll><pitch>-5.486565</pitch><mode /></trkpt><trkpt lat="35.0473482" lon="-118.1612957"><ele>929.5</ele><time>2026-06-26T11:14:11-05:00</time><course>312.9661</course><roll>-15.52955</roll><pitch>-3.581626</pitch><mode /></trkpt><trkpt lat="35.0473701" lon="-118.1612984"><ele>929.51</ele><time>2026-06-26T11:14:11-05:00</time><course>314.7773</course><roll>-17.69341</roll><pitch>-4.550734</pitch><mode /></trkpt><trkpt lat="35.0473931" lon="-118.1613002"><ele>929.48</ele><time>2026-06-26T11:14:11-05:00</time><course>315.2191</course><roll>-18.75138</roll><pitch>-5.977535</pitch><mode /></trkpt><trkpt lat="35.0474169" lon="-118.161301"><ele>929.56</ele><time>2026-06-26T11:14:11-05:00</time><course>317.61</course><roll>-21.39971</roll><pitch>-5.351615</pitch><mode /></trkpt><trkpt lat="35.0474416" lon="-118.1613007"><ele>929.7</ele><time>2026-06-26T11:14:11-05:00</time><course>319.5783</course><roll>-22.34193</roll><pitch>-5.238428</pitch><mode /></trkpt><trkpt lat="35.0474672" lon="-118.1612994"><ele>929.81</ele><time>2026-06-26T11:14:12-05:00</time><course>322.4934</course><roll>-22.24288</roll><pitch>-4.889338</pitch><mode /></trkpt><trkpt lat="35.0474934" lon="-118.1612969"><ele>929.9</ele><time>2026-06-26T11:14:12-05:00</time><course>324.8722</course><roll>-22.92197</roll><pitch>-5.423728</pitch><mode /></trkpt><trkpt lat="35.0475205" lon="-118.1612933"><ele>930.01</ele><time>2026-06-26T11:14:12-05:00</time><course>328.6556</course><roll>-23.91876</roll><pitch>-4.059589</pitch><mode /></trkpt><trkpt lat="35.0475484" lon="-118.1612883"><ele>930.17</ele><time>2026-06-26T11:14:12-05:00</time><course>332.1037</course><roll>-26.94288</roll><pitch>-4.591345</pitch><mode /></trkpt><trkpt lat="35.0475774" lon="-118.1612816"><ele>930.3</ele><time>2026-06-26T11:14:12-05:00</time><course>334.4841</course><roll>-28.71651</roll><pitch>-5.38165</pitch><mode /></trkpt><trkpt lat="35.0476072" lon="-118.1612731"><ele>930.48</ele><time>2026-06-26T11:14:13-05:00</time><course>338.2852</course><roll>-31.66529</roll><pitch>-4.938884</pitch><mode /></trkpt><trkpt lat="35.0476377" lon="-118.1612626"><ele>930.65</ele><time>2026-06-26T11:14:13-05:00</time><course>341.8538</course><roll>-34.90022</roll><pitch>-4.663296</pitch><mode /></trkpt><trkpt lat="35.0476693" lon="-118.1612497"><ele>930.77</ele><time>2026-06-26T11:14:13-05:00</time><course>344.7849</course><roll>-33.69528</roll><pitch>-5.541526</pitch><mode /></trkpt><trkpt lat="35.0477014" lon="-118.1612341"><ele>930.96</ele><time>2026-06-26T11:14:13-05:00</time><course>348.102</course><roll>-33.61079</roll><pitch>-4.944132</pitch><mode /></trkpt><trkpt lat="35.0477341" lon="-118.1612163"><ele>931.13</ele><time>2026-06-26T11:14:13-05:00</time><course>352.4192</course><roll>-37.08886</roll><pitch>-3.622997</pitch><mode /></trkpt><trkpt lat="35.0477672" lon="-118.1611964"><ele>931.18</ele><time>2026-06-26T11:14:14-05:00</time><course>357.4268</course><roll>-41.07778</roll><pitch>-3.405128</pitch><mode /></trkpt><trkpt lat="35.0478006" lon="-118.1611741"><ele>931.14</ele><time>2026-06-26T11:14:14-05:00</time><course>3.026395</course><roll>-41.09066</roll><pitch>-3.974784</pitch><mode /></trkpt><trkpt lat="35.0478342" lon="-118.1611483"><ele>931.04</ele><time>2026-06-26T11:14:14-05:00</time><course>8.951262</course><roll>-41.4343</roll><pitch>-4.107612</pitch><mode /></trkpt><trkpt lat="35.0478673" lon="-118.1611187"><ele>931.09</ele><time>2026-06-26T11:14:14-05:00</time><course>16.32292</course><roll>-42.75642</roll><pitch>-2.735255</pitch><mode /></trkpt><trkpt lat="35.0479003" lon="-118.1610858"><ele>931.11</ele><time>2026-06-26T11:14:14-05:00</time><course>23.30716</course><roll>-45.4347</roll><pitch>-2.318304</pitch><mode /></trkpt><trkpt lat="35.0479324" lon="-118.1610493"><ele>931.14</ele><time>2026-06-26T11:14:15-05:00</time><course>31.32972</course><roll>-49.07772</roll><pitch>-1.680221</pitch><mode /></trkpt><trkpt lat="35.0479631" lon="-118.1610093"><ele>931.14</ele><time>2026-06-26T11:14:15-05:00</time><course>37.42382</course><roll>-47.45781</roll><pitch>-3.722001</pitch><mode /></trkpt><trkpt lat="35.0479918" lon="-118.160965"><ele>931.15</ele><time>2026-06-26T11:14:15-05:00</time><course>43.37029</course><roll>-45.17166</roll><pitch>-5.655168</pitch><mode /></trkpt><trkpt lat="35.0480182" lon="-118.1609171"><ele>931.25</ele><time>2026-06-26T11:14:15-05:00</time><course>49.49515</course><roll>-45.52646</roll><pitch>-5.92749</pitch><mode /></trkpt><trkpt lat="35.0480417" lon="-118.1608656"><ele>931.43</ele><time>2026-06-26T11:14:15-05:00</time><course>54.89125</course><roll>-46.76098</roll><pitch>-6.130525</pitch><mode /></trkpt><trkpt lat="35.0480623" lon="-118.1608115"><ele>931.69</ele><time>2026-06-26T11:14:16-05:00</time><course>60.68702</course><roll>-47.67389</roll><pitch>-5.080005</pitch><mode /></trkpt><trkpt lat="35.0480803" lon="-118.1607552"><ele>931.94</ele><time>2026-06-26T11:14:16-05:00</time><course>65.8736</course><roll>-46.31368</roll><pitch>-5.221387</pitch><mode /></trkpt><trkpt lat="35.0480954" lon="-118.160697"><ele>932.18</ele><time>2026-06-26T11:14:16-05:00</time><course>71.6894</course><roll>-45.06192</roll><pitch>-4.631065</pitch><mode /></trkpt><trkpt lat="35.0481077" lon="-118.1606374"><ele>932.38</ele><time>2026-06-26T11:14:16-05:00</time><course>77.41748</course><roll>-45.9954</roll><pitch>-3.791071</pitch><mode /></trkpt><trkpt lat="35.0481172" lon="-118.1605769"><ele>932.54</ele><time>2026-06-26T11:14:16-05:00</time><course>83.50686</course><roll>-46.66235</roll><pitch>-3.331567</pitch><mode /></trkpt><trkpt lat="35.0481235" lon="-118.1605153"><ele>932.74</ele><time>2026-06-26T11:14:17-05:00</time><course>89.10455</course><roll>-48.10531</roll><pitch>-3.968253</pitch><mode /></trkpt><trkpt lat="35.0481265" lon="-118.1604536"><ele>932.99</ele><time>2026-06-26T11:14:17-05:00</time><course>94.87652</course><roll>-47.69457</roll><pitch>-3.775828</pitch><mode /></trkpt><trkpt lat="35.0481261" lon="-118.1603921"><ele>933.12</ele><time>2026-06-26T11:14:17-05:00</time><course>100.5717</course><roll>-46.99287</roll><pitch>-3.495075</pitch><mode /></trkpt><trkpt lat="35.0481223" lon="-118.1603315"><ele>933.28</ele><time>2026-06-26T11:14:17-05:00</time><course>105.6995</course><roll>-47.10833</roll><pitch>-4.429399</pitch><mode /></trkpt><trkpt lat="35.0481155" lon="-118.1602718"><ele>933.41</ele><time>2026-06-26T11:14:17-05:00</time><course>111.5991</course><roll>-45.18488</roll><pitch>-3.602955</pitch><mode /></trkpt><trkpt lat="35.0481056" lon="-118.1602136"><ele>933.57</ele><time>2026-06-26T11:14:18-05:00</time><course>117.5886</course><roll>-45.33522</roll><pitch>-2.374148</pitch><mode /></trkpt><trkpt lat="35.048093" lon="-118.160157"><ele>933.71</ele><time>2026-06-26T11:14:18-05:00</time><course>124.3836</course><roll>-45.02665</roll><pitch>-1.046467</pitch><mode /></trkpt><trkpt lat="35.0480782" lon="-118.1601022"><ele>933.84</ele><time>2026-06-26T11:14:18-05:00</time><course>130.4115</course><roll>-45.71026</roll><pitch>-1.611503</pitch><mode /></trkpt><trkpt lat="35.0480609" lon="-118.1600496"><ele>933.91</ele><time>2026-06-26T11:14:18-05:00</time><course>136.7134</course><roll>-47.53</roll><pitch>-2.44711</pitch><mode /></trkpt><trkpt lat="35.0480406" lon="-118.1600003"><ele>934.07</ele><time>2026-06-26T11:14:18-05:00</time><course>141.815</course><roll>-47.03564</roll><pitch>-3.663582</pitch><mode /></trkpt><trkpt lat="35.048018" lon="-118.1599546"><ele>934.28</ele><time>2026-06-26T11:14:19-05:00</time><course>147.6684</course><roll>-45.66311</roll><pitch>-3.212817</pitch><mode /></trkpt><trkpt lat="35.047994" lon="-118.1599122"><ele>934.5</ele><time>2026-06-26T11:14:19-05:00</time><course>155.4843</course><roll>-48.22792</roll><pitch>-0.8531989</pitch><mode /></trkpt><trkpt lat="35.0479683" lon="-118.1598734"><ele>934.68</ele><time>2026-06-26T11:14:19-05:00</time><course>161.5061</course><roll>-49.40863</roll><pitch>-1.191616</pitch><mode /></trkpt><trkpt lat="35.0479409" lon="-118.1598383"><ele>934.86</ele><time>2026-06-26T11:14:19-05:00</time><course>165.6632</course><roll>-45.36384</roll><pitch>-3.199494</pitch><mode /></trkpt><trkpt lat="35.0479125" lon="-118.1598068"><ele>935.04</ele><time>2026-06-26T11:14:19-05:00</time><course>169.8252</course><roll>-40.15679</roll><pitch>-2.661194</pitch><mode /></trkpt><trkpt lat="35.0478838" lon="-118.1597778"><ele>935.14</ele><time>2026-06-26T11:14:20-05:00</time><course>176.4873</course><roll>-38.41444</roll><pitch>1.075261</pitch><mode /></trkpt><trkpt lat="35.0478549" lon="-118.159751"><ele>935.11</ele><time>2026-06-26T11:14:20-05:00</time><course>182.8361</course><roll>-39.50022</roll><pitch>2.06433</pitch><mode /></trkpt><trkpt lat="35.0478261" lon="-118.1597274"><ele>934.92</ele><time>2026-06-26T11:14:20-05:00</time><course>187.1987</course><roll>-39.37089</roll><pitch>0.2353057</pitch><mode /></trkpt><trkpt lat="35.0477972" lon="-118.1597069"><ele>934.75</ele><time>2026-06-26T11:14:20-05:00</time><course>191.4627</course><roll>-35.37695</roll><pitch>-0.8980793</pitch><mode /></trkpt><trkpt lat="35.0477684" lon="-118.1596891"><ele>934.66</ele><time>2026-06-26T11:14:20-05:00</time><course>195.7469</course><roll>-32.179</roll><pitch>-1.176654</pitch><mode /></trkpt><trkpt lat="35.04774" lon="-118.1596732"><ele>934.6</ele><time>2026-06-26T11:14:21-05:00</time><course>198.6624</course><roll>-29.74846</roll><pitch>-1.853088</pitch><mode /></trkpt><trkpt lat="35.047712" lon="-118.15966"><ele>934.37</ele><time>2026-06-26T11:14:21-05:00</time><course>199.4916</course><roll>-27.66677</roll><pitch>-3.731471</pitch><mode /></trkpt><trkpt lat="35.0476848" lon="-118.1596483"><ele>934.15</ele><time>2026-06-26T11:14:21-05:00</time><course>203.397</course><roll>-29.01981</roll><pitch>-3.206117</pitch><mode /></trkpt><trkpt lat="35.0476581" lon="-118.1596385"><ele>933.95</ele><time>2026-06-26T11:14:21-05:00</time><course>207.5729</course><roll>-28.38077</roll><pitch>-2.516937</pitch><mode /></trkpt><trkpt lat="35.0476323" lon="-118.1596307"><ele>933.81</ele><time>2026-06-26T11:14:21-05:00</time><course>210.036</course><roll>-26.56753</roll><pitch>-2.808738</pitch><mode /></trkpt><trkpt lat="35.0476074" lon="-118.1596245"><ele>933.7</ele><time>2026-06-26T11:14:22-05:00</time><course>213.5742</course><roll>-24.46394</roll><pitch>-2.47054</pitch><mode /></trkpt><trkpt lat="35.0475834" lon="-118.1596195"><ele>933.57</ele><time>2026-06-26T11:14:22-05:00</time><course>216.5375</course><roll>-22.25563</roll><pitch>-2.846447</pitch><mode /></trkpt><trkpt lat="35.04756" lon="-118.1596162"><ele>933.42</ele><time>2026-06-26T11:14:22-05:00</time><course>218.5287</course><roll>-21.72937</roll><pitch>-3.767182</pitch><mode /></trkpt><trkpt lat="35.0475377" lon="-118.1596142"><ele>933.33</ele><time>2026-06-26T11:14:22-05:00</time><course>220.2399</course><roll>-21.02864</roll><pitch>-4.072065</pitch><mode /></trkpt><trkpt lat="35.0475164" lon="-118.1596132"><ele>933.32</ele><time>2026-06-26T11:14:22-05:00</time><course>222.2965</course><roll>-18.22696</roll><pitch>-3.60987</pitch><mode /></trkpt><trkpt lat="35.0474959" lon="-118.1596128"><ele>933.28</ele><time>2026-06-26T11:14:23-05:00</time><course>224.6238</course><roll>-16.34529</roll><pitch>-3.654769</pitch><mode /></trkpt><trkpt lat="35.0474763" lon="-118.1596131"><ele>933.21</ele><time>2026-06-26T11:14:23-05:00</time><course>225.8666</course><roll>-15.79415</roll><pitch>-4.584237</pitch><mode /></trkpt><trkpt lat="35.0474575" lon="-118.1596142"><ele>933.14</ele><time>2026-06-26T11:14:23-05:00</time><course>227.3208</course><roll>-13.30829</roll><pitch>-4.819349</pitch><mode /></trkpt><trkpt lat="35.0474392" lon="-118.1596157"><ele>933.07</ele><time>2026-06-26T11:14:23-05:00</time><course>228.8927</course><roll>-12.91026</roll><pitch>-4.114371</pitch><mode /></trkpt><trkpt lat="35.0474216" lon="-118.1596179"><ele>932.89</ele><time>2026-06-26T11:14:23-05:00</time><course>229.8475</course><roll>-12.32326</roll><pitch>-5.003613</pitch><mode /></trkpt><trkpt lat="35.0474047" lon="-118.1596211"><ele>932.61</ele><time>2026-06-26T11:14:24-05:00</time><course>231.4478</course><roll>-12.81232</roll><pitch>-4.436156</pitch><mode /></trkpt><trkpt lat="35.0473885" lon="-118.1596245"><ele>932.36</ele><time>2026-06-26T11:14:24-05:00</time><course>232.0937</course><roll>-13.28828</roll><pitch>-4.866843</pitch><mode /></trkpt><trkpt lat="35.0473726" lon="-118.1596282"><ele>932.15</ele><time>2026-06-26T11:14:24-05:00</time><course>232.9048</course><roll>-11.66741</roll><pitch>-5.749544</pitch><mode /></trkpt><trkpt lat="35.0473575" lon="-118.1596322"><ele>932.09</ele><time>2026-06-26T11:14:24-05:00</time><course>233.7232</course><roll>-12.16761</roll><pitch>-6.054896</pitch><mode /></trkpt><trkpt lat="35.0473432" lon="-118.1596365"><ele>932.25</ele><time>2026-06-26T11:14:24-05:00</time><course>236.3423</course><roll>-11.62943</roll><pitch>-4.937634</pitch><mode /></trkpt><trkpt lat="35.0473294" lon="-118.159641"><ele>932.48</ele><time>2026-06-26T11:14:25-05:00</time><course>238.0835</course><roll>-11.07335</roll><pitch>-3.979524</pitch><mode /></trkpt><trkpt lat="35.0473163" lon="-118.1596463"><ele>932.64</ele><time>2026-06-26T11:14:25-05:00</time><course>239.168</course><roll>-10.41965</roll><pitch>-3.160598</pitch><mode /></trkpt><trkpt lat="35.0473037" lon="-118.1596517"><ele>932.75</ele><time>2026-06-26T11:14:25-05:00</time><course>240.5901</course><roll>-10.83161</roll><pitch>-2.892475</pitch><mode /></trkpt><trkpt lat="35.0472915" lon="-118.1596572"><ele>932.91</ele><time>2026-06-26T11:14:25-05:00</time><course>240.4965</course><roll>-9.28539</roll><pitch>-3.755029</pitch><mode /></trkpt><trkpt lat="35.0472798" lon="-118.159663"><ele>933.05</ele><time>2026-06-26T11:14:25-05:00</time><course>240.7595</course><roll>-9.17812</roll><pitch>-3.567936</pitch><mode /></trkpt><trkpt lat="35.0472686" lon="-118.1596687"><ele>933.25</ele><time>2026-06-26T11:14:26-05:00</time><course>241.1684</course><roll>-6.431933</roll><pitch>-2.015243</pitch><mode /></trkpt><trkpt lat="35.0472576" lon="-118.1596745"><ele>933.39</ele><time>2026-06-26T11:14:26-05:00</time><course>242.0936</course><roll>-6.150282</roll><pitch>-1.48878</pitch><mode /></trkpt><trkpt lat="35.047247" lon="-118.1596806"><ele>933.47</ele><time>2026-06-26T11:14:26-05:00</time><course>242.0477</course><roll>-11.71737</roll><pitch>-2.230834</pitch><mode /></trkpt><trkpt lat="35.0472371" lon="-118.1596871"><ele>933.68</ele><time>2026-06-26T11:14:26-05:00</time><course>240.573</course><roll>-5.613779</roll><pitch>-1.646228</pitch><mode /></trkpt><trkpt lat="35.0472274" lon="-118.1596936"><ele>933.87</ele><time>2026-06-26T11:14:26-05:00</time><course>243.2771</course><roll>-4.712763</roll><pitch>0.4633531</pitch><mode /></trkpt><trkpt lat="35.0472176" lon="-118.1597003"><ele>933.95</ele><time>2026-06-26T11:14:27-05:00</time><course>245.3674</course><roll>-4.909039</roll><pitch>0.5899224</pitch><mode /></trkpt><trkpt lat="35.047208" lon="-118.1597073"><ele>933.92</ele><time>2026-06-26T11:14:27-05:00</time><course>245.8897</course><roll>-4.496669</roll><pitch>-0.2502336</pitch><mode /></trkpt><trkpt lat="35.0471985" lon="-118.1597145"><ele>933.9</ele><time>2026-06-26T11:14:27-05:00</time><course>246.4495</course><roll>-2.1478</roll><pitch>-0.53209</pitch><mode /></trkpt><trkpt lat="35.047189" lon="-118.1597222"><ele>933.95</ele><time>2026-06-26T11:14:27-05:00</time><course>246.0648</course><roll>-3.207996</roll><pitch>-0.597383</pitch><mode /></trkpt><trkpt lat="35.0471796" lon="-118.15973"><ele>933.96</ele><time>2026-06-26T11:14:27-05:00</time><course>245.765</course><roll>-0.2887742</roll><pitch>-1.097036</pitch><mode /></trkpt><trkpt lat="35.0471704" lon="-118.1597378"><ele>933.86</ele><time>2026-06-26T11:14:28-05:00</time><course>245.2461</course><roll>-3.23559</roll><pitch>-2.135128</pitch><mode /></trkpt><trkpt lat="35.0471613" lon="-118.1597454"><ele>933.82</ele><time>2026-06-26T11:14:28-05:00</time><course>244.0026</course><roll>-9.212671</roll><pitch>-2.885363</pitch><mode /></trkpt><trkpt lat="35.0471525" lon="-118.1597535"><ele>933.88</ele><time>2026-06-26T11:14:28-05:00</time><course>244.9111</course><roll>-12.1823</roll><pitch>-2.319476</pitch><mode /></trkpt><trkpt lat="35.0471439" lon="-118.1597617"><ele>934.04</ele><time>2026-06-26T11:14:28-05:00</time><course>246.4581</course><roll>-8.229669</roll><pitch>-1.48889</pitch><mode /></trkpt><trkpt lat="35.0471359" lon="-118.15977"><ele>934.17</ele><time>2026-06-26T11:14:28-05:00</time><course>247.2968</course><roll>-5.684406</roll><pitch>-0.9450616</pitch><mode /></trkpt><trkpt lat="35.0471282" lon="-118.1597783"><ele>934.23</ele><time>2026-06-26T11:14:29-05:00</time><course>249.3893</course><roll>-4.494793</roll><pitch>-0.7248818</pitch><mode /></trkpt><trkpt lat="35.0471205" lon="-118.1597864"><ele>934.26</ele><time>2026-06-26T11:14:29-05:00</time><course>251.0613</course><roll>-6.338393</roll><pitch>-0.9594687</pitch><mode /></trkpt><trkpt lat="35.0471133" lon="-118.1597946"><ele>934.35</ele><time>2026-06-26T11:14:29-05:00</time><course>249.5831</course><roll>-6.496689</roll><pitch>-1.410746</pitch><mode /></trkpt><trkpt lat="35.0471064" lon="-118.1598029"><ele>934.48</ele><time>2026-06-26T11:14:29-05:00</time><course>247.903</course><roll>-3.463361</roll><pitch>-1.189654</pitch><mode /></trkpt><trkpt lat="35.0470995" lon="-118.1598113"><ele>934.65</ele><time>2026-06-26T11:14:29-05:00</time><course>249.382</course><roll>-3.003796</roll><pitch>-0.433259</pitch><mode /></trkpt><trkpt lat="35.0470927" lon="-118.1598197"><ele>934.8</ele><time>2026-06-26T11:14:30-05:00</time><course>249.8505</course><roll>0.5642866</roll><pitch>-0.354588</pitch><mode /></trkpt><trkpt lat="35.0470857" lon="-118.1598281"><ele>934.95</ele><time>2026-06-26T11:14:30-05:00</time><course>250.7076</course><roll>1.207769</roll><pitch>0.383907</pitch><mode /></trkpt><trkpt lat="35.0470788" lon="-118.1598367"><ele>935.02</ele><time>2026-06-26T11:14:30-05:00</time><course>250.002</course><roll>2.174791</roll><pitch>-0.235142</pitch><mode /></trkpt><trkpt lat="35.0470722" lon="-118.1598453"><ele>935.01</ele><time>2026-06-26T11:14:30-05:00</time><course>247.3309</course><roll>3.008039</roll><pitch>-0.8276882</pitch><mode /></trkpt><trkpt lat="35.0470653" lon="-118.1598537"><ele>935.06</ele><time>2026-06-26T11:14:30-05:00</time><course>247.8067</course><roll>3.501245</roll><pitch>-0.7246823</pitch><mode /></trkpt><trkpt lat="35.0470578" lon="-118.1598619"><ele>935.13</ele><time>2026-06-26T11:14:31-05:00</time><course>249.4096</course><roll>1.248845</roll><pitch>-1.304629</pitch><mode /></trkpt><trkpt lat="35.0470507" lon="-118.15987"><ele>935.18</ele><time>2026-06-26T11:14:31-05:00</time><course>245.7284</course><roll>2.884757</roll><pitch>-1.586608</pitch><mode /></trkpt><trkpt lat="35.0470439" lon="-118.1598781"><ele>935.24</ele><time>2026-06-26T11:14:31-05:00</time><course>242.2818</course><roll>1.371405</roll><pitch>-1.666861</pitch><mode /></trkpt><trkpt lat="35.0470365" lon="-118.1598857"><ele>935.36</ele><time>2026-06-26T11:14:31-05:00</time><course>245.5417</course><roll>-0.3990248</roll><pitch>-0.8959391</pitch><mode /></trkpt><trkpt lat="35.0470292" lon="-118.1598929"><ele>935.52</ele><time>2026-06-26T11:14:31-05:00</time><course>244.9581</course><roll>-2.68452</roll><pitch>-0.9692275</pitch><mode /></trkpt><trkpt lat="35.0470222" lon="-118.1599005"><ele>935.64</ele><time>2026-06-26T11:14:32-05:00</time><course>245.7401</course><roll>-2.110927</roll><pitch>-0.2695045</pitch><mode /></trkpt><trkpt lat="35.0470153" lon="-118.1599079"><ele>935.7</ele><time>2026-06-26T11:14:32-05:00</time><course>245.3152</course><roll>-1.306198</roll><pitch>0.4126444</pitch><mode /></trkpt><trkpt lat="35.0470083" lon="-118.1599153"><ele>935.78</ele><time>2026-06-26T11:14:32-05:00</time><course>244.6317</course><roll>-0.3946167</roll><pitch>0.5167969</pitch><mode /></trkpt><trkpt lat="35.0470014" lon="-118.1599225"><ele>935.91</ele><time>2026-06-26T11:14:32-05:00</time><course>244.2308</course><roll>-2.024933</roll><pitch>-0.06203407</pitch><mode /></trkpt><trkpt lat="35.0469946" lon="-118.1599298"><ele>936.08</ele><time>2026-06-26T11:14:32-05:00</time><course>243.5542</course><roll>-2.994484</roll><pitch>0.293501</pitch><mode /></trkpt><trkpt lat="35.0469879" lon="-118.1599369"><ele>936.18</ele><time>2026-06-26T11:14:33-05:00</time><course>244.0443</course><roll>-3.54679</roll><pitch>0.8197233</pitch><mode /></trkpt><trkpt lat="35.0469812" lon="-118.159944"><ele>936.19</ele><time>2026-06-26T11:14:33-05:00</time><course>245.4231</course><roll>-1.649225</roll><pitch>1.255251</pitch><mode /></trkpt><trkpt lat="35.0469746" lon="-118.1599511"><ele>936.17</ele><time>2026-06-26T11:14:33-05:00</time><course>246.6404</course><roll>1.305071</roll><pitch>1.77264</pitch><mode /></trkpt><trkpt lat="35.0469681" lon="-118.1599585"><ele>936.19</ele><time>2026-06-26T11:14:33-05:00</time><course>245.306</course><roll>2.623264</roll><pitch>0.4113351</pitch><mode /></trkpt><trkpt lat="35.0469615" lon="-118.1599659"><ele>936.27</ele><time>2026-06-26T11:14:33-05:00</time><course>245.6444</course><roll>1.163431</roll><pitch>-0.5866381</pitch><mode /></trkpt><trkpt lat="35.0469546" lon="-118.1599729"><ele>936.42</ele><time>2026-06-26T11:14:34-05:00</time><course>250.6925</course><roll>-1.370268</roll><pitch>-0.4733503</pitch><mode /></trkpt><trkpt lat="35.0469479" lon="-118.1599796"><ele>936.52</ele><time>2026-06-26T11:14:34-05:00</time><course>249.9822</course><roll>-2.390512</roll><pitch>-0.3004524</pitch><mode /></trkpt><trkpt lat="35.0469416" lon="-118.1599865"><ele>936.52</ele><time>2026-06-26T11:14:34-05:00</time><course>248.6672</course><roll>-3.589919</roll><pitch>-0.3547288</pitch><mode /></trkpt><trkpt lat="35.0469355" lon="-118.1599931"><ele>936.43</ele><time>2026-06-26T11:14:34-05:00</time><course>249.3994</course><roll>-2.589171</roll><pitch>-0.0177499</pitch><mode /></trkpt><trkpt lat="35.0469295" lon="-118.1599994"><ele>936.35</ele><time>2026-06-26T11:14:34-05:00</time><course>250.8001</course><roll>-2.116473</roll><pitch>0.6669124</pitch><mode /></trkpt><trkpt lat="35.0469235" lon="-118.1600059"><ele>936.25</ele><time>2026-06-26T11:14:35-05:00</time><course>252.0145</course><roll>-3.658048</roll><pitch>-0.0914574</pitch><mode /></trkpt><trkpt lat="35.0469174" lon="-118.1600125"><ele>936.23</ele><time>2026-06-26T11:14:35-05:00</time><course>251.6978</course><roll>-3.595142</roll><pitch>-0.2782381</pitch><mode /></trkpt><trkpt lat="35.0469119" lon="-118.1600192"><ele>936.27</ele><time>2026-06-26T11:14:35-05:00</time><course>250.398</course><roll>-1.9461</roll><pitch>0.8721437</pitch><mode /></trkpt><trkpt lat="35.0469065" lon="-118.1600259"><ele>936.29</ele><time>2026-06-26T11:14:35-05:00</time><course>249.9277</course><roll>-0.5958958</roll><pitch>0.6221706</pitch><mode /></trkpt><trkpt lat="35.0469011" lon="-118.1600323"><ele>936.25</ele><time>2026-06-26T11:14:35-05:00</time><course>250.0189</course><roll>-1.722943</roll><pitch>-0.05622638</pitch><mode /></trkpt><trkpt lat="35.0468958" lon="-118.1600388"><ele>936.26</ele><time>2026-06-26T11:14:36-05:00</time><course>250.4891</course><roll>-0.8675449</roll><pitch>-0.4598985</pitch><mode /></trkpt><trkpt lat="35.0468905" lon="-118.1600451"><ele>936.33</ele><time>2026-06-26T11:14:36-05:00</time><course>251.1003</course><roll>-1.413474</roll><pitch>-0.5985422</pitch><mode /></trkpt><trkpt lat="35.0468856" lon="-118.1600514"><ele>936.41</ele><time>2026-06-26T11:14:36-05:00</time><course>249.4252</course><roll>-2.380891</roll><pitch>-0.8994733</pitch><mode /></trkpt><trkpt lat="35.0468811" lon="-118.1600576"><ele>936.5</ele><time>2026-06-26T11:14:36-05:00</time><course>248.9285</course><roll>-2.386333</roll><pitch>0.05314703</pitch><mode /></trkpt><trkpt lat="35.0468764" lon="-118.1600636"><ele>936.54</ele><time>2026-06-26T11:14:36-05:00</time><course>249.5829</course><roll>-4.578683</roll><pitch>0.6144838</pitch><mode /></trkpt><trkpt lat="35.0468716" lon="-118.1600692"><ele>936.53</ele><time>2026-06-26T11:14:37-05:00</time><course>253.1767</course><roll>-8.378024</roll><pitch>0.9670104</pitch><mode /></trkpt><trkpt lat="35.0468671" lon="-118.160075"><ele>936.48</ele><time>2026-06-26T11:14:37-05:00</time><course>254.1521</course><roll>-7.736501</roll><pitch>1.094974</pitch><mode /></trkpt><trkpt lat="35.0468633" lon="-118.1600812"><ele>936.48</ele><time>2026-06-26T11:14:37-05:00</time><course>253.5992</course><roll>-6.550299</roll><pitch>0.4415189</pitch><mode /></trkpt><trkpt lat="35.0468597" lon="-118.1600874"><ele>936.49</ele><time>2026-06-26T11:14:37-05:00</time><course>254.6751</course><roll>-4.874486</roll><pitch>0.663866</pitch><mode /></trkpt><trkpt lat="35.0468561" lon="-118.1600937"><ele>936.54</ele><time>2026-06-26T11:14:37-05:00</time><course>255.763</course><roll>-5.586643</roll><pitch>0.6848596</pitch><mode /></trkpt><trkpt lat="35.0468529" lon="-118.1601003"><ele>936.66</ele><time>2026-06-26T11:14:38-05:00</time><course>254.3549</course><roll>-5.385808</roll><pitch>0.5595822</pitch><mode /></trkpt><trkpt lat="35.0468502" lon="-118.1601067"><ele>936.83</ele><time>2026-06-26T11:14:38-05:00</time><course>254.3864</course><roll>-4.757694</roll><pitch>1.315417</pitch><mode /></trkpt><trkpt lat="35.0468474" lon="-118.160113"><ele>936.93</ele><time>2026-06-26T11:14:38-05:00</time><course>256.0957</course><roll>-7.463035</roll><pitch>1.635893</pitch><mode /></trkpt><trkpt lat="35.046845" lon="-118.1601192"><ele>937.01</ele><time>2026-06-26T11:14:38-05:00</time><course>255.701</course><roll>-8.312652</roll><pitch>1.765114</pitch><mode /></trkpt><trkpt lat="35.0468433" lon="-118.1601256"><ele>937.08</ele><time>2026-06-26T11:14:38-05:00</time><course>252.4618</course><roll>-6.484424</roll><pitch>1.595846</pitch><mode /></trkpt><trkpt lat="35.0468418" lon="-118.1601318"><ele>937.06</ele><time>2026-06-26T11:14:39-05:00</time><course>252.7698</course><roll>-1.397915</roll><pitch>2.001206</pitch><mode /></trkpt><trkpt lat="35.0468403" lon="-118.1601378"><ele>936.98</ele><time>2026-06-26T11:14:39-05:00</time><course>254.0412</course><roll>-0.4297012</roll><pitch>1.832366</pitch><mode /></trkpt><trkpt lat="35.0468384" lon="-118.1601436"><ele>936.91</ele><time>2026-06-26T11:14:39-05:00</time><course>258.4592</course><roll>0.4445041</roll><pitch>1.805371</pitch><mode /></trkpt><trkpt lat="35.0468366" lon="-118.1601495"><ele>936.9</ele><time>2026-06-26T11:14:39-05:00</time><course>259.089</course><roll>1.199164</roll><pitch>1.667934</pitch><mode /></trkpt><trkpt lat="35.046835" lon="-118.1601555"><ele>936.95</ele><time>2026-06-26T11:14:39-05:00</time><course>256.3511</course><roll>2.271911</roll><pitch>1.149841</pitch><mode /></trkpt><trkpt lat="35.0468333" lon="-118.1601614"><ele>936.97</ele><time>2026-06-26T11:14:40-05:00</time><course>256.5829</course><roll>1.543644</roll><pitch>0.5712947</pitch><mode /></trkpt><trkpt lat="35.0468314" lon="-118.160167"><ele>937</ele><time>2026-06-26T11:14:40-05:00</time><course>257.7674</course><roll>0.2530393</roll><pitch>0.8468833</pitch><mode /></trkpt><trkpt lat="35.0468293" lon="-118.1601723"><ele>937.09</ele><time>2026-06-26T11:14:40-05:00</time><course>257.1614</course><roll>-1.531767</roll><pitch>1.147392</pitch><mode /></trkpt><trkpt lat="35.0468276" lon="-118.1601778"><ele>937.19</ele><time>2026-06-26T11:14:40-05:00</time><course>254.9263</course><roll>-1.286444</roll><pitch>1.434911</pitch><mode /></trkpt><trkpt lat="35.0468261" lon="-118.1601832"><ele>937.31</ele><time>2026-06-26T11:14:40-05:00</time><course>253.2017</course><roll>-1.139255</roll><pitch>2.815187</pitch><mode /></trkpt><trkpt lat="35.0468245" lon="-118.1601886"><ele>937.37</ele><time>2026-06-26T11:14:41-05:00</time><course>253.1186</course><roll>-0.4035292</roll><pitch>3.87646</pitch><mode /></trkpt><trkpt lat="35.0468229" lon="-118.1601937"><ele>937.41</ele><time>2026-06-26T11:14:41-05:00</time><course>253.2092</course><roll>-1.423035</roll><pitch>3.93882</pitch><mode /></trkpt><trkpt lat="35.0468212" lon="-118.160199"><ele>937.46</ele><time>2026-06-26T11:14:41-05:00</time><course>253.4643</course><roll>-4.894117</roll><pitch>3.320146</pitch><mode /></trkpt><trkpt lat="35.0468195" lon="-118.1602048"><ele>937.49</ele><time>2026-06-26T11:14:41-05:00</time><course>253.7803</course><roll>-4.276658</roll><pitch>3.239879</pitch><mode /></trkpt><trkpt lat="35.046818" lon="-118.1602108"><ele>937.58</ele><time>2026-06-26T11:14:41-05:00</time><course>254.3035</course><roll>-4.379041</roll><pitch>3.673105</pitch><mode /></trkpt><trkpt lat="35.0468167" lon="-118.160217"><ele>937.68</ele><time>2026-06-26T11:14:42-05:00</time><course>253.8218</course><roll>-2.99106</roll><pitch>3.892038</pitch><mode /></trkpt><trkpt lat="35.0468148" lon="-118.1602232"><ele>937.72</ele><time>2026-06-26T11:14:42-05:00</time><course>258.6897</course><roll>-5.108159</roll><pitch>4.596762</pitch><mode /></trkpt><trkpt lat="35.0468129" lon="-118.1602293"><ele>937.55</ele><time>2026-06-26T11:14:42-05:00</time><course>262.7952</course><roll>-6.257237</roll><pitch>4.370435</pitch><mode /></trkpt><trkpt lat="35.0468118" lon="-118.1602355"><ele>937.27</ele><time>2026-06-26T11:14:42-05:00</time><course>260.5565</course><roll>-6.367378</roll><pitch>2.953211</pitch><mode /></trkpt><trkpt lat="35.046811" lon="-118.1602419"><ele>937.03</ele><time>2026-06-26T11:14:42-05:00</time><course>261.988</course><roll>-2.780822</roll><pitch>2.320948</pitch><mode /></trkpt><trkpt lat="35.04681" lon="-118.1602485"><ele>936.84</ele><time>2026-06-26T11:14:43-05:00</time><course>262.8009</course><roll>-0.4846007</roll><pitch>1.15601</pitch><mode /></trkpt><trkpt lat="35.0468091" lon="-118.1602556"><ele>936.66</ele><time>2026-06-26T11:14:43-05:00</time><course>261.6037</course><roll>-0.1056916</roll><pitch>0.1301614</pitch><mode /></trkpt><trkpt lat="35.0468084" lon="-118.1602625"><ele>936.48</ele><time>2026-06-26T11:14:43-05:00</time><course>260.2706</course><roll>-0.1785287</roll><pitch>-0.1278238</pitch><mode /></trkpt><trkpt lat="35.0468074" lon="-118.1602694"><ele>936.33</ele><time>2026-06-26T11:14:43-05:00</time><course>260.6663</course><roll>-0.8544648</roll><pitch>0.02224609</pitch><mode /></trkpt><trkpt lat="35.0468061" lon="-118.1602763"><ele>936.23</ele><time>2026-06-26T11:14:43-05:00</time><course>262.3716</course><roll>-0.01192982</roll><pitch>-0.7489349</pitch><mode /></trkpt><trkpt lat="35.0468049" lon="-118.160283"><ele>936.2</ele><time>2026-06-26T11:14:44-05:00</time><course>260.9636</course><roll>-0.6196656</roll><pitch>-0.9510109</pitch><mode /></trkpt><trkpt lat="35.0468038" lon="-118.1602899"><ele>936.26</ele><time>2026-06-26T11:14:44-05:00</time><course>260.2227</course><roll>0.4049351</roll><pitch>-0.9028932</pitch><mode /></trkpt><trkpt lat="35.0468026" lon="-118.1602965"><ele>936.38</ele><time>2026-06-26T11:14:44-05:00</time><course>259.6319</course><roll>-0.1323377</roll><pitch>-0.1117759</pitch><mode /></trkpt><trkpt lat="35.0468016" lon="-118.160303"><ele>936.42</ele><time>2026-06-26T11:14:44-05:00</time><course>260.3095</course><roll>-0.9519286</roll><pitch>-0.1544176</pitch><mode /></trkpt><trkpt lat="35.0468" lon="-118.1603095"><ele>936.47</ele><time>2026-06-26T11:14:44-05:00</time><course>262.5021</course><roll>-3.178767</roll><pitch>0.3543851</pitch><mode /></trkpt><trkpt lat="35.0467989" lon="-118.1603157"><ele>936.5</ele><time>2026-06-26T11:14:45-05:00</time><course>261.9952</course><roll>-4.301764</roll><pitch>0.203123</pitch><mode /></trkpt><trkpt lat="35.0467983" lon="-118.160322"><ele>936.58</ele><time>2026-06-26T11:14:45-05:00</time><course>260.5501</course><roll>-3.096337</roll><pitch>0.2222132</pitch><mode /></trkpt><trkpt lat="35.0467975" lon="-118.1603281"><ele>936.65</ele><time>2026-06-26T11:14:45-05:00</time><course>261.3841</course><roll>-5.654051</roll><pitch>0.7030275</pitch><mode /></trkpt><trkpt lat="35.0467968" lon="-118.1603342"><ele>936.78</ele><time>2026-06-26T11:14:45-05:00</time><course>261.614</course><roll>-2.909251</roll><pitch>1.5328</pitch><mode /></trkpt><trkpt lat="35.0467963" lon="-118.1603402"><ele>936.91</ele><time>2026-06-26T11:14:45-05:00</time><course>261.6721</course><roll>-2.537401</roll><pitch>1.659646</pitch><mode /></trkpt><trkpt lat="35.0467955" lon="-118.1603463"><ele>937.03</ele><time>2026-06-26T11:14:46-05:00</time><course>263.2162</course><roll>-5.155391</roll><pitch>2.011498</pitch><mode /></trkpt><trkpt lat="35.0467951" lon="-118.1603527"><ele>937.08</ele><time>2026-06-26T11:14:46-05:00</time><course>260.7322</course><roll>-4.564195</roll><pitch>1.824814</pitch><mode /></trkpt><trkpt lat="35.0467949" lon="-118.1603655"><ele>936.94</ele><time>2026-06-26T11:14:46-05:00</time><course>261.8684</course><roll>-4.425203</roll><pitch>2.007588</pitch><mode /></trkpt><trkpt lat="35.0467946" lon="-118.160372"><ele>936.82</ele><time>2026-06-26T11:14:46-05:00</time><course>262.318</course><roll>-2.028068</roll><pitch>1.879041</pitch><mode /></trkpt><trkpt lat="35.0467944" lon="-118.1603785"><ele>936.71</ele><time>2026-06-26T11:14:47-05:00</time><course>262.83</course><roll>-0.9160486</roll><pitch>1.51798</pitch><mode /></trkpt><trkpt lat="35.0467942" lon="-118.1603851"><ele>936.55</ele><time>2026-06-26T11:14:47-05:00</time><course>263.9362</course><roll>-0.8320214</roll><pitch>0.8879186</pitch><mode /></trkpt><trkpt lat="35.0467938" lon="-118.1603916"><ele>936.46</ele><time>2026-06-26T11:14:47-05:00</time><course>263.3257</course><roll>-1.707167</roll><pitch>0.4753003</pitch><mode /></trkpt><trkpt lat="35.0467935" lon="-118.1603981"><ele>936.38</ele><time>2026-06-26T11:14:47-05:00</time><course>263.1243</course><roll>-0.2348634</roll><pitch>0.5892686</pitch><mode /></trkpt><trkpt lat="35.0467931" lon="-118.1604047"><ele>936.25</ele><time>2026-06-26T11:14:47-05:00</time><course>263.5793</course><roll>0.5098225</roll><pitch>-0.06473152</pitch><mode /></trkpt><trkpt lat="35.0467924" lon="-118.1604114"><ele>936.15</ele><time>2026-06-26T11:14:48-05:00</time><course>262.6405</course><roll>-0.3203382</roll><pitch>-0.5489575</pitch><mode /></trkpt><trkpt lat="35.0467916" lon="-118.1604181"><ele>936.06</ele><time>2026-06-26T11:14:48-05:00</time><course>261.7645</course><roll>-1.552649</roll><pitch>-0.3135763</pitch><mode /></trkpt><trkpt lat="35.0467906" lon="-118.1604249"><ele>935.95</ele><time>2026-06-26T11:14:48-05:00</time><course>261.7597</course><roll>-1.707083</roll><pitch>-0.5558114</pitch><mode /></trkpt><trkpt lat="35.0467895" lon="-118.1604318"><ele>935.73</ele><time>2026-06-26T11:14:48-05:00</time><course>264.3877</course><roll>0.5388367</roll><pitch>-0.777724</pitch><mode /></trkpt><trkpt lat="35.0467882" lon="-118.1604388"><ele>935.56</ele><time>2026-06-26T11:14:48-05:00</time><course>265.7104</course><roll>1.073344</roll><pitch>-1.114345</pitch><mode /></trkpt><trkpt lat="35.0467871" lon="-118.1604461"><ele>935.46</ele><time>2026-06-26T11:14:49-05:00</time><course>262.6902</course><roll>2.538294</roll><pitch>-2.31267</pitch><mode /></trkpt><trkpt lat="35.0467859" lon="-118.1604535"><ele>935.53</ele><time>2026-06-26T11:14:49-05:00</time><course>259.8217</course><roll>3.26696</roll><pitch>-2.738895</pitch><mode /></trkpt><trkpt lat="35.0467846" lon="-118.160461"><ele>935.63</ele><time>2026-06-26T11:14:49-05:00</time><course>256.6118</course><roll>4.726081</roll><pitch>-3.39261</pitch><mode /></trkpt><trkpt lat="35.0467827" lon="-118.1604681"><ele>935.77</ele><time>2026-06-26T11:14:49-05:00</time><course>257.1612</course><roll>1.905672</roll><pitch>-3.660444</pitch><mode /></trkpt><trkpt lat="35.0467805" lon="-118.160475"><ele>936.03</ele><time>2026-06-26T11:14:49-05:00</time><course>256.8585</course><roll>-2.240716</roll><pitch>-2.537325</pitch><mode /></trkpt><trkpt lat="35.0467784" lon="-118.1604822"><ele>936.28</ele><time>2026-06-26T11:14:50-05:00</time><course>256.2449</course><roll>-2.436777</roll><pitch>-0.8103371</pitch><mode /></trkpt><trkpt lat="35.0467761" lon="-118.1604891"><ele>936.48</ele><time>2026-06-26T11:14:50-05:00</time><course>258.5835</course><roll>-4.555672</roll><pitch>1.110101</pitch><mode /></trkpt><trkpt lat="35.0467744" lon="-118.160496"><ele>936.55</ele><time>2026-06-26T11:14:50-05:00</time><course>256.597</course><roll>-4.585327</roll><pitch>1.277697</pitch><mode /></trkpt><trkpt lat="35.0467726" lon="-118.1605028"><ele>936.71</ele><time>2026-06-26T11:14:50-05:00</time><course>256.5211</course><roll>-3.638463</roll><pitch>1.514496</pitch><mode /></trkpt><trkpt lat="35.0467709" lon="-118.1605095"><ele>936.81</ele><time>2026-06-26T11:14:50-05:00</time><course>256.2154</course><roll>-6.941928</roll><pitch>1.763214</pitch><mode /></trkpt><trkpt lat="35.0467699" lon="-118.1605163"><ele>936.73</ele><time>2026-06-26T11:14:51-05:00</time><course>254.2656</course><roll>-1.366849</roll><pitch>1.383485</pitch><mode /></trkpt><trkpt lat="35.0467687" lon="-118.160523"><ele>936.68</ele><time>2026-06-26T11:14:51-05:00</time><course>256.565</course><roll>-1.801778</roll><pitch>2.324282</pitch><mode /></trkpt><trkpt lat="35.0467673" lon="-118.1605298"><ele>936.68</ele><time>2026-06-26T11:14:51-05:00</time><course>258.0712</course><roll>-3.392507</roll><pitch>1.805865</pitch><mode /></trkpt><trkpt lat="35.0467662" lon="-118.1605368"><ele>936.81</ele><time>2026-06-26T11:14:51-05:00</time><course>257.7988</course><roll>-1.502709</roll><pitch>1.773484</pitch><mode /></trkpt><trkpt lat="35.0467649" lon="-118.160544"><ele>937.03</ele><time>2026-06-26T11:14:51-05:00</time><course>259.5058</course><roll>-2.246228</roll><pitch>2.170444</pitch><mode /></trkpt><trkpt lat="35.0467634" lon="-118.1605512"><ele>937.06</ele><time>2026-06-26T11:14:52-05:00</time><course>263.3455</course><roll>-4.330764</roll><pitch>2.382993</pitch><mode /></trkpt><trkpt lat="35.0467625" lon="-118.1605584"><ele>936.93</ele><time>2026-06-26T11:14:52-05:00</time><course>261.4373</course><roll>-4.71059</roll><pitch>1.437289</pitch><mode /></trkpt><trkpt lat="35.046762" lon="-118.1605658"><ele>936.87</ele><time>2026-06-26T11:14:52-05:00</time><course>259.1223</course><roll>-4.460685</roll><pitch>0.685328</pitch><mode /></trkpt><trkpt lat="35.0467613" lon="-118.1605732"><ele>936.89</ele><time>2026-06-26T11:14:52-05:00</time><course>260.8649</course><roll>-6.50808</roll><pitch>0.6796339</pitch><mode /></trkpt><trkpt lat="35.0467609" lon="-118.1605806"><ele>936.93</ele><time>2026-06-26T11:14:52-05:00</time><course>260.3297</course><roll>-3.062693</roll><pitch>0.9200186</pitch><mode /></trkpt><trkpt lat="35.0467611" lon="-118.1605877"><ele>936.94</ele><time>2026-06-26T11:14:53-05:00</time><course>262.6331</course><roll>-5.264616</roll><pitch>1.492561</pitch><mode /></trkpt><trkpt lat="35.0467615" lon="-118.160595"><ele>936.99</ele><time>2026-06-26T11:14:53-05:00</time><course>260.8715</course><roll>-11.55745</roll><pitch>0.868054</pitch><mode /></trkpt><trkpt lat="35.0467623" lon="-118.1606027"><ele>937.23</ele><time>2026-06-26T11:14:53-05:00</time><course>259.0838</course><roll>-7.435938</roll><pitch>1.38553</pitch><mode /></trkpt><trkpt lat="35.0467633" lon="-118.1606104"><ele>937.48</ele><time>2026-06-26T11:14:53-05:00</time><course>262.2904</course><roll>-2.85546</roll><pitch>2.995341</pitch><mode /></trkpt><trkpt lat="35.0467644" lon="-118.1606179"><ele>937.59</ele><time>2026-06-26T11:14:53-05:00</time><course>264.9933</course><roll>-2.668666</roll><pitch>3.369428</pitch><mode /></trkpt><trkpt lat="35.046766" lon="-118.1606253"><ele>937.55</ele><time>2026-06-26T11:14:54-05:00</time><course>264.9495</course><roll>-2.615156</roll><pitch>2.443586</pitch><mode /></trkpt><trkpt lat="35.0467677" lon="-118.1606326"><ele>937.46</ele><time>2026-06-26T11:14:54-05:00</time><course>263.4101</course><roll>0.04458855</roll><pitch>2.130069</pitch><mode /></trkpt><trkpt lat="35.0467693" lon="-118.1606399"><ele>937.41</ele><time>2026-06-26T11:14:54-05:00</time><course>265.3297</course><roll>-0.8031158</roll><pitch>2.238856</pitch><mode /></trkpt><trkpt lat="35.0467707" lon="-118.1606474"><ele>937.33</ele><time>2026-06-26T11:14:54-05:00</time><course>265.6512</course><roll>-1.940184</roll><pitch>1.443817</pitch><mode /></trkpt><trkpt lat="35.0467724" lon="-118.1606549"><ele>937.26</ele><time>2026-06-26T11:14:54-05:00</time><course>266.2158</course><roll>-1.228726</roll><pitch>1.175337</pitch><mode /></trkpt><trkpt lat="35.046774" lon="-118.1606621"><ele>937.23</ele><time>2026-06-26T11:14:55-05:00</time><course>266.9551</course><roll>-0.4024396</roll><pitch>0.7049594</pitch><mode /></trkpt><trkpt lat="35.0467757" lon="-118.1606693"><ele>937.26</ele><time>2026-06-26T11:14:55-05:00</time><course>267.7271</course><roll>-0.6982811</roll><pitch>1.130981</pitch><mode /></trkpt><trkpt lat="35.0467769" lon="-118.1606767"><ele>937.35</ele><time>2026-06-26T11:14:55-05:00</time><course>268.259</course><roll>-3.552633</roll><pitch>1.050832</pitch><mode /></trkpt><trkpt lat="35.0467786" lon="-118.1606838"><ele>937.34</ele><time>2026-06-26T11:14:55-05:00</time><course>267.2729</course><roll>-5.350606</roll><pitch>0.9718487</pitch><mode /></trkpt><trkpt lat="35.0467804" lon="-118.1606909"><ele>937.29</ele><time>2026-06-26T11:14:55-05:00</time><course>265.6677</course><roll>-8.047999</roll><pitch>0.6338126</pitch><mode /></trkpt><trkpt lat="35.0467827" lon="-118.1606979"><ele>937.26</ele><time>2026-06-26T11:14:56-05:00</time><course>263.8294</course><roll>-6.816332</roll><pitch>1.246068</pitch><mode /></trkpt><trkpt lat="35.0467853" lon="-118.160705"><ele>937.21</ele><time>2026-06-26T11:14:56-05:00</time><course>264.8554</course><roll>-8.172407</roll><pitch>1.741835</pitch><mode /></trkpt><trkpt lat="35.0467879" lon="-118.1607122"><ele>937.17</ele><time>2026-06-26T11:14:56-05:00</time><course>265.6475</course><roll>-3.223249</roll><pitch>1.767081</pitch><mode /></trkpt><trkpt lat="35.0467911" lon="-118.1607195"><ele>937.13</ele><time>2026-06-26T11:14:56-05:00</time><course>265.583</course><roll>-0.02090245</roll><pitch>1.725642</pitch><mode /></trkpt><trkpt lat="35.0467942" lon="-118.160727"><ele>937.07</ele><time>2026-06-26T11:14:56-05:00</time><course>265.0993</course><roll>0.1662493</roll><pitch>1.256901</pitch><mode /></trkpt><trkpt lat="35.0467971" lon="-118.1607346"><ele>936.97</ele><time>2026-06-26T11:14:57-05:00</time><course>267.1768</course><roll>-2.775174</roll><pitch>1.717864</pitch><mode /></trkpt><trkpt lat="35.0467997" lon="-118.1607422"><ele>936.82</ele><time>2026-06-26T11:14:57-05:00</time><course>267.4843</course><roll>0.9003106</roll><pitch>0.7821082</pitch><mode /></trkpt><trkpt lat="35.0468026" lon="-118.1607499"><ele>936.68</ele><time>2026-06-26T11:14:57-05:00</time><course>267.2992</course><roll>3.677012</roll><pitch>0.362002</pitch><mode /></trkpt><trkpt lat="35.0468051" lon="-118.1607578"><ele>936.53</ele><time>2026-06-26T11:14:57-05:00</time><course>268.1962</course><roll>0.8591096</roll><pitch>-0.5993726</pitch><mode /></trkpt><trkpt lat="35.0468075" lon="-118.1607657"><ele>936.43</ele><time>2026-06-26T11:14:57-05:00</time><course>267.991</course><roll>-0.1218198</roll><pitch>-1.07899</pitch><mode /></trkpt><trkpt lat="35.0468099" lon="-118.1607735"><ele>936.23</ele><time>2026-06-26T11:14:58-05:00</time><course>267.8547</course><roll>0.8966547</roll><pitch>-1.316916</pitch><mode /></trkpt><trkpt lat="35.0468123" lon="-118.1607811"><ele>936.02</ele><time>2026-06-26T11:14:58-05:00</time><course>267.4486</course><roll>-0.09215004</roll><pitch>-2.066776</pitch><mode /></trkpt><trkpt lat="35.0468145" lon="-118.1607887"><ele>935.92</ele><time>2026-06-26T11:14:58-05:00</time><course>267.3203</course><roll>-1.322455</roll><pitch>-2.698654</pitch><mode /></trkpt><trkpt lat="35.0468168" lon="-118.1607965"><ele>935.86</ele><time>2026-06-26T11:14:58-05:00</time><course>266.7032</course><roll>-1.593369</roll><pitch>-2.175574</pitch><mode /></trkpt><trkpt lat="35.0468192" lon="-118.1608043"><ele>935.75</ele><time>2026-06-26T11:14:58-05:00</time><course>266.7803</course><roll>-1.718168</roll><pitch>-2.167963</pitch><mode /></trkpt><trkpt lat="35.0468217" lon="-118.1608119"><ele>935.66</ele><time>2026-06-26T11:14:59-05:00</time><course>266.5867</course><roll>-2.950681</roll><pitch>-2.810915</pitch><mode /></trkpt><trkpt lat="35.0468242" lon="-118.1608196"><ele>935.6</ele><time>2026-06-26T11:14:59-05:00</time><course>267.6192</course><roll>-3.996333</roll><pitch>-2.936354</pitch><mode /></trkpt><trkpt lat="35.0468266" lon="-118.1608273"><ele>935.58</ele><time>2026-06-26T11:14:59-05:00</time><course>269.0459</course><roll>-3.804824</roll><pitch>-2.777415</pitch><mode /></trkpt><trkpt lat="35.0468291" lon="-118.1608349"><ele>935.55</ele><time>2026-06-26T11:14:59-05:00</time><course>269.1334</course><roll>-2.329753</roll><pitch>-3.177291</pitch><mode /></trkpt><trkpt lat="35.0468317" lon="-118.1608422"><ele>935.54</ele><time>2026-06-26T11:14:59-05:00</time><course>270.6612</course><roll>-3.402054</roll><pitch>-3.051385</pitch><mode /></trkpt><trkpt lat="35.046834" lon="-118.1608497"><ele>935.6</ele><time>2026-06-26T11:15:00-05:00</time><course>270.649</course><roll>-2.7752</roll><pitch>-3.659459</pitch><mode /></trkpt><trkpt lat="35.0468366" lon="-118.1608571"><ele>935.71</ele><time>2026-06-26T11:15:00-05:00</time><course>270.4166</course><roll>-3.227797</roll><pitch>-3.366831</pitch><mode /></trkpt><trkpt lat="35.0468393" lon="-118.1608643"><ele>935.78</ele><time>2026-06-26T11:15:00-05:00</time><course>271.9138</course><roll>-1.600726</roll><pitch>-2.603153</pitch><mode /></trkpt><trkpt lat="35.0468421" lon="-118.1608712"><ele>935.74</ele><time>2026-06-26T11:15:00-05:00</time><course>273.0746</course><roll>-1.357251</roll><pitch>-2.500374</pitch><mode /></trkpt><trkpt lat="35.0468447" lon="-118.1608779"><ele>935.69</ele><time>2026-06-26T11:15:00-05:00</time><course>274.4525</course><roll>-3.638565</roll><pitch>-3.36122</pitch><mode /></trkpt><trkpt lat="35.0468475" lon="-118.1608846"><ele>935.56</ele><time>2026-06-26T11:15:01-05:00</time><course>274.7625</course><roll>-5.410252</roll><pitch>-3.946881</pitch><mode /></trkpt><trkpt lat="35.0468505" lon="-118.1608915"><ele>935.5</ele><time>2026-06-26T11:15:01-05:00</time><course>273.4589</course><roll>-3.363377</roll><pitch>-4.663394</pitch><mode /></trkpt><trkpt lat="35.0468538" lon="-118.1608983"><ele>935.49</ele><time>2026-06-26T11:15:01-05:00</time><course>273.3505</course><roll>-4.01504</roll><pitch>-4.594532</pitch><mode /></trkpt><trkpt lat="35.0468568" lon="-118.1609053"><ele>935.53</ele><time>2026-06-26T11:15:01-05:00</time><course>273.6335</course><roll>-6.534147</roll><pitch>-4.123604</pitch><mode /></trkpt><trkpt lat="35.0468601" lon="-118.1609122"><ele>935.55</ele><time>2026-06-26T11:15:01-05:00</time><course>272.2612</course><roll>-4.004466</roll><pitch>-4.113091</pitch><mode /></trkpt><trkpt lat="35.0468636" lon="-118.1609188"><ele>935.54</ele><time>2026-06-26T11:15:02-05:00</time><course>272.5085</course><roll>-2.530516</roll><pitch>-4.369905</pitch><mode /></trkpt><trkpt lat="35.0468668" lon="-118.1609256"><ele>935.51</ele><time>2026-06-26T11:15:02-05:00</time><course>274.1173</course><roll>-3.4036</roll><pitch>-3.80156</pitch><mode /></trkpt><trkpt lat="35.0468701" lon="-118.1609325"><ele>935.48</ele><time>2026-06-26T11:15:02-05:00</time><course>275.1025</course><roll>-4.984581</roll><pitch>-4.384697</pitch><mode /></trkpt><trkpt lat="35.0468737" lon="-118.1609394"><ele>935.47</ele><time>2026-06-26T11:15:02-05:00</time><course>273.9608</course><roll>-4.298282</roll><pitch>-4.976985</pitch><mode /></trkpt><trkpt lat="35.0468775" lon="-118.1609463"><ele>935.53</ele><time>2026-06-26T11:15:02-05:00</time><course>272.7119</course><roll>-2.22862</roll><pitch>-4.987108</pitch><mode /></trkpt><trkpt lat="35.0468811" lon="-118.1609531"><ele>935.61</ele><time>2026-06-26T11:15:03-05:00</time><course>273.586</course><roll>-3.391011</roll><pitch>-4.202971</pitch><mode /></trkpt><trkpt lat="35.0468848" lon="-118.16096"><ele>935.66</ele><time>2026-06-26T11:15:03-05:00</time><course>273.561</course><roll>-1.827524</roll><pitch>-4.046383</pitch><mode /></trkpt><trkpt lat="35.0468887" lon="-118.1609669"><ele>935.66</ele><time>2026-06-26T11:15:03-05:00</time><course>272.887</course><roll>-3.073716</roll><pitch>-4.398762</pitch><mode /></trkpt><trkpt lat="35.0468928" lon="-118.1609736"><ele>935.68</ele><time>2026-06-26T11:15:03-05:00</time><course>271.5947</course><roll>-3.597228</roll><pitch>-4.594388</pitch><mode /></trkpt><trkpt lat="35.0468968" lon="-118.1609802"><ele>935.82</ele><time>2026-06-26T11:15:03-05:00</time><course>272.2909</course><roll>-3.646023</roll><pitch>-3.09904</pitch><mode /></trkpt><trkpt lat="35.0469007" lon="-118.1609867"><ele>935.9</ele><time>2026-06-26T11:15:04-05:00</time><course>272.6328</course><roll>-2.476576</roll><pitch>-2.248584</pitch><mode /></trkpt><trkpt lat="35.0469046" lon="-118.1609931"><ele>935.97</ele><time>2026-06-26T11:15:04-05:00</time><course>273.2008</course><roll>-3.427256</roll><pitch>-2.473455</pitch><mode /></trkpt><trkpt lat="35.0469087" lon="-118.1609997"><ele>935.91</ele><time>2026-06-26T11:15:04-05:00</time><course>275.2491</course><roll>-5.06473</roll><pitch>-3.183313</pitch><mode /></trkpt><trkpt lat="35.046913" lon="-118.1610067"><ele>935.73</ele><time>2026-06-26T11:15:04-05:00</time><course>275.1345</course><roll>-4.364916</roll><pitch>-4.131686</pitch><mode /></trkpt><trkpt lat="35.0469175" lon="-118.1610136"><ele>935.62</ele><time>2026-06-26T11:15:04-05:00</time><course>275.3378</course><roll>-3.482809</roll><pitch>-4.51734</pitch><mode /></trkpt><trkpt lat="35.0469221" lon="-118.1610208"><ele>935.48</ele><time>2026-06-26T11:15:05-05:00</time><course>276.9123</course><roll>-3.521406</roll><pitch>-3.88006</pitch><mode /></trkpt><trkpt lat="35.0469267" lon="-118.1610283"><ele>935.3</ele><time>2026-06-26T11:15:05-05:00</time><course>278.6326</course><roll>-3.931524</roll><pitch>-4.285166</pitch><mode /></trkpt><trkpt lat="35.0469316" lon="-118.1610358"><ele>935.08</ele><time>2026-06-26T11:15:05-05:00</time><course>278.7508</course><roll>-5.238404</roll><pitch>-5.226851</pitch><mode /></trkpt><trkpt lat="35.0469368" lon="-118.161043"><ele>934.95</ele><time>2026-06-26T11:15:05-05:00</time><course>278.0884</course><roll>-7.166287</roll><pitch>-6.322155</pitch><mode /></trkpt><trkpt lat="35.0469422" lon="-118.1610504"><ele>934.92</ele><time>2026-06-26T11:15:05-05:00</time><course>276.9139</course><roll>-5.147152</roll><pitch>-6.579915</pitch><mode /></trkpt><trkpt lat="35.0469477" lon="-118.1610576"><ele>934.89</ele><time>2026-06-26T11:15:06-05:00</time><course>278.7156</course><roll>-5.765946</roll><pitch>-6.255438</pitch><mode /></trkpt><trkpt lat="35.0469534" lon="-118.1610648"><ele>934.84</ele><time>2026-06-26T11:15:06-05:00</time><course>278.2977</course><roll>-5.606822</roll><pitch>-6.513837</pitch><mode /></trkpt><trkpt lat="35.0469596" lon="-118.1610719"><ele>934.86</ele><time>2026-06-26T11:15:06-05:00</time><course>276.6741</course><roll>-4.625764</roll><pitch>-6.859907</pitch><mode /></trkpt><trkpt lat="35.0469659" lon="-118.1610787"><ele>934.94</ele><time>2026-06-26T11:15:06-05:00</time><course>277.8666</course><roll>-2.670716</roll><pitch>-5.04104</pitch><mode /></trkpt><trkpt lat="35.0469721" lon="-118.1610853"><ele>934.96</ele><time>2026-06-26T11:15:06-05:00</time><course>280.397</course><roll>-2.864933</roll><pitch>-4.25199</pitch><mode /></trkpt><trkpt lat="35.0469784" lon="-118.1610919"><ele>934.93</ele><time>2026-06-26T11:15:07-05:00</time><course>280.6818</course><roll>-3.45291</roll><pitch>-5.048239</pitch><mode /></trkpt><trkpt lat="35.0469848" lon="-118.1610985"><ele>934.95</ele><time>2026-06-26T11:15:07-05:00</time><course>281.0363</course><roll>-4.175468</roll><pitch>-4.686707</pitch><mode /></trkpt><trkpt lat="35.0469912" lon="-118.161105"><ele>934.95</ele><time>2026-06-26T11:15:07-05:00</time><course>282.6445</course><roll>-4.281746</roll><pitch>-4.531834</pitch><mode /></trkpt><trkpt lat="35.0469976" lon="-118.1611115"><ele>934.9</ele><time>2026-06-26T11:15:07-05:00</time><course>284.5223</course><roll>-6.960425</roll><pitch>-4.629489</pitch><mode /></trkpt><trkpt lat="35.0470045" lon="-118.1611178"><ele>934.88</ele><time>2026-06-26T11:15:07-05:00</time><course>281.9784</course><roll>-7.658651</roll><pitch>-5.301712</pitch><mode /></trkpt><trkpt lat="35.0470116" lon="-118.1611238"><ele>934.92</ele><time>2026-06-26T11:15:08-05:00</time><course>281.7224</course><roll>-5.033947</roll><pitch>-4.534214</pitch><mode /></trkpt><trkpt lat="35.0470189" lon="-118.1611299"><ele>934.95</ele><time>2026-06-26T11:15:08-05:00</time><course>282.1231</course><roll>-3.166574</roll><pitch>-4.469741</pitch><mode /></trkpt><trkpt lat="35.047026" lon="-118.161136"><ele>934.99</ele><time>2026-06-26T11:15:08-05:00</time><course>283.2562</course><roll>-4.409014</roll><pitch>-3.696718</pitch><mode /></trkpt><trkpt lat="35.0470333" lon="-118.161142"><ele>935</ele><time>2026-06-26T11:15:08-05:00</time><course>282.5555</course><roll>-3.974717</roll><pitch>-4.701701</pitch><mode /></trkpt><trkpt lat="35.0470412" lon="-118.1611479"><ele>934.94</ele><time>2026-06-26T11:15:08-05:00</time><course>280.2146</course><roll>-1.684519</roll><pitch>-4.670577</pitch><mode /></trkpt><trkpt lat="35.0470489" lon="-118.1611539"><ele>934.87</ele><time>2026-06-26T11:15:09-05:00</time><course>282.2678</course><roll>-4.289752</roll><pitch>-3.354712</pitch><mode /></trkpt><trkpt lat="35.0470566" lon="-118.1611601"><ele>934.76</ele><time>2026-06-26T11:15:09-05:00</time><course>282.4014</course><roll>-5.14604</roll><pitch>-3.604234</pitch><mode /></trkpt><trkpt lat="35.0470646" lon="-118.1611663"><ele>934.65</ele><time>2026-06-26T11:15:09-05:00</time><course>282.5253</course><roll>-4.451864</roll><pitch>-3.962831</pitch><mode /></trkpt><trkpt lat="35.0470724" lon="-118.1611728"><ele>934.55</ele><time>2026-06-26T11:15:09-05:00</time><course>283.5028</course><roll>-4.468403</roll><pitch>-4.235918</pitch><mode /></trkpt><trkpt lat="35.0470805" lon="-118.1611793"><ele>934.45</ele><time>2026-06-26T11:15:09-05:00</time><course>284.4304</course><roll>-5.487344</roll><pitch>-4.505389</pitch><mode /></trkpt><trkpt lat="35.047089" lon="-118.1611858"><ele>934.4</ele><time>2026-06-26T11:15:10-05:00</time><course>284.3209</course><roll>-5.270939</roll><pitch>-5.542828</pitch><mode /></trkpt><trkpt lat="35.0470977" lon="-118.1611923"><ele>934.39</ele><time>2026-06-26T11:15:10-05:00</time><course>283.6703</course><roll>-4.60079</roll><pitch>-5.168699</pitch><mode /></trkpt><trkpt lat="35.0471066" lon="-118.1611986"><ele>934.35</ele><time>2026-06-26T11:15:10-05:00</time><course>284.1372</course><roll>-5.450323</roll><pitch>-4.429523</pitch><mode /></trkpt><trkpt lat="35.0471157" lon="-118.1612047"><ele>934.31</ele><time>2026-06-26T11:15:10-05:00</time><course>284.1397</course><roll>-6.183237</roll><pitch>-5.041152</pitch><mode /></trkpt><trkpt lat="35.047125" lon="-118.1612108"><ele>934.26</ele><time>2026-06-26T11:15:10-05:00</time><course>285.3799</course><roll>-5.773016</roll><pitch>-5.409693</pitch><mode /></trkpt><trkpt lat="35.0471345" lon="-118.1612168"><ele>934.24</ele><time>2026-06-26T11:15:11-05:00</time><course>285.8192</course><roll>-6.426658</roll><pitch>-5.213728</pitch><mode /></trkpt><trkpt lat="35.047144" lon="-118.1612226"><ele>934.31</ele><time>2026-06-26T11:15:11-05:00</time><course>286.5701</course><roll>-6.794422</roll><pitch>-4.458695</pitch><mode /></trkpt><trkpt lat="35.0471537" lon="-118.1612281"><ele>934.33</ele><time>2026-06-26T11:15:11-05:00</time><course>288.0999</course><roll>-6.179696</roll><pitch>-3.762449</pitch><mode /></trkpt><trkpt lat="35.0471636" lon="-118.1612335"><ele>934.29</ele><time>2026-06-26T11:15:11-05:00</time><course>289.4606</course><roll>-6.821698</roll><pitch>-4.471165</pitch><mode /></trkpt><trkpt lat="35.0471738" lon="-118.1612385"><ele>934.24</ele><time>2026-06-26T11:15:11-05:00</time><course>290.0887</course><roll>-6.717212</roll><pitch>-5.228658</pitch><mode /></trkpt><trkpt lat="35.0471843" lon="-118.1612435"><ele>934.21</ele><time>2026-06-26T11:15:12-05:00</time><course>289.2755</course><roll>-8.317149</roll><pitch>-5.378975</pitch><mode /></trkpt><trkpt lat="35.0471953" lon="-118.1612482"><ele>934.27</ele><time>2026-06-26T11:15:12-05:00</time><course>288.794</course><roll>-8.368505</roll><pitch>-5.232139</pitch><mode /></trkpt><trkpt lat="35.0472065" lon="-118.1612528"><ele>934.3</ele><time>2026-06-26T11:15:12-05:00</time><course>290.4131</course><roll>-6.675253</roll><pitch>-4.432445</pitch><mode /></trkpt><trkpt lat="35.0472178" lon="-118.1612572"><ele>934.29</ele><time>2026-06-26T11:15:12-05:00</time><course>291.6467</course><roll>-6.143178</roll><pitch>-3.991914</pitch><mode /></trkpt><trkpt lat="35.0472293" lon="-118.1612616"><ele>934.27</ele><time>2026-06-26T11:15:12-05:00</time><course>291.7714</course><roll>-7.44522</roll><pitch>-4.563753</pitch><mode /></trkpt><trkpt lat="35.0472413" lon="-118.1612659"><ele>934.24</ele><time>2026-06-26T11:15:13-05:00</time><course>291.742</course><roll>-5.318335</roll><pitch>-4.763247</pitch><mode /></trkpt><trkpt lat="35.0472536" lon="-118.1612699"><ele>934.2</ele><time>2026-06-26T11:15:13-05:00</time><course>292.294</course><roll>-5.208647</roll><pitch>-4.797908</pitch><mode /></trkpt><trkpt lat="35.0472658" lon="-118.161274"><ele>934.19</ele><time>2026-06-26T11:15:13-05:00</time><course>294.9278</course><roll>-7.939062</roll><pitch>-5.158867</pitch><mode /></trkpt><trkpt lat="35.0472784" lon="-118.161278"><ele>934.21</ele><time>2026-06-26T11:15:13-05:00</time><course>296.0747</course><roll>-9.048589</roll><pitch>-5.37868</pitch><mode /></trkpt><trkpt lat="35.0472916" lon="-118.1612816"><ele>934.25</ele><time>2026-06-26T11:15:13-05:00</time><course>295.8888</course><roll>-6.842437</roll><pitch>-5.390313</pitch><mode /></trkpt><trkpt lat="35.0473052" lon="-118.161285"><ele>934.33</ele><time>2026-06-26T11:15:14-05:00</time><course>296.4521</course><roll>-7.323504</roll><pitch>-5.77962</pitch><mode /></trkpt><trkpt lat="35.0473189" lon="-118.161288"><ele>934.46</ele><time>2026-06-26T11:15:14-05:00</time><course>298.5291</course><roll>-8.906691</roll><pitch>-5.481832</pitch><mode /></trkpt><trkpt lat="35.0473326" lon="-118.1612906"><ele>934.56</ele><time>2026-06-26T11:15:14-05:00</time><course>300.2835</course><roll>-12.19041</roll><pitch>-4.611635</pitch><mode /></trkpt><trkpt lat="35.0473469" lon="-118.1612928"><ele>934.6</ele><time>2026-06-26T11:15:14-05:00</time><course>298.8245</course><roll>-11.78033</roll><pitch>-4.441407</pitch><mode /></trkpt><trkpt lat="35.0473616" lon="-118.1612947"><ele>934.58</ele><time>2026-06-26T11:15:14-05:00</time><course>299.4575</course><roll>-11.83026</roll><pitch>-4.08069</pitch><mode /></trkpt><trkpt lat="35.0473767" lon="-118.1612965"><ele>934.49</ele><time>2026-06-26T11:15:15-05:00</time><course>301.4058</course><roll>-11.71054</roll><pitch>-3.497288</pitch><mode /></trkpt><trkpt lat="35.047392" lon="-118.1612981"><ele>934.36</ele><time>2026-06-26T11:15:15-05:00</time><course>304.3439</course><roll>-13.19673</roll><pitch>-3.499853</pitch><mode /></trkpt><trkpt lat="35.047408" lon="-118.1612996"><ele>934.14</ele><time>2026-06-26T11:15:15-05:00</time><course>305.5184</course><roll>-15.42682</roll><pitch>-5.340585</pitch><mode /></trkpt><trkpt lat="35.0474249" lon="-118.1613006"><ele>933.96</ele><time>2026-06-26T11:15:15-05:00</time><course>307.1566</course><roll>-15.00765</roll><pitch>-6.52661</pitch><mode /></trkpt><trkpt lat="35.0474422" lon="-118.1613011"><ele>933.93</ele><time>2026-06-26T11:15:15-05:00</time><course>312.1121</course><roll>-15.28494</roll><pitch>-5.118536</pitch><mode /></trkpt><trkpt lat="35.0474601" lon="-118.161301"><ele>933.98</ele><time>2026-06-26T11:15:16-05:00</time><course>316.5246</course><roll>-15.56029</roll><pitch>-5.605652</pitch><mode /></trkpt><trkpt lat="35.0474789" lon="-118.1613004"><ele>933.92</ele><time>2026-06-26T11:15:16-05:00</time><course>318.1799</course><roll>-15.12035</roll><pitch>-6.319164</pitch><mode /></trkpt><trkpt lat="35.0474984" lon="-118.1612992"><ele>933.87</ele><time>2026-06-26T11:15:16-05:00</time><course>319.4803</course><roll>-17.21112</roll><pitch>-7.247952</pitch><mode /></trkpt><trkpt lat="35.0475186" lon="-118.1612972"><ele>933.83</ele><time>2026-06-26T11:15:16-05:00</time><course>321.7774</course><roll>-17.5665</roll><pitch>-6.969803</pitch><mode /></trkpt><trkpt lat="35.0475392" lon="-118.1612945"><ele>933.82</ele><time>2026-06-26T11:15:16-05:00</time><course>325.7869</course><roll>-15.09812</roll><pitch>-6.72812</pitch><mode /></trkpt><trkpt lat="35.0475602" lon="-118.1612911"><ele>933.85</ele><time>2026-06-26T11:15:17-05:00</time><course>329.9588</course><roll>-20.08799</roll><pitch>-8.147051</pitch><mode /></trkpt><trkpt lat="35.0475821" lon="-118.1612865"><ele>933.86</ele><time>2026-06-26T11:15:17-05:00</time><course>330.4127</course><roll>-21.8325</roll><pitch>-9.070419</pitch><mode /></trkpt><trkpt lat="35.0476049" lon="-118.1612807"><ele>933.83</ele><time>2026-06-26T11:15:17-05:00</time><course>331.1781</course><roll>-23.17897</roll><pitch>-9.665421</pitch><mode /></trkpt><trkpt lat="35.0476281" lon="-118.1612738"><ele>933.78</ele><time>2026-06-26T11:15:17-05:00</time><course>334.7051</course><roll>-23.70051</roll><pitch>-8.320123</pitch><mode /></trkpt><trkpt lat="35.0476518" lon="-118.1612661"><ele>933.65</ele><time>2026-06-26T11:15:17-05:00</time><course>338.0069</course><roll>-25.50548</roll><pitch>-7.559146</pitch><mode /></trkpt><trkpt lat="35.0476763" lon="-118.1612572"><ele>933.46</ele><time>2026-06-26T11:15:18-05:00</time><course>342.0031</course><roll>-26.87803</roll><pitch>-8.939744</pitch><mode /></trkpt><trkpt lat="35.0477017" lon="-118.1612465"><ele>933.31</ele><time>2026-06-26T11:15:18-05:00</time><course>345.1722</course><roll>-30.43681</roll><pitch>-9.777309</pitch><mode /></trkpt><trkpt lat="35.0477277" lon="-118.1612334"><ele>933.25</ele><time>2026-06-26T11:15:18-05:00</time><course>348.5737</course><roll>-33.4444</roll><pitch>-10.93544</pitch><mode /></trkpt><trkpt lat="35.0477542" lon="-118.1612176"><ele>933.27</ele><time>2026-06-26T11:15:18-05:00</time><course>351.6574</course><roll>-33.09267</roll><pitch>-12.16142</pitch><mode /></trkpt><trkpt lat="35.047781" lon="-118.1611995"><ele>933.32</ele><time>2026-06-26T11:15:18-05:00</time><course>356.5463</course><roll>-35.47228</roll><pitch>-11.20599</pitch><mode /></trkpt><trkpt lat="35.0478082" lon="-118.1611792"><ele>933.36</ele><time>2026-06-26T11:15:19-05:00</time><course>1.678538</course><roll>-37.08569</roll><pitch>-11.45689</pitch><mode /></trkpt><trkpt lat="35.0478354" lon="-118.1611563"><ele>933.41</ele><time>2026-06-26T11:15:19-05:00</time><course>5.311636</course><roll>-36.36215</roll><pitch>-11.41476</pitch><mode /></trkpt><trkpt lat="35.0478626" lon="-118.161131"><ele>933.44</ele><time>2026-06-26T11:15:19-05:00</time><course>10.64644</course><roll>-36.44677</roll><pitch>-10.66779</pitch><mode /></trkpt><trkpt lat="35.0478896" lon="-118.1611034"><ele>933.42</ele><time>2026-06-26T11:15:19-05:00</time><course>16.76254</course><roll>-38.72245</roll><pitch>-9.997228</pitch><mode /></trkpt><trkpt lat="35.0479164" lon="-118.1610732"><ele>933.39</ele><time>2026-06-26T11:15:19-05:00</time><course>22.90743</course><roll>-40.7869</roll><pitch>-10.49945</pitch><mode /></trkpt><trkpt lat="35.0479425" lon="-118.1610399"><ele>933.4</ele><time>2026-06-26T11:15:20-05:00</time><course>31.11414</course><roll>-43.34779</roll><pitch>-10.43221</pitch><mode /></trkpt><trkpt lat="35.0479673" lon="-118.1610035"><ele>933.4</ele><time>2026-06-26T11:15:20-05:00</time><course>36.18644</course><roll>-42.83204</roll><pitch>-10.74762</pitch><mode /></trkpt><trkpt lat="35.0479906" lon="-118.1609639"><ele>933.46</ele><time>2026-06-26T11:15:20-05:00</time><course>43.85946</course><roll>-46.12786</roll><pitch>-11.30919</pitch><mode /></trkpt><trkpt lat="35.0480119" lon="-118.160921"><ele>933.56</ele><time>2026-06-26T11:15:20-05:00</time><course>48.4596</course><roll>-46.56209</roll><pitch>-11.83993</pitch><mode /></trkpt><trkpt lat="35.0480309" lon="-118.1608754"><ele>933.68</ele><time>2026-06-26T11:15:20-05:00</time><course>54.55716</course><roll>-47.80659</roll><pitch>-12.38935</pitch><mode /></trkpt><trkpt lat="35.0480473" lon="-118.1608273"><ele>933.85</ele><time>2026-06-26T11:15:21-05:00</time><course>62.26371</course><roll>-49.05692</roll><pitch>-12.02876</pitch><mode /></trkpt><trkpt lat="35.0480614" lon="-118.1607773"><ele>933.89</ele><time>2026-06-26T11:15:21-05:00</time><course>67.58311</course><roll>-51.80277</roll><pitch>-12.8875</pitch><mode /></trkpt><trkpt lat="35.0480724" lon="-118.1607254"><ele>933.98</ele><time>2026-06-26T11:15:21-05:00</time><course>73.41043</course><roll>-53.27223</roll><pitch>-15.45601</pitch><mode /></trkpt><trkpt lat="35.0480804" lon="-118.1606725"><ele>933.99</ele><time>2026-06-26T11:15:21-05:00</time><course>79.46426</course><roll>-49.58036</roll><pitch>-16.51003</pitch><mode /></trkpt><trkpt lat="35.0480848" lon="-118.1606189"><ele>934.02</ele><time>2026-06-26T11:15:21-05:00</time><course>84.02018</course><roll>-50.05118</roll><pitch>-16.29212</pitch><mode /></trkpt><trkpt lat="35.0480869" lon="-118.1605647"><ele>933.99</ele><time>2026-06-26T11:15:22-05:00</time><course>90.35478</course><roll>-48.38192</roll><pitch>-14.9603</pitch><mode /></trkpt><trkpt lat="35.0480873" lon="-118.1605102"><ele>933.84</ele><time>2026-06-26T11:15:22-05:00</time><course>96.695</course><roll>-51.06493</roll><pitch>-12.06681</pitch><mode /></trkpt><trkpt lat="35.0480848" lon="-118.1604558"><ele>933.68</ele><time>2026-06-26T11:15:22-05:00</time><course>105.1875</course><roll>-51.75475</roll><pitch>-10.83803</pitch><mode /></trkpt><trkpt lat="35.0480777" lon="-118.1604026"><ele>933.59</ele><time>2026-06-26T11:15:22-05:00</time><course>112.6591</course><roll>-48.3479</roll><pitch>-12.18937</pitch><mode /></trkpt><trkpt lat="35.0480659" lon="-118.1603514"><ele>933.74</ele><time>2026-06-26T11:15:22-05:00</time><course>121.186</course><roll>-46.61592</roll><pitch>-10.25664</pitch><mode /></trkpt><trkpt lat="35.0480507" lon="-118.1603019"><ele>934.05</ele><time>2026-06-26T11:15:23-05:00</time><course>128.0856</course><roll>-44.82336</roll><pitch>-10.22351</pitch><mode /></trkpt><trkpt lat="35.0480332" lon="-118.1602544"><ele>934.33</ele><time>2026-06-26T11:15:23-05:00</time><course>131.9606</course><roll>-40.42702</roll><pitch>-9.760915</pitch><mode /></trkpt><trkpt lat="35.0480138" lon="-118.1602082"><ele>934.57</ele><time>2026-06-26T11:15:23-05:00</time><course>138.5572</course><roll>-40.60589</roll><pitch>-5.978628</pitch><mode /></trkpt><trkpt lat="35.0479923" lon="-118.160164"><ele>934.82</ele><time>2026-06-26T11:15:23-05:00</time><course>142.5328</course><roll>-39.7807</roll><pitch>-5.634409</pitch><mode /></trkpt><trkpt lat="35.0479693" lon="-118.1601216"><ele>934.98</ele><time>2026-06-26T11:15:23-05:00</time><course>147.6293</course><roll>-39.30816</roll><pitch>-5.708501</pitch><mode /></trkpt><trkpt lat="35.047945" lon="-118.160081"><ele>935.18</ele><time>2026-06-26T11:15:24-05:00</time><course>154.0012</course><roll>-38.55448</roll><pitch>-5.150494</pitch><mode /></trkpt><trkpt lat="35.0479194" lon="-118.1600429"><ele>935.34</ele><time>2026-06-26T11:15:24-05:00</time><course>157.9262</course><roll>-38.07475</roll><pitch>-4.837096</pitch><mode /></trkpt><trkpt lat="35.0478929" lon="-118.1600074"><ele>935.42</ele><time>2026-06-26T11:15:24-05:00</time><course>162.8078</course><roll>-37.82439</roll><pitch>-5.102213</pitch><mode /></trkpt><trkpt lat="35.0478654" lon="-118.1599743"><ele>935.52</ele><time>2026-06-26T11:15:24-05:00</time><course>165.9099</course><roll>-36.36564</roll><pitch>-5.970064</pitch><mode /></trkpt><trkpt lat="35.0478374" lon="-118.1599431"><ele>935.59</ele><time>2026-06-26T11:15:24-05:00</time><course>171.0005</course><roll>-35.31797</roll><pitch>-4.502745</pitch><mode /></trkpt><trkpt lat="35.0478093" lon="-118.159914"><ele>935.68</ele><time>2026-06-26T11:15:25-05:00</time><course>177.7913</course><roll>-35.74238</roll><pitch>-2.713704</pitch><mode /></trkpt><trkpt lat="35.047781" lon="-118.1598879"><ele>935.69</ele><time>2026-06-26T11:15:25-05:00</time><course>180.5247</course><roll>-33.9073</roll><pitch>-3.741269</pitch><mode /></trkpt><trkpt lat="35.0477526" lon="-118.1598645"><ele>935.67</ele><time>2026-06-26T11:15:25-05:00</time><course>184.698</course><roll>-32.33302</roll><pitch>-4.364339</pitch><mode /></trkpt><trkpt lat="35.0477245" lon="-118.1598434"><ele>935.7</ele><time>2026-06-26T11:15:25-05:00</time><course>189.5777</course><roll>-31.06041</roll><pitch>-4.6524</pitch><mode /></trkpt><trkpt lat="35.0476968" lon="-118.1598245"><ele>935.74</ele><time>2026-06-26T11:15:25-05:00</time><course>192.5108</course><roll>-28.70825</roll><pitch>-4.111288</pitch><mode /></trkpt><trkpt lat="35.0476696" lon="-118.1598077"><ele>935.7</ele><time>2026-06-26T11:15:26-05:00</time><course>196.1254</course><roll>-27.34488</roll><pitch>-3.271794</pitch><mode /></trkpt><trkpt lat="35.0476429" lon="-118.1597923"><ele>935.72</ele><time>2026-06-26T11:15:26-05:00</time><course>198.846</course><roll>-26.0708</roll><pitch>-3.005434</pitch><mode /></trkpt><trkpt lat="35.0476166" lon="-118.1597787"><ele>935.72</ele><time>2026-06-26T11:15:26-05:00</time><course>201.9917</course><roll>-27.81733</roll><pitch>-2.891514</pitch><mode /></trkpt><trkpt lat="35.0475909" lon="-118.159767"><ele>935.64</ele><time>2026-06-26T11:15:26-05:00</time><course>204.3957</course><roll>-27.28831</roll><pitch>-2.511901</pitch><mode /></trkpt><trkpt lat="35.0475658" lon="-118.1597565"><ele>935.56</ele><time>2026-06-26T11:15:26-05:00</time><course>207.2762</course><roll>-24.68369</roll><pitch>-2.102588</pitch><mode /></trkpt><trkpt lat="35.0475414" lon="-118.1597469"><ele>935.48</ele><time>2026-06-26T11:15:27-05:00</time><course>211.0459</course><roll>-25.52738</roll><pitch>-2.186554</pitch><mode /></trkpt><trkpt lat="35.0475178" lon="-118.1597391"><ele>935.34</ele><time>2026-06-26T11:15:27-05:00</time><course>212.3681</course><roll>-23.55305</roll><pitch>-2.785012</pitch><mode /></trkpt><trkpt lat="35.0474951" lon="-118.1597327"><ele>935.27</ele><time>2026-06-26T11:15:27-05:00</time><course>216.0638</course><roll>-19.37251</roll><pitch>-2.617118</pitch><mode /></trkpt><trkpt lat="35.047473" lon="-118.159727"><ele>935.25</ele><time>2026-06-26T11:15:27-05:00</time><course>218.4558</course><roll>-20.02671</roll><pitch>-2.93167</pitch><mode /></trkpt><trkpt lat="35.0474518" lon="-118.1597227"><ele>935.21</ele><time>2026-06-26T11:15:27-05:00</time><course>219.7056</course><roll>-20.17637</roll><pitch>-3.346482</pitch><mode /></trkpt><trkpt lat="35.0474312" lon="-118.1597192"><ele>935.17</ele><time>2026-06-26T11:15:28-05:00</time><course>222.3121</course><roll>-20.34547</roll><pitch>-2.708203</pitch><mode /></trkpt><trkpt lat="35.0474111" lon="-118.1597161"><ele>935.07</ele><time>2026-06-26T11:15:28-05:00</time><course>224.2068</course><roll>-20.3179</roll><pitch>-2.599456</pitch><mode /></trkpt><trkpt lat="35.0473917" lon="-118.1597139"><ele>934.84</ele><time>2026-06-26T11:15:28-05:00</time><course>226.8078</course><roll>-16.50409</roll><pitch>-2.59576</pitch><mode /></trkpt><trkpt lat="35.047373" lon="-118.1597126"><ele>934.63</ele><time>2026-06-26T11:15:28-05:00</time><course>227.9372</course><roll>-17.57126</roll><pitch>-4.327162</pitch><mode /></trkpt><trkpt lat="35.0473551" lon="-118.1597118"><ele>934.45</ele><time>2026-06-26T11:15:28-05:00</time><course>228.3512</course><roll>-14.27077</roll><pitch>-5.074129</pitch><mode /></trkpt><trkpt lat="35.0473379" lon="-118.1597113"><ele>934.31</ele><time>2026-06-26T11:15:29-05:00</time><course>231.4416</course><roll>-14.5291</roll><pitch>-5.031621</pitch><mode /></trkpt><trkpt lat="35.0473212" lon="-118.1597116"><ele>934.13</ele><time>2026-06-26T11:15:29-05:00</time><course>233.0398</course><roll>-17.52149</roll><pitch>-5.13622</pitch><mode /></trkpt><trkpt lat="35.0473055" lon="-118.1597126"><ele>934.01</ele><time>2026-06-26T11:15:29-05:00</time><course>233.3508</course><roll>-15.24645</roll><pitch>-5.107997</pitch><mode /></trkpt><trkpt lat="35.0472908" lon="-118.1597141"><ele>933.92</ele><time>2026-06-26T11:15:29-05:00</time><course>233.2019</course><roll>-13.95029</roll><pitch>-4.959858</pitch><mode /></trkpt><trkpt lat="35.0472768" lon="-118.1597161"><ele>933.86</ele><time>2026-06-26T11:15:29-05:00</time><course>232.1815</course><roll>-12.02958</roll><pitch>-4.984264</pitch><mode /></trkpt><trkpt lat="35.0472632" lon="-118.1597183"><ele>933.74</ele><time>2026-06-26T11:15:30-05:00</time><course>234.3185</course><roll>-10.8612</roll><pitch>-4.170346</pitch><mode /></trkpt><trkpt lat="35.0472496" lon="-118.1597206"><ele>933.54</ele><time>2026-06-26T11:15:30-05:00</time><course>236.5512</course><roll>-11.57026</roll><pitch>-4.790434</pitch><mode /></trkpt><trkpt lat="35.0472364" lon="-118.1597232"><ele>933.32</ele><time>2026-06-26T11:15:30-05:00</time><course>237.0112</course><roll>-11.60941</roll><pitch>-5.798877</pitch><mode /></trkpt><trkpt lat="35.0472237" lon="-118.1597263"><ele>933.13</ele><time>2026-06-26T11:15:30-05:00</time><course>237.7704</course><roll>-9.708331</roll><pitch>-6.126045</pitch><mode /></trkpt><trkpt lat="35.0472113" lon="-118.1597296"><ele>932.96</ele><time>2026-06-26T11:15:30-05:00</time><course>239.0455</course><roll>-9.830379</roll><pitch>-5.24103</pitch><mode /></trkpt><trkpt lat="35.0471992" lon="-118.1597334"><ele>932.78</ele><time>2026-06-26T11:15:31-05:00</time><course>239.1923</course><roll>-11.73843</roll><pitch>-6.140132</pitch><mode /></trkpt><trkpt lat="35.0471876" lon="-118.1597377"><ele>932.7</ele><time>2026-06-26T11:15:31-05:00</time><course>238.9633</course><roll>-8.432467</roll><pitch>-6.046826</pitch><mode /></trkpt><trkpt lat="35.0471764" lon="-118.1597424"><ele>932.53</ele><time>2026-06-26T11:15:31-05:00</time><course>240.0034</course><roll>-9.173407</roll><pitch>-5.486519</pitch><mode /></trkpt><trkpt lat="35.0471654" lon="-118.1597473"><ele>932.37</ele><time>2026-06-26T11:15:31-05:00</time><course>241.558</course><roll>-10.72744</roll><pitch>-5.34306</pitch><mode /></trkpt><trkpt lat="35.0471549" lon="-118.1597525"><ele>932.26</ele><time>2026-06-26T11:15:31-05:00</time><course>241.908</course><roll>-10.72391</roll><pitch>-5.671457</pitch><mode /></trkpt><trkpt lat="35.0471445" lon="-118.1597579"><ele>932.25</ele><time>2026-06-26T11:15:32-05:00</time><course>242.8082</course><roll>-11.06316</roll><pitch>-5.622577</pitch><mode /></trkpt><trkpt lat="35.0471344" lon="-118.1597636"><ele>932.28</ele><time>2026-06-26T11:15:32-05:00</time><course>243.6938</course><roll>-9.672766</roll><pitch>-5.141097</pitch><mode /></trkpt><trkpt lat="35.0471245" lon="-118.1597693"><ele>932.3</ele><time>2026-06-26T11:15:32-05:00</time><course>245.0509</course><roll>-8.488124</roll><pitch>-5.276131</pitch><mode /></trkpt><trkpt lat="35.047115" lon="-118.1597752"><ele>932.33</ele><time>2026-06-26T11:15:32-05:00</time><course>245.8501</course><roll>-7.291242</roll><pitch>-5.185536</pitch><mode /></trkpt><trkpt lat="35.0471054" lon="-118.1597815"><ele>932.37</ele><time>2026-06-26T11:15:32-05:00</time><course>249.4962</course><roll>-8.725729</roll><pitch>-5.196885</pitch><mode /></trkpt><trkpt lat="35.0470965" lon="-118.1597877"><ele>932.53</ele><time>2026-06-26T11:15:33-05:00</time><course>248.753</course><roll>-9.243629</roll><pitch>-5.501514</pitch><mode /></trkpt><trkpt lat="35.0470883" lon="-118.1597941"><ele>932.75</ele><time>2026-06-26T11:15:33-05:00</time><course>248.6303</course><roll>-8.499228</roll><pitch>-5.025875</pitch><mode /></trkpt><trkpt lat="35.0470799" lon="-118.1598006"><ele>932.92</ele><time>2026-06-26T11:15:33-05:00</time><course>250.1729</course><roll>-7.874094</roll><pitch>-4.135391</pitch><mode /></trkpt><trkpt lat="35.0470718" lon="-118.1598071"><ele>933.07</ele><time>2026-06-26T11:15:33-05:00</time><course>249.8893</course><roll>-7.179248</roll><pitch>-3.95685</pitch><mode /></trkpt><trkpt lat="35.047064" lon="-118.1598138"><ele>933.16</ele><time>2026-06-26T11:15:33-05:00</time><course>250.484</course><roll>-7.578276</roll><pitch>-4.154223</pitch><mode /></trkpt><trkpt lat="35.0470562" lon="-118.1598206"><ele>933.24</ele><time>2026-06-26T11:15:34-05:00</time><course>251.3853</course><roll>-7.328056</roll><pitch>-4.149089</pitch><mode /></trkpt><trkpt lat="35.0470488" lon="-118.1598274"><ele>933.4</ele><time>2026-06-26T11:15:34-05:00</time><course>251.3731</course><roll>-7.37979</roll><pitch>-4.20759</pitch><mode /></trkpt><trkpt lat="35.0470418" lon="-118.1598344"><ele>933.61</ele><time>2026-06-26T11:15:34-05:00</time><course>249.4563</course><roll>-5.110579</roll><pitch>-4.221894</pitch><mode /></trkpt><trkpt lat="35.047035" lon="-118.1598416"><ele>933.89</ele><time>2026-06-26T11:15:34-05:00</time><course>248.8394</course><roll>-2.938349</roll><pitch>-3.104155</pitch><mode /></trkpt><trkpt lat="35.0470281" lon="-118.1598489"><ele>934.12</ele><time>2026-06-26T11:15:34-05:00</time><course>250.6471</course><roll>-2.502228</roll><pitch>-2.145448</pitch><mode /></trkpt><trkpt lat="35.0470212" lon="-118.1598561"><ele>934.32</ele><time>2026-06-26T11:15:35-05:00</time><course>252.9216</course><roll>-2.99188</roll><pitch>-2.194695</pitch><mode /></trkpt><trkpt lat="35.0470141" lon="-118.1598635"><ele>934.49</ele><time>2026-06-26T11:15:35-05:00</time><course>253.1104</course><roll>-3.635825</roll><pitch>-2.530781</pitch><mode /></trkpt><trkpt lat="35.0470072" lon="-118.1598709"><ele>934.68</ele><time>2026-06-26T11:15:35-05:00</time><course>254.6956</course><roll>-3.351101</roll><pitch>-2.116915</pitch><mode /></trkpt><trkpt lat="35.0470005" lon="-118.1598785"><ele>934.83</ele><time>2026-06-26T11:15:35-05:00</time><course>254.7946</course><roll>-3.776288</roll><pitch>-2.175777</pitch><mode /></trkpt><trkpt lat="35.0469939" lon="-118.1598861"><ele>935.04</ele><time>2026-06-26T11:15:35-05:00</time><course>254.0418</course><roll>-3.941422</roll><pitch>-1.45293</pitch><mode /></trkpt><trkpt lat="35.0469873" lon="-118.1598934"><ele>935.31</ele><time>2026-06-26T11:15:36-05:00</time><course>254.7272</course><roll>-5.519502</roll><pitch>-0.7336553</pitch><mode /></trkpt><trkpt lat="35.0469809" lon="-118.1599006"><ele>935.31</ele><time>2026-06-26T11:15:36-05:00</time><course>255.7323</course><roll>-4.569618</roll><pitch>-1.257218</pitch><mode /></trkpt><trkpt lat="35.0469746" lon="-118.1599077"><ele>935.17</ele><time>2026-06-26T11:15:36-05:00</time><course>257.0983</course><roll>-0.254773</roll><pitch>-1.995099</pitch><mode /></trkpt><trkpt lat="35.046968" lon="-118.1599148"><ele>935.07</ele><time>2026-06-26T11:15:36-05:00</time><course>261.2416</course><roll>0.1965807</roll><pitch>-3.009142</pitch><mode /></trkpt><trkpt lat="35.0469613" lon="-118.1599216"><ele>935.03</ele><time>2026-06-26T11:15:36-05:00</time><course>261.1089</course><roll>0.349771</roll><pitch>-4.232625</pitch><mode /></trkpt><trkpt lat="35.046955" lon="-118.1599286"><ele>935.07</ele><time>2026-06-26T11:15:37-05:00</time><course>258.7705</course><roll>-5.027874</roll><pitch>-5.021307</pitch><mode /></trkpt><trkpt lat="35.0469489" lon="-118.1599353"><ele>935.08</ele><time>2026-06-26T11:15:37-05:00</time><course>258.0365</course><roll>-8.592965</roll><pitch>-4.063293</pitch><mode /></trkpt><trkpt lat="35.0469426" lon="-118.1599417"><ele>934.98</ele><time>2026-06-26T11:15:37-05:00</time><course>259.7524</course><roll>-8.587334</roll><pitch>-2.961075</pitch><mode /></trkpt><trkpt lat="35.0469368" lon="-118.1599483"><ele>934.72</ele><time>2026-06-26T11:15:37-05:00</time><course>261.1917</course><roll>-5.811284</roll><pitch>-3.220698</pitch><mode /></trkpt><trkpt lat="35.0469312" lon="-118.1599546"><ele>934.5</ele><time>2026-06-26T11:15:37-05:00</time><course>262.7004</course><roll>-5.98118</roll><pitch>-4.385512</pitch><mode /></trkpt><trkpt lat="35.0469261" lon="-118.1599612"><ele>934.31</ele><time>2026-06-26T11:15:38-05:00</time><course>261.0812</course><roll>-3.931522</roll><pitch>-6.679716</pitch><mode /></trkpt><trkpt lat="35.0469215" lon="-118.1599679"><ele>934.25</ele><time>2026-06-26T11:15:38-05:00</time><course>258.7568</course><roll>-6.248115</roll><pitch>-6.954438</pitch><mode /></trkpt><trkpt lat="35.0469172" lon="-118.1599744"><ele>934.38</ele><time>2026-06-26T11:15:38-05:00</time><course>256.2749</course><roll>-5.941405</roll><pitch>-6.834873</pitch><mode /></trkpt><trkpt lat="35.0469132" lon="-118.1599807"><ele>934.55</ele><time>2026-06-26T11:15:38-05:00</time><course>255.692</course><roll>-5.433699</roll><pitch>-5.132349</pitch><mode /></trkpt><trkpt lat="35.046909" lon="-118.1599871"><ele>934.52</ele><time>2026-06-26T11:15:38-05:00</time><course>258.4798</course><roll>-4.833917</roll><pitch>-3.93798</pitch><mode /></trkpt><trkpt lat="35.0469045" lon="-118.1599938"><ele>934.38</ele><time>2026-06-26T11:15:39-05:00</time><course>258.8769</course><roll>-5.181937</roll><pitch>-4.868886</pitch><mode /></trkpt><trkpt lat="35.0469003" lon="-118.1600008"><ele>934.36</ele><time>2026-06-26T11:15:39-05:00</time><course>258.2165</course><roll>-6.039043</roll><pitch>-4.960249</pitch><mode /></trkpt><trkpt lat="35.046896" lon="-118.1600078"><ele>934.37</ele><time>2026-06-26T11:15:39-05:00</time><course>260.3612</course><roll>-5.381322</roll><pitch>-5.155772</pitch><mode /></trkpt><trkpt lat="35.0468915" lon="-118.1600151"><ele>934.33</ele><time>2026-06-26T11:15:39-05:00</time><course>261.7525</course><roll>-2.118023</roll><pitch>-5.619752</pitch><mode /></trkpt><trkpt lat="35.0468872" lon="-118.1600227"><ele>934.42</ele><time>2026-06-26T11:15:39-05:00</time><course>263.2239</course><roll>-1.271878</roll><pitch>-5.334113</pitch><mode /></trkpt><trkpt lat="35.0468829" lon="-118.1600303"><ele>934.66</ele><time>2026-06-26T11:15:40-05:00</time><course>261.4146</course><roll>1.649733</roll><pitch>-6.521077</pitch><mode /></trkpt><trkpt lat="35.0468785" lon="-118.1600376"><ele>935.03</ele><time>2026-06-26T11:15:40-05:00</time><course>260.9176</course><roll>3.377674</roll><pitch>-6.792401</pitch><mode /></trkpt><trkpt lat="35.0468737" lon="-118.1600444"><ele>935.43</ele><time>2026-06-26T11:15:40-05:00</time><course>260.6004</course><roll>1.409762</roll><pitch>-7.32852</pitch><mode /></trkpt><trkpt lat="35.0468689" lon="-118.1600506"><ele>935.79</ele><time>2026-06-26T11:15:40-05:00</time><course>259.3592</course><roll>-0.9491049</roll><pitch>-6.417287</pitch><mode /></trkpt><trkpt lat="35.0468644" lon="-118.1600566"><ele>936.1</ele><time>2026-06-26T11:15:40-05:00</time><course>257.8773</course><roll>-3.978724</roll><pitch>-4.880494</pitch><mode /></trkpt><trkpt lat="35.0468596" lon="-118.1600625"><ele>936.26</ele><time>2026-06-26T11:15:41-05:00</time><course>263.0947</course><roll>-7.63023</roll><pitch>-2.145424</pitch><mode /></trkpt><trkpt lat="35.0468546" lon="-118.1600684"><ele>936.28</ele><time>2026-06-26T11:15:41-05:00</time><course>265.6884</course><roll>-9.16589</roll><pitch>-1.06133</pitch><mode /></trkpt><trkpt lat="35.0468502" lon="-118.1600746"><ele>936.19</ele><time>2026-06-26T11:15:41-05:00</time><course>263.5962</course><roll>-8.25617</roll><pitch>-2.2266</pitch><mode /></trkpt><trkpt lat="35.0468466" lon="-118.1600811"><ele>936.12</ele><time>2026-06-26T11:15:41-05:00</time><course>259.1155</course><roll>-5.619632</roll><pitch>-3.394704</pitch><mode /></trkpt><trkpt lat="35.046843" lon="-118.1600878"><ele>936.07</ele><time>2026-06-26T11:15:41-05:00</time><course>261.3558</course><roll>-6.128832</roll><pitch>-2.277648</pitch><mode /></trkpt><trkpt lat="35.0468394" lon="-118.1600947"><ele>935.98</ele><time>2026-06-26T11:15:42-05:00</time><course>261.8928</course><roll>-7.040555</roll><pitch>-2.755907</pitch><mode /></trkpt><trkpt lat="35.0468362" lon="-118.1601017"><ele>935.87</ele><time>2026-06-26T11:15:42-05:00</time><course>262.0116</course><roll>-5.041784</roll><pitch>-2.852712</pitch><mode /></trkpt><trkpt lat="35.0468329" lon="-118.1601087"><ele>935.79</ele><time>2026-06-26T11:15:42-05:00</time><course>264.402</course><roll>-6.562543</roll><pitch>-3.270959</pitch><mode /></trkpt><trkpt lat="35.0468296" lon="-118.1601159"><ele>935.76</ele><time>2026-06-26T11:15:42-05:00</time><course>265.4081</course><roll>-7.372805</roll><pitch>-3.579643</pitch><mode /></trkpt><trkpt lat="35.0468266" lon="-118.1601231"><ele>935.79</ele><time>2026-06-26T11:15:42-05:00</time><course>267.1281</course><roll>-5.912578</roll><pitch>-3.318447</pitch><mode /></trkpt><trkpt lat="35.0468236" lon="-118.1601304"><ele>935.79</ele><time>2026-06-26T11:15:43-05:00</time><course>269.528</course><roll>-2.263322</roll><pitch>-2.95169</pitch><mode /></trkpt><trkpt lat="35.0468208" lon="-118.1601376"><ele>935.75</ele><time>2026-06-26T11:15:43-05:00</time><course>270.3741</course><roll>-5.684669</roll><pitch>-3.720736</pitch><mode /></trkpt><trkpt lat="35.0468183" lon="-118.1601446"><ele>935.74</ele><time>2026-06-26T11:15:43-05:00</time><course>269.1833</course><roll>-5.216077</roll><pitch>-4.474273</pitch><mode /></trkpt><trkpt lat="35.0468158" lon="-118.1601516"><ele>935.82</ele><time>2026-06-26T11:15:43-05:00</time><course>269.0314</course><roll>-2.973473</roll><pitch>-3.650227</pitch><mode /></trkpt><trkpt lat="35.0468134" lon="-118.1601584"><ele>935.93</ele><time>2026-06-26T11:15:43-05:00</time><course>270.1712</course><roll>-4.626827</roll><pitch>-2.577227</pitch><mode /></trkpt><trkpt lat="35.0468109" lon="-118.1601652"><ele>936.09</ele><time>2026-06-26T11:15:44-05:00</time><course>270.2369</course><roll>-6.861114</roll><pitch>-2.391706</pitch><mode /></trkpt><trkpt lat="35.0468085" lon="-118.1601718"><ele>936.06</ele><time>2026-06-26T11:15:44-05:00</time><course>271.3524</course><roll>-8.912905</roll><pitch>-2.308234</pitch><mode /></trkpt><trkpt lat="35.0468067" lon="-118.1601782"><ele>935.88</ele><time>2026-06-26T11:15:44-05:00</time><course>270.5674</course><roll>-4.754482</roll><pitch>-2.934773</pitch><mode /></trkpt><trkpt lat="35.0468049" lon="-118.1601846"><ele>935.8</ele><time>2026-06-26T11:15:44-05:00</time><course>271.7014</course><roll>-2.807065</roll><pitch>-3.430484</pitch><mode /></trkpt><trkpt lat="35.046803" lon="-118.1601915"><ele>935.83</ele><time>2026-06-26T11:15:44-05:00</time><course>271.6898</course><roll>-4.693559</roll><pitch>-3.784553</pitch><mode /></trkpt><trkpt lat="35.0468014" lon="-118.1601986"><ele>935.92</ele><time>2026-06-26T11:15:45-05:00</time><course>269.8963</course><roll>-5.096124</roll><pitch>-3.560062</pitch><mode /></trkpt><trkpt lat="35.0468" lon="-118.1602056"><ele>936.03</ele><time>2026-06-26T11:15:45-05:00</time><course>269.0964</course><roll>-6.322527</roll><pitch>-2.988951</pitch><mode /></trkpt><trkpt lat="35.0467986" lon="-118.1602126"><ele>936.11</ele><time>2026-06-26T11:15:45-05:00</time><course>268.258</course><roll>-2.235196</roll><pitch>-2.202677</pitch><mode /></trkpt><trkpt lat="35.0467971" lon="-118.1602199"><ele>936.18</ele><time>2026-06-26T11:15:45-05:00</time><course>268.7688</course><roll>-1.204956</roll><pitch>-1.062225</pitch><mode /></trkpt><trkpt lat="35.0467955" lon="-118.1602273"><ele>936.21</ele><time>2026-06-26T11:15:45-05:00</time><course>269.5152</course><roll>-0.1838817</roll><pitch>-1.312011</pitch><mode /></trkpt><trkpt lat="35.0467937" lon="-118.1602348"><ele>936.28</ele><time>2026-06-26T11:15:46-05:00</time><course>270.9986</course><roll>1.040499</roll><pitch>-2.178792</pitch><mode /></trkpt><trkpt lat="35.0467917" lon="-118.1602423"><ele>936.45</ele><time>2026-06-26T11:15:46-05:00</time><course>270.3073</course><roll>1.666048</roll><pitch>-3.280391</pitch><mode /></trkpt><trkpt lat="35.0467899" lon="-118.1602501"><ele>936.64</ele><time>2026-06-26T11:15:46-05:00</time><course>266.2845</course><roll>3.12924</roll><pitch>-4.234796</pitch><mode /></trkpt><trkpt lat="35.0467877" lon="-118.1602577"><ele>937.01</ele><time>2026-06-26T11:15:46-05:00</time><course>264.6057</course><roll>3.701221</roll><pitch>-3.552763</pitch><mode /></trkpt><trkpt lat="35.0467851" lon="-118.1602653"><ele>937.35</ele><time>2026-06-26T11:15:46-05:00</time><course>266.1678</course><roll>3.264966</roll><pitch>-2.730962</pitch><mode /></trkpt><trkpt lat="35.0467818" lon="-118.1602724"><ele>937.72</ele><time>2026-06-26T11:15:47-05:00</time><course>266.7385</course><roll>1.470774</roll><pitch>-2.13605</pitch><mode /></trkpt><trkpt lat="35.0467789" lon="-118.1602795"><ele>938.03</ele><time>2026-06-26T11:15:47-05:00</time><course>264.9415</course><roll>-2.015965</roll><pitch>-1.062076</pitch><mode /></trkpt><trkpt lat="35.0467763" lon="-118.1602865"><ele>938.24</ele><time>2026-06-26T11:15:47-05:00</time><course>260.7865</course><roll>-3.806378</roll><pitch>0.06034941</pitch><mode /></trkpt><trkpt lat="35.0467734" lon="-118.1602935"><ele>938.39</ele><time>2026-06-26T11:15:47-05:00</time><course>260.4299</course><roll>-3.417917</roll><pitch>1.63385</pitch><mode /></trkpt><trkpt lat="35.0467703" lon="-118.1603004"><ele>938.47</ele><time>2026-06-26T11:15:47-05:00</time><course>262.8102</course><roll>-3.408131</roll><pitch>2.92455</pitch><mode /></trkpt><trkpt lat="35.0467674" lon="-118.1603074"><ele>938.49</ele><time>2026-06-26T11:15:48-05:00</time><course>263.1473</course><roll>-2.556365</roll><pitch>3.461324</pitch><mode /></trkpt><trkpt lat="35.0467645" lon="-118.1603146"><ele>938.46</ele><time>2026-06-26T11:15:48-05:00</time><course>265.3351</course><roll>-1.905728</roll><pitch>3.499033</pitch><mode /></trkpt><trkpt lat="35.0467617" lon="-118.1603218"><ele>938.33</ele><time>2026-06-26T11:15:48-05:00</time><course>266.1285</course><roll>-1.556824</roll><pitch>1.830047</pitch><mode /></trkpt><trkpt lat="35.0467593" lon="-118.1603292"><ele>938.09</ele><time>2026-06-26T11:15:48-05:00</time><course>263.2517</course><roll>2.929754</roll><pitch>0.2482807</pitch><mode /></trkpt><trkpt lat="35.0467564" lon="-118.1603367"><ele>937.96</ele><time>2026-06-26T11:15:48-05:00</time><course>267.8372</course><roll>1.33316</roll><pitch>-0.1966051</pitch><mode /></trkpt><trkpt lat="35.046753" lon="-118.1603441"><ele>937.92</ele><time>2026-06-26T11:15:49-05:00</time><course>269.1015</course><roll>-4.658381</roll><pitch>-0.2295927</pitch><mode /></trkpt><trkpt lat="35.0467503" lon="-118.1603514"><ele>937.91</ele><time>2026-06-26T11:15:49-05:00</time><course>265.8021</course><roll>-5.206555</roll><pitch>-0.2845027</pitch><mode /></trkpt><trkpt lat="35.0467482" lon="-118.1603586"><ele>937.83</ele><time>2026-06-26T11:15:49-05:00</time><course>264.2567</course><roll>-5.052187</roll><pitch>0.3854853</pitch><mode /></trkpt><trkpt lat="35.0467458" lon="-118.1603654"><ele>937.72</ele><time>2026-06-26T11:15:49-05:00</time><course>267.0611</course><roll>-6.327553</roll><pitch>1.533406</pitch><mode /></trkpt><trkpt lat="35.0467436" lon="-118.1603722"><ele>937.58</ele><time>2026-06-26T11:15:49-05:00</time><course>269.4713</course><roll>-9.623057</roll><pitch>2.508938</pitch><mode /></trkpt><trkpt lat="35.046742" lon="-118.1603793"><ele>937.41</ele><time>2026-06-26T11:15:50-05:00</time><course>267.0583</course><roll>-10.99822</roll><pitch>2.083513</pitch><mode /></trkpt><trkpt lat="35.0467411" lon="-118.1603865"><ele>937.17</ele><time>2026-06-26T11:15:50-05:00</time><course>265.7404</course><roll>-9.223018</roll><pitch>2.000777</pitch><mode /></trkpt><trkpt lat="35.0467403" lon="-118.160394"><ele>936.82</ele><time>2026-06-26T11:15:50-05:00</time><course>268.8415</course><roll>-8.018723</roll><pitch>2.461722</pitch><mode /></trkpt><trkpt lat="35.0467395" lon="-118.1604019"><ele>936.44</ele><time>2026-06-26T11:15:50-05:00</time><course>271.4005</course><roll>-6.212092</roll><pitch>1.474408</pitch><mode /></trkpt><trkpt lat="35.0467393" lon="-118.1604101"><ele>936.1</ele><time>2026-06-26T11:15:50-05:00</time><course>271.5159</course><roll>-7.937508</roll><pitch>-0.4647988</pitch><mode /></trkpt><trkpt lat="35.0467397" lon="-118.1604185"><ele>935.87</ele><time>2026-06-26T11:15:51-05:00</time><course>270.4094</course><roll>-7.463128</roll><pitch>-1.780554</pitch><mode /></trkpt><trkpt lat="35.0467404" lon="-118.1604271"><ele>935.7</ele><time>2026-06-26T11:15:51-05:00</time><course>270.6613</course><roll>-9.850283</roll><pitch>-1.855195</pitch><mode /></trkpt><trkpt lat="35.0467411" lon="-118.1604359"><ele>935.56</ele><time>2026-06-26T11:15:51-05:00</time><course>271.1436</course><roll>-9.445558</roll><pitch>-1.80982</pitch><mode /></trkpt><trkpt lat="35.0467419" lon="-118.160445"><ele>935.5</ele><time>2026-06-26T11:15:51-05:00</time><course>272.6071</course><roll>-8.841048</roll><pitch>-1.104162</pitch><mode /></trkpt><trkpt lat="35.0467432" lon="-118.1604543"><ele>935.49</ele><time>2026-06-26T11:15:51-05:00</time><course>272.4537</course><roll>-6.98997</roll><pitch>-1.212753</pitch><mode /></trkpt><trkpt lat="35.046745" lon="-118.1604638"><ele>935.48</ele><time>2026-06-26T11:15:52-05:00</time><course>270.6875</course><roll>-6.01303</roll><pitch>-1.947941</pitch><mode /></trkpt><trkpt lat="35.0467469" lon="-118.1604734"><ele>935.5</ele><time>2026-06-26T11:15:52-05:00</time><course>270.4879</course><roll>-5.126525</roll><pitch>-1.957301</pitch><mode /></trkpt><trkpt lat="35.0467489" lon="-118.1604831"><ele>935.4</ele><time>2026-06-26T11:15:52-05:00</time><course>270.628</course><roll>-2.803968</roll><pitch>-2.312265</pitch><mode /></trkpt><trkpt lat="35.0467505" lon="-118.1604927"><ele>935.3</ele><time>2026-06-26T11:15:52-05:00</time><course>272.321</course><roll>-3.586597</roll><pitch>-3.273311</pitch><mode /></trkpt><trkpt lat="35.0467523" lon="-118.1605028"><ele>935.21</ele><time>2026-06-26T11:15:52-05:00</time><course>272.7601</course><roll>-6.780996</roll><pitch>-4.426276</pitch><mode /></trkpt><trkpt lat="35.0467545" lon="-118.160513"><ele>935.37</ele><time>2026-06-26T11:15:53-05:00</time><course>269.5361</course><roll>-3.693156</roll><pitch>-3.649274</pitch><mode /></trkpt><trkpt lat="35.0467568" lon="-118.1605232"><ele>935.64</ele><time>2026-06-26T11:15:53-05:00</time><course>269.0546</course><roll>-3.483217</roll><pitch>-2.546317</pitch><mode /></trkpt><trkpt lat="35.0467594" lon="-118.1605333"><ele>935.75</ele><time>2026-06-26T11:15:53-05:00</time><course>268.7689</course><roll>-4.014009</roll><pitch>-2.20016</pitch><mode /></trkpt><trkpt lat="35.0467619" lon="-118.1605432"><ele>935.84</ele><time>2026-06-26T11:15:53-05:00</time><course>267.8833</course><roll>-3.840082</roll><pitch>-2.188639</pitch><mode /></trkpt><trkpt lat="35.0467644" lon="-118.1605534"><ele>935.91</ele><time>2026-06-26T11:15:53-05:00</time><course>266.894</course><roll>-0.9050325</roll><pitch>-1.568727</pitch><mode /></trkpt><trkpt lat="35.0467665" lon="-118.1605634"><ele>935.99</ele><time>2026-06-26T11:15:54-05:00</time><course>271.8526</course><roll>-3.815804</roll><pitch>-0.9673744</pitch><mode /></trkpt><trkpt lat="35.0467685" lon="-118.1605734"><ele>935.88</ele><time>2026-06-26T11:15:54-05:00</time><course>271.8215</course><roll>-3.64038</roll><pitch>-1.993417</pitch><mode /></trkpt><trkpt lat="35.0467711" lon="-118.1605838"><ele>935.66</ele><time>2026-06-26T11:15:54-05:00</time><course>270.8535</course><roll>-2.178881</roll><pitch>-3.541064</pitch><mode /></trkpt><trkpt lat="35.0467736" lon="-118.1605941"><ele>935.54</ele><time>2026-06-26T11:15:54-05:00</time><course>269.7983</course><roll>-0.2855701</roll><pitch>-4.226595</pitch><mode /></trkpt><trkpt lat="35.0467757" lon="-118.1606045"><ele>935.42</ele><time>2026-06-26T11:15:54-05:00</time><course>272.8118</course><roll>-1.847389</roll><pitch>-4.612843</pitch><mode /></trkpt><trkpt lat="35.0467776" lon="-118.1606149"><ele>935.28</ele><time>2026-06-26T11:15:55-05:00</time><course>274.3376</course><roll>-2.272131</roll><pitch>-5.331638</pitch><mode /></trkpt><trkpt lat="35.0467798" lon="-118.1606253"><ele>935.11</ele><time>2026-06-26T11:15:55-05:00</time><course>272.6193</course><roll>-0.7493752</roll><pitch>-6.394639</pitch><mode /></trkpt><trkpt lat="35.0467821" lon="-118.1606359"><ele>934.89</ele><time>2026-06-26T11:15:55-05:00</time><course>271.061</course><roll>-0.1288733</roll><pitch>-6.736629</pitch><mode /></trkpt><trkpt lat="35.0467841" lon="-118.1606466"><ele>934.68</ele><time>2026-06-26T11:15:55-05:00</time><course>271.4709</course><roll>-2.424515</roll><pitch>-7.387616</pitch><mode /></trkpt><trkpt lat="35.0467858" lon="-118.1606572"><ele>934.58</ele><time>2026-06-26T11:15:55-05:00</time><course>273.1539</course><roll>-3.83242</roll><pitch>-8.228055</pitch><mode /></trkpt><trkpt lat="35.0467877" lon="-118.1606672"><ele>934.61</ele><time>2026-06-26T11:15:56-05:00</time><course>273.0869</course><roll>-6.264584</roll><pitch>-8.518453</pitch><mode /></trkpt><trkpt lat="35.0467898" lon="-118.1606767"><ele>934.74</ele><time>2026-06-26T11:15:56-05:00</time><course>271.6946</course><roll>-8.910073</roll><pitch>-8.871698</pitch><mode /></trkpt><trkpt lat="35.0467925" lon="-118.1606856"><ele>935.09</ele><time>2026-06-26T11:15:56-05:00</time><course>268.5535</course><roll>-6.865586</roll><pitch>-7.836786</pitch><mode /></trkpt><trkpt lat="35.0467955" lon="-118.1606943"><ele>935.4</ele><time>2026-06-26T11:15:56-05:00</time><course>268.8272</course><roll>-4.793837</roll><pitch>-6.067301</pitch><mode /></trkpt><trkpt lat="35.0467984" lon="-118.1607026"><ele>935.54</ele><time>2026-06-26T11:15:56-05:00</time><course>269.3085</course><roll>-5.352683</roll><pitch>-5.191519</pitch><mode /></trkpt><trkpt lat="35.0468015" lon="-118.1607109"><ele>935.57</ele><time>2026-06-26T11:15:57-05:00</time><course>266.7694</course><roll>-2.8125</roll><pitch>-5.07142</pitch><mode /></trkpt><trkpt lat="35.0468046" lon="-118.160719"><ele>935.62</ele><time>2026-06-26T11:15:57-05:00</time><course>266.8562</course><roll>-1.365262</roll><pitch>-4.82756</pitch><mode /></trkpt><trkpt lat="35.0468076" lon="-118.1607271"><ele>935.68</ele><time>2026-06-26T11:15:57-05:00</time><course>267.7096</course><roll>-2.178075</roll><pitch>-4.740741</pitch><mode /></trkpt><trkpt lat="35.0468105" lon="-118.1607353"><ele>935.69</ele><time>2026-06-26T11:15:57-05:00</time><course>268.48</course><roll>0.06666722</roll><pitch>-4.541914</pitch><mode /></trkpt><trkpt lat="35.0468135" lon="-118.1607435"><ele>935.65</ele><time>2026-06-26T11:15:57-05:00</time><course>266.1945</course><roll>0.3518033</roll><pitch>-4.147405</pitch><mode /></trkpt><trkpt lat="35.0468164" lon="-118.1607518"><ele>935.58</ele><time>2026-06-26T11:15:58-05:00</time><course>265.8792</course><roll>0.3404315</roll><pitch>-5.033092</pitch><mode /></trkpt><trkpt lat="35.0468188" lon="-118.1607599"><ele>935.54</ele><time>2026-06-26T11:15:58-05:00</time><course>266.9042</course><roll>-0.5834501</roll><pitch>-5.689437</pitch><mode /></trkpt><trkpt lat="35.0468212" lon="-118.1607677"><ele>935.46</ele><time>2026-06-26T11:15:58-05:00</time><course>267.2554</course><roll>-1.254801</roll><pitch>-6.466303</pitch><mode /></trkpt><trkpt lat="35.0468235" lon="-118.1607755"><ele>935.38</ele><time>2026-06-26T11:15:58-05:00</time><course>267.9055</course><roll>-2.437504</roll><pitch>-7.01709</pitch><mode /></trkpt><trkpt lat="35.0468253" lon="-118.1607834"><ele>935.28</ele><time>2026-06-26T11:15:58-05:00</time><course>270.108</course><roll>-4.07444</roll><pitch>-6.968727</pitch><mode /></trkpt><trkpt lat="35.0468274" lon="-118.160791"><ele>935.2</ele><time>2026-06-26T11:15:59-05:00</time><course>269.8097</course><roll>-6.698605</roll><pitch>-7.341067</pitch><mode /></trkpt><trkpt lat="35.0468296" lon="-118.1607987"><ele>935.15</ele><time>2026-06-26T11:15:59-05:00</time><course>270.3608</course><roll>-7.029137</roll><pitch>-6.877171</pitch><mode /></trkpt><trkpt lat="35.046832" lon="-118.1608064"><ele>935.2</ele><time>2026-06-26T11:15:59-05:00</time><course>270.5988</course><roll>-4.365415</roll><pitch>-6.209984</pitch><mode /></trkpt><trkpt lat="35.0468343" lon="-118.160814"><ele>935.26</ele><time>2026-06-26T11:15:59-05:00</time><course>272.9672</course><roll>-2.686174</roll><pitch>-5.671813</pitch><mode /></trkpt><trkpt lat="35.0468363" lon="-118.1608217"><ele>935.28</ele><time>2026-06-26T11:15:59-05:00</time><course>274.3397</course><roll>-2.971275</roll><pitch>-5.661268</pitch><mode /></trkpt><trkpt lat="35.0468386" lon="-118.1608295"><ele>935.28</ele><time>2026-06-26T11:16:00-05:00</time><course>273.0753</course><roll>-2.169502</roll><pitch>-6.596636</pitch><mode /></trkpt><trkpt lat="35.0468407" lon="-118.1608373"><ele>935.3</ele><time>2026-06-26T11:16:00-05:00</time><course>272.9806</course><roll>-1.425316</roll><pitch>-6.953094</pitch><mode /></trkpt><trkpt lat="35.0468425" lon="-118.1608449"><ele>935.41</ele><time>2026-06-26T11:16:00-05:00</time><course>273.2365</course><roll>-3.382623</roll><pitch>-6.389887</pitch><mode /></trkpt><trkpt lat="35.0468443" lon="-118.1608524"><ele>935.63</ele><time>2026-06-26T11:16:00-05:00</time><course>272.2548</course><roll>-0.3034495</roll><pitch>-6.643148</pitch><mode /></trkpt><trkpt lat="35.0468463" lon="-118.1608597"><ele>935.83</ele><time>2026-06-26T11:16:00-05:00</time><course>271.5641</course><roll>-3.069842</roll><pitch>-5.795842</pitch><mode /></trkpt><trkpt lat="35.0468479" lon="-118.1608671"><ele>935.97</ele><time>2026-06-26T11:16:01-05:00</time><course>274.2451</course><roll>-5.309072</roll><pitch>-4.759091</pitch><mode /></trkpt><trkpt lat="35.0468497" lon="-118.1608747"><ele>936.03</ele><time>2026-06-26T11:16:01-05:00</time><course>273.4887</course><roll>-2.248164</roll><pitch>-4.924646</pitch><mode /></trkpt><trkpt lat="35.0468516" lon="-118.1608822"><ele>935.93</ele><time>2026-06-26T11:16:01-05:00</time><course>274.062</course><roll>-4.499408</roll><pitch>-5.499241</pitch><mode /></trkpt><trkpt lat="35.0468538" lon="-118.16089"><ele>935.86</ele><time>2026-06-26T11:16:01-05:00</time><course>271.7327</course><roll>-5.797502</roll><pitch>-6.678428</pitch><mode /></trkpt><trkpt lat="35.0468563" lon="-118.1608978"><ele>936.03</ele><time>2026-06-26T11:16:01-05:00</time><course>270.0593</course><roll>-2.281987</roll><pitch>-5.938422</pitch><mode /></trkpt><trkpt lat="35.0468588" lon="-118.1609056"><ele>936.18</ele><time>2026-06-26T11:16:02-05:00</time><course>271.0777</course><roll>-3.305974</roll><pitch>-5.30072</pitch><mode /></trkpt><trkpt lat="35.0468612" lon="-118.1609131"><ele>936.37</ele><time>2026-06-26T11:16:02-05:00</time><course>271.7589</course><roll>-3.035153</roll><pitch>-4.900119</pitch><mode /></trkpt><trkpt lat="35.0468638" lon="-118.1609206"><ele>936.5</ele><time>2026-06-26T11:16:02-05:00</time><course>270.6332</course><roll>1.12742</roll><pitch>-5.188684</pitch><mode /></trkpt><trkpt lat="35.0468665" lon="-118.1609278"><ele>936.56</ele><time>2026-06-26T11:16:02-05:00</time><course>271.0457</course><roll>2.242248</roll><pitch>-6.482803</pitch><mode /></trkpt><trkpt lat="35.0468686" lon="-118.1609349"><ele>936.72</ele><time>2026-06-26T11:16:02-05:00</time><course>273.6464</course><roll>-3.488152</roll><pitch>-6.769402</pitch><mode /></trkpt><trkpt lat="35.0468707" lon="-118.1609416"><ele>936.91</ele><time>2026-06-26T11:16:03-05:00</time><course>271.3282</course><roll>-10.90139</roll><pitch>-5.805026</pitch><mode /></trkpt><trkpt lat="35.0468735" lon="-118.1609481"><ele>936.97</ele><time>2026-06-26T11:16:03-05:00</time><course>269.6306</course><roll>-8.265958</roll><pitch>-4.753228</pitch><mode /></trkpt><trkpt lat="35.0468761" lon="-118.1609541"><ele>937.11</ele><time>2026-06-26T11:16:03-05:00</time><course>271.343</course><roll>-7.105674</roll><pitch>-2.89859</pitch><mode /></trkpt><trkpt lat="35.0468788" lon="-118.1609604"><ele>937.1</ele><time>2026-06-26T11:16:03-05:00</time><course>274.6655</course><roll>-7.303189</roll><pitch>-1.991884</pitch><mode /></trkpt><trkpt lat="35.046882" lon="-118.160967"><ele>937.03</ele><time>2026-06-26T11:16:03-05:00</time><course>275.925</course><roll>-8.447941</roll><pitch>-2.199726</pitch><mode /></trkpt><trkpt lat="35.0468855" lon="-118.1609738"><ele>937.05</ele><time>2026-06-26T11:16:04-05:00</time><course>275.5167</course><roll>-12.35606</roll><pitch>-2.919426</pitch><mode /></trkpt><trkpt lat="35.0468897" lon="-118.1609804"><ele>937.16</ele><time>2026-06-26T11:16:04-05:00</time><course>273.6366</course><roll>-15.82542</roll><pitch>-4.192059</pitch><mode /></trkpt><trkpt lat="35.0468953" lon="-118.160987"><ele>937.39</ele><time>2026-06-26T11:16:04-05:00</time><course>266.8999</course><roll>-7.134034</roll><pitch>-5.183727</pitch><mode /></trkpt><trkpt lat="35.0469011" lon="-118.1609936"><ele>937.61</ele><time>2026-06-26T11:16:04-05:00</time><course>265.0879</course><roll>-5.185314</roll><pitch>-3.175531</pitch><mode /></trkpt><trkpt lat="35.046906" lon="-118.1610003"><ele>937.69</ele><time>2026-06-26T11:16:04-05:00</time><course>268.8419</course><roll>-9.018301</roll><pitch>-1.154455</pitch><mode /></trkpt><trkpt lat="35.0469114" lon="-118.161007"><ele>937.62</ele><time>2026-06-26T11:16:05-05:00</time><course>267.6662</course><roll>-6.942965</roll><pitch>-1.149509</pitch><mode /></trkpt><trkpt lat="35.0469171" lon="-118.1610141"><ele>937.4</ele><time>2026-06-26T11:16:05-05:00</time><course>268.6965</course><roll>-5.99649</roll><pitch>-1.33106</pitch><mode /></trkpt><trkpt lat="35.0469224" lon="-118.1610219"><ele>937.18</ele><time>2026-06-26T11:16:05-05:00</time><course>271.374</course><roll>-8.032486</roll><pitch>-1.373935</pitch><mode /></trkpt><trkpt lat="35.0469278" lon="-118.1610301"><ele>937.01</ele><time>2026-06-26T11:16:05-05:00</time><course>273.7162</course><roll>-13.18535</roll><pitch>-2.278399</pitch><mode /></trkpt><trkpt lat="35.0469338" lon="-118.1610388"><ele>936.81</ele><time>2026-06-26T11:16:05-05:00</time><course>272.8367</course><roll>-12.07871</roll><pitch>-3.487717</pitch><mode /></trkpt><trkpt lat="35.0469402" lon="-118.1610477"><ele>936.57</ele><time>2026-06-26T11:16:06-05:00</time><course>275.2748</course><roll>-6.26275</roll><pitch>-3.583951</pitch><mode /></trkpt><trkpt lat="35.0469464" lon="-118.1610569"><ele>936.38</ele><time>2026-06-26T11:16:06-05:00</time><course>278.152</course><roll>-5.78702</roll><pitch>-3.826227</pitch><mode /></trkpt><trkpt lat="35.0469532" lon="-118.1610661"><ele>936.3</ele><time>2026-06-26T11:16:06-05:00</time><course>276.2929</course><roll>-4.326387</roll><pitch>-5.050205</pitch><mode /></trkpt><trkpt lat="35.0469605" lon="-118.1610754"><ele>936.45</ele><time>2026-06-26T11:16:06-05:00</time><course>271.8301</course><roll>-4.373316</roll><pitch>-5.258078</pitch><mode /></trkpt><trkpt lat="35.0469678" lon="-118.1610845"><ele>936.5</ele><time>2026-06-26T11:16:06-05:00</time><course>273.2599</course><roll>-3.817788</roll><pitch>-4.479554</pitch><mode /></trkpt><trkpt lat="35.0469748" lon="-118.1610934"><ele>936.41</ele><time>2026-06-26T11:16:07-05:00</time><course>275.4168</course><roll>-5.020884</roll><pitch>-3.659718</pitch><mode /></trkpt><trkpt lat="35.0469819" lon="-118.1611025"><ele>936.28</ele><time>2026-06-26T11:16:07-05:00</time><course>277.4306</course><roll>-4.929489</roll><pitch>-4.204706</pitch><mode /></trkpt><trkpt lat="35.0469889" lon="-118.1611113"><ele>936.22</ele><time>2026-06-26T11:16:07-05:00</time><course>279.3912</course><roll>-6.951949</roll><pitch>-4.821375</pitch><mode /></trkpt><trkpt lat="35.0469964" lon="-118.1611202"><ele>936.12</ele><time>2026-06-26T11:16:07-05:00</time><course>280.2216</course><roll>-6.046946</roll><pitch>-5.346496</pitch><mode /></trkpt><trkpt lat="35.047004" lon="-118.1611289"><ele>936.04</ele><time>2026-06-26T11:16:07-05:00</time><course>279.9203</course><roll>-5.401824</roll><pitch>-5.396793</pitch><mode /></trkpt><trkpt lat="35.0470118" lon="-118.1611379"><ele>935.9</ele><time>2026-06-26T11:16:08-05:00</time><course>280.3004</course><roll>-6.10052</roll><pitch>-6.475325</pitch><mode /></trkpt><trkpt lat="35.0470194" lon="-118.161147"><ele>935.83</ele><time>2026-06-26T11:16:08-05:00</time><course>281.7867</course><roll>-7.725908</roll><pitch>-6.073704</pitch><mode /></trkpt><trkpt lat="35.0470273" lon="-118.1611559"><ele>935.82</ele><time>2026-06-26T11:16:08-05:00</time><course>281.7849</course><roll>-6.883518</roll><pitch>-5.731988</pitch><mode /></trkpt><trkpt lat="35.0470356" lon="-118.1611649"><ele>935.8</ele><time>2026-06-26T11:16:08-05:00</time><course>281.8653</course><roll>-7.713914</roll><pitch>-5.170967</pitch><mode /></trkpt><trkpt lat="35.0470441" lon="-118.1611739"><ele>935.78</ele><time>2026-06-26T11:16:08-05:00</time><course>283.3669</course><roll>-7.495525</roll><pitch>-5.667562</pitch><mode /></trkpt><trkpt lat="35.0470525" lon="-118.1611828"><ele>935.73</ele><time>2026-06-26T11:16:09-05:00</time><course>285.8971</course><roll>-8.175425</roll><pitch>-6.727571</pitch><mode /></trkpt><trkpt lat="35.0470614" lon="-118.1611915"><ele>935.7</ele><time>2026-06-26T11:16:09-05:00</time><course>285.3796</course><roll>-10.17724</roll><pitch>-7.802601</pitch><mode /></trkpt><trkpt lat="35.0470708" lon="-118.1611998"><ele>935.69</ele><time>2026-06-26T11:16:09-05:00</time><course>285.8158</course><roll>-10.5525</roll><pitch>-7.907767</pitch><mode /></trkpt><trkpt lat="35.0470804" lon="-118.1612078"><ele>935.75</ele><time>2026-06-26T11:16:09-05:00</time><course>287.5721</course><roll>-9.53849</roll><pitch>-7.03335</pitch><mode /></trkpt><trkpt lat="35.0470902" lon="-118.1612155"><ele>935.88</ele><time>2026-06-26T11:16:09-05:00</time><course>288.9415</course><roll>-8.740919</roll><pitch>-6.103852</pitch><mode /></trkpt><trkpt lat="35.0471" lon="-118.161223"><ele>936.11</ele><time>2026-06-26T11:16:10-05:00</time><course>292.866</course><roll>-10.94826</roll><pitch>-5.241198</pitch><mode /></trkpt><trkpt lat="35.0471105" lon="-118.1612304"><ele>936.18</ele><time>2026-06-26T11:16:10-05:00</time><course>291.5367</course><roll>-8.052556</roll><pitch>-5.744021</pitch><mode /></trkpt><trkpt lat="35.0471214" lon="-118.1612378"><ele>936.29</ele><time>2026-06-26T11:16:10-05:00</time><course>292.4134</course><roll>-2.872454</roll><pitch>-4.636412</pitch><mode /></trkpt><trkpt lat="35.0471323" lon="-118.1612456"><ele>936.45</ele><time>2026-06-26T11:16:10-05:00</time><course>296.7672</course><roll>-3.492442</roll><pitch>-5.060331</pitch><mode /></trkpt><trkpt lat="35.0471433" lon="-118.1612535"><ele>936.67</ele><time>2026-06-26T11:16:10-05:00</time><course>296.9995</course><roll>-7.573174</roll><pitch>-5.941608</pitch><mode /></trkpt><trkpt lat="35.0471552" lon="-118.1612613"><ele>936.92</ele><time>2026-06-26T11:16:11-05:00</time><course>293.7869</course><roll>-9.364618</roll><pitch>-6.266152</pitch><mode /></trkpt><trkpt lat="35.0471673" lon="-118.1612686"><ele>937.18</ele><time>2026-06-26T11:16:11-05:00</time><course>292.5209</course><roll>-11.09715</roll><pitch>-4.723884</pitch><mode /></trkpt><trkpt lat="35.0471796" lon="-118.1612759"><ele>937.26</ele><time>2026-06-26T11:16:11-05:00</time><course>292.8989</course><roll>-9.912238</roll><pitch>-3.12894</pitch><mode /></trkpt><trkpt lat="35.0471918" lon="-118.161283"><ele>937.28</ele><time>2026-06-26T11:16:11-05:00</time><course>296.773</course><roll>-6.855281</roll><pitch>-1.969857</pitch><mode /></trkpt><trkpt lat="35.0472041" lon="-118.1612901"><ele>937.37</ele><time>2026-06-26T11:16:11-05:00</time><course>298.4575</course><roll>-4.967756</roll><pitch>-2.739998</pitch><mode /></trkpt><trkpt lat="35.0472173" lon="-118.1612971"><ele>937.62</ele><time>2026-06-26T11:16:12-05:00</time><course>295.7646</course><roll>-6.71784</roll><pitch>-4.370787</pitch><mode /></trkpt><trkpt lat="35.0472309" lon="-118.1613035"><ele>938.03</ele><time>2026-06-26T11:16:12-05:00</time><course>295.3156</course><roll>-11.45419</roll><pitch>-3.406031</pitch><mode /></trkpt><trkpt lat="35.0472446" lon="-118.1613097"><ele>938.4</ele><time>2026-06-26T11:16:12-05:00</time><course>294.9378</course><roll>-15.52344</roll><pitch>-1.418398</pitch><mode /></trkpt><trkpt lat="35.0472586" lon="-118.1613156"><ele>938.64</ele><time>2026-06-26T11:16:12-05:00</time><course>294.1129</course><roll>-15.75486</roll><pitch>0.8603102</pitch><mode /></trkpt><trkpt lat="35.0472729" lon="-118.1613209"><ele>938.83</ele><time>2026-06-26T11:16:12-05:00</time><course>294.192</course><roll>-17.29572</roll><pitch>1.849624</pitch><mode /></trkpt><trkpt lat="35.0472881" lon="-118.161326"><ele>938.93</ele><time>2026-06-26T11:16:13-05:00</time><course>295.345</course><roll>-16.27079</roll><pitch>2.114131</pitch><mode /></trkpt><trkpt lat="35.0473038" lon="-118.1613308"><ele>938.87</ele><time>2026-06-26T11:16:13-05:00</time><course>298.1577</course><roll>-17.63905</roll><pitch>2.7542</pitch><mode /></trkpt><trkpt lat="35.0473203" lon="-118.1613352"><ele>938.68</ele><time>2026-06-26T11:16:13-05:00</time><course>298.2773</course><roll>-19.28757</roll><pitch>1.619862</pitch><mode /></trkpt><trkpt lat="35.0473375" lon="-118.1613392"><ele>938.45</ele><time>2026-06-26T11:16:13-05:00</time><course>299.6253</course><roll>-17.76664</roll><pitch>0.8777495</pitch><mode /></trkpt><trkpt lat="35.0473554" lon="-118.1613429"><ele>938.27</ele><time>2026-06-26T11:16:13-05:00</time><course>304.688</course><roll>-16.8862</roll><pitch>2.106187</pitch><mode /></trkpt><trkpt lat="35.0473742" lon="-118.1613462"><ele>938.14</ele><time>2026-06-26T11:16:14-05:00</time><course>309.3169</course><roll>-17.0604</roll><pitch>2.337206</pitch><mode /></trkpt><trkpt lat="35.047394" lon="-118.1613491"><ele>937.93</ele><time>2026-06-26T11:16:14-05:00</time><course>312.792</course><roll>-22.0786</roll><pitch>0.9009766</pitch><mode /></trkpt><trkpt lat="35.0474148" lon="-118.1613511"><ele>937.78</ele><time>2026-06-26T11:16:14-05:00</time><course>313.0984</course><roll>-21.08267</roll><pitch>-1.229208</pitch><mode /></trkpt><trkpt lat="35.0474368" lon="-118.1613521"><ele>937.68</ele><time>2026-06-26T11:16:14-05:00</time><course>315.8579</course><roll>-20.07109</roll><pitch>-0.6726622</pitch><mode /></trkpt><trkpt lat="35.04746" lon="-118.1613518"><ele>937.76</ele><time>2026-06-26T11:16:14-05:00</time><course>318.9921</course><roll>-18.91639</roll><pitch>0.7650393</pitch><mode /></trkpt><trkpt lat="35.047484" lon="-118.1613506"><ele>937.96</ele><time>2026-06-26T11:16:15-05:00</time><course>325.2242</course><roll>-20.9757</roll><pitch>1.662587</pitch><mode /></trkpt><trkpt lat="35.0475084" lon="-118.1613488"><ele>938.05</ele><time>2026-06-26T11:16:15-05:00</time><course>328.6122</course><roll>-22.41074</roll><pitch>1.30404</pitch><mode /></trkpt><trkpt lat="35.0475338" lon="-118.1613453"><ele>938.19</ele><time>2026-06-26T11:16:15-05:00</time><course>330.1919</course><roll>-23.63934</roll><pitch>0.6939393</pitch><mode /></trkpt><trkpt lat="35.0475597" lon="-118.1613404"><ele>938.3</ele><time>2026-06-26T11:16:15-05:00</time><course>332.2245</course><roll>-24.07506</roll><pitch>0.4376758</pitch><mode /></trkpt><trkpt lat="35.0475861" lon="-118.1613342"><ele>938.39</ele><time>2026-06-26T11:16:15-05:00</time><course>335.2921</course><roll>-24.98197</roll><pitch>1.591767</pitch><mode /></trkpt><trkpt lat="35.047613" lon="-118.1613264"><ele>938.5</ele><time>2026-06-26T11:16:16-05:00</time><course>339.0528</course><roll>-26.17187</roll><pitch>2.021409</pitch><mode /></trkpt><trkpt lat="35.0476405" lon="-118.161317"><ele>938.56</ele><time>2026-06-26T11:16:16-05:00</time><course>341.9358</course><roll>-25.75046</roll><pitch>1.861858</pitch><mode /></trkpt><trkpt lat="35.0476685" lon="-118.161306"><ele>938.66</ele><time>2026-06-26T11:16:16-05:00</time><course>348.6584</course><roll>-27.67113</roll><pitch>3.292207</pitch><mode /></trkpt><trkpt lat="35.0476968" lon="-118.1612929"><ele>938.82</ele><time>2026-06-26T11:16:16-05:00</time><course>352.9511</course><roll>-28.16248</roll><pitch>2.468348</pitch><mode /></trkpt><trkpt lat="35.0477254" lon="-118.1612773"><ele>939.02</ele><time>2026-06-26T11:16:16-05:00</time><course>356.081</course><roll>-30.52991</roll><pitch>1.795184</pitch><mode /></trkpt><trkpt lat="35.0477541" lon="-118.1612597"><ele>939.11</ele><time>2026-06-26T11:16:17-05:00</time><course>0.3159948</course><roll>-30.96903</roll><pitch>1.890756</pitch><mode /></trkpt><trkpt lat="35.0477828" lon="-118.1612403"><ele>939.06</ele><time>2026-06-26T11:16:17-05:00</time><course>3.492911</course><roll>-31.73322</roll><pitch>1.946321</pitch><mode /></trkpt><trkpt lat="35.0478115" lon="-118.1612188"><ele>939.03</ele><time>2026-06-26T11:16:17-05:00</time><course>8.565335</course><roll>-30.50222</roll><pitch>2.80987</pitch><mode /></trkpt><trkpt lat="35.0478401" lon="-118.1611947"><ele>939.02</ele><time>2026-06-26T11:16:17-05:00</time><course>12.07884</course><roll>-31.36813</roll><pitch>2.185032</pitch><mode /></trkpt><trkpt lat="35.0478683" lon="-118.1611677"><ele>939.03</ele><time>2026-06-26T11:16:17-05:00</time><course>16.30939</course><roll>-32.98074</roll><pitch>1.577442</pitch><mode /></trkpt><trkpt lat="35.0478958" lon="-118.1611373"><ele>939.21</ele><time>2026-06-26T11:16:18-05:00</time><course>19.50232</course><roll>-39.45413</roll><pitch>2.263318</pitch><mode /></trkpt><trkpt lat="35.0479224" lon="-118.1611042"><ele>939.39</ele><time>2026-06-26T11:16:18-05:00</time><course>23.44102</course><roll>-41.28888</roll><pitch>1.778604</pitch><mode /></trkpt><trkpt lat="35.0479482" lon="-118.1610696"><ele>939.4</ele><time>2026-06-26T11:16:18-05:00</time><course>30.19867</course><roll>-39.17849</roll><pitch>3.313928</pitch><mode /></trkpt><trkpt lat="35.047973" lon="-118.1610325"><ele>939.41</ele><time>2026-06-26T11:16:18-05:00</time><course>38.13815</course><roll>-39.29724</roll><pitch>5.325946</pitch><mode /></trkpt><trkpt lat="35.0479959" lon="-118.160992"><ele>939.52</ele><time>2026-06-26T11:16:18-05:00</time><course>45.14453</course><roll>-38.92562</roll><pitch>5.320467</pitch><mode /></trkpt><trkpt lat="35.0480166" lon="-118.1609482"><ele>939.74</ele><time>2026-06-26T11:16:19-05:00</time><course>52.06652</course><roll>-37.289</roll><pitch>5.63644</pitch><mode /></trkpt><trkpt lat="35.0480355" lon="-118.1609023"><ele>939.96</ele><time>2026-06-26T11:16:19-05:00</time><course>57.56219</course><roll>-29.58491</roll><pitch>5.466777</pitch><mode /></trkpt><trkpt lat="35.0480527" lon="-118.160855"><ele>940.2</ele><time>2026-06-26T11:16:19-05:00</time><course>65.4789</course><roll>-27.66077</roll><pitch>5.756171</pitch><mode /></trkpt><trkpt lat="35.0480684" lon="-118.1608067"><ele>940.43</ele><time>2026-06-26T11:16:19-05:00</time><course>73.67161</course><roll>-29.69219</roll><pitch>6.673612</pitch><mode /></trkpt><trkpt lat="35.0480824" lon="-118.1607578"><ele>940.56</ele><time>2026-06-26T11:16:19-05:00</time><course>78.96909</course><roll>-32.04271</roll><pitch>5.552749</pitch><mode /></trkpt><trkpt lat="35.0480943" lon="-118.1607083"><ele>940.6</ele><time>2026-06-26T11:16:20-05:00</time><course>82.84892</course><roll>-38.37413</roll><pitch>3.506523</pitch><mode /></trkpt><trkpt lat="35.048104" lon="-118.1606581"><ele>940.64</ele><time>2026-06-26T11:16:20-05:00</time><course>85.78342</course><roll>-39.22464</roll><pitch>3.095926</pitch><mode /></trkpt><trkpt lat="35.0481114" lon="-118.1606076"><ele>940.59</ele><time>2026-06-26T11:16:20-05:00</time><course>90.76878</course><roll>-40.94322</roll><pitch>4.596888</pitch><mode /></trkpt><trkpt lat="35.0481167" lon="-118.1605569"><ele>940.44</ele><time>2026-06-26T11:16:20-05:00</time><course>96.46974</course><roll>-43.84404</roll><pitch>5.735846</pitch><mode /></trkpt><trkpt lat="35.0481191" lon="-118.1605061"><ele>940.3</ele><time>2026-06-26T11:16:20-05:00</time><course>102.8171</course><roll>-42.34856</roll><pitch>6.632357</pitch><mode /></trkpt><trkpt lat="35.0481187" lon="-118.1604552"><ele>940.1</ele><time>2026-06-26T11:16:21-05:00</time><course>107.0327</course><roll>-42.39401</roll><pitch>3.511204</pitch><mode /></trkpt><trkpt lat="35.048115" lon="-118.1604052"><ele>939.87</ele><time>2026-06-26T11:16:21-05:00</time><course>108.0932</course><roll>-41.96095</roll><pitch>-0.673799</pitch><mode /></trkpt><trkpt lat="35.0481081" lon="-118.1603562"><ele>939.72</ele><time>2026-06-26T11:16:21-05:00</time><course>113.6052</course><roll>-42.54305</roll><pitch>2.691824</pitch><mode /></trkpt><trkpt lat="35.0480996" lon="-118.1603079"><ele>939.47</ele><time>2026-06-26T11:16:21-05:00</time><course>119.1035</course><roll>-41.92507</roll><pitch>3.835291</pitch><mode /></trkpt><trkpt lat="35.0480895" lon="-118.1602601"><ele>939.04</ele><time>2026-06-26T11:16:21-05:00</time><course>126.1244</course><roll>-40.97069</roll><pitch>4.264153</pitch><mode /></trkpt><trkpt lat="35.0480768" lon="-118.1602136"><ele>938.57</ele><time>2026-06-26T11:16:22-05:00</time><course>132.1858</course><roll>-42.24415</roll><pitch>2.420387</pitch><mode /></trkpt><trkpt lat="35.0480611" lon="-118.1601692"><ele>938.14</ele><time>2026-06-26T11:16:22-05:00</time><course>137.2781</course><roll>-43.71012</roll><pitch>1.166627</pitch><mode /></trkpt><trkpt lat="35.048043" lon="-118.1601267"><ele>937.76</ele><time>2026-06-26T11:16:22-05:00</time><course>143.5205</course><roll>-43.32434</roll><pitch>0.7887708</pitch><mode /></trkpt><trkpt lat="35.0480227" lon="-118.1600861"><ele>937.47</ele><time>2026-06-26T11:16:22-05:00</time><course>150.4497</course><roll>-40.64638</roll><pitch>1.142965</pitch><mode /></trkpt><trkpt lat="35.0480007" lon="-118.1600478"><ele>937.18</ele><time>2026-06-26T11:16:22-05:00</time><course>159.189</course><roll>-37.0442</roll><pitch>2.680113</pitch><mode /></trkpt><trkpt lat="35.0479772" lon="-118.1600126"><ele>936.96</ele><time>2026-06-26T11:16:23-05:00</time><course>166.3635</course><roll>-34.25905</roll><pitch>1.310064</pitch><mode /></trkpt><trkpt lat="35.0479526" lon="-118.1599807"><ele>936.82</ele><time>2026-06-26T11:16:23-05:00</time><course>168.7753</course><roll>-36.53197</roll><pitch>-0.7768226</pitch><mode /></trkpt><trkpt lat="35.047927" lon="-118.1599522"><ele>936.77</ele><time>2026-06-26T11:16:23-05:00</time><course>169.1495</course><roll>-40.79862</roll><pitch>-4.22816</pitch><mode /></trkpt><trkpt lat="35.0479006" lon="-118.1599266"><ele>936.83</ele><time>2026-06-26T11:16:23-05:00</time><course>171.0883</course><roll>-39.83293</roll><pitch>-5.184325</pitch><mode /></trkpt><trkpt lat="35.0478742" lon="-118.1599036"><ele>936.84</ele><time>2026-06-26T11:16:23-05:00</time><course>174.5895</course><roll>-34.63344</roll><pitch>-3.180312</pitch><mode /></trkpt><trkpt lat="35.047848" lon="-118.1598831"><ele>936.77</ele><time>2026-06-26T11:16:24-05:00</time><course>179.5478</course><roll>-30.90095</roll><pitch>-1.289221</pitch><mode /></trkpt><trkpt lat="35.0478222" lon="-118.1598641"><ele>936.62</ele><time>2026-06-26T11:16:24-05:00</time><course>185.5519</course><roll>-27.01135</roll><pitch>0.298667</pitch><mode /></trkpt><trkpt lat="35.047796" lon="-118.1598467"><ele>936.61</ele><time>2026-06-26T11:16:24-05:00</time><course>189.8413</course><roll>-24.23688</roll><pitch>0.9409618</pitch><mode /></trkpt><trkpt lat="35.0477701" lon="-118.1598314"><ele>936.56</ele><time>2026-06-26T11:16:24-05:00</time><course>192.8456</course><roll>-21.95181</roll><pitch>0.7213615</pitch><mode /></trkpt><trkpt lat="35.0477445" lon="-118.1598175"><ele>936.56</ele><time>2026-06-26T11:16:24-05:00</time><course>193.653</course><roll>-17.84906</roll><pitch>0.2648631</pitch><mode /></trkpt><trkpt lat="35.0477192" lon="-118.1598049"><ele>936.59</ele><time>2026-06-26T11:16:25-05:00</time><course>197.2317</course><roll>-16.88716</roll><pitch>0.8620673</pitch><mode /></trkpt><trkpt lat="35.0476943" lon="-118.159793"><ele>936.62</ele><time>2026-06-26T11:16:25-05:00</time><course>199.3082</course><roll>-17.03217</roll><pitch>0.4608145</pitch><mode /></trkpt><trkpt lat="35.0476699" lon="-118.1597822"><ele>936.63</ele><time>2026-06-26T11:16:25-05:00</time><course>201.8341</course><roll>-16.43683</roll><pitch>-0.0660333</pitch><mode /></trkpt><trkpt lat="35.0476461" lon="-118.1597724"><ele>936.68</ele><time>2026-06-26T11:16:25-05:00</time><course>203.3438</course><roll>-14.60198</roll><pitch>0.2113987</pitch><mode /></trkpt><trkpt lat="35.0476229" lon="-118.1597636"><ele>936.68</ele><time>2026-06-26T11:16:25-05:00</time><course>203.8744</course><roll>-10.96202</roll><pitch>-0.288311</pitch><mode /></trkpt><trkpt lat="35.0475999" lon="-118.1597551"><ele>936.74</ele><time>2026-06-26T11:16:26-05:00</time><course>213.2161</course><roll>-9.859188</roll><pitch>0.7701994</pitch><mode /></trkpt><trkpt lat="35.0475775" lon="-118.1597475"><ele>936.75</ele><time>2026-06-26T11:16:26-05:00</time><course>215.5873</course><roll>-9.944809</roll><pitch>-0.2684318</pitch><mode /></trkpt><trkpt lat="35.0475556" lon="-118.1597407"><ele>936.81</ele><time>2026-06-26T11:16:26-05:00</time><course>215.5207</course><roll>-13.70205</roll><pitch>-1.417905</pitch><mode /></trkpt><trkpt lat="35.0475342" lon="-118.1597347"><ele>936.96</ele><time>2026-06-26T11:16:26-05:00</time><course>216.7168</course><roll>-14.58123</roll><pitch>-0.6141889</pitch><mode /></trkpt><trkpt lat="35.0475133" lon="-118.1597291"><ele>937.14</ele><time>2026-06-26T11:16:26-05:00</time><course>217.5582</course><roll>-17.9471</roll><pitch>0.1475238</pitch><mode /></trkpt><trkpt lat="35.0474932" lon="-118.1597247"><ele>937.3</ele><time>2026-06-26T11:16:27-05:00</time><course>216.0406</course><roll>-19.44456</roll><pitch>0.904766</pitch><mode /></trkpt><trkpt lat="35.0474736" lon="-118.1597211"><ele>937.36</ele><time>2026-06-26T11:16:27-05:00</time><course>217.9768</course><roll>-19.63153</roll><pitch>2.474412</pitch><mode /></trkpt><trkpt lat="35.0474542" lon="-118.159718"><ele>937.27</ele><time>2026-06-26T11:16:27-05:00</time><course>220.1752</course><roll>-21.22276</roll><pitch>3.429687</pitch><mode /></trkpt><trkpt lat="35.0474354" lon="-118.1597158"><ele>937.17</ele><time>2026-06-26T11:16:27-05:00</time><course>220.1903</course><roll>-16.24885</roll><pitch>2.927891</pitch><mode /></trkpt><trkpt lat="35.0474171" lon="-118.1597149"><ele>937.04</ele><time>2026-06-26T11:16:27-05:00</time><course>221.607</course><roll>-11.73687</roll><pitch>3.019343</pitch><mode /></trkpt><trkpt lat="35.0473991" lon="-118.159715"><ele>936.95</ele><time>2026-06-26T11:16:28-05:00</time><course>221.1434</course><roll>-12.49495</roll><pitch>2.284251</pitch><mode /></trkpt><trkpt lat="35.0473817" lon="-118.159716"><ele>936.81</ele><time>2026-06-26T11:16:28-05:00</time><course>217.6238</course><roll>-12.32085</roll><pitch>0.05042232</pitch><mode /></trkpt><trkpt lat="35.047365" lon="-118.159718"><ele>936.66</ele><time>2026-06-26T11:16:28-05:00</time><course>213.3436</course><roll>-17.9535</roll><pitch>-1.23061</pitch><mode /></trkpt><trkpt lat="35.0473488" lon="-118.1597208"><ele>936.7</ele><time>2026-06-26T11:16:28-05:00</time><course>214.4167</course><roll>-20.19716</roll><pitch>-0.1825754</pitch><mode /></trkpt><trkpt lat="35.0473331" lon="-118.1597247"><ele>936.82</ele><time>2026-06-26T11:16:28-05:00</time><course>215.4558</course><roll>-20.75973</roll><pitch>1.195365</pitch><mode /></trkpt><trkpt lat="35.0473177" lon="-118.159729"><ele>936.8</ele><time>2026-06-26T11:16:29-05:00</time><course>221.5529</course><roll>-26.7406</roll><pitch>3.148343</pitch><mode /></trkpt><trkpt lat="35.0473026" lon="-118.1597333"><ele>936.58</ele><time>2026-06-26T11:16:29-05:00</time><course>222.8382</course><roll>-21.89812</roll><pitch>3.350596</pitch><mode /></trkpt><trkpt lat="35.0472881" lon="-118.1597386"><ele>936.37</ele><time>2026-06-26T11:16:29-05:00</time><course>222.9189</course><roll>-14.11213</roll><pitch>2.101208</pitch><mode /></trkpt><trkpt lat="35.0472742" lon="-118.1597445"><ele>936.31</ele><time>2026-06-26T11:16:29-05:00</time><course>226.7832</course><roll>-11.01222</roll><pitch>2.469728</pitch><mode /></trkpt><trkpt lat="35.0472605" lon="-118.1597507"><ele>936.3</ele><time>2026-06-26T11:16:29-05:00</time><course>231.7903</course><roll>-8.366219</roll><pitch>2.330426</pitch><mode /></trkpt><trkpt lat="35.0472474" lon="-118.1597573"><ele>936.41</ele><time>2026-06-26T11:16:30-05:00</time><course>231.9707</course><roll>-0.4722156</roll><pitch>3.215864</pitch><mode /></trkpt><trkpt lat="35.0472344" lon="-118.1597639"><ele>936.56</ele><time>2026-06-26T11:16:30-05:00</time><course>233.4868</course><roll>7.644331</roll><pitch>3.553959</pitch><mode /></trkpt><trkpt lat="35.0472217" lon="-118.1597706"><ele>936.37</ele><time>2026-06-26T11:16:30-05:00</time><course>232.4679</course><roll>10.09933</roll><pitch>0.5538158</pitch><mode /></trkpt><trkpt lat="35.0472092" lon="-118.1597769"><ele>936.07</ele><time>2026-06-26T11:16:30-05:00</time><course>229.8463</course><roll>12.00022</roll><pitch>-2.321624</pitch><mode /></trkpt><trkpt lat="35.047196" lon="-118.1597821"><ele>935.97</ele><time>2026-06-26T11:16:30-05:00</time><course>229.126</course><roll>11.04775</roll><pitch>-4.49103</pitch><mode /></trkpt><trkpt lat="35.0471821" lon="-118.1597864"><ele>936.02</ele><time>2026-06-26T11:16:31-05:00</time><course>229.3581</course><roll>5.329428</roll><pitch>-5.348766</pitch><mode /></trkpt><trkpt lat="35.0471681" lon="-118.1597899"><ele>936.29</ele><time>2026-06-26T11:16:31-05:00</time><course>226.9225</course><roll>2.523131</roll><pitch>-4.028349</pitch><mode /></trkpt><trkpt lat="35.0471542" lon="-118.1597925"><ele>936.7</ele><time>2026-06-26T11:16:31-05:00</time><course>226.4321</course><roll>-0.5439957</roll><pitch>-1.306068</pitch><mode /></trkpt><trkpt lat="35.0471402" lon="-118.1597946"><ele>937.03</ele><time>2026-06-26T11:16:31-05:00</time><course>231.5647</course><roll>2.017489</roll><pitch>1.491471</pitch><mode /></trkpt><trkpt lat="35.0471262" lon="-118.1597963"><ele>937.14</ele><time>2026-06-26T11:16:31-05:00</time><course>236.8815</course><roll>2.66066</roll><pitch>2.074182</pitch><mode /></trkpt><trkpt lat="35.0471127" lon="-118.159798"><ele>936.95</ele><time>2026-06-26T11:16:32-05:00</time><course>237.1784</course><roll>-4.38706</roll><pitch>1.282408</pitch><mode /></trkpt><trkpt lat="35.0470998" lon="-118.1598"><ele>936.69</ele><time>2026-06-26T11:16:32-05:00</time><course>235.6839</course><roll>-5.223419</roll><pitch>0.9260484</pitch><mode /></trkpt><trkpt lat="35.047087" lon="-118.1598026"><ele>936.48</ele><time>2026-06-26T11:16:32-05:00</time><course>235.6787</course><roll>-11.30217</roll><pitch>1.857536</pitch><mode /></trkpt><trkpt lat="35.0470745" lon="-118.1598057"><ele>936.28</ele><time>2026-06-26T11:16:32-05:00</time><course>235.425</course><roll>-14.99829</roll><pitch>2.974898</pitch><mode /></trkpt><trkpt lat="35.0470623" lon="-118.1598095"><ele>936.04</ele><time>2026-06-26T11:16:32-05:00</time><course>236.2989</course><roll>-15.14524</roll><pitch>4.51988</pitch><mode /></trkpt><trkpt lat="35.0470505" lon="-118.1598142"><ele>935.72</ele><time>2026-06-26T11:16:33-05:00</time><course>237.6897</course><roll>-9.909729</roll><pitch>5.234791</pitch><mode /></trkpt><trkpt lat="35.0470387" lon="-118.1598195"><ele>935.36</ele><time>2026-06-26T11:16:33-05:00</time><course>241.0965</course><roll>-9.142241</roll><pitch>4.795564</pitch><mode /></trkpt><trkpt lat="35.047027" lon="-118.1598257"><ele>935.05</ele><time>2026-06-26T11:16:33-05:00</time><course>243.961</course><roll>-13.47288</roll><pitch>3.933916</pitch><mode /></trkpt><trkpt lat="35.0470158" lon="-118.1598331"><ele>934.77</ele><time>2026-06-26T11:16:33-05:00</time><course>244.6518</course><roll>-14.01307</roll><pitch>3.727908</pitch><mode /></trkpt><trkpt lat="35.0470049" lon="-118.1598416"><ele>934.59</ele><time>2026-06-26T11:16:33-05:00</time><course>245.5504</course><roll>-13.00852</roll><pitch>3.754759</pitch><mode /></trkpt><trkpt lat="35.0469945" lon="-118.1598509"><ele>934.38</ele><time>2026-06-26T11:16:34-05:00</time><course>246.2178</course><roll>-11.0913</roll><pitch>3.389012</pitch><mode /></trkpt><trkpt lat="35.0469845" lon="-118.1598607"><ele>934.14</ele><time>2026-06-26T11:16:34-05:00</time><course>248.9286</course><roll>-11.56377</roll><pitch>3.329137</pitch><mode /></trkpt><trkpt lat="35.0469746" lon="-118.1598704"><ele>933.85</ele><time>2026-06-26T11:16:34-05:00</time><course>252.8884</course><roll>-12.38231</roll><pitch>2.68789</pitch><mode /></trkpt><trkpt lat="35.0469655" lon="-118.159881"><ele>933.65</ele><time>2026-06-26T11:16:34-05:00</time><course>253.0225</course><roll>-7.216699</roll><pitch>1.564484</pitch><mode /></trkpt><trkpt lat="35.0469571" lon="-118.1598924"><ele>933.74</ele><time>2026-06-26T11:16:34-05:00</time><course>252.3125</course><roll>-3.557196</roll><pitch>0.2811708</pitch><mode /></trkpt><trkpt lat="35.0469488" lon="-118.1599037"><ele>933.98</ele><time>2026-06-26T11:16:35-05:00</time><course>254.9386</course><roll>-5.33436</roll><pitch>-0.4149839</pitch><mode /></trkpt><trkpt lat="35.0469406" lon="-118.1599148"><ele>934.19</ele><time>2026-06-26T11:16:35-05:00</time><course>256.78</course><roll>-4.865737</roll><pitch>-0.1886645</pitch><mode /></trkpt><trkpt lat="35.0469329" lon="-118.1599255"><ele>934.38</ele><time>2026-06-26T11:16:35-05:00</time><course>257.2416</course><roll>-3.873559</roll><pitch>0.2624294</pitch><mode /></trkpt><trkpt lat="35.0469257" lon="-118.1599362"><ele>934.62</ele><time>2026-06-26T11:16:35-05:00</time><course>258.3053</course><roll>-4.302316</roll><pitch>0.9315374</pitch><mode /></trkpt><trkpt lat="35.0469187" lon="-118.1599466"><ele>934.87</ele><time>2026-06-26T11:16:35-05:00</time><course>258.7092</course><roll>-4.901471</roll><pitch>0.8219897</pitch><mode /></trkpt><trkpt lat="35.0469123" lon="-118.159957"><ele>935.05</ele><time>2026-06-26T11:16:36-05:00</time><course>255.7288</course><roll>-4.933073</roll><pitch>1.41232</pitch><mode /></trkpt><trkpt lat="35.0469058" lon="-118.1599673"><ele>935.26</ele><time>2026-06-26T11:16:36-05:00</time><course>256.0249</course><roll>-3.98698</roll><pitch>2.413376</pitch><mode /></trkpt><trkpt lat="35.0468993" lon="-118.1599772"><ele>935.39</ele><time>2026-06-26T11:16:36-05:00</time><course>257.3112</course><roll>-4.329447</roll><pitch>3.20838</pitch><mode /></trkpt><trkpt lat="35.0468932" lon="-118.1599871"><ele>935.37</ele><time>2026-06-26T11:16:36-05:00</time><course>256.903</course><roll>-2.91468</roll><pitch>2.975104</pitch><mode /></trkpt><trkpt lat="35.0468871" lon="-118.159997"><ele>935.3</ele><time>2026-06-26T11:16:36-05:00</time><course>258.9337</course><roll>-2.106413</roll><pitch>2.968271</pitch><mode /></trkpt><trkpt lat="35.0468812" lon="-118.1600069"><ele>935.24</ele><time>2026-06-26T11:16:37-05:00</time><course>257.917</course><roll>-2.189622</roll><pitch>2.172135</pitch><mode /></trkpt><trkpt lat="35.0468757" lon="-118.1600167"><ele>935.15</ele><time>2026-06-26T11:16:37-05:00</time><course>259.1246</course><roll>1.469252</roll><pitch>1.973205</pitch><mode /></trkpt><trkpt lat="35.0468699" lon="-118.1600261"><ele>934.91</ele><time>2026-06-26T11:16:37-05:00</time><course>260.4548</course><roll>-1.525264</roll><pitch>0.5691245</pitch><mode /></trkpt><trkpt lat="35.0468641" lon="-118.1600354"><ele>934.74</ele><time>2026-06-26T11:16:37-05:00</time><course>260.7882</course><roll>0.6958084</roll><pitch>0.1859071</pitch><mode /></trkpt><trkpt lat="35.0468587" lon="-118.1600449"><ele>934.67</ele><time>2026-06-26T11:16:37-05:00</time><course>260.6381</course><roll>-3.089818</roll><pitch>0.0007603387</pitch><mode /></trkpt><trkpt lat="35.0468533" lon="-118.1600543"><ele>934.62</ele><time>2026-06-26T11:16:38-05:00</time><course>258.943</course><roll>-5.297843</roll><pitch>0.3082998</pitch><mode /></trkpt><trkpt lat="35.0468479" lon="-118.1600634"><ele>934.57</ele><time>2026-06-26T11:16:38-05:00</time><course>258.8229</course><roll>-7.119476</roll><pitch>0.2135788</pitch><mode /></trkpt><trkpt lat="35.0468431" lon="-118.1600726"><ele>934.48</ele><time>2026-06-26T11:16:38-05:00</time><course>256.9795</course><roll>-7.673754</roll><pitch>0.06686616</pitch><mode /></trkpt><trkpt lat="35.0468389" lon="-118.1600817"><ele>934.42</ele><time>2026-06-26T11:16:38-05:00</time><course>257.3026</course><roll>-12.886</roll><pitch>1.253468</pitch><mode /></trkpt><trkpt lat="35.0468347" lon="-118.1600908"><ele>934.3</ele><time>2026-06-26T11:16:38-05:00</time><course>257.5723</course><roll>-14.03299</roll><pitch>2.739809</pitch><mode /></trkpt><trkpt lat="35.0468309" lon="-118.1601"><ele>934.04</ele><time>2026-06-26T11:16:39-05:00</time><course>260.9279</course><roll>-12.61005</roll><pitch>3.301606</pitch><mode /></trkpt><trkpt lat="35.0468276" lon="-118.1601095"><ele>933.74</ele><time>2026-06-26T11:16:39-05:00</time><course>262.1887</course><roll>-14.33448</roll><pitch>2.67735</pitch><mode /></trkpt><trkpt lat="35.0468252" lon="-118.1601197"><ele>933.44</ele><time>2026-06-26T11:16:39-05:00</time><course>262.2404</course><roll>-12.12579</roll><pitch>1.357657</pitch><mode /></trkpt><trkpt lat="35.0468231" lon="-118.1601302"><ele>933.21</ele><time>2026-06-26T11:16:39-05:00</time><course>263.2505</course><roll>-11.72665</roll><pitch>0.4041538</pitch><mode /></trkpt><trkpt lat="35.0468212" lon="-118.1601409"><ele>933.02</ele><time>2026-06-26T11:16:39-05:00</time><course>265.5031</course><roll>-8.931889</roll><pitch>-0.1909386</pitch><mode /></trkpt><trkpt lat="35.04682" lon="-118.1601514"><ele>932.86</ele><time>2026-06-26T11:16:40-05:00</time><course>265.145</course><roll>-6.85528</roll><pitch>-1.017388</pitch><mode /></trkpt><trkpt lat="35.0468194" lon="-118.1601619"><ele>932.72</ele><time>2026-06-26T11:16:40-05:00</time><course>262.5847</course><roll>-4.05417</roll><pitch>-2.033537</pitch><mode /></trkpt><trkpt lat="35.0468192" lon="-118.1601721"><ele>932.82</ele><time>2026-06-26T11:16:40-05:00</time><course>261.2972</course><roll>-2.483454</roll><pitch>-1.465344</pitch><mode /></trkpt><trkpt lat="35.0468189" lon="-118.1601822"><ele>933.18</ele><time>2026-06-26T11:16:40-05:00</time><course>262.6968</course><roll>-1.853195</roll><pitch>-1.078122</pitch><mode /></trkpt><trkpt lat="35.0468187" lon="-118.1601922"><ele>933.39</ele><time>2026-06-26T11:16:40-05:00</time><course>262.9752</course><roll>0.8515662</roll><pitch>-0.5989927</pitch><mode /></trkpt><trkpt lat="35.0468186" lon="-118.1602016"><ele>933.42</ele><time>2026-06-26T11:16:41-05:00</time><course>263.5854</course><roll>4.013225</roll><pitch>-1.215278</pitch><mode /></trkpt><trkpt lat="35.046818" lon="-118.1602104"><ele>933.31</ele><time>2026-06-26T11:16:41-05:00</time><course>264.0495</course><roll>4.976753</roll><pitch>-1.825344</pitch><mode /></trkpt><trkpt lat="35.0468169" lon="-118.1602189"><ele>933.24</ele><time>2026-06-26T11:16:41-05:00</time><course>264.205</course><roll>5.692721</roll><pitch>-3.479241</pitch><mode /></trkpt><trkpt lat="35.0468153" lon="-118.1602274"><ele>933.25</ele><time>2026-06-26T11:16:41-05:00</time><course>264.6763</course><roll>1.812562</roll><pitch>-4.595986</pitch><mode /></trkpt><trkpt lat="35.0468134" lon="-118.1602356"><ele>933.4</ele><time>2026-06-26T11:16:41-05:00</time><course>265.5378</course><roll>0.9723105</roll><pitch>-4.33847</pitch><mode /></trkpt><trkpt lat="35.0468118" lon="-118.1602432"><ele>933.53</ele><time>2026-06-26T11:16:42-05:00</time><course>265.1351</course><roll>-1.295803</roll><pitch>-3.70892</pitch><mode /></trkpt><trkpt lat="35.04681" lon="-118.1602507"><ele>933.64</ele><time>2026-06-26T11:16:42-05:00</time><course>265.108</course><roll>-2.220115</roll><pitch>-2.435813</pitch><mode /></trkpt><trkpt lat="35.0468081" lon="-118.1602577"><ele>933.72</ele><time>2026-06-26T11:16:42-05:00</time><course>266.8078</course><roll>-2.551378</roll><pitch>-1.396773</pitch><mode /></trkpt><trkpt lat="35.0468063" lon="-118.1602647"><ele>933.75</ele><time>2026-06-26T11:16:42-05:00</time><course>266.5751</course><roll>-4.063893</roll><pitch>-1.252056</pitch><mode /></trkpt><trkpt lat="35.0468048" lon="-118.1602715"><ele>933.74</ele><time>2026-06-26T11:16:42-05:00</time><course>265.1197</course><roll>-5.206612</roll><pitch>-1.110624</pitch><mode /></trkpt><trkpt lat="35.0468034" lon="-118.1602782"><ele>933.73</ele><time>2026-06-26T11:16:43-05:00</time><course>264.17</course><roll>-6.165068</roll><pitch>-0.5332515</pitch><mode /></trkpt><trkpt lat="35.0468019" lon="-118.1602851"><ele>933.71</ele><time>2026-06-26T11:16:43-05:00</time><course>264.623</course><roll>-2.951792</roll><pitch>0.030185</pitch><mode /></trkpt><trkpt lat="35.0468004" lon="-118.1602921"><ele>933.71</ele><time>2026-06-26T11:16:43-05:00</time><course>266.5491</course><roll>-2.366197</roll><pitch>0.8136119</pitch><mode /></trkpt><trkpt lat="35.0467989" lon="-118.1602992"><ele>933.71</ele><time>2026-06-26T11:16:43-05:00</time><course>267.3799</course><roll>-1.60419</roll><pitch>1.419426</pitch><mode /></trkpt><trkpt lat="35.0467974" lon="-118.1603066"><ele>933.67</ele><time>2026-06-26T11:16:43-05:00</time><course>267.8814</course><roll>-0.4361034</roll><pitch>2.910947</pitch><mode /></trkpt><trkpt lat="35.0467958" lon="-118.1603142"><ele>933.53</ele><time>2026-06-26T11:16:44-05:00</time><course>267.9611</course><roll>-1.360497</roll><pitch>4.266627</pitch><mode /></trkpt><trkpt lat="35.0467944" lon="-118.1603219"><ele>933.25</ele><time>2026-06-26T11:16:44-05:00</time><course>266.2926</course><roll>-0.1980181</roll><pitch>6.479966</pitch><mode /></trkpt><trkpt lat="35.0467929" lon="-118.1603298"><ele>932.86</ele><time>2026-06-26T11:16:44-05:00</time><course>266.6226</course><roll>0.255723</roll><pitch>8.289164</pitch><mode /></trkpt><trkpt lat="35.0467911" lon="-118.1603381"><ele>932.38</ele><time>2026-06-26T11:16:44-05:00</time><course>266.2081</course><roll>-1.763085</roll><pitch>7.849892</pitch><mode /></trkpt><trkpt lat="35.0467894" lon="-118.160347"><ele>931.81</ele><time>2026-06-26T11:16:44-05:00</time><course>264.4922</course><roll>-0.4206361</roll><pitch>6.841382</pitch><mode /></trkpt><trkpt lat="35.0467875" lon="-118.1603564"><ele>931.29</ele><time>2026-06-26T11:16:45-05:00</time><course>265.6765</course><roll>-0.4895796</roll><pitch>7.495893</pitch><mode /></trkpt><trkpt lat="35.0467855" lon="-118.1603661"><ele>930.76</ele><time>2026-06-26T11:16:45-05:00</time><course>263.7926</course><roll>0.4315248</roll><pitch>7.335402</pitch><mode /></trkpt><trkpt lat="35.0467835" lon="-118.1603762"><ele>930.23</ele><time>2026-06-26T11:16:45-05:00</time><course>262.0292</course><roll>2.182465</roll><pitch>7.312089</pitch><mode /></trkpt><trkpt lat="35.0467811" lon="-118.1603866"><ele>929.72</ele><time>2026-06-26T11:16:45-05:00</time><course>262.7635</course><roll>1.233576</roll><pitch>7.349247</pitch><mode /></trkpt><trkpt lat="35.0467782" lon="-118.1603972"><ele>929.21</ele><time>2026-06-26T11:16:45-05:00</time><course>263.4889</course><roll>0.6673456</roll><pitch>7.325857</pitch><mode /></trkpt><trkpt lat="35.0467753" lon="-118.1604083"><ele>928.67</ele><time>2026-06-26T11:16:46-05:00</time><course>262.8561</course><roll>-2.161537</roll><pitch>7.940226</pitch><mode /></trkpt><trkpt lat="35.0467724" lon="-118.1604197"><ele>928.12</ele><time>2026-06-26T11:16:46-05:00</time><course>262.8763</course><roll>-2.959413</roll><pitch>8.578596</pitch><mode /></trkpt><trkpt lat="35.0467697" lon="-118.1604313"><ele>927.54</ele><time>2026-06-26T11:16:46-05:00</time><course>260.2889</course><roll>-1.265623</roll><pitch>9.455046</pitch><mode /></trkpt><trkpt lat="35.0467669" lon="-118.1604431"><ele>926.93</ele><time>2026-06-26T11:16:46-05:00</time><course>260.7218</course><roll>-4.326836</roll><pitch>10.04497</pitch><mode /></trkpt><trkpt lat="35.0467637" lon="-118.1604551"><ele>926.21</ele><time>2026-06-26T11:16:46-05:00</time><course>262.5669</course><roll>-3.204925</roll><pitch>10.20149</pitch><mode /></trkpt><trkpt lat="35.0467609" lon="-118.1604671"><ele>925.45</ele><time>2026-06-26T11:16:47-05:00</time><course>260.6426</course><roll>-1.117641</roll><pitch>9.793055</pitch><mode /></trkpt><trkpt lat="35.0467581" lon="-118.160479"><ele>924.7</ele><time>2026-06-26T11:16:47-05:00</time><course>261.0997</course><roll>0.899649</roll><pitch>9.761134</pitch><mode /></trkpt><trkpt lat="35.046755" lon="-118.1604908"><ele>923.91</ele><time>2026-06-26T11:16:47-05:00</time><course>263.0183</course><roll>3.175079</roll><pitch>9.789689</pitch><mode /></trkpt><trkpt lat="35.0467517" lon="-118.1605024"><ele>922.99</ele><time>2026-06-26T11:16:47-05:00</time><course>265.0699</course><roll>2.441766</roll><pitch>9.08572</pitch><mode /></trkpt><trkpt lat="35.0467481" lon="-118.1605142"><ele>922.08</ele><time>2026-06-26T11:16:47-05:00</time><course>265.1341</course><roll>-0.6345786</roll><pitch>9.096888</pitch><mode /></trkpt><trkpt lat="35.0467445" lon="-118.1605268"><ele>921.42</ele><time>2026-06-26T11:16:48-05:00</time><course>264.4228</course><roll>-0.4020291</roll><pitch>9.16829</pitch><mode /></trkpt><trkpt lat="35.0467411" lon="-118.1605405"><ele>921.07</ele><time>2026-06-26T11:16:48-05:00</time><course>262.2304</course><roll>-1.095807</roll><pitch>8.462486</pitch><mode /></trkpt><trkpt lat="35.0467378" lon="-118.1605547"><ele>920.81</ele><time>2026-06-26T11:16:48-05:00</time><course>261.4454</course><roll>-6.205917</roll><pitch>6.496273</pitch><mode /></trkpt><trkpt lat="35.0467342" lon="-118.1605696"><ele>920.57</ele><time>2026-06-26T11:16:48-05:00</time><course>263.0424</course><roll>-8.791318</roll><pitch>5.331604</pitch><mode /></trkpt><trkpt lat="35.0467312" lon="-118.1605845"><ele>920.49</ele><time>2026-06-26T11:16:48-05:00</time><course>264.7526</course><roll>-14.10457</roll><pitch>4.199895</pitch><mode /></trkpt><trkpt lat="35.0467296" lon="-118.1605996"><ele>920.53</ele><time>2026-06-26T11:16:49-05:00</time><course>263.2809</course><roll>-12.8175</roll><pitch>1.70041</pitch><mode /></trkpt><trkpt lat="35.0467291" lon="-118.1606144"><ele>920.69</ele><time>2026-06-26T11:16:49-05:00</time><course>264.0634</course><roll>-10.51009</roll><pitch>1.268991</pitch><mode /></trkpt><trkpt lat="35.0467294" lon="-118.160629"><ele>920.85</ele><time>2026-06-26T11:16:49-05:00</time><course>265.3001</course><roll>-5.629161</roll><pitch>2.546905</pitch><mode /></trkpt><trkpt lat="35.0467303" lon="-118.160643"><ele>920.97</ele><time>2026-06-26T11:16:49-05:00</time><course>265.2437</course><roll>-6.949646</roll><pitch>4.735586</pitch><mode /></trkpt><trkpt lat="35.0467313" lon="-118.1606568"><ele>920.98</ele><time>2026-06-26T11:16:49-05:00</time><course>264.3941</course><roll>-5.624148</roll><pitch>7.065112</pitch><mode /></trkpt><trkpt lat="35.0467326" lon="-118.1606705"><ele>920.89</ele><time>2026-06-26T11:16:50-05:00</time><course>265.6336</course><roll>-3.188939</roll><pitch>8.722477</pitch><mode /></trkpt><trkpt lat="35.0467337" lon="-118.1606844"><ele>920.81</ele><time>2026-06-26T11:16:50-05:00</time><course>267.2969</course><roll>-3.46474</roll><pitch>9.80156</pitch><mode /></trkpt><trkpt lat="35.046735" lon="-118.1606987"><ele>920.66</ele><time>2026-06-26T11:16:50-05:00</time><course>267.4415</course><roll>-6.043355</roll><pitch>10.95023</pitch><mode /></trkpt><trkpt lat="35.0467367" lon="-118.1607133"><ele>920.39</ele><time>2026-06-26T11:16:50-05:00</time><course>266.0614</course><roll>-6.483948</roll><pitch>12.30811</pitch><mode /></trkpt><trkpt lat="35.0467385" lon="-118.1607281"><ele>920.01</ele><time>2026-06-26T11:16:50-05:00</time><course>264.2224</course><roll>-6.074182</roll><pitch>13.78374</pitch><mode /></trkpt><trkpt lat="35.0467405" lon="-118.160743"><ele>919.48</ele><time>2026-06-26T11:16:51-05:00</time><course>266.5371</course><roll>-1.841001</roll><pitch>16.21167</pitch><mode /></trkpt><trkpt lat="35.0467423" lon="-118.1607583"><ele>918.85</ele><time>2026-06-26T11:16:51-05:00</time><course>268.68</course><roll>-3.13042</roll><pitch>16.28748</pitch><mode /></trkpt><trkpt lat="35.0467438" lon="-118.1607739"><ele>918.08</ele><time>2026-06-26T11:16:51-05:00</time><course>272.4866</course><roll>-6.987798</roll><pitch>15.04473</pitch><mode /></trkpt><trkpt lat="35.0467456" lon="-118.1607896"><ele>917.16</ele><time>2026-06-26T11:16:51-05:00</time><course>271.3362</course><roll>-7.131112</roll><pitch>14.25864</pitch><mode /></trkpt><trkpt lat="35.0467487" lon="-118.1608059"><ele>916.21</ele><time>2026-06-26T11:16:51-05:00</time><course>265.6514</course><roll>-7.337291</roll><pitch>13.81444</pitch><mode /></trkpt><trkpt lat="35.0467515" lon="-118.1608223"><ele>915.32</ele><time>2026-06-26T11:16:52-05:00</time><course>269.2765</course><roll>-2.199831</roll><pitch>15.94656</pitch><mode /></trkpt><trkpt lat="35.0467544" lon="-118.1608385"><ele>914.24</ele><time>2026-06-26T11:16:52-05:00</time><course>269.544</course><roll>-2.323579</roll><pitch>15.75983</pitch><mode /></trkpt><trkpt lat="35.0467577" lon="-118.1608548"><ele>913.14</ele><time>2026-06-26T11:16:52-05:00</time><course>269.2277</course><roll>-0.3804751</roll><pitch>13.90117</pitch><mode /></trkpt><trkpt lat="35.046761" lon="-118.1608711"><ele>912.11</ele><time>2026-06-26T11:16:52-05:00</time><course>269.2321</course><roll>-0.615126</roll><pitch>12.81303</pitch><mode /></trkpt><trkpt lat="35.0467644" lon="-118.1608877"><ele>911.17</ele><time>2026-06-26T11:16:52-05:00</time><course>269.5479</course><roll>0.5604862</roll><pitch>12.37448</pitch><mode /></trkpt><trkpt lat="35.0467676" lon="-118.1609042"><ele>910.29</ele><time>2026-06-26T11:16:53-05:00</time><course>269.9041</course><roll>0.2338245</roll><pitch>12.21417</pitch><mode /></trkpt><trkpt lat="35.0467707" lon="-118.1609204"><ele>909.49</ele><time>2026-06-26T11:16:53-05:00</time><course>270.7215</course><roll>-1.838619</roll><pitch>12.15236</pitch><mode /></trkpt><trkpt lat="35.046774" lon="-118.1609367"><ele>908.72</ele><time>2026-06-26T11:16:53-05:00</time><course>270.6736</course><roll>-4.515431</roll><pitch>12.11847</pitch><mode /></trkpt><trkpt lat="35.0467775" lon="-118.1609531"><ele>907.96</ele><time>2026-06-26T11:16:53-05:00</time><course>270.6798</course><roll>-3.256893</roll><pitch>11.53258</pitch><mode /></trkpt><trkpt lat="35.0467813" lon="-118.1609694"><ele>907.21</ele><time>2026-06-26T11:16:53-05:00</time><course>270.2028</course><roll>0.1291901</roll><pitch>11.7539</pitch><mode /></trkpt><trkpt lat="35.0467852" lon="-118.1609856"><ele>906.45</ele><time>2026-06-26T11:16:54-05:00</time><course>269.8318</course><roll>1.967414</roll><pitch>12.51454</pitch><mode /></trkpt><trkpt lat="35.046789" lon="-118.1610017"><ele>905.66</ele><time>2026-06-26T11:16:54-05:00</time><course>268.972</course><roll>3.090611</roll><pitch>14.0379</pitch><mode /></trkpt><trkpt lat="35.0467924" lon="-118.161018"><ele>904.79</ele><time>2026-06-26T11:16:54-05:00</time><course>271.3126</course><roll>2.906973</roll><pitch>15.84405</pitch><mode /></trkpt><trkpt lat="35.0467956" lon="-118.161034"><ele>903.72</ele><time>2026-06-26T11:16:54-05:00</time><course>272.8908</course><roll>0.9665141</roll><pitch>17.18885</pitch><mode /></trkpt><trkpt lat="35.0467989" lon="-118.16105"><ele>902.5</ele><time>2026-06-26T11:16:54-05:00</time><course>273.9674</course><roll>2.310302</roll><pitch>17.43402</pitch><mode /></trkpt><trkpt lat="35.0468023" lon="-118.1610664"><ele>901.23</ele><time>2026-06-26T11:16:55-05:00</time><course>274.066</course><roll>1.603035</roll><pitch>17.36403</pitch><mode /></trkpt><trkpt lat="35.0468054" lon="-118.1610831"><ele>899.94</ele><time>2026-06-26T11:16:55-05:00</time><course>274.4744</course><roll>0.3626162</roll><pitch>16.85604</pitch><mode /></trkpt><trkpt lat="35.0468088" lon="-118.1610998"><ele>898.59</ele><time>2026-06-26T11:16:55-05:00</time><course>271.1031</course><roll>1.755864</roll><pitch>16.01733</pitch><mode /></trkpt><trkpt lat="35.0468123" lon="-118.1611169"><ele>897.29</ele><time>2026-06-26T11:16:55-05:00</time><course>271.8937</course><roll>3.074678</roll><pitch>16.60303</pitch><mode /></trkpt><trkpt lat="35.0468152" lon="-118.1611342"><ele>896.04</ele><time>2026-06-26T11:16:55-05:00</time><course>272.6371</course><roll>1.821361</roll><pitch>16.95539</pitch><mode /></trkpt><trkpt lat="35.0468184" lon="-118.1611514"><ele>894.75</ele><time>2026-06-26T11:16:56-05:00</time><course>270.1064</course><roll>2.595662</roll><pitch>16.90954</pitch><mode /></trkpt><trkpt lat="35.0468215" lon="-118.1611688"><ele>893.47</ele><time>2026-06-26T11:16:56-05:00</time><course>270.995</course><roll>2.242118</roll><pitch>17.47545</pitch><mode /></trkpt><trkpt lat="35.0468244" lon="-118.1611865"><ele>892.21</ele><time>2026-06-26T11:16:56-05:00</time><course>270.4314</course><roll>1.741365</roll><pitch>19.07712</pitch><mode /></trkpt><trkpt lat="35.0468272" lon="-118.1612038"><ele>890.87</ele><time>2026-06-26T11:16:56-05:00</time><course>271.9071</course><roll>1.598398</roll><pitch>20.43849</pitch><mode /></trkpt><trkpt lat="35.0468301" lon="-118.1612208"><ele>889.4</ele><time>2026-06-26T11:16:56-05:00</time><course>270.4651</course><roll>2.828202</roll><pitch>20.41222</pitch><mode /></trkpt><trkpt lat="35.0468332" lon="-118.1612383"><ele>887.99</ele><time>2026-06-26T11:16:57-05:00</time><course>270.7</course><roll>3.826664</roll><pitch>19.22999</pitch><mode /></trkpt><trkpt lat="35.0468358" lon="-118.1612563"><ele>886.66</ele><time>2026-06-26T11:16:57-05:00</time><course>271.6632</course><roll>4.798083</roll><pitch>18.77796</pitch><mode /></trkpt><trkpt lat="35.0468384" lon="-118.1612745"><ele>885.37</ele><time>2026-06-26T11:16:57-05:00</time><course>270.9508</course><roll>4.127706</roll><pitch>18.22558</pitch><mode /></trkpt><trkpt lat="35.0468408" lon="-118.1612932"><ele>884.13</ele><time>2026-06-26T11:16:57-05:00</time><course>270.8469</course><roll>1.193968</roll><pitch>17.61243</pitch><mode /></trkpt><trkpt lat="35.046843" lon="-118.1613119"><ele>882.96</ele><time>2026-06-26T11:16:57-05:00</time><course>270.8889</course><roll>-2.529633</roll><pitch>17.94944</pitch><mode /></trkpt><trkpt lat="35.0468456" lon="-118.1613307"><ele>881.76</ele><time>2026-06-26T11:16:58-05:00</time><course>269.4691</course><roll>-3.620519</roll><pitch>19.1847</pitch><mode /></trkpt><trkpt lat="35.0468485" lon="-118.1613493"><ele>880.49</ele><time>2026-06-26T11:16:58-05:00</time><course>269.1604</course><roll>-0.638993</roll><pitch>21.2583</pitch><mode /></trkpt><trkpt lat="35.0468512" lon="-118.1613674"><ele>879.02</ele><time>2026-06-26T11:16:58-05:00</time><course>269.6525</course><roll>0.4901354</roll><pitch>23.46479</pitch><mode /></trkpt><trkpt lat="35.0468541" lon="-118.1613853"><ele>877.44</ele><time>2026-06-26T11:16:58-05:00</time><course>270.1733</course><roll>1.245707</roll><pitch>23.60877</pitch><mode /></trkpt><trkpt lat="35.046857" lon="-118.1614036"><ele>875.9</ele><time>2026-06-26T11:16:58-05:00</time><course>271.0499</course><roll>-1.654248</roll><pitch>22.98636</pitch><mode /></trkpt><trkpt lat="35.0468599" lon="-118.1614227"><ele>874.46</ele><time>2026-06-26T11:16:59-05:00</time><course>272.7011</course><roll>-7.148685</roll><pitch>21.30419</pitch><mode /></trkpt><trkpt lat="35.046863" lon="-118.1614425"><ele>873.09</ele><time>2026-06-26T11:16:59-05:00</time><course>274.9178</course><roll>-11.23413</roll><pitch>19.66656</pitch><mode /></trkpt><trkpt lat="35.0468671" lon="-118.1614624"><ele>871.78</ele><time>2026-06-26T11:16:59-05:00</time><course>275.9441</course><roll>-15.76085</roll><pitch>16.9796</pitch><mode /></trkpt><trkpt lat="35.0468728" lon="-118.1614829"><ele>870.66</ele><time>2026-06-26T11:16:59-05:00</time><course>278.2854</course><roll>-23.15975</roll><pitch>16.31793</pitch><mode /></trkpt><trkpt lat="35.0468804" lon="-118.1615029"><ele>869.67</ele><time>2026-06-26T11:16:59-05:00</time><course>279.0802</course><roll>-33.33447</roll><pitch>15.80438</pitch><mode /></trkpt><trkpt lat="35.0468902" lon="-118.1615221"><ele>868.67</ele><time>2026-06-26T11:17:00-05:00</time><course>281.8663</course><roll>-38.72023</roll><pitch>13.74575</pitch><mode /></trkpt><trkpt lat="35.0469026" lon="-118.1615407"><ele>867.72</ele><time>2026-06-26T11:17:00-05:00</time><course>284.6233</course><roll>-36.89091</roll><pitch>12.96654</pitch><mode /></trkpt><trkpt lat="35.0469173" lon="-118.1615586"><ele>866.82</ele><time>2026-06-26T11:17:00-05:00</time><course>288.7737</course><roll>-37.2102</roll><pitch>12.90319</pitch><mode /></trkpt><trkpt lat="35.0469339" lon="-118.1615757"><ele>865.88</ele><time>2026-06-26T11:17:00-05:00</time><course>293.554</course><roll>-38.89526</roll><pitch>14.16026</pitch><mode /></trkpt><trkpt lat="35.0469526" lon="-118.1615918"><ele>864.88</ele><time>2026-06-26T11:17:00-05:00</time><course>297.7781</course><roll>-35.39958</roll><pitch>13.63989</pitch><mode /></trkpt><trkpt lat="35.0469737" lon="-118.1616067"><ele>863.92</ele><time>2026-06-26T11:17:01-05:00</time><course>303.2672</course><roll>-36.68063</roll><pitch>13.42105</pitch><mode /></trkpt><trkpt lat="35.0469967" lon="-118.1616199"><ele>862.92</ele><time>2026-06-26T11:17:01-05:00</time><course>306.6664</course><roll>-36.54694</roll><pitch>12.92978</pitch><mode /></trkpt><trkpt lat="35.0470212" lon="-118.1616316"><ele>861.86</ele><time>2026-06-26T11:17:01-05:00</time><course>310.7627</course><roll>-37.06597</roll><pitch>12.77372</pitch><mode /></trkpt><trkpt lat="35.0470477" lon="-118.1616414"><ele>860.81</ele><time>2026-06-26T11:17:01-05:00</time><course>316.3743</course><roll>-37.09231</roll><pitch>12.91499</pitch><mode /></trkpt><trkpt lat="35.0470765" lon="-118.1616491"><ele>859.8</ele><time>2026-06-26T11:17:01-05:00</time><course>320.7017</course><roll>-34.80329</roll><pitch>11.90404</pitch><mode /></trkpt><trkpt lat="35.0471072" lon="-118.1616545"><ele>858.87</ele><time>2026-06-26T11:17:02-05:00</time><course>328.1532</course><roll>-34.97441</roll><pitch>10.8916</pitch><mode /></trkpt><trkpt lat="35.0471397" lon="-118.1616568"><ele>858.06</ele><time>2026-06-26T11:17:02-05:00</time><course>331.3709</course><roll>-40.40916</roll><pitch>8.265085</pitch><mode /></trkpt><trkpt lat="35.0471743" lon="-118.1616554"><ele>857.32</ele><time>2026-06-26T11:17:02-05:00</time><course>336.9472</course><roll>-44.81331</roll><pitch>6.787531</pitch><mode /></trkpt><trkpt lat="35.0472103" lon="-118.1616502"><ele>856.59</ele><time>2026-06-26T11:17:02-05:00</time><course>342.6198</course><roll>-47.5979</roll><pitch>7.02913</pitch><mode /></trkpt><trkpt lat="35.0472477" lon="-118.161641"><ele>856</ele><time>2026-06-26T11:17:02-05:00</time><course>349.8676</course><roll>-48.86253</roll><pitch>8.880739</pitch><mode /></trkpt><trkpt lat="35.0472859" lon="-118.1616273"><ele>855.35</ele><time>2026-06-26T11:17:03-05:00</time><course>355.17</course><roll>-48.87655</roll><pitch>5.710039</pitch><mode /></trkpt><trkpt lat="35.0473242" lon="-118.1616098"><ele>854.63</ele><time>2026-06-26T11:17:03-05:00</time><course>359.2081</course><roll>-48.51849</roll><pitch>4.675711</pitch><mode /></trkpt><trkpt lat="35.0473623" lon="-118.161588"><ele>853.82</ele><time>2026-06-26T11:17:03-05:00</time><course>5.079508</course><roll>-47.6669</roll><pitch>5.63967</pitch><mode /></trkpt><trkpt lat="35.0473998" lon="-118.1615617"><ele>853.17</ele><time>2026-06-26T11:17:03-05:00</time><course>11.31573</course><roll>-46.32539</roll><pitch>4.994687</pitch><mode /></trkpt><trkpt lat="35.0474365" lon="-118.1615309"><ele>852.48</ele><time>2026-06-26T11:17:03-05:00</time><course>20.56224</course><roll>-39.98391</roll><pitch>5.944385</pitch><mode /></trkpt><trkpt lat="35.0474721" lon="-118.1614964"><ele>851.92</ele><time>2026-06-26T11:17:04-05:00</time><course>31.09714</course><roll>-42.28831</roll><pitch>4.574925</pitch><mode /></trkpt><trkpt lat="35.0475056" lon="-118.1614573"><ele>851.56</ele><time>2026-06-26T11:17:04-05:00</time><course>36.47755</course><roll>-45.86266</roll><pitch>2.624188</pitch><mode /></trkpt><trkpt lat="35.0475369" lon="-118.1614142"><ele>851.27</ele><time>2026-06-26T11:17:04-05:00</time><course>43.07931</course><roll>-44.05902</roll><pitch>0.6713369</pitch><mode /></trkpt><trkpt lat="35.0475654" lon="-118.1613676"><ele>851.05</ele><time>2026-06-26T11:17:04-05:00</time><course>48.23547</course><roll>-45.58632</roll><pitch>-0.5370209</pitch><mode /></trkpt><trkpt lat="35.0475909" lon="-118.1613182"><ele>850.95</ele><time>2026-06-26T11:17:04-05:00</time><course>54.22887</course><roll>-47.02958</roll><pitch>-1.095388</pitch><mode /></trkpt><trkpt lat="35.0476138" lon="-118.1612665"><ele>850.82</ele><time>2026-06-26T11:17:05-05:00</time><course>61.80417</course><roll>-42.42416</roll><pitch>0.1250808</pitch><mode /></trkpt><trkpt lat="35.0476335" lon="-118.1612129"><ele>850.67</ele><time>2026-06-26T11:17:05-05:00</time><course>64.96879</course><roll>-40.68402</roll><pitch>-0.5215974</pitch><mode /></trkpt><trkpt lat="35.0476507" lon="-118.1611582"><ele>850.56</ele><time>2026-06-26T11:17:05-05:00</time><course>70.13628</course><roll>-42.00972</roll><pitch>0.04390958</pitch><mode /></trkpt><trkpt lat="35.0476651" lon="-118.1611029"><ele>850.73</ele><time>2026-06-26T11:17:05-05:00</time><course>73.94004</course><roll>-38.39294</roll><pitch>0.3977931</pitch><mode /></trkpt><trkpt lat="35.0476775" lon="-118.1610471"><ele>850.74</ele><time>2026-06-26T11:17:05-05:00</time><course>78.42494</course><roll>-35.36823</roll><pitch>-0.1562933</pitch><mode /></trkpt><trkpt lat="35.0476883" lon="-118.1609917"><ele>850.52</ele><time>2026-06-26T11:17:06-05:00</time><course>82.10976</course><roll>-31.27963</roll><pitch>-0.4747564</pitch><mode /></trkpt><trkpt lat="35.0476965" lon="-118.1609359"><ele>850.37</ele><time>2026-06-26T11:17:06-05:00</time><course>84.24889</course><roll>-28.00324</roll><pitch>-0.733543</pitch><mode /></trkpt><trkpt lat="35.0477029" lon="-118.1608805"><ele>850.2</ele><time>2026-06-26T11:17:06-05:00</time><course>85.63008</course><roll>-23.46984</roll><pitch>-1.170424</pitch><mode /></trkpt><trkpt lat="35.0477077" lon="-118.1608249"><ele>850.1</ele><time>2026-06-26T11:17:06-05:00</time><course>88.32688</course><roll>-22.13258</roll><pitch>-1.490032</pitch><mode /></trkpt><trkpt lat="35.047711" lon="-118.1607697"><ele>850.07</ele><time>2026-06-26T11:17:06-05:00</time><course>91.74732</course><roll>-21.77169</roll><pitch>-1.214123</pitch><mode /></trkpt><trkpt lat="35.047713" lon="-118.1607144"><ele>850.09</ele><time>2026-06-26T11:17:07-05:00</time><course>95.29767</course><roll>-19.80594</roll><pitch>0.6729729</pitch><mode /></trkpt><trkpt lat="35.047714" lon="-118.1606594"><ele>850.1</ele><time>2026-06-26T11:17:07-05:00</time><course>96.85071</course><roll>-17.73125</roll><pitch>2.058544</pitch><mode /></trkpt><trkpt lat="35.0477143" lon="-118.1606049"><ele>850.01</ele><time>2026-06-26T11:17:07-05:00</time><course>97.23718</course><roll>-17.93216</roll><pitch>3.734154</pitch><mode /></trkpt><trkpt lat="35.0477149" lon="-118.1605511"><ele>849.63</ele><time>2026-06-26T11:17:07-05:00</time><course>98.2207</course><roll>-12.62476</roll><pitch>4.261792</pitch><mode /></trkpt><trkpt lat="35.0477156" lon="-118.1604438"><ele>848.85</ele><time>2026-06-26T11:17:08-05:00</time><course>94.68362</course><roll>7.61639</roll><pitch>4.54676</pitch><mode /></trkpt><trkpt lat="35.047717" lon="-118.1603906"><ele>848.7</ele><time>2026-06-26T11:17:08-05:00</time><course>89.24673</course><roll>12.83465</roll><pitch>5.07693</pitch><mode /></trkpt><trkpt lat="35.0477191" lon="-118.1603376"><ele>848.77</ele><time>2026-06-26T11:17:08-05:00</time><course>88.14517</course><roll>22.59318</roll><pitch>3.748914</pitch><mode /></trkpt><trkpt lat="35.0477233" lon="-118.1602853"><ele>848.9</ele><time>2026-06-26T11:17:08-05:00</time><course>86.37551</course><roll>29.03261</roll><pitch>0.2253796</pitch><mode /></trkpt><trkpt lat="35.0477289" lon="-118.1602335"><ele>848.95</ele><time>2026-06-26T11:17:08-05:00</time><course>76.85671</course><roll>37.58785</roll><pitch>-0.2907137</pitch><mode /></trkpt><trkpt lat="35.0477373" lon="-118.1601819"><ele>848.93</ele><time>2026-06-26T11:17:09-05:00</time><course>71.08775</course><roll>42.48076</roll><pitch>-6.197536</pitch><mode /></trkpt><trkpt lat="35.04775" lon="-118.1601319"><ele>849.01</ele><time>2026-06-26T11:17:09-05:00</time><course>65.5572</course><roll>48.8511</roll><pitch>-10.1246</pitch><mode /></trkpt><trkpt lat="35.0477673" lon="-118.1600854"><ele>849.28</ele><time>2026-06-26T11:17:09-05:00</time><course>55.47454</course><roll>53.05181</roll><pitch>-13.48614</pitch><mode /></trkpt><trkpt lat="35.0477887" lon="-118.1600433"><ele>849.73</ele><time>2026-06-26T11:17:09-05:00</time><course>43.47972</course><roll>52.42097</roll><pitch>-16.53005</pitch><mode /></trkpt><trkpt lat="35.0478134" lon="-118.1600067"><ele>850.34</ele><time>2026-06-26T11:17:09-05:00</time><course>33.92882</course><roll>49.43342</roll><pitch>-20.04093</pitch><mode /></trkpt><trkpt lat="35.0478401" lon="-118.1599743"><ele>850.9</ele><time>2026-06-26T11:17:10-05:00</time><course>20.01396</course><roll>48.45351</roll><pitch>-16.36059</pitch><mode /></trkpt><trkpt lat="35.0478668" lon="-118.159945"><ele>851.48</ele><time>2026-06-26T11:17:10-05:00</time><course>13.3139</course><roll>50.29924</roll><pitch>-15.04075</pitch><mode /></trkpt><trkpt lat="35.0478943" lon="-118.1599207"><ele>852.04</ele><time>2026-06-26T11:17:10-05:00</time><course>5.886303</course><roll>44.44304</roll><pitch>-13.80029</pitch><mode /></trkpt><trkpt lat="35.0479218" lon="-118.1599009"><ele>852.64</ele><time>2026-06-26T11:17:10-05:00</time><course>1.947621</course><roll>46.61129</roll><pitch>-13.53188</pitch><mode /></trkpt><trkpt lat="35.047949" lon="-118.1598859"><ele>853.25</ele><time>2026-06-26T11:17:10-05:00</time><course>356.3573</course><roll>39.89349</roll><pitch>-12.3595</pitch><mode /></trkpt><trkpt lat="35.0479761" lon="-118.1598747"><ele>853.94</ele><time>2026-06-26T11:17:11-05:00</time><course>347.8061</course><roll>39.56822</roll><pitch>-7.080337</pitch><mode /></trkpt><trkpt lat="35.048003" lon="-118.159866"><ele>854.53</ele><time>2026-06-26T11:17:11-05:00</time><course>343.5172</course><roll>40.67036</roll><pitch>-3.847338</pitch><mode /></trkpt><trkpt lat="35.04803" lon="-118.1598605"><ele>854.96</ele><time>2026-06-26T11:17:11-05:00</time><course>339.626</course><roll>45.64945</roll><pitch>-3.056308</pitch><mode /></trkpt><trkpt lat="35.0480565" lon="-118.1598582"><ele>855.23</ele><time>2026-06-26T11:17:11-05:00</time><course>334.9754</course><roll>39.32162</roll><pitch>-3.823096</pitch><mode /></trkpt><trkpt lat="35.0480819" lon="-118.1598593"><ele>855.57</ele><time>2026-06-26T11:17:11-05:00</time><course>329.7251</course><roll>38.34069</roll><pitch>-2.205903</pitch><mode /></trkpt><trkpt lat="35.0481067" lon="-118.1598631"><ele>855.9</ele><time>2026-06-26T11:17:12-05:00</time><course>324.2164</course><roll>36.2818</roll><pitch>-0.8351331</pitch><mode /></trkpt><trkpt lat="35.0481307" lon="-118.159869"><ele>856.16</ele><time>2026-06-26T11:17:12-05:00</time><course>320.9471</course><roll>36.29725</roll><pitch>-0.5141771</pitch><mode /></trkpt><trkpt lat="35.0481536" lon="-118.1598774"><ele>856.36</ele><time>2026-06-26T11:17:12-05:00</time><course>316.7184</course><roll>35.31472</roll><pitch>-0.1273534</pitch><mode /></trkpt><trkpt lat="35.048175" lon="-118.1598884"><ele>856.64</ele><time>2026-06-26T11:17:12-05:00</time><course>311.2213</course><roll>35.00191</roll><pitch>0.7135116</pitch><mode /></trkpt><trkpt lat="35.0481954" lon="-118.1599014"><ele>856.82</ele><time>2026-06-26T11:17:12-05:00</time><course>305.6008</course><roll>34.1227</roll><pitch>1.968844</pitch><mode /></trkpt><trkpt lat="35.0482144" lon="-118.1599164"><ele>857</ele><time>2026-06-26T11:17:13-05:00</time><course>299.1675</course><roll>31.97476</roll><pitch>4.377282</pitch><mode /></trkpt><trkpt lat="35.0482317" lon="-118.1599331"><ele>857.13</ele><time>2026-06-26T11:17:13-05:00</time><course>294.8792</course><roll>34.30401</roll><pitch>5.91771</pitch><mode /></trkpt><trkpt lat="35.0482472" lon="-118.1599517"><ele>857.16</ele><time>2026-06-26T11:17:13-05:00</time><course>291.9946</course><roll>35.57042</roll><pitch>5.952704</pitch><mode /></trkpt><trkpt lat="35.0482611" lon="-118.1599716"><ele>857.11</ele><time>2026-06-26T11:17:13-05:00</time><course>289.3044</course><roll>36.55281</roll><pitch>4.833658</pitch><mode /></trkpt><trkpt lat="35.0482729" lon="-118.1599924"><ele>857.03</ele><time>2026-06-26T11:17:13-05:00</time><course>285.075</course><roll>38.97366</roll><pitch>5.698394</pitch><mode /></trkpt><trkpt lat="35.048283" lon="-118.1600144"><ele>856.72</ele><time>2026-06-26T11:17:14-05:00</time><course>279.267</course><roll>39.098</roll><pitch>4.670814</pitch><mode /></trkpt><trkpt lat="35.0482908" lon="-118.1600368"><ele>856.32</ele><time>2026-06-26T11:17:14-05:00</time><course>274.1591</course><roll>36.69797</roll><pitch>4.011561</pitch><mode /></trkpt><trkpt lat="35.0482956" lon="-118.1600599"><ele>856.04</ele><time>2026-06-26T11:17:14-05:00</time><course>267.5993</course><roll>37.08145</roll><pitch>1.63668</pitch><mode /></trkpt><trkpt lat="35.0482969" lon="-118.1600833"><ele>855.83</ele><time>2026-06-26T11:17:14-05:00</time><course>263.6476</course><roll>31.64333</roll><pitch>-4.066449</pitch><mode /></trkpt><trkpt lat="35.0482944" lon="-118.160106"><ele>855.91</ele><time>2026-06-26T11:17:14-05:00</time><course>259.2214</course><roll>27.04594</roll><pitch>-7.548213</pitch><mode /></trkpt><trkpt lat="35.0482897" lon="-118.1601279"><ele>856.01</ele><time>2026-06-26T11:17:15-05:00</time><course>254.2395</course><roll>20.88014</roll><pitch>-10.98112</pitch><mode /></trkpt><trkpt lat="35.048283" lon="-118.1601484"><ele>856.31</ele><time>2026-06-26T11:17:15-05:00</time><course>253.7953</course><roll>15.95163</roll><pitch>-12.08836</pitch><mode /></trkpt><trkpt lat="35.0482749" lon="-118.1601671"><ele>856.84</ele><time>2026-06-26T11:17:15-05:00</time><course>253.0179</course><roll>0.01256137</roll><pitch>-11.51893</pitch><mode /></trkpt><trkpt lat="35.0482673" lon="-118.1601844"><ele>857.5</ele><time>2026-06-26T11:17:15-05:00</time><course>246.8565</course><roll>-3.3396</roll><pitch>-7.567216</pitch><mode /></trkpt><trkpt lat="35.04826" lon="-118.1602016"><ele>858.18</ele><time>2026-06-26T11:17:15-05:00</time><course>242.1567</course><roll>-0.990813</roll><pitch>-0.4744331</pitch><mode /></trkpt><trkpt lat="35.0482526" lon="-118.1602189"><ele>858.39</ele><time>2026-06-26T11:17:16-05:00</time><course>241.9665</course><roll>0.3730697</roll><pitch>8.434508</pitch><mode /></trkpt><trkpt lat="35.0482447" lon="-118.160236"><ele>858.21</ele><time>2026-06-26T11:17:16-05:00</time><course>244.5334</course><roll>2.071945</roll><pitch>12.15724</pitch><mode /></trkpt><trkpt lat="35.0482366" lon="-118.1602533"><ele>857.53</ele><time>2026-06-26T11:17:16-05:00</time><course>254.9275</course><roll>1.428257</roll><pitch>12.42013</pitch><mode /></trkpt><trkpt lat="35.0482282" lon="-118.1602712"><ele>856.66</ele><time>2026-06-26T11:17:16-05:00</time><course>255.4129</course><roll>3.546825</roll><pitch>8.137591</pitch><mode /></trkpt><trkpt lat="35.0482196" lon="-118.1602903"><ele>856.02</ele><time>2026-06-26T11:17:16-05:00</time><course>254.6368</course><roll>-1.845972</roll><pitch>2.143904</pitch><mode /></trkpt><trkpt lat="35.0482113" lon="-118.1603106"><ele>855.84</ele><time>2026-06-26T11:17:17-05:00</time><course>252.4168</course><roll>-4.88111</roll><pitch>-0.9845293</pitch><mode /></trkpt><trkpt lat="35.0482028" lon="-118.1603316"><ele>856</ele><time>2026-06-26T11:17:17-05:00</time><course>255.9027</course><roll>-5.838586</roll><pitch>-2.082906</pitch><mode /></trkpt><trkpt lat="35.0481947" lon="-118.1603529"><ele>856.11</ele><time>2026-06-26T11:17:17-05:00</time><course>256.3609</course><roll>-6.325013</roll><pitch>-3.798389</pitch><mode /></trkpt><trkpt lat="35.0481873" lon="-118.1603738"><ele>856.39</ele><time>2026-06-26T11:17:17-05:00</time><course>259.655</course><roll>-8.638679</roll><pitch>-3.617744</pitch><mode /></trkpt><trkpt lat="35.0481802" lon="-118.1603943"><ele>856.9</ele><time>2026-06-26T11:17:17-05:00</time><course>260.9477</course><roll>-14.09102</roll><pitch>-3.204525</pitch><mode /></trkpt><trkpt lat="35.0481738" lon="-118.160415"><ele>857.5</ele><time>2026-06-26T11:17:18-05:00</time><course>262.079</course><roll>-15.08625</roll><pitch>-2.509143</pitch><mode /></trkpt><trkpt lat="35.0481691" lon="-118.160436"><ele>858.1</ele><time>2026-06-26T11:17:18-05:00</time><course>260.4219</course><roll>-17.52594</roll><pitch>-2.1942</pitch><mode /></trkpt><trkpt lat="35.0481663" lon="-118.1604572"><ele>858.51</ele><time>2026-06-26T11:17:18-05:00</time><course>257.5221</course><roll>-17.16768</roll><pitch>-1.852252</pitch><mode /></trkpt><trkpt lat="35.0481636" lon="-118.1604786"><ele>858.81</ele><time>2026-06-26T11:17:18-05:00</time><course>258.5902</course><roll>-16.89648</roll><pitch>-1.586826</pitch><mode /></trkpt><trkpt lat="35.0481613" lon="-118.1605001"><ele>859.04</ele><time>2026-06-26T11:17:18-05:00</time><course>260.266</course><roll>-20.07796</roll><pitch>-2.242258</pitch><mode /></trkpt><trkpt lat="35.0481629" lon="-118.1605424"><ele>859.42</ele><time>2026-06-26T11:17:19-05:00</time><course>267.0908</course><roll>-26.18544</roll><pitch>-0.2708063</pitch><mode /></trkpt><trkpt lat="35.0481656" lon="-118.1605629"><ele>859.43</ele><time>2026-06-26T11:17:19-05:00</time><course>268.2909</course><roll>-27.58941</roll><pitch>0.1447528</pitch><mode /></trkpt><trkpt lat="35.0481696" lon="-118.1605826"><ele>859.24</ele><time>2026-06-26T11:17:19-05:00</time><course>269.1656</course><roll>-31.24079</roll><pitch>1.043232</pitch><mode /></trkpt><trkpt lat="35.0481746" lon="-118.1606024"><ele>858.87</ele><time>2026-06-26T11:17:19-05:00</time><course>274.1593</course><roll>-36.40145</roll><pitch>4.886318</pitch><mode /></trkpt><trkpt lat="35.0481812" lon="-118.1606228"><ele>858.45</ele><time>2026-06-26T11:17:20-05:00</time><course>277.3766</course><roll>-54.44125</roll><pitch>6.929887</pitch><mode /></trkpt><trkpt lat="35.0481902" lon="-118.1606422"><ele>858.1</ele><time>2026-06-26T11:17:20-05:00</time><course>276.9138</course><roll>-47.35249</roll><pitch>7.443113</pitch><mode /></trkpt><trkpt lat="35.0482014" lon="-118.1606611"><ele>857.6</ele><time>2026-06-26T11:17:20-05:00</time><course>274.3543</course><roll>-40.23272</roll><pitch>5.916024</pitch><mode /></trkpt><trkpt lat="35.0482142" lon="-118.1606792"><ele>857.1</ele><time>2026-06-26T11:17:20-05:00</time><course>272.0029</course><roll>-26.45841</roll><pitch>8.042039</pitch><mode /></trkpt><trkpt lat="35.048228" lon="-118.1606965"><ele>856.52</ele><time>2026-06-26T11:17:20-05:00</time><course>272.4907</course><roll>-16.73589</roll><pitch>12.69226</pitch><mode /></trkpt><trkpt lat="35.0482419" lon="-118.1607132"><ele>855.76</ele><time>2026-06-26T11:17:21-05:00</time><course>274.3137</course><roll>-3.774002</roll><pitch>17.08961</pitch><mode /></trkpt><trkpt lat="35.0482544" lon="-118.1607297"><ele>854.83</ele><time>2026-06-26T11:17:21-05:00</time><course>276.7601</course><roll>2.96924</roll><pitch>16.08546</pitch><mode /></trkpt><trkpt lat="35.0482666" lon="-118.1607465"><ele>853.89</ele><time>2026-06-26T11:17:21-05:00</time><course>279.8021</course><roll>4.696047</roll><pitch>9.304029</pitch><mode /></trkpt><trkpt lat="35.0482783" lon="-118.1607658"><ele>853.35</ele><time>2026-06-26T11:17:21-05:00</time><course>278.2236</course><roll>2.526367</roll><pitch>1.888971</pitch><mode /></trkpt><trkpt lat="35.0482894" lon="-118.1607853"><ele>853.3</ele><time>2026-06-26T11:17:21-05:00</time><course>277.937</course><roll>0.1506181</roll><pitch>-2.500633</pitch><mode /></trkpt><trkpt lat="35.0482993" lon="-118.1608039"><ele>853.79</ele><time>2026-06-26T11:17:22-05:00</time><course>276.9817</course><roll>6.088715</roll><pitch>-5.006736</pitch><mode /></trkpt><trkpt lat="35.0483085" lon="-118.1608232"><ele>854.47</ele><time>2026-06-26T11:17:22-05:00</time><course>276.7167</course><roll>4.635732</roll><pitch>-5.592035</pitch><mode /></trkpt><trkpt lat="35.0483172" lon="-118.1608424"><ele>855.25</ele><time>2026-06-26T11:17:22-05:00</time><course>275.2455</course><roll>6.051967</roll><pitch>-2.581641</pitch><mode /></trkpt><trkpt lat="35.0483251" lon="-118.1608611"><ele>855.89</ele><time>2026-06-26T11:17:22-05:00</time><course>275.3249</course><roll>8.328506</roll><pitch>-0.5773971</pitch><mode /></trkpt><trkpt lat="35.0483333" lon="-118.1608796"><ele>856.07</ele><time>2026-06-26T11:17:22-05:00</time><course>273.0697</course><roll>15.99065</roll><pitch>1.758289</pitch><mode /></trkpt><trkpt lat="35.0483404" lon="-118.160898"><ele>856.15</ele><time>2026-06-26T11:17:23-05:00</time><course>270.0713</course><roll>15.55144</roll><pitch>2.546264</pitch><mode /></trkpt><trkpt lat="35.0483461" lon="-118.1609172"><ele>856.32</ele><time>2026-06-26T11:17:23-05:00</time><course>266.7159</course><roll>16.1929</roll><pitch>2.489814</pitch><mode /></trkpt><trkpt lat="35.0483506" lon="-118.1609371"><ele>856.48</ele><time>2026-06-26T11:17:23-05:00</time><course>267.438</course><roll>14.14991</roll><pitch>-2.248042</pitch><mode /></trkpt><trkpt lat="35.0483523" lon="-118.1609576"><ele>857.11</ele><time>2026-06-26T11:17:23-05:00</time><course>266.9655</course><roll>10.8246</roll><pitch>-5.593133</pitch><mode /></trkpt><trkpt lat="35.0483534" lon="-118.1609784"><ele>857.87</ele><time>2026-06-26T11:17:23-05:00</time><course>263.0747</course><roll>8.412759</roll><pitch>-6.952891</pitch><mode /></trkpt><trkpt lat="35.0483553" lon="-118.1609975"><ele>858.39</ele><time>2026-06-26T11:17:24-05:00</time><course>263.619</course><roll>6.023628</roll><pitch>-6.437334</pitch><mode /></trkpt><trkpt lat="35.0483565" lon="-118.1610161"><ele>858.84</ele><time>2026-06-26T11:17:24-05:00</time><course>264.2116</course><roll>4.547669</roll><pitch>-6.15266</pitch><mode /></trkpt><trkpt lat="35.0483576" lon="-118.1610343"><ele>859.18</ele><time>2026-06-26T11:17:24-05:00</time><course>262.2086</course><roll>5.663816</roll><pitch>-3.385213</pitch><mode /></trkpt><trkpt lat="35.0483586" lon="-118.1610528"><ele>859.45</ele><time>2026-06-26T11:17:24-05:00</time><course>260.9937</course><roll>6.466439</roll><pitch>-1.759611</pitch><mode /></trkpt><trkpt lat="35.0483592" lon="-118.1610708"><ele>859.58</ele><time>2026-06-26T11:17:24-05:00</time><course>262.118</course><roll>6.906254</roll><pitch>-2.336827</pitch><mode /></trkpt><trkpt lat="35.0483593" lon="-118.1610888"><ele>859.78</ele><time>2026-06-26T11:17:25-05:00</time><course>261.6975</course><roll>6.895622</roll><pitch>-4.091544</pitch><mode /></trkpt><trkpt lat="35.0483586" lon="-118.1611246"><ele>860.44</ele><time>2026-06-26T11:17:25-05:00</time><course>260.8113</course><roll>-0.6178671</roll><pitch>-7.176964</pitch><mode /></trkpt><trkpt lat="35.0483576" lon="-118.1611408"><ele>861.04</ele><time>2026-06-26T11:17:25-05:00</time><course>260.5256</course><roll>-2.849719</roll><pitch>-8.05597</pitch><mode /></trkpt><trkpt lat="35.048357" lon="-118.1611561"><ele>861.69</ele><time>2026-06-26T11:17:25-05:00</time><course>258.8892</course><roll>-2.110884</roll><pitch>-7.252842</pitch><mode /></trkpt><trkpt lat="35.048356" lon="-118.1611703"><ele>862.49</ele><time>2026-06-26T11:17:26-05:00</time><course>257.3387</course><roll>5.277501</roll><pitch>-4.275202</pitch><mode /></trkpt><trkpt lat="35.0483555" lon="-118.1611842"><ele>862.87</ele><time>2026-06-26T11:17:26-05:00</time><course>257.1006</course><roll>6.945442</roll><pitch>-1.179678</pitch><mode /></trkpt><trkpt lat="35.0483543" lon="-118.1611977"><ele>863.16</ele><time>2026-06-26T11:17:26-05:00</time><course>256.7343</course><roll>6.631098</roll><pitch>0.8818798</pitch><mode /></trkpt><trkpt lat="35.048353" lon="-118.1612116"><ele>863.27</ele><time>2026-06-26T11:17:26-05:00</time><course>257.9759</course><roll>7.614954</roll><pitch>0.9735195</pitch><mode /></trkpt><trkpt lat="35.0483513" lon="-118.1612255"><ele>863.34</ele><time>2026-06-26T11:17:26-05:00</time><course>256.5163</course><roll>6.417202</roll><pitch>1.455707</pitch><mode /></trkpt><trkpt lat="35.048349" lon="-118.1612391"><ele>863.4</ele><time>2026-06-26T11:17:27-05:00</time><course>257.5565</course><roll>5.669178</roll><pitch>1.734838</pitch><mode /></trkpt><trkpt lat="35.0483465" lon="-118.1612522"><ele>863.38</ele><time>2026-06-26T11:17:27-05:00</time><course>255.0213</course><roll>6.656022</roll><pitch>2.493402</pitch><mode /></trkpt><trkpt lat="35.0483438" lon="-118.1612649"><ele>863.26</ele><time>2026-06-26T11:17:27-05:00</time><course>253.1291</course><roll>9.361118</roll><pitch>4.639574</pitch><mode /></trkpt><trkpt lat="35.0483406" lon="-118.1612777"><ele>863.08</ele><time>2026-06-26T11:17:27-05:00</time><course>255.5964</course><roll>12.03184</roll><pitch>4.683472</pitch><mode /></trkpt><trkpt lat="35.0483365" lon="-118.1612904"><ele>862.89</ele><time>2026-06-26T11:17:27-05:00</time><course>254.0547</course><roll>14.79237</roll><pitch>4.527864</pitch><mode /></trkpt><trkpt lat="35.0483319" lon="-118.1613031"><ele>862.63</ele><time>2026-06-26T11:17:28-05:00</time><course>249.9356</course><roll>21.46554</roll><pitch>4.903442</pitch><mode /></trkpt><trkpt lat="35.0483253" lon="-118.161316"><ele>862.59</ele><time>2026-06-26T11:17:28-05:00</time><course>246.7283</course><roll>32.52286</roll><pitch>3.84852</pitch><mode /></trkpt><trkpt lat="35.0483163" lon="-118.161329"><ele>862.6</ele><time>2026-06-26T11:17:28-05:00</time><course>242.7404</course><roll>37.04836</roll><pitch>-0.1963301</pitch><mode /></trkpt><trkpt lat="35.0483048" lon="-118.1613403"><ele>862.6</ele><time>2026-06-26T11:17:28-05:00</time><course>238.3285</course><roll>36.65941</roll><pitch>-6.253998</pitch><mode /></trkpt><trkpt lat="35.0482897" lon="-118.1613491"><ele>862.95</ele><time>2026-06-26T11:17:28-05:00</time><course>231.5165</course><roll>30.50515</roll><pitch>-9.797068</pitch><mode /></trkpt><trkpt lat="35.0482728" lon="-118.1613539"><ele>863.43</ele><time>2026-06-26T11:17:29-05:00</time><course>226.4987</course><roll>24.94508</roll><pitch>-12.80835</pitch><mode /></trkpt><trkpt lat="35.0482544" lon="-118.1613557"><ele>864.12</ele><time>2026-06-26T11:17:29-05:00</time><course>226.433</course><roll>17.34686</roll><pitch>-14.68254</pitch><mode /></trkpt><trkpt lat="35.0482356" lon="-118.1613559"><ele>864.96</ele><time>2026-06-26T11:17:29-05:00</time><course>222.7806</course><roll>17.44037</roll><pitch>-9.82953</pitch><mode /></trkpt><trkpt lat="35.048217" lon="-118.161355"><ele>865.63</ele><time>2026-06-26T11:17:29-05:00</time><course>222.9821</course><roll>18.28646</roll><pitch>-7.655643</pitch><mode /></trkpt><trkpt lat="35.0481979" lon="-118.1613535"><ele>866.14</ele><time>2026-06-26T11:17:29-05:00</time><course>222.3779</course><roll>17.04726</roll><pitch>-6.318251</pitch><mode /></trkpt><trkpt lat="35.0481787" lon="-118.1613519"><ele>866.4</ele><time>2026-06-26T11:17:30-05:00</time><course>218.8017</course><roll>15.37579</roll><pitch>-2.874342</pitch><mode /></trkpt><trkpt lat="35.0481594" lon="-118.1613508"><ele>866.38</ele><time>2026-06-26T11:17:30-05:00</time><course>214.929</course><roll>15.10548</roll><pitch>0.3539261</pitch><mode /></trkpt><trkpt lat="35.0481393" lon="-118.1613505"><ele>866.13</ele><time>2026-06-26T11:17:30-05:00</time><course>215.4387</course><roll>12.50491</roll><pitch>2.70363</pitch><mode /></trkpt><trkpt lat="35.0481189" lon="-118.1613491"><ele>865.69</ele><time>2026-06-26T11:17:30-05:00</time><course>217.3227</course><roll>8.838724</roll><pitch>4.240613</pitch><mode /></trkpt><trkpt lat="35.0480982" lon="-118.1613475"><ele>865.1</ele><time>2026-06-26T11:17:30-05:00</time><course>215.2742</course><roll>6.271945</roll><pitch>8.125189</pitch><mode /></trkpt><trkpt lat="35.0480769" lon="-118.161346"><ele>864.45</ele><time>2026-06-26T11:17:31-05:00</time><course>215.6961</course><roll>7.897998</roll><pitch>12.67708</pitch><mode /></trkpt><trkpt lat="35.0480553" lon="-118.1613448"><ele>863.48</ele><time>2026-06-26T11:17:31-05:00</time><course>214.4677</course><roll>6.78682</roll><pitch>15.01175</pitch><mode /></trkpt><trkpt lat="35.0480333" lon="-118.161344"><ele>862.32</ele><time>2026-06-26T11:17:31-05:00</time><course>211.8307</course><roll>7.143284</roll><pitch>17.42897</pitch><mode /></trkpt><trkpt lat="35.0480104" lon="-118.1613431"><ele>861.02</ele><time>2026-06-26T11:17:31-05:00</time><course>209.4903</course><roll>7.9473</roll><pitch>17.96711</pitch><mode /></trkpt><trkpt lat="35.0479866" lon="-118.1613424"><ele>859.67</ele><time>2026-06-26T11:17:31-05:00</time><course>206.8286</course><roll>9.940565</roll><pitch>16.68505</pitch><mode /></trkpt><trkpt lat="35.0479613" lon="-118.1613413"><ele>858.45</ele><time>2026-06-26T11:17:32-05:00</time><course>205.503</course><roll>11.58</roll><pitch>15.31604</pitch><mode /></trkpt><trkpt lat="35.0479348" lon="-118.1613396"><ele>857.31</ele><time>2026-06-26T11:17:32-05:00</time><course>203.481</course><roll>13.65389</roll><pitch>13.50494</pitch><mode /></trkpt><trkpt lat="35.0479071" lon="-118.1613372"><ele>856.31</ele><time>2026-06-26T11:17:32-05:00</time><course>201.882</course><roll>15.48175</roll><pitch>12.8137</pitch><mode /></trkpt><trkpt lat="35.0478786" lon="-118.1613335"><ele>855.35</ele><time>2026-06-26T11:17:32-05:00</time><course>199.6055</course><roll>16.42805</roll><pitch>13.34233</pitch><mode /></trkpt><trkpt lat="35.0478494" lon="-118.1613286"><ele>854.43</ele><time>2026-06-26T11:17:32-05:00</time><course>198.015</course><roll>19.86848</roll><pitch>13.27993</pitch><mode /></trkpt><trkpt lat="35.0478197" lon="-118.1613218"><ele>853.53</ele><time>2026-06-26T11:17:33-05:00</time><course>196.0225</course><roll>24.60139</roll><pitch>13.10382</pitch><mode /></trkpt><trkpt lat="35.0477893" lon="-118.1613134"><ele>852.68</ele><time>2026-06-26T11:17:33-05:00</time><course>192.3509</course><roll>28.40882</roll><pitch>13.43644</pitch><mode /></trkpt><trkpt lat="35.0477583" lon="-118.1613028"><ele>851.76</ele><time>2026-06-26T11:17:33-05:00</time><course>188.9989</course><roll>31.80928</roll><pitch>12.33637</pitch><mode /></trkpt><trkpt lat="35.0477268" lon="-118.1612898"><ele>850.81</ele><time>2026-06-26T11:17:33-05:00</time><course>182.9406</course><roll>32.76285</roll><pitch>10.04692</pitch><mode /></trkpt><trkpt lat="35.0476947" lon="-118.1612731"><ele>850.01</ele><time>2026-06-26T11:17:33-05:00</time><course>177.392</course><roll>32.92627</roll><pitch>5.88493</pitch><mode /></trkpt><trkpt lat="35.0476623" lon="-118.1612519"><ele>849.4</ele><time>2026-06-26T11:17:34-05:00</time><course>170.9734</course><roll>34.19068</roll><pitch>3.153872</pitch><mode /></trkpt><trkpt lat="35.0476304" lon="-118.1612257"><ele>848.98</ele><time>2026-06-26T11:17:34-05:00</time><course>164.334</course><roll>36.29644</roll><pitch>1.430725</pitch><mode /></trkpt><trkpt lat="35.0475997" lon="-118.1611951"><ele>848.75</ele><time>2026-06-26T11:17:34-05:00</time><course>158.6708</course><roll>32.75965</roll><pitch>-0.7759924</pitch><mode /></trkpt><trkpt lat="35.0475703" lon="-118.1611616"><ele>848.51</ele><time>2026-06-26T11:17:34-05:00</time><course>153.4513</course><roll>30.44668</roll><pitch>-2.604994</pitch><mode /></trkpt><trkpt lat="35.0475422" lon="-118.1611253"><ele>848.39</ele><time>2026-06-26T11:17:34-05:00</time><course>149.3878</course><roll>31.48579</roll><pitch>-3.433721</pitch><mode /></trkpt><trkpt lat="35.047516" lon="-118.1610861"><ele>848.32</ele><time>2026-06-26T11:17:35-05:00</time><course>143.7341</course><roll>37.05519</roll><pitch>-3.758313</pitch><mode /></trkpt><trkpt lat="35.0474913" lon="-118.1610448"><ele>848.31</ele><time>2026-06-26T11:17:35-05:00</time><course>139.0862</course><roll>37.64297</roll><pitch>-3.869803</pitch><mode /></trkpt><trkpt lat="35.0474689" lon="-118.1610006"><ele>848.28</ele><time>2026-06-26T11:17:35-05:00</time><course>132.3875</course><roll>39.23731</roll><pitch>-3.894825</pitch><mode /></trkpt><trkpt lat="35.0474488" lon="-118.1609538"><ele>848.38</ele><time>2026-06-26T11:17:35-05:00</time><course>126.1615</course><roll>37.56473</roll><pitch>-6.390942</pitch><mode /></trkpt><trkpt lat="35.0474321" lon="-118.1609039"><ele>848.55</ele><time>2026-06-26T11:17:35-05:00</time><course>119.6124</course><roll>31.72271</roll><pitch>-7.008688</pitch><mode /></trkpt><trkpt lat="35.0474178" lon="-118.1608527"><ele>848.88</ele><time>2026-06-26T11:17:36-05:00</time><course>113.8821</course><roll>32.52378</roll><pitch>-6.511715</pitch><mode /></trkpt><trkpt lat="35.0474055" lon="-118.1608009"><ele>849.05</ele><time>2026-06-26T11:17:36-05:00</time><course>111.7313</course><roll>37.65763</roll><pitch>-7.708008</pitch><mode /></trkpt><trkpt lat="35.0473948" lon="-118.1607484"><ele>849.21</ele><time>2026-06-26T11:17:36-05:00</time><course>107.7069</course><roll>41.19165</roll><pitch>-7.457144</pitch><mode /></trkpt><trkpt lat="35.0473869" lon="-118.1606954"><ele>849.43</ele><time>2026-06-26T11:17:36-05:00</time><course>102.4847</course><roll>45.62828</roll><pitch>-7.685334</pitch><mode /></trkpt><trkpt lat="35.0473812" lon="-118.1606418"><ele>849.56</ele><time>2026-06-26T11:17:36-05:00</time><course>94.54189</course><roll>46.44884</roll><pitch>-7.462585</pitch><mode /></trkpt><trkpt lat="35.0473787" lon="-118.160588"><ele>849.61</ele><time>2026-06-26T11:17:37-05:00</time><course>85.77965</course><roll>47.36362</roll><pitch>-7.550924</pitch><mode /></trkpt><trkpt lat="35.0473809" lon="-118.1605342"><ele>849.75</ele><time>2026-06-26T11:17:37-05:00</time><course>77.95903</course><roll>47.80609</roll><pitch>-8.960171</pitch><mode /></trkpt><trkpt lat="35.0473875" lon="-118.1604814"><ele>849.91</ele><time>2026-06-26T11:17:37-05:00</time><course>69.83537</course><roll>49.79084</roll><pitch>-9.616418</pitch><mode /></trkpt><trkpt lat="35.0473982" lon="-118.1604314"><ele>850.14</ele><time>2026-06-26T11:17:37-05:00</time><course>61.47178</course><roll>50.27127</roll><pitch>-10.56531</pitch><mode /></trkpt><trkpt lat="35.0474126" lon="-118.160383"><ele>850.55</ele><time>2026-06-26T11:17:37-05:00</time><course>52.49184</course><roll>45.29238</roll><pitch>-11.25474</pitch><mode /></trkpt><trkpt lat="35.0474307" lon="-118.160338"><ele>851</ele><time>2026-06-26T11:17:38-05:00</time><course>45.87688</course><roll>45.80794</roll><pitch>-9.310208</pitch><mode /></trkpt><trkpt lat="35.0474515" lon="-118.1602956"><ele>851.4</ele><time>2026-06-26T11:17:38-05:00</time><course>38.06053</course><roll>50.05592</roll><pitch>-7.783473</pitch><mode /></trkpt><trkpt lat="35.0474744" lon="-118.1602551"><ele>851.67</ele><time>2026-06-26T11:17:38-05:00</time><course>28.42636</course><roll>51.18348</roll><pitch>-7.95035</pitch><mode /></trkpt><trkpt lat="35.0474992" lon="-118.1602182"><ele>851.84</ele><time>2026-06-26T11:17:38-05:00</time><course>19.90778</course><roll>50.49419</roll><pitch>-9.382656</pitch><mode /></trkpt><trkpt lat="35.0475255" lon="-118.1601862"><ele>852.03</ele><time>2026-06-26T11:17:38-05:00</time><course>12.65618</course><roll>49.60654</roll><pitch>-10.89069</pitch><mode /></trkpt><trkpt lat="35.0475534" lon="-118.1601582"><ele>852.04</ele><time>2026-06-26T11:17:39-05:00</time><course>4.12664</course><roll>49.11038</roll><pitch>-9.475407</pitch><mode /></trkpt><trkpt lat="35.0475813" lon="-118.1601338"><ele>852.19</ele><time>2026-06-26T11:17:39-05:00</time><course>358.6433</course><roll>49.25516</roll><pitch>-9.372431</pitch><mode /></trkpt><trkpt lat="35.0476094" lon="-118.160114"><ele>852.28</ele><time>2026-06-26T11:17:39-05:00</time><course>349.7457</course><roll>51.19673</roll><pitch>-7.926236</pitch><mode /></trkpt><trkpt lat="35.0476372" lon="-118.1600988"><ele>852.38</ele><time>2026-06-26T11:17:39-05:00</time><course>342.7915</course><roll>49.20205</roll><pitch>-8.802667</pitch><mode /></trkpt><trkpt lat="35.0476641" lon="-118.1600884"><ele>852.44</ele><time>2026-06-26T11:17:39-05:00</time><course>334.6193</course><roll>47.46603</roll><pitch>-6.73807</pitch><mode /></trkpt><trkpt lat="35.04769" lon="-118.160081"><ele>852.48</ele><time>2026-06-26T11:17:40-05:00</time><course>321.963</course><roll>44.54977</roll><pitch>-2.179962</pitch><mode /></trkpt><trkpt lat="35.0477148" lon="-118.160077"><ele>852.46</ele><time>2026-06-26T11:17:40-05:00</time><course>316.0073</course><roll>41.04078</roll><pitch>-0.6843176</pitch><mode /></trkpt><trkpt lat="35.047738" lon="-118.1600761"><ele>852.39</ele><time>2026-06-26T11:17:40-05:00</time><course>312.4036</course><roll>35.39063</roll><pitch>-0.2217577</pitch><mode /></trkpt><trkpt lat="35.0477597" lon="-118.1600781"><ele>852.26</ele><time>2026-06-26T11:17:40-05:00</time><course>306.2748</course><roll>40.14173</roll><pitch>3.823792</pitch><mode /></trkpt><trkpt lat="35.0477796" lon="-118.1600826"><ele>852.13</ele><time>2026-06-26T11:17:40-05:00</time><course>300.978</course><roll>43.87936</roll><pitch>4.102912</pitch><mode /></trkpt><trkpt lat="35.047798" lon="-118.1600887"><ele>851.65</ele><time>2026-06-26T11:17:41-05:00</time><course>294.4628</course><roll>42.98201</roll><pitch>1.448155</pitch><mode /></trkpt><trkpt lat="35.0478151" lon="-118.1600965"><ele>851.06</ele><time>2026-06-26T11:17:41-05:00</time><course>288.4089</course><roll>42.72139</roll><pitch>2.095635</pitch><mode /></trkpt><trkpt lat="35.0478291" lon="-118.1601069"><ele>850.47</ele><time>2026-06-26T11:17:41-05:00</time><course>282.6451</course><roll>41.41642</roll><pitch>0.8776738</pitch><mode /></trkpt><trkpt lat="35.0478392" lon="-118.1601191"><ele>850</ele><time>2026-06-26T11:17:41-05:00</time><course>277.0388</course><roll>41.13185</roll><pitch>-2.201283</pitch><mode /></trkpt><trkpt lat="35.0478446" lon="-118.1601319"><ele>849.77</ele><time>2026-06-26T11:17:41-05:00</time><course>271.6859</course><roll>36.79885</roll><pitch>-5.066655</pitch><mode /></trkpt><trkpt lat="35.0478465" lon="-118.1601456"><ele>849.68</ele><time>2026-06-26T11:17:42-05:00</time><course>264.7176</course><roll>34.48581</roll><pitch>-5.057677</pitch><mode /></trkpt><trkpt lat="35.0478453" lon="-118.1601591"><ele>849.73</ele><time>2026-06-26T11:17:42-05:00</time><course>263.0755</course><roll>30.76402</roll><pitch>-6.686744</pitch><mode /></trkpt><trkpt lat="35.0478422" lon="-118.1601723"><ele>849.68</ele><time>2026-06-26T11:17:42-05:00</time><course>260.5946</course><roll>23.5416</roll><pitch>-8.473522</pitch><mode /></trkpt><trkpt lat="35.0478373" lon="-118.1601846"><ele>849.74</ele><time>2026-06-26T11:17:42-05:00</time><course>257.1203</course><roll>18.87843</roll><pitch>-4.868326</pitch><mode /></trkpt><trkpt lat="35.0478316" lon="-118.1601962"><ele>849.7</ele><time>2026-06-26T11:17:42-05:00</time><course>255.1086</course><roll>19.65867</roll><pitch>0.2542288</pitch><mode /></trkpt><trkpt lat="35.0478253" lon="-118.1602082"><ele>849.49</ele><time>2026-06-26T11:17:43-05:00</time><course>256.9163</course><roll>16.56558</roll><pitch>4.483004</pitch><mode /></trkpt><trkpt lat="35.0478185" lon="-118.1602201"><ele>849.13</ele><time>2026-06-26T11:17:43-05:00</time><course>255.7978</course><roll>14.5101</roll><pitch>7.50225</pitch><mode /></trkpt><trkpt lat="35.0478119" lon="-118.1602318"><ele>848.52</ele><time>2026-06-26T11:17:43-05:00</time><course>253.7142</course><roll>11.41691</roll><pitch>10.86928</pitch><mode /></trkpt><trkpt lat="35.0478051" lon="-118.160244"><ele>847.75</ele><time>2026-06-26T11:17:43-05:00</time><course>252.46</course><roll>9.898468</roll><pitch>13.44815</pitch><mode /></trkpt><trkpt lat="35.0477979" lon="-118.1602563"><ele>846.81</ele><time>2026-06-26T11:17:43-05:00</time><course>251.8401</course><roll>6.529914</roll><pitch>15.35849</pitch><mode /></trkpt><trkpt lat="35.0477902" lon="-118.1602693"><ele>845.79</ele><time>2026-06-26T11:17:44-05:00</time><course>249.7043</course><roll>6.343302</roll><pitch>16.9896</pitch><mode /></trkpt><trkpt lat="35.047782" lon="-118.160283"><ele>844.72</ele><time>2026-06-26T11:17:44-05:00</time><course>247.8972</course><roll>8.472984</roll><pitch>19.51308</pitch><mode /></trkpt><trkpt lat="35.0477733" lon="-118.1602967"><ele>843.45</ele><time>2026-06-26T11:17:44-05:00</time><course>245.7614</course><roll>10.13648</roll><pitch>20.04231</pitch><mode /></trkpt><trkpt lat="35.0477638" lon="-118.1603108"><ele>842.07</ele><time>2026-06-26T11:17:44-05:00</time><course>247.1971</course><roll>9.815568</roll><pitch>15.96388</pitch><mode /></trkpt><trkpt lat="35.0477529" lon="-118.1603257"><ele>840.89</ele><time>2026-06-26T11:17:44-05:00</time><course>248.0712</course><roll>4.957568</roll><pitch>11.16155</pitch><mode /></trkpt><trkpt lat="35.0477414" lon="-118.1603413"><ele>839.97</ele><time>2026-06-26T11:17:45-05:00</time><course>247.2623</course><roll>-2.410607</roll><pitch>9.155764</pitch><mode /></trkpt><trkpt lat="35.0477298" lon="-118.1603575"><ele>839.33</ele><time>2026-06-26T11:17:45-05:00</time><course>245.5222</course><roll>-2.51295</roll><pitch>10.01393</pitch><mode /></trkpt><trkpt lat="35.0477181" lon="-118.1603738"><ele>838.64</ele><time>2026-06-26T11:17:45-05:00</time><course>245.9974</course><roll>-0.1674665</roll><pitch>11.37154</pitch><mode /></trkpt><trkpt lat="35.0477061" lon="-118.1603899"><ele>837.89</ele><time>2026-06-26T11:17:45-05:00</time><course>245.9225</course><roll>-2.423776</roll><pitch>13.88939</pitch><mode /></trkpt><trkpt lat="35.0476942" lon="-118.1604062"><ele>837.04</ele><time>2026-06-26T11:17:45-05:00</time><course>245.7819</course><roll>-5.924894</roll><pitch>14.46618</pitch><mode /></trkpt><trkpt lat="35.0476825" lon="-118.1604235"><ele>836.1</ele><time>2026-06-26T11:17:46-05:00</time><course>243.0062</course><roll>-8.536546</roll><pitch>13.07877</pitch><mode /></trkpt><trkpt lat="35.0476709" lon="-118.1604422"><ele>835.3</ele><time>2026-06-26T11:17:46-05:00</time><course>241.2446</course><roll>-13.0043</roll><pitch>13.21373</pitch><mode /></trkpt><trkpt lat="35.0476593" lon="-118.1604618"><ele>834.59</ele><time>2026-06-26T11:17:46-05:00</time><course>241.7411</course><roll>-3.199424</roll><pitch>14.22925</pitch><mode /></trkpt><trkpt lat="35.0476476" lon="-118.1604817"><ele>833.76</ele><time>2026-06-26T11:17:46-05:00</time><course>249.1091</course><roll>-0.9803788</roll><pitch>12.08267</pitch><mode /></trkpt><trkpt lat="35.0476355" lon="-118.1605031"><ele>832.99</ele><time>2026-06-26T11:17:46-05:00</time><course>244.7427</course><roll>0.6434523</roll><pitch>8.937785</pitch><mode /></trkpt><trkpt lat="35.0476231" lon="-118.1605264"><ele>832.44</ele><time>2026-06-26T11:17:47-05:00</time><course>241.488</course><roll>-5.12288</roll><pitch>5.257375</pitch><mode /></trkpt><trkpt lat="35.0476097" lon="-118.16055"><ele>832.17</ele><time>2026-06-26T11:17:47-05:00</time><course>241.0919</course><roll>-8.098943</roll><pitch>5.008499</pitch><mode /></trkpt><trkpt lat="35.0475961" lon="-118.1605733"><ele>831.9</ele><time>2026-06-26T11:17:47-05:00</time><course>245.4221</course><roll>-6.673435</roll><pitch>5.078007</pitch><mode /></trkpt><trkpt lat="35.0475828" lon="-118.1605964"><ele>831.34</ele><time>2026-06-26T11:17:47-05:00</time><course>246.0842</course><roll>-7.986616</roll><pitch>3.060817</pitch><mode /></trkpt><trkpt lat="35.0475704" lon="-118.1606205"><ele>830.99</ele><time>2026-06-26T11:17:47-05:00</time><course>243.1331</course><roll>-15.75573</roll><pitch>-0.04714554</pitch><mode /></trkpt><trkpt lat="35.0475582" lon="-118.160646"><ele>830.88</ele><time>2026-06-26T11:17:48-05:00</time><course>246.9701</course><roll>-17.08556</roll><pitch>1.079693</pitch><mode /></trkpt><trkpt lat="35.0475464" lon="-118.1606717"><ele>830.83</ele><time>2026-06-26T11:17:48-05:00</time><course>248.9657</course><roll>-13.06374</roll><pitch>2.042787</pitch><mode /></trkpt><trkpt lat="35.0475353" lon="-118.1606979"><ele>830.81</ele><time>2026-06-26T11:17:48-05:00</time><course>248.5347</course><roll>-15.52893</roll><pitch>1.300153</pitch><mode /></trkpt><trkpt lat="35.0475249" lon="-118.1607247"><ele>830.68</ele><time>2026-06-26T11:17:48-05:00</time><course>248.9665</course><roll>-14.40764</roll><pitch>-0.5036812</pitch><mode /></trkpt><trkpt lat="35.0475149" lon="-118.1607522"><ele>830.64</ele><time>2026-06-26T11:17:48-05:00</time><course>250.6116</course><roll>-14.43728</roll><pitch>-2.847696</pitch><mode /></trkpt><trkpt lat="35.0475056" lon="-118.1607794"><ele>830.76</ele><time>2026-06-26T11:17:49-05:00</time><course>254.2458</course><roll>-12.26806</roll><pitch>-5.249716</pitch><mode /></trkpt><trkpt lat="35.047498" lon="-118.1608054"><ele>830.9</ele><time>2026-06-26T11:17:49-05:00</time><course>251.5407</course><roll>-8.937188</roll><pitch>-6.683294</pitch><mode /></trkpt><trkpt lat="35.0474912" lon="-118.1608303"><ele>831.2</ele><time>2026-06-26T11:17:49-05:00</time><course>251.8522</course><roll>1.496326</roll><pitch>-7.709005</pitch><mode /></trkpt><trkpt lat="35.0474842" lon="-118.1608538"><ele>831.49</ele><time>2026-06-26T11:17:49-05:00</time><course>252.6014</course><roll>-1.817034</roll><pitch>-9.774951</pitch><mode /></trkpt><trkpt lat="35.0474772" lon="-118.160877"><ele>831.99</ele><time>2026-06-26T11:17:49-05:00</time><course>252.2527</course><roll>-0.4547004</roll><pitch>-10.29053</pitch><mode /></trkpt><trkpt lat="35.0474702" lon="-118.1608994"><ele>832.5</ele><time>2026-06-26T11:17:50-05:00</time><course>254.9896</course><roll>3.207892</roll><pitch>-13.585</pitch><mode /></trkpt><trkpt lat="35.0474634" lon="-118.1609205"><ele>833.04</ele><time>2026-06-26T11:17:50-05:00</time><course>251.9399</course><roll>-0.2410809</roll><pitch>-15.42354</pitch><mode /></trkpt><trkpt lat="35.0474566" lon="-118.1609398"><ele>833.85</ele><time>2026-06-26T11:17:50-05:00</time><course>255.5793</course><roll>2.325271</roll><pitch>-16.28273</pitch><mode /></trkpt><trkpt lat="35.0474499" lon="-118.1609576"><ele>834.79</ele><time>2026-06-26T11:17:50-05:00</time><course>256.2598</course><roll>4.88703</roll><pitch>-16.47268</pitch><mode /></trkpt><trkpt lat="35.0474432" lon="-118.160975"><ele>835.78</ele><time>2026-06-26T11:17:50-05:00</time><course>254.9387</course><roll>5.458816</roll><pitch>-16.32017</pitch><mode /></trkpt><trkpt lat="35.0474363" lon="-118.1609921"><ele>836.68</ele><time>2026-06-26T11:17:51-05:00</time><course>253.5504</course><roll>-1.848596</roll><pitch>-15.8781</pitch><mode /></trkpt><trkpt lat="35.0474291" lon="-118.1610084"><ele>837.51</ele><time>2026-06-26T11:17:51-05:00</time><course>258.8835</course><roll>-10.90562</roll><pitch>-14.14779</pitch><mode /></trkpt><trkpt lat="35.0474219" lon="-118.1610239"><ele>838.2</ele><time>2026-06-26T11:17:51-05:00</time><course>260.7142</course><roll>-18.72542</roll><pitch>-11.76188</pitch><mode /></trkpt><trkpt lat="35.0474154" lon="-118.1610393"><ele>838.74</ele><time>2026-06-26T11:17:51-05:00</time><course>257.9607</course><roll>-12.89632</roll><pitch>-11.36842</pitch><mode /></trkpt><trkpt lat="35.0474102" lon="-118.1610548"><ele>839.2</ele><time>2026-06-26T11:17:51-05:00</time><course>252.5265</course><roll>-12.64741</roll><pitch>-11.05181</pitch><mode /></trkpt><trkpt lat="35.0474058" lon="-118.16107"><ele>839.69</ele><time>2026-06-26T11:17:52-05:00</time><course>251.958</course><roll>-16.08371</roll><pitch>-9.833032</pitch><mode /></trkpt><trkpt lat="35.0474017" lon="-118.1610858"><ele>840.08</ele><time>2026-06-26T11:17:52-05:00</time><course>255.2048</course><roll>-16.15981</roll><pitch>-7.339543</pitch><mode /></trkpt><trkpt lat="35.047398" lon="-118.1611019"><ele>840.23</ele><time>2026-06-26T11:17:52-05:00</time><course>260.577</course><roll>-17.54</roll><pitch>-6.251218</pitch><mode /></trkpt><trkpt lat="35.0473947" lon="-118.161118"><ele>840.51</ele><time>2026-06-26T11:17:52-05:00</time><course>261.0741</course><roll>-20.49524</roll><pitch>-8.184466</pitch><mode /></trkpt><trkpt lat="35.0473926" lon="-118.1611339"><ele>840.93</ele><time>2026-06-26T11:17:52-05:00</time><course>267.9521</course><roll>-23.73945</roll><pitch>-6.313694</pitch><mode /></trkpt><trkpt lat="35.0473915" lon="-118.1611495"><ele>841.26</ele><time>2026-06-26T11:17:53-05:00</time><course>274.5394</course><roll>-26.09763</roll><pitch>-7.933256</pitch><mode /></trkpt><trkpt lat="35.0473926" lon="-118.1611644"><ele>841.68</ele><time>2026-06-26T11:17:53-05:00</time><course>277.5091</course><roll>-25.34271</roll><pitch>-9.53837</pitch><mode /></trkpt><trkpt lat="35.0473959" lon="-118.1611787"><ele>842.16</ele><time>2026-06-26T11:17:53-05:00</time><course>278.5755</course><roll>-25.04572</roll><pitch>-12.83076</pitch><mode /></trkpt><trkpt lat="35.0474007" lon="-118.1611919"><ele>842.66</ele><time>2026-06-26T11:17:53-05:00</time><course>282.0585</course><roll>-27.0527</roll><pitch>-11.77071</pitch><mode /></trkpt><trkpt lat="35.0474069" lon="-118.1612044"><ele>843.18</ele><time>2026-06-26T11:17:53-05:00</time><course>282.437</course><roll>-26.50492</roll><pitch>-13.39723</pitch><mode /></trkpt><trkpt lat="35.047415" lon="-118.1612162"><ele>843.67</ele><time>2026-06-26T11:17:54-05:00</time><course>282.4185</course><roll>-26.70857</roll><pitch>-12.003</pitch><mode /></trkpt><trkpt lat="35.0474244" lon="-118.1612277"><ele>844.01</ele><time>2026-06-26T11:17:54-05:00</time><course>282.1002</course><roll>-27.64192</roll><pitch>-11.00293</pitch><mode /></trkpt><trkpt lat="35.0474352" lon="-118.1612391"><ele>844.2</ele><time>2026-06-26T11:17:54-05:00</time><course>284.1205</course><roll>-27.86373</roll><pitch>-8.888277</pitch><mode /></trkpt><trkpt lat="35.0474467" lon="-118.1612504"><ele>844.47</ele><time>2026-06-26T11:17:54-05:00</time><course>290.3379</course><roll>-24.70289</roll><pitch>-6.98503</pitch><mode /></trkpt><trkpt lat="35.0474598" lon="-118.1612615"><ele>844.73</ele><time>2026-06-26T11:17:54-05:00</time><course>294.4953</course><roll>-24.01771</roll><pitch>-8.101654</pitch><mode /></trkpt><trkpt lat="35.0474746" lon="-118.1612715"><ele>845.09</ele><time>2026-06-26T11:17:55-05:00</time><course>293.905</course><roll>-18.43629</roll><pitch>-9.662381</pitch><mode /></trkpt><trkpt lat="35.04749" lon="-118.1612811"><ele>845.5</ele><time>2026-06-26T11:17:55-05:00</time><course>294.7008</course><roll>-14.88348</roll><pitch>-9.61031</pitch><mode /></trkpt><trkpt lat="35.047506" lon="-118.1612908"><ele>845.8</ele><time>2026-06-26T11:17:55-05:00</time><course>296.9893</course><roll>-12.32413</roll><pitch>-8.358749</pitch><mode /></trkpt><trkpt lat="35.047522" lon="-118.1613006"><ele>846.16</ele><time>2026-06-26T11:17:55-05:00</time><course>299.6955</course><roll>-10.52646</roll><pitch>-8.378029</pitch><mode /></trkpt><trkpt lat="35.0475385" lon="-118.16131"><ele>846.6</ele><time>2026-06-26T11:17:55-05:00</time><course>304.6826</course><roll>-14.00728</roll><pitch>-11.29975</pitch><mode /></trkpt><trkpt lat="35.0475561" lon="-118.1613182"><ele>847.05</ele><time>2026-06-26T11:17:56-05:00</time><course>311.3963</course><roll>-21.77973</roll><pitch>-16.03135</pitch><mode /></trkpt><trkpt lat="35.0475744" lon="-118.1613241"><ele>847.73</ele><time>2026-06-26T11:17:56-05:00</time><course>313.2649</course><roll>-25.05397</roll><pitch>-18.85</pitch><mode /></trkpt><trkpt lat="35.0475939" lon="-118.1613273"><ele>848.56</ele><time>2026-06-26T11:17:56-05:00</time><course>315.2171</course><roll>-29.46256</roll><pitch>-21.15217</pitch><mode /></trkpt><trkpt lat="35.0476138" lon="-118.1613282"><ele>849.49</ele><time>2026-06-26T11:17:56-05:00</time><course>317.4307</course><roll>-32.08606</roll><pitch>-18.49437</pitch><mode /></trkpt><trkpt lat="35.0476333" lon="-118.1613274"><ele>850.55</ele><time>2026-06-26T11:17:56-05:00</time><course>319.9188</course><roll>-34.31145</roll><pitch>-14.341</pitch><mode /></trkpt><trkpt lat="35.0476539" lon="-118.1613255"><ele>851.26</ele><time>2026-06-26T11:17:57-05:00</time><course>321.8867</course><roll>-33.33089</roll><pitch>-12.01697</pitch><mode /></trkpt><trkpt lat="35.0476763" lon="-118.1613219"><ele>851.78</ele><time>2026-06-26T11:17:57-05:00</time><course>317.2312</course><roll>-28.53537</roll><pitch>-13.86313</pitch><mode /></trkpt><trkpt lat="35.0476993" lon="-118.161317"><ele>852.34</ele><time>2026-06-26T11:17:57-05:00</time><course>316.3375</course><roll>-22.27453</roll><pitch>-12.07304</pitch><mode /></trkpt><trkpt lat="35.0477224" lon="-118.1613128"><ele>852.77</ele><time>2026-06-26T11:17:57-05:00</time><course>325.1433</course><roll>-25.77052</roll><pitch>-6.742297</pitch><mode /></trkpt><trkpt lat="35.0477453" lon="-118.1613086"><ele>853.01</ele><time>2026-06-26T11:17:57-05:00</time><course>334.6095</course><roll>-29.5274</roll><pitch>-5.276411</pitch><mode /></trkpt><trkpt lat="35.0477698" lon="-118.1613024"><ele>853.13</ele><time>2026-06-26T11:17:58-05:00</time><course>341.5861</course><roll>-23.63017</roll><pitch>-7.749686</pitch><mode /></trkpt><trkpt lat="35.0477957" lon="-118.1612928"><ele>853.43</ele><time>2026-06-26T11:17:58-05:00</time><course>340.8813</course><roll>-23.42198</roll><pitch>-11.52825</pitch><mode /></trkpt><trkpt lat="35.047822" lon="-118.1612809"><ele>853.85</ele><time>2026-06-26T11:17:58-05:00</time><course>345.0414</course><roll>-28.12666</roll><pitch>-12.33724</pitch><mode /></trkpt><trkpt lat="35.0478481" lon="-118.1612673"><ele>854.35</ele><time>2026-06-26T11:17:58-05:00</time><course>349.4932</course><roll>-31.11082</roll><pitch>-13.28703</pitch><mode /></trkpt><trkpt lat="35.0478741" lon="-118.1612513"><ele>854.89</ele><time>2026-06-26T11:17:58-05:00</time><course>356.0072</course><roll>-36.9814</roll><pitch>-12.5904</pitch><mode /></trkpt><trkpt lat="35.0479" lon="-118.1612321"><ele>855.48</ele><time>2026-06-26T11:17:59-05:00</time><course>358.8728</course><roll>-41.15398</roll><pitch>-12.10688</pitch><mode /></trkpt><trkpt lat="35.0479255" lon="-118.1612103"><ele>856.04</ele><time>2026-06-26T11:17:59-05:00</time><course>3.502722</course><roll>-43.8223</roll><pitch>-10.06872</pitch><mode /></trkpt><trkpt lat="35.0479507" lon="-118.1611861"><ele>856.53</ele><time>2026-06-26T11:17:59-05:00</time><course>8.582093</course><roll>-43.77787</roll><pitch>-7.520751</pitch><mode /></trkpt><trkpt lat="35.0479756" lon="-118.1611591"><ele>857.01</ele><time>2026-06-26T11:17:59-05:00</time><course>12.76366</course><roll>-40.7959</roll><pitch>-7.124488</pitch><mode /></trkpt><trkpt lat="35.0480006" lon="-118.1611299"><ele>857.42</ele><time>2026-06-26T11:17:59-05:00</time><course>19.06056</course><roll>-40.45051</roll><pitch>-5.112184</pitch><mode /></trkpt><trkpt lat="35.0480245" lon="-118.1610977"><ele>857.95</ele><time>2026-06-26T11:18:00-05:00</time><course>26.85618</course><roll>-42.7148</roll><pitch>-4.346142</pitch><mode /></trkpt><trkpt lat="35.0480481" lon="-118.161063"><ele>858.22</ele><time>2026-06-26T11:18:00-05:00</time><course>31.8779</course><roll>-47.22414</roll><pitch>-5.563922</pitch><mode /></trkpt><trkpt lat="35.0480713" lon="-118.1610262"><ele>858.31</ele><time>2026-06-26T11:18:00-05:00</time><course>38.54751</course><roll>-45.35299</roll><pitch>-7.599847</pitch><mode /></trkpt><trkpt lat="35.0480928" lon="-118.1609866"><ele>858.33</ele><time>2026-06-26T11:18:00-05:00</time><course>41.75467</course><roll>-40.3331</roll><pitch>-11.35895</pitch><mode /></trkpt><trkpt lat="35.0481124" lon="-118.1609448"><ele>858.26</ele><time>2026-06-26T11:18:00-05:00</time><course>45.17329</course><roll>-33.77377</roll><pitch>-11.32653</pitch><mode /></trkpt><trkpt lat="35.0481308" lon="-118.1609014"><ele>858.16</ele><time>2026-06-26T11:18:01-05:00</time><course>54.09458</course><roll>-35.05972</roll><pitch>-10.31083</pitch><mode /></trkpt><trkpt lat="35.0481477" lon="-118.160856"><ele>858.14</ele><time>2026-06-26T11:18:01-05:00</time><course>59.52845</course><roll>-38.50046</roll><pitch>-10.45442</pitch><mode /></trkpt><trkpt lat="35.0481623" lon="-118.160809"><ele>858.19</ele><time>2026-06-26T11:18:01-05:00</time><course>64.32458</course><roll>-42.19193</roll><pitch>-11.36252</pitch><mode /></trkpt><trkpt lat="35.0481746" lon="-118.1607605"><ele>858.15</ele><time>2026-06-26T11:18:01-05:00</time><course>65.76796</course><roll>-39.01549</roll><pitch>-13.06752</pitch><mode /></trkpt><trkpt lat="35.0481847" lon="-118.1607111"><ele>858.05</ele><time>2026-06-26T11:18:01-05:00</time><course>59.6393</course><roll>-25.35821</roll><pitch>-12.94896</pitch><mode /></trkpt><trkpt lat="35.0481946" lon="-118.1606619"><ele>857.82</ele><time>2026-06-26T11:18:02-05:00</time><course>62.0036</course><roll>-17.78221</roll><pitch>-4.806141</pitch><mode /></trkpt><trkpt lat="35.0482056" lon="-118.1606126"><ele>857.37</ele><time>2026-06-26T11:18:02-05:00</time><course>70.5089</course><roll>-19.99194</roll><pitch>-2.623984</pitch><mode /></trkpt><trkpt lat="35.0482157" lon="-118.1605621"><ele>856.93</ele><time>2026-06-26T11:18:02-05:00</time><course>79.59786</course><roll>-27.54809</roll><pitch>-6.256097</pitch><mode /></trkpt><trkpt lat="35.0482225" lon="-118.1605106"><ele>856.73</ele><time>2026-06-26T11:18:02-05:00</time><course>82.90343</course><roll>-29.93188</roll><pitch>-12.36504</pitch><mode /></trkpt><trkpt lat="35.0482269" lon="-118.1604584"><ele>856.77</ele><time>2026-06-26T11:18:02-05:00</time><course>90.41519</course><roll>-36.05191</roll><pitch>-13.23924</pitch><mode /></trkpt><trkpt lat="35.0482291" lon="-118.1604062"><ele>856.93</ele><time>2026-06-26T11:18:03-05:00</time><course>96.57666</course><roll>-38.87514</roll><pitch>-10.44367</pitch><mode /></trkpt><trkpt lat="35.0482288" lon="-118.1603539"><ele>857</ele><time>2026-06-26T11:18:03-05:00</time><course>99.14601</course><roll>-41.62513</roll><pitch>-10.08875</pitch><mode /></trkpt><trkpt lat="35.0482267" lon="-118.1603017"><ele>856.95</ele><time>2026-06-26T11:18:03-05:00</time><course>102.9561</course><roll>-41.91314</roll><pitch>-8.803753</pitch><mode /></trkpt><trkpt lat="35.0482225" lon="-118.1602499"><ele>856.93</ele><time>2026-06-26T11:18:03-05:00</time><course>110.245</course><roll>-42.72922</roll><pitch>-7.761174</pitch><mode /></trkpt><trkpt lat="35.048216" lon="-118.1601985"><ele>856.93</ele><time>2026-06-26T11:18:03-05:00</time><course>116.9417</course><roll>-46.36639</roll><pitch>-7.293088</pitch><mode /></trkpt><trkpt lat="35.0482068" lon="-118.1601483"><ele>857</ele><time>2026-06-26T11:18:04-05:00</time><course>126.8831</course><roll>-46.19709</roll><pitch>-8.631147</pitch><mode /></trkpt><trkpt lat="35.048194" lon="-118.1601001"><ele>857.11</ele><time>2026-06-26T11:18:04-05:00</time><course>132.2167</course><roll>-45.99083</roll><pitch>-9.711226</pitch><mode /></trkpt><trkpt lat="35.048179" lon="-118.1600549"><ele>857.2</ele><time>2026-06-26T11:18:04-05:00</time><course>138.5528</course><roll>-44.74276</roll><pitch>-8.94803</pitch><mode /></trkpt><trkpt lat="35.0481615" lon="-118.160012"><ele>857.26</ele><time>2026-06-26T11:18:04-05:00</time><course>146.2835</course><roll>-47.87536</roll><pitch>-8.235278</pitch><mode /></trkpt><trkpt lat="35.0481413" lon="-118.159972"><ele>857.4</ele><time>2026-06-26T11:18:04-05:00</time><course>153.7896</course><roll>-51.74452</roll><pitch>-7.071627</pitch><mode /></trkpt><trkpt lat="35.0481191" lon="-118.159935"><ele>857.64</ele><time>2026-06-26T11:18:05-05:00</time><course>162.7816</course><roll>-55.29562</roll><pitch>-6.187716</pitch><mode /></trkpt><trkpt lat="35.0480953" lon="-118.1599019"><ele>857.75</ele><time>2026-06-26T11:18:05-05:00</time><course>170.1123</course><roll>-55.23528</roll><pitch>-6.832288</pitch><mode /></trkpt><trkpt lat="35.0480705" lon="-118.1598729"><ele>857.75</ele><time>2026-06-26T11:18:05-05:00</time><course>178.1553</course><roll>-52.56918</roll><pitch>-5.822344</pitch><mode /></trkpt><trkpt lat="35.0480451" lon="-118.1598482"><ele>857.91</ele><time>2026-06-26T11:18:05-05:00</time><course>185.4686</course><roll>-54.43051</roll><pitch>-4.492724</pitch><mode /></trkpt><trkpt lat="35.0480197" lon="-118.1598287"><ele>857.87</ele><time>2026-06-26T11:18:05-05:00</time><course>193.1472</course><roll>-54.42771</roll><pitch>-5.430268</pitch><mode /></trkpt><trkpt lat="35.0479947" lon="-118.1598146"><ele>857.9</ele><time>2026-06-26T11:18:06-05:00</time><course>201.3152</course><roll>-56.49255</roll><pitch>-7.206584</pitch><mode /></trkpt><trkpt lat="35.0479708" lon="-118.1598063"><ele>857.95</ele><time>2026-06-26T11:18:06-05:00</time><course>209.3239</course><roll>-50.41863</roll><pitch>-5.008264</pitch><mode /></trkpt><trkpt lat="35.0479488" lon="-118.1598023"><ele>858.13</ele><time>2026-06-26T11:18:06-05:00</time><course>215.0427</course><roll>-45.37478</roll><pitch>-4.236722</pitch><mode /></trkpt><trkpt lat="35.0479095" lon="-118.1598051"><ele>858.55</ele><time>2026-06-26T11:18:06-05:00</time><course>230.0168</course><roll>-42.23617</roll><pitch>-5.751314</pitch><mode /></trkpt><trkpt lat="35.047892" lon="-118.1598099"><ele>858.71</ele><time>2026-06-26T11:18:07-05:00</time><course>237.1653</course><roll>-42.31868</roll><pitch>-6.66969</pitch><mode /></trkpt><trkpt lat="35.0478771" lon="-118.1598167"><ele>859.05</ele><time>2026-06-26T11:18:07-05:00</time><course>243.4996</course><roll>-45.64415</roll><pitch>-6.120186</pitch><mode /></trkpt><trkpt lat="35.0478653" lon="-118.1598264"><ele>859.4</ele><time>2026-06-26T11:18:07-05:00</time><course>246.2492</course><roll>-42.88697</roll><pitch>-6.934577</pitch><mode /></trkpt><trkpt lat="35.0478564" lon="-118.1598379"><ele>859.68</ele><time>2026-06-26T11:18:07-05:00</time><course>245.1852</course><roll>-42.21443</roll><pitch>-6.846888</pitch><mode /></trkpt><trkpt lat="35.047849" lon="-118.1598506"><ele>859.89</ele><time>2026-06-26T11:18:07-05:00</time><course>242.5065</course><roll>-32.53296</roll><pitch>-2.143505</pitch><mode /></trkpt><trkpt lat="35.0478422" lon="-118.1598641"><ele>859.88</ele><time>2026-06-26T11:18:08-05:00</time><course>242.578</course><roll>-25.92659</roll><pitch>7.228228</pitch><mode /></trkpt><trkpt lat="35.0478353" lon="-118.1598767"><ele>859.48</ele><time>2026-06-26T11:18:08-05:00</time><course>240.6701</course><roll>-23.47675</roll><pitch>12.07746</pitch><mode /></trkpt><trkpt lat="35.047828" lon="-118.1598886"><ele>858.72</ele><time>2026-06-26T11:18:08-05:00</time><course>238.4765</course><roll>-18.27343</roll><pitch>11.5435</pitch><mode /></trkpt><trkpt lat="35.0478206" lon="-118.1599016"><ele>857.9</ele><time>2026-06-26T11:18:08-05:00</time><course>243.2539</course><roll>-13.9686</roll><pitch>8.260657</pitch><mode /></trkpt><trkpt lat="35.0478132" lon="-118.1599157"><ele>857.31</ele><time>2026-06-26T11:18:08-05:00</time><course>247.4684</course><roll>-12.90526</roll><pitch>4.768647</pitch><mode /></trkpt><trkpt lat="35.0478067" lon="-118.1599303"><ele>856.92</ele><time>2026-06-26T11:18:09-05:00</time><course>250.1949</course><roll>-7.879224</roll><pitch>0.4240291</pitch><mode /></trkpt><trkpt lat="35.0478003" lon="-118.1599459"><ele>856.93</ele><time>2026-06-26T11:18:09-05:00</time><course>250.0341</course><roll>-4.921319</roll><pitch>-2.855704</pitch><mode /></trkpt><trkpt lat="35.0477947" lon="-118.1599627"><ele>857.2</ele><time>2026-06-26T11:18:09-05:00</time><course>251.3832</course><roll>-3.26646</roll><pitch>-3.9519</pitch><mode /></trkpt><trkpt lat="35.0477892" lon="-118.1599792"><ele>857.63</ele><time>2026-06-26T11:18:09-05:00</time><course>247.7032</course><roll>-2.113863</roll><pitch>-4.302981</pitch><mode /></trkpt><trkpt lat="35.0477846" lon="-118.1599959"><ele>858.12</ele><time>2026-06-26T11:18:09-05:00</time><course>242.3698</course><roll>0.546837</roll><pitch>-8.225564</pitch><mode /></trkpt><trkpt lat="35.0477803" lon="-118.1600112"><ele>858.79</ele><time>2026-06-26T11:18:10-05:00</time><course>244.1151</course><roll>-3.326163</roll><pitch>-11.09549</pitch><mode /></trkpt><trkpt lat="35.0477758" lon="-118.1600253"><ele>859.7</ele><time>2026-06-26T11:18:10-05:00</time><course>248.3078</course><roll>-4.712591</roll><pitch>-10.73483</pitch><mode /></trkpt><trkpt lat="35.0477718" lon="-118.1600388"><ele>860.58</ele><time>2026-06-26T11:18:10-05:00</time><course>252.795</course><roll>-12.46887</roll><pitch>-10.76593</pitch><mode /></trkpt><trkpt lat="35.047768" lon="-118.1600519"><ele>861.33</ele><time>2026-06-26T11:18:10-05:00</time><course>256.5351</course><roll>-16.02231</roll><pitch>-8.31672</pitch><mode /></trkpt><trkpt lat="35.0477652" lon="-118.160065"><ele>861.99</ele><time>2026-06-26T11:18:10-05:00</time><course>252.2343</course><roll>-13.77576</roll><pitch>-6.297155</pitch><mode /></trkpt><trkpt lat="35.0477634" lon="-118.1600777"><ele>862.37</ele><time>2026-06-26T11:18:11-05:00</time><course>252.3483</course><roll>-12.03901</roll><pitch>-1.274141</pitch><mode /></trkpt><trkpt lat="35.047761" lon="-118.16009"><ele>862.36</ele><time>2026-06-26T11:18:11-05:00</time><course>254.859</course><roll>-12.64614</roll><pitch>2.892125</pitch><mode /></trkpt><trkpt lat="35.0477589" lon="-118.1601027"><ele>862.15</ele><time>2026-06-26T11:18:11-05:00</time><course>258.787</course><roll>-15.23539</roll><pitch>3.011359</pitch><mode /></trkpt><trkpt lat="35.0477576" lon="-118.1601156"><ele>861.91</ele><time>2026-06-26T11:18:11-05:00</time><course>260.3668</course><roll>-17.42232</roll><pitch>0.7058383</pitch><mode /></trkpt><trkpt lat="35.047758" lon="-118.1601291"><ele>861.68</ele><time>2026-06-26T11:18:11-05:00</time><course>260.0393</course><roll>-16.99806</roll><pitch>-0.3848265</pitch><mode /></trkpt><trkpt lat="35.0477586" lon="-118.1601424"><ele>861.52</ele><time>2026-06-26T11:18:12-05:00</time><course>261.6595</course><roll>-15.95407</roll><pitch>3.029142</pitch><mode /></trkpt><trkpt lat="35.0477601" lon="-118.1601555"><ele>861.22</ele><time>2026-06-26T11:18:12-05:00</time><course>260.2177</course><roll>-11.6972</roll><pitch>7.106744</pitch><mode /></trkpt><trkpt lat="35.0477621" lon="-118.1601685"><ele>860.69</ele><time>2026-06-26T11:18:12-05:00</time><course>260.4879</course><roll>-9.788323</roll><pitch>8.396491</pitch><mode /></trkpt><trkpt lat="35.0477643" lon="-118.1601818"><ele>859.91</ele><time>2026-06-26T11:18:12-05:00</time><course>259.3242</course><roll>-7.893866</roll><pitch>8.948087</pitch><mode /></trkpt><trkpt lat="35.0477666" lon="-118.1601959"><ele>859.22</ele><time>2026-06-26T11:18:12-05:00</time><course>259.2678</course><roll>-6.508177</roll><pitch>7.634015</pitch><mode /></trkpt><trkpt lat="35.0477689" lon="-118.16021"><ele>858.62</ele><time>2026-06-26T11:18:13-05:00</time><course>259.0036</course><roll>-3.781417</roll><pitch>4.216393</pitch><mode /></trkpt><trkpt lat="35.0477712" lon="-118.1602236"><ele>858.31</ele><time>2026-06-26T11:18:13-05:00</time><course>261.349</course><roll>-2.237864</roll><pitch>0.7143312</pitch><mode /></trkpt><trkpt lat="35.047774" lon="-118.1602374"><ele>858.06</ele><time>2026-06-26T11:18:13-05:00</time><course>258.5559</course><roll>-0.5988579</roll><pitch>0.1136909</pitch><mode /></trkpt><trkpt lat="35.0477763" lon="-118.1602516"><ele>858.13</ele><time>2026-06-26T11:18:13-05:00</time><course>258.3279</course><roll>0.9068478</roll><pitch>0.5291037</pitch><mode /></trkpt><trkpt lat="35.0477784" lon="-118.1602656"><ele>858.12</ele><time>2026-06-26T11:18:13-05:00</time><course>259.7984</course><roll>1.884419</roll><pitch>-0.5903857</pitch><mode /></trkpt><trkpt lat="35.0477802" lon="-118.1602791"><ele>858</ele><time>2026-06-26T11:18:14-05:00</time><course>261.5657</course><roll>-1.773554</roll><pitch>-2.180775</pitch><mode /></trkpt><trkpt lat="35.0477821" lon="-118.1602925"><ele>857.9</ele><time>2026-06-26T11:18:14-05:00</time><course>263.0344</course><roll>-4.635003</roll><pitch>-2.731599</pitch><mode /></trkpt><trkpt lat="35.0477847" lon="-118.1603053"><ele>857.8</ele><time>2026-06-26T11:18:14-05:00</time><course>261.6766</course><roll>-3.552955</roll><pitch>-2.067696</pitch><mode /></trkpt><trkpt lat="35.047787" lon="-118.1603178"><ele>857.75</ele><time>2026-06-26T11:18:14-05:00</time><course>261.6055</course><roll>-1.787925</roll><pitch>0.3061463</pitch><mode /></trkpt><trkpt lat="35.0477892" lon="-118.1603301"><ele>857.63</ele><time>2026-06-26T11:18:14-05:00</time><course>260.6396</course><roll>-0.1969078</roll><pitch>0.5448341</pitch><mode /></trkpt><trkpt lat="35.0477913" lon="-118.160342"><ele>857.46</ele><time>2026-06-26T11:18:15-05:00</time><course>261.9424</course><roll>-2.424097</roll><pitch>0.6504863</pitch><mode /></trkpt><trkpt lat="35.0477937" lon="-118.1603538"><ele>857.23</ele><time>2026-06-26T11:18:15-05:00</time><course>261.9872</course><roll>-3.326676</roll><pitch>1.097853</pitch><mode /></trkpt><trkpt lat="35.0477962" lon="-118.160366"><ele>857.02</ele><time>2026-06-26T11:18:15-05:00</time><course>259.6881</course><roll>-0.8731599</roll><pitch>1.380213</pitch><mode /></trkpt><trkpt lat="35.0477984" lon="-118.1603784"><ele>856.95</ele><time>2026-06-26T11:18:15-05:00</time><course>261.4499</course><roll>-2.374901</roll><pitch>1.516907</pitch><mode /></trkpt><trkpt lat="35.0478006" lon="-118.1603911"><ele>856.73</ele><time>2026-06-26T11:18:15-05:00</time><course>262.5134</course><roll>-0.1833132</roll><pitch>1.359645</pitch><mode /></trkpt><trkpt lat="35.0478033" lon="-118.1604036"><ele>856.38</ele><time>2026-06-26T11:18:16-05:00</time><course>261.615</course><roll>3.410436</roll><pitch>-0.04655419</pitch><mode /></trkpt><trkpt lat="35.0478062" lon="-118.160416"><ele>856.11</ele><time>2026-06-26T11:18:16-05:00</time><course>261.3475</course><roll>4.707102</roll><pitch>-0.554015</pitch><mode /></trkpt><trkpt lat="35.0478084" lon="-118.1604278"><ele>856.03</ele><time>2026-06-26T11:18:16-05:00</time><course>262.327</course><roll>8.459296</roll><pitch>-1.825967</pitch><mode /></trkpt><trkpt lat="35.0478107" lon="-118.1604395"><ele>856.02</ele><time>2026-06-26T11:18:16-05:00</time><course>260.6847</course><roll>9.484822</roll><pitch>-4.555251</pitch><mode /></trkpt><trkpt lat="35.0478121" lon="-118.1604508"><ele>856.23</ele><time>2026-06-26T11:18:16-05:00</time><course>259.5369</course><roll>6.310691</roll><pitch>-6.247204</pitch><mode /></trkpt><trkpt lat="35.0478127" lon="-118.1604615"><ele>856.46</ele><time>2026-06-26T11:18:17-05:00</time><course>261.5896</course><roll>6.478119</roll><pitch>-6.307927</pitch><mode /></trkpt><trkpt lat="35.0478134" lon="-118.1604717"><ele>856.61</ele><time>2026-06-26T11:18:17-05:00</time><course>258.8752</course><roll>3.316165</roll><pitch>-5.844366</pitch><mode /></trkpt><trkpt lat="35.0478144" lon="-118.1604819"><ele>856.76</ele><time>2026-06-26T11:18:17-05:00</time><course>252.8012</course><roll>6.439086</roll><pitch>-2.743399</pitch><mode /></trkpt><trkpt lat="35.0478146" lon="-118.1604916"><ele>856.94</ele><time>2026-06-26T11:18:17-05:00</time><course>256.2033</course><roll>4.951117</roll><pitch>-2.233285</pitch><mode /></trkpt><trkpt lat="35.0478142" lon="-118.1605013"><ele>856.87</ele><time>2026-06-26T11:18:17-05:00</time><course>258.1725</course><roll>0.5241472</roll><pitch>-2.007422</pitch><mode /></trkpt><trkpt lat="35.0478137" lon="-118.1605114"><ele>856.75</ele><time>2026-06-26T11:18:18-05:00</time><course>259.2951</course><roll>8.494581</roll><pitch>-1.370649</pitch><mode /></trkpt><trkpt lat="35.0478127" lon="-118.1605213"><ele>856.63</ele><time>2026-06-26T11:18:18-05:00</time><course>260.2248</course><roll>7.843283</roll><pitch>-1.886974</pitch><mode /></trkpt><trkpt lat="35.047811" lon="-118.1605313"><ele>856.52</ele><time>2026-06-26T11:18:18-05:00</time><course>261.1889</course><roll>3.405389</roll><pitch>-1.767566</pitch><mode /></trkpt><trkpt lat="35.0478092" lon="-118.1605415"><ele>856.28</ele><time>2026-06-26T11:18:18-05:00</time><course>260.0509</course><roll>-0.05179396</roll><pitch>-0.4671523</pitch><mode /></trkpt><trkpt lat="35.0478072" lon="-118.160552"><ele>856.06</ele><time>2026-06-26T11:18:18-05:00</time><course>258.0231</course><roll>-0.3213897</roll><pitch>0.04288024</pitch><mode /></trkpt><trkpt lat="35.0478047" lon="-118.1605629"><ele>855.89</ele><time>2026-06-26T11:18:19-05:00</time><course>258.2518</course><roll>-0.9158193</roll><pitch>1.241412</pitch><mode /></trkpt><trkpt lat="35.0478018" lon="-118.1605735"><ele>855.76</ele><time>2026-06-26T11:18:19-05:00</time><course>259.8372</course><roll>-1.568117</roll><pitch>1.39788</pitch><mode /></trkpt><trkpt lat="35.0477987" lon="-118.1605842"><ele>855.62</ele><time>2026-06-26T11:18:19-05:00</time><course>259.5281</course><roll>-1.17067</roll><pitch>0.881853</pitch><mode /></trkpt><trkpt lat="35.0477957" lon="-118.1605952"><ele>855.48</ele><time>2026-06-26T11:18:19-05:00</time><course>260.1404</course><roll>-3.811198</roll><pitch>0.6038005</pitch><mode /></trkpt><trkpt lat="35.0477927" lon="-118.1606064"><ele>855.36</ele><time>2026-06-26T11:18:19-05:00</time><course>258.3645</course><roll>-2.926421</roll><pitch>0.3013872</pitch><mode /></trkpt><trkpt lat="35.0477898" lon="-118.1606178"><ele>855.22</ele><time>2026-06-26T11:18:20-05:00</time><course>259.0328</course><roll>-1.555533</roll><pitch>-0.468714</pitch><mode /></trkpt><trkpt lat="35.0477869" lon="-118.1606292"><ele>855.03</ele><time>2026-06-26T11:18:20-05:00</time><course>260.1453</course><roll>-2.892933</roll><pitch>-1.461188</pitch><mode /></trkpt><trkpt lat="35.0477835" lon="-118.1606408"><ele>854.82</ele><time>2026-06-26T11:18:20-05:00</time><course>258.083</course><roll>-2.829015</roll><pitch>-2.187756</pitch><mode /></trkpt><trkpt lat="35.0477807" lon="-118.1606524"><ele>854.57</ele><time>2026-06-26T11:18:20-05:00</time><course>256.8768</course><roll>-4.269768</roll><pitch>-2.715834</pitch><mode /></trkpt><trkpt lat="35.0477774" lon="-118.1606643"><ele>854.31</ele><time>2026-06-26T11:18:20-05:00</time><course>259.8003</course><roll>3.656264</roll><pitch>-2.754239</pitch><mode /></trkpt><trkpt lat="35.0477735" lon="-118.1606761"><ele>854.12</ele><time>2026-06-26T11:18:21-05:00</time><course>262.5714</course><roll>10.08114</roll><pitch>-5.727692</pitch><mode /></trkpt><trkpt lat="35.0477695" lon="-118.1606877"><ele>854.08</ele><time>2026-06-26T11:18:21-05:00</time><course>258.5596</course><roll>8.498591</roll><pitch>-8.651208</pitch><mode /></trkpt><trkpt lat="35.0477649" lon="-118.1606987"><ele>854.15</ele><time>2026-06-26T11:18:21-05:00</time><course>255.7388</course><roll>6.52162</roll><pitch>-9.385658</pitch><mode /></trkpt><trkpt lat="35.0477592" lon="-118.1607086"><ele>854.41</ele><time>2026-06-26T11:18:21-05:00</time><course>256.7079</course><roll>-2.342429</roll><pitch>-8.365971</pitch><mode /></trkpt><trkpt lat="35.0477533" lon="-118.1607179"><ele>854.73</ele><time>2026-06-26T11:18:21-05:00</time><course>255.4716</course><roll>-1.033809</roll><pitch>-6.15186</pitch><mode /></trkpt><trkpt lat="35.0477476" lon="-118.1607271"><ele>854.92</ele><time>2026-06-26T11:18:22-05:00</time><course>256.0547</course><roll>-1.729849</roll><pitch>-4.223364</pitch><mode /></trkpt><trkpt lat="35.047742" lon="-118.1607363"><ele>854.99</ele><time>2026-06-26T11:18:22-05:00</time><course>256.2836</course><roll>-3.867938</roll><pitch>-3.894418</pitch><mode /></trkpt><trkpt lat="35.0477366" lon="-118.1607459"><ele>855.02</ele><time>2026-06-26T11:18:22-05:00</time><course>256.3778</course><roll>-9.301767</roll><pitch>-4.030231</pitch><mode /></trkpt><trkpt lat="35.0477314" lon="-118.1607556"><ele>855.2</ele><time>2026-06-26T11:18:22-05:00</time><course>257.061</course><roll>-9.170107</roll><pitch>-3.059435</pitch><mode /></trkpt><trkpt lat="35.0477267" lon="-118.1607654"><ele>855.31</ele><time>2026-06-26T11:18:22-05:00</time><course>256.6506</course><roll>-9.405136</roll><pitch>-2.500682</pitch><mode /></trkpt><trkpt lat="35.0477227" lon="-118.1607754"><ele>855.33</ele><time>2026-06-26T11:18:23-05:00</time><course>254.4231</course><roll>-6.980881</roll><pitch>1.433563</pitch><mode /></trkpt><trkpt lat="35.0477185" lon="-118.1607856"><ele>855.3</ele><time>2026-06-26T11:18:23-05:00</time><course>255.2162</course><roll>-5.377189</roll><pitch>3.766315</pitch><mode /></trkpt><trkpt lat="35.0477139" lon="-118.1607964"><ele>855.11</ele><time>2026-06-26T11:18:23-05:00</time><course>255.5639</course><roll>-7.371172</roll><pitch>5.531325</pitch><mode /></trkpt><trkpt lat="35.0477093" lon="-118.1608079"><ele>854.85</ele><time>2026-06-26T11:18:23-05:00</time><course>254.4503</course><roll>-2.657175</roll><pitch>5.804173</pitch><mode /></trkpt><trkpt lat="35.0477045" lon="-118.1608196"><ele>854.55</ele><time>2026-06-26T11:18:23-05:00</time><course>256.507</course><roll>0.2221507</roll><pitch>4.654436</pitch><mode /></trkpt><trkpt lat="35.0476994" lon="-118.1608318"><ele>854.32</ele><time>2026-06-26T11:18:24-05:00</time><course>256.7057</course><roll>0.3447925</roll><pitch>1.182525</pitch><mode /></trkpt><trkpt lat="35.0476945" lon="-118.1608448"><ele>854.33</ele><time>2026-06-26T11:18:24-05:00</time><course>252.48</course><roll>1.884422</roll><pitch>-1.018161</pitch><mode /></trkpt><trkpt lat="35.047689" lon="-118.1608586"><ele>854.49</ele><time>2026-06-26T11:18:24-05:00</time><course>254.7581</course><roll>3.089751</roll><pitch>-3.498631</pitch><mode /></trkpt><trkpt lat="35.047683" lon="-118.1608722"><ele>854.76</ele><time>2026-06-26T11:18:24-05:00</time><course>253.345</course><roll>5.097105</roll><pitch>-4.742166</pitch><mode /></trkpt><trkpt lat="35.0476773" lon="-118.1608853"><ele>855.18</ele><time>2026-06-26T11:18:24-05:00</time><course>249.1084</course><roll>5.325646</roll><pitch>-4.713512</pitch><mode /></trkpt><trkpt lat="35.0476712" lon="-118.160898"><ele>855.64</ele><time>2026-06-26T11:18:25-05:00</time><course>245.6437</course><roll>8.506084</roll><pitch>-3.766323</pitch><mode /></trkpt><trkpt lat="35.0476649" lon="-118.1609105"><ele>855.96</ele><time>2026-06-26T11:18:25-05:00</time><course>246.3259</course><roll>8.945844</roll><pitch>-4.688268</pitch><mode /></trkpt><trkpt lat="35.0476588" lon="-118.1609228"><ele>856.23</ele><time>2026-06-26T11:18:25-05:00</time><course>242.9551</course><roll>7.537779</roll><pitch>-4.031425</pitch><mode /></trkpt><trkpt lat="35.0476523" lon="-118.1609344"><ele>856.59</ele><time>2026-06-26T11:18:25-05:00</time><course>241.791</course><roll>8.867826</roll><pitch>-3.511147</pitch><mode /></trkpt><trkpt lat="35.047645" lon="-118.1609447"><ele>856.92</ele><time>2026-06-26T11:18:25-05:00</time><course>242.7386</course><roll>7.94098</roll><pitch>-3.601681</pitch><mode /></trkpt><trkpt lat="35.0476371" lon="-118.1609542"><ele>857.28</ele><time>2026-06-26T11:18:26-05:00</time><course>245.638</course><roll>7.031611</roll><pitch>-3.490839</pitch><mode /></trkpt><trkpt lat="35.0476289" lon="-118.160963"><ele>857.59</ele><time>2026-06-26T11:18:26-05:00</time><course>247.148</course><roll>4.621632</roll><pitch>-3.09872</pitch><mode /></trkpt><trkpt lat="35.0476204" lon="-118.1609717"><ele>857.78</ele><time>2026-06-26T11:18:26-05:00</time><course>248.0652</course><roll>6.837717</roll><pitch>-1.806439</pitch><mode /></trkpt><trkpt lat="35.0476117" lon="-118.1609804"><ele>857.9</ele><time>2026-06-26T11:18:26-05:00</time><course>245.0423</course><roll>5.008116</roll><pitch>-1.212954</pitch><mode /></trkpt><trkpt lat="35.047603" lon="-118.160989"><ele>858.06</ele><time>2026-06-26T11:18:26-05:00</time><course>240.7906</course><roll>4.204185</roll><pitch>1.589643</pitch><mode /></trkpt><trkpt lat="35.0475943" lon="-118.160997"><ele>858.06</ele><time>2026-06-26T11:18:27-05:00</time><course>244.7868</course><roll>9.34449</roll><pitch>1.233386</pitch><mode /></trkpt><trkpt lat="35.0475849" lon="-118.1610042"><ele>858</ele><time>2026-06-26T11:18:27-05:00</time><course>245.269</course><roll>5.946345</roll><pitch>1.442753</pitch><mode /></trkpt><trkpt lat="35.0475757" lon="-118.1610113"><ele>857.91</ele><time>2026-06-26T11:18:27-05:00</time><course>240.5974</course><roll>3.870323</roll><pitch>3.17059</pitch><mode /></trkpt><trkpt lat="35.0475664" lon="-118.1610185"><ele>857.78</ele><time>2026-06-26T11:18:27-05:00</time><course>239.5727</course><roll>0.6874327</roll><pitch>3.934397</pitch><mode /></trkpt><trkpt lat="35.047557" lon="-118.1610257"><ele>857.54</ele><time>2026-06-26T11:18:27-05:00</time><course>237.2991</course><roll>0.5018616</roll><pitch>6.420635</pitch><mode /></trkpt><trkpt lat="35.0475475" lon="-118.1610327"><ele>857.29</ele><time>2026-06-26T11:18:28-05:00</time><course>239.4523</course><roll>0.4460972</roll><pitch>7.893183</pitch><mode /></trkpt><trkpt lat="35.0475376" lon="-118.1610393"><ele>856.85</ele><time>2026-06-26T11:18:28-05:00</time><course>244.0553</course><roll>0.15541</roll><pitch>6.028191</pitch><mode /></trkpt><trkpt lat="35.0475277" lon="-118.161046"><ele>856.48</ele><time>2026-06-26T11:18:28-05:00</time><course>245.2589</course><roll>-1.997453</roll><pitch>2.977245</pitch><mode /></trkpt><trkpt lat="35.0475181" lon="-118.1610535"><ele>856.27</ele><time>2026-06-26T11:18:28-05:00</time><course>244.5346</course><roll>-5.753054</roll><pitch>0.6688074</pitch><mode /></trkpt><trkpt lat="35.0475088" lon="-118.1610608"><ele>856.12</ele><time>2026-06-26T11:18:28-05:00</time><course>245.26</course><roll>-10.20815</roll><pitch>-0.7130751</pitch><mode /></trkpt><trkpt lat="35.0474998" lon="-118.161068"><ele>856.13</ele><time>2026-06-26T11:18:29-05:00</time><course>250.3179</course><roll>-16.61149</roll><pitch>-1.262653</pitch><mode /></trkpt><trkpt lat="35.0474917" lon="-118.1610751"><ele>856.17</ele><time>2026-06-26T11:18:29-05:00</time><course>250.1492</course><roll>-21.5739</roll><pitch>-2.297194</pitch><mode /></trkpt><trkpt lat="35.0474854" lon="-118.1610829"><ele>856.3</ele><time>2026-06-26T11:18:29-05:00</time><course>250.7255</course><roll>-25.37314</roll><pitch>-3.141659</pitch><mode /></trkpt><trkpt lat="35.0474805" lon="-118.1610909"><ele>856.5</ele><time>2026-06-26T11:18:29-05:00</time><course>253.8226</course><roll>-28.07541</roll><pitch>-2.757836</pitch><mode /></trkpt><trkpt lat="35.0474771" lon="-118.1610992"><ele>856.67</ele><time>2026-06-26T11:18:29-05:00</time><course>256.8842</course><roll>-28.61094</roll><pitch>-1.366427</pitch><mode /></trkpt><trkpt lat="35.0474756" lon="-118.1611078"><ele>856.7</ele><time>2026-06-26T11:18:30-05:00</time><course>258.5697</course><roll>-29.29682</roll><pitch>-0.9781717</pitch><mode /></trkpt><trkpt lat="35.0474753" lon="-118.1611168"><ele>856.67</ele><time>2026-06-26T11:18:30-05:00</time><course>261.5336</course><roll>-30.71625</roll><pitch>-0.8146954</pitch><mode /></trkpt><trkpt lat="35.0474763" lon="-118.161126"><ele>856.69</ele><time>2026-06-26T11:18:30-05:00</time><course>266.8696</course><roll>-34.93594</roll><pitch>0.7073854</pitch><mode /></trkpt><trkpt lat="35.0474795" lon="-118.1611355"><ele>856.58</ele><time>2026-06-26T11:18:30-05:00</time><course>269.499</course><roll>-35.86412</roll><pitch>-0.6732104</pitch><mode /></trkpt><trkpt lat="35.0474846" lon="-118.1611448"><ele>856.47</ele><time>2026-06-26T11:18:30-05:00</time><course>272.3686</course><roll>-34.79771</roll><pitch>-2.462215</pitch><mode /></trkpt><trkpt lat="35.0474922" lon="-118.1611538"><ele>856.29</ele><time>2026-06-26T11:18:31-05:00</time><course>275.1533</course><roll>-35.83682</roll><pitch>-3.390957</pitch><mode /></trkpt><trkpt lat="35.047502" lon="-118.1611627"><ele>856.22</ele><time>2026-06-26T11:18:31-05:00</time><course>276.1126</course><roll>-32.51623</roll><pitch>-3.672318</pitch><mode /></trkpt><trkpt lat="35.0475137" lon="-118.1611717"><ele>856.14</ele><time>2026-06-26T11:18:31-05:00</time><course>279.572</course><roll>-30.1856</roll><pitch>-1.966229</pitch><mode /></trkpt><trkpt lat="35.0475268" lon="-118.1611804"><ele>856.03</ele><time>2026-06-26T11:18:31-05:00</time><course>284.6534</course><roll>-26.50057</roll><pitch>-1.241253</pitch><mode /></trkpt><trkpt lat="35.0475417" lon="-118.1611887"><ele>855.93</ele><time>2026-06-26T11:18:31-05:00</time><course>290.7686</course><roll>-26.27685</roll><pitch>-2.623966</pitch><mode /></trkpt><trkpt lat="35.0475586" lon="-118.1611963"><ele>855.99</ele><time>2026-06-26T11:18:32-05:00</time><course>297.2017</course><roll>-29.4742</roll><pitch>-7.005188</pitch><mode /></trkpt><trkpt lat="35.0475772" lon="-118.1612022"><ele>856.2</ele><time>2026-06-26T11:18:32-05:00</time><course>300.5508</course><roll>-36.35986</roll><pitch>-9.492379</pitch><mode /></trkpt><trkpt lat="35.0475981" lon="-118.1612062"><ele>856.49</ele><time>2026-06-26T11:18:32-05:00</time><course>305.0981</course><roll>-41.99236</roll><pitch>-9.13338</pitch><mode /></trkpt><trkpt lat="35.0476206" lon="-118.1612086"><ele>856.73</ele><time>2026-06-26T11:18:32-05:00</time><course>311.5869</course><roll>-46.30436</roll><pitch>-7.019953</pitch><mode /></trkpt><trkpt lat="35.0476449" lon="-118.1612096"><ele>856.82</ele><time>2026-06-26T11:18:32-05:00</time><course>316.8342</course><roll>-45.85933</roll><pitch>-6.541324</pitch><mode /></trkpt><trkpt lat="35.0476702" lon="-118.1612089"><ele>856.81</ele><time>2026-06-26T11:18:33-05:00</time><course>323.496</course><roll>-41.27087</roll><pitch>-6.080553</pitch><mode /></trkpt><trkpt lat="35.0476969" lon="-118.161206"><ele>856.71</ele><time>2026-06-26T11:18:33-05:00</time><course>325.6511</course><roll>-39.88868</roll><pitch>-7.552937</pitch><mode /></trkpt><trkpt lat="35.047725" lon="-118.1612003"><ele>856.61</ele><time>2026-06-26T11:18:33-05:00</time><course>330.7586</course><roll>-39.17183</roll><pitch>-5.501855</pitch><mode /></trkpt><trkpt lat="35.0477542" lon="-118.161193"><ele>856.41</ele><time>2026-06-26T11:18:33-05:00</time><course>338.3097</course><roll>-35.65791</roll><pitch>-4.514505</pitch><mode /></trkpt><trkpt lat="35.0477842" lon="-118.1611834"><ele>856.27</ele><time>2026-06-26T11:18:33-05:00</time><course>345.7781</course><roll>-34.27208</roll><pitch>-4.37439</pitch><mode /></trkpt><trkpt lat="35.0478154" lon="-118.1611707"><ele>856.21</ele><time>2026-06-26T11:18:34-05:00</time><course>351.0067</course><roll>-29.42689</roll><pitch>-7.222718</pitch><mode /></trkpt><trkpt lat="35.0478468" lon="-118.1611551"><ele>856.28</ele><time>2026-06-26T11:18:34-05:00</time><course>356.3861</course><roll>-29.06545</roll><pitch>-8.834791</pitch><mode /></trkpt><trkpt lat="35.0478784" lon="-118.1611371"><ele>856.42</ele><time>2026-06-26T11:18:34-05:00</time><course>1.39235</course><roll>-32.4099</roll><pitch>-12.93483</pitch><mode /></trkpt><trkpt lat="35.0479097" lon="-118.1611152"><ele>856.75</ele><time>2026-06-26T11:18:34-05:00</time><course>4.109483</course><roll>-32.64351</roll><pitch>-17.06838</pitch><mode /></trkpt><trkpt lat="35.0479397" lon="-118.1610908"><ele>857.26</ele><time>2026-06-26T11:18:34-05:00</time><course>9.654675</course><roll>-35.09439</roll><pitch>-15.86859</pitch><mode /></trkpt><trkpt lat="35.0479691" lon="-118.1610647"><ele>857.81</ele><time>2026-06-26T11:18:35-05:00</time><course>20.13546</course><roll>-38.93877</roll><pitch>-9.644848</pitch><mode /></trkpt><trkpt lat="35.0479977" lon="-118.161036"><ele>858.22</ele><time>2026-06-26T11:18:35-05:00</time><course>24.95641</course><roll>-40.33651</roll><pitch>-9.265636</pitch><mode /></trkpt><trkpt lat="35.0480254" lon="-118.161005"><ele>858.55</ele><time>2026-06-26T11:18:35-05:00</time><course>30.23868</course><roll>-45.26038</roll><pitch>-10.07224</pitch><mode /></trkpt><trkpt lat="35.0480521" lon="-118.1609723"><ele>858.84</ele><time>2026-06-26T11:18:35-05:00</time><course>37.21401</course><roll>-45.87791</roll><pitch>-9.074833</pitch><mode /></trkpt><trkpt lat="35.0480778" lon="-118.1609371"><ele>859.08</ele><time>2026-06-26T11:18:35-05:00</time><course>42.9418</course><roll>-41.79599</roll><pitch>-8.923878</pitch><mode /></trkpt><trkpt lat="35.0481021" lon="-118.1608996"><ele>859.19</ele><time>2026-06-26T11:18:36-05:00</time><course>47.15013</course><roll>-42.40674</roll><pitch>-10.11743</pitch><mode /></trkpt><trkpt lat="35.0481246" lon="-118.1608601"><ele>859.38</ele><time>2026-06-26T11:18:36-05:00</time><course>48.49068</course><roll>-40.99286</roll><pitch>-12.08421</pitch><mode /></trkpt><trkpt lat="35.0481458" lon="-118.1608191"><ele>859.5</ele><time>2026-06-26T11:18:36-05:00</time><course>50.91516</course><roll>-36.33133</roll><pitch>-14.32044</pitch><mode /></trkpt><trkpt lat="35.0481647" lon="-118.1607763"><ele>859.77</ele><time>2026-06-26T11:18:36-05:00</time><course>55.46986</course><roll>-30.64012</roll><pitch>-12.83675</pitch><mode /></trkpt><trkpt lat="35.0481825" lon="-118.1607321"><ele>860.1</ele><time>2026-06-26T11:18:36-05:00</time><course>63.94586</course><roll>-28.38905</roll><pitch>-9.618116</pitch><mode /></trkpt><trkpt lat="35.0481991" lon="-118.1606872"><ele>860.48</ele><time>2026-06-26T11:18:37-05:00</time><course>71.43</course><roll>-29.88894</roll><pitch>-11.03564</pitch><mode /></trkpt><trkpt lat="35.0482137" lon="-118.1606415"><ele>860.96</ele><time>2026-06-26T11:18:37-05:00</time><course>74.81163</course><roll>-27.81894</roll><pitch>-13.14087</pitch><mode /></trkpt><trkpt lat="35.0482261" lon="-118.160595"><ele>861.57</ele><time>2026-06-26T11:18:37-05:00</time><course>77.68854</course><roll>-25.58857</roll><pitch>-13.37873</pitch><mode /></trkpt><trkpt lat="35.0482373" lon="-118.1605485"><ele>862.08</ele><time>2026-06-26T11:18:37-05:00</time><course>81.32023</course><roll>-25.51193</roll><pitch>-11.16995</pitch><mode /></trkpt><trkpt lat="35.0482478" lon="-118.1605022"><ele>862.47</ele><time>2026-06-26T11:18:37-05:00</time><course>90.68033</course><roll>-32.81741</roll><pitch>-10.06594</pitch><mode /></trkpt><trkpt lat="35.0482562" lon="-118.1604562"><ele>862.94</ele><time>2026-06-26T11:18:38-05:00</time><course>95.68188</course><roll>-49.28204</roll><pitch>-9.76954</pitch><mode /></trkpt><trkpt lat="35.0482615" lon="-118.1604099"><ele>863.32</ele><time>2026-06-26T11:18:38-05:00</time><course>95.07648</course><roll>-51.90421</roll><pitch>-15.3868</pitch><mode /></trkpt><trkpt lat="35.0482648" lon="-118.1603631"><ele>863.59</ele><time>2026-06-26T11:18:38-05:00</time><course>95.00264</course><roll>-38.5077</roll><pitch>-19.45835</pitch><mode /></trkpt><trkpt lat="35.0482663" lon="-118.1603172"><ele>864.11</ele><time>2026-06-26T11:18:38-05:00</time><course>102.1779</course><roll>-37.3937</roll><pitch>-13.34893</pitch><mode /></trkpt><trkpt lat="35.0482656" lon="-118.1602728"><ele>864.7</ele><time>2026-06-26T11:18:38-05:00</time><course>108.9438</course><roll>-39.03375</roll><pitch>-11.14966</pitch><mode /></trkpt><trkpt lat="35.0482625" lon="-118.1602288"><ele>865.22</ele><time>2026-06-26T11:18:39-05:00</time><course>117.4367</course><roll>-34.74287</roll><pitch>-12.41991</pitch><mode /></trkpt><trkpt lat="35.0482567" lon="-118.1601859"><ele>865.65</ele><time>2026-06-26T11:18:39-05:00</time><course>122.4688</course><roll>-36.52172</roll><pitch>-15.14782</pitch><mode /></trkpt><trkpt lat="35.0482486" lon="-118.1601457"><ele>866.3</ele><time>2026-06-26T11:18:39-05:00</time><course>127.6318</course><roll>-40.9424</roll><pitch>-15.00339</pitch><mode /></trkpt><trkpt lat="35.048239" lon="-118.1601068"><ele>866.9</ele><time>2026-06-26T11:18:39-05:00</time><course>132.7209</course><roll>-42.52601</roll><pitch>-12.71863</pitch><mode /></trkpt><trkpt lat="35.0482281" lon="-118.1600679"><ele>867.32</ele><time>2026-06-26T11:18:39-05:00</time><course>138.1437</course><roll>-46.04782</roll><pitch>-9.858356</pitch><mode /></trkpt><trkpt lat="35.0482157" lon="-118.1600301"><ele>867.53</ele><time>2026-06-26T11:18:40-05:00</time><course>146.6058</course><roll>-46.93539</roll><pitch>-7.318235</pitch><mode /></trkpt><trkpt lat="35.0482012" lon="-118.1599946"><ele>867.78</ele><time>2026-06-26T11:18:40-05:00</time><course>152.4592</course><roll>-46.48349</roll><pitch>-7.37332</pitch><mode /></trkpt><trkpt lat="35.0481855" lon="-118.1599617"><ele>868.17</ele><time>2026-06-26T11:18:40-05:00</time><course>159.2907</course><roll>-45.23199</roll><pitch>-7.072001</pitch><mode /></trkpt><trkpt lat="35.0481689" lon="-118.1599311"><ele>868.6</ele><time>2026-06-26T11:18:40-05:00</time><course>168.3277</course><roll>-45.32981</roll><pitch>-2.597116</pitch><mode /></trkpt><trkpt lat="35.0481513" lon="-118.1599025"><ele>868.78</ele><time>2026-06-26T11:18:40-05:00</time><course>176.0414</course><roll>-44.49813</roll><pitch>-2.643324</pitch><mode /></trkpt><trkpt lat="35.0481326" lon="-118.1598782"><ele>868.84</ele><time>2026-06-26T11:18:41-05:00</time><course>178.9606</course><roll>-32.74936</roll><pitch>-5.935684</pitch><mode /></trkpt><trkpt lat="35.0481136" lon="-118.1598575"><ele>869.01</ele><time>2026-06-26T11:18:41-05:00</time><course>184.5595</course><roll>-32.25047</roll><pitch>-3.957642</pitch><mode /></trkpt><trkpt lat="35.0480944" lon="-118.1598379"><ele>869.13</ele><time>2026-06-26T11:18:41-05:00</time><course>193.2221</course><roll>-37.02851</roll><pitch>-4.492879</pitch><mode /></trkpt><trkpt lat="35.0480762" lon="-118.1598217"><ele>869.28</ele><time>2026-06-26T11:18:41-05:00</time><course>199.81</course><roll>-38.78403</roll><pitch>-7.079928</pitch><mode /></trkpt><trkpt lat="35.048059" lon="-118.1598092"><ele>869.45</ele><time>2026-06-26T11:18:41-05:00</time><course>205.5555</course><roll>-40.18131</roll><pitch>-7.694131</pitch><mode /></trkpt><trkpt lat="35.048043" lon="-118.1597993"><ele>869.65</ele><time>2026-06-26T11:18:42-05:00</time><course>212.6764</course><roll>-45.48815</roll><pitch>-6.271781</pitch><mode /></trkpt><trkpt lat="35.048028" lon="-118.159792"><ele>869.81</ele><time>2026-06-26T11:18:42-05:00</time><course>217.8725</course><roll>-46.00357</roll><pitch>-5.200484</pitch><mode /></trkpt><trkpt lat="35.0480144" lon="-118.1597869"><ele>869.95</ele><time>2026-06-26T11:18:42-05:00</time><course>225.2184</course><roll>-46.09429</roll><pitch>-3.406179</pitch><mode /></trkpt><trkpt lat="35.0480023" lon="-118.1597853"><ele>869.98</ele><time>2026-06-26T11:18:42-05:00</time><course>231.3145</course><roll>-44.59404</roll><pitch>-4.945733</pitch><mode /></trkpt><trkpt lat="35.0479922" lon="-118.1597863"><ele>870</ele><time>2026-06-26T11:18:42-05:00</time><course>238.427</course><roll>-45.3154</roll><pitch>-4.343824</pitch><mode /></trkpt><trkpt lat="35.0479843" lon="-118.1597892"><ele>870.14</ele><time>2026-06-26T11:18:43-05:00</time><course>246.3058</course><roll>-45.26021</roll><pitch>-3.90484</pitch><mode /></trkpt><trkpt lat="35.0479793" lon="-118.1597944"><ele>870.2</ele><time>2026-06-26T11:18:43-05:00</time><course>251.1302</course><roll>-45.65816</roll><pitch>-4.443316</pitch><mode /></trkpt><trkpt lat="35.0479767" lon="-118.1598009"><ele>870.25</ele><time>2026-06-26T11:18:43-05:00</time><course>255.485</course><roll>-39.9328</roll><pitch>-5.071973</pitch><mode /></trkpt><trkpt lat="35.0479769" lon="-118.1598079"><ele>870.3</ele><time>2026-06-26T11:18:43-05:00</time><course>249.0875</course><roll>-26.99491</roll><pitch>-3.614431</pitch><mode /></trkpt><trkpt lat="35.0479783" lon="-118.1598146"><ele>870.33</ele><time>2026-06-26T11:18:43-05:00</time><course>248.6812</course><roll>-17.67118</roll><pitch>4.819652</pitch><mode /></trkpt><trkpt lat="35.0479784" lon="-118.1598351"><ele>868.49</ele><time>2026-06-26T11:18:44-05:00</time><course>254.8638</course><roll>-7.69359</roll><pitch>7.188379</pitch><mode /></trkpt><trkpt lat="35.0479781" lon="-118.1598445"><ele>867.98</ele><time>2026-06-26T11:18:44-05:00</time><course>254.1371</course><roll>-5.721493</roll><pitch>3.679256</pitch><mode /></trkpt><trkpt lat="35.0479779" lon="-118.1598547"><ele>867.71</ele><time>2026-06-26T11:18:44-05:00</time><course>254.2346</course><roll>-5.13181</roll><pitch>2.444854</pitch><mode /></trkpt><trkpt lat="35.0479772" lon="-118.1598653"><ele>867.5</ele><time>2026-06-26T11:18:45-05:00</time><course>255.2231</course><roll>-4.891016</roll><pitch>1.355281</pitch><mode /></trkpt><trkpt lat="35.0479764" lon="-118.1598758"><ele>867.21</ele><time>2026-06-26T11:18:45-05:00</time><course>256.5368</course><roll>-4.713189</roll><pitch>1.016566</pitch><mode /></trkpt><trkpt lat="35.0479755" lon="-118.1598866"><ele>866.85</ele><time>2026-06-26T11:18:45-05:00</time><course>258.6764</course><roll>-1.284863</roll><pitch>1.904096</pitch><mode /></trkpt><trkpt lat="35.0479745" lon="-118.1598979"><ele>866.51</ele><time>2026-06-26T11:18:45-05:00</time><course>260.2782</course><roll>2.449013</roll><pitch>2.643167</pitch><mode /></trkpt><trkpt lat="35.047973" lon="-118.1599098"><ele>866.29</ele><time>2026-06-26T11:18:45-05:00</time><course>261.5026</course><roll>4.200613</roll><pitch>1.858416</pitch><mode /></trkpt><trkpt lat="35.0479716" lon="-118.1599214"><ele>866.16</ele><time>2026-06-26T11:18:46-05:00</time><course>261.2563</course><roll>3.176325</roll><pitch>0.04363146</pitch><mode /></trkpt><trkpt lat="35.0479699" lon="-118.1599334"><ele>866.11</ele><time>2026-06-26T11:18:46-05:00</time><course>256.0996</course><roll>2.43787</roll><pitch>-0.5277352</pitch><mode /></trkpt><trkpt lat="35.0479679" lon="-118.159945"><ele>866.16</ele><time>2026-06-26T11:18:46-05:00</time><course>254.2296</course><roll>1.333874</roll><pitch>1.086961</pitch><mode /></trkpt><trkpt lat="35.0479655" lon="-118.1599563"><ele>865.97</ele><time>2026-06-26T11:18:46-05:00</time><course>253.6823</course><roll>0.8886286</roll><pitch>5.689665</pitch><mode /></trkpt><trkpt lat="35.0479629" lon="-118.1599669"><ele>865.65</ele><time>2026-06-26T11:18:46-05:00</time><course>253.8574</course><roll>4.086312</roll><pitch>8.992617</pitch><mode /></trkpt><trkpt lat="35.0479595" lon="-118.1599775"><ele>865.28</ele><time>2026-06-26T11:18:47-05:00</time><course>257.6563</course><roll>5.569938</roll><pitch>9.070893</pitch><mode /></trkpt><trkpt lat="35.0479557" lon="-118.159989"><ele>865.01</ele><time>2026-06-26T11:18:47-05:00</time><course>252.5769</course><roll>5.549936</roll><pitch>8.121747</pitch><mode /></trkpt><trkpt lat="35.0479527" lon="-118.1600007"><ele>864.5</ele><time>2026-06-26T11:18:47-05:00</time><course>248.555</course><roll>6.871887</roll><pitch>7.957879</pitch><mode /></trkpt><trkpt lat="35.0479493" lon="-118.1600118"><ele>863.92</ele><time>2026-06-26T11:18:47-05:00</time><course>249.2697</course><roll>7.097411</roll><pitch>9.506096</pitch><mode /></trkpt><trkpt lat="35.0479458" lon="-118.1600223"><ele>863.36</ele><time>2026-06-26T11:18:47-05:00</time><course>250.4988</course><roll>3.624833</roll><pitch>11.92701</pitch><mode /></trkpt><trkpt lat="35.0479421" lon="-118.1600329"><ele>862.66</ele><time>2026-06-26T11:18:48-05:00</time><course>246.0038</course><roll>2.89397</roll><pitch>15.6074</pitch><mode /></trkpt><trkpt lat="35.0479385" lon="-118.1600428"><ele>861.56</ele><time>2026-06-26T11:18:48-05:00</time><course>247.7299</course><roll>2.887841</roll><pitch>18.983</pitch><mode /></trkpt><trkpt lat="35.0479346" lon="-118.1600521"><ele>860.19</ele><time>2026-06-26T11:18:48-05:00</time><course>248.8753</course><roll>3.343915</roll><pitch>19.63023</pitch><mode /></trkpt><trkpt lat="35.0479303" lon="-118.1600624"><ele>858.74</ele><time>2026-06-26T11:18:48-05:00</time><course>247.2542</course><roll>1.740174</roll><pitch>17.93967</pitch><mode /></trkpt><trkpt lat="35.0479255" lon="-118.1600741"><ele>857.29</ele><time>2026-06-26T11:18:48-05:00</time><course>246.5932</course><roll>2.583649</roll><pitch>14.72558</pitch><mode /></trkpt><trkpt lat="35.0479194" lon="-118.1600865"><ele>856.01</ele><time>2026-06-26T11:18:49-05:00</time><course>252.1133</course><roll>2.996462</roll><pitch>11.20823</pitch><mode /></trkpt><trkpt lat="35.0479128" lon="-118.1600997"><ele>854.9</ele><time>2026-06-26T11:18:49-05:00</time><course>254.2391</course><roll>1.476908</roll><pitch>9.545074</pitch><mode /></trkpt><trkpt lat="35.0479063" lon="-118.1601134"><ele>853.93</ele><time>2026-06-26T11:18:49-05:00</time><course>254.1544</course><roll>4.613027</roll><pitch>9.505965</pitch><mode /></trkpt><trkpt lat="35.0478989" lon="-118.1601274"><ele>853.14</ele><time>2026-06-26T11:18:49-05:00</time><course>254.2854</course><roll>10.3333</roll><pitch>9.53451</pitch><mode /></trkpt><trkpt lat="35.0478906" lon="-118.1601421"><ele>852.64</ele><time>2026-06-26T11:18:49-05:00</time><course>253.535</course><roll>6.548049</roll><pitch>10.31678</pitch><mode /></trkpt><trkpt lat="35.0478816" lon="-118.1601565"><ele>852.03</ele><time>2026-06-26T11:18:50-05:00</time><course>250.2384</course><roll>-0.7447196</roll><pitch>12.25458</pitch><mode /></trkpt><trkpt lat="35.047873" lon="-118.160171"><ele>851.32</ele><time>2026-06-26T11:18:50-05:00</time><course>245.0789</course><roll>-3.614417</roll><pitch>15.3592</pitch><mode /></trkpt><trkpt lat="35.0478646" lon="-118.1601852"><ele>850.48</ele><time>2026-06-26T11:18:50-05:00</time><course>245.2512</course><roll>-6.944945</roll><pitch>18.37329</pitch><mode /></trkpt><trkpt lat="35.0478563" lon="-118.1601994"><ele>849.48</ele><time>2026-06-26T11:18:50-05:00</time><course>244.5109</course><roll>-12.80026</roll><pitch>19.75557</pitch><mode /></trkpt><trkpt lat="35.0478482" lon="-118.1602144"><ele>848.34</ele><time>2026-06-26T11:18:50-05:00</time><course>244.4429</course><roll>-9.214408</roll><pitch>20.87763</pitch><mode /></trkpt><trkpt lat="35.04784" lon="-118.1602313"><ele>847.19</ele><time>2026-06-26T11:18:51-05:00</time><course>242.7555</course><roll>-12.29614</roll><pitch>21.25168</pitch><mode /></trkpt><trkpt lat="35.0478322" lon="-118.1602491"><ele>846.03</ele><time>2026-06-26T11:18:51-05:00</time><course>242.9995</course><roll>-10.12546</roll><pitch>20.97594</pitch><mode /></trkpt><trkpt lat="35.0478239" lon="-118.160267"><ele>844.72</ele><time>2026-06-26T11:18:51-05:00</time><course>244.0603</course><roll>4.90704</roll><pitch>18.41037</pitch><mode /></trkpt><trkpt lat="35.047815" lon="-118.1602854"><ele>843.53</ele><time>2026-06-26T11:18:51-05:00</time><course>246.4003</course><roll>2.157247</roll><pitch>13.12919</pitch><mode /></trkpt><trkpt lat="35.0478054" lon="-118.1603051"><ele>842.72</ele><time>2026-06-26T11:18:51-05:00</time><course>249.2223</course><roll>5.855434</roll><pitch>10.11968</pitch><mode /></trkpt><trkpt lat="35.0477951" lon="-118.1603249"><ele>842.08</ele><time>2026-06-26T11:18:52-05:00</time><course>251.674</course><roll>3.056971</roll><pitch>6.241629</pitch><mode /></trkpt><trkpt lat="35.0477842" lon="-118.1603445"><ele>841.76</ele><time>2026-06-26T11:18:52-05:00</time><course>249.5138</course><roll>6.167746</roll><pitch>4.25323</pitch><mode /></trkpt><trkpt lat="35.0477735" lon="-118.1603642"><ele>841.77</ele><time>2026-06-26T11:18:52-05:00</time><course>245.3596</course><roll>7.913737</roll><pitch>3.790073</pitch><mode /></trkpt><trkpt lat="35.0477624" lon="-118.1603836"><ele>841.73</ele><time>2026-06-26T11:18:52-05:00</time><course>242.7572</course><roll>7.185556</roll><pitch>5.336577</pitch><mode /></trkpt><trkpt lat="35.0477513" lon="-118.1604026"><ele>841.55</ele><time>2026-06-26T11:18:52-05:00</time><course>240.0354</course><roll>-2.563627</roll><pitch>7.784037</pitch><mode /></trkpt><trkpt lat="35.0477404" lon="-118.16042"><ele>841.01</ele><time>2026-06-26T11:18:53-05:00</time><course>238.4807</course><roll>-3.119697</roll><pitch>11.78468</pitch><mode /></trkpt><trkpt lat="35.0477293" lon="-118.1604368"><ele>840.3</ele><time>2026-06-26T11:18:53-05:00</time><course>238.0676</course><roll>-5.793196</roll><pitch>12.68109</pitch><mode /></trkpt><trkpt lat="35.0477181" lon="-118.1604546"><ele>839.56</ele><time>2026-06-26T11:18:53-05:00</time><course>236.3737</course><roll>-9.930764</roll><pitch>10.07202</pitch><mode /></trkpt><trkpt lat="35.0477065" lon="-118.1604739"><ele>839.03</ele><time>2026-06-26T11:18:53-05:00</time><course>241.7776</course><roll>-2.423187</roll><pitch>8.101261</pitch><mode /></trkpt><trkpt lat="35.0476953" lon="-118.160494"><ele>838.63</ele><time>2026-06-26T11:18:53-05:00</time><course>242.5118</course><roll>-0.2203269</roll><pitch>4.121864</pitch><mode /></trkpt><trkpt lat="35.0476846" lon="-118.1605135"><ele>838.35</ele><time>2026-06-26T11:18:54-05:00</time><course>239.7344</course><roll>-5.484524</roll><pitch>3.781776</pitch><mode /></trkpt><trkpt lat="35.0476742" lon="-118.1605333"><ele>838.3</ele><time>2026-06-26T11:18:54-05:00</time><course>238.866</course><roll>-7.407235</roll><pitch>3.230233</pitch><mode /></trkpt><trkpt lat="35.0476647" lon="-118.1605523"><ele>838.02</ele><time>2026-06-26T11:18:54-05:00</time><course>242.2722</course><roll>-9.920563</roll><pitch>3.586717</pitch><mode /></trkpt><trkpt lat="35.0476558" lon="-118.1605708"><ele>837.69</ele><time>2026-06-26T11:18:54-05:00</time><course>243.0352</course><roll>-13.991</roll><pitch>2.913818</pitch><mode /></trkpt><trkpt lat="35.0476481" lon="-118.1605889"><ele>837.34</ele><time>2026-06-26T11:18:54-05:00</time><course>240.0962</course><roll>-13.69884</roll><pitch>-0.1216447</pitch><mode /></trkpt><trkpt lat="35.0476412" lon="-118.1606066"><ele>836.99</ele><time>2026-06-26T11:18:55-05:00</time><course>241.7659</course><roll>-8.505331</roll><pitch>2.096017</pitch><mode /></trkpt><trkpt lat="35.0476352" lon="-118.1606242"><ele>836.75</ele><time>2026-06-26T11:18:55-05:00</time><course>244.7289</course><roll>-6.975154</roll><pitch>2.775424</pitch><mode /></trkpt><trkpt lat="35.0476301" lon="-118.1606415"><ele>836.56</ele><time>2026-06-26T11:18:55-05:00</time><course>244.6006</course><roll>-8.199666</roll><pitch>-0.4365706</pitch><mode /></trkpt><trkpt lat="35.0476256" lon="-118.1606588"><ele>836.32</ele><time>2026-06-26T11:18:55-05:00</time><course>244.7402</course><roll>-10.59107</roll><pitch>-2.935474</pitch><mode /></trkpt><trkpt lat="35.0476222" lon="-118.1606764"><ele>836.47</ele><time>2026-06-26T11:18:55-05:00</time><course>243.4368</course><roll>-1.375203</roll><pitch>-4.712216</pitch><mode /></trkpt><trkpt lat="35.0476194" lon="-118.1606931"><ele>836.92</ele><time>2026-06-26T11:18:56-05:00</time><course>251.5722</course><roll>2.228881</roll><pitch>-7.126312</pitch><mode /></trkpt><trkpt lat="35.0476162" lon="-118.1607089"><ele>837.33</ele><time>2026-06-26T11:18:56-05:00</time><course>256.7352</course><roll>-5.737422</roll><pitch>-6.782999</pitch><mode /></trkpt><trkpt lat="35.0476138" lon="-118.1607238"><ele>837.84</ele><time>2026-06-26T11:18:56-05:00</time><course>253.8324</course><roll>-8.949097</roll><pitch>-3.921975</pitch><mode /></trkpt><trkpt lat="35.0476118" lon="-118.1607387"><ele>838.04</ele><time>2026-06-26T11:18:56-05:00</time><course>253.3159</course><roll>-4.186073</roll><pitch>1.983039</pitch><mode /></trkpt><trkpt lat="35.0476091" lon="-118.1607538"><ele>838.1</ele><time>2026-06-26T11:18:56-05:00</time><course>258.9463</course><roll>-3.483429</roll><pitch>8.344672</pitch><mode /></trkpt><trkpt lat="35.0476063" lon="-118.1607689"><ele>837.77</ele><time>2026-06-26T11:18:57-05:00</time><course>259.8477</course><roll>-6.746546</roll><pitch>8.03521</pitch><mode /></trkpt><trkpt lat="35.0476036" lon="-118.160784"><ele>837.18</ele><time>2026-06-26T11:18:57-05:00</time><course>260.7471</course><roll>-13.80766</roll><pitch>3.668667</pitch><mode /></trkpt><trkpt lat="35.0476016" lon="-118.1608006"><ele>836.9</ele><time>2026-06-26T11:18:57-05:00</time><course>258.5353</course><roll>-12.99318</roll><pitch>0.3279822</pitch><mode /></trkpt><trkpt lat="35.0476009" lon="-118.1608178"><ele>836.84</ele><time>2026-06-26T11:18:57-05:00</time><course>259.5393</course><roll>-12.11298</roll><pitch>-0.775965</pitch><mode /></trkpt><trkpt lat="35.0476005" lon="-118.160835"><ele>836.62</ele><time>2026-06-26T11:18:57-05:00</time><course>260.6715</course><roll>-8.677942</roll><pitch>0.3207869</pitch><mode /></trkpt><trkpt lat="35.0476002" lon="-118.160852"><ele>836.57</ele><time>2026-06-26T11:18:58-05:00</time><course>263.94</course><roll>-7.29013</roll><pitch>-0.1674713</pitch><mode /></trkpt><trkpt lat="35.0476001" lon="-118.1608686"><ele>836.46</ele><time>2026-06-26T11:18:58-05:00</time><course>267.3379</course><roll>-9.338371</roll><pitch>-1.375178</pitch><mode /></trkpt><trkpt lat="35.0476016" lon="-118.1608849"><ele>836.55</ele><time>2026-06-26T11:18:58-05:00</time><course>260.7847</course><roll>2.878237</roll><pitch>-2.662079</pitch><mode /></trkpt><trkpt lat="35.0476034" lon="-118.1609015"><ele>836.94</ele><time>2026-06-26T11:18:58-05:00</time><course>260.6932</course><roll>16.47421</roll><pitch>-4.526669</pitch><mode /></trkpt><trkpt lat="35.0476022" lon="-118.1609346"><ele>838.29</ele><time>2026-06-26T11:18:59-05:00</time><course>256.9316</course><roll>12.22375</roll><pitch>-15.33615</pitch><mode /></trkpt><trkpt lat="35.0475999" lon="-118.1609503"><ele>838.91</ele><time>2026-06-26T11:18:59-05:00</time><course>258.5917</course><roll>17.38281</roll><pitch>-20.63689</pitch><mode /></trkpt><trkpt lat="35.0475966" lon="-118.1609646"><ele>839.71</ele><time>2026-06-26T11:18:59-05:00</time><course>255.2606</course><roll>23.67848</roll><pitch>-25.18234</pitch><mode /></trkpt><trkpt lat="35.0475917" lon="-118.1609761"><ele>840.8</ele><time>2026-06-26T11:18:59-05:00</time><course>252.6127</course><roll>16.34175</roll><pitch>-26.54918</pitch><mode /></trkpt><trkpt lat="35.0475854" lon="-118.1609852"><ele>841.98</ele><time>2026-06-26T11:18:59-05:00</time><course>247.1585</course><roll>18.19543</roll><pitch>-25.85593</pitch><mode /></trkpt><trkpt lat="35.0475794" lon="-118.1609933"><ele>842.94</ele><time>2026-06-26T11:19:00-05:00</time><course>244.3582</course><roll>16.57915</roll><pitch>-24.04092</pitch><mode /></trkpt><trkpt lat="35.0475734" lon="-118.1609996"><ele>843.72</ele><time>2026-06-26T11:19:00-05:00</time><course>242.5342</course><roll>5.769662</roll><pitch>-19.92941</pitch><mode /></trkpt><trkpt lat="35.0475675" lon="-118.1610055"><ele>844.41</ele><time>2026-06-26T11:19:00-05:00</time><course>234.1129</course><roll>15.60819</roll><pitch>-14.58588</pitch><mode /></trkpt><trkpt lat="35.047561" lon="-118.1610105"><ele>845.08</ele><time>2026-06-26T11:19:00-05:00</time><course>236.3266</course><roll>13.07947</roll><pitch>-14.26687</pitch><mode /></trkpt><trkpt lat="35.0475532" lon="-118.1610152"><ele>845.5</ele><time>2026-06-26T11:19:00-05:00</time><course>244.9394</course><roll>0.3324591</roll><pitch>-13.47209</pitch><mode /></trkpt><trkpt lat="35.0475454" lon="-118.1610202"><ele>845.81</ele><time>2026-06-26T11:19:01-05:00</time><course>247.0551</course><roll>-4.569404</roll><pitch>-14.1181</pitch><mode /></trkpt><trkpt lat="35.0475384" lon="-118.1610254"><ele>846.2</ele><time>2026-06-26T11:19:01-05:00</time><course>245.1166</course><roll>-3.262714</roll><pitch>-14.19682</pitch><mode /></trkpt><trkpt lat="35.0475318" lon="-118.1610306"><ele>846.64</ele><time>2026-06-26T11:19:01-05:00</time><course>243.3643</course><roll>-9.570875</roll><pitch>-13.84362</pitch><mode /></trkpt><trkpt lat="35.047525" lon="-118.1610352"><ele>847.11</ele><time>2026-06-26T11:19:01-05:00</time><course>241.3387</course><roll>-10.10794</roll><pitch>-10.09785</pitch><mode /></trkpt><trkpt lat="35.0475178" lon="-118.161041"><ele>847.43</ele><time>2026-06-26T11:19:01-05:00</time><course>241.2475</course><roll>-14.15338</roll><pitch>-4.544056</pitch><mode /></trkpt><trkpt lat="35.0475106" lon="-118.1610483"><ele>847.45</ele><time>2026-06-26T11:19:02-05:00</time><course>240.5225</course><roll>-17.6771</roll><pitch>-3.114276</pitch><mode /></trkpt><trkpt lat="35.0475038" lon="-118.1610571"><ele>847.44</ele><time>2026-06-26T11:19:02-05:00</time><course>242.4292</course><roll>-19.1811</roll><pitch>-2.823439</pitch><mode /></trkpt><trkpt lat="35.0474973" lon="-118.1610678"><ele>847.46</ele><time>2026-06-26T11:19:02-05:00</time><course>247.1038</course><roll>-22.58693</roll><pitch>-1.192713</pitch><mode /></trkpt><trkpt lat="35.0474913" lon="-118.1610802"><ele>847.45</ele><time>2026-06-26T11:19:02-05:00</time><course>252.0025</course><roll>-14.78596</roll><pitch>-0.8740232</pitch><mode /></trkpt><trkpt lat="35.0474857" lon="-118.1610937"><ele>847.33</ele><time>2026-06-26T11:19:02-05:00</time><course>258.7873</course><roll>-21.73741</roll><pitch>-1.291196</pitch><mode /></trkpt><trkpt lat="35.0474819" lon="-118.1611075"><ele>847.31</ele><time>2026-06-26T11:19:03-05:00</time><course>261.6317</course><roll>-32.47134</roll><pitch>-3.26266</pitch><mode /></trkpt><trkpt lat="35.0474817" lon="-118.1611214"><ele>847.45</ele><time>2026-06-26T11:19:03-05:00</time><course>260.9948</course><roll>-32.6651</roll><pitch>-5.522702</pitch><mode /></trkpt><trkpt lat="35.0474842" lon="-118.1611356"><ele>847.61</ele><time>2026-06-26T11:19:03-05:00</time><course>259.7734</course><roll>-36.73692</roll><pitch>-5.505942</pitch><mode /></trkpt><trkpt lat="35.0474878" lon="-118.1611501"><ele>847.54</ele><time>2026-06-26T11:19:03-05:00</time><course>260.1383</course><roll>-37.40479</roll><pitch>-2.318374</pitch><mode /></trkpt><trkpt lat="35.0474926" lon="-118.1611652"><ele>847.47</ele><time>2026-06-26T11:19:03-05:00</time><course>258.7499</course><roll>-28.2375</roll><pitch>0.03084113</pitch><mode /></trkpt><trkpt lat="35.0474988" lon="-118.1611806"><ele>847.4</ele><time>2026-06-26T11:19:04-05:00</time><course>259.35</course><roll>-34.23987</roll><pitch>3.51937</pitch><mode /></trkpt><trkpt lat="35.0475057" lon="-118.1611965"><ele>847.21</ele><time>2026-06-26T11:19:04-05:00</time><course>262.0264</course><roll>-33.96603</roll><pitch>5.988</pitch><mode /></trkpt><trkpt lat="35.0475123" lon="-118.1612124"><ele>846.77</ele><time>2026-06-26T11:19:04-05:00</time><course>266.3889</course><roll>-29.46242</roll><pitch>10.35408</pitch><mode /></trkpt><trkpt lat="35.0475189" lon="-118.1612292"><ele>846.13</ele><time>2026-06-26T11:19:04-05:00</time><course>272.0959</course><roll>-24.95126</roll><pitch>12.48582</pitch><mode /></trkpt><trkpt lat="35.0475259" lon="-118.1612471"><ele>845.53</ele><time>2026-06-26T11:19:04-05:00</time><course>272.2997</course><roll>-26.0597</roll><pitch>12.96367</pitch><mode /></trkpt><trkpt lat="35.0475344" lon="-118.1612653"><ele>844.88</ele><time>2026-06-26T11:19:05-05:00</time><course>268.8454</course><roll>-19.90754</roll><pitch>13.92257</pitch><mode /></trkpt><trkpt lat="35.0475425" lon="-118.161284"><ele>844.1</ele><time>2026-06-26T11:19:05-05:00</time><course>275.7754</course><roll>-19.91609</roll><pitch>14.91783</pitch><mode /></trkpt><trkpt lat="35.0475509" lon="-118.1613034"><ele>843.33</ele><time>2026-06-26T11:19:05-05:00</time><course>270.701</course><roll>-11.69683</roll><pitch>13.53857</pitch><mode /></trkpt><trkpt lat="35.0475597" lon="-118.161323"><ele>842.55</ele><time>2026-06-26T11:19:05-05:00</time><course>267.0358</course><roll>-8.625774</roll><pitch>10.76731</pitch><mode /></trkpt><trkpt lat="35.047568" lon="-118.1613419"><ele>841.72</ele><time>2026-06-26T11:19:05-05:00</time><course>275.6645</course><roll>-6.251904</roll><pitch>6.329678</pitch><mode /></trkpt><trkpt lat="35.0475754" lon="-118.1613624"><ele>841.09</ele><time>2026-06-26T11:19:06-05:00</time><course>282.2551</course><roll>-5.721358</roll><pitch>-0.006421711</pitch><mode /></trkpt><trkpt lat="35.0475835" lon="-118.1613828"><ele>840.85</ele><time>2026-06-26T11:19:06-05:00</time><course>283.976</course><roll>-6.209548</roll><pitch>-4.540244</pitch><mode /></trkpt><trkpt lat="35.0475928" lon="-118.1614019"><ele>841.03</ele><time>2026-06-26T11:19:06-05:00</time><course>285.0338</course><roll>-2.83391</roll><pitch>-9.791651</pitch><mode /></trkpt><trkpt lat="35.0476024" lon="-118.1614194"><ele>841.66</ele><time>2026-06-26T11:19:06-05:00</time><course>285.7042</course><roll>-1.191986</roll><pitch>-13.09172</pitch><mode /></trkpt><trkpt lat="35.0476115" lon="-118.1614354"><ele>842.55</ele><time>2026-06-26T11:19:06-05:00</time><course>286.3427</course><roll>4.82467</roll><pitch>-14.77331</pitch><mode /></trkpt><trkpt lat="35.0476202" lon="-118.1614501"><ele>843.4</ele><time>2026-06-26T11:19:07-05:00</time><course>287.1179</course><roll>-9.583349</roll><pitch>-19.21442</pitch><mode /></trkpt><trkpt lat="35.0476289" lon="-118.1614629"><ele>844.38</ele><time>2026-06-26T11:19:07-05:00</time><course>288.2324</course><roll>-13.03965</roll><pitch>-20.83012</pitch><mode /></trkpt><trkpt lat="35.0476378" lon="-118.1614737"><ele>845.57</ele><time>2026-06-26T11:19:07-05:00</time><course>289.2376</course><roll>-18.95712</roll><pitch>-20.46656</pitch><mode /></trkpt><trkpt lat="35.0476474" lon="-118.1614831"><ele>846.82</ele><time>2026-06-26T11:19:07-05:00</time><course>289.2353</course><roll>-20.96255</roll><pitch>-17.70905</pitch><mode /></trkpt><trkpt lat="35.0476579" lon="-118.1614918"><ele>847.81</ele><time>2026-06-26T11:19:07-05:00</time><course>289.1155</course><roll>-19.02984</roll><pitch>-13.64375</pitch><mode /></trkpt><trkpt lat="35.0476689" lon="-118.1615012"><ele>848.52</ele><time>2026-06-26T11:19:08-05:00</time><course>286.498</course><roll>-20.42867</roll><pitch>-9.880324</pitch><mode /></trkpt><trkpt lat="35.0476803" lon="-118.1615105"><ele>848.96</ele><time>2026-06-26T11:19:08-05:00</time><course>287.2387</course><roll>-19.14811</roll><pitch>-8.549001</pitch><mode /></trkpt><trkpt lat="35.0476931" lon="-118.1615203"><ele>849.26</ele><time>2026-06-26T11:19:08-05:00</time><course>283.3064</course><roll>-15.0544</roll><pitch>-7.620821</pitch><mode /></trkpt><trkpt lat="35.0477062" lon="-118.1615309"><ele>849.35</ele><time>2026-06-26T11:19:08-05:00</time><course>281.4689</course><roll>-7.933116</roll><pitch>-6.73581</pitch><mode /></trkpt><trkpt lat="35.0477187" lon="-118.1615406"><ele>849.4</ele><time>2026-06-26T11:19:08-05:00</time><course>281.7151</course><roll>-7.025444</roll><pitch>-5.918312</pitch><mode /></trkpt><trkpt lat="35.0477307" lon="-118.1615496"><ele>849.55</ele><time>2026-06-26T11:19:09-05:00</time><course>282.7704</course><roll>-6.947847</roll><pitch>-5.251072</pitch><mode /></trkpt><trkpt lat="35.0477423" lon="-118.1615589"><ele>849.6</ele><time>2026-06-26T11:19:09-05:00</time><course>288.1561</course><roll>-9.107178</roll><pitch>-6.693184</pitch><mode /></trkpt><trkpt lat="35.0477542" lon="-118.1615683"><ele>849.62</ele><time>2026-06-26T11:19:09-05:00</time><course>292.2813</course><roll>-11.34353</roll><pitch>-9.867649</pitch><mode /></trkpt><trkpt lat="35.0477673" lon="-118.1615775"><ele>849.91</ele><time>2026-06-26T11:19:09-05:00</time><course>289.2653</course><roll>-10.24542</roll><pitch>-14.01233</pitch><mode /></trkpt><trkpt lat="35.0477816" lon="-118.1615871"><ele>850.47</ele><time>2026-06-26T11:19:09-05:00</time><course>289.7404</course><roll>-7.290333</roll><pitch>-16.43478</pitch><mode /></trkpt><trkpt lat="35.0477958" lon="-118.1615964"><ele>851.05</ele><time>2026-06-26T11:19:10-05:00</time><course>295.713</course><roll>-13.99424</roll><pitch>-16.72862</pitch><mode /></trkpt><trkpt lat="35.0478107" lon="-118.1616052"><ele>851.71</ele><time>2026-06-26T11:19:10-05:00</time><course>294.7612</course><roll>-15.85037</roll><pitch>-17.86626</pitch><mode /></trkpt><trkpt lat="35.0478266" lon="-118.1616129"><ele>852.39</ele><time>2026-06-26T11:19:10-05:00</time><course>295.9469</course><roll>-18.91095</roll><pitch>-19.60938</pitch><mode /></trkpt><trkpt lat="35.0478432" lon="-118.1616198"><ele>853.1</ele><time>2026-06-26T11:19:10-05:00</time><course>295.1422</course><roll>-21.75983</roll><pitch>-19.85235</pitch><mode /></trkpt><trkpt lat="35.0478608" lon="-118.1616256"><ele>853.88</ele><time>2026-06-26T11:19:10-05:00</time><course>297.8325</course><roll>-25.29032</roll><pitch>-18.49235</pitch><mode /></trkpt><trkpt lat="35.0478783" lon="-118.1616301"><ele>854.61</ele><time>2026-06-26T11:19:11-05:00</time><course>299.7639</course><roll>-27.17717</roll><pitch>-14.59033</pitch><mode /></trkpt><trkpt lat="35.0478953" lon="-118.1616328"><ele>855.17</ele><time>2026-06-26T11:19:11-05:00</time><course>299.2666</course><roll>-21.67466</roll><pitch>-11.22577</pitch><mode /></trkpt><trkpt lat="35.0479134" lon="-118.1616361"><ele>855.55</ele><time>2026-06-26T11:19:11-05:00</time><course>299.4002</course><roll>-19.9071</roll><pitch>-7.409182</pitch><mode /></trkpt><trkpt lat="35.0479316" lon="-118.1616397"><ele>855.86</ele><time>2026-06-26T11:19:11-05:00</time><course>304.075</course><roll>-20.06418</roll><pitch>-6.342623</pitch><mode /></trkpt><trkpt lat="35.0479508" lon="-118.1616431"><ele>856.2</ele><time>2026-06-26T11:19:11-05:00</time><course>306.6037</course><roll>-24.56616</roll><pitch>-8.6914</pitch><mode /></trkpt><trkpt lat="35.0479716" lon="-118.1616452"><ele>856.59</ele><time>2026-06-26T11:19:12-05:00</time><course>310.2952</course><roll>-25.31027</roll><pitch>-9.955665</pitch><mode /></trkpt><trkpt lat="35.0479935" lon="-118.1616469"><ele>857.01</ele><time>2026-06-26T11:19:12-05:00</time><course>316.6097</course><roll>-27.60171</roll><pitch>-9.015203</pitch><mode /></trkpt><trkpt lat="35.0480159" lon="-118.1616472"><ele>857.48</ele><time>2026-06-26T11:19:12-05:00</time><course>319.7045</course><roll>-28.30439</roll><pitch>-9.485356</pitch><mode /></trkpt><trkpt lat="35.0480395" lon="-118.1616461"><ele>857.86</ele><time>2026-06-26T11:19:12-05:00</time><course>324.1063</course><roll>-33.7216</roll><pitch>-10.86555</pitch><mode /></trkpt><trkpt lat="35.0480638" lon="-118.1616439"><ele>858.17</ele><time>2026-06-26T11:19:12-05:00</time><course>326.5741</course><roll>-31.2862</roll><pitch>-12.09369</pitch><mode /></trkpt><trkpt lat="35.0480893" lon="-118.1616394"><ele>858.66</ele><time>2026-06-26T11:19:13-05:00</time><course>328.8035</course><roll>-24.59324</roll><pitch>-12.53359</pitch><mode /></trkpt><trkpt lat="35.0481158" lon="-118.1616332"><ele>859.21</ele><time>2026-06-26T11:19:13-05:00</time><course>331.2903</course><roll>-22.9932</roll><pitch>-12.88683</pitch><mode /></trkpt><trkpt lat="35.0481426" lon="-118.1616261"><ele>859.8</ele><time>2026-06-26T11:19:13-05:00</time><course>339.099</course><roll>-23.43579</roll><pitch>-12.45876</pitch><mode /></trkpt><trkpt lat="35.0481699" lon="-118.161618"><ele>860.39</ele><time>2026-06-26T11:19:13-05:00</time><course>347.7268</course><roll>-30.0425</roll><pitch>-12.48512</pitch><mode /></trkpt><trkpt lat="35.0481974" lon="-118.1616076"><ele>861.09</ele><time>2026-06-26T11:19:13-05:00</time><course>354.0138</course><roll>-25.94277</roll><pitch>-13.47139</pitch><mode /></trkpt><trkpt lat="35.0482252" lon="-118.1615951"><ele>861.92</ele><time>2026-06-26T11:19:14-05:00</time><course>0.8005088</course><roll>-24.33346</roll><pitch>-15.16783</pitch><mode /></trkpt><trkpt lat="35.048253" lon="-118.1615807"><ele>862.76</ele><time>2026-06-26T11:19:14-05:00</time><course>3.559497</course><roll>-35.26959</roll><pitch>-17.1766</pitch><mode /></trkpt><trkpt lat="35.04828" lon="-118.1615632"><ele>863.68</ele><time>2026-06-26T11:19:14-05:00</time><course>4.642153</course><roll>-41.46657</roll><pitch>-20.38343</pitch><mode /></trkpt><trkpt lat="35.0483068" lon="-118.1615429"><ele>864.57</ele><time>2026-06-26T11:19:14-05:00</time><course>6.670889</course><roll>-46.89173</roll><pitch>-21.45332</pitch><mode /></trkpt><trkpt lat="35.0483337" lon="-118.1615207"><ele>865.33</ele><time>2026-06-26T11:19:14-05:00</time><course>7.369652</course><roll>-42.49213</roll><pitch>-21.67005</pitch><mode /></trkpt><trkpt lat="35.0483603" lon="-118.1614964"><ele>866.08</ele><time>2026-06-26T11:19:15-05:00</time><course>10.81599</course><roll>-43.08079</roll><pitch>-18.52226</pitch><mode /></trkpt><trkpt lat="35.0483865" lon="-118.1614708"><ele>866.7</ele><time>2026-06-26T11:19:15-05:00</time><course>15.60607</course><roll>-43.13217</roll><pitch>-15.60428</pitch><mode /></trkpt><trkpt lat="35.0484128" lon="-118.1614441"><ele>867.22</ele><time>2026-06-26T11:19:15-05:00</time><course>18.44324</course><roll>-38.02755</roll><pitch>-15.43293</pitch><mode /></trkpt><trkpt lat="35.0484397" lon="-118.1614165"><ele>867.44</ele><time>2026-06-26T11:19:15-05:00</time><course>27.33788</course><roll>-37.49234</roll><pitch>-11.5196</pitch><mode /></trkpt><trkpt lat="35.0484655" lon="-118.1613875"><ele>867.61</ele><time>2026-06-26T11:19:15-05:00</time><course>35.94703</course><roll>-41.91768</roll><pitch>-10.90694</pitch><mode /></trkpt><trkpt lat="35.0484903" lon="-118.1613548"><ele>867.72</ele><time>2026-06-26T11:19:16-05:00</time><course>43.52497</course><roll>-48.55741</roll><pitch>-15.25586</pitch><mode /></trkpt><trkpt lat="35.0485127" lon="-118.1613188"><ele>867.82</ele><time>2026-06-26T11:19:16-05:00</time><course>46.97312</course><roll>-46.78859</roll><pitch>-19.75989</pitch><mode /></trkpt><trkpt lat="35.0485326" lon="-118.1612798"><ele>868.01</ele><time>2026-06-26T11:19:16-05:00</time><course>50.52876</course><roll>-42.71957</roll><pitch>-23.43672</pitch><mode /></trkpt><trkpt lat="35.0485493" lon="-118.1612389"><ele>868.46</ele><time>2026-06-26T11:19:16-05:00</time><course>55.17023</course><roll>-39.69016</roll><pitch>-21.2248</pitch><mode /></trkpt><trkpt lat="35.0485643" lon="-118.1611972"><ele>868.89</ele><time>2026-06-26T11:19:16-05:00</time><course>62.65208</course><roll>-42.49193</roll><pitch>-18.23437</pitch><mode /></trkpt><trkpt lat="35.0485779" lon="-118.1611545"><ele>869.19</ele><time>2026-06-26T11:19:17-05:00</time><course>70.6934</course><roll>-44.82089</roll><pitch>-16.36647</pitch><mode /></trkpt><trkpt lat="35.0485894" lon="-118.1611107"><ele>869.36</ele><time>2026-06-26T11:19:17-05:00</time><course>74.68154</course><roll>-46.86087</roll><pitch>-17.11396</pitch><mode /></trkpt><trkpt lat="35.0485987" lon="-118.1610659"><ele>869.57</ele><time>2026-06-26T11:19:17-05:00</time><course>77.74899</course><roll>-42.75764</roll><pitch>-18.3135</pitch><mode /></trkpt><trkpt lat="35.0486057" lon="-118.1610206"><ele>869.76</ele><time>2026-06-26T11:19:17-05:00</time><course>79.63849</course><roll>-39.97439</roll><pitch>-16.33406</pitch><mode /></trkpt><trkpt lat="35.0486118" lon="-118.1609752"><ele>869.87</ele><time>2026-06-26T11:19:17-05:00</time><course>80.82951</course><roll>-34.18497</roll><pitch>-11.89819</pitch><mode /></trkpt><trkpt lat="35.0486171" lon="-118.1609293"><ele>869.9</ele><time>2026-06-26T11:19:18-05:00</time><course>81.14303</course><roll>-27.91308</roll><pitch>-5.488997</pitch><mode /></trkpt><trkpt lat="35.0486219" lon="-118.160883"><ele>869.8</ele><time>2026-06-26T11:19:18-05:00</time><course>78.64523</course><roll>-21.93527</roll><pitch>-2.857174</pitch><mode /></trkpt><trkpt lat="35.0486266" lon="-118.1608355"><ele>869.44</ele><time>2026-06-26T11:19:18-05:00</time><course>75.91824</course><roll>-12.83756</roll><pitch>0.02306149</pitch><mode /></trkpt><trkpt lat="35.0486315" lon="-118.1607873"><ele>869.01</ele><time>2026-06-26T11:19:18-05:00</time><course>80.15424</course><roll>-12.9068</roll><pitch>-1.20562</pitch><mode /></trkpt><trkpt lat="35.0486366" lon="-118.1607381"><ele>868.67</ele><time>2026-06-26T11:19:18-05:00</time><course>82.80581</course><roll>-9.828375</roll><pitch>-2.987051</pitch><mode /></trkpt><trkpt lat="35.0486419" lon="-118.1606884"><ele>868.43</ele><time>2026-06-26T11:19:19-05:00</time><course>84.00947</course><roll>-1.845241</roll><pitch>-4.937848</pitch><mode /></trkpt><trkpt lat="35.0486471" lon="-118.1606382"><ele>868.27</ele><time>2026-06-26T11:19:19-05:00</time><course>85.05495</course><roll>3.073765</roll><pitch>-5.72138</pitch><mode /></trkpt><trkpt lat="35.0486525" lon="-118.1605876"><ele>868.13</ele><time>2026-06-26T11:19:19-05:00</time><course>85.45345</course><roll>3.721211</roll><pitch>-8.632936</pitch><mode /></trkpt><trkpt lat="35.0486587" lon="-118.160537"><ele>867.82</ele><time>2026-06-26T11:19:19-05:00</time><course>89.45317</course><roll>-3.631936</roll><pitch>-14.52352</pitch><mode /></trkpt><trkpt lat="35.0486644" lon="-118.1604869"><ele>867.84</ele><time>2026-06-26T11:19:19-05:00</time><course>91.22308</course><roll>-9.031864</roll><pitch>-19.72356</pitch><mode /></trkpt><trkpt lat="35.0486688" lon="-118.1604381"><ele>868.12</ele><time>2026-06-26T11:19:20-05:00</time><course>93.51855</course><roll>-13.94432</roll><pitch>-22.36252</pitch><mode /></trkpt><trkpt lat="35.0486725" lon="-118.1603909"><ele>868.53</ele><time>2026-06-26T11:19:20-05:00</time><course>93.52008</course><roll>-20.25785</roll><pitch>-21.0305</pitch><mode /></trkpt><trkpt lat="35.0486752" lon="-118.1603449"><ele>868.98</ele><time>2026-06-26T11:19:20-05:00</time><course>91.84951</course><roll>-20.20009</roll><pitch>-18.63906</pitch><mode /></trkpt><trkpt lat="35.048677" lon="-118.1602987"><ele>869.39</ele><time>2026-06-26T11:19:20-05:00</time><course>93.79717</course><roll>-19.84939</roll><pitch>-14.16919</pitch><mode /></trkpt><trkpt lat="35.0486784" lon="-118.1602527"><ele>869.6</ele><time>2026-06-26T11:19:20-05:00</time><course>92.27386</course><roll>-16.69738</roll><pitch>-5.532666</pitch><mode /></trkpt><trkpt lat="35.0486796" lon="-118.1602058"><ele>869.5</ele><time>2026-06-26T11:19:21-05:00</time><course>98.49605</course><roll>-16.53378</roll><pitch>-3.085772</pitch><mode /></trkpt><trkpt lat="35.0486804" lon="-118.1601578"><ele>869.23</ele><time>2026-06-26T11:19:21-05:00</time><course>105.1485</course><roll>-22.53628</roll><pitch>-4.556823</pitch><mode /></trkpt><trkpt lat="35.0486795" lon="-118.1601099"><ele>869.08</ele><time>2026-06-26T11:19:21-05:00</time><course>111.0788</course><roll>-29.25884</roll><pitch>-7.334765</pitch><mode /></trkpt><trkpt lat="35.048676" lon="-118.1600629"><ele>869.03</ele><time>2026-06-26T11:19:21-05:00</time><course>113.0384</course><roll>-37.04261</roll><pitch>-7.760744</pitch><mode /></trkpt><trkpt lat="35.04867" lon="-118.1600165"><ele>869.18</ele><time>2026-06-26T11:19:21-05:00</time><course>114.0178</course><roll>-38.93179</roll><pitch>-6.213068</pitch><mode /></trkpt><trkpt lat="35.0486623" lon="-118.1599701"><ele>869.16</ele><time>2026-06-26T11:19:22-05:00</time><course>116.5498</course><roll>-35.36077</roll><pitch>-1.716437</pitch><mode /></trkpt><trkpt lat="35.0486534" lon="-118.1599231"><ele>869.06</ele><time>2026-06-26T11:19:22-05:00</time><course>119.548</course><roll>-36.1418</roll><pitch>0.0917598</pitch><mode /></trkpt><trkpt lat="35.048643" lon="-118.1598763"><ele>868.84</ele><time>2026-06-26T11:19:22-05:00</time><course>123.1198</course><roll>-33.95119</roll><pitch>1.40213</pitch><mode /></trkpt><trkpt lat="35.0486309" lon="-118.1598297"><ele>868.54</ele><time>2026-06-26T11:19:22-05:00</time><course>125.892</course><roll>-29.02792</roll><pitch>2.301843</pitch><mode /></trkpt><trkpt lat="35.0486172" lon="-118.1597829"><ele>868.24</ele><time>2026-06-26T11:19:22-05:00</time><course>132.9616</course><roll>-27.12349</roll><pitch>3.278156</pitch><mode /></trkpt><trkpt lat="35.0486017" lon="-118.1597367"><ele>868.02</ele><time>2026-06-26T11:19:23-05:00</time><course>142.9512</course><roll>-31.27454</roll><pitch>-0.4145108</pitch><mode /></trkpt><trkpt lat="35.0485835" lon="-118.1596925"><ele>867.9</ele><time>2026-06-26T11:19:23-05:00</time><course>146.7718</course><roll>-34.7021</roll><pitch>-3.823894</pitch><mode /></trkpt><trkpt lat="35.0485626" lon="-118.1596517"><ele>868.06</ele><time>2026-06-26T11:19:23-05:00</time><course>149.2229</course><roll>-37.05717</roll><pitch>-4.44186</pitch><mode /></trkpt><trkpt lat="35.048541" lon="-118.1596141"><ele>868.25</ele><time>2026-06-26T11:19:23-05:00</time><course>153.9554</course><roll>-41.23652</roll><pitch>-1.651211</pitch><mode /></trkpt><trkpt lat="35.0485183" lon="-118.1595785"><ele>868.44</ele><time>2026-06-26T11:19:23-05:00</time><course>157.1398</course><roll>-38.61248</roll><pitch>-1.427711</pitch><mode /></trkpt><trkpt lat="35.0484942" lon="-118.1595469"><ele>868.78</ele><time>2026-06-26T11:19:24-05:00</time><course>162.2109</course><roll>-34.38437</roll><pitch>-1.579176</pitch><mode /></trkpt><trkpt lat="35.048469" lon="-118.1595189"><ele>869.2</ele><time>2026-06-26T11:19:24-05:00</time><course>165.9839</course><roll>-34.57257</roll><pitch>-1.886486</pitch><mode /></trkpt><trkpt lat="35.0484433" lon="-118.1594938"><ele>869.64</ele><time>2026-06-26T11:19:24-05:00</time><course>171.8739</course><roll>-37.38866</roll><pitch>-0.2441357</pitch><mode /></trkpt><trkpt lat="35.0484173" lon="-118.1594712"><ele>870.01</ele><time>2026-06-26T11:19:24-05:00</time><course>176.5777</course><roll>-38.05403</roll><pitch>0.1860254</pitch><mode /></trkpt><trkpt lat="35.0483911" lon="-118.1594512"><ele>870.32</ele><time>2026-06-26T11:19:24-05:00</time><course>179.2101</course><roll>-40.58191</roll><pitch>-1.460595</pitch><mode /></trkpt><trkpt lat="35.048365" lon="-118.1594336"><ele>870.44</ele><time>2026-06-26T11:19:25-05:00</time><course>186.5981</course><roll>-39.20201</roll><pitch>0.183593</pitch><mode /></trkpt><trkpt lat="35.0483394" lon="-118.1594189"><ele>870.6</ele><time>2026-06-26T11:19:25-05:00</time><course>192.4684</course><roll>-42.26877</roll><pitch>1.322129</pitch><mode /></trkpt><trkpt lat="35.0483142" lon="-118.1594088"><ele>870.82</ele><time>2026-06-26T11:19:25-05:00</time><course>195.1915</course><roll>-42.13134</roll><pitch>1.335454</pitch><mode /></trkpt><trkpt lat="35.0482895" lon="-118.1594011"><ele>871.03</ele><time>2026-06-26T11:19:25-05:00</time><course>199.9529</course><roll>-40.99927</roll><pitch>3.316548</pitch><mode /></trkpt><trkpt lat="35.0482649" lon="-118.159394"><ele>871.1</ele><time>2026-06-26T11:19:25-05:00</time><course>208.7308</course><roll>-42.76632</roll><pitch>6.226466</pitch><mode /></trkpt><trkpt lat="35.0482408" lon="-118.1593893"><ele>871.04</ele><time>2026-06-26T11:19:26-05:00</time><course>213.3022</course><roll>-39.92034</roll><pitch>3.987114</pitch><mode /></trkpt><trkpt lat="35.0482181" lon="-118.1593877"><ele>870.96</ele><time>2026-06-26T11:19:26-05:00</time><course>217.7572</course><roll>-42.1834</roll><pitch>1.306994</pitch><mode /></trkpt><trkpt lat="35.0481971" lon="-118.1593883"><ele>870.8</ele><time>2026-06-26T11:19:26-05:00</time><course>222.0302</course><roll>-42.12243</roll><pitch>1.789376</pitch><mode /></trkpt><trkpt lat="35.0481777" lon="-118.1593918"><ele>870.62</ele><time>2026-06-26T11:19:26-05:00</time><course>227.8552</course><roll>-43.38736</roll><pitch>3.579531</pitch><mode /></trkpt><trkpt lat="35.0481602" lon="-118.1593972"><ele>870.39</ele><time>2026-06-26T11:19:26-05:00</time><course>231.5034</course><roll>-38.68338</roll><pitch>3.688591</pitch><mode /></trkpt><trkpt lat="35.048145" lon="-118.1594051"><ele>870.17</ele><time>2026-06-26T11:19:27-05:00</time><course>236.0937</course><roll>-40.59553</roll><pitch>3.134825</pitch><mode /></trkpt><trkpt lat="35.048132" lon="-118.1594154"><ele>869.86</ele><time>2026-06-26T11:19:27-05:00</time><course>239.269</course><roll>-36.79044</roll><pitch>3.257925</pitch><mode /></trkpt><trkpt lat="35.048121" lon="-118.1594267"><ele>869.57</ele><time>2026-06-26T11:19:27-05:00</time><course>243.0475</course><roll>-34.49924</roll><pitch>4.142347</pitch><mode /></trkpt><trkpt lat="35.0481118" lon="-118.1594389"><ele>869.14</ele><time>2026-06-26T11:19:27-05:00</time><course>244.7363</course><roll>-34.23847</roll><pitch>2.777738</pitch><mode /></trkpt><trkpt lat="35.0481046" lon="-118.1594526"><ele>868.71</ele><time>2026-06-26T11:19:27-05:00</time><course>249.16</course><roll>-31.93866</roll><pitch>3.314628</pitch><mode /></trkpt><trkpt lat="35.0481" lon="-118.1594677"><ele>868.38</ele><time>2026-06-26T11:19:28-05:00</time><course>250.507</course><roll>-25.50585</roll><pitch>2.585997</pitch><mode /></trkpt><trkpt lat="35.0480972" lon="-118.1594832"><ele>868.1</ele><time>2026-06-26T11:19:28-05:00</time><course>249.9848</course><roll>-18.12157</roll><pitch>3.677682</pitch><mode /></trkpt><trkpt lat="35.0480947" lon="-118.1594983"><ele>867.6</ele><time>2026-06-26T11:19:28-05:00</time><course>252.6113</course><roll>-14.11464</roll><pitch>6.71506</pitch><mode /></trkpt><trkpt lat="35.0480925" lon="-118.1595133"><ele>866.98</ele><time>2026-06-26T11:19:28-05:00</time><course>251.6469</course><roll>-9.32851</roll><pitch>8.270155</pitch><mode /></trkpt><trkpt lat="35.0480911" lon="-118.1595282"><ele>866.3</ele><time>2026-06-26T11:19:28-05:00</time><course>251.1711</course><roll>-5.04933</roll><pitch>7.670496</pitch><mode /></trkpt><trkpt lat="35.0480897" lon="-118.1595435"><ele>865.65</ele><time>2026-06-26T11:19:29-05:00</time><course>252.4754</course><roll>-5.764246</roll><pitch>6.308051</pitch><mode /></trkpt><trkpt lat="35.0480876" lon="-118.1595599"><ele>865.03</ele><time>2026-06-26T11:19:29-05:00</time><course>254.4406</course><roll>-8.493158</roll><pitch>4.166498</pitch><mode /></trkpt><trkpt lat="35.0480858" lon="-118.1595772"><ele>864.83</ele><time>2026-06-26T11:19:29-05:00</time><course>254.0681</course><roll>-11.50934</roll><pitch>1.704689</pitch><mode /></trkpt><trkpt lat="35.0480844" lon="-118.1595949"><ele>864.68</ele><time>2026-06-26T11:19:29-05:00</time><course>253.5049</course><roll>-10.32857</roll><pitch>0.6910956</pitch><mode /></trkpt><trkpt lat="35.0480826" lon="-118.1596136"><ele>864.67</ele><time>2026-06-26T11:19:29-05:00</time><course>253.5986</course><roll>-8.18584</roll><pitch>0.9474385</pitch><mode /></trkpt><trkpt lat="35.0480814" lon="-118.1596323"><ele>864.81</ele><time>2026-06-26T11:19:30-05:00</time><course>259.4991</course><roll>-10.46199</roll><pitch>2.198869</pitch><mode /></trkpt><trkpt lat="35.0480803" lon="-118.1596502"><ele>864.59</ele><time>2026-06-26T11:19:30-05:00</time><course>257.0122</course><roll>-6.51165</roll><pitch>1.956461</pitch><mode /></trkpt><trkpt lat="35.0480796" lon="-118.159668"><ele>864.34</ele><time>2026-06-26T11:19:30-05:00</time><course>258.4864</course><roll>0.06993721</roll><pitch>1.596292</pitch><mode /></trkpt><trkpt lat="35.0480782" lon="-118.1596861"><ele>864.16</ele><time>2026-06-26T11:19:30-05:00</time><course>260.9819</course><roll>0.5053615</roll><pitch>1.013149</pitch><mode /></trkpt><trkpt lat="35.048077" lon="-118.1597041"><ele>864.09</ele><time>2026-06-26T11:19:30-05:00</time><course>260.2491</course><roll>-0.7302306</roll><pitch>-0.9478397</pitch><mode /></trkpt><trkpt lat="35.0480758" lon="-118.1597225"><ele>864.12</ele><time>2026-06-26T11:19:31-05:00</time><course>259.2394</course><roll>5.803077</roll><pitch>-3.302474</pitch><mode /></trkpt><trkpt lat="35.0480744" lon="-118.1597394"><ele>864.22</ele><time>2026-06-26T11:19:31-05:00</time><course>261.1527</course><roll>4.235122</roll><pitch>-4.498393</pitch><mode /></trkpt><trkpt lat="35.0480728" lon="-118.1597546"><ele>864.43</ele><time>2026-06-26T11:19:31-05:00</time><course>258.7653</course><roll>2.426298</roll><pitch>-4.750074</pitch><mode /></trkpt><trkpt lat="35.0480712" lon="-118.1597689"><ele>864.64</ele><time>2026-06-26T11:19:31-05:00</time><course>260.297</course><roll>-0.4844312</roll><pitch>-5.2271</pitch><mode /></trkpt><trkpt lat="35.0480686" lon="-118.1597841"><ele>865</ele><time>2026-06-26T11:19:31-05:00</time><course>260.8188</course><roll>-5.320586</roll><pitch>-5.636573</pitch><mode /></trkpt><trkpt lat="35.0480665" lon="-118.1597986"><ele>865.33</ele><time>2026-06-26T11:19:32-05:00</time><course>259.8411</course><roll>-3.839866</roll><pitch>-3.497677</pitch><mode /></trkpt><trkpt lat="35.0480656" lon="-118.1598118"><ele>865.66</ele><time>2026-06-26T11:19:32-05:00</time><course>255.7656</course><roll>0.8468976</roll><pitch>-2.853836</pitch><mode /></trkpt><trkpt lat="35.0480645" lon="-118.1598246"><ele>866.09</ele><time>2026-06-26T11:19:32-05:00</time><course>252.8876</course><roll>-1.255711</roll><pitch>-1.054631</pitch><mode /></trkpt><trkpt lat="35.0480626" lon="-118.1598375"><ele>866.35</ele><time>2026-06-26T11:19:32-05:00</time><course>255.5743</course><roll>-4.350022</roll><pitch>1.487167</pitch><mode /></trkpt><trkpt lat="35.04806" lon="-118.1598507"><ele>866.22</ele><time>2026-06-26T11:19:32-05:00</time><course>259.5492</course><roll>-3.620119</roll><pitch>3.96699</pitch><mode /></trkpt><trkpt lat="35.0480575" lon="-118.1598638"><ele>865.67</ele><time>2026-06-26T11:19:33-05:00</time><course>261.9348</course><roll>-4.054155</roll><pitch>3.099499</pitch><mode /></trkpt><trkpt lat="35.0480552" lon="-118.1598776"><ele>865.08</ele><time>2026-06-26T11:19:33-05:00</time><course>260.0562</course><roll>-4.284322</roll><pitch>1.668664</pitch><mode /></trkpt><trkpt lat="35.0480535" lon="-118.1598918"><ele>864.55</ele><time>2026-06-26T11:19:33-05:00</time><course>256.2701</course><roll>-2.9513</roll><pitch>0.1090957</pitch><mode /></trkpt><trkpt lat="35.0480523" lon="-118.1599056"><ele>864.18</ele><time>2026-06-26T11:19:33-05:00</time><course>253.8186</course><roll>-2.261881</roll><pitch>-2.199745</pitch><mode /></trkpt><trkpt lat="35.0480508" lon="-118.1599193"><ele>863.99</ele><time>2026-06-26T11:19:33-05:00</time><course>256.7638</course><roll>-2.30812</roll><pitch>-1.442579</pitch><mode /></trkpt><trkpt lat="35.0480482" lon="-118.1599324"><ele>863.9</ele><time>2026-06-26T11:19:34-05:00</time><course>266.4667</course><roll>-5.163092</roll><pitch>-1.644721</pitch><mode /></trkpt><trkpt lat="35.0480462" lon="-118.1599459"><ele>863.76</ele><time>2026-06-26T11:19:34-05:00</time><course>261.3367</course><roll>-1.761739</roll><pitch>-2.532808</pitch><mode /></trkpt><trkpt lat="35.0480449" lon="-118.1599593"><ele>863.59</ele><time>2026-06-26T11:19:34-05:00</time><course>258.7003</course><roll>-0.6034683</roll><pitch>-3.00236</pitch><mode /></trkpt><trkpt lat="35.0480432" lon="-118.1599722"><ele>863.47</ele><time>2026-06-26T11:19:34-05:00</time><course>258.0052</course><roll>-1.375398</roll><pitch>-1.970046</pitch><mode /></trkpt><trkpt lat="35.0480411" lon="-118.1599853"><ele>863.41</ele><time>2026-06-26T11:19:34-05:00</time><course>257.5863</course><roll>0.2239476</roll><pitch>-0.7313651</pitch><mode /></trkpt><trkpt lat="35.0480395" lon="-118.159998"><ele>863.33</ele><time>2026-06-26T11:19:35-05:00</time><course>257.0249</course><roll>0.2393933</roll><pitch>-0.1299735</pitch><mode /></trkpt><trkpt lat="35.0480378" lon="-118.1600101"><ele>863.22</ele><time>2026-06-26T11:19:35-05:00</time><course>257.5122</course><roll>2.274197</roll><pitch>1.360156</pitch><mode /></trkpt><trkpt lat="35.0480355" lon="-118.1600225"><ele>863.13</ele><time>2026-06-26T11:19:35-05:00</time><course>256.7162</course><roll>4.393416</roll><pitch>0.8769971</pitch><mode /></trkpt><trkpt lat="35.0480331" lon="-118.1600339"><ele>863.01</ele><time>2026-06-26T11:19:35-05:00</time><course>255.4649</course><roll>4.191964</roll><pitch>-0.406256</pitch><mode /></trkpt><trkpt lat="35.0480305" lon="-118.160045"><ele>862.83</ele><time>2026-06-26T11:19:35-05:00</time><course>256.3693</course><roll>6.051699</roll><pitch>-0.5015295</pitch><mode /></trkpt><trkpt lat="35.0480273" lon="-118.1600558"><ele>862.59</ele><time>2026-06-26T11:19:36-05:00</time><course>260.2087</course><roll>1.828543</roll><pitch>-2.800587</pitch><mode /></trkpt><trkpt lat="35.0480238" lon="-118.1600663"><ele>862.37</ele><time>2026-06-26T11:19:36-05:00</time><course>258.3121</course><roll>0.984146</roll><pitch>-2.797373</pitch><mode /></trkpt><trkpt lat="35.0480203" lon="-118.1600773"><ele>862.21</ele><time>2026-06-26T11:19:36-05:00</time><course>253.1523</course><roll>3.065437</roll><pitch>-0.8949523</pitch><mode /></trkpt><trkpt lat="35.0480164" lon="-118.1600886"><ele>862.07</ele><time>2026-06-26T11:19:36-05:00</time><course>248.9992</course><roll>5.998563</roll><pitch>-0.5899004</pitch><mode /></trkpt><trkpt lat="35.0480127" lon="-118.1600984"><ele>861.75</ele><time>2026-06-26T11:19:36-05:00</time><course>252.8921</course><roll>2.987239</roll><pitch>0.138899</pitch><mode /></trkpt><trkpt lat="35.0480081" lon="-118.1601088"><ele>861.49</ele><time>2026-06-26T11:19:37-05:00</time><course>247.6543</course><roll>0.3158677</roll><pitch>1.836157</pitch><mode /></trkpt><trkpt lat="35.0480033" lon="-118.1601195"><ele>861.11</ele><time>2026-06-26T11:19:37-05:00</time><course>248.5211</course><roll>-6.666655</roll><pitch>2.431578</pitch><mode /></trkpt><trkpt lat="35.0479984" lon="-118.1601301"><ele>860.58</ele><time>2026-06-26T11:19:37-05:00</time><course>248.8402</course><roll>-8.311529</roll><pitch>4.658202</pitch><mode /></trkpt><trkpt lat="35.0479941" lon="-118.160141"><ele>860.03</ele><time>2026-06-26T11:19:37-05:00</time><course>248.9253</course><roll>0.480509</roll><pitch>6.29092</pitch><mode /></trkpt><trkpt lat="35.0479889" lon="-118.160153"><ele>859.53</ele><time>2026-06-26T11:19:37-05:00</time><course>251.4817</course><roll>3.662538</roll><pitch>5.1333</pitch><mode /></trkpt><trkpt lat="35.047983" lon="-118.1601655"><ele>859.16</ele><time>2026-06-26T11:19:38-05:00</time><course>249.141</course><roll>6.152794</roll><pitch>0.6498247</pitch><mode /></trkpt><trkpt lat="35.0479761" lon="-118.1601788"><ele>859.08</ele><time>2026-06-26T11:19:38-05:00</time><course>250.4393</course><roll>4.690049</roll><pitch>-1.113091</pitch><mode /></trkpt><trkpt lat="35.0479689" lon="-118.1601915"><ele>859.25</ele><time>2026-06-26T11:19:38-05:00</time><course>250.6913</course><roll>3.339555</roll><pitch>-2.036501</pitch><mode /></trkpt><trkpt lat="35.047962" lon="-118.1602033"><ele>859.26</ele><time>2026-06-26T11:19:38-05:00</time><course>251.2349</course><roll>1.84667</roll><pitch>-1.744126</pitch><mode /></trkpt><trkpt lat="35.0479548" lon="-118.1602148"><ele>859.27</ele><time>2026-06-26T11:19:38-05:00</time><course>252.328</course><roll>0.5148073</roll><pitch>-2.541803</pitch><mode /></trkpt><trkpt lat="35.047948" lon="-118.1602257"><ele>859.23</ele><time>2026-06-26T11:19:39-05:00</time><course>252.3631</course><roll>-0.6645713</roll><pitch>-2.865232</pitch><mode /></trkpt><trkpt lat="35.0479411" lon="-118.1602364"><ele>859.27</ele><time>2026-06-26T11:19:39-05:00</time><course>250.6633</course><roll>1.177406</roll><pitch>-1.915678</pitch><mode /></trkpt><trkpt lat="35.0479344" lon="-118.1602468"><ele>859.38</ele><time>2026-06-26T11:19:39-05:00</time><course>250.153</course><roll>-0.0543139</roll><pitch>-1.019886</pitch><mode /></trkpt><trkpt lat="35.0479277" lon="-118.160257"><ele>859.49</ele><time>2026-06-26T11:19:39-05:00</time><course>249.0376</course><roll>-0.2671133</roll><pitch>0.1829036</pitch><mode /></trkpt><trkpt lat="35.0479208" lon="-118.1602672"><ele>859.66</ele><time>2026-06-26T11:19:39-05:00</time><course>246.9812</course><roll>-2.835945</roll><pitch>1.109059</pitch><mode /></trkpt><trkpt lat="35.0479142" lon="-118.1602768"><ele>859.64</ele><time>2026-06-26T11:19:40-05:00</time><course>246.1725</course><roll>-1.502981</roll><pitch>1.296621</pitch><mode /></trkpt><trkpt lat="35.0479075" lon="-118.160286"><ele>859.46</ele><time>2026-06-26T11:19:40-05:00</time><course>245.6374</course><roll>2.142459</roll><pitch>1.081783</pitch><mode /></trkpt><trkpt lat="35.0479" lon="-118.1602958"><ele>859.53</ele><time>2026-06-26T11:19:40-05:00</time><course>246.2036</course><roll>1.904979</roll><pitch>0.2809139</pitch><mode /></trkpt><trkpt lat="35.0478924" lon="-118.160305"><ele>859.65</ele><time>2026-06-26T11:19:40-05:00</time><course>246.7027</course><roll>-0.2067133</roll><pitch>0.02578113</pitch><mode /></trkpt><trkpt lat="35.0478849" lon="-118.1603132"><ele>859.64</ele><time>2026-06-26T11:19:40-05:00</time><course>245.7879</course><roll>0.6606203</roll><pitch>1.075786</pitch><mode /></trkpt><trkpt lat="35.0478773" lon="-118.1603216"><ele>859.57</ele><time>2026-06-26T11:19:41-05:00</time><course>246.6065</course><roll>-0.1158372</roll><pitch>4.570395</pitch><mode /></trkpt><trkpt lat="35.0478693" lon="-118.16033"><ele>859.14</ele><time>2026-06-26T11:19:41-05:00</time><course>248.2421</course><roll>0.1154537</roll><pitch>5.554745</pitch><mode /></trkpt><trkpt lat="35.0478615" lon="-118.1603383"><ele>858.77</ele><time>2026-06-26T11:19:41-05:00</time><course>246.4739</course><roll>2.464395</roll><pitch>4.270979</pitch><mode /></trkpt><trkpt lat="35.0478536" lon="-118.1603468"><ele>858.36</ele><time>2026-06-26T11:19:41-05:00</time><course>246.8403</course><roll>2.755087</roll><pitch>1.694695</pitch><mode /></trkpt><trkpt lat="35.0478448" lon="-118.1603558"><ele>858.15</ele><time>2026-06-26T11:19:41-05:00</time><course>246.7762</course><roll>2.577493</roll><pitch>0.6782545</pitch><mode /></trkpt><trkpt lat="35.047836" lon="-118.1603653"><ele>858.03</ele><time>2026-06-26T11:19:42-05:00</time><course>244.8741</course><roll>3.487724</roll><pitch>2.519445</pitch><mode /></trkpt><trkpt lat="35.0478269" lon="-118.1603748"><ele>857.87</ele><time>2026-06-26T11:19:42-05:00</time><course>244.2387</course><roll>4.446222</roll><pitch>3.068506</pitch><mode /></trkpt><trkpt lat="35.0478175" lon="-118.1603835"><ele>857.61</ele><time>2026-06-26T11:19:42-05:00</time><course>243.8042</course><roll>3.094111</roll><pitch>3.61099</pitch><mode /></trkpt><trkpt lat="35.0478078" lon="-118.1603918"><ele>857.24</ele><time>2026-06-26T11:19:42-05:00</time><course>243.2062</course><roll>0.5964884</roll><pitch>4.110238</pitch><mode /></trkpt><trkpt lat="35.0477978" lon="-118.1604002"><ele>856.89</ele><time>2026-06-26T11:19:42-05:00</time><course>241.6837</course><roll>0.04194025</roll><pitch>3.925573</pitch><mode /></trkpt><trkpt lat="35.0477876" lon="-118.1604093"><ele>856.55</ele><time>2026-06-26T11:19:43-05:00</time><course>239.6733</course><roll>-0.1993342</roll><pitch>3.281516</pitch><mode /></trkpt><trkpt lat="35.0477775" lon="-118.1604187"><ele>856.17</ele><time>2026-06-26T11:19:43-05:00</time><course>238.9639</course><roll>-2.030127</roll><pitch>2.798857</pitch><mode /></trkpt><trkpt lat="35.0477672" lon="-118.160428"><ele>855.81</ele><time>2026-06-26T11:19:43-05:00</time><course>238.5916</course><roll>-2.227313</roll><pitch>3.95976</pitch><mode /></trkpt><trkpt lat="35.0477564" lon="-118.1604373"><ele>855.44</ele><time>2026-06-26T11:19:43-05:00</time><course>239.1404</course><roll>-3.135596</roll><pitch>5.891126</pitch><mode /></trkpt><trkpt lat="35.0477455" lon="-118.1604466"><ele>854.89</ele><time>2026-06-26T11:19:43-05:00</time><course>240.1736</course><roll>-3.24231</roll><pitch>8.600843</pitch><mode /></trkpt><trkpt lat="35.0477346" lon="-118.1604558"><ele>854.18</ele><time>2026-06-26T11:19:44-05:00</time><course>240.293</course><roll>-0.8686599</roll><pitch>8.864419</pitch><mode /></trkpt><trkpt lat="35.0477235" lon="-118.1604651"><ele>853.46</ele><time>2026-06-26T11:19:44-05:00</time><course>240.5678</course><roll>-1.962293</roll><pitch>7.193543</pitch><mode /></trkpt><trkpt lat="35.0477119" lon="-118.1604755"><ele>852.84</ele><time>2026-06-26T11:19:44-05:00</time><course>241.4164</course><roll>-0.9676282</roll><pitch>5.12484</pitch><mode /></trkpt><trkpt lat="35.0477002" lon="-118.1604856"><ele>852.36</ele><time>2026-06-26T11:19:44-05:00</time><course>241.7924</course><roll>0.624679</roll><pitch>2.257454</pitch><mode /></trkpt><trkpt lat="35.0476885" lon="-118.1604956"><ele>851.87</ele><time>2026-06-26T11:19:44-05:00</time><course>241.8452</course><roll>1.876053</roll><pitch>0.3053902</pitch><mode /></trkpt><trkpt lat="35.0476765" lon="-118.1605051"><ele>851.52</ele><time>2026-06-26T11:19:45-05:00</time><course>241.8486</course><roll>-1.718161</roll><pitch>0.6253498</pitch><mode /></trkpt><trkpt lat="35.0476644" lon="-118.1605148"><ele>851.29</ele><time>2026-06-26T11:19:45-05:00</time><course>241.5384</course><roll>-3.929537</roll><pitch>3.558796</pitch><mode /></trkpt><trkpt lat="35.0476524" lon="-118.1605239"><ele>850.84</ele><time>2026-06-26T11:19:45-05:00</time><course>246.2504</course><roll>-7.424337</roll><pitch>4.011882</pitch><mode /></trkpt><trkpt lat="35.0476407" lon="-118.1605326"><ele>850.41</ele><time>2026-06-26T11:19:45-05:00</time><course>252.06</course><roll>-17.15899</roll><pitch>1.270261</pitch><mode /></trkpt><trkpt lat="35.0476305" lon="-118.1605418"><ele>850.21</ele><time>2026-06-26T11:19:45-05:00</time><course>252.6528</course><roll>-23.96768</roll><pitch>-4.081553</pitch><mode /></trkpt><trkpt lat="35.0476232" lon="-118.1605509"><ele>850.11</ele><time>2026-06-26T11:19:46-05:00</time><course>253.9659</course><roll>-28.01933</roll><pitch>-5.246211</pitch><mode /></trkpt><trkpt lat="35.0476176" lon="-118.16056"><ele>850.11</ele><time>2026-06-26T11:19:46-05:00</time><course>255.0381</course><roll>-29.28514</roll><pitch>-5.551867</pitch><mode /></trkpt><trkpt lat="35.0476139" lon="-118.1605692"><ele>850.05</ele><time>2026-06-26T11:19:46-05:00</time><course>253.6901</course><roll>-31.9434</roll><pitch>-5.964505</pitch><mode /></trkpt><trkpt lat="35.0476117" lon="-118.1605785"><ele>849.95</ele><time>2026-06-26T11:19:46-05:00</time><course>253.8423</course><roll>-29.43863</roll><pitch>-2.660737</pitch><mode /></trkpt><trkpt lat="35.0476103" lon="-118.1605873"><ele>849.68</ele><time>2026-06-26T11:19:46-05:00</time><course>252.07</course><roll>-22.03843</roll><pitch>1.285457</pitch><mode /></trkpt><trkpt lat="35.0476092" lon="-118.1605962"><ele>849.19</ele><time>2026-06-26T11:19:47-05:00</time><course>250.8544</course><roll>-11.0879</roll><pitch>5.494695</pitch><mode /></trkpt><trkpt lat="35.0476077" lon="-118.1606051"><ele>848.5</ele><time>2026-06-26T11:19:47-05:00</time><course>256.1741</course><roll>-9.079721</roll><pitch>6.050059</pitch><mode /></trkpt><trkpt lat="35.0476058" lon="-118.1606146"><ele>847.76</ele><time>2026-06-26T11:19:47-05:00</time><course>263.273</course><roll>-9.429357</roll><pitch>2.539743</pitch><mode /></trkpt><trkpt lat="35.0476043" lon="-118.1606247"><ele>847.29</ele><time>2026-06-26T11:19:47-05:00</time><course>264.8197</course><roll>-6.765502</roll><pitch>-1.109282</pitch><mode /></trkpt><trkpt lat="35.0476038" lon="-118.1606358"><ele>847.01</ele><time>2026-06-26T11:19:47-05:00</time><course>265.4776</course><roll>-3.371871</roll><pitch>-2.992918</pitch><mode /></trkpt><trkpt lat="35.0476034" lon="-118.1606475"><ele>847.06</ele><time>2026-06-26T11:19:48-05:00</time><course>263.9915</course><roll>3.058206</roll><pitch>-7.473898</pitch><mode /></trkpt><trkpt lat="35.0476032" lon="-118.1606599"><ele>847.53</ele><time>2026-06-26T11:19:48-05:00</time><course>258.281</course><roll>3.695089</roll><pitch>-10.32433</pitch><mode /></trkpt><trkpt lat="35.0476035" lon="-118.1606721"><ele>847.96</ele><time>2026-06-26T11:19:48-05:00</time><course>257.1451</course><roll>6.17349</roll><pitch>-10.03097</pitch><mode /></trkpt><trkpt lat="35.0476024" lon="-118.1606822"><ele>848.47</ele><time>2026-06-26T11:19:48-05:00</time><course>265.7141</course><roll>-3.991312</roll><pitch>-11.34401</pitch><mode /></trkpt><trkpt lat="35.0476007" lon="-118.1606905"><ele>849.18</ele><time>2026-06-26T11:19:48-05:00</time><course>267.2408</course><roll>-12.67676</roll><pitch>-11.63206</pitch><mode /></trkpt><trkpt lat="35.0476016" lon="-118.1606979"><ele>849.65</ele><time>2026-06-26T11:19:49-05:00</time><course>259.96</course><roll>-8.45975</roll><pitch>-8.75056</pitch><mode /></trkpt><trkpt lat="35.0476025" lon="-118.1607051"><ele>850.07</ele><time>2026-06-26T11:19:49-05:00</time><course>257.1318</course><roll>-4.268308</roll><pitch>-2.175996</pitch><mode /></trkpt><trkpt lat="35.0476028" lon="-118.1607113"><ele>850.03</ele><time>2026-06-26T11:19:49-05:00</time><course>259.1187</course><roll>-1.443703</roll><pitch>2.819785</pitch><mode /></trkpt><trkpt lat="35.047603" lon="-118.1607177"><ele>849.64</ele><time>2026-06-26T11:19:49-05:00</time><course>259.4799</course><roll>-2.978783</roll><pitch>3.343349</pitch><mode /></trkpt><trkpt lat="35.0476027" lon="-118.1607245"><ele>849.18</ele><time>2026-06-26T11:19:49-05:00</time><course>260.9545</course><roll>-2.455942</roll><pitch>1.604045</pitch><mode /></trkpt><trkpt lat="35.0476025" lon="-118.160732"><ele>848.61</ele><time>2026-06-26T11:19:50-05:00</time><course>261.2369</course><roll>-0.6278836</roll><pitch>-1.439487</pitch><mode /></trkpt><trkpt lat="35.0476021" lon="-118.1607402"><ele>848.28</ele><time>2026-06-26T11:19:50-05:00</time><course>262.1642</course><roll>0.6559483</roll><pitch>-0.5958231</pitch><mode /></trkpt><trkpt lat="35.0476015" lon="-118.1607483"><ele>847.94</ele><time>2026-06-26T11:19:50-05:00</time><course>260.5797</course><roll>-0.0732284</roll><pitch>0.01988135</pitch><mode /></trkpt><trkpt lat="35.0476006" lon="-118.1607566"><ele>847.71</ele><time>2026-06-26T11:19:50-05:00</time><course>261.2055</course><roll>-1.740561</roll><pitch>-1.926021</pitch><mode /></trkpt><trkpt lat="35.0475997" lon="-118.160765"><ele>847.63</ele><time>2026-06-26T11:19:50-05:00</time><course>261.0338</course><roll>2.480607</roll><pitch>-2.181801</pitch><mode /></trkpt><trkpt lat="35.0475984" lon="-118.1607724"><ele>847.52</ele><time>2026-06-26T11:19:51-05:00</time><course>259.8497</course><roll>9.930212</roll><pitch>-4.387901</pitch><mode /></trkpt><trkpt lat="35.0475961" lon="-118.1607799"><ele>847.45</ele><time>2026-06-26T11:19:51-05:00</time><course>261.4301</course><roll>3.135381</roll><pitch>-4.781503</pitch><mode /></trkpt><trkpt lat="35.0475933" lon="-118.1607873"><ele>847.49</ele><time>2026-06-26T11:19:51-05:00</time><course>260.6602</course><roll>1.610832</roll><pitch>-3.923669</pitch><mode /></trkpt><trkpt lat="35.0475907" lon="-118.1607942"><ele>847.65</ele><time>2026-06-26T11:19:51-05:00</time><course>261.9388</course><roll>-6.39971</roll><pitch>-2.659977</pitch><mode /></trkpt><trkpt lat="35.0475883" lon="-118.1608011"><ele>847.88</ele><time>2026-06-26T11:19:51-05:00</time><course>259.7143</course><roll>-1.635222</roll><pitch>-0.8480315</pitch><mode /></trkpt><trkpt lat="35.0475867" lon="-118.1608082"><ele>847.92</ele><time>2026-06-26T11:19:52-05:00</time><course>249.2218</course><roll>-4.776696</roll><pitch>-1.243514</pitch><mode /></trkpt><trkpt lat="35.0475842" lon="-118.1608162"><ele>847.97</ele><time>2026-06-26T11:19:52-05:00</time><course>252.1146</course><roll>-1.159719</roll><pitch>0.2376486</pitch><mode /></trkpt><trkpt lat="35.0475806" lon="-118.1608236"><ele>848.01</ele><time>2026-06-26T11:19:52-05:00</time><course>260.0126</course><roll>1.468353</roll><pitch>1.057613</pitch><mode /></trkpt><trkpt lat="35.0475768" lon="-118.1608312"><ele>847.98</ele><time>2026-06-26T11:19:52-05:00</time><course>262.414</course><roll>1.665392</roll><pitch>-0.593946</pitch><mode /></trkpt><trkpt lat="35.0475738" lon="-118.160839"><ele>847.91</ele><time>2026-06-26T11:19:52-05:00</time><course>251.2996</course><roll>0.1252661</roll><pitch>-1.718386</pitch><mode /></trkpt><trkpt lat="35.0475701" lon="-118.1608471"><ele>847.92</ele><time>2026-06-26T11:19:53-05:00</time><course>253.5263</course><roll>0.5610769</roll><pitch>-2.280696</pitch><mode /></trkpt><trkpt lat="35.0475664" lon="-118.1608543"><ele>847.74</ele><time>2026-06-26T11:19:53-05:00</time><course>260.2896</course><roll>0.8470518</roll><pitch>-3.467367</pitch><mode /></trkpt><trkpt lat="35.0475639" lon="-118.1608616"><ele>847.6</ele><time>2026-06-26T11:19:53-05:00</time><course>247.5743</course><roll>0.2965379</roll><pitch>-3.937221</pitch><mode /></trkpt><trkpt lat="35.0475615" lon="-118.1608688"><ele>847.52</ele><time>2026-06-26T11:19:53-05:00</time><course>247.2818</course><roll>5.094026</roll><pitch>-3.445292</pitch><mode /></trkpt><trkpt lat="35.0475571" lon="-118.1608746"><ele>847.5</ele><time>2026-06-26T11:19:53-05:00</time><course>263.7335</course><roll>-1.507604</roll><pitch>-4.877894</pitch><mode /></trkpt><trkpt lat="35.0475535" lon="-118.1608804"><ele>847.45</ele><time>2026-06-26T11:19:54-05:00</time><course>244.6915</course><roll>7.761283</roll><pitch>-3.713487</pitch><mode /></trkpt><trkpt lat="35.0475498" lon="-118.1608864"><ele>847.48</ele><time>2026-06-26T11:19:54-05:00</time><course>248.9603</course><roll>8.876115</roll><pitch>-4.581778</pitch><mode /></trkpt><trkpt lat="35.0475438" lon="-118.1608914"><ele>847.83</ele><time>2026-06-26T11:19:54-05:00</time><course>261.7176</course><roll>-2.867706</roll><pitch>-5.555934</pitch><mode /></trkpt><trkpt lat="35.0475391" lon="-118.1608969"><ele>848.33</ele><time>2026-06-26T11:19:54-05:00</time><course>246.2673</course><roll>-5.85934</roll><pitch>-3.756511</pitch><mode /></trkpt><trkpt lat="35.0475358" lon="-118.1609029"><ele>848.63</ele><time>2026-06-26T11:19:54-05:00</time><course>237.5215</course><roll>0.9896268</roll><pitch>-3.20283</pitch><mode /></trkpt><trkpt lat="35.0475306" lon="-118.1609089"><ele>848.68</ele><time>2026-06-26T11:19:55-05:00</time><course>247.6509</course><roll>7.871269</roll><pitch>-4.342671</pitch><mode /></trkpt><trkpt lat="35.0475249" lon="-118.1609146"><ele>848.7</ele><time>2026-06-26T11:19:55-05:00</time><course>243.9396</course><roll>12.03426</roll><pitch>-6.096176</pitch><mode /></trkpt><trkpt lat="35.0475192" lon="-118.1609211"><ele>848.88</ele><time>2026-06-26T11:19:55-05:00</time><course>239.3415</course><roll>5.601808</roll><pitch>-8.166792</pitch><mode /></trkpt><trkpt lat="35.0475127" lon="-118.1609273"><ele>849.03</ele><time>2026-06-26T11:19:55-05:00</time><course>240.6217</course><roll>-1.120233</roll><pitch>-9.32361</pitch><mode /></trkpt><trkpt lat="35.0475056" lon="-118.1609338"><ele>849.4</ele><time>2026-06-26T11:19:55-05:00</time><course>243.5771</course><roll>-10.80496</roll><pitch>-9.339257</pitch><mode /></trkpt><trkpt lat="35.0474981" lon="-118.1609408"><ele>849.76</ele><time>2026-06-26T11:19:56-05:00</time><course>242.8415</course><roll>-14.66591</roll><pitch>-7.721455</pitch><mode /></trkpt><trkpt lat="35.0474911" lon="-118.1609491"><ele>850.04</ele><time>2026-06-26T11:19:56-05:00</time><course>239.0324</course><roll>-16.02419</roll><pitch>-5.977628</pitch><mode /></trkpt><trkpt lat="35.0474847" lon="-118.1609567"><ele>850.21</ele><time>2026-06-26T11:19:56-05:00</time><course>239.2779</course><roll>-14.16483</roll><pitch>-2.244226</pitch><mode /></trkpt><trkpt lat="35.0474784" lon="-118.160965"><ele>850.21</ele><time>2026-06-26T11:19:56-05:00</time><course>241.5608</course><roll>-11.29517</roll><pitch>0.1190456</pitch><mode /></trkpt><trkpt lat="35.0474724" lon="-118.1609741"><ele>850.16</ele><time>2026-06-26T11:19:56-05:00</time><course>243.4949</course><roll>-8.396593</roll><pitch>0.2774976</pitch><mode /></trkpt><trkpt lat="35.0474658" lon="-118.1609838"><ele>849.93</ele><time>2026-06-26T11:19:57-05:00</time><course>254.6119</course><roll>-15.40464</roll><pitch>-0.5570531</pitch><mode /></trkpt><trkpt lat="35.0474599" lon="-118.1609931"><ele>849.72</ele><time>2026-06-26T11:19:57-05:00</time><course>257.2256</course><roll>-19.35437</roll><pitch>-2.232033</pitch><mode /></trkpt><trkpt lat="35.0474551" lon="-118.1610033"><ele>849.57</ele><time>2026-06-26T11:19:57-05:00</time><course>259.2993</course><roll>-22.71201</roll><pitch>-4.385243</pitch><mode /></trkpt><trkpt lat="35.0474525" lon="-118.1610135"><ele>849.39</ele><time>2026-06-26T11:19:57-05:00</time><course>261.4475</course><roll>-26.19012</roll><pitch>-5.583806</pitch><mode /></trkpt><trkpt lat="35.0474521" lon="-118.1610236"><ele>849.3</ele><time>2026-06-26T11:19:57-05:00</time><course>265.2367</course><roll>-29.81499</roll><pitch>-5.013887</pitch><mode /></trkpt><trkpt lat="35.0474537" lon="-118.1610333"><ele>849.23</ele><time>2026-06-26T11:19:58-05:00</time><course>269.4232</course><roll>-31.10608</roll><pitch>-3.219804</pitch><mode /></trkpt><trkpt lat="35.0474565" lon="-118.1610427"><ele>849.03</ele><time>2026-06-26T11:19:58-05:00</time><course>271.8491</course><roll>-31.59286</roll><pitch>-3.382056</pitch><mode /></trkpt><trkpt lat="35.0474607" lon="-118.1610522"><ele>848.83</ele><time>2026-06-26T11:19:58-05:00</time><course>274.0475</course><roll>-30.43764</roll><pitch>-5.192222</pitch><mode /></trkpt><trkpt lat="35.0474666" lon="-118.1610611"><ele>848.65</ele><time>2026-06-26T11:19:58-05:00</time><course>275.7407</course><roll>-28.45279</roll><pitch>-7.581608</pitch><mode /></trkpt><trkpt lat="35.0474743" lon="-118.1610693"><ele>848.53</ele><time>2026-06-26T11:19:58-05:00</time><course>279.0797</course><roll>-26.55363</roll><pitch>-7.803723</pitch><mode /></trkpt><trkpt lat="35.0474831" lon="-118.1610776"><ele>848.46</ele><time>2026-06-26T11:19:59-05:00</time><course>282.7094</course><roll>-25.97695</roll><pitch>-6.175869</pitch><mode /></trkpt><trkpt lat="35.0474937" lon="-118.1610849"><ele>848.36</ele><time>2026-06-26T11:19:59-05:00</time><course>285.8905</course><roll>-24.45026</roll><pitch>-5.879305</pitch><mode /></trkpt><trkpt lat="35.0475054" lon="-118.1610912"><ele>848.33</ele><time>2026-06-26T11:19:59-05:00</time><course>290.1456</course><roll>-24.5138</roll><pitch>-7.387833</pitch><mode /></trkpt><trkpt lat="35.0475182" lon="-118.1610966"><ele>848.48</ele><time>2026-06-26T11:19:59-05:00</time><course>296.6382</course><roll>-27.56407</roll><pitch>-8.431156</pitch><mode /></trkpt><trkpt lat="35.0475328" lon="-118.1611013"><ele>848.55</ele><time>2026-06-26T11:19:59-05:00</time><course>302.2614</course><roll>-31.44006</roll><pitch>-10.17257</pitch><mode /></trkpt><trkpt lat="35.0475496" lon="-118.1611044"><ele>848.74</ele><time>2026-06-26T11:20:00-05:00</time><course>303.3226</course><roll>-31.6473</roll><pitch>-13.0949</pitch><mode /></trkpt><trkpt lat="35.047568" lon="-118.1611054"><ele>849.15</ele><time>2026-06-26T11:20:00-05:00</time><course>305.2875</course><roll>-29.87805</roll><pitch>-12.03977</pitch><mode /></trkpt><trkpt lat="35.0475874" lon="-118.1611052"><ele>849.47</ele><time>2026-06-26T11:20:00-05:00</time><course>310.9304</course><roll>-30.86791</roll><pitch>-9.98965</pitch><mode /></trkpt><trkpt lat="35.0476076" lon="-118.1611039"><ele>849.7</ele><time>2026-06-26T11:20:00-05:00</time><course>317.756</course><roll>-33.65985</roll><pitch>-9.505629</pitch><mode /></trkpt><trkpt lat="35.0476289" lon="-118.1611004"><ele>850.01</ele><time>2026-06-26T11:20:00-05:00</time><course>320.9896</course><roll>-35.12763</roll><pitch>-11.44753</pitch><mode /></trkpt><trkpt lat="35.0476515" lon="-118.1610943"><ele>850.36</ele><time>2026-06-26T11:20:01-05:00</time><course>325.1573</course><roll>-33.87111</roll><pitch>-12.89775</pitch><mode /></trkpt><trkpt lat="35.0476751" lon="-118.1610861"><ele>850.73</ele><time>2026-06-26T11:20:01-05:00</time><course>329.1819</course><roll>-35.1118</roll><pitch>-12.42184</pitch><mode /></trkpt><trkpt lat="35.0477" lon="-118.1610759"><ele>851.15</ele><time>2026-06-26T11:20:01-05:00</time><course>334.8551</course><roll>-36.03466</roll><pitch>-11.76014</pitch><mode /></trkpt><trkpt lat="35.0477257" lon="-118.1610636"><ele>851.53</ele><time>2026-06-26T11:20:01-05:00</time><course>341.9966</course><roll>-37.70308</roll><pitch>-10.04203</pitch><mode /></trkpt><trkpt lat="35.0477522" lon="-118.1610492"><ele>851.92</ele><time>2026-06-26T11:20:01-05:00</time><course>346.3913</course><roll>-37.95783</roll><pitch>-11.36732</pitch><mode /></trkpt><trkpt lat="35.0477791" lon="-118.1610317"><ele>852.27</ele><time>2026-06-26T11:20:02-05:00</time><course>349.4543</course><roll>-36.37337</roll><pitch>-12.68411</pitch><mode /></trkpt><trkpt lat="35.0478063" lon="-118.1610119"><ele>852.62</ele><time>2026-06-26T11:20:02-05:00</time><course>350.7633</course><roll>-34.54298</roll><pitch>-11.85247</pitch><mode /></trkpt><trkpt lat="35.0478337" lon="-118.1609906"><ele>852.86</ele><time>2026-06-26T11:20:02-05:00</time><course>355.1763</course><roll>-33.11618</roll><pitch>-9.498043</pitch><mode /></trkpt><trkpt lat="35.047861" lon="-118.1609679"><ele>853.08</ele><time>2026-06-26T11:20:02-05:00</time><course>359.8307</course><roll>-30.61098</roll><pitch>-9.842623</pitch><mode /></trkpt><trkpt lat="35.0478881" lon="-118.1609427"><ele>853.34</ele><time>2026-06-26T11:20:02-05:00</time><course>359.5494</course><roll>-24.1373</roll><pitch>-10.00337</pitch><mode /></trkpt><trkpt lat="35.0479156" lon="-118.1609166"><ele>853.48</ele><time>2026-06-26T11:20:03-05:00</time><course>356.6828</course><roll>-11.82673</roll><pitch>-3.671257</pitch><mode /></trkpt><trkpt lat="35.0479423" lon="-118.1608904"><ele>853.63</ele><time>2026-06-26T11:20:03-05:00</time><course>354.4505</course><roll>-0.266848</roll><pitch>1.800799</pitch><mode /></trkpt><trkpt lat="35.0479694" lon="-118.1608652"><ele>853.67</ele><time>2026-06-26T11:20:03-05:00</time><course>353.003</course><roll>8.847734</roll><pitch>6.993029</pitch><mode /></trkpt><trkpt lat="35.0479963" lon="-118.1608413"><ele>853.53</ele><time>2026-06-26T11:20:03-05:00</time><course>356.6967</course><roll>10.80254</roll><pitch>6.225591</pitch><mode /></trkpt><trkpt lat="35.0480239" lon="-118.1608185"><ele>853.18</ele><time>2026-06-26T11:20:03-05:00</time><course>353.5103</course><roll>12.44697</roll><pitch>3.24552</pitch><mode /></trkpt><trkpt lat="35.0480524" lon="-118.160797"><ele>852.94</ele><time>2026-06-26T11:20:04-05:00</time><course>346.1821</course><roll>18.05871</roll><pitch>1.475017</pitch><mode /></trkpt><trkpt lat="35.0480812" lon="-118.1607778"><ele>852.5</ele><time>2026-06-26T11:20:04-05:00</time><course>344.2334</course><roll>25.81674</roll><pitch>-0.1718062</pitch><mode /></trkpt><trkpt lat="35.0481102" lon="-118.1607626"><ele>852.33</ele><time>2026-06-26T11:20:04-05:00</time><course>341.6123</course><roll>33.21702</roll><pitch>-2.370491</pitch><mode /></trkpt><trkpt lat="35.0481392" lon="-118.1607498"><ele>852.34</ele><time>2026-06-26T11:20:04-05:00</time><course>331.5032</course><roll>35.46167</roll><pitch>-4.541994</pitch><mode /></trkpt><trkpt lat="35.0481686" lon="-118.1607411"><ele>852.27</ele><time>2026-06-26T11:20:04-05:00</time><course>326.5092</course><roll>34.76393</roll><pitch>-8.698307</pitch><mode /></trkpt><trkpt lat="35.0481965" lon="-118.1607344"><ele>852.35</ele><time>2026-06-26T11:20:05-05:00</time><course>318.2368</course><roll>35.25205</roll><pitch>-12.11188</pitch><mode /></trkpt><trkpt lat="35.0482217" lon="-118.160732"><ele>852.54</ele><time>2026-06-26T11:20:05-05:00</time><course>313.5706</course><roll>36.00985</roll><pitch>-11.94943</pitch><mode /></trkpt><trkpt lat="35.0482429" lon="-118.1607315"><ele>852.79</ele><time>2026-06-26T11:20:05-05:00</time><course>308.0165</course><roll>39.10878</roll><pitch>-10.85649</pitch><mode /></trkpt><trkpt lat="35.0482637" lon="-118.1607338"><ele>853.06</ele><time>2026-06-26T11:20:05-05:00</time><course>301.7144</course><roll>47.30837</roll><pitch>-10.65092</pitch><mode /></trkpt><trkpt lat="35.0482814" lon="-118.1607384"><ele>853.27</ele><time>2026-06-26T11:20:05-05:00</time><course>291.773</course><roll>55.36715</roll><pitch>-12.21045</pitch><mode /></trkpt><trkpt lat="35.0482951" lon="-118.160745"><ele>853.54</ele><time>2026-06-26T11:20:06-05:00</time><course>277.3751</course><roll>53.09597</roll><pitch>-16.14295</pitch><mode /></trkpt><trkpt lat="35.0483021" lon="-118.1607515"><ele>853.88</ele><time>2026-06-26T11:20:06-05:00</time><course>268.4676</course><roll>46.41464</roll><pitch>-18.25299</pitch><mode /></trkpt><trkpt lat="35.0483049" lon="-118.1607582"><ele>854.36</ele><time>2026-06-26T11:20:06-05:00</time><course>257.2127</course><roll>40.4654</roll><pitch>-18.77419</pitch><mode /></trkpt><trkpt lat="35.0483034" lon="-118.1607633"><ele>855</ele><time>2026-06-26T11:20:06-05:00</time><course>250.0801</course><roll>35.15889</roll><pitch>-18.98064</pitch><mode /></trkpt><trkpt lat="35.0483002" lon="-118.1607679"><ele>855.74</ele><time>2026-06-26T11:20:06-05:00</time><course>246.9245</course><roll>33.95919</roll><pitch>-18.44272</pitch><mode /></trkpt><trkpt lat="35.0482936" lon="-118.1607699"><ele>856.55</ele><time>2026-06-26T11:20:07-05:00</time><course>244.2644</course><roll>32.86574</roll><pitch>-17.298</pitch><mode /></trkpt><trkpt lat="35.0482854" lon="-118.1607713"><ele>857.16</ele><time>2026-06-26T11:20:07-05:00</time><course>241.8156</course><roll>32.11245</roll><pitch>-15.66457</pitch><mode /></trkpt><trkpt lat="35.048276" lon="-118.1607711"><ele>857.68</ele><time>2026-06-26T11:20:07-05:00</time><course>236.8643</course><roll>29.20106</roll><pitch>-13.36452</pitch><mode /></trkpt><trkpt lat="35.0482652" lon="-118.1607701"><ele>858.18</ele><time>2026-06-26T11:20:07-05:00</time><course>234.4524</course><roll>25.52708</roll><pitch>-12.27547</pitch><mode /></trkpt><trkpt lat="35.0482528" lon="-118.1607687"><ele>858.55</ele><time>2026-06-26T11:20:07-05:00</time><course>231.7736</course><roll>22.21267</roll><pitch>-10.68829</pitch><mode /></trkpt><trkpt lat="35.0482393" lon="-118.1607676"><ele>858.84</ele><time>2026-06-26T11:20:08-05:00</time><course>231.9993</course><roll>18.24662</roll><pitch>-8.508008</pitch><mode /></trkpt><trkpt lat="35.0482258" lon="-118.1607652"><ele>858.93</ele><time>2026-06-26T11:20:08-05:00</time><course>230.6322</course><roll>11.97615</roll><pitch>-4.260337</pitch><mode /></trkpt><trkpt lat="35.0482115" lon="-118.1607624"><ele>859</ele><time>2026-06-26T11:20:08-05:00</time><course>227.5593</course><roll>10.88944</roll><pitch>1.724293</pitch><mode /></trkpt><trkpt lat="35.0481953" lon="-118.16076"><ele>859.19</ele><time>2026-06-26T11:20:08-05:00</time><course>228.7361</course><roll>7.839258</roll><pitch>3.609811</pitch><mode /></trkpt><trkpt lat="35.0481785" lon="-118.1607581"><ele>859.21</ele><time>2026-06-26T11:20:08-05:00</time><course>223.8959</course><roll>3.626635</roll><pitch>2.37183</pitch><mode /></trkpt><trkpt lat="35.048162" lon="-118.1607566"><ele>859.12</ele><time>2026-06-26T11:20:09-05:00</time><course>219.3699</course><roll>-0.6623076</roll><pitch>3.628355</pitch><mode /></trkpt><trkpt lat="35.0481454" lon="-118.160756"><ele>859.03</ele><time>2026-06-26T11:20:09-05:00</time><course>218.2459</course><roll>-4.847991</roll><pitch>5.772407</pitch><mode /></trkpt><trkpt lat="35.0481276" lon="-118.1607556"><ele>858.86</ele><time>2026-06-26T11:20:09-05:00</time><course>220.683</course><roll>-4.025181</roll><pitch>10.20857</pitch><mode /></trkpt><trkpt lat="35.0481099" lon="-118.1607546"><ele>858.32</ele><time>2026-06-26T11:20:09-05:00</time><course>220.5199</course><roll>-5.333919</roll><pitch>12.60653</pitch><mode /></trkpt><trkpt lat="35.048092" lon="-118.1607543"><ele>857.53</ele><time>2026-06-26T11:20:09-05:00</time><course>223.0992</course><roll>-6.439098</roll><pitch>14.25905</pitch><mode /></trkpt><trkpt lat="35.0480738" lon="-118.1607546"><ele>856.71</ele><time>2026-06-26T11:20:10-05:00</time><course>226.6608</course><roll>-8.253119</roll><pitch>12.00402</pitch><mode /></trkpt><trkpt lat="35.048056" lon="-118.1607559"><ele>855.95</ele><time>2026-06-26T11:20:10-05:00</time><course>223.8023</course><roll>-9.585639</roll><pitch>10.51789</pitch><mode /></trkpt><trkpt lat="35.0480383" lon="-118.160759"><ele>855.23</ele><time>2026-06-26T11:20:10-05:00</time><course>220.8201</course><roll>-9.690082</roll><pitch>10.83746</pitch><mode /></trkpt><trkpt lat="35.0480201" lon="-118.1607626"><ele>854.58</ele><time>2026-06-26T11:20:10-05:00</time><course>224.5004</course><roll>-10.434</roll><pitch>15.31214</pitch><mode /></trkpt><trkpt lat="35.0480019" lon="-118.1607664"><ele>853.89</ele><time>2026-06-26T11:20:10-05:00</time><course>228.2276</course><roll>-9.591333</roll><pitch>15.00706</pitch><mode /></trkpt><trkpt lat="35.0479837" lon="-118.1607708"><ele>852.99</ele><time>2026-06-26T11:20:11-05:00</time><course>235.2684</course><roll>-8.603354</roll><pitch>13.43742</pitch><mode /></trkpt><trkpt lat="35.0479663" lon="-118.1607762"><ele>852.11</ele><time>2026-06-26T11:20:11-05:00</time><course>231.8535</course><roll>-8.412529</roll><pitch>8.062539</pitch><mode /></trkpt><trkpt lat="35.0479504" lon="-118.1607836"><ele>851.32</ele><time>2026-06-26T11:20:11-05:00</time><course>227.6219</course><roll>-8.346275</roll><pitch>3.486608</pitch><mode /></trkpt><trkpt lat="35.0479346" lon="-118.1607923"><ele>851.07</ele><time>2026-06-26T11:20:11-05:00</time><course>229.6277</course><roll>-8.841748</roll><pitch>3.555031</pitch><mode /></trkpt><trkpt lat="35.0479189" lon="-118.1608"><ele>850.97</ele><time>2026-06-26T11:20:11-05:00</time><course>233.4391</course><roll>-11.85162</roll><pitch>4.835365</pitch><mode /></trkpt><trkpt lat="35.0479035" lon="-118.1608087"><ele>850.91</ele><time>2026-06-26T11:20:12-05:00</time><course>238.9204</course><roll>-19.55538</roll><pitch>4.781484</pitch><mode /></trkpt><trkpt lat="35.0478886" lon="-118.1608197"><ele>850.71</ele><time>2026-06-26T11:20:12-05:00</time><course>240.8107</course><roll>-28.66477</roll><pitch>3.170116</pitch><mode /></trkpt><trkpt lat="35.0478762" lon="-118.1608317"><ele>850.79</ele><time>2026-06-26T11:20:12-05:00</time><course>242.4355</course><roll>-30.55676</roll><pitch>2.081469</pitch><mode /></trkpt><trkpt lat="35.0478653" lon="-118.1608447"><ele>850.81</ele><time>2026-06-26T11:20:12-05:00</time><course>245.2783</course><roll>-31.9133</roll><pitch>2.747921</pitch><mode /></trkpt><trkpt lat="35.0478568" lon="-118.160857"><ele>850.72</ele><time>2026-06-26T11:20:12-05:00</time><course>246.748</course><roll>-32.38235</roll><pitch>2.518196</pitch><mode /></trkpt><trkpt lat="35.0478499" lon="-118.1608698"><ele>850.58</ele><time>2026-06-26T11:20:13-05:00</time><course>247.5408</course><roll>-32.22965</roll><pitch>4.041693</pitch><mode /></trkpt><trkpt lat="35.0478439" lon="-118.1608831"><ele>850.39</ele><time>2026-06-26T11:20:13-05:00</time><course>249.7487</course><roll>-28.66809</roll><pitch>7.097052</pitch><mode /></trkpt><trkpt lat="35.0478394" lon="-118.1608962"><ele>849.95</ele><time>2026-06-26T11:20:13-05:00</time><course>252.3812</course><roll>-24.24567</roll><pitch>8.571416</pitch><mode /></trkpt><trkpt lat="35.0478358" lon="-118.1609093"><ele>849.46</ele><time>2026-06-26T11:20:13-05:00</time><course>254.4305</course><roll>-20.34529</roll><pitch>8.928877</pitch><mode /></trkpt><trkpt lat="35.0478332" lon="-118.1609229"><ele>848.94</ele><time>2026-06-26T11:20:13-05:00</time><course>255.3274</course><roll>-16.64427</roll><pitch>8.367267</pitch><mode /></trkpt><trkpt lat="35.0478313" lon="-118.1609365"><ele>848.4</ele><time>2026-06-26T11:20:14-05:00</time><course>258.1977</course><roll>-16.30911</roll><pitch>7.577295</pitch><mode /></trkpt><trkpt lat="35.0478297" lon="-118.1609503"><ele>847.84</ele><time>2026-06-26T11:20:14-05:00</time><course>262.2825</course><roll>-9.947809</roll><pitch>5.656518</pitch><mode /></trkpt><trkpt lat="35.0478292" lon="-118.1609644"><ele>847.32</ele><time>2026-06-26T11:20:14-05:00</time><course>259.4838</course><roll>-3.348188</roll><pitch>2.451366</pitch><mode /></trkpt><trkpt lat="35.047829" lon="-118.1609919"><ele>846.62</ele><time>2026-06-26T11:20:14-05:00</time><course>263.2547</course><roll>-2.53605</roll><pitch>-3.248701</pitch><mode /></trkpt><trkpt lat="35.0478297" lon="-118.161005"><ele>846.49</ele><time>2026-06-26T11:20:15-05:00</time><course>257.722</course><roll>-1.889145</roll><pitch>-7.198351</pitch><mode /></trkpt><trkpt lat="35.0478307" lon="-118.1610175"><ele>846.7</ele><time>2026-06-26T11:20:15-05:00</time><course>255.4563</course><roll>1.835104</roll><pitch>-7.188715</pitch><mode /></trkpt><trkpt lat="35.0478311" lon="-118.1610288"><ele>846.85</ele><time>2026-06-26T11:20:15-05:00</time><course>263.3897</course><roll>-1.124137</roll><pitch>-5.047053</pitch><mode /></trkpt><trkpt lat="35.047831" lon="-118.1610398"><ele>846.97</ele><time>2026-06-26T11:20:15-05:00</time><course>262.654</course><roll>-0.1385549</roll><pitch>-2.492661</pitch><mode /></trkpt><trkpt lat="35.0478312" lon="-118.1610517"><ele>846.87</ele><time>2026-06-26T11:20:15-05:00</time><course>259.2344</course><roll>0.3889269</roll><pitch>-1.447258</pitch><mode /></trkpt><trkpt lat="35.047832" lon="-118.1610623"><ele>846.58</ele><time>2026-06-26T11:20:16-05:00</time><course>258.7822</course><roll>-2.068786</roll><pitch>0.3288882</pitch><mode /></trkpt><trkpt lat="35.0478325" lon="-118.1610731"><ele>846.27</ele><time>2026-06-26T11:20:16-05:00</time><course>259.7929</course><roll>2.725965</roll><pitch>2.959431</pitch><mode /></trkpt><trkpt lat="35.0478326" lon="-118.1610841"><ele>845.78</ele><time>2026-06-26T11:20:16-05:00</time><course>260.0131</course><roll>7.30755</roll><pitch>4.526918</pitch><mode /></trkpt><trkpt lat="35.0478321" lon="-118.1610952"><ele>845.02</ele><time>2026-06-26T11:20:16-05:00</time><course>256.1587</course><roll>14.54261</roll><pitch>4.963008</pitch><mode /></trkpt><trkpt lat="35.0478302" lon="-118.1611071"><ele>844.41</ele><time>2026-06-26T11:20:16-05:00</time><course>253.047</course><roll>27.06937</roll><pitch>4.604858</pitch><mode /></trkpt><trkpt lat="35.0478261" lon="-118.1611182"><ele>844.04</ele><time>2026-06-26T11:20:17-05:00</time><course>249.8593</course><roll>29.02602</roll><pitch>1.887127</pitch><mode /></trkpt><trkpt lat="35.0478189" lon="-118.1611295"><ele>843.82</ele><time>2026-06-26T11:20:17-05:00</time><course>242.4974</course><roll>27.18616</roll><pitch>-3.304141</pitch><mode /></trkpt><trkpt lat="35.0478094" lon="-118.1611392"><ele>843.77</ele><time>2026-06-26T11:20:17-05:00</time><course>240.7735</course><roll>20.79948</roll><pitch>-10.6858</pitch><mode /></trkpt><trkpt lat="35.0477977" lon="-118.1611465"><ele>843.95</ele><time>2026-06-26T11:20:17-05:00</time><course>238.1958</course><roll>23.76618</roll><pitch>-11.5024</pitch><mode /></trkpt><trkpt lat="35.0477856" lon="-118.1611522"><ele>844.23</ele><time>2026-06-26T11:20:17-05:00</time><course>228.6819</course><roll>32.46736</roll><pitch>-5.955524</pitch><mode /></trkpt><trkpt lat="35.0477724" lon="-118.1611552"><ele>844.55</ele><time>2026-06-26T11:20:18-05:00</time><course>226.7264</course><roll>35.91607</roll><pitch>-5.841571</pitch><mode /></trkpt><trkpt lat="35.0477565" lon="-118.1611557"><ele>844.82</ele><time>2026-06-26T11:20:18-05:00</time><course>220.8663</course><roll>39.36612</roll><pitch>-7.198273</pitch><mode /></trkpt><trkpt lat="35.0477397" lon="-118.161154"><ele>845.15</ele><time>2026-06-26T11:20:18-05:00</time><course>213.0875</course><roll>43.71807</roll><pitch>-10.08416</pitch><mode /></trkpt><trkpt lat="35.0477212" lon="-118.1611483"><ele>845.52</ele><time>2026-06-26T11:20:18-05:00</time><course>208.0698</course><roll>45.86828</roll><pitch>-18.87484</pitch><mode /></trkpt><trkpt lat="35.0477017" lon="-118.1611374"><ele>846.02</ele><time>2026-06-26T11:20:18-05:00</time><course>198.0251</course><roll>47.3901</roll><pitch>-22.08317</pitch><mode /></trkpt><trkpt lat="35.0476823" lon="-118.1611205"><ele>846.52</ele><time>2026-06-26T11:20:19-05:00</time><course>189.8452</course><roll>45.40032</roll><pitch>-23.70881</pitch><mode /></trkpt><trkpt lat="35.047663" lon="-118.1610989"><ele>847.08</ele><time>2026-06-26T11:20:19-05:00</time><course>180.8477</course><roll>56.66203</roll><pitch>-26.15134</pitch><mode /></trkpt><trkpt lat="35.0476439" lon="-118.161073"><ele>847.59</ele><time>2026-06-26T11:20:19-05:00</time><course>170.8709</course><roll>61.34016</roll><pitch>-27.926</pitch><mode /></trkpt><trkpt lat="35.0476259" lon="-118.1610427"><ele>847.89</ele><time>2026-06-26T11:20:19-05:00</time><course>159.3039</course><roll>62.19252</roll><pitch>-28.64764</pitch><mode /></trkpt><trkpt lat="35.047609" lon="-118.1610088"><ele>848.07</ele><time>2026-06-26T11:20:19-05:00</time><course>144.3006</course><roll>65.18885</roll><pitch>-24.34198</pitch><mode /></trkpt><trkpt lat="35.0475942" lon="-118.160971"><ele>848.17</ele><time>2026-06-26T11:20:20-05:00</time><course>127.067</course><roll>67.97803</roll><pitch>-22.07261</pitch><mode /></trkpt><trkpt lat="35.0475829" lon="-118.1609288"><ele>848.13</ele><time>2026-06-26T11:20:20-05:00</time><course>115.0083</course><roll>67.55169</roll><pitch>-18.61442</pitch><mode /></trkpt><trkpt lat="35.0475752" lon="-118.1608838"><ele>847.94</ele><time>2026-06-26T11:20:20-05:00</time><course>99.53907</course><roll>62.51133</roll><pitch>-15.8548</pitch><mode /></trkpt><trkpt lat="35.0475722" lon="-118.1608373"><ele>847.72</ele><time>2026-06-26T11:20:20-05:00</time><course>84.67273</course><roll>56.57395</roll><pitch>-14.65577</pitch><mode /></trkpt><trkpt lat="35.0475743" lon="-118.1607902"><ele>847.58</ele><time>2026-06-26T11:20:20-05:00</time><course>69.88128</course><roll>56.90686</roll><pitch>-13.48358</pitch><mode /></trkpt><trkpt lat="35.0475825" lon="-118.1607448"><ele>847.71</ele><time>2026-06-26T11:20:21-05:00</time><course>56.39283</course><roll>41.83813</roll><pitch>-10.67873</pitch><mode /></trkpt><trkpt lat="35.0475963" lon="-118.1607013"><ele>847.85</ele><time>2026-06-26T11:20:21-05:00</time><course>50.60474</course><roll>24.96139</roll><pitch>-14.02119</pitch><mode /></trkpt><trkpt lat="35.0476119" lon="-118.1606598"><ele>848.03</ele><time>2026-06-26T11:20:21-05:00</time><course>45.87134</course><roll>17.09827</roll><pitch>-11.47257</pitch><mode /></trkpt><trkpt lat="35.0476285" lon="-118.1606199"><ele>848.26</ele><time>2026-06-26T11:20:21-05:00</time><course>44.34333</course><roll>13.05541</roll><pitch>-7.727734</pitch><mode /></trkpt><trkpt lat="35.0476456" lon="-118.1605797"><ele>848.48</ele><time>2026-06-26T11:20:21-05:00</time><course>43.36221</course><roll>9.766027</roll><pitch>-5.540319</pitch><mode /></trkpt><trkpt lat="35.0476635" lon="-118.1605398"><ele>848.55</ele><time>2026-06-26T11:20:22-05:00</time><course>43.23634</course><roll>7.370557</roll><pitch>-5.849385</pitch><mode /></trkpt><trkpt lat="35.047682" lon="-118.1605"><ele>848.52</ele><time>2026-06-26T11:20:22-05:00</time><course>42.53698</course><roll>7.352087</roll><pitch>-6.046448</pitch><mode /></trkpt><trkpt lat="35.0477012" lon="-118.1604597"><ele>848.55</ele><time>2026-06-26T11:20:22-05:00</time><course>39.28172</course><roll>5.41748</roll><pitch>-5.870133</pitch><mode /></trkpt><trkpt lat="35.0477206" lon="-118.1604193"><ele>848.52</ele><time>2026-06-26T11:20:22-05:00</time><course>35.37109</course><roll>4.974951</roll><pitch>-3.98786</pitch><mode /></trkpt><trkpt lat="35.0477406" lon="-118.1603787"><ele>848.53</ele><time>2026-06-26T11:20:22-05:00</time><course>32.65891</course><roll>6.070399</roll><pitch>-3.044903</pitch><mode /></trkpt><trkpt lat="35.0477619" lon="-118.1603382"><ele>848.39</ele><time>2026-06-26T11:20:23-05:00</time><course>33.33554</course><roll>6.168153</roll><pitch>-7.31329</pitch><mode /></trkpt><trkpt lat="35.0477836" lon="-118.160298"><ele>848.4</ele><time>2026-06-26T11:20:23-05:00</time><course>32.19941</course><roll>5.193477</roll><pitch>-9.885483</pitch><mode /></trkpt><trkpt lat="35.0478057" lon="-118.1602586"><ele>848.66</ele><time>2026-06-26T11:20:23-05:00</time><course>31.08164</course><roll>9.827426</roll><pitch>-10.81885</pitch><mode /></trkpt><trkpt lat="35.0478283" lon="-118.1602193"><ele>848.92</ele><time>2026-06-26T11:20:23-05:00</time><course>29.08029</course><roll>11.37411</roll><pitch>-10.07702</pitch><mode /></trkpt><trkpt lat="35.0478511" lon="-118.1601807"><ele>849.24</ele><time>2026-06-26T11:20:23-05:00</time><course>28.92288</course><roll>14.0683</roll><pitch>-10.61339</pitch><mode /></trkpt><trkpt lat="35.0478748" lon="-118.1601433"><ele>849.6</ele><time>2026-06-26T11:20:24-05:00</time><course>31.79294</course><roll>5.041934</roll><pitch>-17.24222</pitch><mode /></trkpt><trkpt lat="35.0478984" lon="-118.1601078"><ele>850.1</ele><time>2026-06-26T11:20:24-05:00</time><course>29.92219</course><roll>2.953199</roll><pitch>-17.70676</pitch><mode /></trkpt><trkpt lat="35.0479215" lon="-118.1600724"><ele>850.73</ele><time>2026-06-26T11:20:24-05:00</time><course>24.8865</course><roll>3.810652</roll><pitch>-17.53655</pitch><mode /></trkpt><trkpt lat="35.0479451" lon="-118.1600368"><ele>851.16</ele><time>2026-06-26T11:20:24-05:00</time><course>22.7995</course><roll>4.590022</roll><pitch>-16.24045</pitch><mode /></trkpt><trkpt lat="35.0479689" lon="-118.1600022"><ele>851.54</ele><time>2026-06-26T11:20:24-05:00</time><course>24.51319</course><roll>3.291571</roll><pitch>-15.07387</pitch><mode /></trkpt><trkpt lat="35.0479932" lon="-118.1599679"><ele>851.92</ele><time>2026-06-26T11:20:25-05:00</time><course>24.18604</course><roll>-4.976918</roll><pitch>-13.79145</pitch><mode /></trkpt><trkpt lat="35.0480176" lon="-118.1599338"><ele>852.33</ele><time>2026-06-26T11:20:25-05:00</time><course>21.76698</course><roll>-2.120302</roll><pitch>-11.49814</pitch><mode /></trkpt><trkpt lat="35.0480419" lon="-118.1599004"><ele>852.76</ele><time>2026-06-26T11:20:25-05:00</time><course>25.28752</course><roll>-7.872279</roll><pitch>-10.83808</pitch><mode /></trkpt><trkpt lat="35.0480666" lon="-118.1598661"><ele>853.03</ele><time>2026-06-26T11:20:25-05:00</time><course>23.85409</course><roll>-11.84886</roll><pitch>-9.167172</pitch><mode /></trkpt><trkpt lat="35.0480911" lon="-118.1598306"><ele>853.24</ele><time>2026-06-26T11:20:25-05:00</time><course>14.06567</course><roll>-3.153702</roll><pitch>-7.982607</pitch><mode /></trkpt><trkpt lat="35.0481163" lon="-118.1597958"><ele>853.36</ele><time>2026-06-26T11:20:26-05:00</time><course>11.14483</course><roll>4.640678</roll><pitch>-4.996094</pitch><mode /></trkpt><trkpt lat="35.048142" lon="-118.1597623"><ele>853.69</ele><time>2026-06-26T11:20:26-05:00</time><course>12.8495</course><roll>11.59761</roll><pitch>-5.567065</pitch><mode /></trkpt><trkpt lat="35.0481688" lon="-118.1597313"><ele>853.94</ele><time>2026-06-26T11:20:26-05:00</time><course>20.28883</course><roll>5.911664</roll><pitch>-12.4799</pitch><mode /></trkpt><trkpt lat="35.0481961" lon="-118.1597014"><ele>854.52</ele><time>2026-06-26T11:20:26-05:00</time><course>21.52524</course><roll>1.045825</roll><pitch>-16.77233</pitch><mode /></trkpt><trkpt lat="35.0482227" lon="-118.1596711"><ele>855.43</ele><time>2026-06-26T11:20:26-05:00</time><course>17.20182</course><roll>4.484985</roll><pitch>-19.60532</pitch><mode /></trkpt><trkpt lat="35.0482487" lon="-118.1596421"><ele>856.47</ele><time>2026-06-26T11:20:27-05:00</time><course>15.76718</course><roll>3.848323</roll><pitch>-20.94498</pitch><mode /></trkpt><trkpt lat="35.0482742" lon="-118.1596149"><ele>857.66</ele><time>2026-06-26T11:20:27-05:00</time><course>20.47195</course><roll>0.06079739</roll><pitch>-20.17865</pitch><mode /></trkpt><trkpt lat="35.0482992" lon="-118.1595886"><ele>858.84</ele><time>2026-06-26T11:20:27-05:00</time><course>24.67631</course><roll>-10.10794</roll><pitch>-20.67935</pitch><mode /></trkpt><trkpt lat="35.0483233" lon="-118.1595615"><ele>860.03</ele><time>2026-06-26T11:20:27-05:00</time><course>19.96556</course><roll>-10.99151</roll><pitch>-19.21498</pitch><mode /></trkpt><trkpt lat="35.0483469" lon="-118.1595335"><ele>861.13</ele><time>2026-06-26T11:20:27-05:00</time><course>17.70696</course><roll>-11.51191</roll><pitch>-16.25728</pitch><mode /></trkpt><trkpt lat="35.048371" lon="-118.1595058"><ele>862.01</ele><time>2026-06-26T11:20:28-05:00</time><course>23.33101</course><roll>-14.36296</roll><pitch>-12.09056</pitch><mode /></trkpt><trkpt lat="35.0483962" lon="-118.1594775"><ele>862.48</ele><time>2026-06-26T11:20:28-05:00</time><course>23.73479</course><roll>-14.85421</roll><pitch>-13.29417</pitch><mode /></trkpt><trkpt lat="35.0484199" lon="-118.1594478"><ele>863.12</ele><time>2026-06-26T11:20:28-05:00</time><course>22.02482</course><roll>-15.0206</roll><pitch>-15.4342</pitch><mode /></trkpt><trkpt lat="35.0484433" lon="-118.1594179"><ele>863.7</ele><time>2026-06-26T11:20:28-05:00</time><course>24.76718</course><roll>-14.63922</roll><pitch>-14.05034</pitch><mode /></trkpt><trkpt lat="35.0484658" lon="-118.1593872"><ele>864.36</ele><time>2026-06-26T11:20:28-05:00</time><course>28.17743</course><roll>-18.79817</roll><pitch>-11.82592</pitch><mode /></trkpt><trkpt lat="35.0484877" lon="-118.1593557"><ele>864.94</ele><time>2026-06-26T11:20:29-05:00</time><course>32.47374</course><roll>-30.79173</roll><pitch>-11.50808</pitch><mode /></trkpt><trkpt lat="35.0485092" lon="-118.1593229"><ele>865.41</ele><time>2026-06-26T11:20:29-05:00</time><course>31.27661</course><roll>-33.19267</roll><pitch>-12.09466</pitch><mode /></trkpt><trkpt lat="35.0485306" lon="-118.159288"><ele>865.63</ele><time>2026-06-26T11:20:29-05:00</time><course>29.20052</course><roll>-27.27273</roll><pitch>-15.14027</pitch><mode /></trkpt><trkpt lat="35.0485505" lon="-118.1592513"><ele>866.02</ele><time>2026-06-26T11:20:29-05:00</time><course>31.1377</course><roll>-24.54646</roll><pitch>-12.85756</pitch><mode /></trkpt><trkpt lat="35.0485703" lon="-118.1592143"><ele>866.44</ele><time>2026-06-26T11:20:29-05:00</time><course>38.1202</course><roll>-30.56176</roll><pitch>-10.1566</pitch><mode /></trkpt><trkpt lat="35.0485905" lon="-118.1591772"><ele>866.86</ele><time>2026-06-26T11:20:30-05:00</time><course>46.67873</course><roll>-34.83078</roll><pitch>-11.62033</pitch><mode /></trkpt><trkpt lat="35.0486087" lon="-118.1591379"><ele>867.23</ele><time>2026-06-26T11:20:30-05:00</time><course>48.50165</course><roll>-34.951</roll><pitch>-13.73003</pitch><mode /></trkpt><trkpt lat="35.0486242" lon="-118.1590964"><ele>867.55</ele><time>2026-06-26T11:20:30-05:00</time><course>54.03674</course><roll>-36.90843</roll><pitch>-12.55942</pitch><mode /></trkpt><trkpt lat="35.048639" lon="-118.1590547"><ele>868</ele><time>2026-06-26T11:20:30-05:00</time><course>65.66429</course><roll>-41.64691</roll><pitch>-7.788073</pitch><mode /></trkpt><trkpt lat="35.0486514" lon="-118.159012"><ele>868.43</ele><time>2026-06-26T11:20:30-05:00</time><course>72.20243</course><roll>-42.58418</roll><pitch>-12.13188</pitch><mode /></trkpt><trkpt lat="35.0486605" lon="-118.1589676"><ele>868.83</ele><time>2026-06-26T11:20:31-05:00</time><course>77.84795</course><roll>-33.52319</roll><pitch>-17.26952</pitch><mode /></trkpt><trkpt lat="35.0486656" lon="-118.1589223"><ele>869.48</ele><time>2026-06-26T11:20:31-05:00</time><course>82.79745</course><roll>-31.49571</roll><pitch>-18.07159</pitch><mode /></trkpt><trkpt lat="35.0486691" lon="-118.158877"><ele>870.29</ele><time>2026-06-26T11:20:31-05:00</time><course>88.102</course><roll>-33.75933</roll><pitch>-18.85997</pitch><mode /></trkpt><trkpt lat="35.0486708" lon="-118.1588315"><ele>871.02</ele><time>2026-06-26T11:20:31-05:00</time><course>92.1766</course><roll>-35.24405</roll><pitch>-20.24098</pitch><mode /></trkpt><trkpt lat="35.0486706" lon="-118.1587853"><ele>871.75</ele><time>2026-06-26T11:20:31-05:00</time><course>95.21447</course><roll>-39.49676</roll><pitch>-18.9782</pitch><mode /></trkpt><trkpt lat="35.0486689" lon="-118.1587391"><ele>872.53</ele><time>2026-06-26T11:20:32-05:00</time><course>105.1332</course><roll>-44.08839</roll><pitch>-11.21106</pitch><mode /></trkpt><trkpt lat="35.0486656" lon="-118.158693"><ele>872.65</ele><time>2026-06-26T11:20:32-05:00</time><course>113.1371</course><roll>-43.0246</roll><pitch>-8.689954</pitch><mode /></trkpt><trkpt lat="35.0486611" lon="-118.158647"><ele>872.59</ele><time>2026-06-26T11:20:32-05:00</time><course>121.1622</course><roll>-44.55779</roll><pitch>-12.01453</pitch><mode /></trkpt><trkpt lat="35.0486544" lon="-118.1586023"><ele>872.54</ele><time>2026-06-26T11:20:32-05:00</time><course>126.0709</course><roll>-45.12993</roll><pitch>-15.85091</pitch><mode /></trkpt><trkpt lat="35.048645" lon="-118.1585593"><ele>872.34</ele><time>2026-06-26T11:20:32-05:00</time><course>132.5242</course><roll>-44.57261</roll><pitch>-15.20496</pitch><mode /></trkpt><trkpt lat="35.048634" lon="-118.1585184"><ele>872.45</ele><time>2026-06-26T11:20:33-05:00</time><course>143.675</course><roll>-47.33203</roll><pitch>-13.69498</pitch><mode /></trkpt><trkpt lat="35.0486203" lon="-118.1584816"><ele>872.42</ele><time>2026-06-26T11:20:33-05:00</time><course>149.7647</course><roll>-48.62743</roll><pitch>-14.78147</pitch><mode /></trkpt><trkpt lat="35.0486045" lon="-118.158448"><ele>872.31</ele><time>2026-06-26T11:20:33-05:00</time><course>156.6105</course><roll>-47.46547</roll><pitch>-16.61401</pitch><mode /></trkpt><trkpt lat="35.0485873" lon="-118.1584182"><ele>872.27</ele><time>2026-06-26T11:20:33-05:00</time><course>162.8908</course><roll>-47.46524</roll><pitch>-16.35807</pitch><mode /></trkpt><trkpt lat="35.0485693" lon="-118.1583915"><ele>872.57</ele><time>2026-06-26T11:20:33-05:00</time><course>169.7658</course><roll>-44.04019</roll><pitch>-14.79799</pitch><mode /></trkpt><trkpt lat="35.0485509" lon="-118.158368"><ele>872.86</ele><time>2026-06-26T11:20:34-05:00</time><course>180.2937</course><roll>-50.08372</roll><pitch>-12.956</pitch><mode /></trkpt><trkpt lat="35.0485322" lon="-118.1583489"><ele>873.06</ele><time>2026-06-26T11:20:34-05:00</time><course>186.6535</course><roll>-57.10729</roll><pitch>-13.02971</pitch><mode /></trkpt><trkpt lat="35.0485129" lon="-118.1583335"><ele>873.19</ele><time>2026-06-26T11:20:34-05:00</time><course>193.5953</course><roll>-59.47264</roll><pitch>-15.0806</pitch><mode /></trkpt><trkpt lat="35.0484938" lon="-118.1583217"><ele>873.32</ele><time>2026-06-26T11:20:34-05:00</time><course>200.132</course><roll>-57.91833</roll><pitch>-15.44092</pitch><mode /></trkpt><trkpt lat="35.0484758" lon="-118.1583142"><ele>873.43</ele><time>2026-06-26T11:20:34-05:00</time><course>209.4754</course><roll>-57.41816</roll><pitch>-12.40742</pitch><mode /></trkpt><trkpt lat="35.0484594" lon="-118.1583099"><ele>873.3</ele><time>2026-06-26T11:20:35-05:00</time><course>219.7076</course><roll>-56.67282</roll><pitch>-10.55083</pitch><mode /></trkpt><trkpt lat="35.0484443" lon="-118.1583089"><ele>873.07</ele><time>2026-06-26T11:20:35-05:00</time><course>227.1083</course><roll>-53.54568</roll><pitch>-9.50174</pitch><mode /></trkpt><trkpt lat="35.0484321" lon="-118.1583112"><ele>872.73</ele><time>2026-06-26T11:20:35-05:00</time><course>238.6799</course><roll>-48.56415</roll><pitch>-6.048498</pitch><mode /></trkpt><trkpt lat="35.0484237" lon="-118.1583175"><ele>872.66</ele><time>2026-06-26T11:20:35-05:00</time><course>249.1441</course><roll>-49.13472</roll><pitch>-4.752538</pitch><mode /></trkpt><trkpt lat="35.0484188" lon="-118.1583268"><ele>872.77</ele><time>2026-06-26T11:20:35-05:00</time><course>253.5606</course><roll>-47.22157</roll><pitch>-7.726434</pitch><mode /></trkpt><trkpt lat="35.0484169" lon="-118.1583359"><ele>873.06</ele><time>2026-06-26T11:20:36-05:00</time><course>250.6015</course><roll>-36.09215</roll><pitch>-8.56194</pitch><mode /></trkpt><trkpt lat="35.0484176" lon="-118.1583457"><ele>873.39</ele><time>2026-06-26T11:20:36-05:00</time><course>247.8433</course><roll>-26.91027</roll><pitch>-5.274338</pitch><mode /></trkpt><trkpt lat="35.0484186" lon="-118.1583558"><ele>873.67</ele><time>2026-06-26T11:20:36-05:00</time><course>251.0191</course><roll>-24.28212</roll><pitch>0.5323806</pitch><mode /></trkpt><trkpt lat="35.0484199" lon="-118.1583658"><ele>873.75</ele><time>2026-06-26T11:20:36-05:00</time><course>258.3557</course><roll>-17.41707</roll><pitch>6.492089</pitch><mode /></trkpt><trkpt lat="35.0484205" lon="-118.1583758"><ele>873.61</ele><time>2026-06-26T11:20:36-05:00</time><course>264.0577</course><roll>-15.90942</roll><pitch>6.881911</pitch><mode /></trkpt><trkpt lat="35.048421" lon="-118.158386"><ele>873.34</ele><time>2026-06-26T11:20:37-05:00</time><course>266.3565</course><roll>-13.13694</roll><pitch>4.292649</pitch><mode /></trkpt><trkpt lat="35.0484233" lon="-118.1583983"><ele>873.08</ele><time>2026-06-26T11:20:37-05:00</time><course>266.2819</course><roll>-14.20072</roll><pitch>2.566842</pitch><mode /></trkpt><trkpt lat="35.0484257" lon="-118.1584112"><ele>873.18</ele><time>2026-06-26T11:20:37-05:00</time><course>267.1022</course><roll>-13.96972</roll><pitch>1.354871</pitch><mode /></trkpt><trkpt lat="35.0484288" lon="-118.1584245"><ele>873.44</ele><time>2026-06-26T11:20:37-05:00</time><course>266.0636</course><roll>-8.314571</roll><pitch>-1.229533</pitch><mode /></trkpt><trkpt lat="35.0484327" lon="-118.1584373"><ele>873.84</ele><time>2026-06-26T11:20:37-05:00</time><course>266.3708</course><roll>-4.38027</roll><pitch>-6.53361</pitch><mode /></trkpt><trkpt lat="35.0484361" lon="-118.15845"><ele>874.54</ele><time>2026-06-26T11:20:38-05:00</time><course>266.13</course><roll>3.588139</roll><pitch>-9.249486</pitch><mode /></trkpt><trkpt lat="35.0484384" lon="-118.1584618"><ele>875.59</ele><time>2026-06-26T11:20:38-05:00</time><course>270.1984</course><roll>-3.179112</roll><pitch>-12.66362</pitch><mode /></trkpt><trkpt lat="35.0484408" lon="-118.1584725"><ele>876.54</ele><time>2026-06-26T11:20:38-05:00</time><course>269.7141</course><roll>-6.072301</roll><pitch>-14.18998</pitch><mode /></trkpt><trkpt lat="35.0484439" lon="-118.1584825"><ele>877.74</ele><time>2026-06-26T11:20:38-05:00</time><course>268.0046</course><roll>-5.473567</roll><pitch>-11.50779</pitch><mode /></trkpt><trkpt lat="35.0484468" lon="-118.1584923"><ele>878.68</ele><time>2026-06-26T11:20:38-05:00</time><course>268.6604</course><roll>-0.7221116</roll><pitch>-8.453403</pitch><mode /></trkpt><trkpt lat="35.0484491" lon="-118.1585017"><ele>879.8</ele><time>2026-06-26T11:20:39-05:00</time><course>269.6401</course><roll>-1.845936</roll><pitch>-6.723755</pitch><mode /></trkpt><trkpt lat="35.0484516" lon="-118.158511"><ele>880.41</ele><time>2026-06-26T11:20:39-05:00</time><course>272.1681</course><roll>-1.041724</roll><pitch>-5.61796</pitch><mode /></trkpt><trkpt lat="35.0484544" lon="-118.1585197"><ele>880.84</ele><time>2026-06-26T11:20:39-05:00</time><course>277.867</course><roll>-2.453851</roll><pitch>-4.21716</pitch><mode /></trkpt><trkpt lat="35.0484566" lon="-118.1585284"><ele>881.26</ele><time>2026-06-26T11:20:39-05:00</time><course>280.5255</course><roll>-1.343079</roll><pitch>-3.285299</pitch><mode /></trkpt><trkpt lat="35.0484582" lon="-118.1585366"><ele>881.8</ele><time>2026-06-26T11:20:39-05:00</time><course>278.7017</course><roll>-7.656616</roll><pitch>-2.632104</pitch><mode /></trkpt><trkpt lat="35.0484599" lon="-118.1585457"><ele>882.26</ele><time>2026-06-26T11:20:40-05:00</time><course>276.0154</course><roll>-5.250787</roll><pitch>-1.027321</pitch><mode /></trkpt><trkpt lat="35.0484622" lon="-118.1585557"><ele>882.75</ele><time>2026-06-26T11:20:40-05:00</time><course>272.3863</course><roll>-0.8325468</roll><pitch>-1.156119</pitch><mode /></trkpt><trkpt lat="35.0484647" lon="-118.1585665"><ele>883.18</ele><time>2026-06-26T11:20:40-05:00</time><course>269.2743</course><roll>-0.5638614</roll><pitch>-1.107076</pitch><mode /></trkpt><trkpt lat="35.0484669" lon="-118.1585778"><ele>883.6</ele><time>2026-06-26T11:20:40-05:00</time><course>261.1821</course><roll>11.10804</roll><pitch>2.318379</pitch><mode /></trkpt><trkpt lat="35.048468" lon="-118.1585899"><ele>883.94</ele><time>2026-06-26T11:20:40-05:00</time><course>257.61</course><roll>16.61757</roll><pitch>3.656799</pitch><mode /></trkpt><trkpt lat="35.0484674" lon="-118.158602"><ele>884.21</ele><time>2026-06-26T11:20:41-05:00</time><course>259.2053</course><roll>14.1622</roll><pitch>-0.9074156</pitch><mode /></trkpt><trkpt lat="35.0484648" lon="-118.1586149"><ele>884.64</ele><time>2026-06-26T11:20:41-05:00</time><course>260.1441</course><roll>12.34337</roll><pitch>-5.477919</pitch><mode /></trkpt><trkpt lat="35.0484608" lon="-118.1586279"><ele>885.22</ele><time>2026-06-26T11:20:41-05:00</time><course>258.3256</course><roll>8.019021</roll><pitch>-7.663878</pitch><mode /></trkpt><trkpt lat="35.048456" lon="-118.1586411"><ele>885.74</ele><time>2026-06-26T11:20:41-05:00</time><course>260.6354</course><roll>7.095595</roll><pitch>-7.549034</pitch><mode /></trkpt><trkpt lat="35.0484504" lon="-118.1586539"><ele>886.28</ele><time>2026-06-26T11:20:41-05:00</time><course>261.7577</course><roll>5.772002</roll><pitch>-6.709299</pitch><mode /></trkpt><trkpt lat="35.0484445" lon="-118.1586668"><ele>887</ele><time>2026-06-26T11:20:42-05:00</time><course>259.5714</course><roll>4.094832</roll><pitch>-3.865297</pitch><mode /></trkpt><trkpt lat="35.0484383" lon="-118.1586796"><ele>887.67</ele><time>2026-06-26T11:20:42-05:00</time><course>255.053</course><roll>6.711318</roll><pitch>-2.303631</pitch><mode /></trkpt><trkpt lat="35.0484316" lon="-118.158692"><ele>888.3</ele><time>2026-06-26T11:20:42-05:00</time><course>251.5754</course><roll>8.00056</roll><pitch>-0.9591073</pitch><mode /></trkpt><trkpt lat="35.0484241" lon="-118.1587041"><ele>888.68</ele><time>2026-06-26T11:20:42-05:00</time><course>256.2952</course><roll>6.977394</roll><pitch>-2.22664</pitch><mode /></trkpt><trkpt lat="35.0484153" lon="-118.1587159"><ele>889.18</ele><time>2026-06-26T11:20:42-05:00</time><course>261.2475</course><roll>-1.175696</roll><pitch>-4.732054</pitch><mode /></trkpt><trkpt lat="35.0484064" lon="-118.1587276"><ele>889.77</ele><time>2026-06-26T11:20:43-05:00</time><course>259.6288</course><roll>-6.61481</roll><pitch>-5.427829</pitch><mode /></trkpt><trkpt lat="35.0483981" lon="-118.1587394"><ele>890.35</ele><time>2026-06-26T11:20:43-05:00</time><course>261.37</course><roll>-11.14937</roll><pitch>-5.884126</pitch><mode /></trkpt><trkpt lat="35.0483905" lon="-118.1587512"><ele>890.92</ele><time>2026-06-26T11:20:43-05:00</time><course>257.446</course><roll>-6.875846</roll><pitch>-4.629752</pitch><mode /></trkpt><trkpt lat="35.0483837" lon="-118.1587633"><ele>891.41</ele><time>2026-06-26T11:20:43-05:00</time><course>252.1506</course><roll>1.144791</roll><pitch>-2.786682</pitch><mode /></trkpt><trkpt lat="35.0483762" lon="-118.1587753"><ele>891.68</ele><time>2026-06-26T11:20:43-05:00</time><course>254.1104</course><roll>2.66923</roll><pitch>-1.32629</pitch><mode /></trkpt><trkpt lat="35.0483673" lon="-118.1587874"><ele>891.84</ele><time>2026-06-26T11:20:44-05:00</time><course>260.6971</course><roll>-0.04112919</roll><pitch>-3.110717</pitch><mode /></trkpt><trkpt lat="35.0483581" lon="-118.1587997"><ele>891.97</ele><time>2026-06-26T11:20:44-05:00</time><course>263.9776</course><roll>-6.122217</roll><pitch>-6.190805</pitch><mode /></trkpt><trkpt lat="35.0483503" lon="-118.1588121"><ele>892.13</ele><time>2026-06-26T11:20:44-05:00</time><course>262.0685</course><roll>-6.843296</roll><pitch>-7.061522</pitch><mode /></trkpt><trkpt lat="35.0483433" lon="-118.1588243"><ele>892.38</ele><time>2026-06-26T11:20:44-05:00</time><course>261.9106</course><roll>-7.75584</roll><pitch>-7.227339</pitch><mode /></trkpt><trkpt lat="35.0483365" lon="-118.158836"><ele>892.61</ele><time>2026-06-26T11:20:44-05:00</time><course>263.4269</course><roll>-7.489263</roll><pitch>-6.863306</pitch><mode /></trkpt><trkpt lat="35.0483304" lon="-118.1588476"><ele>892.88</ele><time>2026-06-26T11:20:45-05:00</time><course>263.4838</course><roll>-7.843133</roll><pitch>-6.010821</pitch><mode /></trkpt><trkpt lat="35.0483245" lon="-118.1588593"><ele>893.27</ele><time>2026-06-26T11:20:45-05:00</time><course>265.5034</course><roll>-11.3243</roll><pitch>-6.247561</pitch><mode /></trkpt><trkpt lat="35.048319" lon="-118.1588706"><ele>893.71</ele><time>2026-06-26T11:20:45-05:00</time><course>266.6845</course><roll>-14.71619</roll><pitch>-5.384569</pitch><mode /></trkpt><trkpt lat="35.0483145" lon="-118.158882"><ele>894.13</ele><time>2026-06-26T11:20:45-05:00</time><course>264.1976</course><roll>-9.619283</roll><pitch>-3.990628</pitch><mode /></trkpt><trkpt lat="35.0483105" lon="-118.1588936"><ele>894.42</ele><time>2026-06-26T11:20:45-05:00</time><course>264.0023</course><roll>-4.23371</roll><pitch>-0.2992637</pitch><mode /></trkpt><trkpt lat="35.0483059" lon="-118.1589056"><ele>894.6</ele><time>2026-06-26T11:20:46-05:00</time><course>265.9071</course><roll>-1.870008</roll><pitch>2.421288</pitch><mode /></trkpt><trkpt lat="35.0483007" lon="-118.1589185"><ele>894.74</ele><time>2026-06-26T11:20:46-05:00</time><course>266.2507</course><roll>-0.1037219</roll><pitch>3.078172</pitch><mode /></trkpt><trkpt lat="35.0482954" lon="-118.1589318"><ele>894.73</ele><time>2026-06-26T11:20:46-05:00</time><course>269.8441</course><roll>-3.831463</roll><pitch>-0.2405569</pitch><mode /></trkpt><trkpt lat="35.0482898" lon="-118.1589457"><ele>894.74</ele><time>2026-06-26T11:20:46-05:00</time><course>271.8932</course><roll>-10.55648</roll><pitch>-3.305127</pitch><mode /></trkpt><trkpt lat="35.0482854" lon="-118.1589592"><ele>895.06</ele><time>2026-06-26T11:20:46-05:00</time><course>274.2441</course><roll>-13.95271</roll><pitch>-5.877381</pitch><mode /></trkpt><trkpt lat="35.0482823" lon="-118.1589723"><ele>895.51</ele><time>2026-06-26T11:20:47-05:00</time><course>272.5858</course><roll>-13.55541</roll><pitch>-6.019641</pitch><mode /></trkpt><trkpt lat="35.0482804" lon="-118.1589855"><ele>895.96</ele><time>2026-06-26T11:20:47-05:00</time><course>268.0472</course><roll>-9.601954</roll><pitch>-4.274762</pitch><mode /></trkpt><trkpt lat="35.0482788" lon="-118.1589988"><ele>896.17</ele><time>2026-06-26T11:20:47-05:00</time><course>264.9711</course><roll>-3.512204</roll><pitch>-1.221314</pitch><mode /></trkpt><trkpt lat="35.048277" lon="-118.1590122"><ele>896.24</ele><time>2026-06-26T11:20:47-05:00</time><course>264.3865</course><roll>-3.740474</roll><pitch>0.4744148</pitch><mode /></trkpt><trkpt lat="35.0482753" lon="-118.1590261"><ele>896.24</ele><time>2026-06-26T11:20:47-05:00</time><course>265.4327</course><roll>-6.636222</roll><pitch>-0.4861405</pitch><mode /></trkpt><trkpt lat="35.0482739" lon="-118.1590401"><ele>896.22</ele><time>2026-06-26T11:20:48-05:00</time><course>266.7475</course><roll>-8.774253</roll><pitch>-2.219411</pitch><mode /></trkpt><trkpt lat="35.048273" lon="-118.159054"><ele>896.21</ele><time>2026-06-26T11:20:48-05:00</time><course>265.3384</course><roll>-7.848795</roll><pitch>-1.317241</pitch><mode /></trkpt><trkpt lat="35.0482726" lon="-118.1590682"><ele>896.24</ele><time>2026-06-26T11:20:48-05:00</time><course>264.8193</course><roll>-12.11952</roll><pitch>0.984036</pitch><mode /></trkpt><trkpt lat="35.0482734" lon="-118.1591133"><ele>896.84</ele><time>2026-06-26T11:20:49-05:00</time><course>267.8602</course><roll>-12.98478</roll><pitch>2.581783</pitch><mode /></trkpt><trkpt lat="35.0482748" lon="-118.1591293"><ele>897.15</ele><time>2026-06-26T11:20:49-05:00</time><course>267.5319</course><roll>-11.00822</roll><pitch>4.623675</pitch><mode /></trkpt><trkpt lat="35.0482764" lon="-118.1591452"><ele>897.32</ele><time>2026-06-26T11:20:49-05:00</time><course>267.4692</course><roll>-7.926852</roll><pitch>5.244208</pitch><mode /></trkpt><trkpt lat="35.0482783" lon="-118.1591618"><ele>897.4</ele><time>2026-06-26T11:20:49-05:00</time><course>269.4545</course><roll>-4.811449</roll><pitch>5.591152</pitch><mode /></trkpt><trkpt lat="35.0482797" lon="-118.1591788"><ele>897.5</ele><time>2026-06-26T11:20:49-05:00</time><course>272.8017</course><roll>-1.45413</roll><pitch>4.272526</pitch><mode /></trkpt><trkpt lat="35.0482809" lon="-118.1591959"><ele>897.68</ele><time>2026-06-26T11:20:50-05:00</time><course>273.6307</course><roll>-0.08098252</roll><pitch>2.559863</pitch><mode /></trkpt><trkpt lat="35.0482822" lon="-118.1592133"><ele>897.8</ele><time>2026-06-26T11:20:50-05:00</time><course>272.0064</course><roll>-0.7303542</roll><pitch>1.096293</pitch><mode /></trkpt><trkpt lat="35.0482834" lon="-118.1592305"><ele>897.76</ele><time>2026-06-26T11:20:50-05:00</time><course>269.8798</course><roll>-0.2535252</roll><pitch>0.4071081</pitch><mode /></trkpt><trkpt lat="35.0482849" lon="-118.1592477"><ele>897.66</ele><time>2026-06-26T11:20:50-05:00</time><course>268.3077</course><roll>2.469158</roll><pitch>-0.02137193</pitch><mode /></trkpt><trkpt lat="35.0482858" lon="-118.1592651"><ele>897.52</ele><time>2026-06-26T11:20:50-05:00</time><course>271.3287</course><roll>0.6145964</roll><pitch>-1.150207</pitch><mode /></trkpt><trkpt lat="35.0482861" lon="-118.1592822"><ele>897.45</ele><time>2026-06-26T11:20:51-05:00</time><course>270.4973</course><roll>1.127515</roll><pitch>-1.190923</pitch><mode /></trkpt><trkpt lat="35.0482871" lon="-118.159299"><ele>897.41</ele><time>2026-06-26T11:20:51-05:00</time><course>268.8697</course><roll>1.378411</roll><pitch>-1.362348</pitch><mode /></trkpt><trkpt lat="35.0482876" lon="-118.1593155"><ele>897.37</ele><time>2026-06-26T11:20:51-05:00</time><course>268.4352</course><roll>1.580768</roll><pitch>-1.252523</pitch><mode /></trkpt><trkpt lat="35.0482882" lon="-118.1593322"><ele>897.27</ele><time>2026-06-26T11:20:51-05:00</time><course>268.5401</course><roll>1.587654</roll><pitch>-1.215749</pitch><mode /></trkpt><trkpt lat="35.0482884" lon="-118.1593489"><ele>897.21</ele><time>2026-06-26T11:20:51-05:00</time><course>267.7717</course><roll>1.164245</roll><pitch>-0.8380567</pitch><mode /></trkpt><trkpt lat="35.0482879" lon="-118.1593652"><ele>897.12</ele><time>2026-06-26T11:20:52-05:00</time><course>268.5817</course><roll>0.5636275</roll><pitch>0.2624411</pitch><mode /></trkpt><trkpt lat="35.048287" lon="-118.1593819"><ele>896.91</ele><time>2026-06-26T11:20:52-05:00</time><course>268.7234</course><roll>-0.5644798</roll><pitch>0.2751161</pitch><mode /></trkpt><trkpt lat="35.0482861" lon="-118.1593991"><ele>896.72</ele><time>2026-06-26T11:20:52-05:00</time><course>266.9228</course><roll>-1.611089</roll><pitch>0.4117011</pitch><mode /></trkpt><trkpt lat="35.0482852" lon="-118.1594163"><ele>896.49</ele><time>2026-06-26T11:20:52-05:00</time><course>266.4412</course><roll>0.495776</roll><pitch>0.7037933</pitch><mode /></trkpt><trkpt lat="35.0482839" lon="-118.1594334"><ele>896.21</ele><time>2026-06-26T11:20:52-05:00</time><course>268.1339</course><roll>2.998114</roll><pitch>0.6055042</pitch><mode /></trkpt><trkpt lat="35.0482824" lon="-118.1594506"><ele>895.94</ele><time>2026-06-26T11:20:53-05:00</time><course>267.1394</course><roll>4.168092</roll><pitch>-0.619052</pitch><mode /></trkpt><trkpt lat="35.0482807" lon="-118.1594684"><ele>895.74</ele><time>2026-06-26T11:20:53-05:00</time><course>264.7017</course><roll>5.810375</roll><pitch>-1.356664</pitch><mode /></trkpt><trkpt lat="35.0482785" lon="-118.1594864"><ele>895.62</ele><time>2026-06-26T11:20:53-05:00</time><course>264.013</course><roll>6.847813</roll><pitch>-2.649366</pitch><mode /></trkpt><trkpt lat="35.0482756" lon="-118.1595041"><ele>895.54</ele><time>2026-06-26T11:20:53-05:00</time><course>263.5952</course><roll>4.585454</roll><pitch>-4.459238</pitch><mode /></trkpt><trkpt lat="35.048272" lon="-118.1595217"><ele>895.63</ele><time>2026-06-26T11:20:53-05:00</time><course>263.3558</course><roll>2.70356</roll><pitch>-5.851555</pitch><mode /></trkpt><trkpt lat="35.048268" lon="-118.159539"><ele>895.79</ele><time>2026-06-26T11:20:54-05:00</time><course>262.4422</course><roll>1.726074</roll><pitch>-7.270284</pitch><mode /></trkpt><trkpt lat="35.0482638" lon="-118.1595561"><ele>895.94</ele><time>2026-06-26T11:20:54-05:00</time><course>261.5697</course><roll>2.575792</roll><pitch>-6.985382</pitch><mode /></trkpt><trkpt lat="35.0482595" lon="-118.159573"><ele>896.08</ele><time>2026-06-26T11:20:54-05:00</time><course>264.3984</course><roll>-2.1573</roll><pitch>-8.238743</pitch><mode /></trkpt><trkpt lat="35.0482549" lon="-118.1595889"><ele>896.18</ele><time>2026-06-26T11:20:54-05:00</time><course>266.421</course><roll>-5.358904</roll><pitch>-8.126321</pitch><mode /></trkpt><trkpt lat="35.0482507" lon="-118.1596049"><ele>896.46</ele><time>2026-06-26T11:20:54-05:00</time><course>264.7969</course><roll>-5.908039</roll><pitch>-7.470871</pitch><mode /></trkpt><trkpt lat="35.0482467" lon="-118.1596203"><ele>896.82</ele><time>2026-06-26T11:20:55-05:00</time><course>265.6277</course><roll>-10.32798</roll><pitch>-6.639425</pitch><mode /></trkpt><trkpt lat="35.048243" lon="-118.1596351"><ele>897.21</ele><time>2026-06-26T11:20:55-05:00</time><course>265.1158</course><roll>-9.077812</roll><pitch>-2.95359</pitch><mode /></trkpt><trkpt lat="35.04824" lon="-118.1596495"><ele>897.42</ele><time>2026-06-26T11:20:55-05:00</time><course>265.159</course><roll>-11.22156</roll><pitch>-0.3446246</pitch><mode /></trkpt><trkpt lat="35.0482373" lon="-118.1596637"><ele>897.52</ele><time>2026-06-26T11:20:55-05:00</time><course>267.1612</course><roll>-13.78308</roll><pitch>0.04108641</pitch><mode /></trkpt><trkpt lat="35.0482352" lon="-118.1596778"><ele>897.59</ele><time>2026-06-26T11:20:55-05:00</time><course>268.3179</course><roll>-11.42128</roll><pitch>1.263195</pitch><mode /></trkpt><trkpt lat="35.0482336" lon="-118.1596926"><ele>897.7</ele><time>2026-06-26T11:20:56-05:00</time><course>265.9964</course><roll>-6.23087</roll><pitch>5.770035</pitch><mode /></trkpt><trkpt lat="35.048232" lon="-118.159708"><ele>897.69</ele><time>2026-06-26T11:20:56-05:00</time><course>265.3176</course><roll>-1.483336</roll><pitch>7.850344</pitch><mode /></trkpt><trkpt lat="35.0482301" lon="-118.1597241"><ele>897.56</ele><time>2026-06-26T11:20:56-05:00</time><course>266.1695</course><roll>0.5160518</roll><pitch>8.15564</pitch><mode /></trkpt><trkpt lat="35.0482283" lon="-118.1597408"><ele>897.33</ele><time>2026-06-26T11:20:56-05:00</time><course>267.3794</course><roll>3.96117</roll><pitch>6.90149</pitch><mode /></trkpt><trkpt lat="35.048226" lon="-118.1597582"><ele>897.14</ele><time>2026-06-26T11:20:56-05:00</time><course>265.5421</course><roll>1.944665</roll><pitch>3.980431</pitch><mode /></trkpt><trkpt lat="35.0482231" lon="-118.1597764"><ele>897.13</ele><time>2026-06-26T11:20:57-05:00</time><course>266.2225</course><roll>4.033456</roll><pitch>2.280336</pitch><mode /></trkpt><trkpt lat="35.0482197" lon="-118.1597952"><ele>897.32</ele><time>2026-06-26T11:20:57-05:00</time><course>266.4548</course><roll>3.647716</roll><pitch>1.239179</pitch><mode /></trkpt><trkpt lat="35.0482161" lon="-118.1598141"><ele>897.58</ele><time>2026-06-26T11:20:57-05:00</time><course>266.1099</course><roll>0.7003983</roll><pitch>-0.5021511</pitch><mode /></trkpt><trkpt lat="35.0482127" lon="-118.1598322"><ele>897.79</ele><time>2026-06-26T11:20:57-05:00</time><course>265.1867</course><roll>1.349592</roll><pitch>0.7525807</pitch><mode /></trkpt><trkpt lat="35.0482095" lon="-118.1598499"><ele>897.89</ele><time>2026-06-26T11:20:57-05:00</time><course>264.9778</course><roll>2.175792</roll><pitch>1.792491</pitch><mode /></trkpt><trkpt lat="35.0482062" lon="-118.159867"><ele>897.75</ele><time>2026-06-26T11:20:58-05:00</time><course>267.2755</course><roll>0.9297751</roll><pitch>1.567773</pitch><mode /></trkpt><trkpt lat="35.0482029" lon="-118.1598836"><ele>897.46</ele><time>2026-06-26T11:20:58-05:00</time><course>265.3211</course><roll>1.012501</roll><pitch>2.018373</pitch><mode /></trkpt><trkpt lat="35.0481998" lon="-118.1599002"><ele>897.16</ele><time>2026-06-26T11:20:58-05:00</time><course>264.4391</course><roll>-3.577958</roll><pitch>0.08997782</pitch><mode /></trkpt><trkpt lat="35.0481967" lon="-118.1599167"><ele>896.93</ele><time>2026-06-26T11:20:58-05:00</time><course>267.777</course><roll>-9.027226</roll><pitch>-2.737127</pitch><mode /></trkpt><trkpt lat="35.0481938" lon="-118.1599331"><ele>896.94</ele><time>2026-06-26T11:20:58-05:00</time><course>266.3651</course><roll>-7.470943</roll><pitch>-3.612906</pitch><mode /></trkpt><trkpt lat="35.0481915" lon="-118.1599495"><ele>897.06</ele><time>2026-06-26T11:20:59-05:00</time><course>266.2174</course><roll>-12.76994</roll><pitch>-3.238541</pitch><mode /></trkpt><trkpt lat="35.0481898" lon="-118.1599653"><ele>897.23</ele><time>2026-06-26T11:20:59-05:00</time><course>263.7117</course><roll>-9.012432</roll><pitch>1.163857</pitch><mode /></trkpt><trkpt lat="35.0481883" lon="-118.1599811"><ele>897.25</ele><time>2026-06-26T11:20:59-05:00</time><course>263.2678</course><roll>-7.730338</roll><pitch>5.621524</pitch><mode /></trkpt><trkpt lat="35.0481864" lon="-118.159997"><ele>896.9</ele><time>2026-06-26T11:20:59-05:00</time><course>265.587</course><roll>-6.315494</roll><pitch>6.178091</pitch><mode /></trkpt><trkpt lat="35.0481847" lon="-118.1600125"><ele>896.35</ele><time>2026-06-26T11:20:59-05:00</time><course>268.8012</course><roll>-8.288981</roll><pitch>4.184095</pitch><mode /></trkpt><trkpt lat="35.0481837" lon="-118.1600288"><ele>895.92</ele><time>2026-06-26T11:21:00-05:00</time><course>265.6234</course><roll>-6.602897</roll><pitch>4.613792</pitch><mode /></trkpt><trkpt lat="35.0481833" lon="-118.160045"><ele>895.51</ele><time>2026-06-26T11:21:00-05:00</time><course>267.2516</course><roll>-2.707499</roll><pitch>5.515246</pitch><mode /></trkpt><trkpt lat="35.0481823" lon="-118.1600618"><ele>895.17</ele><time>2026-06-26T11:21:00-05:00</time><course>269.7155</course><roll>0.4383437</roll><pitch>5.653308</pitch><mode /></trkpt><trkpt lat="35.0481812" lon="-118.1600794"><ele>895</ele><time>2026-06-26T11:21:00-05:00</time><course>269.4802</course><roll>-2.776683</roll><pitch>4.554952</pitch><mode /></trkpt><trkpt lat="35.04818" lon="-118.1600978"><ele>895.01</ele><time>2026-06-26T11:21:00-05:00</time><course>269.2876</course><roll>-2.598755</roll><pitch>4.163278</pitch><mode /></trkpt><trkpt lat="35.0481791" lon="-118.1601163"><ele>895.01</ele><time>2026-06-26T11:21:01-05:00</time><course>267.9348</course><roll>-0.9274624</roll><pitch>2.949008</pitch><mode /></trkpt><trkpt lat="35.048178" lon="-118.1601341"><ele>895.07</ele><time>2026-06-26T11:21:01-05:00</time><course>267.9445</course><roll>6.719831</roll><pitch>2.073693</pitch><mode /></trkpt><trkpt lat="35.048176" lon="-118.1601523"><ele>895.44</ele><time>2026-06-26T11:21:01-05:00</time><course>267.0429</course><roll>3.37776</roll><pitch>0.9148454</pitch><mode /></trkpt><trkpt lat="35.0481739" lon="-118.1601694"><ele>895.78</ele><time>2026-06-26T11:21:01-05:00</time><course>266.3941</course><roll>-0.5274848</roll><pitch>0.08222651</pitch><mode /></trkpt><trkpt lat="35.0481718" lon="-118.160186"><ele>896.17</ele><time>2026-06-26T11:21:01-05:00</time><course>265.2714</course><roll>-1.767228</roll><pitch>0.5117083</pitch><mode /></trkpt><trkpt lat="35.0481694" lon="-118.1602026"><ele>896.58</ele><time>2026-06-26T11:21:02-05:00</time><course>265.8364</course><roll>-0.3211262</roll><pitch>0.9360607</pitch><mode /></trkpt><trkpt lat="35.0481673" lon="-118.1602188"><ele>896.79</ele><time>2026-06-26T11:21:02-05:00</time><course>261.4446</course><roll>-1.522514</roll><pitch>-0.1018695</pitch><mode /></trkpt><trkpt lat="35.0481658" lon="-118.1602342"><ele>896.67</ele><time>2026-06-26T11:21:02-05:00</time><course>258.7</course><roll>-2.36726</roll><pitch>0.217435</pitch><mode /></trkpt><trkpt lat="35.0481645" lon="-118.1602487"><ele>896.45</ele><time>2026-06-26T11:21:02-05:00</time><course>257.1522</course><roll>-1.410205</roll><pitch>1.074337</pitch><mode /></trkpt><trkpt lat="35.0481626" lon="-118.1602633"><ele>896.42</ele><time>2026-06-26T11:21:02-05:00</time><course>260.9287</course><roll>-2.150325</roll><pitch>1.725609</pitch><mode /></trkpt><trkpt lat="35.0481608" lon="-118.1602774"><ele>896.43</ele><time>2026-06-26T11:21:03-05:00</time><course>262.3744</course><roll>-3.651023</roll><pitch>2.645199</pitch><mode /></trkpt><trkpt lat="35.0481592" lon="-118.1602912"><ele>896.46</ele><time>2026-06-26T11:21:03-05:00</time><course>262.7809</course><roll>-3.125523</roll><pitch>2.904864</pitch><mode /></trkpt><trkpt lat="35.0481573" lon="-118.1603049"><ele>896.38</ele><time>2026-06-26T11:21:03-05:00</time><course>267.3646</course><roll>-6.75385</roll><pitch>2.736228</pitch><mode /></trkpt><trkpt lat="35.0481558" lon="-118.1603186"><ele>896.25</ele><time>2026-06-26T11:21:03-05:00</time><course>266.7635</course><roll>-11.37817</roll><pitch>2.762183</pitch><mode /></trkpt><trkpt lat="35.048156" lon="-118.1603459"><ele>896.13</ele><time>2026-06-26T11:21:04-05:00</time><course>271.0155</course><roll>-10.39852</roll><pitch>-1.124184</pitch><mode /></trkpt><trkpt lat="35.0481569" lon="-118.1603597"><ele>896.02</ele><time>2026-06-26T11:21:04-05:00</time><course>270.1998</course><roll>-9.082679</roll><pitch>-1.524138</pitch><mode /></trkpt><trkpt lat="35.0481583" lon="-118.1603732"><ele>895.85</ele><time>2026-06-26T11:21:04-05:00</time><course>279.0195</course><roll>-16.45569</roll><pitch>-1.829336</pitch><mode /></trkpt><trkpt lat="35.0481602" lon="-118.1603861"><ele>895.72</ele><time>2026-06-26T11:21:04-05:00</time><course>275.2139</course><roll>-14.73551</roll><pitch>-2.107042</pitch><mode /></trkpt><trkpt lat="35.0481637" lon="-118.1603979"><ele>895.7</ele><time>2026-06-26T11:21:04-05:00</time><course>270.0491</course><roll>-9.761513</roll><pitch>0.4129556</pitch><mode /></trkpt><trkpt lat="35.0481672" lon="-118.1604095"><ele>895.48</ele><time>2026-06-26T11:21:05-05:00</time><course>267.5375</course><roll>-2.390533</roll><pitch>5.783469</pitch><mode /></trkpt><trkpt lat="35.04817" lon="-118.1604213"><ele>894.99</ele><time>2026-06-26T11:21:05-05:00</time><course>267.4387</course><roll>1.902494</roll><pitch>8.643974</pitch><mode /></trkpt><trkpt lat="35.0481718" lon="-118.1604336"><ele>894.27</ele><time>2026-06-26T11:21:05-05:00</time><course>272.9571</course><roll>1.9028</roll><pitch>6.671718</pitch><mode /></trkpt><trkpt lat="35.0481737" lon="-118.1604465"><ele>893.57</ele><time>2026-06-26T11:21:05-05:00</time><course>273.5508</course><roll>1.339194</roll><pitch>2.400669</pitch><mode /></trkpt><trkpt lat="35.0481756" lon="-118.1604602"><ele>893.13</ele><time>2026-06-26T11:21:05-05:00</time><course>272.8598</course><roll>1.183053</roll><pitch>-0.132032</pitch><mode /></trkpt><trkpt lat="35.0481772" lon="-118.1604738"><ele>892.86</ele><time>2026-06-26T11:21:06-05:00</time><course>272.8415</course><roll>-0.134684</roll><pitch>-1.397275</pitch><mode /></trkpt><trkpt lat="35.0481783" lon="-118.1604869"><ele>892.64</ele><time>2026-06-26T11:21:06-05:00</time><course>272.315</course><roll>0.7883367</roll><pitch>-0.9173756</pitch><mode /></trkpt><trkpt lat="35.0481789" lon="-118.1604998"><ele>892.52</ele><time>2026-06-26T11:21:06-05:00</time><course>271.7138</course><roll>1.110996</roll><pitch>-0.8153831</pitch><mode /></trkpt><trkpt lat="35.0481796" lon="-118.1605127"><ele>892.31</ele><time>2026-06-26T11:21:06-05:00</time><course>271.3576</course><roll>1.844993</roll><pitch>-1.385337</pitch><mode /></trkpt><trkpt lat="35.0481802" lon="-118.1605254"><ele>892.16</ele><time>2026-06-26T11:21:06-05:00</time><course>269.8172</course><roll>4.673251</roll><pitch>0.05395006</pitch><mode /></trkpt><trkpt lat="35.0481804" lon="-118.1605377"><ele>891.99</ele><time>2026-06-26T11:21:07-05:00</time><course>267.2531</course><roll>7.541517</roll><pitch>7.770767</pitch><mode /></trkpt><trkpt lat="35.04818" lon="-118.1605619"><ele>890.75</ele><time>2026-06-26T11:21:07-05:00</time><course>265.8044</course><roll>6.020957</roll><pitch>16.01291</pitch><mode /></trkpt><trkpt lat="35.0481795" lon="-118.1605742"><ele>889.73</ele><time>2026-06-26T11:21:07-05:00</time><course>264.0851</course><roll>6.062719</roll><pitch>14.19694</pitch><mode /></trkpt><trkpt lat="35.0481786" lon="-118.1605879"><ele>888.73</ele><time>2026-06-26T11:21:07-05:00</time><course>259.9996</course><roll>9.568563</roll><pitch>5.227244</pitch><mode /></trkpt><trkpt lat="35.0481759" lon="-118.1606028"><ele>888.25</ele><time>2026-06-26T11:21:08-05:00</time><course>259.9509</course><roll>3.833816</roll><pitch>1.790213</pitch><mode /></trkpt><trkpt lat="35.0481723" lon="-118.1606178"><ele>887.97</ele><time>2026-06-26T11:21:08-05:00</time><course>257.5656</course><roll>2.11071</roll><pitch>-4.683961</pitch><mode /></trkpt><trkpt lat="35.0481687" lon="-118.1606322"><ele>887.93</ele><time>2026-06-26T11:21:08-05:00</time><course>253.1022</course><roll>5.003066</roll><pitch>-20.55422</pitch><mode /></trkpt><trkpt lat="35.0481644" lon="-118.1606437"><ele>888.8</ele><time>2026-06-26T11:21:08-05:00</time><course>253.3887</course><roll>3.219476</roll><pitch>-34.34624</pitch><mode /></trkpt><trkpt lat="35.0481602" lon="-118.1606496"><ele>890.2</ele><time>2026-06-26T11:21:08-05:00</time><course>256.6321</course><roll>-4.812654</roll><pitch>-49.59118</pitch><mode /></trkpt><trkpt lat="35.0481569" lon="-118.1606492"><ele>891.95</ele><time>2026-06-26T11:21:09-05:00</time><course>263.2324</course><roll>-9.436524</roll><pitch>-68.4995</pitch><mode /></trkpt><trkpt lat="35.048156" lon="-118.1606408"><ele>893.97</ele><time>2026-06-26T11:21:09-05:00</time><course>267.6918</course><roll>-10.22277</roll><pitch>-79.79295</pitch><mode /></trkpt><trkpt lat="35.0481569" lon="-118.1606247"><ele>895.94</ele><time>2026-06-26T11:21:09-05:00</time><course>86.41212</course><roll>171.9744</roll><pitch>-87.0426</pitch><mode /></trkpt><trkpt lat="35.0481584" lon="-118.1606024"><ele>897.67</ele><time>2026-06-26T11:21:09-05:00</time><course>86.02557</course><roll>174.8888</roll><pitch>-71.50783</pitch><mode /></trkpt><trkpt lat="35.0481602" lon="-118.1605752"><ele>899.11</ele><time>2026-06-26T11:21:09-05:00</time><course>86.02882</course><roll>176.1777</roll><pitch>-56.17739</pitch><mode /></trkpt><trkpt lat="35.0481621" lon="-118.160544"><ele>900.21</ele><time>2026-06-26T11:21:10-05:00</time><course>84.56055</course><roll>-178.8039</roll><pitch>-36.18004</pitch><mode /></trkpt><trkpt lat="35.0481636" lon="-118.1605105"><ele>901.04</ele><time>2026-06-26T11:21:10-05:00</time><course>83.66272</course><roll>-174.5712</roll><pitch>-21.40106</pitch><mode /></trkpt><trkpt lat="35.0481651" lon="-118.1604758"><ele>901.42</ele><time>2026-06-26T11:21:10-05:00</time><course>82.36756</course><roll>-175.8952</roll><pitch>-0.7222727</pitch><mode /></trkpt><trkpt lat="35.0481677" lon="-118.1604399"><ele>901.27</ele><time>2026-06-26T11:21:10-05:00</time><course>81.88573</course><roll>-176.1092</roll><pitch>20.87081</pitch><mode /></trkpt><trkpt lat="35.0481709" lon="-118.1604031"><ele>900.76</ele><time>2026-06-26T11:21:10-05:00</time><course>85.5519</course><roll>-172.1934</roll><pitch>41.87077</pitch><mode /></trkpt><trkpt lat="35.048174" lon="-118.1603662"><ele>899.77</ele><time>2026-06-26T11:21:11-05:00</time><course>98.18627</course><roll>-161.9158</roll><pitch>63.59931</pitch><mode /></trkpt><trkpt lat="35.0481767" lon="-118.1603321"><ele>898.25</ele><time>2026-06-26T11:21:11-05:00</time><course>119.1553</course><roll>-143.1402</roll><pitch>74.14682</pitch><mode /></trkpt><trkpt lat="35.0481782" lon="-118.1603012"><ele>896.39</ele><time>2026-06-26T11:21:11-05:00</time><course>206.679</course><roll>-59.8525</roll><pitch>83.53858</pitch><mode /></trkpt><trkpt lat="35.0481793" lon="-118.160277"><ele>894.04</ele><time>2026-06-26T11:21:11-05:00</time><course>252.3153</course><roll>-15.78138</roll><pitch>72.70876</pitch><mode /></trkpt><trkpt lat="35.0481807" lon="-118.1602606"><ele>891.38</ele><time>2026-06-26T11:21:11-05:00</time><course>260.6649</course><roll>-10.87214</roll><pitch>60.22623</pitch><mode /></trkpt><trkpt lat="35.048182" lon="-118.1602517"><ele>888.67</ele><time>2026-06-26T11:21:12-05:00</time><course>268.6717</course><roll>-8.278131</roll><pitch>43.65615</pitch><mode /></trkpt><trkpt lat="35.0481836" lon="-118.1602509"><ele>886.12</ele><time>2026-06-26T11:21:12-05:00</time><course>272.801</course><roll>-6.173913</roll><pitch>32.86028</pitch><mode /></trkpt><trkpt lat="35.048186" lon="-118.1602572"><ele>884.05</ele><time>2026-06-26T11:21:12-05:00</time><course>275.4693</course><roll>-8.167982</roll><pitch>20.09769</pitch><mode /></trkpt><trkpt lat="35.0481902" lon="-118.1602681"><ele>882.56</ele><time>2026-06-26T11:21:12-05:00</time><course>276.3647</course><roll>-7.997906</roll><pitch>9.224226</pitch><mode /></trkpt><trkpt lat="35.0481958" lon="-118.1602811"><ele>881.5</ele><time>2026-06-26T11:21:12-05:00</time><course>278.2147</course><roll>-6.927828</roll><pitch>-0.8867986</pitch><mode /></trkpt><trkpt lat="35.0482021" lon="-118.1602943"><ele>881.13</ele><time>2026-06-26T11:21:13-05:00</time><course>280.6972</course><roll>-2.420434</roll><pitch>-13.53248</pitch><mode /></trkpt><trkpt lat="35.0482093" lon="-118.1603063"><ele>881.36</ele><time>2026-06-26T11:21:13-05:00</time><course>279.5287</course><roll>2.205268</roll><pitch>-23.16537</pitch><mode /></trkpt><trkpt lat="35.0482158" lon="-118.1603152"><ele>882.16</ele><time>2026-06-26T11:21:13-05:00</time><course>277.3417</course><roll>4.425856</roll><pitch>-35.72192</pitch><mode /></trkpt><trkpt lat="35.0482208" lon="-118.1603196"><ele>883.45</ele><time>2026-06-26T11:21:13-05:00</time><course>273.154</course><roll>4.969513</roll><pitch>-47.72873</pitch><mode /></trkpt><trkpt lat="35.0482239" lon="-118.160318"><ele>885.22</ele><time>2026-06-26T11:21:13-05:00</time><course>267.1132</course><roll>7.933612</roll><pitch>-60.01873</pitch><mode /></trkpt><trkpt lat="35.0482258" lon="-118.16031"><ele>887.12</ele><time>2026-06-26T11:21:14-05:00</time><course>270.322</course><roll>-13.45932</roll><pitch>-75.43538</pitch><mode /></trkpt><trkpt lat="35.0482277" lon="-118.1602959"><ele>888.96</ele><time>2026-06-26T11:21:14-05:00</time><course>299.0507</course><roll>-51.8597</roll><pitch>-82.99921</pitch><mode /></trkpt><trkpt lat="35.0482318" lon="-118.1602754"><ele>890.84</ele><time>2026-06-26T11:21:14-05:00</time><course>28.54789</course><roll>-148.5495</roll><pitch>-81.29124</pitch><mode /></trkpt><trkpt lat="35.0482365" lon="-118.1602516"><ele>892.32</ele><time>2026-06-26T11:21:14-05:00</time><course>42.4012</course><roll>-164.8483</roll><pitch>-68.74924</pitch><mode /></trkpt><trkpt lat="35.0482421" lon="-118.1602256"><ele>893.5</ele><time>2026-06-26T11:21:14-05:00</time><course>47.9174</course><roll>-171.3819</roll><pitch>-53.09493</pitch><mode /></trkpt><trkpt lat="35.0482484" lon="-118.1601978"><ele>894.5</ele><time>2026-06-26T11:21:15-05:00</time><course>48.57193</course><roll>-172.8322</roll><pitch>-31.61477</pitch><mode /></trkpt><trkpt lat="35.048255" lon="-118.1601679"><ele>895.39</ele><time>2026-06-26T11:21:15-05:00</time><course>48.57933</course><roll>-171.7091</roll><pitch>-15.72869</pitch><mode /></trkpt><trkpt lat="35.0482629" lon="-118.1601363"><ele>895.78</ele><time>2026-06-26T11:21:15-05:00</time><course>48.6503</course><roll>-167.8095</roll><pitch>5.928364</pitch><mode /></trkpt><trkpt lat="35.0482718" lon="-118.1601033"><ele>895.65</ele><time>2026-06-26T11:21:15-05:00</time><course>50.22722</course><roll>-169.4037</roll><pitch>28.44949</pitch><mode /></trkpt><trkpt lat="35.0482809" lon="-118.1600693"><ele>894.96</ele><time>2026-06-26T11:21:15-05:00</time><course>52.9267</course><roll>-167.5321</roll><pitch>50.77421</pitch><mode /></trkpt><trkpt lat="35.048289" lon="-118.1600358"><ele>893.42</ele><time>2026-06-26T11:21:16-05:00</time><course>67.33358</course><roll>-155.9551</roll><pitch>76.11575</pitch><mode /></trkpt><trkpt lat="35.0482935" lon="-118.1600053"><ele>891.38</ele><time>2026-06-26T11:21:16-05:00</time><course>171.1702</course><roll>-56.19912</roll><pitch>83.17688</pitch><mode /></trkpt><trkpt lat="35.0482939" lon="-118.1599797"><ele>888.91</ele><time>2026-06-26T11:21:16-05:00</time><course>214.8965</course><roll>-18.68151</roll><pitch>69.53987</pitch><mode /></trkpt><trkpt lat="35.0482901" lon="-118.1599611"><ele>886.15</ele><time>2026-06-26T11:21:16-05:00</time><course>228.4017</course><roll>-9.467933</roll><pitch>55.88354</pitch><mode /></trkpt><trkpt lat="35.0482825" lon="-118.1599501"><ele>883.46</ele><time>2026-06-26T11:21:16-05:00</time><course>234.2369</course><roll>-10.02872</roll><pitch>42.9034</pitch><mode /></trkpt><trkpt lat="35.0482725" lon="-118.1599468"><ele>881.05</ele><time>2026-06-26T11:21:17-05:00</time><course>238.6086</course><roll>-14.13713</roll><pitch>29.4595</pitch><mode /></trkpt><trkpt lat="35.048261" lon="-118.1599494"><ele>879.07</ele><time>2026-06-26T11:21:17-05:00</time><course>241.3937</course><roll>-16.3237</roll><pitch>22.42367</pitch><mode /></trkpt><trkpt lat="35.0482496" lon="-118.1599571"><ele>877.46</ele><time>2026-06-26T11:21:17-05:00</time><course>245.1201</course><roll>-18.22313</roll><pitch>16.32846</pitch><mode /></trkpt><trkpt lat="35.0482393" lon="-118.1599675"><ele>876.25</ele><time>2026-06-26T11:21:17-05:00</time><course>246.5155</course><roll>-18.06836</roll><pitch>15.00192</pitch><mode /></trkpt><trkpt lat="35.0482299" lon="-118.1599794"><ele>875.22</ele><time>2026-06-26T11:21:17-05:00</time><course>247.3681</course><roll>-14.45417</roll><pitch>16.59836</pitch><mode /></trkpt><trkpt lat="35.0482215" lon="-118.1599916"><ele>874.21</ele><time>2026-06-26T11:21:18-05:00</time><course>244.4367</course><roll>-11.4262</roll><pitch>17.83244</pitch><mode /></trkpt><trkpt lat="35.0482136" lon="-118.1600043"><ele>873.1</ele><time>2026-06-26T11:21:18-05:00</time><course>242.9762</course><roll>-5.533493</roll><pitch>18.01592</pitch><mode /></trkpt><trkpt lat="35.0482058" lon="-118.1600179"><ele>871.9</ele><time>2026-06-26T11:21:18-05:00</time><course>245.3918</course><roll>-0.107973</roll><pitch>17.45387</pitch><mode /></trkpt><trkpt lat="35.0481975" lon="-118.1600312"><ele>870.71</ele><time>2026-06-26T11:21:18-05:00</time><course>253.5098</course><roll>6.647606</roll><pitch>12.47362</pitch><mode /></trkpt><trkpt lat="35.0481888" lon="-118.1600444"><ele>869.75</ele><time>2026-06-26T11:21:18-05:00</time><course>257.3936</course><roll>4.05946</roll><pitch>5.570917</pitch><mode /></trkpt><trkpt lat="35.0481799" lon="-118.1600575"><ele>869.02</ele><time>2026-06-26T11:21:19-05:00</time><course>258.0342</course><roll>-17.30974</roll><pitch>0.2468849</pitch><mode /></trkpt><trkpt lat="35.0481726" lon="-118.1600708"><ele>868.54</ele><time>2026-06-26T11:21:19-05:00</time><course>254.0007</course><roll>-20.6487</roll><pitch>-1.792019</pitch><mode /></trkpt><trkpt lat="35.0481672" lon="-118.1600844"><ele>868.12</ele><time>2026-06-26T11:21:19-05:00</time><course>250.2683</course><roll>-10.43716</roll><pitch>-3.619626</pitch><mode /></trkpt><trkpt lat="35.0481623" lon="-118.1600976"><ele>867.74</ele><time>2026-06-26T11:21:19-05:00</time><course>252.0915</course><roll>-5.395326</roll><pitch>-0.368806</pitch><mode /></trkpt><trkpt lat="35.0481569" lon="-118.1601103"><ele>867.43</ele><time>2026-06-26T11:21:19-05:00</time><course>256.2248</course><roll>-5.708228</roll><pitch>0.4417591</pitch><mode /></trkpt><trkpt lat="35.0481517" lon="-118.1601233"><ele>867.12</ele><time>2026-06-26T11:21:20-05:00</time><course>256.5736</course><roll>-8.018673</roll><pitch>-0.5556477</pitch><mode /></trkpt><trkpt lat="35.0481469" lon="-118.160136"><ele>866.71</ele><time>2026-06-26T11:21:20-05:00</time><course>256.5159</course><roll>-9.445002</roll><pitch>-0.6934897</pitch><mode /></trkpt><trkpt lat="35.0481422" lon="-118.1601488"><ele>866.26</ele><time>2026-06-26T11:21:20-05:00</time><course>254.9194</course><roll>-2.009885</roll><pitch>-1.336932</pitch><mode /></trkpt><trkpt lat="35.0481373" lon="-118.1601622"><ele>865.9</ele><time>2026-06-26T11:21:20-05:00</time><course>254.7423</course><roll>-1.740577</roll><pitch>-3.24975</pitch><mode /></trkpt><trkpt lat="35.0481322" lon="-118.1601749"><ele>865.8</ele><time>2026-06-26T11:21:20-05:00</time><course>254.2322</course><roll>1.243321</roll><pitch>-5.465564</pitch><mode /></trkpt><trkpt lat="35.048127" lon="-118.1601878"><ele>865.87</ele><time>2026-06-26T11:21:21-05:00</time><course>254.4996</course><roll>1.465826</roll><pitch>-7.012568</pitch><mode /></trkpt><trkpt lat="35.0481217" lon="-118.1602013"><ele>865.94</ele><time>2026-06-26T11:21:21-05:00</time><course>253.5936</course><roll>2.276964</roll><pitch>-8.254695</pitch><mode /></trkpt><trkpt lat="35.0481165" lon="-118.160214"><ele>866.12</ele><time>2026-06-26T11:21:21-05:00</time><course>253.1447</course><roll>5.03774</roll><pitch>-8.174078</pitch><mode /></trkpt><trkpt lat="35.0481104" lon="-118.1602254"><ele>866.38</ele><time>2026-06-26T11:21:21-05:00</time><course>257.1686</course><roll>4.748569</roll><pitch>-7.418317</pitch><mode /></trkpt><trkpt lat="35.0481038" lon="-118.160236"><ele>866.52</ele><time>2026-06-26T11:21:21-05:00</time><course>256.711</course><roll>2.389692</roll><pitch>-6.553188</pitch><mode /></trkpt><trkpt lat="35.0480977" lon="-118.1602467"><ele>866.57</ele><time>2026-06-26T11:21:22-05:00</time><course>252.3914</course><roll>4.107237</roll><pitch>-8.862412</pitch><mode /></trkpt><trkpt lat="35.0480909" lon="-118.1602571"><ele>866.83</ele><time>2026-06-26T11:21:22-05:00</time><course>251.2</course><roll>6.635432</roll><pitch>-13.75485</pitch><mode /></trkpt><trkpt lat="35.0480815" lon="-118.1602643"><ele>867.68</ele><time>2026-06-26T11:21:22-05:00</time><course>249.9506</course><roll>13.92327</roll><pitch>-12.39455</pitch><mode /></trkpt><trkpt lat="35.0480724" lon="-118.1602717"><ele>868.28</ele><time>2026-06-26T11:21:22-05:00</time><course>246.1021</course><roll>17.64328</roll><pitch>-4.988844</pitch><mode /></trkpt><trkpt lat="35.0480637" lon="-118.1602795"><ele>868.61</ele><time>2026-06-26T11:21:22-05:00</time><course>243.8977</course><roll>25.01959</roll><pitch>0.6989651</pitch><mode /></trkpt><trkpt lat="35.0480545" lon="-118.160287"><ele>868.67</ele><time>2026-06-26T11:21:23-05:00</time><course>243.634</course><roll>27.40778</roll><pitch>9.418185</pitch><mode /></trkpt><trkpt lat="35.0480455" lon="-118.1602977"><ele>868.32</ele><time>2026-06-26T11:21:23-05:00</time><course>243.8337</course><roll>19.66275</roll><pitch>12.52974</pitch><mode /></trkpt><trkpt lat="35.0480351" lon="-118.1603095"><ele>867.62</ele><time>2026-06-26T11:21:23-05:00</time><course>239.8483</course><roll>12.90732</roll><pitch>12.35461</pitch><mode /></trkpt><trkpt lat="35.0480234" lon="-118.1603174"><ele>866.89</ele><time>2026-06-26T11:21:23-05:00</time><course>236.685</course><roll>12.31674</roll><pitch>10.49906</pitch><mode /></trkpt><trkpt lat="35.0480103" lon="-118.1603263"><ele>866.21</ele><time>2026-06-26T11:21:23-05:00</time><course>235.1609</course><roll>10.75826</roll><pitch>5.806943</pitch><mode /></trkpt><trkpt lat="35.0479961" lon="-118.1603351"><ele>865.66</ele><time>2026-06-26T11:21:24-05:00</time><course>233.8152</course><roll>2.582296</roll><pitch>0.8328652</pitch><mode /></trkpt><trkpt lat="35.0479811" lon="-118.1603437"><ele>865.16</ele><time>2026-06-26T11:21:24-05:00</time><course>240.089</course><roll>-2.073114</roll><pitch>-0.3182055</pitch><mode /></trkpt><trkpt lat="35.0479664" lon="-118.1603512"><ele>864.88</ele><time>2026-06-26T11:21:24-05:00</time><course>245.1451</course><roll>-14.73201</roll><pitch>-0.07699651</pitch><mode /></trkpt><trkpt lat="35.0479525" lon="-118.1603587"><ele>864.62</ele><time>2026-06-26T11:21:24-05:00</time><course>241.0013</course><roll>-24.96085</roll><pitch>0.6636218</pitch><mode /></trkpt><trkpt lat="35.0479391" lon="-118.1603672"><ele>864.23</ele><time>2026-06-26T11:21:24-05:00</time><course>242.2032</course><roll>-26.71255</roll><pitch>3.185522</pitch><mode /></trkpt><trkpt lat="35.0479263" lon="-118.160377"><ele>863.65</ele><time>2026-06-26T11:21:25-05:00</time><course>242.8009</course><roll>-24.65834</roll><pitch>6.315821</pitch><mode /></trkpt><trkpt lat="35.0479151" lon="-118.1603857"><ele>863.06</ele><time>2026-06-26T11:21:25-05:00</time><course>247.6405</course><roll>-25.30129</roll><pitch>7.519299</pitch><mode /></trkpt><trkpt lat="35.0479048" lon="-118.1603954"><ele>862.43</ele><time>2026-06-26T11:21:25-05:00</time><course>250.4021</course><roll>-25.56683</roll><pitch>6.867214</pitch><mode /></trkpt><trkpt lat="35.0478964" lon="-118.1604064"><ele>861.79</ele><time>2026-06-26T11:21:25-05:00</time><course>250.7052</course><roll>-23.33442</roll><pitch>6.287108</pitch><mode /></trkpt><trkpt lat="35.0478886" lon="-118.1604187"><ele>861.1</ele><time>2026-06-26T11:21:25-05:00</time><course>256.9104</course><roll>-25.96865</roll><pitch>6.630863</pitch><mode /></trkpt><trkpt lat="35.0478824" lon="-118.1604321"><ele>860.49</ele><time>2026-06-26T11:21:26-05:00</time><course>261.5001</course><roll>-27.73463</roll><pitch>7.250324</pitch><mode /></trkpt><trkpt lat="35.0478788" lon="-118.1604466"><ele>860.13</ele><time>2026-06-26T11:21:26-05:00</time><course>258.7576</course><roll>-19.50268</roll><pitch>4.743866</pitch><mode /></trkpt><trkpt lat="35.0478772" lon="-118.1604615"><ele>859.75</ele><time>2026-06-26T11:21:26-05:00</time><course>256.2794</course><roll>-4.936841</roll><pitch>3.104322</pitch><mode /></trkpt><trkpt lat="35.047875" lon="-118.1604774"><ele>859.49</ele><time>2026-06-26T11:21:26-05:00</time><course>263.5715</course><roll>-5.471318</roll><pitch>4.509772</pitch><mode /></trkpt><trkpt lat="35.0478723" lon="-118.1604936"><ele>859.35</ele><time>2026-06-26T11:21:26-05:00</time><course>267.2482</course><roll>-7.323312</roll><pitch>4.812956</pitch><mode /></trkpt><trkpt lat="35.0478695" lon="-118.1605108"><ele>859.13</ele><time>2026-06-26T11:21:27-05:00</time><course>269.8314</course><roll>-12.15274</roll><pitch>2.76123</pitch><mode /></trkpt><trkpt lat="35.0478677" lon="-118.1605279"><ele>858.96</ele><time>2026-06-26T11:21:27-05:00</time><course>270.1373</course><roll>-14.0488</roll><pitch>0.4980945</pitch><mode /></trkpt><trkpt lat="35.0478662" lon="-118.1605459"><ele>858.85</ele><time>2026-06-26T11:21:27-05:00</time><course>271.1247</course><roll>-15.98287</roll><pitch>-0.3966818</pitch><mode /></trkpt><trkpt lat="35.0478656" lon="-118.1605633"><ele>858.79</ele><time>2026-06-26T11:21:27-05:00</time><course>275.9244</course><roll>-14.61107</roll><pitch>0.03203198</pitch><mode /></trkpt><trkpt lat="35.047867" lon="-118.1605796"><ele>858.85</ele><time>2026-06-26T11:21:27-05:00</time><course>276.3558</course><roll>-15.16683</roll><pitch>-0.698891</pitch><mode /></trkpt><trkpt lat="35.0478698" lon="-118.1605951"><ele>858.9</ele><time>2026-06-26T11:21:28-05:00</time><course>273.4882</course><roll>-16.31465</roll><pitch>0.6519823</pitch><mode /></trkpt><trkpt lat="35.0478723" lon="-118.1606109"><ele>858.86</ele><time>2026-06-26T11:21:28-05:00</time><course>272.0942</course><roll>-10.23227</roll><pitch>3.291582</pitch><mode /></trkpt><trkpt lat="35.0478752" lon="-118.160626"><ele>858.66</ele><time>2026-06-26T11:21:28-05:00</time><course>272.4772</course><roll>-0.5287579</roll><pitch>6.315793</pitch><mode /></trkpt><trkpt lat="35.0478776" lon="-118.160641"><ele>858.4</ele><time>2026-06-26T11:21:28-05:00</time><course>276.3455</course><roll>-4.366165</roll><pitch>7.332462</pitch><mode /></trkpt><trkpt lat="35.0478807" lon="-118.1606559"><ele>857.94</ele><time>2026-06-26T11:21:28-05:00</time><course>271.9213</course><roll>0.3074471</roll><pitch>5.073884</pitch><mode /></trkpt><trkpt lat="35.0478838" lon="-118.1606718"><ele>857.42</ele><time>2026-06-26T11:21:29-05:00</time><course>271.7406</course><roll>4.1574</roll><pitch>-0.787395</pitch><mode /></trkpt><trkpt lat="35.0478865" lon="-118.1606877"><ele>857.22</ele><time>2026-06-26T11:21:29-05:00</time><course>273.8128</course><roll>5.796843</roll><pitch>-4.417569</pitch><mode /></trkpt><trkpt lat="35.0478886" lon="-118.1607029"><ele>857.37</ele><time>2026-06-26T11:21:29-05:00</time><course>275.3593</course><roll>11.19197</roll><pitch>-5.528869</pitch><mode /></trkpt><trkpt lat="35.0478904" lon="-118.1607172"><ele>857.55</ele><time>2026-06-26T11:21:29-05:00</time><course>275.1652</course><roll>7.352864</roll><pitch>-7.710522</pitch><mode /></trkpt><trkpt lat="35.0478923" lon="-118.1607307"><ele>857.8</ele><time>2026-06-26T11:21:29-05:00</time><course>269.7316</course><roll>5.713553</roll><pitch>-8.677758</pitch><mode /></trkpt><trkpt lat="35.0478932" lon="-118.1607433"><ele>858.31</ele><time>2026-06-26T11:21:30-05:00</time><course>270.0588</course><roll>1.878663</roll><pitch>-9.645239</pitch><mode /></trkpt><trkpt lat="35.0478941" lon="-118.1607546"><ele>858.85</ele><time>2026-06-26T11:21:30-05:00</time><course>269.2512</course><roll>3.4116</roll><pitch>-6.62075</pitch><mode /></trkpt><trkpt lat="35.0478951" lon="-118.1607661"><ele>859.27</ele><time>2026-06-26T11:21:30-05:00</time><course>265.2594</course><roll>4.044285</roll><pitch>-4.180704</pitch><mode /></trkpt><trkpt lat="35.0478956" lon="-118.1607784"><ele>859.62</ele><time>2026-06-26T11:21:30-05:00</time><course>258.3258</course><roll>2.096368</roll><pitch>-2.343444</pitch><mode /></trkpt><trkpt lat="35.0478963" lon="-118.1607906"><ele>859.76</ele><time>2026-06-26T11:21:30-05:00</time><course>256.0705</course><roll>1.90352</roll><pitch>-0.3123842</pitch><mode /></trkpt><trkpt lat="35.0478962" lon="-118.1608029"><ele>859.88</ele><time>2026-06-26T11:21:31-05:00</time><course>257.2831</course><roll>1.618137</roll><pitch>-0.2913328</pitch><mode /></trkpt><trkpt lat="35.0478951" lon="-118.1608151"><ele>860.08</ele><time>2026-06-26T11:21:31-05:00</time><course>262.2488</course><roll>-0.5224195</roll><pitch>-0.9055896</pitch><mode /></trkpt><trkpt lat="35.0478941" lon="-118.160827"><ele>860.25</ele><time>2026-06-26T11:21:31-05:00</time><course>260.8051</course><roll>-2.579915</roll><pitch>-0.5545753</pitch><mode /></trkpt><trkpt lat="35.0478936" lon="-118.1608395"><ele>860.39</ele><time>2026-06-26T11:21:31-05:00</time><course>259.4175</course><roll>-11.82701</roll><pitch>-0.8085819</pitch><mode /></trkpt><trkpt lat="35.0478932" lon="-118.1608526"><ele>860.49</ele><time>2026-06-26T11:21:31-05:00</time><course>259.666</course><roll>-11.48129</roll><pitch>2.005044</pitch><mode /></trkpt><trkpt lat="35.0478921" lon="-118.1608657"><ele>860.51</ele><time>2026-06-26T11:21:32-05:00</time><course>264.2012</course><roll>-9.096686</roll><pitch>5.39622</pitch><mode /></trkpt><trkpt lat="35.0478929" lon="-118.1608919"><ele>859.79</ele><time>2026-06-26T11:21:32-05:00</time><course>250.7629</course><roll>5.170879</roll><pitch>4.09597</pitch><mode /></trkpt><trkpt lat="35.0478919" lon="-118.1609055"><ele>859.51</ele><time>2026-06-26T11:21:32-05:00</time><course>257.7756</course><roll>8.08754</roll><pitch>2.771611</pitch><mode /></trkpt><trkpt lat="35.0478895" lon="-118.160919"><ele>859.36</ele><time>2026-06-26T11:21:32-05:00</time><course>262.8138</course><roll>5.97821</roll><pitch>-0.05723431</pitch><mode /></trkpt><trkpt lat="35.0478871" lon="-118.1609327"><ele>859.42</ele><time>2026-06-26T11:21:33-05:00</time><course>256.6422</course><roll>1.73775</roll><pitch>-1.534809</pitch><mode /></trkpt><trkpt lat="35.0478845" lon="-118.1609474"><ele>859.82</ele><time>2026-06-26T11:21:33-05:00</time><course>249.6339</course><roll>7.93376</roll><pitch>-1.572524</pitch><mode /></trkpt><trkpt lat="35.047881" lon="-118.1609619"><ele>860.24</ele><time>2026-06-26T11:21:33-05:00</time><course>249.9906</course><roll>11.55362</roll><pitch>-1.084951</pitch><mode /></trkpt><trkpt lat="35.0478758" lon="-118.1609762"><ele>860.8</ele><time>2026-06-26T11:21:33-05:00</time><course>249.2586</course><roll>9.550813</roll><pitch>-2.724975</pitch><mode /></trkpt><trkpt lat="35.0478702" lon="-118.1609906"><ele>861.36</ele><time>2026-06-26T11:21:33-05:00</time><course>247.9974</course><roll>6.367182</roll><pitch>-3.691578</pitch><mode /></trkpt><trkpt lat="35.0478636" lon="-118.1610038"><ele>861.98</ele><time>2026-06-26T11:21:34-05:00</time><course>254.1491</course><roll>3.711936</roll><pitch>-3.545707</pitch><mode /></trkpt><trkpt lat="35.047857" lon="-118.1610163"><ele>862.47</ele><time>2026-06-26T11:21:34-05:00</time><course>257.1796</course><roll>4.141225</roll><pitch>-2.333965</pitch><mode /></trkpt><trkpt lat="35.0478508" lon="-118.1610283"><ele>862.72</ele><time>2026-06-26T11:21:34-05:00</time><course>255.978</course><roll>4.71876</roll><pitch>-2.491156</pitch><mode /></trkpt><trkpt lat="35.0478446" lon="-118.1610401"><ele>862.91</ele><time>2026-06-26T11:21:34-05:00</time><course>249.3515</course><roll>-0.7232977</roll><pitch>-2.709305</pitch><mode /></trkpt><trkpt lat="35.0478378" lon="-118.1610523"><ele>863.34</ele><time>2026-06-26T11:21:34-05:00</time><course>246.528</course><roll>-1.730765</roll><pitch>-0.3371388</pitch><mode /></trkpt><trkpt lat="35.0478307" lon="-118.1610635"><ele>863.79</ele><time>2026-06-26T11:21:35-05:00</time><course>251.6949</course><roll>-0.8439722</roll><pitch>0.9398761</pitch><mode /></trkpt><trkpt lat="35.0478237" lon="-118.1610747"><ele>863.97</ele><time>2026-06-26T11:21:35-05:00</time><course>249.6601</course><roll>2.169112</roll><pitch>1.132736</pitch><mode /></trkpt><trkpt lat="35.0478175" lon="-118.1610855"><ele>864</ele><time>2026-06-26T11:21:35-05:00</time><course>244.6686</course><roll>3.487202</roll><pitch>1.733079</pitch><mode /></trkpt><trkpt lat="35.0478109" lon="-118.1610957"><ele>863.95</ele><time>2026-06-26T11:21:35-05:00</time><course>244.6723</course><roll>6.738271</roll><pitch>3.932487</pitch><mode /></trkpt><trkpt lat="35.047804" lon="-118.1611054"><ele>863.82</ele><time>2026-06-26T11:21:35-05:00</time><course>246.1229</course><roll>14.02154</roll><pitch>2.951786</pitch><mode /></trkpt><trkpt lat="35.0477962" lon="-118.1611146"><ele>863.63</ele><time>2026-06-26T11:21:36-05:00</time><course>244.9011</course><roll>21.02722</roll><pitch>1.389607</pitch><mode /></trkpt><trkpt lat="35.0477868" lon="-118.1611237"><ele>863.53</ele><time>2026-06-26T11:21:36-05:00</time><course>242.8879</course><roll>19.7515</roll><pitch>-0.01882939</pitch><mode /></trkpt><trkpt lat="35.0477757" lon="-118.1611324"><ele>863.45</ele><time>2026-06-26T11:21:36-05:00</time><course>241.8213</course><roll>16.53587</roll><pitch>-2.289949</pitch><mode /></trkpt><trkpt lat="35.0477636" lon="-118.1611399"><ele>863.52</ele><time>2026-06-26T11:21:36-05:00</time><course>239.8337</course><roll>20.20368</roll><pitch>-2.428456</pitch><mode /></trkpt><trkpt lat="35.0477515" lon="-118.1611459"><ele>863.54</ele><time>2026-06-26T11:21:36-05:00</time><course>238.5191</course><roll>15.37523</roll><pitch>-6.049428</pitch><mode /></trkpt><trkpt lat="35.0477386" lon="-118.1611507"><ele>863.58</ele><time>2026-06-26T11:21:37-05:00</time><course>239.9128</course><roll>7.571938</roll><pitch>-8.507398</pitch><mode /></trkpt><trkpt lat="35.0477253" lon="-118.1611541"><ele>863.75</ele><time>2026-06-26T11:21:37-05:00</time><course>238.1247</course><roll>8.604094</roll><pitch>-7.84307</pitch><mode /></trkpt><trkpt lat="35.0477126" lon="-118.1611567"><ele>864.05</ele><time>2026-06-26T11:21:37-05:00</time><course>232.1654</course><roll>9.224194</roll><pitch>-4.71024</pitch><mode /></trkpt><trkpt lat="35.0476997" lon="-118.1611589"><ele>864.15</ele><time>2026-06-26T11:21:37-05:00</time><course>228.4943</course><roll>7.954763</roll><pitch>-3.490074</pitch><mode /></trkpt><trkpt lat="35.0476862" lon="-118.1611608"><ele>864.16</ele><time>2026-06-26T11:21:37-05:00</time><course>230.871</course><roll>-0.483329</roll><pitch>-5.451126</pitch><mode /></trkpt><trkpt lat="35.0476727" lon="-118.1611622"><ele>864.21</ele><time>2026-06-26T11:21:38-05:00</time><course>230.9936</course><roll>-13.54767</roll><pitch>-3.848024</pitch><mode /></trkpt><trkpt lat="35.0476597" lon="-118.1611638"><ele>864.34</ele><time>2026-06-26T11:21:38-05:00</time><course>229.4119</course><roll>-19.62088</roll><pitch>-0.9549885</pitch><mode /></trkpt><trkpt lat="35.0476477" lon="-118.1611661"><ele>864.43</ele><time>2026-06-26T11:21:38-05:00</time><course>225.8172</course><roll>-17.79685</roll><pitch>2.363838</pitch><mode /></trkpt><trkpt lat="35.0476358" lon="-118.1611689"><ele>864.34</ele><time>2026-06-26T11:21:38-05:00</time><course>224.9806</course><roll>-13.74022</roll><pitch>6.568026</pitch><mode /></trkpt><trkpt lat="35.0476235" lon="-118.1611719"><ele>864.02</ele><time>2026-06-26T11:21:38-05:00</time><course>226.3057</course><roll>-9.117236</roll><pitch>8.550178</pitch><mode /></trkpt><trkpt lat="35.0476112" lon="-118.1611753"><ele>863.51</ele><time>2026-06-26T11:21:39-05:00</time><course>226.1989</course><roll>-1.015427</roll><pitch>8.685565</pitch><mode /></trkpt><trkpt lat="35.0475989" lon="-118.1611783"><ele>863.05</ele><time>2026-06-26T11:21:39-05:00</time><course>230.2112</course><roll>-1.458873</roll><pitch>7.46869</pitch><mode /></trkpt><trkpt lat="35.0475858" lon="-118.1611822"><ele>862.8</ele><time>2026-06-26T11:21:39-05:00</time><course>233.4326</course><roll>-3.086141</roll><pitch>5.789648</pitch><mode /></trkpt><trkpt lat="35.0475726" lon="-118.1611869"><ele>862.67</ele><time>2026-06-26T11:21:39-05:00</time><course>229.7914</course><roll>-4.071579</roll><pitch>3.947921</pitch><mode /></trkpt><trkpt lat="35.0475599" lon="-118.1611915"><ele>862.47</ele><time>2026-06-26T11:21:39-05:00</time><course>226.4931</course><roll>-1.397672</roll><pitch>2.419517</pitch><mode /></trkpt><trkpt lat="35.0475468" lon="-118.1611953"><ele>862.14</ele><time>2026-06-26T11:21:40-05:00</time><course>232.8052</course><roll>-1.250096</roll><pitch>1.24309</pitch><mode /></trkpt><trkpt lat="35.0475336" lon="-118.1611986"><ele>861.9</ele><time>2026-06-26T11:21:40-05:00</time><course>231.9926</course><roll>-1.71732</roll><pitch>-0.05347339</pitch><mode /></trkpt><trkpt lat="35.0475207" lon="-118.1612023"><ele>861.61</ele><time>2026-06-26T11:21:40-05:00</time><course>231.3334</course><roll>-2.572928</roll><pitch>-1.796246</pitch><mode /></trkpt><trkpt lat="35.0475081" lon="-118.1612058"><ele>861.29</ele><time>2026-06-26T11:21:40-05:00</time><course>232.0883</course><roll>-2.942841</roll><pitch>-1.446577</pitch><mode /></trkpt><trkpt lat="35.0474959" lon="-118.1612091"><ele>861</ele><time>2026-06-26T11:21:40-05:00</time><course>231.4974</course><roll>-4.408113</roll><pitch>-0.9129452</pitch><mode /></trkpt><trkpt lat="35.047484" lon="-118.1612117"><ele>860.75</ele><time>2026-06-26T11:21:41-05:00</time><course>231.8448</course><roll>-2.734515</roll><pitch>-1.142722</pitch><mode /></trkpt><trkpt lat="35.0474724" lon="-118.1612142"><ele>860.61</ele><time>2026-06-26T11:21:41-05:00</time><course>232.8796</course><roll>-3.747474</roll><pitch>-2.158548</pitch><mode /></trkpt><trkpt lat="35.0474609" lon="-118.1612166"><ele>860.52</ele><time>2026-06-26T11:21:41-05:00</time><course>234.8746</course><roll>-6.46601</roll><pitch>-2.574819</pitch><mode /></trkpt><trkpt lat="35.0474501" lon="-118.1612192"><ele>860.5</ele><time>2026-06-26T11:21:41-05:00</time><course>235.6262</course><roll>-11.88937</roll><pitch>-2.529229</pitch><mode /></trkpt><trkpt lat="35.04744" lon="-118.1612216"><ele>860.41</ele><time>2026-06-26T11:21:41-05:00</time><course>235.7101</course><roll>-9.689038</roll><pitch>-1.829532</pitch><mode /></trkpt><trkpt lat="35.0474302" lon="-118.1612238"><ele>860.22</ele><time>2026-06-26T11:21:42-05:00</time><course>237.6757</course><roll>-6.934212</roll><pitch>-1.150119</pitch><mode /></trkpt><trkpt lat="35.0474206" lon="-118.1612259"><ele>859.94</ele><time>2026-06-26T11:21:42-05:00</time><course>242.4319</course><roll>2.747621</roll><pitch>-3.270849</pitch><mode /></trkpt><trkpt lat="35.0474113" lon="-118.1612286"><ele>859.68</ele><time>2026-06-26T11:21:42-05:00</time><course>241.1119</course><roll>-0.1847824</roll><pitch>-6.545673</pitch><mode /></trkpt><trkpt lat="35.0474022" lon="-118.1612311"><ele>859.57</ele><time>2026-06-26T11:21:42-05:00</time><course>241.0103</course><roll>-5.357159</roll><pitch>-7.787026</pitch><mode /></trkpt><trkpt lat="35.0473934" lon="-118.1612329"><ele>859.49</ele><time>2026-06-26T11:21:42-05:00</time><course>243.1191</course><roll>-10.27907</roll><pitch>-7.634481</pitch><mode /></trkpt><trkpt lat="35.0473855" lon="-118.1612339"><ele>859.55</ele><time>2026-06-26T11:21:43-05:00</time><course>243.4818</course><roll>-14.06559</roll><pitch>-5.147517</pitch><mode /></trkpt><trkpt lat="35.0473784" lon="-118.1612353"><ele>859.5</ele><time>2026-06-26T11:21:43-05:00</time><course>243.6129</course><roll>-16.06981</roll><pitch>-3.130891</pitch><mode /></trkpt><trkpt lat="35.0473718" lon="-118.1612371"><ele>859.38</ele><time>2026-06-26T11:21:43-05:00</time><course>243.3206</course><roll>-24.75102</roll><pitch>0.7312136</pitch><mode /></trkpt><trkpt lat="35.0473657" lon="-118.1612395"><ele>859.15</ele><time>2026-06-26T11:21:43-05:00</time><course>241.0338</course><roll>-26.14862</roll><pitch>1.884066</pitch><mode /></trkpt><trkpt lat="35.0473604" lon="-118.1612432"><ele>858.75</ele><time>2026-06-26T11:21:43-05:00</time><course>239.5034</course><roll>-25.70765</roll><pitch>1.104415</pitch><mode /></trkpt><trkpt lat="35.0473556" lon="-118.1612481"><ele>858.19</ele><time>2026-06-26T11:21:44-05:00</time><course>238.3835</course><roll>-11.4889</roll><pitch>-0.1454405</pitch><mode /></trkpt><trkpt lat="35.0473502" lon="-118.1612535"><ele>857.69</ele><time>2026-06-26T11:21:44-05:00</time><course>244.0754</course><roll>-9.337139</roll><pitch>2.225548</pitch><mode /></trkpt><trkpt lat="35.0473443" lon="-118.1612597"><ele>857.25</ele><time>2026-06-26T11:21:44-05:00</time><course>252.6516</course><roll>-7.361208</roll><pitch>0.8535245</pitch><mode /></trkpt><trkpt lat="35.0473388" lon="-118.1612668"><ele>856.89</ele><time>2026-06-26T11:21:44-05:00</time><course>255.0362</course><roll>-8.385597</roll><pitch>-3.109181</pitch><mode /></trkpt><trkpt lat="35.0473345" lon="-118.1612741"><ele>856.77</ele><time>2026-06-26T11:21:44-05:00</time><course>250.0396</course><roll>-2.875143</roll><pitch>-5.772798</pitch><mode /></trkpt><trkpt lat="35.0473305" lon="-118.1612814"><ele>856.88</ele><time>2026-06-26T11:21:45-05:00</time><course>251.4852</course><roll>-0.07407169</roll><pitch>-3.891897</pitch><mode /></trkpt><trkpt lat="35.047326" lon="-118.1612887"><ele>857.02</ele><time>2026-06-26T11:21:45-05:00</time><course>251.455</course><roll>-0.1310259</roll><pitch>-4.372447</pitch><mode /></trkpt><trkpt lat="35.0473214" lon="-118.1612963"><ele>857.16</ele><time>2026-06-26T11:21:45-05:00</time><course>249.5387</course><roll>-5.418911</roll><pitch>-6.031874</pitch><mode /></trkpt><trkpt lat="35.0473173" lon="-118.1613034"><ele>857.44</ele><time>2026-06-26T11:21:45-05:00</time><course>249.4911</course><roll>-8.417134</roll><pitch>-3.632367</pitch><mode /></trkpt><trkpt lat="35.0473128" lon="-118.1613106"><ele>857.61</ele><time>2026-06-26T11:21:45-05:00</time><course>257.378</course><roll>-12.15849</roll><pitch>-0.9674625</pitch><mode /></trkpt><trkpt lat="35.0473087" lon="-118.1613179"><ele>857.8</ele><time>2026-06-26T11:21:46-05:00</time><course>262.3633</course><roll>-10.76008</roll><pitch>-1.260137</pitch><mode /></trkpt><trkpt lat="35.0473061" lon="-118.1613257"><ele>858.08</ele><time>2026-06-26T11:21:46-05:00</time><course>263.6183</course><roll>-10.4379</roll><pitch>-1.390509</pitch><mode /></trkpt><trkpt lat="35.0473041" lon="-118.1613335"><ele>858.22</ele><time>2026-06-26T11:21:46-05:00</time><course>264.8629</course><roll>-11.1169</roll><pitch>-2.180394</pitch><mode /></trkpt><trkpt lat="35.0473028" lon="-118.1613413"><ele>858.3</ele><time>2026-06-26T11:21:46-05:00</time><course>266.5185</course><roll>-11.80476</roll><pitch>-1.582478</pitch><mode /></trkpt><trkpt lat="35.0473018" lon="-118.1613492"><ele>858.46</ele><time>2026-06-26T11:21:46-05:00</time><course>267.5397</course><roll>-17.87909</roll><pitch>-0.1694462</pitch><mode /></trkpt><trkpt lat="35.0473014" lon="-118.1613573"><ele>858.48</ele><time>2026-06-26T11:21:47-05:00</time><course>261.8478</course><roll>-4.617475</roll><pitch>1.515824</pitch><mode /></trkpt><trkpt lat="35.0473012" lon="-118.1613659"><ele>858.39</ele><time>2026-06-26T11:21:47-05:00</time><course>263.8834</course><roll>-0.82674</roll><pitch>3.561811</pitch><mode /></trkpt><trkpt lat="35.0473003" lon="-118.1613752"><ele>858.26</ele><time>2026-06-26T11:21:47-05:00</time><course>266.6433</course><roll>4.057528</roll><pitch>4.953999</pitch><mode /></trkpt><trkpt lat="35.0472993" lon="-118.1613854"><ele>858.1</ele><time>2026-06-26T11:21:47-05:00</time><course>269.0166</course><roll>-0.08757175</roll><pitch>2.209655</pitch><mode /></trkpt><trkpt lat="35.0472987" lon="-118.1613967"><ele>858.13</ele><time>2026-06-26T11:21:47-05:00</time><course>258.8133</course><roll>1.385626</roll><pitch>-1.292772</pitch><mode /></trkpt><trkpt lat="35.0472983" lon="-118.1614082"><ele>858.24</ele><time>2026-06-26T11:21:48-05:00</time><course>259.8117</course><roll>3.195216</roll><pitch>-2.940711</pitch><mode /></trkpt><trkpt lat="35.0472966" lon="-118.1614199"><ele>858.35</ele><time>2026-06-26T11:21:48-05:00</time><course>262.2629</course><roll>2.313962</roll><pitch>-2.8689</pitch><mode /></trkpt><trkpt lat="35.0472949" lon="-118.1614315"><ele>858.5</ele><time>2026-06-26T11:21:48-05:00</time><course>261.8229</course><roll>1.434838</roll><pitch>-2.639326</pitch><mode /></trkpt><trkpt lat="35.0472934" lon="-118.1614431"><ele>858.52</ele><time>2026-06-26T11:21:48-05:00</time><course>262.321</course><roll>-2.153434</roll><pitch>-2.860009</pitch><mode /></trkpt><trkpt lat="35.0472916" lon="-118.1614546"><ele>858.56</ele><time>2026-06-26T11:21:48-05:00</time><course>262.9079</course><roll>-4.661542</roll><pitch>-4.129965</pitch><mode /></trkpt><trkpt lat="35.0472902" lon="-118.161466"><ele>858.76</ele><time>2026-06-26T11:21:49-05:00</time><course>262.4274</course><roll>-0.7362607</roll><pitch>-4.116773</pitch><mode /></trkpt><trkpt lat="35.0472891" lon="-118.1614766"><ele>858.88</ele><time>2026-06-26T11:21:49-05:00</time><course>265.064</course><roll>0.8097939</roll><pitch>-3.74133</pitch><mode /></trkpt><trkpt lat="35.0472873" lon="-118.1614871"><ele>859.07</ele><time>2026-06-26T11:21:49-05:00</time><course>265.9637</course><roll>1.817688</roll><pitch>-3.561782</pitch><mode /></trkpt><trkpt lat="35.047286" lon="-118.1614975"><ele>859.26</ele><time>2026-06-26T11:21:49-05:00</time><course>264.0752</course><roll>3.676678</roll><pitch>-2.740469</pitch><mode /></trkpt><trkpt lat="35.0472842" lon="-118.1615075"><ele>859.42</ele><time>2026-06-26T11:21:49-05:00</time><course>264.3639</course><roll>2.748905</roll><pitch>-2.602368</pitch><mode /></trkpt><trkpt lat="35.0472824" lon="-118.1615176"><ele>859.41</ele><time>2026-06-26T11:21:50-05:00</time><course>264.3856</course><roll>1.535366</roll><pitch>-2.576262</pitch><mode /></trkpt><trkpt lat="35.0472805" lon="-118.1615275"><ele>859.44</ele><time>2026-06-26T11:21:50-05:00</time><course>263.6532</course><roll>0.9493176</roll><pitch>-2.508459</pitch><mode /></trkpt><trkpt lat="35.0472788" lon="-118.1615371"><ele>859.38</ele><time>2026-06-26T11:21:50-05:00</time><course>262.4915</course><roll>0.1749228</roll><pitch>-2.027496</pitch><mode /></trkpt><trkpt lat="35.0472775" lon="-118.1615464"><ele>859.29</ele><time>2026-06-26T11:21:50-05:00</time><course>260.7256</course><roll>-0.104963</roll><pitch>-1.521518</pitch><mode /></trkpt><trkpt lat="35.0472768" lon="-118.1615548"><ele>859.18</ele><time>2026-06-26T11:21:50-05:00</time><course>261.2086</course><roll>-0.7713422</roll><pitch>-1.131181</pitch><mode /></trkpt><trkpt lat="35.0472758" lon="-118.1615628"><ele>858.92</ele><time>2026-06-26T11:21:51-05:00</time><course>261.2885</course><roll>-0.2923342</roll><pitch>-1.113431</pitch><mode /></trkpt><trkpt lat="35.0472747" lon="-118.161571"><ele>858.74</ele><time>2026-06-26T11:21:51-05:00</time><course>259.8291</course><roll>-2.173241</roll><pitch>-1.009636</pitch><mode /></trkpt><trkpt lat="35.0472737" lon="-118.1615791"><ele>858.71</ele><time>2026-06-26T11:21:51-05:00</time><course>258.3788</course><roll>-4.944525</roll><pitch>-0.1291723</pitch><mode /></trkpt><trkpt lat="35.0472722" lon="-118.1615875"><ele>858.64</ele><time>2026-06-26T11:21:51-05:00</time><course>259.7581</course><roll>-5.015716</roll><pitch>0.3708581</pitch><mode /></trkpt><trkpt lat="35.0472709" lon="-118.1615958"><ele>858.45</ele><time>2026-06-26T11:21:51-05:00</time><course>262.0189</course><roll>-4.423972</roll><pitch>-0.2495151</pitch><mode /></trkpt><trkpt lat="35.0472698" lon="-118.1616044"><ele>858.27</ele><time>2026-06-26T11:21:52-05:00</time><course>259.9268</course><roll>-5.853155</roll><pitch>-2.753069</pitch><mode /></trkpt><trkpt lat="35.0472692" lon="-118.1616133"><ele>858.12</ele><time>2026-06-26T11:21:52-05:00</time><course>258.8703</course><roll>-3.88242</roll><pitch>-3.988777</pitch><mode /></trkpt><trkpt lat="35.0472686" lon="-118.1616223"><ele>858.1</ele><time>2026-06-26T11:21:52-05:00</time><course>259.8092</course><roll>-3.858349</roll><pitch>-4.443401</pitch><mode /></trkpt><trkpt lat="35.0472679" lon="-118.1616315"><ele>858.24</ele><time>2026-06-26T11:21:52-05:00</time><course>259.6342</course><roll>-4.692749</roll><pitch>-3.856699</pitch><mode /></trkpt><trkpt lat="35.0472677" lon="-118.1616405"><ele>858.36</ele><time>2026-06-26T11:21:52-05:00</time><course>261.0281</course><roll>-6.940664</roll><pitch>-4.492545</pitch><mode /></trkpt><trkpt lat="35.0472667" lon="-118.1616497"><ele>858.57</ele><time>2026-06-26T11:21:53-05:00</time><course>268.3565</course><roll>-11.28042</roll><pitch>-5.475579</pitch><mode /></trkpt><trkpt lat="35.0472663" lon="-118.1616588"><ele>858.76</ele><time>2026-06-26T11:21:53-05:00</time><course>271.683</course><roll>-15.83933</roll><pitch>-6.156832</pitch><mode /></trkpt><trkpt lat="35.0472671" lon="-118.1616677"><ele>858.99</ele><time>2026-06-26T11:21:53-05:00</time><course>273.4496</course><roll>-20.73872</roll><pitch>-7.054411</pitch><mode /></trkpt><trkpt lat="35.0472693" lon="-118.1616762"><ele>859.27</ele><time>2026-06-26T11:21:53-05:00</time><course>275.6402</course><roll>-25.57142</roll><pitch>-7.29338</pitch><mode /></trkpt><trkpt lat="35.0472726" lon="-118.1616845"><ele>859.51</ele><time>2026-06-26T11:21:53-05:00</time><course>277.1844</course><roll>-29.57472</roll><pitch>-7.897085</pitch><mode /></trkpt><trkpt lat="35.0472778" lon="-118.161692"><ele>859.62</ele><time>2026-06-26T11:21:54-05:00</time><course>281.9639</course><roll>-35.08595</roll><pitch>-6.657806</pitch><mode /></trkpt><trkpt lat="35.047285" lon="-118.1616991"><ele>859.59</ele><time>2026-06-26T11:21:54-05:00</time><course>285.4398</course><roll>-36.523</roll><pitch>-6.459795</pitch><mode /></trkpt><trkpt lat="35.047294" lon="-118.1617058"><ele>859.51</ele><time>2026-06-26T11:21:54-05:00</time><course>291.5509</course><roll>-40.4807</roll><pitch>-6.849141</pitch><mode /></trkpt><trkpt lat="35.0473052" lon="-118.1617114"><ele>859.3</ele><time>2026-06-26T11:21:54-05:00</time><course>298.0959</course><roll>-43.82901</roll><pitch>-7.015863</pitch><mode /></trkpt><trkpt lat="35.0473192" lon="-118.1617154"><ele>859.08</ele><time>2026-06-26T11:21:54-05:00</time><course>306.742</course><roll>-45.5816</roll><pitch>-5.570016</pitch><mode /></trkpt><trkpt lat="35.0473355" lon="-118.1617173"><ele>858.95</ele><time>2026-06-26T11:21:55-05:00</time><course>315.6054</course><roll>-45.42395</roll><pitch>-6.357554</pitch><mode /></trkpt><trkpt lat="35.0473546" lon="-118.1617163"><ele>858.82</ele><time>2026-06-26T11:21:55-05:00</time><course>321.4378</course><roll>-43.96125</roll><pitch>-6.597438</pitch><mode /></trkpt><trkpt lat="35.0473765" lon="-118.161712"><ele>858.63</ele><time>2026-06-26T11:21:55-05:00</time><course>327.605</course><roll>-45.67502</roll><pitch>-8.092674</pitch><mode /></trkpt><trkpt lat="35.0473994" lon="-118.1617049"><ele>858.56</ele><time>2026-06-26T11:21:55-05:00</time><course>333.056</course><roll>-48.28906</roll><pitch>-9.184678</pitch><mode /></trkpt><trkpt lat="35.0474238" lon="-118.1616945"><ele>858.47</ele><time>2026-06-26T11:21:55-05:00</time><course>339.0625</course><roll>-52.43293</roll><pitch>-9.121746</pitch><mode /></trkpt><trkpt lat="35.04745" lon="-118.1616804"><ele>858.32</ele><time>2026-06-26T11:21:56-05:00</time><course>349.5641</course><roll>-54.18699</roll><pitch>-4.991142</pitch><mode /></trkpt><trkpt lat="35.0474766" lon="-118.1616625"><ele>858.16</ele><time>2026-06-26T11:21:56-05:00</time><course>357.123</course><roll>-55.28614</roll><pitch>-5.107093</pitch><mode /></trkpt><trkpt lat="35.0475037" lon="-118.1616405"><ele>857.84</ele><time>2026-06-26T11:21:56-05:00</time><course>4.404896</course><roll>-55.02018</roll><pitch>-9.283955</pitch><mode /></trkpt><trkpt lat="35.0475308" lon="-118.1616134"><ele>857.6</ele><time>2026-06-26T11:21:56-05:00</time><course>11.88745</course><roll>-53.22937</roll><pitch>-9.796072</pitch><mode /></trkpt><trkpt lat="35.0475572" lon="-118.1615823"><ele>857.47</ele><time>2026-06-26T11:21:56-05:00</time><course>22.01208</course><roll>-52.93494</roll><pitch>-6.008566</pitch><mode /></trkpt><trkpt lat="35.0475822" lon="-118.1615466"><ele>857.34</ele><time>2026-06-26T11:21:57-05:00</time><course>32.58016</course><roll>-52.77126</roll><pitch>-5.193537</pitch><mode /></trkpt><trkpt lat="35.0476055" lon="-118.1615061"><ele>857.21</ele><time>2026-06-26T11:21:57-05:00</time><course>43.49788</course><roll>-51.51152</roll><pitch>0.1479591</pitch><mode /></trkpt><trkpt lat="35.047626" lon="-118.1614606"><ele>857.21</ele><time>2026-06-26T11:21:57-05:00</time><course>54.56658</course><roll>-48.55495</roll><pitch>-1.125783</pitch><mode /></trkpt><trkpt lat="35.047644" lon="-118.1614118"><ele>857.19</ele><time>2026-06-26T11:21:57-05:00</time><course>67.36864</course><roll>-49.47689</roll><pitch>0.1930937</pitch><mode /></trkpt><trkpt lat="35.0476586" lon="-118.1613614"><ele>857.17</ele><time>2026-06-26T11:21:57-05:00</time><course>74.8908</course><roll>-52.39095</roll><pitch>-5.53487</pitch><mode /></trkpt><trkpt lat="35.0476687" lon="-118.1613094"><ele>857.01</ele><time>2026-06-26T11:21:58-05:00</time><course>82.71029</course><roll>-50.99904</roll><pitch>-8.91731</pitch><mode /></trkpt><trkpt lat="35.0476736" lon="-118.1612568"><ele>856.99</ele><time>2026-06-26T11:21:58-05:00</time><course>86.7901</course><roll>-53.75955</roll><pitch>-9.186309</pitch><mode /></trkpt><trkpt lat="35.0476755" lon="-118.1612041"><ele>856.85</ele><time>2026-06-26T11:21:58-05:00</time><course>85.93507</course><roll>-45.55352</roll><pitch>-9.633239</pitch><mode /></trkpt><trkpt lat="35.0476752" lon="-118.1611519"><ele>856.69</ele><time>2026-06-26T11:21:58-05:00</time><course>86.19985</course><roll>-35.2262</roll><pitch>-6.378588</pitch><mode /></trkpt><trkpt lat="35.0476737" lon="-118.1611003"><ele>856.54</ele><time>2026-06-26T11:21:58-05:00</time><course>86.19291</course><roll>-15.73241</roll><pitch>-0.2826144</pitch><mode /></trkpt><trkpt lat="35.0476726" lon="-118.1610495"><ele>856.13</ele><time>2026-06-26T11:21:59-05:00</time><course>90.5043</course><roll>-0.7241476</roll><pitch>4.618478</pitch><mode /></trkpt><trkpt lat="35.0476722" lon="-118.1609984"><ele>855.48</ele><time>2026-06-26T11:21:59-05:00</time><course>98.1599</course><roll>3.09509</roll><pitch>4.479668</pitch><mode /></trkpt><trkpt lat="35.0476719" lon="-118.1609461"><ele>854.83</ele><time>2026-06-26T11:21:59-05:00</time><course>101.3271</course><roll>3.940399</roll><pitch>0.9152704</pitch><mode /></trkpt><trkpt lat="35.0476716" lon="-118.1608932"><ele>854.27</ele><time>2026-06-26T11:21:59-05:00</time><course>99.49406</course><roll>6.385405</roll><pitch>-2.150264</pitch><mode /></trkpt><trkpt lat="35.0476725" lon="-118.1607866"><ele>853.52</ele><time>2026-06-26T11:22:00-05:00</time><course>95.7603</course><roll>17.12395</roll><pitch>-6.93088</pitch><mode /></trkpt><trkpt lat="35.0476745" lon="-118.1607322"><ele>853.38</ele><time>2026-06-26T11:22:00-05:00</time><course>96.8981</course><roll>11.12652</roll><pitch>-10.36505</pitch><mode /></trkpt><trkpt lat="35.0476769" lon="-118.1606772"><ele>853.58</ele><time>2026-06-26T11:22:00-05:00</time><course>93.98082</course><roll>11.20266</roll><pitch>-12.16885</pitch><mode /></trkpt><trkpt lat="35.0476807" lon="-118.1606231"><ele>853.85</ele><time>2026-06-26T11:22:00-05:00</time><course>90.51054</course><roll>9.794231</roll><pitch>-16.35109</pitch><mode /></trkpt><trkpt lat="35.0476847" lon="-118.1605696"><ele>854.25</ele><time>2026-06-26T11:22:00-05:00</time><course>83.82924</course><roll>4.07627</roll><pitch>-27.46417</pitch><mode /></trkpt><trkpt lat="35.0476887" lon="-118.1605183"><ele>855.08</ele><time>2026-06-26T11:22:01-05:00</time><course>80.1776</course><roll>2.628262</roll><pitch>-42.34711</pitch><mode /></trkpt><trkpt lat="35.0476935" lon="-118.1604724"><ele>856.28</ele><time>2026-06-26T11:22:01-05:00</time><course>80.06774</course><roll>1.99467</roll><pitch>-51.7583</pitch><mode /></trkpt><trkpt lat="35.0476982" lon="-118.1604327"><ele>857.71</ele><time>2026-06-26T11:22:01-05:00</time><course>81.89062</course><roll>-5.530099</roll><pitch>-58.57559</pitch><mode /></trkpt><trkpt lat="35.0477027" lon="-118.1603978"><ele>859.11</ele><time>2026-06-26T11:22:01-05:00</time><course>93.59586</course><roll>-22.81157</roll><pitch>-69.0791</pitch><mode /></trkpt><trkpt lat="35.0477062" lon="-118.1603657"><ele>860.57</ele><time>2026-06-26T11:22:01-05:00</time><course>122.7685</course><roll>-53.47306</roll><pitch>-77.30663</pitch><mode /></trkpt><trkpt lat="35.0477082" lon="-118.1603383"><ele>861.93</ele><time>2026-06-26T11:22:02-05:00</time><course>169.1923</course><roll>-103.1661</roll><pitch>-79.80646</pitch><mode /></trkpt><trkpt lat="35.0477092" lon="-118.1603148"><ele>863.09</ele><time>2026-06-26T11:22:02-05:00</time><course>199.1988</course><roll>-136.8695</roll><pitch>-76.72484</pitch><mode /></trkpt><trkpt lat="35.0477096" lon="-118.160293"><ele>864.12</ele><time>2026-06-26T11:22:02-05:00</time><course>216.6151</course><roll>-155.3136</roll><pitch>-67.38078</pitch><mode /></trkpt><trkpt lat="35.047709" lon="-118.1602737"><ele>865.41</ele><time>2026-06-26T11:22:02-05:00</time><course>220.3607</course><roll>-159.5078</roll><pitch>-57.28461</pitch><mode /></trkpt><trkpt lat="35.0477088" lon="-118.1602544"><ele>866.08</ele><time>2026-06-26T11:22:02-05:00</time><course>215.0229</course><roll>-154.762</roll><pitch>-54.41558</pitch><mode /></trkpt><trkpt lat="35.0477076" lon="-118.1602366"><ele>866.72</ele><time>2026-06-26T11:22:03-05:00</time><course>196.2426</course><roll>-136.3008</roll><pitch>-56.26475</pitch><mode /></trkpt><trkpt lat="35.0477052" lon="-118.1602176"><ele>867.27</ele><time>2026-06-26T11:22:03-05:00</time><course>180.5556</course><roll>-122.632</roll><pitch>-55.42757</pitch><mode /></trkpt><trkpt lat="35.0477027" lon="-118.1601968"><ele>867.43</ele><time>2026-06-26T11:22:03-05:00</time><course>164.2501</course><roll>-112.3425</roll><pitch>-50.56008</pitch><mode /></trkpt><trkpt lat="35.0476998" lon="-118.1601742"><ele>867.51</ele><time>2026-06-26T11:22:03-05:00</time><course>151.6746</course><roll>-106.7876</roll><pitch>-42.65266</pitch><mode /></trkpt><trkpt lat="35.0476968" lon="-118.1601492"><ele>867.32</ele><time>2026-06-26T11:22:03-05:00</time><course>140.2518</course><roll>-105.2308</roll><pitch>-32.18575</pitch><mode /></trkpt><trkpt lat="35.047694" lon="-118.1601223"><ele>866.86</ele><time>2026-06-26T11:22:04-05:00</time><course>131.4594</course><roll>-110.9766</roll><pitch>-15.98578</pitch><mode /></trkpt><trkpt lat="35.0476909" lon="-118.160093"><ele>866.28</ele><time>2026-06-26T11:22:04-05:00</time><course>125.7167</course><roll>-116.9618</roll><pitch>-3.218043</pitch><mode /></trkpt><trkpt lat="35.0476885" lon="-118.1600604"><ele>865.5</ele><time>2026-06-26T11:22:04-05:00</time><course>113.6701</course><roll>-128.2719</roll><pitch>16.75009</pitch><mode /></trkpt><trkpt lat="35.0476871" lon="-118.1600245"><ele>864.53</ele><time>2026-06-26T11:22:04-05:00</time><course>102.4623</course><roll>-135.5533</roll><pitch>28.06926</pitch><mode /></trkpt><trkpt lat="35.0476889" lon="-118.1599448"><ele>861.84</ele><time>2026-06-26T11:22:05-05:00</time><course>84.65713</course><roll>-130.8589</roll><pitch>37.39684</pitch><mode /></trkpt><trkpt lat="35.0476929" lon="-118.1599021"><ele>860.07</ele><time>2026-06-26T11:22:05-05:00</time><course>86.46453</course><roll>-127.7761</roll><pitch>41.14461</pitch><mode /></trkpt><trkpt lat="35.0476981" lon="-118.1598585"><ele>858.04</ele><time>2026-06-26T11:22:05-05:00</time><course>61.24899</course><roll>-146.6557</roll><pitch>41.16759</pitch><mode /></trkpt><trkpt lat="35.0477067" lon="-118.1598137"><ele>856.03</ele><time>2026-06-26T11:22:05-05:00</time><course>46.80532</course><roll>-164.625</roll><pitch>35.4194</pitch><mode /></trkpt><trkpt lat="35.0477212" lon="-118.1597679"><ele>854.31</ele><time>2026-06-26T11:22:05-05:00</time><course>45.92564</course><roll>-173.6345</roll><pitch>25.06663</pitch><mode /></trkpt><trkpt lat="35.0477396" lon="-118.1597216"><ele>852.76</ele><time>2026-06-26T11:22:06-05:00</time><course>39.64331</course><roll>172.9689</roll><pitch>15.2435</pitch><mode /></trkpt><trkpt lat="35.0477598" lon="-118.1596755"><ele>851.49</ele><time>2026-06-26T11:22:06-05:00</time><course>46.87239</course><roll>168.7863</roll><pitch>9.537189</pitch><mode /></trkpt><trkpt lat="35.0477808" lon="-118.1596294"><ele>850.52</ele><time>2026-06-26T11:22:06-05:00</time><course>47.95011</course><roll>158.3657</roll><pitch>11.18601</pitch><mode /></trkpt><trkpt lat="35.0478019" lon="-118.1595833"><ele>849.51</ele><time>2026-06-26T11:22:06-05:00</time><course>49.03881</course><roll>150.3085</roll><pitch>14.1889</pitch><mode /></trkpt><trkpt lat="35.0478223" lon="-118.159537"><ele>848.34</ele><time>2026-06-26T11:22:06-05:00</time><course>45.58051</course><roll>139.7031</roll><pitch>14.87562</pitch><mode /></trkpt><trkpt lat="35.0478424" lon="-118.1594916"><ele>846.86</ele><time>2026-06-26T11:22:07-05:00</time><course>46.12215</course><roll>130.2211</roll><pitch>14.21716</pitch><mode /></trkpt><trkpt lat="35.0478623" lon="-118.1594459"><ele>845.28</ele><time>2026-06-26T11:22:07-05:00</time><course>54.93769</course><roll>130.7584</roll><pitch>17.64062</pitch><mode /></trkpt><trkpt lat="35.0478814" lon="-118.1593999"><ele>843.58</ele><time>2026-06-26T11:22:07-05:00</time><course>62.87067</course><roll>128.9715</roll><pitch>19.79292</pitch><mode /></trkpt><trkpt lat="35.0478984" lon="-118.1593519"><ele>841.83</ele><time>2026-06-26T11:22:07-05:00</time><course>72.07458</course><roll>121.2429</roll><pitch>18.25948</pitch><mode /></trkpt><trkpt lat="35.0479121" lon="-118.1593015"><ele>840.1</ele><time>2026-06-26T11:22:07-05:00</time><course>83.06719</course><roll>118.9978</roll><pitch>17.08443</pitch><mode /></trkpt><trkpt lat="35.0479211" lon="-118.1592484"><ele>838.56</ele><time>2026-06-26T11:22:08-05:00</time><course>97.13364</course><roll>122.5906</roll><pitch>16.07372</pitch><mode /></trkpt><trkpt lat="35.0479245" lon="-118.1591947"><ele>837.13</ele><time>2026-06-26T11:22:08-05:00</time><course>112.255</course><roll>123.3068</roll><pitch>12.59071</pitch><mode /></trkpt><trkpt lat="35.0479203" lon="-118.1591428"><ele>835.98</ele><time>2026-06-26T11:22:08-05:00</time><course>124.3938</course><roll>120.7394</roll><pitch>7.5492</pitch><mode /></trkpt><trkpt lat="35.0479089" lon="-118.1590953"><ele>835.17</ele><time>2026-06-26T11:22:08-05:00</time><course>135.5081</course><roll>126.6494</roll><pitch>3.23249</pitch><mode /></trkpt><trkpt lat="35.0478927" lon="-118.1590537"><ele>834.62</ele><time>2026-06-26T11:22:08-05:00</time><course>146.8582</course><roll>119.8236</roll><pitch>-4.254568</pitch><mode /></trkpt><trkpt lat="35.047873" lon="-118.1590183"><ele>834.23</ele><time>2026-06-26T11:22:09-05:00</time><course>160.3528</course><roll>125.6349</roll><pitch>-2.610704</pitch><mode /></trkpt><trkpt lat="35.0478511" lon="-118.1589891"><ele>834.06</ele><time>2026-06-26T11:22:09-05:00</time><course>170.7176</course><roll>125.6299</roll><pitch>-7.040901</pitch><mode /></trkpt><trkpt lat="35.0478287" lon="-118.1589655"><ele>833.86</ele><time>2026-06-26T11:22:09-05:00</time><course>180.7413</course><roll>119.4495</roll><pitch>-8.472205</pitch><mode /></trkpt><trkpt lat="35.0478064" lon="-118.1589467"><ele>833.67</ele><time>2026-06-26T11:22:09-05:00</time><course>189.9575</course><roll>113.2772</roll><pitch>-6.829569</pitch><mode /></trkpt><trkpt lat="35.0477847" lon="-118.1589343"><ele>833.48</ele><time>2026-06-26T11:22:09-05:00</time><course>195.7765</course><roll>104.1781</roll><pitch>-5.729087</pitch><mode /></trkpt><trkpt lat="35.0477639" lon="-118.1589285"><ele>833.21</ele><time>2026-06-26T11:22:10-05:00</time><course>205.9341</course><roll>95.74685</roll><pitch>2.79483</pitch><mode /></trkpt><trkpt lat="35.0477438" lon="-118.1589252"><ele>832.8</ele><time>2026-06-26T11:22:10-05:00</time><course>215.6185</course><roll>87.7769</roll><pitch>6.072293</pitch><mode /></trkpt><trkpt lat="35.0477255" lon="-118.1589253"><ele>832.12</ele><time>2026-06-26T11:22:10-05:00</time><course>225.0233</course><roll>141.7152</roll><pitch>27.72913</pitch><mode /></trkpt><trkpt lat="35.0477132" lon="-118.1589267"><ele>831.66</ele><time>2026-06-26T11:22:10-05:00</time><course>239.267</course><roll>-173.1986</roll><pitch>11.83491</pitch><mode /></trkpt><trkpt lat="35.0477083" lon="-118.1589258"><ele>831.4</ele><time>2026-06-26T11:22:10-05:00</time><course>238.4591</course><roll>-138.3801</roll><pitch>6.62071</pitch><mode /></trkpt><trkpt lat="35.0477075" lon="-118.1589246"><ele>831.3</ele><time>2026-06-26T11:22:11-05:00</time><course>238.2131</course><roll>-139.5254</roll><pitch>6.352917</pitch><mode /></trkpt><trkpt lat="35.0477077" lon="-118.1589239"><ele>831.33</ele><time>2026-06-26T11:22:11-05:00</time><course>238.5664</course><roll>-139.0996</roll><pitch>6.118009</pitch><mode /></trkpt><trkpt lat="35.047708" lon="-118.1589221"><ele>831.41</ele><time>2026-06-26T11:22:11-05:00</time><course>239.0381</course><roll>-138.8895</roll><pitch>5.664926</pitch><mode /></trkpt><trkpt lat="35.0477083" lon="-118.1589202"><ele>831.54</ele><time>2026-06-26T11:22:11-05:00</time><course>239.194</course><roll>-138.8679</roll><pitch>5.505597</pitch><mode /></trkpt><trkpt lat="35.0477088" lon="-118.1589189"><ele>831.68</ele><time>2026-06-26T11:22:12-05:00</time><course>239.2975</course><roll>-139.0924</roll><pitch>5.32749</pitch><mode /></trkpt><trkpt lat="35.0477093" lon="-118.1589173"><ele>831.71</ele><time>2026-06-26T11:22:12-05:00</time><course>239.3661</course><roll>-139.0049</roll><pitch>5.180131</pitch><mode /></trkpt><trkpt lat="35.0477094" lon="-118.1589163"><ele>831.67</ele><time>2026-06-26T11:22:12-05:00</time><course>239.43</course><roll>-139.129</roll><pitch>5.035334</pitch><mode /></trkpt><trkpt lat="35.0477101" lon="-118.1589146"><ele>831.64</ele><time>2026-06-26T11:22:12-05:00</time><course>239.4662</course><roll>-139.5415</roll><pitch>4.894281</pitch><mode /></trkpt><trkpt lat="35.0477106" lon="-118.1589127"><ele>831.51</ele><time>2026-06-26T11:22:12-05:00</time><course>239.4776</course><roll>-139.3057</roll><pitch>4.795633</pitch><mode /></trkpt><trkpt lat="35.0477116" lon="-118.1589111"><ele>831.39</ele><time>2026-06-26T11:22:13-05:00</time><course>239.4983</course><roll>-139.5073</roll><pitch>4.708543</pitch><mode /></trkpt><trkpt lat="35.0477127" lon="-118.1589099"><ele>831.25</ele><time>2026-06-26T11:22:13-05:00</time><course>239.5084</course><roll>-139.6835</roll><pitch>4.643963</pitch><mode /></trkpt><trkpt lat="35.0477137" lon="-118.1589085"><ele>831.19</ele><time>2026-06-26T11:22:13-05:00</time><course>239.4948</course><roll>-139.4849</roll><pitch>4.590568</pitch><mode /></trkpt><trkpt lat="35.0477147" lon="-118.1589072"><ele>831.1</ele><time>2026-06-26T11:22:13-05:00</time><course>239.4953</course><roll>-139.5357</roll><pitch>4.561734</pitch><mode /></trkpt><trkpt lat="35.0477155" lon="-118.1589063"><ele>831.04</ele><time>2026-06-26T11:22:13-05:00</time><course>239.5049</course><roll>-139.8411</roll><pitch>4.544555</pitch><mode /></trkpt><trkpt lat="35.0477164" lon="-118.1589052"><ele>831.01</ele><time>2026-06-26T11:22:14-05:00</time><course>239.5003</course><roll>-139.9279</roll><pitch>4.545159</pitch><mode /></trkpt><trkpt lat="35.0477166" lon="-118.1589045"><ele>831.02</ele><time>2026-06-26T11:22:14-05:00</time><course>239.5016</course><roll>-140.0622</roll><pitch>4.560179</pitch><mode /></trkpt><trkpt lat="35.0477168" lon="-118.1589039"><ele>831.04</ele><time>2026-06-26T11:22:14-05:00</time><course>239.511</course><roll>-140.2277</roll><pitch>4.590949</pitch><mode /></trkpt><trkpt lat="35.047717" lon="-118.1589034"><ele>831.09</ele><time>2026-06-26T11:22:14-05:00</time><course>239.5153</course><roll>-140.1451</roll><pitch>4.644811</pitch><mode /></trkpt><trkpt lat="35.0477171" lon="-118.1589032"><ele>831.08</ele><time>2026-06-26T11:22:14-05:00</time><course>239.526</course><roll>-140.251</roll><pitch>4.712696</pitch><mode /></trkpt><trkpt lat="35.047717" lon="-118.1589026"><ele>831.07</ele><time>2026-06-26T11:22:15-05:00</time><course>239.559</course><roll>-140.1237</roll><pitch>4.884437</pitch><mode /></trkpt><trkpt lat="35.0477168" lon="-118.158902"><ele>831.04</ele><time>2026-06-26T11:22:15-05:00</time><course>239.659</course><roll>-139.4355</roll><pitch>5.122306</pitch><mode /></trkpt><trkpt lat="35.0477166" lon="-118.1589016"><ele>831.05</ele><time>2026-06-26T11:22:15-05:00</time><course>241.6536</course><roll>-129.6629</roll><pitch>7.481707</pitch><mode /></trkpt><trkpt lat="35.047716" lon="-118.1589013"><ele>831.08</ele><time>2026-06-26T11:22:15-05:00</time><course>248.5027</course><roll>-140.4149</roll><pitch>6.358562</pitch><mode /></trkpt><trkpt lat="35.0477156" lon="-118.1589009"><ele>831.03</ele><time>2026-06-26T11:22:16-05:00</time><course>248.7086</course><roll>-140.17</roll><pitch>6.182946</pitch><mode /></trkpt><trkpt lat="35.0477157" lon="-118.1589008"><ele>830.97</ele><time>2026-06-26T11:22:16-05:00</time><course>248.752</course><roll>-140.3114</roll><pitch>6.276405</pitch><mode /></trkpt><trkpt lat="35.0477154" lon="-118.1589009"><ele>830.9</ele><time>2026-06-26T11:22:16-05:00</time><course>248.8005</course><roll>-140.1316</roll><pitch>6.4177</pitch><mode /></trkpt><trkpt lat="35.0477149" lon="-118.1589008"><ele>830.78</ele><time>2026-06-26T11:22:17-05:00</time><course>248.9374</course><roll>-139.9066</roll><pitch>6.840692</pitch><mode /></trkpt><trkpt lat="35.0477147" lon="-118.1589009"><ele>830.73</ele><time>2026-06-26T11:22:17-05:00</time><course>248.9776</course><roll>-139.7749</roll><pitch>6.953017</pitch><mode /></trkpt><trkpt lat="35.0477145" lon="-118.1589008"><ele>830.66</ele><time>2026-06-26T11:22:17-05:00</time><course>249.0686</course><roll>-139.4221</roll><pitch>7.240144</pitch><mode /></trkpt><trkpt lat="35.0477144" lon="-118.1589006"><ele>830.63</ele><time>2026-06-26T11:22:17-05:00</time><course>249.1821</course><roll>-139.0484</roll><pitch>7.462975</pitch><mode /></trkpt><trkpt lat="35.0477143" lon="-118.1589004"><ele>830.61</ele><time>2026-06-26T11:22:18-05:00</time><course>249.407</course><roll>-137.7896</roll><pitch>7.842392</pitch><mode /></trkpt><trkpt lat="35.0477141" lon="-118.1589003"><ele>830.58</ele><time>2026-06-26T11:22:18-05:00</time><course>250.0313</course><roll>-133.6958</roll><pitch>8.706686</pitch><mode /></trkpt><trkpt lat="35.0477136" lon="-118.1588998"><ele>830.6</ele><time>2026-06-26T11:22:18-05:00</time><course>252.2441</course><roll>-121.5226</roll><pitch>10.87174</pitch><mode /></trkpt><trkpt lat="35.0477133" lon="-118.1588992"><ele>830.64</ele><time>2026-06-26T11:22:18-05:00</time><course>254.4846</course><roll>-111.494</roll><pitch>12.17476</pitch><mode /></trkpt><trkpt lat="35.0477131" lon="-118.1588985"><ele>830.66</ele><time>2026-06-26T11:22:18-05:00</time><course>254.5125</course><roll>-111.2975</roll><pitch>12.23809</pitch><mode /></trkpt><trkpt lat="35.0477136" lon="-118.158898"><ele>830.56</ele><time>2026-06-26T11:22:19-05:00</time><course>252.7397</course><roll>-120.1253</roll><pitch>11.19586</pitch><mode /></trkpt><trkpt lat="35.0477143" lon="-118.1588983"><ele>830.45</ele><time>2026-06-26T11:22:19-05:00</time><course>250.3658</course><roll>-134.4524</roll><pitch>8.850389</pitch><mode /></trkpt><trkpt lat="35.0477149" lon="-118.1588984"><ele>830.37</ele><time>2026-06-26T11:22:19-05:00</time><course>249.7318</course><roll>-138.7633</roll><pitch>8.00837</pitch><mode /></trkpt><trkpt lat="35.0477152" lon="-118.1588985"><ele>830.31</ele><time>2026-06-26T11:22:19-05:00</time><course>249.7562</course><roll>-138.7241</roll><pitch>8.051336</pitch><mode /></trkpt><trkpt lat="35.0477156" lon="-118.1588987"><ele>830.23</ele><time>2026-06-26T11:22:20-05:00</time><course>249.7801</course><roll>-138.5305</roll><pitch>8.094054</pitch><mode /></trkpt><trkpt lat="35.0477165" lon="-118.1588986"><ele>830.02</ele><time>2026-06-26T11:22:20-05:00</time><course>250.0055</course><roll>-137.9357</roll><pitch>8.348548</pitch><mode /></trkpt><trkpt lat="35.047717" lon="-118.1588985"><ele>829.78</ele><time>2026-06-26T11:22:21-05:00</time><course>250.0675</course><roll>-138.0461</roll><pitch>8.36326</pitch><mode /></trkpt><trkpt lat="35.0477171" lon="-118.1588986"><ele>829.65</ele><time>2026-06-26T11:22:21-05:00</time><course>250.0842</course><roll>-137.9455</roll><pitch>8.368466</pitch><mode /></trkpt><trkpt lat="35.0477174" lon="-118.1588984"><ele>829.54</ele><time>2026-06-26T11:22:21-05:00</time><course>250.1083</course><roll>-138.0204</roll><pitch>8.357021</pitch><mode /></trkpt><trkpt lat="35.0477176" lon="-118.1588982"><ele>829.43</ele><time>2026-06-26T11:22:21-05:00</time><course>250.1308</course><roll>-138.1002</roll><pitch>8.345449</pitch><mode /></trkpt><trkpt lat="35.0477178" lon="-118.1588981"><ele>829.35</ele><time>2026-06-26T11:22:21-05:00</time><course>250.1507</course><roll>-137.9496</roll><pitch>8.335014</pitch><mode /></trkpt><trkpt lat="35.047718" lon="-118.158898"><ele>829.26</ele><time>2026-06-26T11:22:22-05:00</time><course>250.1885</course><roll>-138.1817</roll><pitch>8.317189</pitch><mode /></trkpt><trkpt lat="35.0477182" lon="-118.1588978"><ele>829.18</ele><time>2026-06-26T11:22:22-05:00</time><course>250.2163</course><roll>-138.2883</roll><pitch>8.308348</pitch><mode /></trkpt><trkpt lat="35.0477184" lon="-118.1588977"><ele>829.12</ele><time>2026-06-26T11:22:22-05:00</time><course>250.2314</course><roll>-138.0571</roll><pitch>8.290488</pitch><mode /></trkpt><trkpt lat="35.0477186" lon="-118.1588976"><ele>829.04</ele><time>2026-06-26T11:22:22-05:00</time><course>250.2655</course><roll>-138.1309</roll><pitch>8.271609</pitch><mode /></trkpt><trkpt lat="35.0477188" lon="-118.1588975"><ele>828.97</ele><time>2026-06-26T11:22:22-05:00</time><course>250.291</course><roll>-138.1081</roll><pitch>8.256091</pitch><mode /></trkpt><trkpt lat="35.0477191" lon="-118.1588976"><ele>828.8</ele><time>2026-06-26T11:22:23-05:00</time><course>250.3969</course><roll>-138.2355</roll><pitch>8.211664</pitch><mode /></trkpt><trkpt lat="35.0477193" lon="-118.1588975"><ele>828.73</ele><time>2026-06-26T11:22:23-05:00</time><course>250.4277</course><roll>-138.2569</roll><pitch>8.197461</pitch><mode /></trkpt><trkpt lat="35.0477194" lon="-118.1588973"><ele>828.66</ele><time>2026-06-26T11:22:23-05:00</time><course>250.4529</course><roll>-138.1888</roll><pitch>8.18099</pitch><mode /></trkpt><trkpt lat="35.0477198" lon="-118.1588972"><ele>828.53</ele><time>2026-06-26T11:22:24-05:00</time><course>250.5215</course><roll>-138.1568</roll><pitch>8.148699</pitch><mode /></trkpt><trkpt lat="35.04772" lon="-118.1588971"><ele>828.38</ele><time>2026-06-26T11:22:24-05:00</time><course>250.6254</course><roll>-138.2272</roll><pitch>8.101649</pitch><mode /></trkpt><trkpt lat="35.0477203" lon="-118.1588969"><ele>828.29</ele><time>2026-06-26T11:22:25-05:00</time><course>250.6866</course><roll>-137.9999</roll><pitch>8.084126</pitch><mode /></trkpt><trkpt lat="35.0477206" lon="-118.1588971"><ele>828.11</ele><time>2026-06-26T11:22:25-05:00</time><course>250.7966</course><roll>-138.1417</roll><pitch>8.039986</pitch><mode /></trkpt><trkpt lat="35.0477209" lon="-118.1588972"><ele>827.96</ele><time>2026-06-26T11:22:26-05:00</time><course>250.8916</course><roll>-138.15</roll><pitch>8.008378</pitch><mode /></trkpt><trkpt lat="35.047721" lon="-118.1588973"><ele>827.92</ele><time>2026-06-26T11:22:26-05:00</time><course>250.9175</course><roll>-138.0919</roll><pitch>8.004754</pitch><mode /></trkpt><trkpt lat="35.0477213" lon="-118.1588972"><ele>827.76</ele><time>2026-06-26T11:22:27-05:00</time><course>251.0844</course><roll>-138.2354</roll><pitch>7.980985</pitch><mode /></trkpt><trkpt lat="35.0477215" lon="-118.1588971"><ele>827.69</ele><time>2026-06-26T11:22:28-05:00</time><course>251.1867</course><roll>-138.1926</roll><pitch>7.97005</pitch><mode /></trkpt><trkpt lat="35.0477216" lon="-118.1588972"><ele>827.63</ele><time>2026-06-26T11:22:28-05:00</time><course>251.2426</course><roll>-138.1623</roll><pitch>7.954766</pitch><mode /></trkpt><trkpt lat="35.0477215" lon="-118.1588971"><ele>827.6</ele><time>2026-06-26T11:22:28-05:00</time><course>251.2822</course><roll>-138.3396</roll><pitch>7.950584</pitch><mode /></trkpt><trkpt lat="35.0477215" lon="-118.158897"><ele>827.58</ele><time>2026-06-26T11:22:29-05:00</time><course>251.3985</course><roll>-138.3186</roll><pitch>7.934869</pitch><mode /></trkpt><trkpt lat="35.0477215" lon="-118.1588969"><ele>827.57</ele><time>2026-06-26T11:22:30-05:00</time><course>251.4678</course><roll>-138.3407</roll><pitch>7.926404</pitch><mode /></trkpt><trkpt lat="35.0477216" lon="-118.1588966"><ele>827.54</ele><time>2026-06-26T11:22:30-05:00</time><course>251.514</course><roll>-138.19</roll><pitch>7.909149</pitch><mode /></trkpt><trkpt lat="35.0477217" lon="-118.1588963"><ele>827.5</ele><time>2026-06-26T11:22:31-05:00</time><course>251.6147</course><roll>-138.2904</roll><pitch>7.888673</pitch><mode /></trkpt><trkpt lat="35.0477218" lon="-118.1588962"><ele>827.48</ele><time>2026-06-26T11:22:31-05:00</time><course>251.6406</course><roll>-138.2899</roll><pitch>7.884604</pitch><mode /></trkpt><trkpt lat="35.0477219" lon="-118.1588964"><ele>827.36</ele><time>2026-06-26T11:22:32-05:00</time><course>251.8195</course><roll>-138.3222</roll><pitch>7.877229</pitch><mode /></trkpt><trkpt lat="35.047722" lon="-118.1588965"><ele>827.28</ele><time>2026-06-26T11:22:33-05:00</time><course>251.8892</course><roll>-138.1664</roll><pitch>7.878847</pitch><mode /></trkpt><trkpt lat="35.0477221" lon="-118.1588966"><ele>827.23</ele><time>2026-06-26T11:22:33-05:00</time><course>251.9175</course><roll>-138.3129</roll><pitch>7.878083</pitch><mode /></trkpt><trkpt lat="35.0477223" lon="-118.1588967"><ele>827.19</ele><time>2026-06-26T11:22:33-05:00</time><course>251.9716</course><roll>-138.3931</roll><pitch>7.875501</pitch><mode /></trkpt><trkpt lat="35.0477226" lon="-118.1588969"><ele>827.11</ele><time>2026-06-26T11:22:34-05:00</time><course>252.075</course><roll>-138.5948</roll><pitch>7.870505</pitch><mode /></trkpt><trkpt lat="35.0477228" lon="-118.158897"><ele>827.09</ele><time>2026-06-26T11:22:34-05:00</time><course>252.0907</course><roll>-138.5077</roll><pitch>7.869768</pitch><mode /></trkpt><trkpt lat="35.0477229" lon="-118.1588972"><ele>827.04</ele><time>2026-06-26T11:22:35-05:00</time><course>252.14</course><roll>-138.4939</roll><pitch>7.873283</pitch><mode /></trkpt><trkpt lat="35.0477238" lon="-118.1588971"><ele>826.83</ele><time>2026-06-26T11:22:38-05:00</time><course>252.5085</course><roll>-138.3034</roll><pitch>7.842281</pitch><mode /></trkpt><trkpt lat="35.0477239" lon="-118.158897"><ele>826.84</ele><time>2026-06-26T11:22:38-05:00</time><course>252.521</course><roll>-138.23</roll><pitch>7.839984</pitch><mode /></trkpt><trkpt lat="35.047724" lon="-118.1588969"><ele>826.83</ele><time>2026-06-26T11:22:38-05:00</time><course>252.5598</course><roll>-138.469</roll><pitch>7.828926</pitch><mode /></trkpt><trkpt lat="35.0477244" lon="-118.1588968"><ele>826.78</ele><time>2026-06-26T11:22:40-05:00</time><course>252.7363</course><roll>-138.317</roll><pitch>7.823534</pitch><mode /></trkpt><trkpt lat="35.0477247" lon="-118.1588966"><ele>826.86</ele><time>2026-06-26T11:22:43-05:00</time><course>253.0542</course><roll>-138.6558</roll><pitch>7.805121</pitch><mode /></trkpt><trkpt lat="35.0477249" lon="-118.1588968"><ele>826.81</ele><time>2026-06-26T11:22:46-05:00</time><course>253.2723</course><roll>-138.5945</roll><pitch>7.803192</pitch><mode /></trkpt><trkpt lat="35.047725" lon="-118.1588969"><ele>826.79</ele><time>2026-06-26T11:22:46-05:00</time><course>253.2856</course><roll>-138.6553</roll><pitch>7.802605</pitch><mode /></trkpt><trkpt lat="35.0477252" lon="-118.158897"><ele>826.78</ele><time>2026-06-26T11:22:47-05:00</time><course>253.3045</course><roll>-138.5944</roll><pitch>7.806626</pitch><mode /></trkpt><trkpt lat="35.0477255" lon="-118.1588969"><ele>826.71</ele><time>2026-06-26T11:22:48-05:00</time><course>253.3739</course><roll>-138.733</roll><pitch>7.809662</pitch><mode /></trkpt><trkpt lat="35.0477256" lon="-118.1588967"><ele>826.7</ele><time>2026-06-26T11:22:48-05:00</time><course>253.4195</course><roll>-138.7745</roll><pitch>7.806853</pitch><mode /></trkpt><trkpt lat="35.0477258" lon="-118.1588966"><ele>826.71</ele><time>2026-06-26T11:22:49-05:00</time><course>253.4481</course><roll>-138.7392</roll><pitch>7.799854</pitch><mode /></trkpt><trkpt lat="35.0477261" lon="-118.1588962"><ele>826.82</ele><time>2026-06-26T11:22:51-05:00</time><course>253.5266</course><roll>-138.5768</roll><pitch>7.782526</pitch><mode /></trkpt><trkpt lat="35.0477263" lon="-118.1588963"><ele>826.85</ele><time>2026-06-26T11:22:52-05:00</time><course>253.5645</course><roll>-138.4225</roll><pitch>7.779848</pitch><mode /></trkpt><trkpt lat="35.0477264" lon="-118.1588964"><ele>826.84</ele><time>2026-06-26T11:22:52-05:00</time><course>253.5765</course><roll>-138.456</roll><pitch>7.780724</pitch><mode /></trkpt><trkpt lat="35.0477268" lon="-118.1588974"><ele>826.93</ele><time>2026-06-26T11:22:53-05:00</time><course>253.5626</course><roll>-138.8777</roll><pitch>8.007318</pitch><mode /></trkpt><trkpt lat="35.047727" lon="-118.1588977"><ele>827.01</ele><time>2026-06-26T11:22:54-05:00</time><course>246.966</course><roll>-132.1389</roll><pitch>16.46015</pitch><mode /></trkpt><trkpt lat="35.0477275" lon="-118.1588979"><ele>827.22</ele><time>2026-06-26T11:22:54-05:00</time><course>239.3037</course><roll>-121.9722</roll><pitch>28.63538</pitch><mode /></trkpt><trkpt lat="35.0477277" lon="-118.1588976"><ele>827.61</ele><time>2026-06-26T11:22:54-05:00</time><course>243.3891</course><roll>-111.4796</roll><pitch>39.4877</pitch><mode /></trkpt><trkpt lat="35.0477283" lon="-118.1588975"><ele>827.91</ele><time>2026-06-26T11:22:54-05:00</time><course>253.0214</course><roll>-99.23983</roll><pitch>50.63451</pitch><mode /></trkpt><trkpt lat="35.0477288" lon="-118.1588982"><ele>828.07</ele><time>2026-06-26T11:22:54-05:00</time><course>265.996</course><roll>-84.30256</roll><pitch>57.5811</pitch><mode /></trkpt><trkpt lat="35.0477291" lon="-118.1588991"><ele>828.15</ele><time>2026-06-26T11:22:55-05:00</time><course>275.717</course><roll>-63.30238</roll><pitch>51.2201</pitch><mode /></trkpt><trkpt lat="35.0477298" lon="-118.1589003"><ele>828.05</ele><time>2026-06-26T11:22:55-05:00</time><course>279.3472</course><roll>-61.07764</roll><pitch>41.71094</pitch><mode /></trkpt><trkpt lat="35.0477301" lon="-118.1589012"><ele>827.99</ele><time>2026-06-26T11:22:55-05:00</time><course>278.2425</course><roll>-73.29466</roll><pitch>46.00583</pitch><mode /></trkpt><trkpt lat="35.0477298" lon="-118.1589025"><ele>827.98</ele><time>2026-06-26T11:22:55-05:00</time><course>287.7515</course><roll>-67.42847</roll><pitch>44.92265</pitch><mode /></trkpt><trkpt lat="35.0477295" lon="-118.1589041"><ele>827.88</ele><time>2026-06-26T11:22:55-05:00</time><course>291.6758</course><roll>-63.7313</roll><pitch>26.03339</pitch><mode /></trkpt><trkpt lat="35.0477296" lon="-118.1589049"><ele>827.58</ele><time>2026-06-26T11:22:56-05:00</time><course>289.1839</course><roll>-67.03343</roll><pitch>7.980584</pitch><mode /></trkpt><trkpt lat="35.0477295" lon="-118.1589059"><ele>827.41</ele><time>2026-06-26T11:22:56-05:00</time><course>290.7094</course><roll>-67.4564</roll><pitch>6.990003</pitch><mode /></trkpt><trkpt lat="35.0477291" lon="-118.1589075"><ele>827.26</ele><time>2026-06-26T11:22:56-05:00</time><course>283.973</course><roll>-67.82665</roll><pitch>4.48559</pitch><mode /></trkpt><trkpt lat="35.0477297" lon="-118.1589091"><ele>827.08</ele><time>2026-06-26T11:22:56-05:00</time><course>284.7426</course><roll>-74.45209</roll><pitch>-5.385488</pitch><mode /></trkpt><trkpt lat="35.0477309" lon="-118.1589103"><ele>826.97</ele><time>2026-06-26T11:22:56-05:00</time><course>283.0899</course><roll>-87.28992</roll><pitch>-7.910385</pitch><mode /></trkpt><trkpt lat="35.0477316" lon="-118.1589112"><ele>826.92</ele><time>2026-06-26T11:22:57-05:00</time><course>280.1688</course><roll>-82.57267</roll><pitch>-16.84469</pitch><mode /></trkpt><trkpt lat="35.0477314" lon="-118.1589131"><ele>826.76</ele><time>2026-06-26T11:22:57-05:00</time><course>271.388</course><roll>-78.16943</roll><pitch>-23.97371</pitch><mode /></trkpt><trkpt lat="35.0477306" lon="-118.1589142"><ele>826.78</ele><time>2026-06-26T11:22:57-05:00</time><course>271.2348</course><roll>-81.35101</roll><pitch>-22.95113</pitch><mode /></trkpt><trkpt lat="35.04773" lon="-118.1589155"><ele>826.74</ele><time>2026-06-26T11:22:57-05:00</time><course>270.6891</course><roll>-83.17609</roll><pitch>-24.47495</pitch><mode /></trkpt><trkpt lat="35.0477289" lon="-118.1589175"><ele>826.64</ele><time>2026-06-26T11:22:58-05:00</time><course>270.0325</course><roll>-84.68888</roll><pitch>-25.77726</pitch><mode /></trkpt><trkpt lat="35.0477285" lon="-118.1589189"><ele>826.5</ele><time>2026-06-26T11:22:58-05:00</time><course>268.5603</course><roll>-84.296</roll><pitch>-25.92868</pitch><mode /></trkpt><trkpt lat="35.0477287" lon="-118.1589205"><ele>826.37</ele><time>2026-06-26T11:22:58-05:00</time><course>266.4625</course><roll>-84.03416</roll><pitch>-25.54511</pitch><mode /></trkpt><trkpt lat="35.0477291" lon="-118.1589219"><ele>826.18</ele><time>2026-06-26T11:22:58-05:00</time><course>265.4977</course><roll>-85.08881</roll><pitch>-25.80675</pitch><mode /></trkpt><trkpt lat="35.0477289" lon="-118.1589232"><ele>826.07</ele><time>2026-06-26T11:22:58-05:00</time><course>269.2096</course><roll>-85.14069</roll><pitch>-25.17951</pitch><mode /></trkpt><trkpt lat="35.0477286" lon="-118.1589239"><ele>826.11</ele><time>2026-06-26T11:22:59-05:00</time><course>272.5415</course><roll>-90.8001</roll><pitch>-20.72835</pitch><mode /></trkpt><trkpt lat="35.047728" lon="-118.1589251"><ele>826.09</ele><time>2026-06-26T11:22:59-05:00</time><course>268.103</course><roll>-85.57944</roll><pitch>-26.92595</pitch><mode /></trkpt><trkpt lat="35.0477277" lon="-118.1589266"><ele>825.93</ele><time>2026-06-26T11:22:59-05:00</time><course>261.3265</course><roll>-80.24201</roll><pitch>-30.83508</pitch><mode /></trkpt><trkpt lat="35.0477271" lon="-118.1589281"><ele>825.89</ele><time>2026-06-26T11:22:59-05:00</time><course>260.8212</course><roll>-82.2633</roll><pitch>-29.49187</pitch><mode /></trkpt><trkpt lat="35.0477266" lon="-118.158929"><ele>825.87</ele><time>2026-06-26T11:22:59-05:00</time><course>263.4091</course><roll>-84.42439</roll><pitch>-29.82956</pitch><mode /></trkpt><trkpt lat="35.0477264" lon="-118.1589292"><ele>825.86</ele><time>2026-06-26T11:23:00-05:00</time><course>275.5884</course><roll>-91.58537</roll><pitch>-25.69923</pitch><mode /></trkpt><trkpt lat="35.0477259" lon="-118.1589293"><ele>825.96</ele><time>2026-06-26T11:23:00-05:00</time><course>281.0266</course><roll>-91.9068</roll><pitch>-15.39611</pitch><mode /></trkpt><trkpt lat="35.0477255" lon="-118.1589284"><ele>826.09</ele><time>2026-06-26T11:23:00-05:00</time><course>273.4971</course><roll>-86.89362</roll><pitch>5.38892</pitch><mode /></trkpt><trkpt lat="35.0477254" lon="-118.1589268"><ele>826.1</ele><time>2026-06-26T11:23:00-05:00</time><course>266.8682</course><roll>-87.56458</roll><pitch>21.70616</pitch><mode /></trkpt><trkpt lat="35.0477263" lon="-118.1589251"><ele>826.07</ele><time>2026-06-26T11:23:00-05:00</time><course>267.6673</course><roll>-85.93333</roll><pitch>21.95057</pitch><mode /></trkpt><trkpt lat="35.0477269" lon="-118.1589238"><ele>826.05</ele><time>2026-06-26T11:23:01-05:00</time><course>264.7262</course><roll>-84.71234</roll><pitch>6.952625</pitch><mode /></trkpt><trkpt lat="35.0477268" lon="-118.1589234"><ele>826.05</ele><time>2026-06-26T11:23:01-05:00</time><course>254.4131</course><roll>-81.9902</roll><pitch>-4.296346</pitch><mode /></trkpt><trkpt lat="35.0477266" lon="-118.1589233"><ele>826.03</ele><time>2026-06-26T11:23:01-05:00</time><course>247.6244</course><roll>-77.29478</roll><pitch>-13.83513</pitch><mode /></trkpt><trkpt lat="35.0477264" lon="-118.1589235"><ele>826.02</ele><time>2026-06-26T11:23:01-05:00</time><course>244.4981</course><roll>-80.17915</roll><pitch>-17.76748</pitch><mode /></trkpt><trkpt lat="35.0477263" lon="-118.1589239"><ele>826.05</ele><time>2026-06-26T11:23:01-05:00</time><course>240.3602</course><roll>-82.01484</roll><pitch>-20.24878</pitch><mode /></trkpt><trkpt lat="35.0477262" lon="-118.1589243"><ele>826.05</ele><time>2026-06-26T11:23:02-05:00</time><course>237.5159</course><roll>-84.00513</roll><pitch>-19.87151</pitch><mode /></trkpt><trkpt lat="35.047726" lon="-118.1589247"><ele>826.1</ele><time>2026-06-26T11:23:02-05:00</time><course>236.7212</course><roll>-85.71574</roll><pitch>-20.07759</pitch><mode /></trkpt><trkpt lat="35.0477257" lon="-118.158925"><ele>826.19</ele><time>2026-06-26T11:23:02-05:00</time><course>239.5794</course><roll>-85.34953</roll><pitch>-17.29881</pitch><mode /></trkpt><trkpt lat="35.0477255" lon="-118.1589256"><ele>826.4</ele><time>2026-06-26T11:23:02-05:00</time><course>240.4691</course><roll>-86.08459</roll><pitch>-5.108829</pitch><mode /></trkpt><trkpt lat="35.0477249" lon="-118.158926"><ele>826.57</ele><time>2026-06-26T11:23:02-05:00</time><course>241.6885</course><roll>-84.36478</roll><pitch>8.619061</pitch><mode /></trkpt><trkpt lat="35.0477246" lon="-118.1589269"><ele>826.59</ele><time>2026-06-26T11:23:03-05:00</time><course>243.754</course><roll>-82.79436</roll><pitch>11.43534</pitch><mode /></trkpt><trkpt lat="35.0477243" lon="-118.1589278"><ele>826.6</ele><time>2026-06-26T11:23:03-05:00</time><course>243.7517</course><roll>-84.12849</roll><pitch>8.826084</pitch><mode /></trkpt><trkpt lat="35.0477237" lon="-118.1589288"><ele>826.64</ele><time>2026-06-26T11:23:03-05:00</time><course>239.1048</course><roll>-85.28941</roll><pitch>8.416254</pitch><mode /></trkpt><trkpt lat="35.0477229" lon="-118.15893"><ele>826.74</ele><time>2026-06-26T11:23:03-05:00</time><course>229.2688</course><roll>-87.38405</roll><pitch>6.52571</pitch><mode /></trkpt><trkpt lat="35.0477221" lon="-118.1589308"><ele>826.94</ele><time>2026-06-26T11:23:03-05:00</time><course>219.7878</course><roll>-87.67796</roll><pitch>4.564652</pitch><mode /></trkpt><trkpt lat="35.0477216" lon="-118.1589315"><ele>827.06</ele><time>2026-06-26T11:23:04-05:00</time><course>210.9341</course><roll>-90.16204</roll><pitch>2.61636</pitch><mode /></trkpt><trkpt lat="35.0477213" lon="-118.1589321"><ele>827.21</ele><time>2026-06-26T11:23:04-05:00</time><course>208.8177</course><roll>-89.30702</roll><pitch>-0.05948251</pitch><mode /></trkpt><trkpt lat="35.0477208" lon="-118.1589322"><ele>827.37</ele><time>2026-06-26T11:23:04-05:00</time><course>208.1558</course><roll>-90.28437</roll><pitch>2.523838</pitch><mode /></trkpt><trkpt lat="35.0477204" lon="-118.1589324"><ele>827.51</ele><time>2026-06-26T11:23:04-05:00</time><course>207.1006</course><roll>-69.1684</roll><pitch>4.732409</pitch><mode /></trkpt><trkpt lat="35.0477206" lon="-118.1589325"><ele>827.59</ele><time>2026-06-26T11:23:04-05:00</time><course>205.8131</course><roll>-58.33955</roll><pitch>5.775696</pitch><mode /></trkpt><trkpt lat="35.0477204" lon="-118.1589331"><ele>827.59</ele><time>2026-06-26T11:23:05-05:00</time><course>212.4289</course><roll>-34.42709</roll><pitch>6.490676</pitch><mode /></trkpt><trkpt lat="35.0477207" lon="-118.1589344"><ele>827.61</ele><time>2026-06-26T11:23:05-05:00</time><course>211.6345</course><roll>-22.77661</roll><pitch>-0.9282961</pitch><mode /></trkpt><trkpt lat="35.0477203" lon="-118.1589354"><ele>827.64</ele><time>2026-06-26T11:23:05-05:00</time><course>204.7456</course><roll>-15.32264</roll><pitch>-1.19115</pitch><mode /></trkpt><trkpt lat="35.0477195" lon="-118.1589361"><ele>827.69</ele><time>2026-06-26T11:23:05-05:00</time><course>198.2241</course><roll>-7.383478</roll><pitch>-4.307887</pitch><mode /></trkpt><trkpt lat="35.047718" lon="-118.1589371"><ele>827.73</ele><time>2026-06-26T11:23:06-05:00</time><course>189.595</course><roll>-6.883904</roll><pitch>-8.794633</pitch><mode /></trkpt><trkpt lat="35.0477169" lon="-118.1589385"><ele>827.76</ele><time>2026-06-26T11:23:06-05:00</time><course>183.9121</course><roll>-5.863184</roll><pitch>-11.65555</pitch><mode /></trkpt><trkpt lat="35.0477162" lon="-118.1589401"><ele>827.84</ele><time>2026-06-26T11:23:06-05:00</time><course>183.0619</course><roll>-0.8356793</roll><pitch>-12.00631</pitch><mode /></trkpt><trkpt lat="35.0477156" lon="-118.1589416"><ele>827.88</ele><time>2026-06-26T11:23:06-05:00</time><course>178.6331</course><roll>2.209136</roll><pitch>-9.377035</pitch><mode /></trkpt><trkpt lat="35.0477144" lon="-118.158943"><ele>827.87</ele><time>2026-06-26T11:23:06-05:00</time><course>174.4808</course><roll>-3.760679</roll><pitch>-6.825105</pitch><mode /></trkpt><trkpt lat="35.0477128" lon="-118.1589452"><ele>827.95</ele><time>2026-06-26T11:23:07-05:00</time><course>174.2912</course><roll>-2.103564</roll><pitch>-7.767851</pitch><mode /></trkpt><trkpt lat="35.0477109" lon="-118.1589471"><ele>828</ele><time>2026-06-26T11:23:07-05:00</time><course>173.2582</course><roll>0.6949185</roll><pitch>-11.0155</pitch><mode /></trkpt><trkpt lat="35.0477098" lon="-118.158949"><ele>828.05</ele><time>2026-06-26T11:23:07-05:00</time><course>167.217</course><roll>4.530579</roll><pitch>-9.070013</pitch><mode /></trkpt><trkpt lat="35.0477083" lon="-118.1589518"><ele>827.94</ele><time>2026-06-26T11:23:07-05:00</time><course>157.5527</course><roll>-3.443506</roll><pitch>-4.495895</pitch><mode /></trkpt><trkpt lat="35.0477073" lon="-118.1589549"><ele>828.05</ele><time>2026-06-26T11:23:07-05:00</time><course>151.6889</course><roll>-0.07832156</roll><pitch>-3.068602</pitch><mode /></trkpt><trkpt lat="35.0477062" lon="-118.1589578"><ele>828.17</ele><time>2026-06-26T11:23:08-05:00</time><course>145.4949</course><roll>6.881622</roll><pitch>1.317298</pitch><mode /></trkpt><trkpt lat="35.0477053" lon="-118.158961"><ele>828.2</ele><time>2026-06-26T11:23:08-05:00</time><course>142.094</course><roll>7.413166</roll><pitch>8.219851</pitch><mode /></trkpt><trkpt lat="35.047705" lon="-118.1589635"><ele>828.31</ele><time>2026-06-26T11:23:08-05:00</time><course>144.1856</course><roll>3.298238</roll><pitch>15.07491</pitch><mode /></trkpt><trkpt lat="35.0477045" lon="-118.1589655"><ele>828.33</ele><time>2026-06-26T11:23:08-05:00</time><course>151.3736</course><roll>6.564193</roll><pitch>19.23532</pitch><mode /></trkpt><trkpt lat="35.0477039" lon="-118.1589682"><ele>828.3</ele><time>2026-06-26T11:23:08-05:00</time><course>156.7243</course><roll>8.155673</roll><pitch>17.77664</pitch><mode /></trkpt><trkpt lat="35.0477036" lon="-118.1589707"><ele>828.28</ele><time>2026-06-26T11:23:09-05:00</time><course>166.6008</course><roll>-11.18863</roll><pitch>9.816057</pitch><mode /></trkpt><trkpt lat="35.0477032" lon="-118.1589721"><ele>828.23</ele><time>2026-06-26T11:23:09-05:00</time><course>175.9311</course><roll>-26.94068</roll><pitch>2.745378</pitch><mode /></trkpt><trkpt lat="35.0477021" lon="-118.1589741"><ele>828.11</ele><time>2026-06-26T11:23:09-05:00</time><course>186.2872</course><roll>-22.66836</roll><pitch>-6.11792</pitch><mode /></trkpt><trkpt lat="35.0477008" lon="-118.1589758"><ele>828.08</ele><time>2026-06-26T11:23:09-05:00</time><course>201.4481</course><roll>-21.80628</roll><pitch>-12.98642</pitch><mode /></trkpt><trkpt lat="35.0477003" lon="-118.1589769"><ele>828.06</ele><time>2026-06-26T11:23:09-05:00</time><course>209.3242</course><roll>-15.62741</roll><pitch>-15.38837</pitch><mode /></trkpt><trkpt lat="35.0476995" lon="-118.1589789"><ele>828.05</ele><time>2026-06-26T11:23:10-05:00</time><course>228.147</course><roll>-9.763502</roll><pitch>-14.80042</pitch><mode /></trkpt><trkpt lat="35.0476988" lon="-118.1589811"><ele>828.04</ele><time>2026-06-26T11:23:10-05:00</time><course>236.6616</course><roll>-1.984688</roll><pitch>-10.65412</pitch><mode /></trkpt><trkpt lat="35.0476969" lon="-118.1589839"><ele>827.96</ele><time>2026-06-26T11:23:10-05:00</time><course>240.5598</course><roll>-0.6529732</roll><pitch>-8.282596</pitch><mode /></trkpt><trkpt lat="35.0476937" lon="-118.1589867"><ele>827.91</ele><time>2026-06-26T11:23:10-05:00</time><course>239.2688</course><roll>-5.335711</roll><pitch>-7.614231</pitch><mode /></trkpt><trkpt lat="35.047691" lon="-118.158989"><ele>828.11</ele><time>2026-06-26T11:23:10-05:00</time><course>235.1196</course><roll>2.187102</roll><pitch>-8.56875</pitch><mode /></trkpt><trkpt lat="35.047688" lon="-118.1589894"><ele>828.06</ele><time>2026-06-26T11:23:11-05:00</time><course>230.4491</course><roll>5.343846</roll><pitch>-14.16664</pitch><mode /></trkpt><trkpt lat="35.0476844" lon="-118.1589913"><ele>827.96</ele><time>2026-06-26T11:23:11-05:00</time><course>230.6115</course><roll>-5.437563</roll><pitch>-14.61313</pitch><mode /></trkpt><trkpt lat="35.0476829" lon="-118.1589938"><ele>827.9</ele><time>2026-06-26T11:23:11-05:00</time><course>233.2198</course><roll>-15.58017</roll><pitch>-11.9261</pitch><mode /></trkpt><trkpt lat="35.0476823" lon="-118.1589963"><ele>827.91</ele><time>2026-06-26T11:23:11-05:00</time><course>235.7495</course><roll>-23.84322</roll><pitch>-9.897757</pitch><mode /></trkpt><trkpt lat="35.0476825" lon="-118.1589982"><ele>827.92</ele><time>2026-06-26T11:23:11-05:00</time><course>237.5272</course><roll>-25.8248</roll><pitch>-7.203801</pitch><mode /></trkpt><trkpt lat="35.0476832" lon="-118.1589988"><ele>827.88</ele><time>2026-06-26T11:23:12-05:00</time><course>245.9576</course><roll>-29.95638</roll><pitch>-8.936642</pitch><mode /></trkpt><trkpt lat="35.047684" lon="-118.1590004"><ele>828.04</ele><time>2026-06-26T11:23:12-05:00</time><course>245.9824</course><roll>-26.75591</roll><pitch>-12.69839</pitch><mode /></trkpt><trkpt lat="35.0476848" lon="-118.1590019"><ele>828.23</ele><time>2026-06-26T11:23:12-05:00</time><course>244.5508</course><roll>-39.73355</roll><pitch>-15.78053</pitch><mode /></trkpt><trkpt lat="35.0476855" lon="-118.1590028"><ele>828.43</ele><time>2026-06-26T11:23:12-05:00</time><course>239.1753</course><roll>-27.76553</roll><pitch>-12.97258</pitch><mode /></trkpt><trkpt lat="35.0476849" lon="-118.159004"><ele>828.63</ele><time>2026-06-26T11:23:12-05:00</time><course>236.0114</course><roll>-13.91502</roll><pitch>-14.2305</pitch><mode /></trkpt><trkpt lat="35.0476843" lon="-118.1590055"><ele>828.83</ele><time>2026-06-26T11:23:13-05:00</time><course>228.8027</course><roll>6.029492</roll><pitch>-10.7422</pitch><mode /></trkpt><trkpt lat="35.0476821" lon="-118.1590064"><ele>828.94</ele><time>2026-06-26T11:23:13-05:00</time><course>228.8515</course><roll>-11.95236</roll><pitch>-4.998506</pitch><mode /></trkpt><trkpt lat="35.0476802" lon="-118.1590061"><ele>829.12</ele><time>2026-06-26T11:23:13-05:00</time><course>243.3248</course><roll>-50.23161</roll><pitch>0.5380453</pitch><mode /></trkpt><trkpt lat="35.0476782" lon="-118.1590063"><ele>829.26</ele><time>2026-06-26T11:23:13-05:00</time><course>248.0417</course><roll>-69.81165</roll><pitch>4.254762</pitch><mode /></trkpt><trkpt lat="35.0476765" lon="-118.1590059"><ele>829.31</ele><time>2026-06-26T11:23:13-05:00</time><course>243.4195</course><roll>-77.91215</roll><pitch>1.656749</pitch><mode /></trkpt><trkpt lat="35.0476755" lon="-118.1590071"><ele>829.34</ele><time>2026-06-26T11:23:14-05:00</time><course>249.2745</course><roll>-80.89965</roll><pitch>8.027608</pitch><mode /></trkpt><trkpt lat="35.0476742" lon="-118.1590081"><ele>829.33</ele><time>2026-06-26T11:23:14-05:00</time><course>254.4336</course><roll>-74.10941</roll><pitch>13.19169</pitch><mode /></trkpt><trkpt lat="35.0476726" lon="-118.1590083"><ele>829.36</ele><time>2026-06-26T11:23:14-05:00</time><course>253.5511</course><roll>-71.5595</roll><pitch>13.29346</pitch><mode /></trkpt><trkpt lat="35.0476717" lon="-118.1590086"><ele>829.3</ele><time>2026-06-26T11:23:14-05:00</time><course>259.9435</course><roll>-66.9278</roll><pitch>12.48644</pitch><mode /></trkpt><trkpt lat="35.047671" lon="-118.1590091"><ele>829.18</ele><time>2026-06-26T11:23:14-05:00</time><course>268.5097</course><roll>-46.42543</roll><pitch>6.413227</pitch><mode /></trkpt><trkpt lat="35.0476719" lon="-118.1590112"><ele>829.08</ele><time>2026-06-26T11:23:15-05:00</time><course>272.9132</course><roll>-44.94942</roll><pitch>-13.35504</pitch><mode /></trkpt><trkpt lat="35.0476729" lon="-118.1590124"><ele>828.99</ele><time>2026-06-26T11:23:15-05:00</time><course>268.7177</course><roll>-46.62662</roll><pitch>-17.05821</pitch><mode /></trkpt><trkpt lat="35.0476733" lon="-118.1590137"><ele>828.98</ele><time>2026-06-26T11:23:15-05:00</time><course>267.4553</course><roll>-46.52955</roll><pitch>-15.64409</pitch><mode /></trkpt><trkpt lat="35.0476743" lon="-118.1590146"><ele>828.92</ele><time>2026-06-26T11:23:15-05:00</time><course>265.316</course><roll>-46.28064</roll><pitch>-15.3148</pitch><mode /></trkpt><trkpt lat="35.0476757" lon="-118.1590159"><ele>828.95</ele><time>2026-06-26T11:23:16-05:00</time><course>257.8412</course><roll>-39.61798</roll><pitch>-19.70065</pitch><mode /></trkpt><trkpt lat="35.0476763" lon="-118.1590174"><ele>829.09</ele><time>2026-06-26T11:23:16-05:00</time><course>253.7264</course><roll>-37.40664</roll><pitch>-20.88342</pitch><mode /></trkpt><trkpt lat="35.0476764" lon="-118.1590185"><ele>829.25</ele><time>2026-06-26T11:23:16-05:00</time><course>255.9022</course><roll>-38.55229</roll><pitch>-18.84681</pitch><mode /></trkpt><trkpt lat="35.0476761" lon="-118.1590193"><ele>829.37</ele><time>2026-06-26T11:23:16-05:00</time><course>257.7205</course><roll>-38.27601</roll><pitch>-17.27397</pitch><mode /></trkpt><trkpt lat="35.0476754" lon="-118.1590201"><ele>829.51</ele><time>2026-06-26T11:23:16-05:00</time><course>259.9404</course><roll>-28.76771</roll><pitch>-19.35255</pitch><mode /></trkpt><trkpt lat="35.0476751" lon="-118.1590213"><ele>829.61</ele><time>2026-06-26T11:23:17-05:00</time><course>261.704</course><roll>-13.36874</roll><pitch>-21.82333</pitch><mode /></trkpt><trkpt lat="35.0476754" lon="-118.1590224"><ele>829.67</ele><time>2026-06-26T11:23:17-05:00</time><course>261.473</course><roll>-8.175467</roll><pitch>-19.32131</pitch><mode /></trkpt><trkpt lat="35.0476764" lon="-118.1590222"><ele>829.78</ele><time>2026-06-26T11:23:17-05:00</time><course>255.4781</course><roll>3.750365</roll><pitch>-15.96189</pitch><mode /></trkpt><trkpt lat="35.0476767" lon="-118.1590219"><ele>829.91</ele><time>2026-06-26T11:23:17-05:00</time><course>250.6931</course><roll>4.850035</roll><pitch>-18.55362</pitch><mode /></trkpt><trkpt lat="35.0476763" lon="-118.1590223"><ele>830.03</ele><time>2026-06-26T11:23:18-05:00</time><course>245.8558</course><roll>-16.74453</roll><pitch>-14.01108</pitch><mode /></trkpt><trkpt lat="35.0476761" lon="-118.1590225"><ele>830.07</ele><time>2026-06-26T11:23:18-05:00</time><course>246.1288</course><roll>-49.28135</roll><pitch>-9.162097</pitch><mode /></trkpt><trkpt lat="35.0476751" lon="-118.1590227"><ele>830.08</ele><time>2026-06-26T11:23:18-05:00</time><course>249.6887</course><roll>-68.56906</roll><pitch>-2.581945</pitch><mode /></trkpt><trkpt lat="35.0476737" lon="-118.1590236"><ele>830.06</ele><time>2026-06-26T11:23:18-05:00</time><course>258.9227</course><roll>-60.15267</roll><pitch>-1.497178</pitch><mode /></trkpt><trkpt lat="35.0476736" lon="-118.1590251"><ele>829.95</ele><time>2026-06-26T11:23:18-05:00</time><course>263.4496</course><roll>-39.3209</roll><pitch>-4.218629</pitch><mode /></trkpt><trkpt lat="35.0476734" lon="-118.1590276"><ele>829.9</ele><time>2026-06-26T11:23:19-05:00</time><course>255.5989</course><roll>-35.71796</roll><pitch>-8.295033</pitch><mode /></trkpt><trkpt lat="35.0476725" lon="-118.1590304"><ele>829.85</ele><time>2026-06-26T11:23:19-05:00</time><course>251.471</course><roll>-34.91726</roll><pitch>-11.55451</pitch><mode /></trkpt><trkpt lat="35.0476728" lon="-118.1590327"><ele>829.75</ele><time>2026-06-26T11:23:19-05:00</time><course>246.4934</course><roll>-27.06973</roll><pitch>-14.04482</pitch><mode /></trkpt><trkpt lat="35.0476722" lon="-118.1590345"><ele>829.77</ele><time>2026-06-26T11:23:19-05:00</time><course>246.2584</course><roll>-22.84053</roll><pitch>-11.93428</pitch><mode /></trkpt><trkpt lat="35.0476709" lon="-118.1590359"><ele>829.91</ele><time>2026-06-26T11:23:19-05:00</time><course>247.9385</course><roll>-17.44898</roll><pitch>-10.67321</pitch><mode /></trkpt><trkpt lat="35.0476702" lon="-118.159038"><ele>829.83</ele><time>2026-06-26T11:23:20-05:00</time><course>247.677</course><roll>-7.702414</roll><pitch>-9.622864</pitch><mode /></trkpt><trkpt lat="35.0476695" lon="-118.1590407"><ele>829.83</ele><time>2026-06-26T11:23:20-05:00</time><course>244.9193</course><roll>-3.379978</roll><pitch>-7.382084</pitch><mode /></trkpt><trkpt lat="35.0476685" lon="-118.1590429"><ele>829.95</ele><time>2026-06-26T11:23:20-05:00</time><course>243.0786</course><roll>-6.747364</roll><pitch>-4.893441</pitch><mode /></trkpt><trkpt lat="35.047667" lon="-118.1590452"><ele>829.94</ele><time>2026-06-26T11:23:20-05:00</time><course>246.9977</course><roll>-18.67381</roll><pitch>-7.547086</pitch><mode /></trkpt><trkpt lat="35.0476655" lon="-118.1590477"><ele>829.89</ele><time>2026-06-26T11:23:20-05:00</time><course>253.7137</course><roll>-21.45345</roll><pitch>-15.80372</pitch><mode /></trkpt><trkpt lat="35.047665" lon="-118.1590502"><ele>829.81</ele><time>2026-06-26T11:23:21-05:00</time><course>255.9528</course><roll>-15.89641</roll><pitch>-19.61147</pitch><mode /></trkpt><trkpt lat="35.0476649" lon="-118.1590523"><ele>829.8</ele><time>2026-06-26T11:23:21-05:00</time><course>250.4947</course><roll>-7.346918</roll><pitch>-11.78884</pitch><mode /></trkpt><trkpt lat="35.0476635" lon="-118.1590548"><ele>829.78</ele><time>2026-06-26T11:23:21-05:00</time><course>243.7428</course><roll>-10.43129</roll><pitch>-7.00704</pitch><mode /></trkpt><trkpt lat="35.0476622" lon="-118.1590575"><ele>829.72</ele><time>2026-06-26T11:23:21-05:00</time><course>245.1675</course><roll>-12.82693</roll><pitch>-9.456702</pitch><mode /></trkpt><trkpt lat="35.0476613" lon="-118.1590598"><ele>829.67</ele><time>2026-06-26T11:23:21-05:00</time><course>250.3974</course><roll>-10.84673</roll><pitch>-9.990951</pitch><mode /></trkpt><trkpt lat="35.0476602" lon="-118.1590619"><ele>829.68</ele><time>2026-06-26T11:23:22-05:00</time><course>250.2781</course><roll>-1.245287</roll><pitch>-10.89607</pitch><mode /></trkpt><trkpt lat="35.0476589" lon="-118.1590637"><ele>829.71</ele><time>2026-06-26T11:23:22-05:00</time><course>245.2055</course><roll>9.858582</roll><pitch>-7.653669</pitch><mode /></trkpt><trkpt lat="35.0476575" lon="-118.1590663"><ele>829.57</ele><time>2026-06-26T11:23:22-05:00</time><course>235.8405</course><roll>6.666967</roll><pitch>0.6288556</pitch><mode /></trkpt><trkpt lat="35.0476557" lon="-118.1590691"><ele>829.57</ele><time>2026-06-26T11:23:22-05:00</time><course>231.0989</course><roll>-3.128975</roll><pitch>-4.850351</pitch><mode /></trkpt><trkpt lat="35.0476529" lon="-118.1590721"><ele>829.57</ele><time>2026-06-26T11:23:22-05:00</time><course>227.2284</course><roll>-3.958511</roll><pitch>-12.60268</pitch><mode /></trkpt><trkpt lat="35.0476508" lon="-118.1590757"><ele>829.56</ele><time>2026-06-26T11:23:23-05:00</time><course>228.1946</course><roll>-5.765019</roll><pitch>-14.29112</pitch><mode /></trkpt><trkpt lat="35.0476485" lon="-118.1590781"><ele>829.58</ele><time>2026-06-26T11:23:23-05:00</time><course>229.928</course><roll>-2.079077</roll><pitch>-12.80809</pitch><mode /></trkpt><trkpt lat="35.0476473" lon="-118.1590801"><ele>829.57</ele><time>2026-06-26T11:23:23-05:00</time><course>228.5864</course><roll>-8.917788</roll><pitch>-13.1199</pitch><mode /></trkpt><trkpt lat="35.0476453" lon="-118.1590834"><ele>829.53</ele><time>2026-06-26T11:23:23-05:00</time><course>230.7439</course><roll>-21.13072</roll><pitch>-17.91849</pitch><mode /></trkpt><trkpt lat="35.0476435" lon="-118.1590872"><ele>829.5</ele><time>2026-06-26T11:23:23-05:00</time><course>236.7258</course><roll>-15.6014</roll><pitch>-21.96212</pitch><mode /></trkpt><trkpt lat="35.0476418" lon="-118.1590905"><ele>829.68</ele><time>2026-06-26T11:23:24-05:00</time><course>229.6874</course><roll>16.26174</roll><pitch>-5.499612</pitch><mode /></trkpt><trkpt lat="35.04764" lon="-118.1590932"><ele>829.76</ele><time>2026-06-26T11:23:24-05:00</time><course>224.8795</course><roll>16.26041</roll><pitch>2.290546</pitch><mode /></trkpt><trkpt lat="35.0476387" lon="-118.1590951"><ele>829.71</ele><time>2026-06-26T11:23:24-05:00</time><course>216.0375</course><roll>7.759085</roll><pitch>1.512275</pitch><mode /></trkpt><trkpt lat="35.0476377" lon="-118.1590968"><ele>829.67</ele><time>2026-06-26T11:23:24-05:00</time><course>201.2439</course><roll>2.722745</roll><pitch>-2.957025</pitch><mode /></trkpt><trkpt lat="35.0476368" lon="-118.1590994"><ele>829.63</ele><time>2026-06-26T11:23:24-05:00</time><course>186.7688</course><roll>-7.343318</roll><pitch>-3.945539</pitch><mode /></trkpt><trkpt lat="35.0476358" lon="-118.1591025"><ele>829.68</ele><time>2026-06-26T11:23:25-05:00</time><course>165.7212</course><roll>-15.74691</roll><pitch>-14.34718</pitch><mode /></trkpt><trkpt lat="35.0476345" lon="-118.1591044"><ele>829.73</ele><time>2026-06-26T11:23:25-05:00</time><course>149.227</course><roll>-35.61519</roll><pitch>-26.31894</pitch><mode /></trkpt><trkpt lat="35.0476332" lon="-118.159106"><ele>829.65</ele><time>2026-06-26T11:23:25-05:00</time><course>143.1442</course><roll>-30.67086</roll><pitch>-32.61533</pitch><mode /></trkpt><trkpt lat="35.0476317" lon="-118.1591086"><ele>829.74</ele><time>2026-06-26T11:23:25-05:00</time><course>149.9325</course><roll>-47.23009</roll><pitch>-32.16085</pitch><mode /></trkpt><trkpt lat="35.0476303" lon="-118.159111"><ele>829.77</ele><time>2026-06-26T11:23:25-05:00</time><course>151.4462</course><roll>-46.30191</roll><pitch>-24.34269</pitch><mode /></trkpt><trkpt lat="35.0476291" lon="-118.1591138"><ele>829.73</ele><time>2026-06-26T11:23:26-05:00</time><course>152.8091</course><roll>-62.83446</roll><pitch>-5.28515</pitch><mode /></trkpt><trkpt lat="35.0476278" lon="-118.1591169"><ele>829.81</ele><time>2026-06-26T11:23:26-05:00</time><course>159.6465</course><roll>-60.14592</roll><pitch>4.861744</pitch><mode /></trkpt><trkpt lat="35.0476263" lon="-118.1591203"><ele>829.96</ele><time>2026-06-26T11:23:26-05:00</time><course>159.086</course><roll>-58.49346</roll><pitch>10.0599</pitch><mode /></trkpt><trkpt lat="35.047625" lon="-118.1591234"><ele>829.96</ele><time>2026-06-26T11:23:26-05:00</time><course>152.3293</course><roll>-63.07273</roll><pitch>20.82109</pitch><mode /></trkpt><trkpt lat="35.0476246" lon="-118.1591264"><ele>829.86</ele><time>2026-06-26T11:23:26-05:00</time><course>147.2919</course><roll>-82.27773</roll><pitch>14.05028</pitch><mode /></trkpt><trkpt lat="35.0476228" lon="-118.1591295"><ele>829.76</ele><time>2026-06-26T11:23:27-05:00</time><course>139.3524</course><roll>-89.74654</roll><pitch>13.97079</pitch><mode /></trkpt><trkpt lat="35.0476213" lon="-118.1591329"><ele>829.72</ele><time>2026-06-26T11:23:27-05:00</time><course>132.5179</course><roll>-90.99052</roll><pitch>17.39969</pitch><mode /></trkpt><trkpt lat="35.0476211" lon="-118.1591355"><ele>829.56</ele><time>2026-06-26T11:23:27-05:00</time><course>126.0433</course><roll>-98.21696</roll><pitch>13.65277</pitch><mode /></trkpt><trkpt lat="35.0476208" lon="-118.1591379"><ele>829.2</ele><time>2026-06-26T11:23:27-05:00</time><course>118.6468</course><roll>-85.05041</roll><pitch>19.28613</pitch><mode /></trkpt><trkpt lat="35.047619" lon="-118.159141"><ele>829.06</ele><time>2026-06-26T11:23:27-05:00</time><course>123.5468</course><roll>-77.20747</roll><pitch>21.94391</pitch><mode /></trkpt><trkpt lat="35.0476178" lon="-118.1591443"><ele>828.91</ele><time>2026-06-26T11:23:28-05:00</time><course>128.3244</course><roll>-72.37689</roll><pitch>16.43079</pitch><mode /></trkpt><trkpt lat="35.0476167" lon="-118.1591476"><ele>828.85</ele><time>2026-06-26T11:23:28-05:00</time><course>128.5403</course><roll>-63.69307</roll><pitch>14.56473</pitch><mode /></trkpt><trkpt lat="35.0476156" lon="-118.1591501"><ele>828.92</ele><time>2026-06-26T11:23:28-05:00</time><course>127.1678</course><roll>-50.07116</roll><pitch>14.93425</pitch><mode /></trkpt><trkpt lat="35.0476145" lon="-118.1591523"><ele>828.93</ele><time>2026-06-26T11:23:28-05:00</time><course>133.9874</course><roll>-48.06524</roll><pitch>9.911485</pitch><mode /></trkpt><trkpt lat="35.0476133" lon="-118.1591547"><ele>828.93</ele><time>2026-06-26T11:23:28-05:00</time><course>143.5264</course><roll>-48.00953</roll><pitch>11.853</pitch><mode /></trkpt><trkpt lat="35.0476123" lon="-118.1591571"><ele>828.72</ele><time>2026-06-26T11:23:29-05:00</time><course>160.909</course><roll>-40.90697</roll><pitch>6.774207</pitch><mode /></trkpt><trkpt lat="35.0476115" lon="-118.1591596"><ele>828.46</ele><time>2026-06-26T11:23:29-05:00</time><course>166.724</course><roll>-40.55986</roll><pitch>4.194355</pitch><mode /></trkpt><trkpt lat="35.0476101" lon="-118.1591623"><ele>828.37</ele><time>2026-06-26T11:23:29-05:00</time><course>166.993</course><roll>-52.4418</roll><pitch>10.60345</pitch><mode /></trkpt><trkpt lat="35.047609" lon="-118.1591652"><ele>828.43</ele><time>2026-06-26T11:23:29-05:00</time><course>178.2394</course><roll>-35.40687</roll><pitch>13.73547</pitch><mode /></trkpt><trkpt lat="35.0476077" lon="-118.1591677"><ele>828.48</ele><time>2026-06-26T11:23:29-05:00</time><course>193.8675</course><roll>-14.15654</roll><pitch>13.97018</pitch><mode /></trkpt><trkpt lat="35.047607" lon="-118.1591698"><ele>828.55</ele><time>2026-06-26T11:23:30-05:00</time><course>212.8505</course><roll>-7.017945</roll><pitch>28.64032</pitch><mode /></trkpt><trkpt lat="35.0476064" lon="-118.159175"><ele>828.62</ele><time>2026-06-26T11:23:30-05:00</time><course>234.8871</course><roll>1.115731</roll><pitch>30.24319</pitch><mode /></trkpt><trkpt lat="35.047606" lon="-118.1591779"><ele>828.67</ele><time>2026-06-26T11:23:30-05:00</time><course>236.0769</course><roll>-3.12884</roll><pitch>33.04955</pitch><mode /></trkpt><trkpt lat="35.0476054" lon="-118.1591804"><ele>828.69</ele><time>2026-06-26T11:23:30-05:00</time><course>231.0547</course><roll>8.968997</roll><pitch>31.26804</pitch><mode /></trkpt><trkpt lat="35.0476048" lon="-118.1591827"><ele>828.72</ele><time>2026-06-26T11:23:31-05:00</time><course>227.9429</course><roll>12.08624</roll><pitch>31.70743</pitch><mode /></trkpt><trkpt lat="35.0476041" lon="-118.1591853"><ele>828.86</ele><time>2026-06-26T11:23:31-05:00</time><course>235.2235</course><roll>5.499013</roll><pitch>31.18678</pitch><mode /></trkpt><trkpt lat="35.0476039" lon="-118.159188"><ele>828.97</ele><time>2026-06-26T11:23:31-05:00</time><course>237.6879</course><roll>10.1608</roll><pitch>29.03783</pitch><mode /></trkpt><trkpt lat="35.0476035" lon="-118.1591914"><ele>829.02</ele><time>2026-06-26T11:23:31-05:00</time><course>234.2722</course><roll>9.075013</roll><pitch>28.97309</pitch><mode /></trkpt><trkpt lat="35.0476033" lon="-118.1591946"><ele>829.15</ele><time>2026-06-26T11:23:31-05:00</time><course>229.8642</course><roll>10.04454</roll><pitch>28.60358</pitch><mode /></trkpt><trkpt lat="35.0476035" lon="-118.1592041"><ele>829.08</ele><time>2026-06-26T11:23:32-05:00</time><course>243.5621</course><roll>11.05123</roll><pitch>29.94484</pitch><mode /></trkpt><trkpt lat="35.047603" lon="-118.1592072"><ele>829.15</ele><time>2026-06-26T11:23:32-05:00</time><course>243.2067</course><roll>11.72115</roll><pitch>30.4959</pitch><mode /></trkpt><trkpt lat="35.0476025" lon="-118.1592099"><ele>829.31</ele><time>2026-06-26T11:23:32-05:00</time><course>240.2746</course><roll>13.34016</roll><pitch>29.66501</pitch><mode /></trkpt><trkpt lat="35.0476018" lon="-118.1592121"><ele>829.39</ele><time>2026-06-26T11:23:33-05:00</time><course>235.6723</course><roll>14.05003</roll><pitch>28.3358</pitch><mode /></trkpt><trkpt lat="35.0476006" lon="-118.1592147"><ele>829.41</ele><time>2026-06-26T11:23:33-05:00</time><course>233.9063</course><roll>12.05451</roll><pitch>31.1747</pitch><mode /></trkpt><trkpt lat="35.0475996" lon="-118.1592167"><ele>829.47</ele><time>2026-06-26T11:23:33-05:00</time><course>234.8375</course><roll>11.63457</roll><pitch>26.43667</pitch><mode /></trkpt><trkpt lat="35.047599" lon="-118.1592186"><ele>829.47</ele><time>2026-06-26T11:23:33-05:00</time><course>235.3202</course><roll>16.39553</roll><pitch>21.80959</pitch><mode /></trkpt><trkpt lat="35.0475982" lon="-118.1592214"><ele>829.46</ele><time>2026-06-26T11:23:33-05:00</time><course>230.3695</course><roll>14.28317</roll><pitch>23.3236</pitch><mode /></trkpt><trkpt lat="35.0475973" lon="-118.159224"><ele>829.51</ele><time>2026-06-26T11:23:34-05:00</time><course>223.9277</course><roll>10.44814</roll><pitch>23.67922</pitch><mode /></trkpt><trkpt lat="35.0475969" lon="-118.159226"><ele>829.47</ele><time>2026-06-26T11:23:34-05:00</time><course>221.7425</course><roll>18.15749</roll><pitch>22.45098</pitch><mode /></trkpt><trkpt lat="35.0475959" lon="-118.1592286"><ele>829.41</ele><time>2026-06-26T11:23:34-05:00</time><course>227.4596</course><roll>15.05145</roll><pitch>25.55028</pitch><mode /></trkpt><trkpt lat="35.0475952" lon="-118.1592312"><ele>829.41</ele><time>2026-06-26T11:23:34-05:00</time><course>238.8244</course><roll>9.522593</roll><pitch>24.88977</pitch><mode /></trkpt><trkpt lat="35.0475947" lon="-118.159234"><ele>829.36</ele><time>2026-06-26T11:23:34-05:00</time><course>243.9311</course><roll>14.9777</roll><pitch>22.4876</pitch><mode /></trkpt><trkpt lat="35.0475937" lon="-118.1592374"><ele>829.41</ele><time>2026-06-26T11:23:35-05:00</time><course>237.4937</course><roll>4.681604</roll><pitch>23.00595</pitch><mode /></trkpt><trkpt lat="35.0475924" lon="-118.1592402"><ele>829.48</ele><time>2026-06-26T11:23:35-05:00</time><course>228.4964</course><roll>13.2127</roll><pitch>21.23899</pitch><mode /></trkpt><trkpt lat="35.047591" lon="-118.1592431"><ele>829.46</ele><time>2026-06-26T11:23:35-05:00</time><course>221.2441</course><roll>18.49696</roll><pitch>23.44757</pitch><mode /></trkpt><trkpt lat="35.0475894" lon="-118.1592459"><ele>829.43</ele><time>2026-06-26T11:23:35-05:00</time><course>222.0606</course><roll>9.224906</roll><pitch>28.72066</pitch><mode /></trkpt><trkpt lat="35.0475885" lon="-118.1592483"><ele>829.45</ele><time>2026-06-26T11:23:35-05:00</time><course>226.7354</course><roll>7.39472</roll><pitch>27.71969</pitch><mode /></trkpt><trkpt lat="35.0475873" lon="-118.1592514"><ele>829.47</ele><time>2026-06-26T11:23:36-05:00</time><course>222.2679</course><roll>1.518638</roll><pitch>27.86503</pitch><mode /></trkpt><trkpt lat="35.0475862" lon="-118.1592548"><ele>829.64</ele><time>2026-06-26T11:23:36-05:00</time><course>218.4249</course><roll>6.418011</roll><pitch>27.83918</pitch><mode /></trkpt><trkpt lat="35.0475853" lon="-118.1592573"><ele>829.67</ele><time>2026-06-26T11:23:36-05:00</time><course>216.288</course><roll>14.20405</roll><pitch>28.57173</pitch><mode /></trkpt><trkpt lat="35.0475839" lon="-118.1592604"><ele>829.64</ele><time>2026-06-26T11:23:36-05:00</time><course>223.0389</course><roll>20.89314</roll><pitch>27.78496</pitch><mode /></trkpt><trkpt lat="35.0475826" lon="-118.1592637"><ele>829.72</ele><time>2026-06-26T11:23:36-05:00</time><course>228.6193</course><roll>14.34786</roll><pitch>27.83339</pitch><mode /></trkpt><trkpt lat="35.0475815" lon="-118.1592668"><ele>829.7</ele><time>2026-06-26T11:23:37-05:00</time><course>226.4626</course><roll>7.264215</roll><pitch>26.61505</pitch><mode /></trkpt><trkpt lat="35.0475804" lon="-118.1592706"><ele>829.76</ele><time>2026-06-26T11:23:37-05:00</time><course>222.8604</course><roll>4.341404</roll><pitch>24.99788</pitch><mode /></trkpt><trkpt lat="35.0475795" lon="-118.1592737"><ele>829.82</ele><time>2026-06-26T11:23:37-05:00</time><course>222.4258</course><roll>3.663559</roll><pitch>24.53227</pitch><mode /></trkpt><trkpt lat="35.0475785" lon="-118.1592766"><ele>829.83</ele><time>2026-06-26T11:23:37-05:00</time><course>228.765</course><roll>9.918243</roll><pitch>24.79233</pitch><mode /></trkpt><trkpt lat="35.0475779" lon="-118.1592795"><ele>829.92</ele><time>2026-06-26T11:23:37-05:00</time><course>235.3223</course><roll>6.20418</roll><pitch>26.58398</pitch><mode /></trkpt><trkpt lat="35.0475774" lon="-118.1592823"><ele>829.91</ele><time>2026-06-26T11:23:38-05:00</time><course>236.5912</course><roll>11.33322</roll><pitch>26.70449</pitch><mode /></trkpt><trkpt lat="35.0475768" lon="-118.1592856"><ele>829.89</ele><time>2026-06-26T11:23:38-05:00</time><course>233.0428</course><roll>12.73668</roll><pitch>25.06176</pitch><mode /></trkpt><trkpt lat="35.0475761" lon="-118.1592888"><ele>829.94</ele><time>2026-06-26T11:23:38-05:00</time><course>227.3738</course><roll>11.83789</roll><pitch>26.68652</pitch><mode /></trkpt><trkpt lat="35.0475754" lon="-118.1592919"><ele>829.97</ele><time>2026-06-26T11:23:38-05:00</time><course>225.9716</course><roll>18.92207</roll><pitch>28.95815</pitch><mode /></trkpt><trkpt lat="35.0475747" lon="-118.1592952"><ele>830.03</ele><time>2026-06-26T11:23:38-05:00</time><course>231.9415</course><roll>21.0325</roll><pitch>29.1434</pitch><mode /></trkpt><trkpt lat="35.0475743" lon="-118.159298"><ele>830.08</ele><time>2026-06-26T11:23:39-05:00</time><course>239.2409</course><roll>19.43349</roll><pitch>26.92383</pitch><mode /></trkpt><trkpt lat="35.0475741" lon="-118.1593007"><ele>830.08</ele><time>2026-06-26T11:23:39-05:00</time><course>239.8379</course><roll>14.184</roll><pitch>28.80096</pitch><mode /></trkpt><trkpt lat="35.0475739" lon="-118.1593034"><ele>830.18</ele><time>2026-06-26T11:23:39-05:00</time><course>235.2992</course><roll>12.51482</roll><pitch>29.69175</pitch><mode /></trkpt><trkpt lat="35.0475734" lon="-118.159306"><ele>830.19</ele><time>2026-06-26T11:23:39-05:00</time><course>230.5473</course><roll>12.40012</roll><pitch>30.93857</pitch><mode /></trkpt><trkpt lat="35.0475723" lon="-118.1593089"><ele>830.15</ele><time>2026-06-26T11:23:39-05:00</time><course>231.5865</course><roll>13.73355</roll><pitch>33.04773</pitch><mode /></trkpt><trkpt lat="35.0475718" lon="-118.1593105"><ele>830.17</ele><time>2026-06-26T11:23:40-05:00</time><course>235.927</course><roll>10.949</roll><pitch>29.7994</pitch><mode /></trkpt><trkpt lat="35.0475714" lon="-118.1593126"><ele>830.15</ele><time>2026-06-26T11:23:40-05:00</time><course>235.5461</course><roll>17.63427</roll><pitch>27.45341</pitch><mode /></trkpt><trkpt lat="35.0475716" lon="-118.159316"><ele>829.93</ele><time>2026-06-26T11:23:40-05:00</time><course>231.6765</course><roll>10.00886</roll><pitch>29.43024</pitch><mode /></trkpt><trkpt lat="35.0475713" lon="-118.1593188"><ele>829.82</ele><time>2026-06-26T11:23:40-05:00</time><course>225.4705</course><roll>9.401801</roll><pitch>29.28008</pitch><mode /></trkpt><trkpt lat="35.0475709" lon="-118.159322"><ele>829.69</ele><time>2026-06-26T11:23:40-05:00</time><course>220.5702</course><roll>13.53371</roll><pitch>30.85995</pitch><mode /></trkpt><trkpt lat="35.0475706" lon="-118.1593252"><ele>829.57</ele><time>2026-06-26T11:23:41-05:00</time><course>226.4148</course><roll>13.14933</roll><pitch>33.97095</pitch><mode /></trkpt><trkpt lat="35.0475703" lon="-118.1593284"><ele>829.57</ele><time>2026-06-26T11:23:41-05:00</time><course>232.7889</course><roll>11.08345</roll><pitch>32.72818</pitch><mode /></trkpt><trkpt lat="35.04757" lon="-118.159332"><ele>829.53</ele><time>2026-06-26T11:23:41-05:00</time><course>232.4986</course><roll>16.81529</roll><pitch>31.42561</pitch><mode /></trkpt><trkpt lat="35.0475699" lon="-118.1593354"><ele>829.56</ele><time>2026-06-26T11:23:41-05:00</time><course>228.1399</course><roll>12.4244</roll><pitch>31.09838</pitch><mode /></trkpt><trkpt lat="35.0475698" lon="-118.1593379"><ele>829.56</ele><time>2026-06-26T11:23:41-05:00</time><course>224.5482</course><roll>11.03863</roll><pitch>31.80342</pitch><mode /></trkpt><trkpt lat="35.0475695" lon="-118.1593412"><ele>829.5</ele><time>2026-06-26T11:23:42-05:00</time><course>225.0221</course><roll>15.58174</roll><pitch>32.29507</pitch><mode /></trkpt><trkpt lat="35.0475691" lon="-118.1593446"><ele>829.52</ele><time>2026-06-26T11:23:42-05:00</time><course>229.0148</course><roll>10.02256</roll><pitch>31.90991</pitch><mode /></trkpt><trkpt lat="35.0475689" lon="-118.1593479"><ele>829.53</ele><time>2026-06-26T11:23:42-05:00</time><course>232.8232</course><roll>11.62327</roll><pitch>29.70167</pitch><mode /></trkpt><trkpt lat="35.0475686" lon="-118.1593519"><ele>829.57</ele><time>2026-06-26T11:23:42-05:00</time><course>232.6183</course><roll>7.564916</roll><pitch>25.67968</pitch><mode /></trkpt><trkpt lat="35.0475682" lon="-118.1593553"><ele>829.65</ele><time>2026-06-26T11:23:42-05:00</time><course>231.6107</course><roll>10.24875</roll><pitch>23.70543</pitch><mode /></trkpt><trkpt lat="35.0475676" lon="-118.159358"><ele>829.61</ele><time>2026-06-26T11:23:43-05:00</time><course>230.6114</course><roll>25.64931</roll><pitch>27.557</pitch><mode /></trkpt><trkpt lat="35.0475667" lon="-118.1593611"><ele>829.55</ele><time>2026-06-26T11:23:43-05:00</time><course>231.8444</course><roll>23.84692</roll><pitch>31.71908</pitch><mode /></trkpt><trkpt lat="35.0475659" lon="-118.1593645"><ele>829.6</ele><time>2026-06-26T11:23:43-05:00</time><course>232.4742</course><roll>15.27941</roll><pitch>31.49814</pitch><mode /></trkpt><trkpt lat="35.0475654" lon="-118.1593678"><ele>829.57</ele><time>2026-06-26T11:23:43-05:00</time><course>229.0257</course><roll>11.34562</roll><pitch>30.36296</pitch><mode /></trkpt><trkpt lat="35.047565" lon="-118.1593717"><ele>829.57</ele><time>2026-06-26T11:23:43-05:00</time><course>225.9656</course><roll>9.864277</roll><pitch>32.00264</pitch><mode /></trkpt><trkpt lat="35.0475646" lon="-118.1593753"><ele>829.63</ele><time>2026-06-26T11:23:44-05:00</time><course>227.1266</course><roll>5.670392</roll><pitch>31.33155</pitch><mode /></trkpt><trkpt lat="35.0475641" lon="-118.1593783"><ele>829.58</ele><time>2026-06-26T11:23:44-05:00</time><course>232.3051</course><roll>17.52969</roll><pitch>33.75805</pitch><mode /></trkpt><trkpt lat="35.0475635" lon="-118.1593819"><ele>829.76</ele><time>2026-06-26T11:23:44-05:00</time><course>234.6971</course><roll>16.10298</roll><pitch>33.34671</pitch><mode /></trkpt><trkpt lat="35.0475632" lon="-118.1593852"><ele>829.75</ele><time>2026-06-26T11:23:44-05:00</time><course>234.6216</course><roll>14.23183</roll><pitch>31.67735</pitch><mode /></trkpt><trkpt lat="35.0475624" lon="-118.1593889"><ele>829.7</ele><time>2026-06-26T11:23:44-05:00</time><course>232.3551</course><roll>17.99688</roll><pitch>31.48781</pitch><mode /></trkpt><trkpt lat="35.0475617" lon="-118.1593925"><ele>829.72</ele><time>2026-06-26T11:23:45-05:00</time><course>227.2961</course><roll>13.56772</roll><pitch>32.6071</pitch><mode /></trkpt><trkpt lat="35.0475611" lon="-118.1593955"><ele>829.76</ele><time>2026-06-26T11:23:45-05:00</time><course>223.6225</course><roll>18.57222</roll><pitch>35.79422</pitch><mode /></trkpt><trkpt lat="35.0475602" lon="-118.1593992"><ele>829.71</ele><time>2026-06-26T11:23:45-05:00</time><course>222.0265</course><roll>19.75823</roll><pitch>38.03593</pitch><mode /></trkpt><trkpt lat="35.0475596" lon="-118.1594026"><ele>829.78</ele><time>2026-06-26T11:23:45-05:00</time><course>224.7289</course><roll>17.63655</roll><pitch>37.58091</pitch><mode /></trkpt><trkpt lat="35.0475593" lon="-118.1594054"><ele>829.76</ele><time>2026-06-26T11:23:45-05:00</time><course>226.7622</course><roll>20.61177</roll><pitch>35.93546</pitch><mode /></trkpt><trkpt lat="35.0475587" lon="-118.1594091"><ele>829.79</ele><time>2026-06-26T11:23:46-05:00</time><course>223.7624</course><roll>19.63864</roll><pitch>35.11977</pitch><mode /></trkpt><trkpt lat="35.0475581" lon="-118.1594124"><ele>829.86</ele><time>2026-06-26T11:23:46-05:00</time><course>218.9279</course><roll>21.3926</roll><pitch>36.12617</pitch><mode /></trkpt><trkpt lat="35.0475572" lon="-118.1594147"><ele>829.83</ele><time>2026-06-26T11:23:46-05:00</time><course>220.1419</course><roll>29.11647</roll><pitch>38.25862</pitch><mode /></trkpt><trkpt lat="35.0475563" lon="-118.1594176"><ele>829.93</ele><time>2026-06-26T11:23:46-05:00</time><course>227.1604</course><roll>32.51184</roll><pitch>37.51184</pitch><mode /></trkpt><trkpt lat="35.0475558" lon="-118.15942"><ele>830</ele><time>2026-06-26T11:23:46-05:00</time><course>233.186</course><roll>29.37498</roll><pitch>36.93266</pitch><mode /></trkpt><trkpt lat="35.0475551" lon="-118.1594225"><ele>829.95</ele><time>2026-06-26T11:23:47-05:00</time><course>229.8411</course><roll>29.20241</roll><pitch>36.84692</pitch><mode /></trkpt><trkpt lat="35.0475548" lon="-118.1594251"><ele>829.99</ele><time>2026-06-26T11:23:47-05:00</time><course>225.7909</course><roll>31.01195</roll><pitch>33.62061</pitch><mode /></trkpt><trkpt lat="35.0475544" lon="-118.1594274"><ele>830.03</ele><time>2026-06-26T11:23:47-05:00</time><course>221.4213</course><roll>32.51697</roll><pitch>32.90729</pitch><mode /></trkpt><trkpt lat="35.0475533" lon="-118.15943"><ele>829.96</ele><time>2026-06-26T11:23:47-05:00</time><course>218.1717</course><roll>36.6913</roll><pitch>34.97606</pitch><mode /></trkpt><trkpt lat="35.0475522" lon="-118.1594327"><ele>830.01</ele><time>2026-06-26T11:23:47-05:00</time><course>220.6656</course><roll>37.01134</roll><pitch>36.21243</pitch><mode /></trkpt><trkpt lat="35.0475517" lon="-118.1594346"><ele>830.06</ele><time>2026-06-26T11:23:48-05:00</time><course>226.2099</course><roll>33.5332</roll><pitch>35.52371</pitch><mode /></trkpt><trkpt lat="35.047551" lon="-118.1594373"><ele>830.02</ele><time>2026-06-26T11:23:48-05:00</time><course>225.9141</course><roll>32.35538</roll><pitch>35.77873</pitch><mode /></trkpt><trkpt lat="35.0475503" lon="-118.15944"><ele>830.06</ele><time>2026-06-26T11:23:48-05:00</time><course>221.7827</course><roll>28.10398</roll><pitch>34.22405</pitch><mode /></trkpt><trkpt lat="35.0475497" lon="-118.1594424"><ele>830.11</ele><time>2026-06-26T11:23:48-05:00</time><course>220.1802</course><roll>31.07271</roll><pitch>32.99566</pitch><mode /></trkpt><trkpt lat="35.0475486" lon="-118.1594435"><ele>829.99</ele><time>2026-06-26T11:23:48-05:00</time><course>220.0867</course><roll>30.02905</roll><pitch>33.36588</pitch><mode /></trkpt><trkpt lat="35.0475476" lon="-118.159445"><ele>829.94</ele><time>2026-06-26T11:23:49-05:00</time><course>225.8429</course><roll>25.73341</roll><pitch>33.36203</pitch><mode /></trkpt><trkpt lat="35.0475473" lon="-118.1594467"><ele>829.92</ele><time>2026-06-26T11:23:49-05:00</time><course>227.6228</course><roll>28.96416</roll><pitch>32.80902</pitch><mode /></trkpt><trkpt lat="35.0475467" lon="-118.1594497"><ele>829.92</ele><time>2026-06-26T11:23:49-05:00</time><course>226.1632</course><roll>25.4392</roll><pitch>33.30338</pitch><mode /></trkpt><trkpt lat="35.0475462" lon="-118.1594525"><ele>830.05</ele><time>2026-06-26T11:23:49-05:00</time><course>223.9985</course><roll>24.95766</roll><pitch>33.38127</pitch><mode /></trkpt><trkpt lat="35.0475456" lon="-118.1594553"><ele>830.1</ele><time>2026-06-26T11:23:49-05:00</time><course>223.0018</course><roll>25.16257</roll><pitch>33.09228</pitch><mode /></trkpt><trkpt lat="35.0475446" lon="-118.1594588"><ele>830.14</ele><time>2026-06-26T11:23:50-05:00</time><course>227.1228</course><roll>24.15923</roll><pitch>35.35512</pitch><mode /></trkpt><trkpt lat="35.0475437" lon="-118.159462"><ele>830.26</ele><time>2026-06-26T11:23:50-05:00</time><course>231.2605</course><roll>25.141</roll><pitch>35.13622</pitch><mode /></trkpt><trkpt lat="35.0475432" lon="-118.1594648"><ele>830.27</ele><time>2026-06-26T11:23:50-05:00</time><course>232.6684</course><roll>34.56771</roll><pitch>33.2182</pitch><mode /></trkpt><trkpt lat="35.0475424" lon="-118.1594686"><ele>830.34</ele><time>2026-06-26T11:23:50-05:00</time><course>228.9436</course><roll>26.46125</roll><pitch>32.28444</pitch><mode /></trkpt><trkpt lat="35.0475418" lon="-118.1594715"><ele>830.42</ele><time>2026-06-26T11:23:50-05:00</time><course>224.6431</course><roll>28.35582</roll><pitch>31.73181</pitch><mode /></trkpt><trkpt lat="35.0475411" lon="-118.159474"><ele>830.44</ele><time>2026-06-26T11:23:51-05:00</time><course>221.1112</course><roll>29.81214</roll><pitch>34.52945</pitch><mode /></trkpt><trkpt lat="35.0475405" lon="-118.1594767"><ele>830.53</ele><time>2026-06-26T11:23:51-05:00</time><course>223.3428</course><roll>35.48859</roll><pitch>35.07513</pitch><mode /></trkpt><trkpt lat="35.04754" lon="-118.1594792"><ele>830.61</ele><time>2026-06-26T11:23:51-05:00</time><course>226.4029</course><roll>31.44621</roll><pitch>35.65593</pitch><mode /></trkpt><trkpt lat="35.0475396" lon="-118.1594816"><ele>830.57</ele><time>2026-06-26T11:23:51-05:00</time><course>225.7711</course><roll>35.45572</roll><pitch>34.3838</pitch><mode /></trkpt><trkpt lat="35.0475394" lon="-118.1594839"><ele>830.65</ele><time>2026-06-26T11:23:51-05:00</time><course>221.9338</course><roll>31.93228</roll><pitch>33.91806</pitch><mode /></trkpt><trkpt lat="35.047539" lon="-118.1594862"><ele>830.73</ele><time>2026-06-26T11:23:52-05:00</time><course>218.2048</course><roll>38.0439</roll><pitch>37.03068</pitch><mode /></trkpt><trkpt lat="35.0475382" lon="-118.1594881"><ele>830.64</ele><time>2026-06-26T11:23:52-05:00</time><course>219.5384</course><roll>35.18977</roll><pitch>38.99559</pitch><mode /></trkpt><trkpt lat="35.0475374" lon="-118.1594905"><ele>830.76</ele><time>2026-06-26T11:23:52-05:00</time><course>224.0811</course><roll>28.5807</roll><pitch>37.27358</pitch><mode /></trkpt><trkpt lat="35.0475368" lon="-118.1594928"><ele>830.77</ele><time>2026-06-26T11:23:52-05:00</time><course>225.4402</course><roll>29.48755</roll><pitch>36.16151</pitch><mode /></trkpt><trkpt lat="35.0475361" lon="-118.1594959"><ele>830.81</ele><time>2026-06-26T11:23:52-05:00</time><course>223.2876</course><roll>21.34817</roll><pitch>36.8847</pitch><mode /></trkpt><trkpt lat="35.0475354" lon="-118.1594991"><ele>830.99</ele><time>2026-06-26T11:23:53-05:00</time><course>224.7164</course><roll>11.80822</roll><pitch>35.47663</pitch><mode /></trkpt><trkpt lat="35.0475348" lon="-118.1595017"><ele>831.04</ele><time>2026-06-26T11:23:53-05:00</time><course>228.0453</course><roll>13.55145</roll><pitch>35.07267</pitch><mode /></trkpt><trkpt lat="35.0475341" lon="-118.1595051"><ele>831.14</ele><time>2026-06-26T11:23:53-05:00</time><course>231.9646</course><roll>13.42236</roll><pitch>36.69722</pitch><mode /></trkpt><trkpt lat="35.0475336" lon="-118.1595082"><ele>831.28</ele><time>2026-06-26T11:23:53-05:00</time><course>237.5297</course><roll>13.82302</roll><pitch>33.29401</pitch><mode /></trkpt><trkpt lat="35.0475333" lon="-118.1595112"><ele>831.24</ele><time>2026-06-26T11:23:53-05:00</time><course>240.5962</course><roll>13.36347</roll><pitch>32.81647</pitch><mode /></trkpt><trkpt lat="35.0475327" lon="-118.1595153"><ele>831.34</ele><time>2026-06-26T11:23:54-05:00</time><course>237.1039</course><roll>-0.5102655</roll><pitch>34.70399</pitch><mode /></trkpt><trkpt lat="35.0475318" lon="-118.159519"><ele>831.36</ele><time>2026-06-26T11:23:54-05:00</time><course>233.1534</course><roll>-1.137813</roll><pitch>33.41488</pitch><mode /></trkpt><trkpt lat="35.0475309" lon="-118.1595227"><ele>831.35</ele><time>2026-06-26T11:23:54-05:00</time><course>228.2754</course><roll>6.109619</roll><pitch>31.2197</pitch><mode /></trkpt><trkpt lat="35.04753" lon="-118.1595259"><ele>831.54</ele><time>2026-06-26T11:23:54-05:00</time><course>227.2819</course><roll>16.73877</roll><pitch>27.54643</pitch><mode /></trkpt><trkpt lat="35.0475296" lon="-118.1595283"><ele>831.6</ele><time>2026-06-26T11:23:54-05:00</time><course>229.3215</course><roll>12.14283</roll><pitch>27.37601</pitch><mode /></trkpt><trkpt lat="35.047529" lon="-118.1595316"><ele>831.64</ele><time>2026-06-26T11:23:55-05:00</time><course>225.5636</course><roll>7.918964</roll><pitch>31.76521</pitch><mode /></trkpt><trkpt lat="35.0475282" lon="-118.1595346"><ele>831.74</ele><time>2026-06-26T11:23:55-05:00</time><course>220.8528</course><roll>11.03682</roll><pitch>34.97372</pitch><mode /></trkpt><trkpt lat="35.0475273" lon="-118.1595377"><ele>831.85</ele><time>2026-06-26T11:23:55-05:00</time><course>219.103</course><roll>7.96599</roll><pitch>42.43526</pitch><mode /></trkpt><trkpt lat="35.0475263" lon="-118.1595413"><ele>831.87</ele><time>2026-06-26T11:23:55-05:00</time><course>221.2221</course><roll>19.46592</roll><pitch>47.64783</pitch><mode /></trkpt><trkpt lat="35.0475258" lon="-118.1595445"><ele>831.89</ele><time>2026-06-26T11:23:55-05:00</time><course>214.7279</course><roll>13.29685</roll><pitch>52.32267</pitch><mode /></trkpt><trkpt lat="35.0475252" lon="-118.159547"><ele>831.8</ele><time>2026-06-26T11:23:56-05:00</time><course>211.3536</course><roll>1.424944</roll><pitch>44.83074</pitch><mode /></trkpt><trkpt lat="35.0475247" lon="-118.1595495"><ele>831.82</ele><time>2026-06-26T11:23:56-05:00</time><course>212.2234</course><roll>-1.146092</roll><pitch>35.01261</pitch><mode /></trkpt><trkpt lat="35.0475245" lon="-118.1595518"><ele>831.89</ele><time>2026-06-26T11:23:56-05:00</time><course>214.0623</course><roll>7.008323</roll><pitch>28.1063</pitch><mode /></trkpt><trkpt lat="35.047524" lon="-118.1595547"><ele>831.86</ele><time>2026-06-26T11:23:56-05:00</time><course>217.4222</course><roll>7.759227</roll><pitch>24.48388</pitch><mode /></trkpt><trkpt lat="35.0475232" lon="-118.1595573"><ele>831.87</ele><time>2026-06-26T11:23:56-05:00</time><course>223.3663</course><roll>0.9966251</roll><pitch>23.78152</pitch><mode /></trkpt><trkpt lat="35.047522" lon="-118.1595598"><ele>831.91</ele><time>2026-06-26T11:23:57-05:00</time><course>227.4421</course><roll>-4.111369</roll><pitch>25.10292</pitch><mode /></trkpt><trkpt lat="35.0475207" lon="-118.1595628"><ele>831.91</ele><time>2026-06-26T11:23:57-05:00</time><course>226.6295</course><roll>-7.166684</roll><pitch>25.32009</pitch><mode /></trkpt><trkpt lat="35.0475194" lon="-118.1595657"><ele>831.9</ele><time>2026-06-26T11:23:57-05:00</time><course>223.4433</course><roll>-0.6364069</roll><pitch>25.17531</pitch><mode /></trkpt><trkpt lat="35.0475182" lon="-118.1595689"><ele>831.89</ele><time>2026-06-26T11:23:57-05:00</time><course>217.1573</course><roll>2.943722</roll><pitch>25.21018</pitch><mode /></trkpt><trkpt lat="35.0475168" lon="-118.1595717"><ele>831.82</ele><time>2026-06-26T11:23:57-05:00</time><course>215.0151</course><roll>7.933858</roll><pitch>27.49059</pitch><mode /></trkpt><trkpt lat="35.0475147" lon="-118.159574"><ele>831.94</ele><time>2026-06-26T11:23:58-05:00</time><course>215.4834</course><roll>6.339061</roll><pitch>27.24548</pitch><mode /></trkpt><trkpt lat="35.0475131" lon="-118.1595765"><ele>831.86</ele><time>2026-06-26T11:23:58-05:00</time><course>215.9217</course><roll>7.937451</roll><pitch>27.21021</pitch><mode /></trkpt><trkpt lat="35.0475116" lon="-118.15958"><ele>831.97</ele><time>2026-06-26T11:23:58-05:00</time><course>214.9268</course><roll>3.010633</roll><pitch>26.34928</pitch><mode /></trkpt><trkpt lat="35.0475099" lon="-118.1595829"><ele>832.11</ele><time>2026-06-26T11:23:58-05:00</time><course>213.3737</course><roll>5.667572</roll><pitch>22.70256</pitch><mode /></trkpt><trkpt lat="35.0475079" lon="-118.1595867"><ele>832.32</ele><time>2026-06-26T11:23:58-05:00</time><course>214.3299</course><roll>8.140763</roll><pitch>17.56845</pitch><mode /></trkpt><trkpt lat="35.0475059" lon="-118.1595904"><ele>832.57</ele><time>2026-06-26T11:23:59-05:00</time><course>220.2612</course><roll>5.365332</roll><pitch>17.46878</pitch><mode /></trkpt><trkpt lat="35.0475037" lon="-118.159594"><ele>832.88</ele><time>2026-06-26T11:23:59-05:00</time><course>224.9018</course><roll>6.741272</roll><pitch>19.04567</pitch><mode /></trkpt><trkpt lat="35.047502" lon="-118.1595971"><ele>833.01</ele><time>2026-06-26T11:23:59-05:00</time><course>228.1227</course><roll>0.01385867</roll><pitch>19.15001</pitch><mode /></trkpt><trkpt lat="35.0475007" lon="-118.1596"><ele>833.1</ele><time>2026-06-26T11:23:59-05:00</time><course>221.8892</course><roll>-12.85809</roll><pitch>23.70809</pitch><mode /></trkpt><trkpt lat="35.0474999" lon="-118.1596027"><ele>833.19</ele><time>2026-06-26T11:23:59-05:00</time><course>219.2123</course><roll>-19.11961</roll><pitch>21.49846</pitch><mode /></trkpt><trkpt lat="35.0474986" lon="-118.1596056"><ele>833.25</ele><time>2026-06-26T11:24:00-05:00</time><course>221.7257</course><roll>-5.941166</roll><pitch>25.3469</pitch><mode /></trkpt><trkpt lat="35.0474971" lon="-118.1596088"><ele>833.36</ele><time>2026-06-26T11:24:00-05:00</time><course>224.646</course><roll>-1.933095</roll><pitch>26.01052</pitch><mode /></trkpt><trkpt lat="35.0474957" lon="-118.159612"><ele>833.35</ele><time>2026-06-26T11:24:00-05:00</time><course>225.8953</course><roll>-3.01909</roll><pitch>24.35026</pitch><mode /></trkpt><trkpt lat="35.0474945" lon="-118.159615"><ele>833.3</ele><time>2026-06-26T11:24:00-05:00</time><course>225.2855</course><roll>-3.698678</roll><pitch>26.29471</pitch><mode /></trkpt><trkpt lat="35.0474935" lon="-118.1596179"><ele>833.4</ele><time>2026-06-26T11:24:00-05:00</time><course>225.2349</course><roll>-0.2467326</roll><pitch>24.3145</pitch><mode /></trkpt><trkpt lat="35.0474922" lon="-118.15962"><ele>833.42</ele><time>2026-06-26T11:24:01-05:00</time><course>226.0911</course><roll>-3.856039</roll><pitch>22.8025</pitch><mode /></trkpt><trkpt lat="35.0474906" lon="-118.1596229"><ele>833.49</ele><time>2026-06-26T11:24:01-05:00</time><course>228.0164</course><roll>0.06193295</roll><pitch>22.48426</pitch><mode /></trkpt><trkpt lat="35.0474892" lon="-118.1596256"><ele>833.55</ele><time>2026-06-26T11:24:01-05:00</time><course>232.5829</course><roll>-0.4428221</roll><pitch>25.23068</pitch><mode /></trkpt><trkpt lat="35.0474881" lon="-118.1596277"><ele>833.53</ele><time>2026-06-26T11:24:01-05:00</time><course>232.687</course><roll>-1.660853</roll><pitch>28.51401</pitch><mode /></trkpt><trkpt lat="35.0474872" lon="-118.1596309"><ele>833.54</ele><time>2026-06-26T11:24:01-05:00</time><course>230.1143</course><roll>-2.876899</roll><pitch>29.04834</pitch><mode /></trkpt><trkpt lat="35.0474861" lon="-118.1596337"><ele>833.58</ele><time>2026-06-26T11:24:02-05:00</time><course>232.5192</course><roll>5.125918</roll><pitch>30.89359</pitch><mode /></trkpt><trkpt lat="35.0474853" lon="-118.1596362"><ele>833.48</ele><time>2026-06-26T11:24:02-05:00</time><course>230.6671</course><roll>4.628096</roll><pitch>34.31511</pitch><mode /></trkpt><trkpt lat="35.0474841" lon="-118.1596394"><ele>833.58</ele><time>2026-06-26T11:24:02-05:00</time><course>233.8988</course><roll>9.362114</roll><pitch>36.43245</pitch><mode /></trkpt><trkpt lat="35.0474829" lon="-118.1596428"><ele>833.75</ele><time>2026-06-26T11:24:02-05:00</time><course>238.4826</course><roll>4.759188</roll><pitch>35.41462</pitch><mode /></trkpt><trkpt lat="35.0474824" lon="-118.1596462"><ele>833.82</ele><time>2026-06-26T11:24:02-05:00</time><course>236.7757</course><roll>-5.90328</roll><pitch>35.19686</pitch><mode /></trkpt><trkpt lat="35.0474819" lon="-118.15965"><ele>833.93</ele><time>2026-06-26T11:24:03-05:00</time><course>240.3189</course><roll>-8.828576</roll><pitch>31.67359</pitch><mode /></trkpt><trkpt lat="35.0474811" lon="-118.1596529"><ele>833.87</ele><time>2026-06-26T11:24:03-05:00</time><course>246.5514</course><roll>-11.07467</roll><pitch>28.68291</pitch><mode /></trkpt><trkpt lat="35.0474801" lon="-118.1596563"><ele>833.76</ele><time>2026-06-26T11:24:03-05:00</time><course>253.5834</course><roll>-7.415763</roll><pitch>30.49267</pitch><mode /></trkpt><trkpt lat="35.0474792" lon="-118.1596598"><ele>833.74</ele><time>2026-06-26T11:24:03-05:00</time><course>257.0109</course><roll>-28.91421</roll><pitch>26.54714</pitch><mode /></trkpt><trkpt lat="35.0474789" lon="-118.159663"><ele>833.62</ele><time>2026-06-26T11:24:03-05:00</time><course>248.8838</course><roll>-19.97073</roll><pitch>24.83481</pitch><mode /></trkpt><trkpt lat="35.0474785" lon="-118.1596674"><ele>833.7</ele><time>2026-06-26T11:24:04-05:00</time><course>244.3184</course><roll>-34.56951</roll><pitch>28.47607</pitch><mode /></trkpt><trkpt lat="35.0474777" lon="-118.1596715"><ele>833.81</ele><time>2026-06-26T11:24:04-05:00</time><course>240.724</course><roll>-34.20223</roll><pitch>33.78389</pitch><mode /></trkpt><trkpt lat="35.0474768" lon="-118.1596751"><ele>833.84</ele><time>2026-06-26T11:24:04-05:00</time><course>235.2666</course><roll>-22.53899</roll><pitch>38.69789</pitch><mode /></trkpt><trkpt lat="35.0474754" lon="-118.1596786"><ele>833.69</ele><time>2026-06-26T11:24:04-05:00</time><course>242.5144</course><roll>-0.09083115</roll><pitch>31.77569</pitch><mode /></trkpt><trkpt lat="35.0474735" lon="-118.1596818"><ele>833.73</ele><time>2026-06-26T11:24:04-05:00</time><course>245.8799</course><roll>-12.87197</roll><pitch>29.55824</pitch><mode /></trkpt><trkpt lat="35.0474716" lon="-118.1596848"><ele>833.81</ele><time>2026-06-26T11:24:05-05:00</time><course>242.5906</course><roll>-12.68705</roll><pitch>36.14239</pitch><mode /></trkpt><trkpt lat="35.0474697" lon="-118.1596879"><ele>833.86</ele><time>2026-06-26T11:24:05-05:00</time><course>237.7094</course><roll>-10.63084</roll><pitch>38.88274</pitch><mode /></trkpt><trkpt lat="35.0474678" lon="-118.1596907"><ele>834.02</ele><time>2026-06-26T11:24:05-05:00</time><course>237.1576</course><roll>-5.111627</roll><pitch>34.67947</pitch><mode /></trkpt><trkpt lat="35.0474652" lon="-118.1596937"><ele>834.13</ele><time>2026-06-26T11:24:05-05:00</time><course>236.8471</course><roll>-1.17374</roll><pitch>35.98415</pitch><mode /></trkpt><trkpt lat="35.0474627" lon="-118.1596958"><ele>834.13</ele><time>2026-06-26T11:24:05-05:00</time><course>238.3147</course><roll>5.257881</roll><pitch>37.1805</pitch><mode /></trkpt><trkpt lat="35.0474603" lon="-118.1596979"><ele>834.16</ele><time>2026-06-26T11:24:06-05:00</time><course>237.4027</course><roll>4.622504</roll><pitch>34.70272</pitch><mode /></trkpt><trkpt lat="35.0474577" lon="-118.1597008"><ele>834.13</ele><time>2026-06-26T11:24:06-05:00</time><course>232.6215</course><roll>0.3093247</roll><pitch>36.2108</pitch><mode /></trkpt><trkpt lat="35.0474552" lon="-118.1597037"><ele>834.34</ele><time>2026-06-26T11:24:06-05:00</time><course>229.2277</course><roll>3.770655</roll><pitch>37.30584</pitch><mode /></trkpt><trkpt lat="35.0474529" lon="-118.1597059"><ele>834.37</ele><time>2026-06-26T11:24:06-05:00</time><course>232.0713</course><roll>9.292918</roll><pitch>39.30067</pitch><mode /></trkpt><trkpt lat="35.0474508" lon="-118.1597091"><ele>834.4</ele><time>2026-06-26T11:24:06-05:00</time><course>236.7213</course><roll>9.165094</roll><pitch>43.43443</pitch><mode /></trkpt><trkpt lat="35.0474484" lon="-118.159712"><ele>834.58</ele><time>2026-06-26T11:24:07-05:00</time><course>236.1479</course><roll>10.93172</roll><pitch>39.29244</pitch><mode /></trkpt><trkpt lat="35.0474458" lon="-118.1597141"><ele>834.44</ele><time>2026-06-26T11:24:07-05:00</time><course>231.4442</course><roll>3.052511</roll><pitch>38.32059</pitch><mode /></trkpt><trkpt lat="35.0474428" lon="-118.1597167"><ele>834.51</ele><time>2026-06-26T11:24:07-05:00</time><course>223.6971</course><roll>0.9298841</roll><pitch>42.81972</pitch><mode /></trkpt><trkpt lat="35.0474396" lon="-118.159719"><ele>834.59</ele><time>2026-06-26T11:24:07-05:00</time><course>222.2983</course><roll>-1.520489</roll><pitch>43.91806</pitch><mode /></trkpt><trkpt lat="35.0474368" lon="-118.1597209"><ele>834.52</ele><time>2026-06-26T11:24:07-05:00</time><course>224.4349</course><roll>-7.960259</roll><pitch>46.579</pitch><mode /></trkpt><trkpt lat="35.0474348" lon="-118.1597222"><ele>834.46</ele><time>2026-06-26T11:24:08-05:00</time><course>231.9664</course><roll>1.960515</roll><pitch>41.18963</pitch><mode /></trkpt><trkpt lat="35.0474328" lon="-118.1597238"><ele>834.47</ele><time>2026-06-26T11:24:08-05:00</time><course>236.7926</course><roll>1.126331</roll><pitch>37.99501</pitch><mode /></trkpt><trkpt lat="35.0474309" lon="-118.1597264"><ele>834.33</ele><time>2026-06-26T11:24:08-05:00</time><course>236.5957</course><roll>-2.40339</roll><pitch>39.22087</pitch><mode /></trkpt><trkpt lat="35.0474293" lon="-118.1597291"><ele>834.23</ele><time>2026-06-26T11:24:08-05:00</time><course>233.0795</course><roll>-5.736174</roll><pitch>36.02197</pitch><mode /></trkpt><trkpt lat="35.0474275" lon="-118.1597312"><ele>833.93</ele><time>2026-06-26T11:24:08-05:00</time><course>230.3172</course><roll>-8.310044</roll><pitch>34.24867</pitch><mode /></trkpt><trkpt lat="35.0474256" lon="-118.1597338"><ele>833.65</ele><time>2026-06-26T11:24:09-05:00</time><course>227.0294</course><roll>-8.324903</roll><pitch>33.08552</pitch><mode /></trkpt><trkpt lat="35.0474246" lon="-118.1597374"><ele>833.57</ele><time>2026-06-26T11:24:09-05:00</time><course>225.278</course><roll>-5.499873</roll><pitch>29.67501</pitch><mode /></trkpt><trkpt lat="35.047423" lon="-118.1597404"><ele>833.37</ele><time>2026-06-26T11:24:09-05:00</time><course>218.4572</course><roll>-2.090401</roll><pitch>24.40564</pitch><mode /></trkpt><trkpt lat="35.0474212" lon="-118.1597431"><ele>833.21</ele><time>2026-06-26T11:24:09-05:00</time><course>211.8754</course><roll>-4.287241</roll><pitch>21.8017</pitch><mode /></trkpt><trkpt lat="35.0474195" lon="-118.1597453"><ele>833.17</ele><time>2026-06-26T11:24:09-05:00</time><course>208.4962</course><roll>-2.306776</roll><pitch>23.57727</pitch><mode /></trkpt><trkpt lat="35.0474173" lon="-118.1597468"><ele>833.13</ele><time>2026-06-26T11:24:10-05:00</time><course>211.5787</course><roll>4.787201</roll><pitch>26.65068</pitch><mode /></trkpt><trkpt lat="35.0474157" lon="-118.1597488"><ele>833.09</ele><time>2026-06-26T11:24:10-05:00</time><course>219.0229</course><roll>2.302694</roll><pitch>26.86913</pitch><mode /></trkpt><trkpt lat="35.047414" lon="-118.1597512"><ele>833.09</ele><time>2026-06-26T11:24:10-05:00</time><course>221.5707</course><roll>2.185186</roll><pitch>24.35967</pitch><mode /></trkpt><trkpt lat="35.0474118" lon="-118.1597537"><ele>833.1</ele><time>2026-06-26T11:24:10-05:00</time><course>218.5888</course><roll>-0.9791278</roll><pitch>25.04958</pitch><mode /></trkpt><trkpt lat="35.0474101" lon="-118.1597565"><ele>833.21</ele><time>2026-06-26T11:24:10-05:00</time><course>218.5671</course><roll>-5.175637</roll><pitch>23.73397</pitch><mode /></trkpt><trkpt lat="35.0474084" lon="-118.1597593"><ele>833.19</ele><time>2026-06-26T11:24:11-05:00</time><course>218.832</course><roll>0.8721061</roll><pitch>21.85147</pitch><mode /></trkpt><trkpt lat="35.0474064" lon="-118.1597616"><ele>833.21</ele><time>2026-06-26T11:24:11-05:00</time><course>224.4717</course><roll>2.60585</roll><pitch>22.8908</pitch><mode /></trkpt><trkpt lat="35.047404" lon="-118.1597634"><ele>833.22</ele><time>2026-06-26T11:24:11-05:00</time><course>227.6401</course><roll>0.07635204</roll><pitch>20.89449</pitch><mode /></trkpt><trkpt lat="35.0474018" lon="-118.1597662"><ele>833.08</ele><time>2026-06-26T11:24:11-05:00</time><course>224.9731</course><roll>-3.667833</roll><pitch>20.61827</pitch><mode /></trkpt><trkpt lat="35.0473996" lon="-118.1597693"><ele>833.03</ele><time>2026-06-26T11:24:11-05:00</time><course>221.8881</course><roll>-12.94799</roll><pitch>21.50263</pitch><mode /></trkpt><trkpt lat="35.0473972" lon="-118.1597718"><ele>832.88</ele><time>2026-06-26T11:24:12-05:00</time><course>219.8168</course><roll>-3.141036</roll><pitch>23.07625</pitch><mode /></trkpt><trkpt lat="35.0473948" lon="-118.1597743"><ele>832.7</ele><time>2026-06-26T11:24:12-05:00</time><course>218.6887</course><roll>-2.745507</roll><pitch>27.12484</pitch><mode /></trkpt><trkpt lat="35.0473926" lon="-118.1597764"><ele>832.73</ele><time>2026-06-26T11:24:12-05:00</time><course>219.7105</course><roll>-6.426466</roll><pitch>28.67548</pitch><mode /></trkpt><trkpt lat="35.0473903" lon="-118.1597788"><ele>832.72</ele><time>2026-06-26T11:24:12-05:00</time><course>219.7819</course><roll>-8.460964</roll><pitch>31.8804</pitch><mode /></trkpt><trkpt lat="35.0473881" lon="-118.1597814"><ele>832.71</ele><time>2026-06-26T11:24:12-05:00</time><course>216.5238</course><roll>-6.674388</roll><pitch>32.65131</pitch><mode /></trkpt><trkpt lat="35.0473858" lon="-118.1597832"><ele>832.8</ele><time>2026-06-26T11:24:13-05:00</time><course>211.8243</course><roll>1.47919</roll><pitch>33.13589</pitch><mode /></trkpt><trkpt lat="35.0473836" lon="-118.1597847"><ele>832.81</ele><time>2026-06-26T11:24:13-05:00</time><course>214.7448</course><roll>3.172434</roll><pitch>36.06763</pitch><mode /></trkpt><trkpt lat="35.0473818" lon="-118.1597862"><ele>832.95</ele><time>2026-06-26T11:24:13-05:00</time><course>223.7645</course><roll>1.235437</roll><pitch>35.61119</pitch><mode /></trkpt><trkpt lat="35.0473801" lon="-118.1597882"><ele>832.89</ele><time>2026-06-26T11:24:13-05:00</time><course>231.6718</course><roll>8.284966</roll><pitch>34.95747</pitch><mode /></trkpt><trkpt lat="35.0473783" lon="-118.1597905"><ele>832.89</ele><time>2026-06-26T11:24:13-05:00</time><course>230.335</course><roll>1.237655</roll><pitch>37.94766</pitch><mode /></trkpt><trkpt lat="35.0473768" lon="-118.159793"><ele>832.94</ele><time>2026-06-26T11:24:14-05:00</time><course>232.047</course><roll>-0.8900616</roll><pitch>38.37561</pitch><mode /></trkpt><trkpt lat="35.0473748" lon="-118.1597954"><ele>832.85</ele><time>2026-06-26T11:24:14-05:00</time><course>237.4914</course><roll>1.24786</roll><pitch>37.30632</pitch><mode /></trkpt><trkpt lat="35.0473734" lon="-118.1597976"><ele>832.89</ele><time>2026-06-26T11:24:14-05:00</time><course>239.313</course><roll>2.074518</roll><pitch>36.6491</pitch><mode /></trkpt><trkpt lat="35.0473725" lon="-118.1598005"><ele>832.9</ele><time>2026-06-26T11:24:14-05:00</time><course>244.9677</course><roll>2.779636</roll><pitch>35.7142</pitch><mode /></trkpt><trkpt lat="35.0473716" lon="-118.1598041"><ele>832.95</ele><time>2026-06-26T11:24:14-05:00</time><course>247.2591</course><roll>4.522893</roll><pitch>32.22759</pitch><mode /></trkpt><trkpt lat="35.0473704" lon="-118.1598076"><ele>833.04</ele><time>2026-06-26T11:24:15-05:00</time><course>243.559</course><roll>-3.347732</roll><pitch>27.0512</pitch><mode /></trkpt><trkpt lat="35.04737" lon="-118.1598092"><ele>832.81</ele><time>2026-06-26T11:24:15-05:00</time><course>241.8967</course><roll>-6.121052</roll><pitch>27.56387</pitch><mode /></trkpt><trkpt lat="35.0473692" lon="-118.1598108"><ele>832.68</ele><time>2026-06-26T11:24:15-05:00</time><course>240.619</course><roll>-19.67686</roll><pitch>27.82188</pitch><mode /></trkpt><trkpt lat="35.0473682" lon="-118.1598115"><ele>832.48</ele><time>2026-06-26T11:24:15-05:00</time><course>239.8772</course><roll>-24.90522</roll><pitch>27.2237</pitch><mode /></trkpt><trkpt lat="35.0473668" lon="-118.1598135"><ele>832.26</ele><time>2026-06-26T11:24:15-05:00</time><course>244.3717</course><roll>-19.5288</roll><pitch>28.82713</pitch><mode /></trkpt><trkpt lat="35.047366" lon="-118.159816"><ele>832.2</ele><time>2026-06-26T11:24:16-05:00</time><course>244.2718</course><roll>-14.58644</roll><pitch>29.17819</pitch><mode /></trkpt><trkpt lat="35.0473646" lon="-118.1598182"><ele>831.99</ele><time>2026-06-26T11:24:16-05:00</time><course>240.5579</course><roll>-12.85529</roll><pitch>29.38611</pitch><mode /></trkpt><trkpt lat="35.0473632" lon="-118.1598208"><ele>831.85</ele><time>2026-06-26T11:24:16-05:00</time><course>233.3587</course><roll>-14.81162</roll><pitch>31.33398</pitch><mode /></trkpt><trkpt lat="35.0473623" lon="-118.1598239"><ele>831.71</ele><time>2026-06-26T11:24:16-05:00</time><course>228.2694</course><roll>-15.29222</roll><pitch>29.99225</pitch><mode /></trkpt><trkpt lat="35.0473607" lon="-118.1598273"><ele>831.57</ele><time>2026-06-26T11:24:16-05:00</time><course>225.266</course><roll>-18.57257</roll><pitch>30.46428</pitch><mode /></trkpt><trkpt lat="35.0473594" lon="-118.1598305"><ele>831.44</ele><time>2026-06-26T11:24:17-05:00</time><course>225.6999</course><roll>-13.22634</roll><pitch>30.24221</pitch><mode /></trkpt><trkpt lat="35.0473579" lon="-118.1598334"><ele>831.33</ele><time>2026-06-26T11:24:17-05:00</time><course>227.043</course><roll>-10.85437</roll><pitch>29.50891</pitch><mode /></trkpt><trkpt lat="35.0473557" lon="-118.159836"><ele>831.15</ele><time>2026-06-26T11:24:17-05:00</time><course>229.5451</course><roll>-6.637932</roll><pitch>30.27121</pitch><mode /></trkpt><trkpt lat="35.0473532" lon="-118.1598386"><ele>830.95</ele><time>2026-06-26T11:24:17-05:00</time><course>234.354</course><roll>-14.11048</roll><pitch>28.4777</pitch><mode /></trkpt><trkpt lat="35.0473509" lon="-118.1598416"><ele>830.75</ele><time>2026-06-26T11:24:17-05:00</time><course>239.8646</course><roll>-8.915851</roll><pitch>26.36053</pitch><mode /></trkpt><trkpt lat="35.0473488" lon="-118.1598445"><ele>830.54</ele><time>2026-06-26T11:24:18-05:00</time><course>239.6387</course><roll>-12.94752</roll><pitch>26.27066</pitch><mode /></trkpt><trkpt lat="35.0473467" lon="-118.1598471"><ele>830.28</ele><time>2026-06-26T11:24:18-05:00</time><course>236.7657</course><roll>-10.5053</roll><pitch>25.13257</pitch><mode /></trkpt><trkpt lat="35.0473448" lon="-118.1598498"><ele>829.97</ele><time>2026-06-26T11:24:18-05:00</time><course>237.4493</course><roll>-6.867214</roll><pitch>24.2663</pitch><mode /></trkpt><trkpt lat="35.0473435" lon="-118.1598518"><ele>829.82</ele><time>2026-06-26T11:24:18-05:00</time><course>241.8597</course><roll>-7.844282</roll><pitch>26.25227</pitch><mode /></trkpt><trkpt lat="35.0473418" lon="-118.1598534"><ele>829.66</ele><time>2026-06-26T11:24:18-05:00</time><course>246.6304</course><roll>-3.806986</roll><pitch>28.112</pitch><mode /></trkpt><trkpt lat="35.0473395" lon="-118.1598557"><ele>829.51</ele><time>2026-06-26T11:24:19-05:00</time><course>250.3278</course><roll>-5.857262</roll><pitch>30.97726</pitch><mode /></trkpt><trkpt lat="35.047338" lon="-118.1598584"><ele>829.41</ele><time>2026-06-26T11:24:19-05:00</time><course>250.103</course><roll>-4.850301</roll><pitch>28.0865</pitch><mode /></trkpt><trkpt lat="35.0473365" lon="-118.1598612"><ele>829.3</ele><time>2026-06-26T11:24:19-05:00</time><course>246.9108</course><roll>-7.741718</roll><pitch>28.02731</pitch><mode /></trkpt><trkpt lat="35.0473355" lon="-118.1598634"><ele>829.21</ele><time>2026-06-26T11:24:19-05:00</time><course>246.4754</course><roll>-7.685207</roll><pitch>30.59266</pitch><mode /></trkpt><trkpt lat="35.047335" lon="-118.1598658"><ele>829.09</ele><time>2026-06-26T11:24:19-05:00</time><course>255.9227</course><roll>-7.53683</roll><pitch>29.43804</pitch><mode /></trkpt><trkpt lat="35.0473342" lon="-118.1598695"><ele>829.06</ele><time>2026-06-26T11:24:20-05:00</time><course>256.7975</course><roll>-13.13931</roll><pitch>29.38855</pitch><mode /></trkpt><trkpt lat="35.047334" lon="-118.1598727"><ele>829.04</ele><time>2026-06-26T11:24:20-05:00</time><course>255.5811</course><roll>-17.09356</roll><pitch>26.24037</pitch><mode /></trkpt><trkpt lat="35.0473343" lon="-118.1598763"><ele>828.86</ele><time>2026-06-26T11:24:20-05:00</time><course>252.0814</course><roll>-9.301914</roll><pitch>26.19356</pitch><mode /></trkpt><trkpt lat="35.0473337" lon="-118.1598794"><ele>828.82</ele><time>2026-06-26T11:24:20-05:00</time><course>247.8575</course><roll>-8.773091</roll><pitch>31.31546</pitch><mode /></trkpt><trkpt lat="35.0473335" lon="-118.1598826"><ele>828.79</ele><time>2026-06-26T11:24:20-05:00</time><course>254.29</course><roll>-6.252096</roll><pitch>34.72137</pitch><mode /></trkpt><trkpt lat="35.0473326" lon="-118.1598858"><ele>828.65</ele><time>2026-06-26T11:24:21-05:00</time><course>258.3407</course><roll>-12.60787</roll><pitch>35.64682</pitch><mode /></trkpt><trkpt lat="35.047332" lon="-118.1598893"><ele>828.59</ele><time>2026-06-26T11:24:21-05:00</time><course>251.398</course><roll>-21.41442</roll><pitch>33.9875</pitch><mode /></trkpt><trkpt lat="35.0473319" lon="-118.1598928"><ele>828.51</ele><time>2026-06-26T11:24:21-05:00</time><course>240.7254</course><roll>-13.05225</roll><pitch>29.79679</pitch><mode /></trkpt><trkpt lat="35.0473313" lon="-118.1598965"><ele>828.44</ele><time>2026-06-26T11:24:21-05:00</time><course>233.6948</course><roll>-12.69054</roll><pitch>23.24066</pitch><mode /></trkpt><trkpt lat="35.0473305" lon="-118.1598996"><ele>828.47</ele><time>2026-06-26T11:24:21-05:00</time><course>231.7746</course><roll>-17.00175</roll><pitch>15.5136</pitch><mode /></trkpt><trkpt lat="35.0473299" lon="-118.1599025"><ele>828.35</ele><time>2026-06-26T11:24:22-05:00</time><course>231.3706</course><roll>-24.05407</roll><pitch>13.11738</pitch><mode /></trkpt><trkpt lat="35.0473281" lon="-118.159906"><ele>828.4</ele><time>2026-06-26T11:24:22-05:00</time><course>229.9296</course><roll>-24.39312</roll><pitch>17.81782</pitch><mode /></trkpt><trkpt lat="35.0473265" lon="-118.1599089"><ele>828.5</ele><time>2026-06-26T11:24:22-05:00</time><course>230.5655</course><roll>-27.60436</roll><pitch>23.91381</pitch><mode /></trkpt><trkpt lat="35.0473253" lon="-118.159912"><ele>828.52</ele><time>2026-06-26T11:24:22-05:00</time><course>227.5453</course><roll>-29.99461</roll><pitch>31.67481</pitch><mode /></trkpt><trkpt lat="35.0473246" lon="-118.1599153"><ele>828.37</ele><time>2026-06-26T11:24:22-05:00</time><course>232.3788</course><roll>-24.53424</roll><pitch>36.00732</pitch><mode /></trkpt><trkpt lat="35.0473247" lon="-118.1599187"><ele>828.16</ele><time>2026-06-26T11:24:23-05:00</time><course>243.4211</course><roll>-19.9316</roll><pitch>32.77672</pitch><mode /></trkpt><trkpt lat="35.0473241" lon="-118.1599227"><ele>828</ele><time>2026-06-26T11:24:23-05:00</time><course>240.5822</course><roll>-19.41368</roll><pitch>33.8937</pitch><mode /></trkpt><trkpt lat="35.0473237" lon="-118.1599262"><ele>827.84</ele><time>2026-06-26T11:24:23-05:00</time><course>231.1948</course><roll>-17.025</roll><pitch>31.64275</pitch><mode /></trkpt><trkpt lat="35.0473232" lon="-118.1599292"><ele>827.67</ele><time>2026-06-26T11:24:23-05:00</time><course>223.2517</course><roll>-24.31646</roll><pitch>27.00634</pitch><mode /></trkpt><trkpt lat="35.0473233" lon="-118.1599326"><ele>827.61</ele><time>2026-06-26T11:24:23-05:00</time><course>221.9057</course><roll>-20.65668</roll><pitch>29.1227</pitch><mode /></trkpt><trkpt lat="35.0473234" lon="-118.1599355"><ele>827.58</ele><time>2026-06-26T11:24:24-05:00</time><course>234.3965</course><roll>-17.93139</roll><pitch>26.3339</pitch><mode /></trkpt><trkpt lat="35.0473232" lon="-118.159939"><ele>827.49</ele><time>2026-06-26T11:24:24-05:00</time><course>245.3558</course><roll>-19.49039</roll><pitch>23.27402</pitch><mode /></trkpt><trkpt lat="35.0473224" lon="-118.1599431"><ele>827.38</ele><time>2026-06-26T11:24:24-05:00</time><course>243.6996</course><roll>-22.11751</roll><pitch>29.96629</pitch><mode /></trkpt><trkpt lat="35.0473217" lon="-118.1599468"><ele>827.39</ele><time>2026-06-26T11:24:24-05:00</time><course>237.4341</course><roll>-27.06992</roll><pitch>34.76185</pitch><mode /></trkpt><trkpt lat="35.0473213" lon="-118.1599503"><ele>827.13</ele><time>2026-06-26T11:24:24-05:00</time><course>233.9765</course><roll>-22.91766</roll><pitch>36.80775</pitch><mode /></trkpt><trkpt lat="35.0473208" lon="-118.1599541"><ele>827.04</ele><time>2026-06-26T11:24:25-05:00</time><course>242.1395</course><roll>-13.49507</roll><pitch>30.96494</pitch><mode /></trkpt><trkpt lat="35.0473209" lon="-118.1599581"><ele>826.97</ele><time>2026-06-26T11:24:25-05:00</time><course>246.7365</course><roll>-14.22156</roll><pitch>24.98725</pitch><mode /></trkpt><trkpt lat="35.0473208" lon="-118.1599619"><ele>826.78</ele><time>2026-06-26T11:24:25-05:00</time><course>242.3243</course><roll>-16.1165</roll><pitch>27.48253</pitch><mode /></trkpt><trkpt lat="35.0473206" lon="-118.1599655"><ele>826.7</ele><time>2026-06-26T11:24:25-05:00</time><course>237.9786</course><roll>-14.16702</roll><pitch>30.71865</pitch><mode /></trkpt><trkpt lat="35.0473205" lon="-118.159969"><ele>826.59</ele><time>2026-06-26T11:24:25-05:00</time><course>239.0244</course><roll>-17.84526</roll><pitch>25.97844</pitch><mode /></trkpt><trkpt lat="35.0473199" lon="-118.1599724"><ele>826.44</ele><time>2026-06-26T11:24:26-05:00</time><course>238.8495</course><roll>-12.9506</roll><pitch>26.30307</pitch><mode /></trkpt><trkpt lat="35.0473192" lon="-118.1599752"><ele>826.42</ele><time>2026-06-26T11:24:26-05:00</time><course>245.1562</course><roll>-13.94002</roll><pitch>22.14273</pitch><mode /></trkpt><trkpt lat="35.0473188" lon="-118.1599784"><ele>826.38</ele><time>2026-06-26T11:24:26-05:00</time><course>249.6228</course><roll>-23.35928</roll><pitch>17.90728</pitch><mode /></trkpt><trkpt lat="35.0473181" lon="-118.1599822"><ele>826.45</ele><time>2026-06-26T11:24:26-05:00</time><course>249.4363</course><roll>-21.80698</roll><pitch>24.26069</pitch><mode /></trkpt><trkpt lat="35.0473173" lon="-118.1599853"><ele>826.58</ele><time>2026-06-26T11:24:26-05:00</time><course>248.6483</course><roll>-20.50319</roll><pitch>28.90564</pitch><mode /></trkpt><trkpt lat="35.0473162" lon="-118.1599879"><ele>826.52</ele><time>2026-06-26T11:24:27-05:00</time><course>246.4913</course><roll>-13.80164</roll><pitch>31.46577</pitch><mode /></trkpt><trkpt lat="35.047315" lon="-118.1599902"><ele>826.62</ele><time>2026-06-26T11:24:27-05:00</time><course>249.5412</course><roll>-9.824782</roll><pitch>27.53889</pitch><mode /></trkpt><trkpt lat="35.0473139" lon="-118.1599924"><ele>826.61</ele><time>2026-06-26T11:24:27-05:00</time><course>250.392</course><roll>-18.02057</roll><pitch>23.92283</pitch><mode /></trkpt><trkpt lat="35.0473131" lon="-118.1599948"><ele>826.44</ele><time>2026-06-26T11:24:27-05:00</time><course>241.508</course><roll>-21.87742</roll><pitch>26.32984</pitch><mode /></trkpt><trkpt lat="35.0473125" lon="-118.1599975"><ele>826.32</ele><time>2026-06-26T11:24:27-05:00</time><course>235.7057</course><roll>-23.50749</roll><pitch>28.42961</pitch><mode /></trkpt><trkpt lat="35.0473118" lon="-118.1599998"><ele>826.3</ele><time>2026-06-26T11:24:28-05:00</time><course>238.0239</course><roll>-19.14228</roll><pitch>27.20227</pitch><mode /></trkpt><trkpt lat="35.0473109" lon="-118.160002"><ele>826.28</ele><time>2026-06-26T11:24:28-05:00</time><course>236.1403</course><roll>-17.43727</roll><pitch>29.96703</pitch><mode /></trkpt><trkpt lat="35.0473101" lon="-118.1600042"><ele>826.28</ele><time>2026-06-26T11:24:28-05:00</time><course>235.3143</course><roll>-10.60206</roll><pitch>30.30062</pitch><mode /></trkpt><trkpt lat="35.0473094" lon="-118.1600067"><ele>826.49</ele><time>2026-06-26T11:24:28-05:00</time><course>228.6853</course><roll>-17.71887</roll><pitch>28.20123</pitch><mode /></trkpt><trkpt lat="35.0473086" lon="-118.1600094"><ele>826.68</ele><time>2026-06-26T11:24:28-05:00</time><course>223.6228</course><roll>-18.33034</roll><pitch>25.28777</pitch><mode /></trkpt><trkpt lat="35.0473082" lon="-118.1600122"><ele>826.78</ele><time>2026-06-26T11:24:29-05:00</time><course>216.1544</course><roll>-27.98837</roll><pitch>17.47027</pitch><mode /></trkpt><trkpt lat="35.0473078" lon="-118.1600144"><ele>826.96</ele><time>2026-06-26T11:24:29-05:00</time><course>212.1488</course><roll>-34.12649</roll><pitch>10.0563</pitch><mode /></trkpt><trkpt lat="35.0473074" lon="-118.1600158"><ele>826.94</ele><time>2026-06-26T11:24:29-05:00</time><course>218.8302</course><roll>-18.56645</roll><pitch>6.936447</pitch><mode /></trkpt><trkpt lat="35.0473068" lon="-118.1600164"><ele>827.03</ele><time>2026-06-26T11:24:29-05:00</time><course>220.1624</course><roll>-8.528526</roll><pitch>10.76952</pitch><mode /></trkpt><trkpt lat="35.0473064" lon="-118.1600167"><ele>827.14</ele><time>2026-06-26T11:24:29-05:00</time><course>214.2744</course><roll>14.25642</roll><pitch>11.68795</pitch><mode /></trkpt><trkpt lat="35.0473061" lon="-118.160017"><ele>827.29</ele><time>2026-06-26T11:24:30-05:00</time><course>202.2243</course><roll>20.75155</roll><pitch>14.84169</pitch><mode /></trkpt><trkpt lat="35.0473058" lon="-118.1600174"><ele>827.51</ele><time>2026-06-26T11:24:30-05:00</time><course>195.2096</course><roll>26.91079</roll><pitch>17.85344</pitch><mode /></trkpt><trkpt lat="35.047305" lon="-118.1600177"><ele>827.66</ele><time>2026-06-26T11:24:30-05:00</time><course>182.7864</course><roll>35.56276</roll><pitch>20.90392</pitch><mode /></trkpt><trkpt lat="35.0473033" lon="-118.1600174"><ele>827.84</ele><time>2026-06-26T11:24:30-05:00</time><course>151.4967</course><roll>35.71849</roll><pitch>18.12992</pitch><mode /></trkpt><trkpt lat="35.0473026" lon="-118.1600175"><ele>827.85</ele><time>2026-06-26T11:24:31-05:00</time><course>138.3842</course><roll>29.47924</roll><pitch>16.64563</pitch><mode /></trkpt><trkpt lat="35.0473022" lon="-118.1600176"><ele>827.91</ele><time>2026-06-26T11:24:31-05:00</time><course>139.3435</course><roll>27.06982</roll><pitch>16.79908</pitch><mode /></trkpt><trkpt lat="35.0473024" lon="-118.1600174"><ele>828.07</ele><time>2026-06-26T11:24:31-05:00</time><course>153.9727</course><roll>20.38951</roll><pitch>16.49599</pitch><mode /></trkpt><trkpt lat="35.0473028" lon="-118.1600173"><ele>828.04</ele><time>2026-06-26T11:24:31-05:00</time><course>179.4906</course><roll>15.62318</roll><pitch>14.97796</pitch><mode /></trkpt><trkpt lat="35.0473032" lon="-118.1600182"><ele>828.1</ele><time>2026-06-26T11:24:32-05:00</time><course>229.7733</course><roll>-18.46032</roll><pitch>19.55518</pitch><mode /></trkpt><trkpt lat="35.047303" lon="-118.1600189"><ele>828.15</ele><time>2026-06-26T11:24:32-05:00</time><course>248.6265</course><roll>-22.63446</roll><pitch>28.27184</pitch><mode /></trkpt><trkpt lat="35.0473031" lon="-118.1600191"><ele>828.08</ele><time>2026-06-26T11:24:32-05:00</time><course>257.2512</course><roll>-19.14263</roll><pitch>33.35065</pitch><mode /></trkpt><trkpt lat="35.0473034" lon="-118.1600193"><ele>827.93</ele><time>2026-06-26T11:24:32-05:00</time><course>253.7467</course><roll>-23.69497</roll><pitch>36.15337</pitch><mode /></trkpt><trkpt lat="35.047304" lon="-118.1600195"><ele>827.97</ele><time>2026-06-26T11:24:33-05:00</time><course>239.6305</course><roll>-26.86417</roll><pitch>30.10319</pitch><mode /></trkpt><trkpt lat="35.0473045" lon="-118.1600194"><ele>827.93</ele><time>2026-06-26T11:24:33-05:00</time><course>241.9295</course><roll>-19.48622</roll><pitch>25.31845</pitch><mode /></trkpt><trkpt lat="35.047304" lon="-118.1600195"><ele>827.9</ele><time>2026-06-26T11:24:33-05:00</time><course>245.8236</course><roll>-17.55411</roll><pitch>22.20211</pitch><mode /></trkpt><trkpt lat="35.0473037" lon="-118.16002"><ele>827.92</ele><time>2026-06-26T11:24:33-05:00</time><course>248.2126</course><roll>-11.44442</roll><pitch>19.31052</pitch><mode /></trkpt><trkpt lat="35.0473032" lon="-118.1600199"><ele>827.87</ele><time>2026-06-26T11:24:33-05:00</time><course>248.9888</course><roll>-8.762997</roll><pitch>19.0649</pitch><mode /></trkpt><trkpt lat="35.0473024" lon="-118.1600201"><ele>827.93</ele><time>2026-06-26T11:24:34-05:00</time><course>248.4617</course><roll>-4.196425</roll><pitch>20.50602</pitch><mode /></trkpt><trkpt lat="35.0473017" lon="-118.16002"><ele>827.91</ele><time>2026-06-26T11:24:34-05:00</time><course>246.6124</course><roll>2.481423</roll><pitch>21.96289</pitch><mode /></trkpt><trkpt lat="35.0473014" lon="-118.1600194"><ele>827.91</ele><time>2026-06-26T11:24:34-05:00</time><course>245.5046</course><roll>12.64683</roll><pitch>21.77604</pitch><mode /></trkpt><trkpt lat="35.0473011" lon="-118.1600205"><ele>827.98</ele><time>2026-06-26T11:24:34-05:00</time><course>252.1558</course><roll>-2.595586</roll><pitch>23.70888</pitch><mode /></trkpt><trkpt lat="35.0473013" lon="-118.1600216"><ele>827.94</ele><time>2026-06-26T11:24:35-05:00</time><course>252.3632</course><roll>-9.303232</roll><pitch>25.69413</pitch><mode /></trkpt><trkpt lat="35.0473011" lon="-118.1600219"><ele>828.06</ele><time>2026-06-26T11:24:35-05:00</time><course>248.9391</course><roll>2.41432</roll><pitch>25.94187</pitch><mode /></trkpt><trkpt lat="35.0473019" lon="-118.1600223"><ele>828.21</ele><time>2026-06-26T11:24:35-05:00</time><course>240.0601</course><roll>70.67503</roll><pitch>34.14683</pitch><mode /></trkpt><trkpt lat="35.0473022" lon="-118.1600222"><ele>828.19</ele><time>2026-06-26T11:24:35-05:00</time><course>237.4269</course><roll>71.52475</roll><pitch>40.97166</pitch><mode /></trkpt><trkpt lat="35.0473021" lon="-118.1600216"><ele>828.33</ele><time>2026-06-26T11:24:36-05:00</time><course>236.7199</course><roll>58.84082</roll><pitch>40.41193</pitch><mode /></trkpt><trkpt lat="35.0473017" lon="-118.1600211"><ele>828.36</ele><time>2026-06-26T11:24:36-05:00</time><course>240.295</course><roll>52.34392</roll><pitch>35.39094</pitch><mode /></trkpt><trkpt lat="35.0473011" lon="-118.1600209"><ele>828.54</ele><time>2026-06-26T11:24:36-05:00</time><course>245.0516</course><roll>38.64896</roll><pitch>30.80955</pitch><mode /></trkpt><trkpt lat="35.0473004" lon="-118.1600213"><ele>828.72</ele><time>2026-06-26T11:24:36-05:00</time><course>247.9593</course><roll>23.99889</roll><pitch>27.9448</pitch><mode /></trkpt><trkpt lat="35.0473" lon="-118.1600217"><ele>828.81</ele><time>2026-06-26T11:24:36-05:00</time><course>248.2262</course><roll>18.46828</roll><pitch>25.8496</pitch><mode /></trkpt><trkpt lat="35.0473001" lon="-118.1600231"><ele>828.83</ele><time>2026-06-26T11:24:37-05:00</time><course>248.4085</course><roll>4.886387</roll><pitch>27.73941</pitch><mode /></trkpt><trkpt lat="35.0473" lon="-118.160025"><ele>828.87</ele><time>2026-06-26T11:24:37-05:00</time><course>250.9813</course><roll>-13.7008</roll><pitch>29.45344</pitch><mode /></trkpt><trkpt lat="35.0472996" lon="-118.1600264"><ele>828.99</ele><time>2026-06-26T11:24:37-05:00</time><course>252.4072</course><roll>-35.68268</roll><pitch>31.17612</pitch><mode /></trkpt><trkpt lat="35.0472994" lon="-118.1600288"><ele>828.68</ele><time>2026-06-26T11:24:37-05:00</time><course>253.4333</course><roll>-39.37247</roll><pitch>29.0659</pitch><mode /></trkpt><trkpt lat="35.047299" lon="-118.1600292"><ele>828.64</ele><time>2026-06-26T11:24:38-05:00</time><course>251.401</course><roll>-22.45182</roll><pitch>27.9819</pitch><mode /></trkpt><trkpt lat="35.0472988" lon="-118.1600295"><ele>828.69</ele><time>2026-06-26T11:24:38-05:00</time><course>243.1898</course><roll>21.04421</roll><pitch>26.0403</pitch><mode /></trkpt><trkpt lat="35.0472989" lon="-118.1600301"><ele>828.7</ele><time>2026-06-26T11:24:38-05:00</time><course>231.8128</course><roll>54.70144</roll><pitch>25.31951</pitch><mode /></trkpt><trkpt lat="35.0472992" lon="-118.1600306"><ele>828.66</ele><time>2026-06-26T11:24:38-05:00</time><course>224.5172</course><roll>51.33714</roll><pitch>25.31045</pitch><mode /></trkpt><trkpt lat="35.0472997" lon="-118.1600312"><ele>828.76</ele><time>2026-06-26T11:24:38-05:00</time><course>220.6434</course><roll>28.82257</roll><pitch>23.64461</pitch><mode /></trkpt><trkpt lat="35.0472995" lon="-118.1600317"><ele>828.74</ele><time>2026-06-26T11:24:39-05:00</time><course>223.1277</course><roll>10.96649</roll><pitch>18.83943</pitch><mode /></trkpt><trkpt lat="35.0472991" lon="-118.1600322"><ele>828.67</ele><time>2026-06-26T11:24:39-05:00</time><course>230.9686</course><roll>7.932754</roll><pitch>19.28673</pitch><mode /></trkpt><trkpt lat="35.0472989" lon="-118.160032"><ele>828.65</ele><time>2026-06-26T11:24:39-05:00</time><course>235.2512</course><roll>-8.254679</roll><pitch>15.98701</pitch><mode /></trkpt><trkpt lat="35.0472984" lon="-118.1600316"><ele>828.71</ele><time>2026-06-26T11:24:40-05:00</time><course>234.7247</course><roll>-32.90054</roll><pitch>11.17201</pitch><mode /></trkpt><trkpt lat="35.0472981" lon="-118.1600314"><ele>828.71</ele><time>2026-06-26T11:24:40-05:00</time><course>234.8774</course><roll>-50.50749</roll><pitch>7.877905</pitch><mode /></trkpt><trkpt lat="35.0472982" lon="-118.1600307"><ele>828.56</ele><time>2026-06-26T11:24:40-05:00</time><course>237.2935</course><roll>-64.19574</roll><pitch>4.300628</pitch><mode /></trkpt><trkpt lat="35.0472985" lon="-118.1600301"><ele>828.58</ele><time>2026-06-26T11:24:40-05:00</time><course>238.341</course><roll>-46.46336</roll><pitch>3.882812</pitch><mode /></trkpt><trkpt lat="35.0472988" lon="-118.1600292"><ele>828.64</ele><time>2026-06-26T11:24:41-05:00</time><course>235.0234</course><roll>-26.94154</roll><pitch>0.06135361</pitch><mode /></trkpt><trkpt lat="35.0472991" lon="-118.1600288"><ele>828.75</ele><time>2026-06-26T11:24:41-05:00</time><course>229.17</course><roll>-14.93063</roll><pitch>-3.832952</pitch><mode /></trkpt><trkpt lat="35.0472992" lon="-118.1600287"><ele>828.71</ele><time>2026-06-26T11:24:41-05:00</time><course>226.3027</course><roll>-16.2894</roll><pitch>-4.204509</pitch><mode /></trkpt><trkpt lat="35.0472985" lon="-118.160029"><ele>828.7</ele><time>2026-06-26T11:24:41-05:00</time><course>222.6626</course><roll>0.3075753</roll><pitch>4.163752</pitch><mode /></trkpt><trkpt lat="35.0472981" lon="-118.1600292"><ele>828.69</ele><time>2026-06-26T11:24:42-05:00</time><course>224.8317</course><roll>1.05877</roll><pitch>8.66181</pitch><mode /></trkpt><trkpt lat="35.0472975" lon="-118.1600295"><ele>828.68</ele><time>2026-06-26T11:24:42-05:00</time><course>225.2956</course><roll>4.03765</roll><pitch>8.828287</pitch><mode /></trkpt><trkpt lat="35.0472972" lon="-118.1600296"><ele>828.75</ele><time>2026-06-26T11:24:42-05:00</time><course>223.4045</course><roll>5.279686</roll><pitch>8.404697</pitch><mode /></trkpt><trkpt lat="35.0472974" lon="-118.1600297"><ele>828.84</ele><time>2026-06-26T11:24:42-05:00</time><course>220.6747</course><roll>5.74995</roll><pitch>11.29998</pitch><mode /></trkpt><trkpt lat="35.0472978" lon="-118.1600296"><ele>828.91</ele><time>2026-06-26T11:24:42-05:00</time><course>219.5002</course><roll>0.9122159</roll><pitch>14.83998</pitch><mode /></trkpt><trkpt lat="35.0472976" lon="-118.1600293"><ele>829.07</ele><time>2026-06-26T11:24:43-05:00</time><course>223.6342</course><roll>-15.10192</roll><pitch>20.5749</pitch><mode /></trkpt><trkpt lat="35.0472973" lon="-118.160029"><ele>829.09</ele><time>2026-06-26T11:24:43-05:00</time><course>224.1941</course><roll>-8.59728</roll><pitch>20.30842</pitch><mode /></trkpt><trkpt lat="35.0472974" lon="-118.1600293"><ele>829.05</ele><time>2026-06-26T11:24:43-05:00</time><course>222.3931</course><roll>-15.45973</roll><pitch>20.3252</pitch><mode /></trkpt><trkpt lat="35.0472972" lon="-118.1600296"><ele>829.05</ele><time>2026-06-26T11:24:43-05:00</time><course>223.8385</course><roll>-12.99558</roll><pitch>19.02662</pitch><mode /></trkpt><trkpt lat="35.047297" lon="-118.1600302"><ele>829.11</ele><time>2026-06-26T11:24:44-05:00</time><course>224.1401</course><roll>-4.104404</roll><pitch>22.13137</pitch><mode /></trkpt><trkpt lat="35.0472969" lon="-118.1600306"><ele>829.17</ele><time>2026-06-26T11:24:44-05:00</time><course>223.5103</course><roll>-5.137592</roll><pitch>23.06879</pitch><mode /></trkpt></trkseg></trk><wpt lat="35.0473735" lon="-118.1605146"><name>0</name></wpt><wpt lat="35.0473734" lon="-118.1605144"><name>1</name></wpt><wpt lat="35.0473732" lon="-118.1605143"><name>2</name></wpt><wpt lat="35.0473731" lon="-118.1605142"><name>3</name></wpt><wpt lat="35.0473728" lon="-118.1605144"><name>4</name></wpt><wpt lat="35.0473727" lon="-118.1605145"><name>5</name></wpt><wpt lat="35.0473728" lon="-118.1605151"><name>6</name></wpt><wpt lat="35.0473731" lon="-118.1605152"><name>7</name></wpt><wpt lat="35.0473733" lon="-118.1605153"><name>8</name></wpt><wpt lat="35.0473745" lon="-118.1605151"><name>9</name></wpt><wpt lat="35.0473754" lon="-118.1605148"><name>10</name></wpt><wpt lat="35.0473762" lon="-118.1605143"><name>11</name></wpt><wpt lat="35.0473769" lon="-118.1605134"><name>12</name></wpt><wpt lat="35.0473777" lon="-118.1605126"><name>13</name></wpt><wpt lat="35.0473783" lon="-118.1605119"><name>14</name></wpt><wpt lat="35.0473787" lon="-118.1605109"><name>15</name></wpt><wpt lat="35.0473788" lon="-118.1605097"><name>16</name></wpt><wpt lat="35.0473785" lon="-118.1605084"><name>17</name></wpt><wpt lat="35.0473782" lon="-118.160507"><name>18</name></wpt><wpt lat="35.0473779" lon="-118.1605061"><name>19</name></wpt><wpt lat="35.047378" lon="-118.1605056"><name>20</name></wpt><wpt lat="35.0473782" lon="-118.1605051"><name>21</name></wpt><wpt lat="35.0473785" lon="-118.1605049"><name>22</name></wpt><wpt lat="35.0473787" lon="-118.1605046"><name>23</name></wpt><wpt lat="35.0473785" lon="-118.1605036"><name>24</name></wpt><wpt lat="35.0473784" lon="-118.1605034"><name>25</name></wpt><wpt lat="35.0473783" lon="-118.1605032"><name>26</name></wpt><wpt lat="35.0473782" lon="-118.1605031"><name>27</name></wpt><wpt lat="35.0473781" lon="-118.1605029"><name>28</name></wpt><wpt lat="35.047378" lon="-118.1605026"><name>29</name></wpt><wpt lat="35.0473776" lon="-118.1605025"><name>30</name></wpt><wpt lat="35.0473778" lon="-118.1605028"><name>31</name></wpt><wpt lat="35.0473776" lon="-118.1605039"><name>32</name></wpt><wpt lat="35.0473775" lon="-118.1605043"><name>33</name></wpt><wpt lat="35.0473778" lon="-118.1605045"><name>34</name></wpt><wpt lat="35.0473777" lon="-118.1605039"><name>35</name></wpt><wpt lat="35.047378" lon="-118.1605041"><name>36</name></wpt><wpt lat="35.047379" lon="-118.1605049"><name>37</name></wpt><wpt lat="35.0473799" lon="-118.1605041"><name>38</name></wpt><wpt lat="35.0473806" lon="-118.1605039"><name>39</name></wpt><wpt lat="35.0473807" lon="-118.1605045"><name>40</name></wpt><wpt lat="35.0473804" lon="-118.1605051"><name>41</name></wpt><wpt lat="35.04738" lon="-118.1605057"><name>42</name></wpt><wpt lat="35.0473803" lon="-118.1605062"><name>43</name></wpt><wpt lat="35.0473801" lon="-118.1605068"><name>44</name></wpt><wpt lat="35.0473806" lon="-118.1605069"><name>45</name></wpt><wpt lat="35.0473812" lon="-118.1605067"><name>46</name></wpt><wpt lat="35.0473819" lon="-118.160507"><name>47</name></wpt><wpt lat="35.0473822" lon="-118.1605071"><name>48</name></wpt><wpt lat="35.0473823" lon="-118.1605072"><name>49</name></wpt><wpt lat="35.0473829" lon="-118.1605074"><name>50</name></wpt><wpt lat="35.0473838" lon="-118.1605083"><name>51</name></wpt><wpt lat="35.0473845" lon="-118.1605091"><name>52</name></wpt><wpt lat="35.0473851" lon="-118.1605097"><name>53</name></wpt><wpt lat="35.0473856" lon="-118.1605104"><name>54</name></wpt><wpt lat="35.0473859" lon="-118.1605109"><name>55</name></wpt><wpt lat="35.0473857" lon="-118.1605114"><name>56</name></wpt><wpt lat="35.0473854" lon="-118.1605118"><name>57</name></wpt><wpt lat="35.0473848" lon="-118.1605121"><name>58</name></wpt><wpt lat="35.0473841" lon="-118.1605124"><name>59</name></wpt><wpt lat="35.0473837" lon="-118.1605129"><name>60</name></wpt><wpt lat="35.0473831" lon="-118.1605133"><name>61</name></wpt><wpt lat="35.0473822" lon="-118.1605137"><name>62</name></wpt><wpt lat="35.0473817" lon="-118.160514"><name>63</name></wpt><wpt lat="35.0473811" lon="-118.1605143"><name>64</name></wpt><wpt lat="35.0473806" lon="-118.1605144"><name>65</name></wpt><wpt lat="35.0473802" lon="-118.1605143"><name>66</name></wpt><wpt lat="35.0473797" lon="-118.1605145"><name>67</name></wpt><wpt lat="35.0473795" lon="-118.160515"><name>68</name></wpt><wpt lat="35.0473792" lon="-118.1605153"><name>69</name></wpt><wpt lat="35.0473789" lon="-118.1605156"><name>70</name></wpt><wpt lat="35.0473788" lon="-118.1605159"><name>71</name></wpt><wpt lat="35.0473786" lon="-118.1605161"><name>72</name></wpt><wpt lat="35.0473788" lon="-118.1605168"><name>73</name></wpt><wpt lat="35.0473789" lon="-118.1605173"><name>74</name></wpt><wpt lat="35.047379" lon="-118.1605179"><name>75</name></wpt><wpt lat="35.0473791" lon="-118.1605185"><name>76</name></wpt><wpt lat="35.0473792" lon="-118.1605193"><name>77</name></wpt><wpt lat="35.0473788" lon="-118.1605194"><name>78</name></wpt><wpt lat="35.0473789" lon="-118.1605196"><name>79</name></wpt><wpt lat="35.047379" lon="-118.1605199"><name>80</name></wpt><wpt lat="35.0473793" lon="-118.1605204"><name>81</name></wpt><wpt lat="35.0473795" lon="-118.1605214"><name>82</name></wpt><wpt lat="35.0473797" lon="-118.1605223"><name>83</name></wpt><wpt lat="35.0473801" lon="-118.1605233"><name>84</name></wpt><wpt lat="35.0473803" lon="-118.1605239"><name>85</name></wpt><wpt lat="35.0473804" lon="-118.1605246"><name>86</name></wpt><wpt lat="35.0473809" lon="-118.1605255"><name>87</name></wpt><wpt lat="35.047381" lon="-118.1605258"><name>88</name></wpt><wpt lat="35.0473815" lon="-118.1605263"><name>89</name></wpt><wpt lat="35.0473821" lon="-118.1605266"><name>90</name></wpt><wpt lat="35.047383" lon="-118.1605272"><name>91</name></wpt><wpt lat="35.0473838" lon="-118.1605276"><name>92</name></wpt><wpt lat="35.0473846" lon="-118.1605281"><name>93</name></wpt><wpt lat="35.0473856" lon="-118.1605286"><name>94</name></wpt><wpt lat="35.0473863" lon="-118.1605291"><name>95</name></wpt><wpt lat="35.0473871" lon="-118.1605295"><name>96</name></wpt><wpt lat="35.0473879" lon="-118.1605299"><name>97</name></wpt><wpt lat="35.0473885" lon="-118.1605301"><name>98</name></wpt><wpt lat="35.047389" lon="-118.1605304"><name>99</name></wpt><wpt lat="35.0473896" lon="-118.1605307"><name>100</name></wpt><wpt lat="35.0473902" lon="-118.1605309"><name>101</name></wpt><wpt lat="35.0473908" lon="-118.1605313"><name>102</name></wpt><wpt lat="35.0473913" lon="-118.1605314"><name>103</name></wpt><wpt lat="35.0473918" lon="-118.1605315"><name>104</name></wpt><wpt lat="35.0473922" lon="-118.1605317"><name>105</name></wpt><wpt lat="35.0473925" lon="-118.160532"><name>106</name></wpt><wpt lat="35.047393" lon="-118.1605323"><name>107</name></wpt><wpt lat="35.0473933" lon="-118.1605325"><name>108</name></wpt><wpt lat="35.0473937" lon="-118.1605327"><name>109</name></wpt><wpt lat="35.047394" lon="-118.1605328"><name>110</name></wpt><wpt lat="35.0473942" lon="-118.1605329"><name>111</name></wpt><wpt lat="35.0473946" lon="-118.160533"><name>112</name></wpt><wpt lat="35.047395" lon="-118.1605331"><name>113</name></wpt><wpt lat="35.0473955" lon="-118.1605333"><name>114</name></wpt><wpt lat="35.0473958" lon="-118.1605334"><name>115</name></wpt><wpt lat="35.0473957" lon="-118.1605332"><name>116</name></wpt><wpt lat="35.0473958" lon="-118.1605331"><name>117</name></wpt><wpt lat="35.0473961" lon="-118.160533"><name>118</name></wpt><wpt lat="35.047396" lon="-118.1605329"><name>119</name></wpt><wpt lat="35.0473959" lon="-118.1605328"><name>120</name></wpt><wpt lat="35.0473964" lon="-118.160533"><name>121</name></wpt><wpt lat="35.0473968" lon="-118.1605334"><name>122</name></wpt><wpt lat="35.0473972" lon="-118.1605339"><name>123</name></wpt><wpt lat="35.0473974" lon="-118.1605347"><name>124</name></wpt><wpt lat="35.0473978" lon="-118.1605368"><name>125</name></wpt><wpt lat="35.0473992" lon="-118.1605433"><name>126</name></wpt><wpt lat="35.0474019" lon="-118.1605543"><name>127</name></wpt><wpt lat="35.0474047" lon="-118.1605672"><name>128</name></wpt><wpt lat="35.0474075" lon="-118.1605818"><name>129</name></wpt><wpt lat="35.0474101" lon="-118.1605972"><name>130</name></wpt><wpt lat="35.0474127" lon="-118.1606136"><name>131</name></wpt><wpt lat="35.0474157" lon="-118.1606316"><name>132</name></wpt><wpt lat="35.0474185" lon="-118.1606505"><name>133</name></wpt><wpt lat="35.0474213" lon="-118.1606706"><name>134</name></wpt><wpt lat="35.0474243" lon="-118.1606912"><name>135</name></wpt><wpt lat="35.0474272" lon="-118.1607114"><name>136</name></wpt><wpt lat="35.0474292" lon="-118.1607315"><name>137</name></wpt><wpt lat="35.047431" lon="-118.160752"><name>138</name></wpt><wpt lat="35.0474325" lon="-118.160772"><name>139</name></wpt><wpt lat="35.0474353" lon="-118.1607917"><name>140</name></wpt><wpt lat="35.0474385" lon="-118.1608107"><name>141</name></wpt><wpt lat="35.0474409" lon="-118.1608289"><name>142</name></wpt><wpt lat="35.0474439" lon="-118.1608457"><name>143</name></wpt><wpt lat="35.0474466" lon="-118.1608619"><name>144</name></wpt><wpt lat="35.0474493" lon="-118.1608772"><name>145</name></wpt><wpt lat="35.0474514" lon="-118.1608918"><name>146</name></wpt><wpt lat="35.0474529" lon="-118.1609059"><name>147</name></wpt><wpt lat="35.0474546" lon="-118.1609197"><name>148</name></wpt><wpt lat="35.047456" lon="-118.1609328"><name>149</name></wpt><wpt lat="35.0474575" lon="-118.1609461"><name>150</name></wpt><wpt lat="35.0474596" lon="-118.1609589"><name>151</name></wpt><wpt lat="35.0474604" lon="-118.1609712"><name>152</name></wpt><wpt lat="35.0474617" lon="-118.1609836"><name>153</name></wpt><wpt lat="35.0474625" lon="-118.1609961"><name>154</name></wpt><wpt lat="35.0474636" lon="-118.1610236"><name>155</name></wpt><wpt lat="35.0474651" lon="-118.161038"><name>156</name></wpt><wpt lat="35.0474672" lon="-118.1610512"><name>157</name></wpt><wpt lat="35.0474685" lon="-118.1610645"><name>158</name></wpt><wpt lat="35.0474692" lon="-118.1610785"><name>159</name></wpt><wpt lat="35.0474699" lon="-118.1610926"><name>160</name></wpt><wpt lat="35.0474704" lon="-118.1611068"><name>161</name></wpt><wpt lat="35.047472" lon="-118.1611217"><name>162</name></wpt><wpt lat="35.0474743" lon="-118.1611366"><name>163</name></wpt><wpt lat="35.0474764" lon="-118.1611518"><name>164</name></wpt><wpt lat="35.0474801" lon="-118.1611675"><name>165</name></wpt><wpt lat="35.0474854" lon="-118.1611836"><name>166</name></wpt><wpt lat="35.0474916" lon="-118.1611996"><name>167</name></wpt><wpt lat="35.0474986" lon="-118.1612164"><name>168</name></wpt><wpt lat="35.0475069" lon="-118.1612326"><name>169</name></wpt><wpt lat="35.0475165" lon="-118.1612478"><name>170</name></wpt><wpt lat="35.0475272" lon="-118.1612623"><name>171</name></wpt><wpt lat="35.047539" lon="-118.1612774"><name>172</name></wpt><wpt lat="35.0475518" lon="-118.1612915"><name>173</name></wpt><wpt lat="35.0475657" lon="-118.1613042"><name>174</name></wpt><wpt lat="35.0475811" lon="-118.161315"><name>175</name></wpt><wpt lat="35.0475978" lon="-118.1613243"><name>176</name></wpt><wpt lat="35.047615" lon="-118.1613322"><name>177</name></wpt><wpt lat="35.0476322" lon="-118.1613383"><name>178</name></wpt><wpt lat="35.0476507" lon="-118.161343"><name>179</name></wpt><wpt lat="35.0476702" lon="-118.1613459"><name>180</name></wpt><wpt lat="35.0476906" lon="-118.1613475"><name>181</name></wpt><wpt lat="35.0477342" lon="-118.1613462"><name>182</name></wpt><wpt lat="35.0477567" lon="-118.1613427"><name>183</name></wpt><wpt lat="35.04778" lon="-118.1613366"><name>184</name></wpt><wpt lat="35.0478044" lon="-118.1613276"><name>185</name></wpt><wpt lat="35.0478307" lon="-118.1613158"><name>186</name></wpt><wpt lat="35.0478578" lon="-118.1613023"><name>187</name></wpt><wpt lat="35.0478854" lon="-118.1612864"><name>188</name></wpt><wpt lat="35.0479129" lon="-118.1612677"><name>189</name></wpt><wpt lat="35.0479405" lon="-118.1612474"><name>190</name></wpt><wpt lat="35.0479687" lon="-118.1612263"><name>191</name></wpt><wpt lat="35.047997" lon="-118.1612032"><name>192</name></wpt><wpt lat="35.0480258" lon="-118.1611782"><name>193</name></wpt><wpt lat="35.0480548" lon="-118.1611512"><name>194</name></wpt><wpt lat="35.0480842" lon="-118.1611223"><name>195</name></wpt><wpt lat="35.0481133" lon="-118.161092"><name>196</name></wpt><wpt lat="35.0481424" lon="-118.1610598"><name>197</name></wpt><wpt lat="35.0481709" lon="-118.1610259"><name>198</name></wpt><wpt lat="35.0481998" lon="-118.1609914"><name>199</name></wpt><wpt lat="35.0482277" lon="-118.1609558"><name>200</name></wpt><wpt lat="35.0482549" lon="-118.1609195"><name>201</name></wpt><wpt lat="35.0482817" lon="-118.1608825"><name>202</name></wpt><wpt lat="35.0483074" lon="-118.1608447"><name>203</name></wpt><wpt lat="35.0483322" lon="-118.160806"><name>204</name></wpt><wpt lat="35.0483562" lon="-118.1607665"><name>205</name></wpt><wpt lat="35.0483798" lon="-118.1607259"><name>206</name></wpt><wpt lat="35.0484023" lon="-118.1606838"><name>207</name></wpt><wpt lat="35.0484236" lon="-118.1606405"><name>208</name></wpt><wpt lat="35.0484441" lon="-118.1605962"><name>209</name></wpt><wpt lat="35.0484635" lon="-118.1605506"><name>210</name></wpt><wpt lat="35.0484815" lon="-118.1605035"><name>211</name></wpt><wpt lat="35.0484986" lon="-118.1604546"><name>212</name></wpt><wpt lat="35.048515" lon="-118.1604046"><name>213</name></wpt><wpt lat="35.0485299" lon="-118.1603527"><name>214</name></wpt><wpt lat="35.0485432" lon="-118.1602991"><name>215</name></wpt><wpt lat="35.0485542" lon="-118.1602443"><name>216</name></wpt><wpt lat="35.048563" lon="-118.1601886"><name>217</name></wpt><wpt lat="35.0485696" lon="-118.1601313"><name>218</name></wpt><wpt lat="35.0485736" lon="-118.1600732"><name>219</name></wpt><wpt lat="35.0485752" lon="-118.1600151"><name>220</name></wpt><wpt lat="35.0485743" lon="-118.1599565"><name>221</name></wpt><wpt lat="35.0485706" lon="-118.1598983"><name>222</name></wpt><wpt lat="35.048564" lon="-118.1598409"><name>223</name></wpt><wpt lat="35.0485546" lon="-118.1597844"><name>224</name></wpt><wpt lat="35.0485424" lon="-118.1597292"><name>225</name></wpt><wpt lat="35.048527" lon="-118.1596752"><name>226</name></wpt><wpt lat="35.0485084" lon="-118.1596238"><name>227</name></wpt><wpt lat="35.0484875" lon="-118.159576"><name>228</name></wpt><wpt lat="35.0484643" lon="-118.1595312"><name>229</name></wpt><wpt lat="35.0484391" lon="-118.1594909"><name>230</name></wpt><wpt lat="35.0484123" lon="-118.1594543"><name>231</name></wpt><wpt lat="35.0483846" lon="-118.1594214"><name>232</name></wpt><wpt lat="35.0483562" lon="-118.1593924"><name>233</name></wpt><wpt lat="35.0483275" lon="-118.1593672"><name>234</name></wpt><wpt lat="35.048299" lon="-118.1593457"><name>235</name></wpt><wpt lat="35.0482712" lon="-118.159328"><name>236</name></wpt><wpt lat="35.0482436" lon="-118.1593139"><name>237</name></wpt><wpt lat="35.0482171" lon="-118.1593028"><name>238</name></wpt><wpt lat="35.0481915" lon="-118.1592951"><name>239</name></wpt><wpt lat="35.0481675" lon="-118.1592905"><name>240</name></wpt><wpt lat="35.0481445" lon="-118.1592875"><name>241</name></wpt><wpt lat="35.0481233" lon="-118.1592865"><name>242</name></wpt><wpt lat="35.0481038" lon="-118.1592859"><name>243</name></wpt><wpt lat="35.0480854" lon="-118.1592866"><name>244</name></wpt><wpt lat="35.0480685" lon="-118.1592887"><name>245</name></wpt><wpt lat="35.048054" lon="-118.1592931"><name>246</name></wpt><wpt lat="35.0480411" lon="-118.1592978"><name>247</name></wpt><wpt lat="35.0480282" lon="-118.159303"><name>248</name></wpt><wpt lat="35.0480146" lon="-118.1593095"><name>249</name></wpt><wpt lat="35.048002" lon="-118.1593177"><name>250</name></wpt><wpt lat="35.0479906" lon="-118.159327"><name>251</name></wpt><wpt lat="35.0479803" lon="-118.1593365"><name>252</name></wpt><wpt lat="35.0479708" lon="-118.1593471"><name>253</name></wpt><wpt lat="35.0479621" lon="-118.1593587"><name>254</name></wpt><wpt lat="35.0479541" lon="-118.1593708"><name>255</name></wpt><wpt lat="35.0479463" lon="-118.1593826"><name>256</name></wpt><wpt lat="35.0479384" lon="-118.1593944"><name>257</name></wpt><wpt lat="35.0479304" lon="-118.1594064"><name>258</name></wpt><wpt lat="35.0479225" lon="-118.1594188"><name>259</name></wpt><wpt lat="35.0479145" lon="-118.1594315"><name>260</name></wpt><wpt lat="35.0479061" lon="-118.1594443"><name>261</name></wpt><wpt lat="35.0478985" lon="-118.1594583"><name>262</name></wpt><wpt lat="35.0478928" lon="-118.1594724"><name>263</name></wpt><wpt lat="35.0478886" lon="-118.1594863"><name>264</name></wpt><wpt lat="35.0478843" lon="-118.1595004"><name>265</name></wpt><wpt lat="35.0478791" lon="-118.1595153"><name>266</name></wpt><wpt lat="35.0478735" lon="-118.1595302"><name>267</name></wpt><wpt lat="35.047868" lon="-118.1595455"><name>268</name></wpt><wpt lat="35.0478626" lon="-118.159561"><name>269</name></wpt><wpt lat="35.0478568" lon="-118.159577"><name>270</name></wpt><wpt lat="35.0478502" lon="-118.1595947"><name>271</name></wpt><wpt lat="35.0478438" lon="-118.1596113"><name>272</name></wpt><wpt lat="35.0478379" lon="-118.1596278"><name>273</name></wpt><wpt lat="35.0478318" lon="-118.1596439"><name>274</name></wpt><wpt lat="35.0478259" lon="-118.15966"><name>275</name></wpt><wpt lat="35.0478198" lon="-118.1596762"><name>276</name></wpt><wpt lat="35.0478138" lon="-118.1596925"><name>277</name></wpt><wpt lat="35.047808" lon="-118.1597087"><name>278</name></wpt><wpt lat="35.0478015" lon="-118.1597252"><name>279</name></wpt><wpt lat="35.047795" lon="-118.1597422"><name>280</name></wpt><wpt lat="35.0477886" lon="-118.1597595"><name>281</name></wpt><wpt lat="35.0477826" lon="-118.1597788"><name>282</name></wpt><wpt lat="35.0477781" lon="-118.1597979"><name>283</name></wpt><wpt lat="35.0477747" lon="-118.1598154"><name>284</name></wpt><wpt lat="35.0477722" lon="-118.1598331"><name>285</name></wpt><wpt lat="35.0477705" lon="-118.159851"><name>286</name></wpt><wpt lat="35.0477693" lon="-118.1598695"><name>287</name></wpt><wpt lat="35.0477696" lon="-118.1598887"><name>288</name></wpt><wpt lat="35.0477718" lon="-118.1599086"><name>289</name></wpt><wpt lat="35.0477759" lon="-118.1599287"><name>290</name></wpt><wpt lat="35.0477808" lon="-118.1599487"><name>291</name></wpt><wpt lat="35.0477861" lon="-118.1599683"><name>292</name></wpt><wpt lat="35.0477919" lon="-118.1599872"><name>293</name></wpt><wpt lat="35.0477974" lon="-118.1600056"><name>294</name></wpt><wpt lat="35.0478029" lon="-118.1600242"><name>295</name></wpt><wpt lat="35.0478087" lon="-118.1600425"><name>296</name></wpt><wpt lat="35.0478148" lon="-118.160061"><name>297</name></wpt><wpt lat="35.0478203" lon="-118.1600794"><name>298</name></wpt><wpt lat="35.0478259" lon="-118.1600978"><name>299</name></wpt><wpt lat="35.0478317" lon="-118.1601164"><name>300</name></wpt><wpt lat="35.0478369" lon="-118.160135"><name>301</name></wpt><wpt lat="35.0478423" lon="-118.1601542"><name>302</name></wpt><wpt lat="35.0478476" lon="-118.1601734"><name>303</name></wpt><wpt lat="35.047853" lon="-118.1601929"><name>304</name></wpt><wpt lat="35.0478583" lon="-118.1602127"><name>305</name></wpt><wpt lat="35.0478632" lon="-118.1602331"><name>306</name></wpt><wpt lat="35.0478683" lon="-118.1602533"><name>307</name></wpt><wpt lat="35.0478731" lon="-118.1602735"><name>308</name></wpt><wpt lat="35.0478774" lon="-118.1602941"><name>309</name></wpt><wpt lat="35.0478812" lon="-118.1603147"><name>310</name></wpt><wpt lat="35.0478849" lon="-118.1603353"><name>311</name></wpt><wpt lat="35.0478885" lon="-118.1603562"><name>312</name></wpt><wpt lat="35.047892" lon="-118.1603771"><name>313</name></wpt><wpt lat="35.0478957" lon="-118.1603984"><name>314</name></wpt><wpt lat="35.0478994" lon="-118.1604194"><name>315</name></wpt><wpt lat="35.0479026" lon="-118.16044"><name>316</name></wpt><wpt lat="35.047905" lon="-118.1604607"><name>317</name></wpt><wpt lat="35.0479062" lon="-118.1604816"><name>318</name></wpt><wpt lat="35.0479068" lon="-118.1605021"><name>319</name></wpt><wpt lat="35.047907" lon="-118.1605223"><name>320</name></wpt><wpt lat="35.0479067" lon="-118.1605632"><name>321</name></wpt><wpt lat="35.047906" lon="-118.1605835"><name>322</name></wpt><wpt lat="35.047905" lon="-118.1606035"><name>323</name></wpt><wpt lat="35.0479038" lon="-118.1606239"><name>324</name></wpt><wpt lat="35.0479025" lon="-118.1606441"><name>325</name></wpt><wpt lat="35.0479007" lon="-118.1606639"><name>326</name></wpt><wpt lat="35.0478982" lon="-118.1606826"><name>327</name></wpt><wpt lat="35.0478964" lon="-118.1607013"><name>328</name></wpt><wpt lat="35.0478942" lon="-118.1607196"><name>329</name></wpt><wpt lat="35.0478913" lon="-118.1607376"><name>330</name></wpt><wpt lat="35.0478882" lon="-118.1607551"><name>331</name></wpt><wpt lat="35.0478851" lon="-118.1607721"><name>332</name></wpt><wpt lat="35.0478821" lon="-118.1607895"><name>333</name></wpt><wpt lat="35.0478789" lon="-118.1608067"><name>334</name></wpt><wpt lat="35.0478756" lon="-118.1608239"><name>335</name></wpt><wpt lat="35.0478726" lon="-118.1608409"><name>336</name></wpt><wpt lat="35.0478698" lon="-118.160858"><name>337</name></wpt><wpt lat="35.047867" lon="-118.1608752"><name>338</name></wpt><wpt lat="35.0478643" lon="-118.1608909"><name>339</name></wpt><wpt lat="35.0478616" lon="-118.1609068"><name>340</name></wpt><wpt lat="35.0478555" lon="-118.1609223"><name>341</name></wpt><wpt lat="35.0478503" lon="-118.160938"><name>342</name></wpt><wpt lat="35.0478459" lon="-118.1609533"><name>343</name></wpt><wpt lat="35.0478428" lon="-118.1609689"><name>344</name></wpt><wpt lat="35.047839" lon="-118.1609847"><name>345</name></wpt><wpt lat="35.047836" lon="-118.1610008"><name>346</name></wpt><wpt lat="35.047833" lon="-118.1610172"><name>347</name></wpt><wpt lat="35.0478296" lon="-118.1610331"><name>348</name></wpt><wpt lat="35.0478264" lon="-118.1610489"><name>349</name></wpt><wpt lat="35.0478239" lon="-118.1610648"><name>350</name></wpt><wpt lat="35.0478215" lon="-118.16108"><name>351</name></wpt><wpt lat="35.0478183" lon="-118.1610964"><name>352</name></wpt><wpt lat="35.0478153" lon="-118.1611122"><name>353</name></wpt><wpt lat="35.0478121" lon="-118.1611286"><name>354</name></wpt><wpt lat="35.0478084" lon="-118.1611454"><name>355</name></wpt><wpt lat="35.0478047" lon="-118.1611615"><name>356</name></wpt><wpt lat="35.0478013" lon="-118.161177"><name>357</name></wpt><wpt lat="35.0477988" lon="-118.1611921"><name>358</name></wpt><wpt lat="35.0477954" lon="-118.1612073"><name>359</name></wpt><wpt lat="35.0477914" lon="-118.1612225"><name>360</name></wpt><wpt lat="35.0477879" lon="-118.1612383"><name>361</name></wpt><wpt lat="35.0477853" lon="-118.1612547"><name>362</name></wpt><wpt lat="35.0477826" lon="-118.1612713"><name>363</name></wpt><wpt lat="35.0477796" lon="-118.1612875"><name>364</name></wpt><wpt lat="35.0477773" lon="-118.1613048"><name>365</name></wpt><wpt lat="35.0477758" lon="-118.1613208"><name>366</name></wpt><wpt lat="35.0477742" lon="-118.1613373"><name>367</name></wpt><wpt lat="35.0477723" lon="-118.1613537"><name>368</name></wpt><wpt lat="35.0477703" lon="-118.1613697"><name>369</name></wpt><wpt lat="35.0477684" lon="-118.1613848"><name>370</name></wpt><wpt lat="35.0477671" lon="-118.1614002"><name>371</name></wpt><wpt lat="35.047766" lon="-118.1614154"><name>372</name></wpt><wpt lat="35.0477651" lon="-118.1614293"><name>373</name></wpt><wpt lat="35.0477642" lon="-118.1614427"><name>374</name></wpt><wpt lat="35.0477635" lon="-118.1614558"><name>375</name></wpt><wpt lat="35.0477634" lon="-118.1614688"><name>376</name></wpt><wpt lat="35.0477633" lon="-118.1614816"><name>377</name></wpt><wpt lat="35.0477628" lon="-118.1614945"><name>378</name></wpt><wpt lat="35.0477622" lon="-118.161507"><name>379</name></wpt><wpt lat="35.0477619" lon="-118.1615194"><name>380</name></wpt><wpt lat="35.0477611" lon="-118.1615314"><name>381</name></wpt><wpt lat="35.0477603" lon="-118.1615438"><name>382</name></wpt><wpt lat="35.0477595" lon="-118.1615562"><name>383</name></wpt><wpt lat="35.0477591" lon="-118.1615675"><name>384</name></wpt><wpt lat="35.0477585" lon="-118.161578"><name>385</name></wpt><wpt lat="35.0477581" lon="-118.1615884"><name>386</name></wpt><wpt lat="35.0477571" lon="-118.1615988"><name>387</name></wpt><wpt lat="35.0477563" lon="-118.16161"><name>388</name></wpt><wpt lat="35.0477558" lon="-118.1616212"><name>389</name></wpt><wpt lat="35.0477546" lon="-118.1616323"><name>390</name></wpt><wpt lat="35.0477529" lon="-118.1616437"><name>391</name></wpt><wpt lat="35.0477516" lon="-118.1616553"><name>392</name></wpt><wpt lat="35.047751" lon="-118.1616667"><name>393</name></wpt><wpt lat="35.0477503" lon="-118.161677"><name>394</name></wpt><wpt lat="35.0477489" lon="-118.161688"><name>395</name></wpt><wpt lat="35.0477461" lon="-118.1616987"><name>396</name></wpt><wpt lat="35.0477424" lon="-118.1617092"><name>397</name></wpt><wpt lat="35.0477359" lon="-118.1617207"><name>398</name></wpt><wpt lat="35.0477287" lon="-118.1617323"><name>399</name></wpt><wpt lat="35.0477204" lon="-118.1617423"><name>400</name></wpt><wpt lat="35.0477138" lon="-118.1617514"><name>401</name></wpt><wpt lat="35.0477059" lon="-118.161759"><name>402</name></wpt><wpt lat="35.0476971" lon="-118.161767"><name>403</name></wpt><wpt lat="35.0476873" lon="-118.1617748"><name>404</name></wpt><wpt lat="35.0476768" lon="-118.1617832"><name>405</name></wpt><wpt lat="35.0476647" lon="-118.1617919"><name>406</name></wpt><wpt lat="35.0476521" lon="-118.1617996"><name>407</name></wpt><wpt lat="35.0476373" lon="-118.1618085"><name>408</name></wpt><wpt lat="35.0476227" lon="-118.1618169"><name>409</name></wpt><wpt lat="35.0476074" lon="-118.1618249"><name>410</name></wpt><wpt lat="35.0475923" lon="-118.1618326"><name>411</name></wpt><wpt lat="35.047574" lon="-118.1618397"><name>412</name></wpt><wpt lat="35.0475552" lon="-118.1618443"><name>413</name></wpt><wpt lat="35.0475333" lon="-118.1618485"><name>414</name></wpt><wpt lat="35.0475112" lon="-118.1618514"><name>415</name></wpt><wpt lat="35.0474877" lon="-118.1618518"><name>416</name></wpt><wpt lat="35.0474631" lon="-118.1618505"><name>417</name></wpt><wpt lat="35.0474377" lon="-118.1618478"><name>418</name></wpt><wpt lat="35.0474115" lon="-118.1618444"><name>419</name></wpt><wpt lat="35.0473843" lon="-118.1618401"><name>420</name></wpt><wpt lat="35.0473563" lon="-118.1618327"><name>421</name></wpt><wpt lat="35.0473281" lon="-118.1618228"><name>422</name></wpt><wpt lat="35.0472994" lon="-118.1618126"><name>423</name></wpt><wpt lat="35.047269" lon="-118.1618001"><name>424</name></wpt><wpt lat="35.0472386" lon="-118.1617849"><name>425</name></wpt><wpt lat="35.0472096" lon="-118.161764"><name>426</name></wpt><wpt lat="35.0471795" lon="-118.1617428"><name>427</name></wpt><wpt lat="35.0471491" lon="-118.1617193"><name>428</name></wpt><wpt lat="35.0471191" lon="-118.1616934"><name>429</name></wpt><wpt lat="35.0470895" lon="-118.1616666"><name>430</name></wpt><wpt lat="35.0470597" lon="-118.1616381"><name>431</name></wpt><wpt lat="35.0470302" lon="-118.1616064"><name>432</name></wpt><wpt lat="35.0470009" lon="-118.1615752"><name>433</name></wpt><wpt lat="35.0469714" lon="-118.1615446"><name>434</name></wpt><wpt lat="35.0469423" lon="-118.1615141"><name>435</name></wpt><wpt lat="35.0469137" lon="-118.1614813"><name>436</name></wpt><wpt lat="35.0468859" lon="-118.1614448"><name>437</name></wpt><wpt lat="35.0468586" lon="-118.1614065"><name>438</name></wpt><wpt lat="35.0468322" lon="-118.1613648"><name>439</name></wpt><wpt lat="35.0468076" lon="-118.1613189"><name>440</name></wpt><wpt lat="35.0467843" lon="-118.161269"><name>441</name></wpt><wpt lat="35.046763" lon="-118.1612153"><name>442</name></wpt><wpt lat="35.0467444" lon="-118.1611586"><name>443</name></wpt><wpt lat="35.0467285" lon="-118.1610988"><name>444</name></wpt><wpt lat="35.0467147" lon="-118.1610376"><name>445</name></wpt><wpt lat="35.0467033" lon="-118.1609743"><name>446</name></wpt><wpt lat="35.0466948" lon="-118.1609095"><name>447</name></wpt><wpt lat="35.0466897" lon="-118.1608425"><name>448</name></wpt><wpt lat="35.0466874" lon="-118.1607759"><name>449</name></wpt><wpt lat="35.0466886" lon="-118.1607094"><name>450</name></wpt><wpt lat="35.0466929" lon="-118.1606434"><name>451</name></wpt><wpt lat="35.0467006" lon="-118.1605763"><name>452</name></wpt><wpt lat="35.0467113" lon="-118.1605091"><name>453</name></wpt><wpt lat="35.0467242" lon="-118.1604432"><name>454</name></wpt><wpt lat="35.0467382" lon="-118.160381"><name>455</name></wpt><wpt lat="35.0467565" lon="-118.1603199"><name>456</name></wpt><wpt lat="35.0467779" lon="-118.1602613"><name>457</name></wpt><wpt lat="35.0468018" lon="-118.1602053"><name>458</name></wpt><wpt lat="35.0468283" lon="-118.160153"><name>459</name></wpt><wpt lat="35.0468566" lon="-118.1601041"><name>460</name></wpt><wpt lat="35.0468859" lon="-118.1600579"><name>461</name></wpt><wpt lat="35.0469158" lon="-118.1600145"><name>462</name></wpt><wpt lat="35.0469466" lon="-118.159975"><name>463</name></wpt><wpt lat="35.0469775" lon="-118.1599384"><name>464</name></wpt><wpt lat="35.0470094" lon="-118.1599073"><name>465</name></wpt><wpt lat="35.0470414" lon="-118.1598786"><name>466</name></wpt><wpt lat="35.0470736" lon="-118.1598538"><name>467</name></wpt><wpt lat="35.0471056" lon="-118.1598352"><name>468</name></wpt><wpt lat="35.0471359" lon="-118.1598217"><name>469</name></wpt><wpt lat="35.0471651" lon="-118.1598117"><name>470</name></wpt><wpt lat="35.0471924" lon="-118.1598055"><name>471</name></wpt><wpt lat="35.0472174" lon="-118.1598034"><name>472</name></wpt><wpt lat="35.04724" lon="-118.1598043"><name>473</name></wpt><wpt lat="35.047259" lon="-118.1598074"><name>474</name></wpt><wpt lat="35.0472757" lon="-118.1598113"><name>475</name></wpt><wpt lat="35.0472915" lon="-118.1598168"><name>476</name></wpt><wpt lat="35.0473074" lon="-118.1598229"><name>477</name></wpt><wpt lat="35.0473229" lon="-118.1598303"><name>478</name></wpt><wpt lat="35.0473372" lon="-118.1598387"><name>479</name></wpt><wpt lat="35.0473504" lon="-118.1598495"><name>480</name></wpt><wpt lat="35.0473621" lon="-118.1598609"><name>481</name></wpt><wpt lat="35.0473738" lon="-118.1598736"><name>482</name></wpt><wpt lat="35.047384" lon="-118.1598872"><name>483</name></wpt><wpt lat="35.0473931" lon="-118.1599009"><name>484</name></wpt><wpt lat="35.0474009" lon="-118.1599148"><name>485</name></wpt><wpt lat="35.047408" lon="-118.1599284"><name>486</name></wpt><wpt lat="35.0474131" lon="-118.1599415"><name>487</name></wpt><wpt lat="35.0474159" lon="-118.1599541"><name>488</name></wpt><wpt lat="35.0474165" lon="-118.1599659"><name>489</name></wpt><wpt lat="35.0474146" lon="-118.1599769"><name>490</name></wpt><wpt lat="35.0474112" lon="-118.1599872"><name>491</name></wpt><wpt lat="35.0474053" lon="-118.1599959"><name>492</name></wpt><wpt lat="35.0473969" lon="-118.1600031"><name>493</name></wpt><wpt lat="35.0473872" lon="-118.1600096"><name>494</name></wpt><wpt lat="35.0473769" lon="-118.1600154"><name>495</name></wpt><wpt lat="35.0473651" lon="-118.1600199"><name>496</name></wpt><wpt lat="35.0473516" lon="-118.1600228"><name>497</name></wpt><wpt lat="35.0473367" lon="-118.1600235"><name>498</name></wpt><wpt lat="35.0473211" lon="-118.1600231"><name>499</name></wpt><wpt lat="35.0473059" lon="-118.1600212"><name>500</name></wpt><wpt lat="35.0472901" lon="-118.1600184"><name>501</name></wpt><wpt lat="35.0472741" lon="-118.160016"><name>502</name></wpt><wpt lat="35.0472582" lon="-118.1600147"><name>503</name></wpt><wpt lat="35.0472421" lon="-118.1600136"><name>504</name></wpt><wpt lat="35.0472256" lon="-118.1600122"><name>505</name></wpt><wpt lat="35.0472093" lon="-118.160011"><name>506</name></wpt><wpt lat="35.0471936" lon="-118.1600098"><name>507</name></wpt><wpt lat="35.047178" lon="-118.1600084"><name>508</name></wpt><wpt lat="35.0471622" lon="-118.1600073"><name>509</name></wpt><wpt lat="35.0471463" lon="-118.1600063"><name>510</name></wpt><wpt lat="35.0471305" lon="-118.160005"><name>511</name></wpt><wpt lat="35.047115" lon="-118.1600035"><name>512</name></wpt><wpt lat="35.0470998" lon="-118.1600024"><name>513</name></wpt><wpt lat="35.0470847" lon="-118.1600016"><name>514</name></wpt><wpt lat="35.04707" lon="-118.1600012"><name>515</name></wpt><wpt lat="35.0470559" lon="-118.1600013"><name>516</name></wpt><wpt lat="35.0470415" lon="-118.1600021"><name>517</name></wpt><wpt lat="35.0470274" lon="-118.1600037"><name>518</name></wpt><wpt lat="35.0470145" lon="-118.1600068"><name>519</name></wpt><wpt lat="35.0470021" lon="-118.1600101"><name>520</name></wpt><wpt lat="35.0469899" lon="-118.160015"><name>521</name></wpt><wpt lat="35.046978" lon="-118.1600204"><name>522</name></wpt><wpt lat="35.0469666" lon="-118.1600252"><name>523</name></wpt><wpt lat="35.0469556" lon="-118.1600299"><name>524</name></wpt><wpt lat="35.0469454" lon="-118.1600352"><name>525</name></wpt><wpt lat="35.0469359" lon="-118.1600409"><name>526</name></wpt><wpt lat="35.0469269" lon="-118.1600471"><name>527</name></wpt><wpt lat="35.0469186" lon="-118.1600535"><name>528</name></wpt><wpt lat="35.0469107" lon="-118.16006"><name>529</name></wpt><wpt lat="35.0469033" lon="-118.1600672"><name>530</name></wpt><wpt lat="35.046896" lon="-118.1600749"><name>531</name></wpt><wpt lat="35.0468891" lon="-118.1600828"><name>532</name></wpt><wpt lat="35.0468821" lon="-118.1600913"><name>533</name></wpt><wpt lat="35.0468758" lon="-118.1600996"><name>534</name></wpt><wpt lat="35.0468704" lon="-118.1601084"><name>535</name></wpt><wpt lat="35.046865" lon="-118.1601163"><name>536</name></wpt><wpt lat="35.0468605" lon="-118.1601243"><name>537</name></wpt><wpt lat="35.0468568" lon="-118.1601321"><name>538</name></wpt><wpt lat="35.0468534" lon="-118.1601402"><name>539</name></wpt><wpt lat="35.04685" lon="-118.1601485"><name>540</name></wpt><wpt lat="35.0468472" lon="-118.1601569"><name>541</name></wpt><wpt lat="35.0468439" lon="-118.1601656"><name>542</name></wpt><wpt lat="35.0468407" lon="-118.1601746"><name>543</name></wpt><wpt lat="35.0468384" lon="-118.1601845"><name>544</name></wpt><wpt lat="35.0468361" lon="-118.1601949"><name>545</name></wpt><wpt lat="35.0468334" lon="-118.160205"><name>546</name></wpt><wpt lat="35.0468304" lon="-118.1602149"><name>547</name></wpt><wpt lat="35.0468276" lon="-118.1602249"><name>548</name></wpt><wpt lat="35.0468251" lon="-118.1602349"><name>549</name></wpt><wpt lat="35.0468224" lon="-118.1602449"><name>550</name></wpt><wpt lat="35.0468204" lon="-118.1602551"><name>551</name></wpt><wpt lat="35.0468186" lon="-118.1602656"><name>552</name></wpt><wpt lat="35.0468165" lon="-118.1602763"><name>553</name></wpt><wpt lat="35.0468144" lon="-118.1602871"><name>554</name></wpt><wpt lat="35.0468123" lon="-118.1602975"><name>555</name></wpt><wpt lat="35.0468095" lon="-118.1603078"><name>556</name></wpt><wpt lat="35.0468068" lon="-118.1603185"><name>557</name></wpt><wpt lat="35.0468044" lon="-118.1603287"><name>558</name></wpt><wpt lat="35.0468018" lon="-118.1603389"><name>559</name></wpt><wpt lat="35.0467988" lon="-118.1603495"><name>560</name></wpt><wpt lat="35.0467961" lon="-118.1603602"><name>561</name></wpt><wpt lat="35.0467935" lon="-118.1603708"><name>562</name></wpt><wpt lat="35.0467912" lon="-118.1603811"><name>563</name></wpt><wpt lat="35.0467893" lon="-118.1603913"><name>564</name></wpt><wpt lat="35.0467875" lon="-118.1604025"><name>565</name></wpt><wpt lat="35.0467858" lon="-118.1604138"><name>566</name></wpt><wpt lat="35.0467847" lon="-118.1604244"><name>567</name></wpt><wpt lat="35.0467841" lon="-118.1604352"><name>568</name></wpt><wpt lat="35.0467836" lon="-118.1604461"><name>569</name></wpt><wpt lat="35.0467833" lon="-118.1604572"><name>570</name></wpt><wpt lat="35.0467829" lon="-118.1604688"><name>571</name></wpt><wpt lat="35.0467818" lon="-118.160481"><name>572</name></wpt><wpt lat="35.0467807" lon="-118.1604927"><name>573</name></wpt><wpt lat="35.04678" lon="-118.1605048"><name>574</name></wpt><wpt lat="35.0467788" lon="-118.1605185"><name>575</name></wpt><wpt lat="35.0467787" lon="-118.1605309"><name>576</name></wpt><wpt lat="35.0467782" lon="-118.1605439"><name>577</name></wpt><wpt lat="35.046778" lon="-118.1605567"><name>578</name></wpt><wpt lat="35.0467784" lon="-118.1605696"><name>579</name></wpt><wpt lat="35.0467786" lon="-118.1605829"><name>580</name></wpt><wpt lat="35.0467785" lon="-118.1606104"><name>581</name></wpt><wpt lat="35.0467787" lon="-118.1606252"><name>582</name></wpt><wpt lat="35.0467786" lon="-118.16064"><name>583</name></wpt><wpt lat="35.0467781" lon="-118.1606543"><name>584</name></wpt><wpt lat="35.0467782" lon="-118.1606687"><name>585</name></wpt><wpt lat="35.0467792" lon="-118.1606837"><name>586</name></wpt><wpt lat="35.0467812" lon="-118.1606977"><name>587</name></wpt><wpt lat="35.0467829" lon="-118.1607122"><name>588</name></wpt><wpt lat="35.0467846" lon="-118.1607271"><name>589</name></wpt><wpt lat="35.0467872" lon="-118.1607422"><name>590</name></wpt><wpt lat="35.0467902" lon="-118.1607575"><name>591</name></wpt><wpt lat="35.0467936" lon="-118.160773"><name>592</name></wpt><wpt lat="35.0467978" lon="-118.1607886"><name>593</name></wpt><wpt lat="35.0468023" lon="-118.1608045"><name>594</name></wpt><wpt lat="35.0468064" lon="-118.1608212"><name>595</name></wpt><wpt lat="35.046811" lon="-118.1608375"><name>596</name></wpt><wpt lat="35.0468166" lon="-118.1608528"><name>597</name></wpt><wpt lat="35.046823" lon="-118.1608682"><name>598</name></wpt><wpt lat="35.0468299" lon="-118.1608833"><name>599</name></wpt><wpt lat="35.0468373" lon="-118.1608983"><name>600</name></wpt><wpt lat="35.0468451" lon="-118.1609131"><name>601</name></wpt><wpt lat="35.046853" lon="-118.1609272"><name>602</name></wpt><wpt lat="35.0468616" lon="-118.1609408"><name>603</name></wpt><wpt lat="35.0468708" lon="-118.1609546"><name>604</name></wpt><wpt lat="35.0468802" lon="-118.1609689"><name>605</name></wpt><wpt lat="35.0468905" lon="-118.1609838"><name>606</name></wpt><wpt lat="35.0469015" lon="-118.1609999"><name>607</name></wpt><wpt lat="35.046913" lon="-118.1610168"><name>608</name></wpt><wpt lat="35.0469246" lon="-118.1610336"><name>609</name></wpt><wpt lat="35.0469366" lon="-118.1610501"><name>610</name></wpt><wpt lat="35.0469492" lon="-118.1610659"><name>611</name></wpt><wpt lat="35.0469616" lon="-118.1610814"><name>612</name></wpt><wpt lat="35.0469741" lon="-118.161097"><name>613</name></wpt><wpt lat="35.0469877" lon="-118.1611124"><name>614</name></wpt><wpt lat="35.0470022" lon="-118.1611281"><name>615</name></wpt><wpt lat="35.0470171" lon="-118.1611437"><name>616</name></wpt><wpt lat="35.0470329" lon="-118.1611588"><name>617</name></wpt><wpt lat="35.0470491" lon="-118.1611734"><name>618</name></wpt><wpt lat="35.0470663" lon="-118.1611872"><name>619</name></wpt><wpt lat="35.0470842" lon="-118.1612005"><name>620</name></wpt><wpt lat="35.0471031" lon="-118.1612135"><name>621</name></wpt><wpt lat="35.047123" lon="-118.1612262"><name>622</name></wpt><wpt lat="35.0471436" lon="-118.1612388"><name>623</name></wpt><wpt lat="35.0471652" lon="-118.1612508"><name>624</name></wpt><wpt lat="35.0471882" lon="-118.1612618"><name>625</name></wpt><wpt lat="35.0472126" lon="-118.1612717"><name>626</name></wpt><wpt lat="35.0472375" lon="-118.1612807"><name>627</name></wpt><wpt lat="35.047263" lon="-118.1612893"><name>628</name></wpt><wpt lat="35.0472896" lon="-118.1612973"><name>629</name></wpt><wpt lat="35.0473171" lon="-118.1613042"><name>630</name></wpt><wpt lat="35.0473456" lon="-118.1613092"><name>631</name></wpt><wpt lat="35.0473748" lon="-118.1613119"><name>632</name></wpt><wpt lat="35.0474052" lon="-118.161312"><name>633</name></wpt><wpt lat="35.0474362" lon="-118.1613107"><name>634</name></wpt><wpt lat="35.047467" lon="-118.1613088"><name>635</name></wpt><wpt lat="35.0474983" lon="-118.1613056"><name>636</name></wpt><wpt lat="35.0475303" lon="-118.1613003"><name>637</name></wpt><wpt lat="35.0475631" lon="-118.1612923"><name>638</name></wpt><wpt lat="35.0475964" lon="-118.1612815"><name>639</name></wpt><wpt lat="35.0476297" lon="-118.1612675"><name>640</name></wpt><wpt lat="35.0476627" lon="-118.1612504"><name>641</name></wpt><wpt lat="35.0476949" lon="-118.1612305"><name>642</name></wpt><wpt lat="35.0477267" lon="-118.1612086"><name>643</name></wpt><wpt lat="35.0477581" lon="-118.1611866"><name>644</name></wpt><wpt lat="35.0477894" lon="-118.1611639"><name>645</name></wpt><wpt lat="35.0478204" lon="-118.1611366"><name>646</name></wpt><wpt lat="35.0478505" lon="-118.1611051"><name>647</name></wpt><wpt lat="35.0478799" lon="-118.1610702"><name>648</name></wpt><wpt lat="35.0479075" lon="-118.1610314"><name>649</name></wpt><wpt lat="35.0479332" lon="-118.160989"><name>650</name></wpt><wpt lat="35.0479564" lon="-118.1609432"><name>651</name></wpt><wpt lat="35.0479777" lon="-118.1608949"><name>652</name></wpt><wpt lat="35.0479973" lon="-118.160845"><name>653</name></wpt><wpt lat="35.0480148" lon="-118.1607935"><name>654</name></wpt><wpt lat="35.0480305" lon="-118.1607407"><name>655</name></wpt><wpt lat="35.0480445" lon="-118.1606867"><name>656</name></wpt><wpt lat="35.0480544" lon="-118.1606305"><name>657</name></wpt><wpt lat="35.0480588" lon="-118.1605721"><name>658</name></wpt><wpt lat="35.0480599" lon="-118.1605128"><name>659</name></wpt><wpt lat="35.048059" lon="-118.1604531"><name>660</name></wpt><wpt lat="35.0480567" lon="-118.1603939"><name>661</name></wpt><wpt lat="35.048052" lon="-118.1603355"><name>662</name></wpt><wpt lat="35.0480448" lon="-118.1602778"><name>663</name></wpt><wpt lat="35.0480359" lon="-118.1602209"><name>664</name></wpt><wpt lat="35.0480251" lon="-118.1601654"><name>665</name></wpt><wpt lat="35.0480122" lon="-118.1601106"><name>666</name></wpt><wpt lat="35.0479971" lon="-118.1600562"><name>667</name></wpt><wpt lat="35.0479801" lon="-118.1600025"><name>668</name></wpt><wpt lat="35.047961" lon="-118.1599495"><name>669</name></wpt><wpt lat="35.0479401" lon="-118.1598979"><name>670</name></wpt><wpt lat="35.0479167" lon="-118.1598483"><name>671</name></wpt><wpt lat="35.0478912" lon="-118.1598007"><name>672</name></wpt><wpt lat="35.0478633" lon="-118.1597563"><name>673</name></wpt><wpt lat="35.0478329" lon="-118.1597151"><name>674</name></wpt><wpt lat="35.0478008" lon="-118.1596777"><name>675</name></wpt><wpt lat="35.0477676" lon="-118.1596446"><name>676</name></wpt><wpt lat="35.047734" lon="-118.1596165"><name>677</name></wpt><wpt lat="35.0477005" lon="-118.1595932"><name>678</name></wpt><wpt lat="35.047667" lon="-118.1595743"><name>679</name></wpt><wpt lat="35.0476339" lon="-118.15956"><name>680</name></wpt><wpt lat="35.047602" lon="-118.1595489"><name>681</name></wpt><wpt lat="35.0475713" lon="-118.1595412"><name>682</name></wpt><wpt lat="35.0475418" lon="-118.1595363"><name>683</name></wpt><wpt lat="35.0475133" lon="-118.1595338"><name>684</name></wpt><wpt lat="35.0474862" lon="-118.1595337"><name>685</name></wpt><wpt lat="35.0474606" lon="-118.1595354"><name>686</name></wpt><wpt lat="35.0474361" lon="-118.1595389"><name>687</name></wpt><wpt lat="35.0474123" lon="-118.1595438"><name>688</name></wpt><wpt lat="35.0473895" lon="-118.1595494"><name>689</name></wpt><wpt lat="35.0473675" lon="-118.1595557"><name>690</name></wpt><wpt lat="35.0473468" lon="-118.1595632"><name>691</name></wpt><wpt lat="35.0473269" lon="-118.1595712"><name>692</name></wpt><wpt lat="35.047308" lon="-118.1595796"><name>693</name></wpt><wpt lat="35.04729" lon="-118.1595884"><name>694</name></wpt><wpt lat="35.0472731" lon="-118.1595981"><name>695</name></wpt><wpt lat="35.047257" lon="-118.1596082"><name>696</name></wpt><wpt lat="35.0472416" lon="-118.1596187"><name>697</name></wpt><wpt lat="35.0472271" lon="-118.1596296"><name>698</name></wpt><wpt lat="35.0472132" lon="-118.1596399"><name>699</name></wpt><wpt lat="35.0471995" lon="-118.15965"><name>700</name></wpt><wpt lat="35.0471864" lon="-118.1596606"><name>701</name></wpt><wpt lat="35.047174" lon="-118.1596715"><name>702</name></wpt><wpt lat="35.0471618" lon="-118.1596824"><name>703</name></wpt><wpt lat="35.0471502" lon="-118.1596933"><name>704</name></wpt><wpt lat="35.0471395" lon="-118.1597047"><name>705</name></wpt><wpt lat="35.0471289" lon="-118.1597162"><name>706</name></wpt><wpt lat="35.0471184" lon="-118.1597278"><name>707</name></wpt><wpt lat="35.047108" lon="-118.1597398"><name>708</name></wpt><wpt lat="35.0470975" lon="-118.1597525"><name>709</name></wpt><wpt lat="35.0470871" lon="-118.1597657"><name>710</name></wpt><wpt lat="35.0470765" lon="-118.159779"><name>711</name></wpt><wpt lat="35.0470662" lon="-118.1597924"><name>712</name></wpt><wpt lat="35.0470561" lon="-118.1598059"><name>713</name></wpt><wpt lat="35.0470459" lon="-118.1598196"><name>714</name></wpt><wpt lat="35.0470357" lon="-118.1598335"><name>715</name></wpt><wpt lat="35.0470257" lon="-118.1598473"><name>716</name></wpt><wpt lat="35.0470154" lon="-118.1598608"><name>717</name></wpt><wpt lat="35.0470053" lon="-118.1598738"><name>718</name></wpt><wpt lat="35.0469958" lon="-118.1598863"><name>719</name></wpt><wpt lat="35.0469864" lon="-118.1598984"><name>720</name></wpt><wpt lat="35.0469774" lon="-118.1599106"><name>721</name></wpt><wpt lat="35.0469687" lon="-118.159922"><name>722</name></wpt><wpt lat="35.0469601" lon="-118.1599335"><name>723</name></wpt><wpt lat="35.0469521" lon="-118.1599449"><name>724</name></wpt><wpt lat="35.0469445" lon="-118.1599561"><name>725</name></wpt><wpt lat="35.0469372" lon="-118.1599672"><name>726</name></wpt><wpt lat="35.0469306" lon="-118.1599783"><name>727</name></wpt><wpt lat="35.0469244" lon="-118.1599894"><name>728</name></wpt><wpt lat="35.0469183" lon="-118.1600003"><name>729</name></wpt><wpt lat="35.0469125" lon="-118.1600114"><name>730</name></wpt><wpt lat="35.0469066" lon="-118.1600229"><name>731</name></wpt><wpt lat="35.0469005" lon="-118.1600348"><name>732</name></wpt><wpt lat="35.0468943" lon="-118.1600471"><name>733</name></wpt><wpt lat="35.0468886" lon="-118.1600594"><name>734</name></wpt><wpt lat="35.0468832" lon="-118.1600715"><name>735</name></wpt><wpt lat="35.0468782" lon="-118.1600832"><name>736</name></wpt><wpt lat="35.0468735" lon="-118.160095"><name>737</name></wpt><wpt lat="35.0468691" lon="-118.1601063"><name>738</name></wpt><wpt lat="35.0468647" lon="-118.1601175"><name>739</name></wpt><wpt lat="35.0468606" lon="-118.1601284"><name>740</name></wpt><wpt lat="35.0468564" lon="-118.1601392"><name>741</name></wpt><wpt lat="35.0468523" lon="-118.1601505"><name>742</name></wpt><wpt lat="35.0468487" lon="-118.1601612"><name>743</name></wpt><wpt lat="35.046845" lon="-118.160172"><name>744</name></wpt><wpt lat="35.0468413" lon="-118.160183"><name>745</name></wpt><wpt lat="35.0468375" lon="-118.1601939"><name>746</name></wpt><wpt lat="35.0468338" lon="-118.1602047"><name>747</name></wpt><wpt lat="35.0468305" lon="-118.1602152"><name>748</name></wpt><wpt lat="35.0468271" lon="-118.1602255"><name>749</name></wpt><wpt lat="35.0468235" lon="-118.1602361"><name>750</name></wpt><wpt lat="35.0468197" lon="-118.1602474"><name>751</name></wpt><wpt lat="35.046816" lon="-118.1602588"><name>752</name></wpt><wpt lat="35.0468122" lon="-118.1602699"><name>753</name></wpt><wpt lat="35.0468085" lon="-118.1602811"><name>754</name></wpt><wpt lat="35.046805" lon="-118.1602928"><name>755</name></wpt><wpt lat="35.0468012" lon="-118.160305"><name>756</name></wpt><wpt lat="35.0467971" lon="-118.1603175"><name>757</name></wpt><wpt lat="35.0467933" lon="-118.16033"><name>758</name></wpt><wpt lat="35.0467895" lon="-118.1603427"><name>759</name></wpt><wpt lat="35.0467855" lon="-118.1603554"><name>760</name></wpt><wpt lat="35.0467816" lon="-118.1603682"><name>761</name></wpt><wpt lat="35.0467783" lon="-118.1603809"><name>762</name></wpt><wpt lat="35.046775" lon="-118.1603936"><name>763</name></wpt><wpt lat="35.0467715" lon="-118.1604063"><name>764</name></wpt><wpt lat="35.0467682" lon="-118.1604194"><name>765</name></wpt><wpt lat="35.0467651" lon="-118.1604325"><name>766</name></wpt><wpt lat="35.0467624" lon="-118.1604455"><name>767</name></wpt><wpt lat="35.0467604" lon="-118.1604586"><name>768</name></wpt><wpt lat="35.0467591" lon="-118.1604718"><name>769</name></wpt><wpt lat="35.0467578" lon="-118.1604847"><name>770</name></wpt><wpt lat="35.0467566" lon="-118.1604975"><name>771</name></wpt><wpt lat="35.0467558" lon="-118.1605101"><name>772</name></wpt><wpt lat="35.0467557" lon="-118.1605227"><name>773</name></wpt><wpt lat="35.046756" lon="-118.1605347"><name>774</name></wpt><wpt lat="35.0467562" lon="-118.1605469"><name>775</name></wpt><wpt lat="35.0467573" lon="-118.1605593"><name>776</name></wpt><wpt lat="35.0467592" lon="-118.1605712"><name>777</name></wpt><wpt lat="35.0467618" lon="-118.1605832"><name>778</name></wpt><wpt lat="35.0467649" lon="-118.160595"><name>779</name></wpt><wpt lat="35.0467681" lon="-118.1606065"><name>780</name></wpt><wpt lat="35.0467721" lon="-118.1606178"><name>781</name></wpt><wpt lat="35.0467763" lon="-118.1606294"><name>782</name></wpt><wpt lat="35.0467796" lon="-118.1606413"><name>783</name></wpt><wpt lat="35.0467829" lon="-118.1606534"><name>784</name></wpt><wpt lat="35.0467861" lon="-118.1606655"><name>785</name></wpt><wpt lat="35.0467892" lon="-118.1606775"><name>786</name></wpt><wpt lat="35.0467921" lon="-118.1606899"><name>787</name></wpt><wpt lat="35.0467948" lon="-118.1607025"><name>788</name></wpt><wpt lat="35.0467976" lon="-118.1607151"><name>789</name></wpt><wpt lat="35.0468006" lon="-118.1607278"><name>790</name></wpt><wpt lat="35.046804" lon="-118.1607402"><name>791</name></wpt><wpt lat="35.0468078" lon="-118.1607522"><name>792</name></wpt><wpt lat="35.0468122" lon="-118.1607637"><name>793</name></wpt><wpt lat="35.0468165" lon="-118.160775"><name>794</name></wpt><wpt lat="35.0468208" lon="-118.1607863"><name>795</name></wpt><wpt lat="35.0468252" lon="-118.1607975"><name>796</name></wpt><wpt lat="35.0468301" lon="-118.1608085"><name>797</name></wpt><wpt lat="35.0468349" lon="-118.1608192"><name>798</name></wpt><wpt lat="35.0468396" lon="-118.1608293"><name>799</name></wpt><wpt lat="35.0468441" lon="-118.1608397"><name>800</name></wpt><wpt lat="35.0468495" lon="-118.1608501"><name>801</name></wpt><wpt lat="35.046855" lon="-118.1608598"><name>802</name></wpt><wpt lat="35.0468603" lon="-118.1608698"><name>803</name></wpt><wpt lat="35.0468657" lon="-118.1608799"><name>804</name></wpt><wpt lat="35.0468707" lon="-118.1608898"><name>805</name></wpt><wpt lat="35.046876" lon="-118.1609002"><name>806</name></wpt><wpt lat="35.0468814" lon="-118.1609108"><name>807</name></wpt><wpt lat="35.0468864" lon="-118.1609215"><name>808</name></wpt><wpt lat="35.0468908" lon="-118.1609321"><name>809</name></wpt><wpt lat="35.0468949" lon="-118.1609428"><name>810</name></wpt><wpt lat="35.0468992" lon="-118.1609533"><name>811</name></wpt><wpt lat="35.0469039" lon="-118.1609636"><name>812</name></wpt><wpt lat="35.0469085" lon="-118.1609735"><name>813</name></wpt><wpt lat="35.0469126" lon="-118.1609833"><name>814</name></wpt><wpt lat="35.0469171" lon="-118.160993"><name>815</name></wpt><wpt lat="35.0469218" lon="-118.1610028"><name>816</name></wpt><wpt lat="35.0469268" lon="-118.1610126"><name>817</name></wpt><wpt lat="35.0469315" lon="-118.1610221"><name>818</name></wpt><wpt lat="35.0469365" lon="-118.1610308"><name>819</name></wpt><wpt lat="35.0469416" lon="-118.1610393"><name>820</name></wpt><wpt lat="35.0469465" lon="-118.1610482"><name>821</name></wpt><wpt lat="35.0469517" lon="-118.1610573"><name>822</name></wpt><wpt lat="35.0469573" lon="-118.1610667"><name>823</name></wpt><wpt lat="35.0469629" lon="-118.1610763"><name>824</name></wpt><wpt lat="35.0469684" lon="-118.1610859"><name>825</name></wpt><wpt lat="35.0469748" lon="-118.1610954"><name>826</name></wpt><wpt lat="35.0469823" lon="-118.1611052"><name>827</name></wpt><wpt lat="35.0469905" lon="-118.161115"><name>828</name></wpt><wpt lat="35.0469988" lon="-118.161125"><name>829</name></wpt><wpt lat="35.0470078" lon="-118.1611351"><name>830</name></wpt><wpt lat="35.0470173" lon="-118.161145"><name>831</name></wpt><wpt lat="35.0470271" lon="-118.1611546"><name>832</name></wpt><wpt lat="35.0470373" lon="-118.1611642"><name>833</name></wpt><wpt lat="35.0470485" lon="-118.1611738"><name>834</name></wpt><wpt lat="35.0470599" lon="-118.1611829"><name>835</name></wpt><wpt lat="35.0470717" lon="-118.1611917"><name>836</name></wpt><wpt lat="35.0470839" lon="-118.1612004"><name>837</name></wpt><wpt lat="35.0470965" lon="-118.1612088"><name>838</name></wpt><wpt lat="35.0471097" lon="-118.1612169"><name>839</name></wpt><wpt lat="35.0471235" lon="-118.1612242"><name>840</name></wpt><wpt lat="35.0471373" lon="-118.1612313"><name>841</name></wpt><wpt lat="35.0471514" lon="-118.1612383"><name>842</name></wpt><wpt lat="35.0471662" lon="-118.1612453"><name>843</name></wpt><wpt lat="35.0471816" lon="-118.161252"><name>844</name></wpt><wpt lat="35.0471973" lon="-118.1612585"><name>845</name></wpt><wpt lat="35.0472133" lon="-118.1612647"><name>846</name></wpt><wpt lat="35.0472304" lon="-118.1612704"><name>847</name></wpt><wpt lat="35.0472483" lon="-118.1612758"><name>848</name></wpt><wpt lat="35.0472668" lon="-118.1612807"><name>849</name></wpt><wpt lat="35.0472863" lon="-118.1612852"><name>850</name></wpt><wpt lat="35.0473063" lon="-118.1612892"><name>851</name></wpt><wpt lat="35.0473269" lon="-118.1612926"><name>852</name></wpt><wpt lat="35.0473482" lon="-118.1612957"><name>853</name></wpt><wpt lat="35.0473701" lon="-118.1612984"><name>854</name></wpt><wpt lat="35.0473931" lon="-118.1613002"><name>855</name></wpt><wpt lat="35.0474169" lon="-118.161301"><name>856</name></wpt><wpt lat="35.0474416" lon="-118.1613007"><name>857</name></wpt><wpt lat="35.0474672" lon="-118.1612994"><name>858</name></wpt><wpt lat="35.0474934" lon="-118.1612969"><name>859</name></wpt><wpt lat="35.0475205" lon="-118.1612933"><name>860</name></wpt><wpt lat="35.0475484" lon="-118.1612883"><name>861</name></wpt><wpt lat="35.0475774" lon="-118.1612816"><name>862</name></wpt><wpt lat="35.0476072" lon="-118.1612731"><name>863</name></wpt><wpt lat="35.0476377" lon="-118.1612626"><name>864</name></wpt><wpt lat="35.0476693" lon="-118.1612497"><name>865</name></wpt><wpt lat="35.0477014" lon="-118.1612341"><name>866</name></wpt><wpt lat="35.0477341" lon="-118.1612163"><name>867</name></wpt><wpt lat="35.0477672" lon="-118.1611964"><name>868</name></wpt><wpt lat="35.0478006" lon="-118.1611741"><name>869</name></wpt><wpt lat="35.0478342" lon="-118.1611483"><name>870</name></wpt><wpt lat="35.0478673" lon="-118.1611187"><name>871</name></wpt><wpt lat="35.0479003" lon="-118.1610858"><name>872</name></wpt><wpt lat="35.0479324" lon="-118.1610493"><name>873</name></wpt><wpt lat="35.0479631" lon="-118.1610093"><name>874</name></wpt><wpt lat="35.0479918" lon="-118.160965"><name>875</name></wpt><wpt lat="35.0480182" lon="-118.1609171"><name>876</name></wpt><wpt lat="35.0480417" lon="-118.1608656"><name>877</name></wpt><wpt lat="35.0480623" lon="-118.1608115"><name>878</name></wpt><wpt lat="35.0480803" lon="-118.1607552"><name>879</name></wpt><wpt lat="35.0480954" lon="-118.160697"><name>880</name></wpt><wpt lat="35.0481077" lon="-118.1606374"><name>881</name></wpt><wpt lat="35.0481172" lon="-118.1605769"><name>882</name></wpt><wpt lat="35.0481235" lon="-118.1605153"><name>883</name></wpt><wpt lat="35.0481265" lon="-118.1604536"><name>884</name></wpt><wpt lat="35.0481261" lon="-118.1603921"><name>885</name></wpt><wpt lat="35.0481223" lon="-118.1603315"><name>886</name></wpt><wpt lat="35.0481155" lon="-118.1602718"><name>887</name></wpt><wpt lat="35.0481056" lon="-118.1602136"><name>888</name></wpt><wpt lat="35.048093" lon="-118.160157"><name>889</name></wpt><wpt lat="35.0480782" lon="-118.1601022"><name>890</name></wpt><wpt lat="35.0480609" lon="-118.1600496"><name>891</name></wpt><wpt lat="35.0480406" lon="-118.1600003"><name>892</name></wpt><wpt lat="35.048018" lon="-118.1599546"><name>893</name></wpt><wpt lat="35.047994" lon="-118.1599122"><name>894</name></wpt><wpt lat="35.0479683" lon="-118.1598734"><name>895</name></wpt><wpt lat="35.0479409" lon="-118.1598383"><name>896</name></wpt><wpt lat="35.0479125" lon="-118.1598068"><name>897</name></wpt><wpt lat="35.0478838" lon="-118.1597778"><name>898</name></wpt><wpt lat="35.0478549" lon="-118.159751"><name>899</name></wpt><wpt lat="35.0478261" lon="-118.1597274"><name>900</name></wpt><wpt lat="35.0477972" lon="-118.1597069"><name>901</name></wpt><wpt lat="35.0477684" lon="-118.1596891"><name>902</name></wpt><wpt lat="35.04774" lon="-118.1596732"><name>903</name></wpt><wpt lat="35.047712" lon="-118.15966"><name>904</name></wpt><wpt lat="35.0476848" lon="-118.1596483"><name>905</name></wpt><wpt lat="35.0476581" lon="-118.1596385"><name>906</name></wpt><wpt lat="35.0476323" lon="-118.1596307"><name>907</name></wpt><wpt lat="35.0476074" lon="-118.1596245"><name>908</name></wpt><wpt lat="35.0475834" lon="-118.1596195"><name>909</name></wpt><wpt lat="35.04756" lon="-118.1596162"><name>910</name></wpt><wpt lat="35.0475377" lon="-118.1596142"><name>911</name></wpt><wpt lat="35.0475164" lon="-118.1596132"><name>912</name></wpt><wpt lat="35.0474959" lon="-118.1596128"><name>913</name></wpt><wpt lat="35.0474763" lon="-118.1596131"><name>914</name></wpt><wpt lat="35.0474575" lon="-118.1596142"><name>915</name></wpt><wpt lat="35.0474392" lon="-118.1596157"><name>916</name></wpt><wpt lat="35.0474216" lon="-118.1596179"><name>917</name></wpt><wpt lat="35.0474047" lon="-118.1596211"><name>918</name></wpt><wpt lat="35.0473885" lon="-118.1596245"><name>919</name></wpt><wpt lat="35.0473726" lon="-118.1596282"><name>920</name></wpt><wpt lat="35.0473575" lon="-118.1596322"><name>921</name></wpt><wpt lat="35.0473432" lon="-118.1596365"><name>922</name></wpt><wpt lat="35.0473294" lon="-118.159641"><name>923</name></wpt><wpt lat="35.0473163" lon="-118.1596463"><name>924</name></wpt><wpt lat="35.0473037" lon="-118.1596517"><name>925</name></wpt><wpt lat="35.0472915" lon="-118.1596572"><name>926</name></wpt><wpt lat="35.0472798" lon="-118.159663"><name>927</name></wpt><wpt lat="35.0472686" lon="-118.1596687"><name>928</name></wpt><wpt lat="35.0472576" lon="-118.1596745"><name>929</name></wpt><wpt lat="35.047247" lon="-118.1596806"><name>930</name></wpt><wpt lat="35.0472371" lon="-118.1596871"><name>931</name></wpt><wpt lat="35.0472274" lon="-118.1596936"><name>932</name></wpt><wpt lat="35.0472176" lon="-118.1597003"><name>933</name></wpt><wpt lat="35.047208" lon="-118.1597073"><name>934</name></wpt><wpt lat="35.0471985" lon="-118.1597145"><name>935</name></wpt><wpt lat="35.047189" lon="-118.1597222"><name>936</name></wpt><wpt lat="35.0471796" lon="-118.15973"><name>937</name></wpt><wpt lat="35.0471704" lon="-118.1597378"><name>938</name></wpt><wpt lat="35.0471613" lon="-118.1597454"><name>939</name></wpt><wpt lat="35.0471525" lon="-118.1597535"><name>940</name></wpt><wpt lat="35.0471439" lon="-118.1597617"><name>941</name></wpt><wpt lat="35.0471359" lon="-118.15977"><name>942</name></wpt><wpt lat="35.0471282" lon="-118.1597783"><name>943</name></wpt><wpt lat="35.0471205" lon="-118.1597864"><name>944</name></wpt><wpt lat="35.0471133" lon="-118.1597946"><name>945</name></wpt><wpt lat="35.0471064" lon="-118.1598029"><name>946</name></wpt><wpt lat="35.0470995" lon="-118.1598113"><name>947</name></wpt><wpt lat="35.0470927" lon="-118.1598197"><name>948</name></wpt><wpt lat="35.0470857" lon="-118.1598281"><name>949</name></wpt><wpt lat="35.0470788" lon="-118.1598367"><name>950</name></wpt><wpt lat="35.0470722" lon="-118.1598453"><name>951</name></wpt><wpt lat="35.0470653" lon="-118.1598537"><name>952</name></wpt><wpt lat="35.0470578" lon="-118.1598619"><name>953</name></wpt><wpt lat="35.0470507" lon="-118.15987"><name>954</name></wpt><wpt lat="35.0470439" lon="-118.1598781"><name>955</name></wpt><wpt lat="35.0470365" lon="-118.1598857"><name>956</name></wpt><wpt lat="35.0470292" lon="-118.1598929"><name>957</name></wpt><wpt lat="35.0470222" lon="-118.1599005"><name>958</name></wpt><wpt lat="35.0470153" lon="-118.1599079"><name>959</name></wpt><wpt lat="35.0470083" lon="-118.1599153"><name>960</name></wpt><wpt lat="35.0470014" lon="-118.1599225"><name>961</name></wpt><wpt lat="35.0469946" lon="-118.1599298"><name>962</name></wpt><wpt lat="35.0469879" lon="-118.1599369"><name>963</name></wpt><wpt lat="35.0469812" lon="-118.159944"><name>964</name></wpt><wpt lat="35.0469746" lon="-118.1599511"><name>965</name></wpt><wpt lat="35.0469681" lon="-118.1599585"><name>966</name></wpt><wpt lat="35.0469615" lon="-118.1599659"><name>967</name></wpt><wpt lat="35.0469546" lon="-118.1599729"><name>968</name></wpt><wpt lat="35.0469479" lon="-118.1599796"><name>969</name></wpt><wpt lat="35.0469416" lon="-118.1599865"><name>970</name></wpt><wpt lat="35.0469355" lon="-118.1599931"><name>971</name></wpt><wpt lat="35.0469295" lon="-118.1599994"><name>972</name></wpt><wpt lat="35.0469235" lon="-118.1600059"><name>973</name></wpt><wpt lat="35.0469174" lon="-118.1600125"><name>974</name></wpt><wpt lat="35.0469119" lon="-118.1600192"><name>975</name></wpt><wpt lat="35.0469065" lon="-118.1600259"><name>976</name></wpt><wpt lat="35.0469011" lon="-118.1600323"><name>977</name></wpt><wpt lat="35.0468958" lon="-118.1600388"><name>978</name></wpt><wpt lat="35.0468905" lon="-118.1600451"><name>979</name></wpt><wpt lat="35.0468856" lon="-118.1600514"><name>980</name></wpt><wpt lat="35.0468811" lon="-118.1600576"><name>981</name></wpt><wpt lat="35.0468764" lon="-118.1600636"><name>982</name></wpt><wpt lat="35.0468716" lon="-118.1600692"><name>983</name></wpt><wpt lat="35.0468671" lon="-118.160075"><name>984</name></wpt><wpt lat="35.0468633" lon="-118.1600812"><name>985</name></wpt><wpt lat="35.0468597" lon="-118.1600874"><name>986</name></wpt><wpt lat="35.0468561" lon="-118.1600937"><name>987</name></wpt><wpt lat="35.0468529" lon="-118.1601003"><name>988</name></wpt><wpt lat="35.0468502" lon="-118.1601067"><name>989</name></wpt><wpt lat="35.0468474" lon="-118.160113"><name>990</name></wpt><wpt lat="35.046845" lon="-118.1601192"><name>991</name></wpt><wpt lat="35.0468433" lon="-118.1601256"><name>992</name></wpt><wpt lat="35.0468418" lon="-118.1601318"><name>993</name></wpt><wpt lat="35.0468403" lon="-118.1601378"><name>994</name></wpt><wpt lat="35.0468384" lon="-118.1601436"><name>995</name></wpt><wpt lat="35.0468366" lon="-118.1601495"><name>996</name></wpt><wpt lat="35.046835" lon="-118.1601555"><name>997</name></wpt><wpt lat="35.0468333" lon="-118.1601614"><name>998</name></wpt><wpt lat="35.0468314" lon="-118.160167"><name>999</name></wpt><wpt lat="35.0468293" lon="-118.1601723"><name>1000</name></wpt><wpt lat="35.0468276" lon="-118.1601778"><name>1001</name></wpt><wpt lat="35.0468261" lon="-118.1601832"><name>1002</name></wpt><wpt lat="35.0468245" lon="-118.1601886"><name>1003</name></wpt><wpt lat="35.0468229" lon="-118.1601937"><name>1004</name></wpt><wpt lat="35.0468212" lon="-118.160199"><name>1005</name></wpt><wpt lat="35.0468195" lon="-118.1602048"><name>1006</name></wpt><wpt lat="35.046818" lon="-118.1602108"><name>1007</name></wpt><wpt lat="35.0468167" lon="-118.160217"><name>1008</name></wpt><wpt lat="35.0468148" lon="-118.1602232"><name>1009</name></wpt><wpt lat="35.0468129" lon="-118.1602293"><name>1010</name></wpt><wpt lat="35.0468118" lon="-118.1602355"><name>1011</name></wpt><wpt lat="35.046811" lon="-118.1602419"><name>1012</name></wpt><wpt lat="35.04681" lon="-118.1602485"><name>1013</name></wpt><wpt lat="35.0468091" lon="-118.1602556"><name>1014</name></wpt><wpt lat="35.0468084" lon="-118.1602625"><name>1015</name></wpt><wpt lat="35.0468074" lon="-118.1602694"><name>1016</name></wpt><wpt lat="35.0468061" lon="-118.1602763"><name>1017</name></wpt><wpt lat="35.0468049" lon="-118.160283"><name>1018</name></wpt><wpt lat="35.0468038" lon="-118.1602899"><name>1019</name></wpt><wpt lat="35.0468026" lon="-118.1602965"><name>1020</name></wpt><wpt lat="35.0468016" lon="-118.160303"><name>1021</name></wpt><wpt lat="35.0468" lon="-118.1603095"><name>1022</name></wpt><wpt lat="35.0467989" lon="-118.1603157"><name>1023</name></wpt><wpt lat="35.0467983" lon="-118.160322"><name>1024</name></wpt><wpt lat="35.0467975" lon="-118.1603281"><name>1025</name></wpt><wpt lat="35.0467968" lon="-118.1603342"><name>1026</name></wpt><wpt lat="35.0467963" lon="-118.1603402"><name>1027</name></wpt><wpt lat="35.0467955" lon="-118.1603463"><name>1028</name></wpt><wpt lat="35.0467951" lon="-118.1603527"><name>1029</name></wpt><wpt lat="35.0467949" lon="-118.1603655"><name>1030</name></wpt><wpt lat="35.0467946" lon="-118.160372"><name>1031</name></wpt><wpt lat="35.0467944" lon="-118.1603785"><name>1032</name></wpt><wpt lat="35.0467942" lon="-118.1603851"><name>1033</name></wpt><wpt lat="35.0467938" lon="-118.1603916"><name>1034</name></wpt><wpt lat="35.0467935" lon="-118.1603981"><name>1035</name></wpt><wpt lat="35.0467931" lon="-118.1604047"><name>1036</name></wpt><wpt lat="35.0467924" lon="-118.1604114"><name>1037</name></wpt><wpt lat="35.0467916" lon="-118.1604181"><name>1038</name></wpt><wpt lat="35.0467906" lon="-118.1604249"><name>1039</name></wpt><wpt lat="35.0467895" lon="-118.1604318"><name>1040</name></wpt><wpt lat="35.0467882" lon="-118.1604388"><name>1041</name></wpt><wpt lat="35.0467871" lon="-118.1604461"><name>1042</name></wpt><wpt lat="35.0467859" lon="-118.1604535"><name>1043</name></wpt><wpt lat="35.0467846" lon="-118.160461"><name>1044</name></wpt><wpt lat="35.0467827" lon="-118.1604681"><name>1045</name></wpt><wpt lat="35.0467805" lon="-118.160475"><name>1046</name></wpt><wpt lat="35.0467784" lon="-118.1604822"><name>1047</name></wpt><wpt lat="35.0467761" lon="-118.1604891"><name>1048</name></wpt><wpt lat="35.0467744" lon="-118.160496"><name>1049</name></wpt><wpt lat="35.0467726" lon="-118.1605028"><name>1050</name></wpt><wpt lat="35.0467709" lon="-118.1605095"><name>1051</name></wpt><wpt lat="35.0467699" lon="-118.1605163"><name>1052</name></wpt><wpt lat="35.0467687" lon="-118.160523"><name>1053</name></wpt><wpt lat="35.0467673" lon="-118.1605298"><name>1054</name></wpt><wpt lat="35.0467662" lon="-118.1605368"><name>1055</name></wpt><wpt lat="35.0467649" lon="-118.160544"><name>1056</name></wpt><wpt lat="35.0467634" lon="-118.1605512"><name>1057</name></wpt><wpt lat="35.0467625" lon="-118.1605584"><name>1058</name></wpt><wpt lat="35.046762" lon="-118.1605658"><name>1059</name></wpt><wpt lat="35.0467613" lon="-118.1605732"><name>1060</name></wpt><wpt lat="35.0467609" lon="-118.1605806"><name>1061</name></wpt><wpt lat="35.0467611" lon="-118.1605877"><name>1062</name></wpt><wpt lat="35.0467615" lon="-118.160595"><name>1063</name></wpt><wpt lat="35.0467623" lon="-118.1606027"><name>1064</name></wpt><wpt lat="35.0467633" lon="-118.1606104"><name>1065</name></wpt><wpt lat="35.0467644" lon="-118.1606179"><name>1066</name></wpt><wpt lat="35.046766" lon="-118.1606253"><name>1067</name></wpt><wpt lat="35.0467677" lon="-118.1606326"><name>1068</name></wpt><wpt lat="35.0467693" lon="-118.1606399"><name>1069</name></wpt><wpt lat="35.0467707" lon="-118.1606474"><name>1070</name></wpt><wpt lat="35.0467724" lon="-118.1606549"><name>1071</name></wpt><wpt lat="35.046774" lon="-118.1606621"><name>1072</name></wpt><wpt lat="35.0467757" lon="-118.1606693"><name>1073</name></wpt><wpt lat="35.0467769" lon="-118.1606767"><name>1074</name></wpt><wpt lat="35.0467786" lon="-118.1606838"><name>1075</name></wpt><wpt lat="35.0467804" lon="-118.1606909"><name>1076</name></wpt><wpt lat="35.0467827" lon="-118.1606979"><name>1077</name></wpt><wpt lat="35.0467853" lon="-118.160705"><name>1078</name></wpt><wpt lat="35.0467879" lon="-118.1607122"><name>1079</name></wpt><wpt lat="35.0467911" lon="-118.1607195"><name>1080</name></wpt><wpt lat="35.0467942" lon="-118.160727"><name>1081</name></wpt><wpt lat="35.0467971" lon="-118.1607346"><name>1082</name></wpt><wpt lat="35.0467997" lon="-118.1607422"><name>1083</name></wpt><wpt lat="35.0468026" lon="-118.1607499"><name>1084</name></wpt><wpt lat="35.0468051" lon="-118.1607578"><name>1085</name></wpt><wpt lat="35.0468075" lon="-118.1607657"><name>1086</name></wpt><wpt lat="35.0468099" lon="-118.1607735"><name>1087</name></wpt><wpt lat="35.0468123" lon="-118.1607811"><name>1088</name></wpt><wpt lat="35.0468145" lon="-118.1607887"><name>1089</name></wpt><wpt lat="35.0468168" lon="-118.1607965"><name>1090</name></wpt><wpt lat="35.0468192" lon="-118.1608043"><name>1091</name></wpt><wpt lat="35.0468217" lon="-118.1608119"><name>1092</name></wpt><wpt lat="35.0468242" lon="-118.1608196"><name>1093</name></wpt><wpt lat="35.0468266" lon="-118.1608273"><name>1094</name></wpt><wpt lat="35.0468291" lon="-118.1608349"><name>1095</name></wpt><wpt lat="35.0468317" lon="-118.1608422"><name>1096</name></wpt><wpt lat="35.046834" lon="-118.1608497"><name>1097</name></wpt><wpt lat="35.0468366" lon="-118.1608571"><name>1098</name></wpt><wpt lat="35.0468393" lon="-118.1608643"><name>1099</name></wpt><wpt lat="35.0468421" lon="-118.1608712"><name>1100</name></wpt><wpt lat="35.0468447" lon="-118.1608779"><name>1101</name></wpt><wpt lat="35.0468475" lon="-118.1608846"><name>1102</name></wpt><wpt lat="35.0468505" lon="-118.1608915"><name>1103</name></wpt><wpt lat="35.0468538" lon="-118.1608983"><name>1104</name></wpt><wpt lat="35.0468568" lon="-118.1609053"><name>1105</name></wpt><wpt lat="35.0468601" lon="-118.1609122"><name>1106</name></wpt><wpt lat="35.0468636" lon="-118.1609188"><name>1107</name></wpt><wpt lat="35.0468668" lon="-118.1609256"><name>1108</name></wpt><wpt lat="35.0468701" lon="-118.1609325"><name>1109</name></wpt><wpt lat="35.0468737" lon="-118.1609394"><name>1110</name></wpt><wpt lat="35.0468775" lon="-118.1609463"><name>1111</name></wpt><wpt lat="35.0468811" lon="-118.1609531"><name>1112</name></wpt><wpt lat="35.0468848" lon="-118.16096"><name>1113</name></wpt><wpt lat="35.0468887" lon="-118.1609669"><name>1114</name></wpt><wpt lat="35.0468928" lon="-118.1609736"><name>1115</name></wpt><wpt lat="35.0468968" lon="-118.1609802"><name>1116</name></wpt><wpt lat="35.0469007" lon="-118.1609867"><name>1117</name></wpt><wpt lat="35.0469046" lon="-118.1609931"><name>1118</name></wpt><wpt lat="35.0469087" lon="-118.1609997"><name>1119</name></wpt><wpt lat="35.046913" lon="-118.1610067"><name>1120</name></wpt><wpt lat="35.0469175" lon="-118.1610136"><name>1121</name></wpt><wpt lat="35.0469221" lon="-118.1610208"><name>1122</name></wpt><wpt lat="35.0469267" lon="-118.1610283"><name>1123</name></wpt><wpt lat="35.0469316" lon="-118.1610358"><name>1124</name></wpt><wpt lat="35.0469368" lon="-118.161043"><name>1125</name></wpt><wpt lat="35.0469422" lon="-118.1610504"><name>1126</name></wpt><wpt lat="35.0469477" lon="-118.1610576"><name>1127</name></wpt><wpt lat="35.0469534" lon="-118.1610648"><name>1128</name></wpt><wpt lat="35.0469596" lon="-118.1610719"><name>1129</name></wpt><wpt lat="35.0469659" lon="-118.1610787"><name>1130</name></wpt><wpt lat="35.0469721" lon="-118.1610853"><name>1131</name></wpt><wpt lat="35.0469784" lon="-118.1610919"><name>1132</name></wpt><wpt lat="35.0469848" lon="-118.1610985"><name>1133</name></wpt><wpt lat="35.0469912" lon="-118.161105"><name>1134</name></wpt><wpt lat="35.0469976" lon="-118.1611115"><name>1135</name></wpt><wpt lat="35.0470045" lon="-118.1611178"><name>1136</name></wpt><wpt lat="35.0470116" lon="-118.1611238"><name>1137</name></wpt><wpt lat="35.0470189" lon="-118.1611299"><name>1138</name></wpt><wpt lat="35.047026" lon="-118.161136"><name>1139</name></wpt><wpt lat="35.0470333" lon="-118.161142"><name>1140</name></wpt><wpt lat="35.0470412" lon="-118.1611479"><name>1141</name></wpt><wpt lat="35.0470489" lon="-118.1611539"><name>1142</name></wpt><wpt lat="35.0470566" lon="-118.1611601"><name>1143</name></wpt><wpt lat="35.0470646" lon="-118.1611663"><name>1144</name></wpt><wpt lat="35.0470724" lon="-118.1611728"><name>1145</name></wpt><wpt lat="35.0470805" lon="-118.1611793"><name>1146</name></wpt><wpt lat="35.047089" lon="-118.1611858"><name>1147</name></wpt><wpt lat="35.0470977" lon="-118.1611923"><name>1148</name></wpt><wpt lat="35.0471066" lon="-118.1611986"><name>1149</name></wpt><wpt lat="35.0471157" lon="-118.1612047"><name>1150</name></wpt><wpt lat="35.047125" lon="-118.1612108"><name>1151</name></wpt><wpt lat="35.0471345" lon="-118.1612168"><name>1152</name></wpt><wpt lat="35.047144" lon="-118.1612226"><name>1153</name></wpt><wpt lat="35.0471537" lon="-118.1612281"><name>1154</name></wpt><wpt lat="35.0471636" lon="-118.1612335"><name>1155</name></wpt><wpt lat="35.0471738" lon="-118.1612385"><name>1156</name></wpt><wpt lat="35.0471843" lon="-118.1612435"><name>1157</name></wpt><wpt lat="35.0471953" lon="-118.1612482"><name>1158</name></wpt><wpt lat="35.0472065" lon="-118.1612528"><name>1159</name></wpt><wpt lat="35.0472178" lon="-118.1612572"><name>1160</name></wpt><wpt lat="35.0472293" lon="-118.1612616"><name>1161</name></wpt><wpt lat="35.0472413" lon="-118.1612659"><name>1162</name></wpt><wpt lat="35.0472536" lon="-118.1612699"><name>1163</name></wpt><wpt lat="35.0472658" lon="-118.161274"><name>1164</name></wpt><wpt lat="35.0472784" lon="-118.161278"><name>1165</name></wpt><wpt lat="35.0472916" lon="-118.1612816"><name>1166</name></wpt><wpt lat="35.0473052" lon="-118.161285"><name>1167</name></wpt><wpt lat="35.0473189" lon="-118.161288"><name>1168</name></wpt><wpt lat="35.0473326" lon="-118.1612906"><name>1169</name></wpt><wpt lat="35.0473469" lon="-118.1612928"><name>1170</name></wpt><wpt lat="35.0473616" lon="-118.1612947"><name>1171</name></wpt><wpt lat="35.0473767" lon="-118.1612965"><name>1172</name></wpt><wpt lat="35.047392" lon="-118.1612981"><name>1173</name></wpt><wpt lat="35.047408" lon="-118.1612996"><name>1174</name></wpt><wpt lat="35.0474249" lon="-118.1613006"><name>1175</name></wpt><wpt lat="35.0474422" lon="-118.1613011"><name>1176</name></wpt><wpt lat="35.0474601" lon="-118.161301"><name>1177</name></wpt><wpt lat="35.0474789" lon="-118.1613004"><name>1178</name></wpt><wpt lat="35.0474984" lon="-118.1612992"><name>1179</name></wpt><wpt lat="35.0475186" lon="-118.1612972"><name>1180</name></wpt><wpt lat="35.0475392" lon="-118.1612945"><name>1181</name></wpt><wpt lat="35.0475602" lon="-118.1612911"><name>1182</name></wpt><wpt lat="35.0475821" lon="-118.1612865"><name>1183</name></wpt><wpt lat="35.0476049" lon="-118.1612807"><name>1184</name></wpt><wpt lat="35.0476281" lon="-118.1612738"><name>1185</name></wpt><wpt lat="35.0476518" lon="-118.1612661"><name>1186</name></wpt><wpt lat="35.0476763" lon="-118.1612572"><name>1187</name></wpt><wpt lat="35.0477017" lon="-118.1612465"><name>1188</name></wpt><wpt lat="35.0477277" lon="-118.1612334"><name>1189</name></wpt><wpt lat="35.0477542" lon="-118.1612176"><name>1190</name></wpt><wpt lat="35.047781" lon="-118.1611995"><name>1191</name></wpt><wpt lat="35.0478082" lon="-118.1611792"><name>1192</name></wpt><wpt lat="35.0478354" lon="-118.1611563"><name>1193</name></wpt><wpt lat="35.0478626" lon="-118.161131"><name>1194</name></wpt><wpt lat="35.0478896" lon="-118.1611034"><name>1195</name></wpt><wpt lat="35.0479164" lon="-118.1610732"><name>1196</name></wpt><wpt lat="35.0479425" lon="-118.1610399"><name>1197</name></wpt><wpt lat="35.0479673" lon="-118.1610035"><name>1198</name></wpt><wpt lat="35.0479906" lon="-118.1609639"><name>1199</name></wpt><wpt lat="35.0480119" lon="-118.160921"><name>1200</name></wpt><wpt lat="35.0480309" lon="-118.1608754"><name>1201</name></wpt><wpt lat="35.0480473" lon="-118.1608273"><name>1202</name></wpt><wpt lat="35.0480614" lon="-118.1607773"><name>1203</name></wpt><wpt lat="35.0480724" lon="-118.1607254"><name>1204</name></wpt><wpt lat="35.0480804" lon="-118.1606725"><name>1205</name></wpt><wpt lat="35.0480848" lon="-118.1606189"><name>1206</name></wpt><wpt lat="35.0480869" lon="-118.1605647"><name>1207</name></wpt><wpt lat="35.0480873" lon="-118.1605102"><name>1208</name></wpt><wpt lat="35.0480848" lon="-118.1604558"><name>1209</name></wpt><wpt lat="35.0480777" lon="-118.1604026"><name>1210</name></wpt><wpt lat="35.0480659" lon="-118.1603514"><name>1211</name></wpt><wpt lat="35.0480507" lon="-118.1603019"><name>1212</name></wpt><wpt lat="35.0480332" lon="-118.1602544"><name>1213</name></wpt><wpt lat="35.0480138" lon="-118.1602082"><name>1214</name></wpt><wpt lat="35.0479923" lon="-118.160164"><name>1215</name></wpt><wpt lat="35.0479693" lon="-118.1601216"><name>1216</name></wpt><wpt lat="35.047945" lon="-118.160081"><name>1217</name></wpt><wpt lat="35.0479194" lon="-118.1600429"><name>1218</name></wpt><wpt lat="35.0478929" lon="-118.1600074"><name>1219</name></wpt><wpt lat="35.0478654" lon="-118.1599743"><name>1220</name></wpt><wpt lat="35.0478374" lon="-118.1599431"><name>1221</name></wpt><wpt lat="35.0478093" lon="-118.159914"><name>1222</name></wpt><wpt lat="35.047781" lon="-118.1598879"><name>1223</name></wpt><wpt lat="35.0477526" lon="-118.1598645"><name>1224</name></wpt><wpt lat="35.0477245" lon="-118.1598434"><name>1225</name></wpt><wpt lat="35.0476968" lon="-118.1598245"><name>1226</name></wpt><wpt lat="35.0476696" lon="-118.1598077"><name>1227</name></wpt><wpt lat="35.0476429" lon="-118.1597923"><name>1228</name></wpt><wpt lat="35.0476166" lon="-118.1597787"><name>1229</name></wpt><wpt lat="35.0475909" lon="-118.159767"><name>1230</name></wpt><wpt lat="35.0475658" lon="-118.1597565"><name>1231</name></wpt><wpt lat="35.0475414" lon="-118.1597469"><name>1232</name></wpt><wpt lat="35.0475178" lon="-118.1597391"><name>1233</name></wpt><wpt lat="35.0474951" lon="-118.1597327"><name>1234</name></wpt><wpt lat="35.047473" lon="-118.159727"><name>1235</name></wpt><wpt lat="35.0474518" lon="-118.1597227"><name>1236</name></wpt><wpt lat="35.0474312" lon="-118.1597192"><name>1237</name></wpt><wpt lat="35.0474111" lon="-118.1597161"><name>1238</name></wpt><wpt lat="35.0473917" lon="-118.1597139"><name>1239</name></wpt><wpt lat="35.047373" lon="-118.1597126"><name>1240</name></wpt><wpt lat="35.0473551" lon="-118.1597118"><name>1241</name></wpt><wpt lat="35.0473379" lon="-118.1597113"><name>1242</name></wpt><wpt lat="35.0473212" lon="-118.1597116"><name>1243</name></wpt><wpt lat="35.0473055" lon="-118.1597126"><name>1244</name></wpt><wpt lat="35.0472908" lon="-118.1597141"><name>1245</name></wpt><wpt lat="35.0472768" lon="-118.1597161"><name>1246</name></wpt><wpt lat="35.0472632" lon="-118.1597183"><name>1247</name></wpt><wpt lat="35.0472496" lon="-118.1597206"><name>1248</name></wpt><wpt lat="35.0472364" lon="-118.1597232"><name>1249</name></wpt><wpt lat="35.0472237" lon="-118.1597263"><name>1250</name></wpt><wpt lat="35.0472113" lon="-118.1597296"><name>1251</name></wpt><wpt lat="35.0471992" lon="-118.1597334"><name>1252</name></wpt><wpt lat="35.0471876" lon="-118.1597377"><name>1253</name></wpt><wpt lat="35.0471764" lon="-118.1597424"><name>1254</name></wpt><wpt lat="35.0471654" lon="-118.1597473"><name>1255</name></wpt><wpt lat="35.0471549" lon="-118.1597525"><name>1256</name></wpt><wpt lat="35.0471445" lon="-118.1597579"><name>1257</name></wpt><wpt lat="35.0471344" lon="-118.1597636"><name>1258</name></wpt><wpt lat="35.0471245" lon="-118.1597693"><name>1259</name></wpt><wpt lat="35.047115" lon="-118.1597752"><name>1260</name></wpt><wpt lat="35.0471054" lon="-118.1597815"><name>1261</name></wpt><wpt lat="35.0470965" lon="-118.1597877"><name>1262</name></wpt><wpt lat="35.0470883" lon="-118.1597941"><name>1263</name></wpt><wpt lat="35.0470799" lon="-118.1598006"><name>1264</name></wpt><wpt lat="35.0470718" lon="-118.1598071"><name>1265</name></wpt><wpt lat="35.047064" lon="-118.1598138"><name>1266</name></wpt><wpt lat="35.0470562" lon="-118.1598206"><name>1267</name></wpt><wpt lat="35.0470488" lon="-118.1598274"><name>1268</name></wpt><wpt lat="35.0470418" lon="-118.1598344"><name>1269</name></wpt><wpt lat="35.047035" lon="-118.1598416"><name>1270</name></wpt><wpt lat="35.0470281" lon="-118.1598489"><name>1271</name></wpt><wpt lat="35.0470212" lon="-118.1598561"><name>1272</name></wpt><wpt lat="35.0470141" lon="-118.1598635"><name>1273</name></wpt><wpt lat="35.0470072" lon="-118.1598709"><name>1274</name></wpt><wpt lat="35.0470005" lon="-118.1598785"><name>1275</name></wpt><wpt lat="35.0469939" lon="-118.1598861"><name>1276</name></wpt><wpt lat="35.0469873" lon="-118.1598934"><name>1277</name></wpt><wpt lat="35.0469809" lon="-118.1599006"><name>1278</name></wpt><wpt lat="35.0469746" lon="-118.1599077"><name>1279</name></wpt><wpt lat="35.046968" lon="-118.1599148"><name>1280</name></wpt><wpt lat="35.0469613" lon="-118.1599216"><name>1281</name></wpt><wpt lat="35.046955" lon="-118.1599286"><name>1282</name></wpt><wpt lat="35.0469489" lon="-118.1599353"><name>1283</name></wpt><wpt lat="35.0469426" lon="-118.1599417"><name>1284</name></wpt><wpt lat="35.0469368" lon="-118.1599483"><name>1285</name></wpt><wpt lat="35.0469312" lon="-118.1599546"><name>1286</name></wpt><wpt lat="35.0469261" lon="-118.1599612"><name>1287</name></wpt><wpt lat="35.0469215" lon="-118.1599679"><name>1288</name></wpt><wpt lat="35.0469172" lon="-118.1599744"><name>1289</name></wpt><wpt lat="35.0469132" lon="-118.1599807"><name>1290</name></wpt><wpt lat="35.046909" lon="-118.1599871"><name>1291</name></wpt><wpt lat="35.0469045" lon="-118.1599938"><name>1292</name></wpt><wpt lat="35.0469003" lon="-118.1600008"><name>1293</name></wpt><wpt lat="35.046896" lon="-118.1600078"><name>1294</name></wpt><wpt lat="35.0468915" lon="-118.1600151"><name>1295</name></wpt><wpt lat="35.0468872" lon="-118.1600227"><name>1296</name></wpt><wpt lat="35.0468829" lon="-118.1600303"><name>1297</name></wpt><wpt lat="35.0468785" lon="-118.1600376"><name>1298</name></wpt><wpt lat="35.0468737" lon="-118.1600444"><name>1299</name></wpt><wpt lat="35.0468689" lon="-118.1600506"><name>1300</name></wpt><wpt lat="35.0468644" lon="-118.1600566"><name>1301</name></wpt><wpt lat="35.0468596" lon="-118.1600625"><name>1302</name></wpt><wpt lat="35.0468546" lon="-118.1600684"><name>1303</name></wpt><wpt lat="35.0468502" lon="-118.1600746"><name>1304</name></wpt><wpt lat="35.0468466" lon="-118.1600811"><name>1305</name></wpt><wpt lat="35.046843" lon="-118.1600878"><name>1306</name></wpt><wpt lat="35.0468394" lon="-118.1600947"><name>1307</name></wpt><wpt lat="35.0468362" lon="-118.1601017"><name>1308</name></wpt><wpt lat="35.0468329" lon="-118.1601087"><name>1309</name></wpt><wpt lat="35.0468296" lon="-118.1601159"><name>1310</name></wpt><wpt lat="35.0468266" lon="-118.1601231"><name>1311</name></wpt><wpt lat="35.0468236" lon="-118.1601304"><name>1312</name></wpt><wpt lat="35.0468208" lon="-118.1601376"><name>1313</name></wpt><wpt lat="35.0468183" lon="-118.1601446"><name>1314</name></wpt><wpt lat="35.0468158" lon="-118.1601516"><name>1315</name></wpt><wpt lat="35.0468134" lon="-118.1601584"><name>1316</name></wpt><wpt lat="35.0468109" lon="-118.1601652"><name>1317</name></wpt><wpt lat="35.0468085" lon="-118.1601718"><name>1318</name></wpt><wpt lat="35.0468067" lon="-118.1601782"><name>1319</name></wpt><wpt lat="35.0468049" lon="-118.1601846"><name>1320</name></wpt><wpt lat="35.046803" lon="-118.1601915"><name>1321</name></wpt><wpt lat="35.0468014" lon="-118.1601986"><name>1322</name></wpt><wpt lat="35.0468" lon="-118.1602056"><name>1323</name></wpt><wpt lat="35.0467986" lon="-118.1602126"><name>1324</name></wpt><wpt lat="35.0467971" lon="-118.1602199"><name>1325</name></wpt><wpt lat="35.0467955" lon="-118.1602273"><name>1326</name></wpt><wpt lat="35.0467937" lon="-118.1602348"><name>1327</name></wpt><wpt lat="35.0467917" lon="-118.1602423"><name>1328</name></wpt><wpt lat="35.0467899" lon="-118.1602501"><name>1329</name></wpt><wpt lat="35.0467877" lon="-118.1602577"><name>1330</name></wpt><wpt lat="35.0467851" lon="-118.1602653"><name>1331</name></wpt><wpt lat="35.0467818" lon="-118.1602724"><name>1332</name></wpt><wpt lat="35.0467789" lon="-118.1602795"><name>1333</name></wpt><wpt lat="35.0467763" lon="-118.1602865"><name>1334</name></wpt><wpt lat="35.0467734" lon="-118.1602935"><name>1335</name></wpt><wpt lat="35.0467703" lon="-118.1603004"><name>1336</name></wpt><wpt lat="35.0467674" lon="-118.1603074"><name>1337</name></wpt><wpt lat="35.0467645" lon="-118.1603146"><name>1338</name></wpt><wpt lat="35.0467617" lon="-118.1603218"><name>1339</name></wpt><wpt lat="35.0467593" lon="-118.1603292"><name>1340</name></wpt><wpt lat="35.0467564" lon="-118.1603367"><name>1341</name></wpt><wpt lat="35.046753" lon="-118.1603441"><name>1342</name></wpt><wpt lat="35.0467503" lon="-118.1603514"><name>1343</name></wpt><wpt lat="35.0467482" lon="-118.1603586"><name>1344</name></wpt><wpt lat="35.0467458" lon="-118.1603654"><name>1345</name></wpt><wpt lat="35.0467436" lon="-118.1603722"><name>1346</name></wpt><wpt lat="35.046742" lon="-118.1603793"><name>1347</name></wpt><wpt lat="35.0467411" lon="-118.1603865"><name>1348</name></wpt><wpt lat="35.0467403" lon="-118.160394"><name>1349</name></wpt><wpt lat="35.0467395" lon="-118.1604019"><name>1350</name></wpt><wpt lat="35.0467393" lon="-118.1604101"><name>1351</name></wpt><wpt lat="35.0467397" lon="-118.1604185"><name>1352</name></wpt><wpt lat="35.0467404" lon="-118.1604271"><name>1353</name></wpt><wpt lat="35.0467411" lon="-118.1604359"><name>1354</name></wpt><wpt lat="35.0467419" lon="-118.160445"><name>1355</name></wpt><wpt lat="35.0467432" lon="-118.1604543"><name>1356</name></wpt><wpt lat="35.046745" lon="-118.1604638"><name>1357</name></wpt><wpt lat="35.0467469" lon="-118.1604734"><name>1358</name></wpt><wpt lat="35.0467489" lon="-118.1604831"><name>1359</name></wpt><wpt lat="35.0467505" lon="-118.1604927"><name>1360</name></wpt><wpt lat="35.0467523" lon="-118.1605028"><name>1361</name></wpt><wpt lat="35.0467545" lon="-118.160513"><name>1362</name></wpt><wpt lat="35.0467568" lon="-118.1605232"><name>1363</name></wpt><wpt lat="35.0467594" lon="-118.1605333"><name>1364</name></wpt><wpt lat="35.0467619" lon="-118.1605432"><name>1365</name></wpt><wpt lat="35.0467644" lon="-118.1605534"><name>1366</name></wpt><wpt lat="35.0467665" lon="-118.1605634"><name>1367</name></wpt><wpt lat="35.0467685" lon="-118.1605734"><name>1368</name></wpt><wpt lat="35.0467711" lon="-118.1605838"><name>1369</name></wpt><wpt lat="35.0467736" lon="-118.1605941"><name>1370</name></wpt><wpt lat="35.0467757" lon="-118.1606045"><name>1371</name></wpt><wpt lat="35.0467776" lon="-118.1606149"><name>1372</name></wpt><wpt lat="35.0467798" lon="-118.1606253"><name>1373</name></wpt><wpt lat="35.0467821" lon="-118.1606359"><name>1374</name></wpt><wpt lat="35.0467841" lon="-118.1606466"><name>1375</name></wpt><wpt lat="35.0467858" lon="-118.1606572"><name>1376</name></wpt><wpt lat="35.0467877" lon="-118.1606672"><name>1377</name></wpt><wpt lat="35.0467898" lon="-118.1606767"><name>1378</name></wpt><wpt lat="35.0467925" lon="-118.1606856"><name>1379</name></wpt><wpt lat="35.0467955" lon="-118.1606943"><name>1380</name></wpt><wpt lat="35.0467984" lon="-118.1607026"><name>1381</name></wpt><wpt lat="35.0468015" lon="-118.1607109"><name>1382</name></wpt><wpt lat="35.0468046" lon="-118.160719"><name>1383</name></wpt><wpt lat="35.0468076" lon="-118.1607271"><name>1384</name></wpt><wpt lat="35.0468105" lon="-118.1607353"><name>1385</name></wpt><wpt lat="35.0468135" lon="-118.1607435"><name>1386</name></wpt><wpt lat="35.0468164" lon="-118.1607518"><name>1387</name></wpt><wpt lat="35.0468188" lon="-118.1607599"><name>1388</name></wpt><wpt lat="35.0468212" lon="-118.1607677"><name>1389</name></wpt><wpt lat="35.0468235" lon="-118.1607755"><name>1390</name></wpt><wpt lat="35.0468253" lon="-118.1607834"><name>1391</name></wpt><wpt lat="35.0468274" lon="-118.160791"><name>1392</name></wpt><wpt lat="35.0468296" lon="-118.1607987"><name>1393</name></wpt><wpt lat="35.046832" lon="-118.1608064"><name>1394</name></wpt><wpt lat="35.0468343" lon="-118.160814"><name>1395</name></wpt><wpt lat="35.0468363" lon="-118.1608217"><name>1396</name></wpt><wpt lat="35.0468386" lon="-118.1608295"><name>1397</name></wpt><wpt lat="35.0468407" lon="-118.1608373"><name>1398</name></wpt><wpt lat="35.0468425" lon="-118.1608449"><name>1399</name></wpt><wpt lat="35.0468443" lon="-118.1608524"><name>1400</name></wpt><wpt lat="35.0468463" lon="-118.1608597"><name>1401</name></wpt><wpt lat="35.0468479" lon="-118.1608671"><name>1402</name></wpt><wpt lat="35.0468497" lon="-118.1608747"><name>1403</name></wpt><wpt lat="35.0468516" lon="-118.1608822"><name>1404</name></wpt><wpt lat="35.0468538" lon="-118.16089"><name>1405</name></wpt><wpt lat="35.0468563" lon="-118.1608978"><name>1406</name></wpt><wpt lat="35.0468588" lon="-118.1609056"><name>1407</name></wpt><wpt lat="35.0468612" lon="-118.1609131"><name>1408</name></wpt><wpt lat="35.0468638" lon="-118.1609206"><name>1409</name></wpt><wpt lat="35.0468665" lon="-118.1609278"><name>1410</name></wpt><wpt lat="35.0468686" lon="-118.1609349"><name>1411</name></wpt><wpt lat="35.0468707" lon="-118.1609416"><name>1412</name></wpt><wpt lat="35.0468735" lon="-118.1609481"><name>1413</name></wpt><wpt lat="35.0468761" lon="-118.1609541"><name>1414</name></wpt><wpt lat="35.0468788" lon="-118.1609604"><name>1415</name></wpt><wpt lat="35.046882" lon="-118.160967"><name>1416</name></wpt><wpt lat="35.0468855" lon="-118.1609738"><name>1417</name></wpt><wpt lat="35.0468897" lon="-118.1609804"><name>1418</name></wpt><wpt lat="35.0468953" lon="-118.160987"><name>1419</name></wpt><wpt lat="35.0469011" lon="-118.1609936"><name>1420</name></wpt><wpt lat="35.046906" lon="-118.1610003"><name>1421</name></wpt><wpt lat="35.0469114" lon="-118.161007"><name>1422</name></wpt><wpt lat="35.0469171" lon="-118.1610141"><name>1423</name></wpt><wpt lat="35.0469224" lon="-118.1610219"><name>1424</name></wpt><wpt lat="35.0469278" lon="-118.1610301"><name>1425</name></wpt><wpt lat="35.0469338" lon="-118.1610388"><name>1426</name></wpt><wpt lat="35.0469402" lon="-118.1610477"><name>1427</name></wpt><wpt lat="35.0469464" lon="-118.1610569"><name>1428</name></wpt><wpt lat="35.0469532" lon="-118.1610661"><name>1429</name></wpt><wpt lat="35.0469605" lon="-118.1610754"><name>1430</name></wpt><wpt lat="35.0469678" lon="-118.1610845"><name>1431</name></wpt><wpt lat="35.0469748" lon="-118.1610934"><name>1432</name></wpt><wpt lat="35.0469819" lon="-118.1611025"><name>1433</name></wpt><wpt lat="35.0469889" lon="-118.1611113"><name>1434</name></wpt><wpt lat="35.0469964" lon="-118.1611202"><name>1435</name></wpt><wpt lat="35.047004" lon="-118.1611289"><name>1436</name></wpt><wpt lat="35.0470118" lon="-118.1611379"><name>1437</name></wpt><wpt lat="35.0470194" lon="-118.161147"><name>1438</name></wpt><wpt lat="35.0470273" lon="-118.1611559"><name>1439</name></wpt><wpt lat="35.0470356" lon="-118.1611649"><name>1440</name></wpt><wpt lat="35.0470441" lon="-118.1611739"><name>1441</name></wpt><wpt lat="35.0470525" lon="-118.1611828"><name>1442</name></wpt><wpt lat="35.0470614" lon="-118.1611915"><name>1443</name></wpt><wpt lat="35.0470708" lon="-118.1611998"><name>1444</name></wpt><wpt lat="35.0470804" lon="-118.1612078"><name>1445</name></wpt><wpt lat="35.0470902" lon="-118.1612155"><name>1446</name></wpt><wpt lat="35.0471" lon="-118.161223"><name>1447</name></wpt><wpt lat="35.0471105" lon="-118.1612304"><name>1448</name></wpt><wpt lat="35.0471214" lon="-118.1612378"><name>1449</name></wpt><wpt lat="35.0471323" lon="-118.1612456"><name>1450</name></wpt><wpt lat="35.0471433" lon="-118.1612535"><name>1451</name></wpt><wpt lat="35.0471552" lon="-118.1612613"><name>1452</name></wpt><wpt lat="35.0471673" lon="-118.1612686"><name>1453</name></wpt><wpt lat="35.0471796" lon="-118.1612759"><name>1454</name></wpt><wpt lat="35.0471918" lon="-118.161283"><name>1455</name></wpt><wpt lat="35.0472041" lon="-118.1612901"><name>1456</name></wpt><wpt lat="35.0472173" lon="-118.1612971"><name>1457</name></wpt><wpt lat="35.0472309" lon="-118.1613035"><name>1458</name></wpt><wpt lat="35.0472446" lon="-118.1613097"><name>1459</name></wpt><wpt lat="35.0472586" lon="-118.1613156"><name>1460</name></wpt><wpt lat="35.0472729" lon="-118.1613209"><name>1461</name></wpt><wpt lat="35.0472881" lon="-118.161326"><name>1462</name></wpt><wpt lat="35.0473038" lon="-118.1613308"><name>1463</name></wpt><wpt lat="35.0473203" lon="-118.1613352"><name>1464</name></wpt><wpt lat="35.0473375" lon="-118.1613392"><name>1465</name></wpt><wpt lat="35.0473554" lon="-118.1613429"><name>1466</name></wpt><wpt lat="35.0473742" lon="-118.1613462"><name>1467</name></wpt><wpt lat="35.047394" lon="-118.1613491"><name>1468</name></wpt><wpt lat="35.0474148" lon="-118.1613511"><name>1469</name></wpt><wpt lat="35.0474368" lon="-118.1613521"><name>1470</name></wpt><wpt lat="35.04746" lon="-118.1613518"><name>1471</name></wpt><wpt lat="35.047484" lon="-118.1613506"><name>1472</name></wpt><wpt lat="35.0475084" lon="-118.1613488"><name>1473</name></wpt><wpt lat="35.0475338" lon="-118.1613453"><name>1474</name></wpt><wpt lat="35.0475597" lon="-118.1613404"><name>1475</name></wpt><wpt lat="35.0475861" lon="-118.1613342"><name>1476</name></wpt><wpt lat="35.047613" lon="-118.1613264"><name>1477</name></wpt><wpt lat="35.0476405" lon="-118.161317"><name>1478</name></wpt><wpt lat="35.0476685" lon="-118.161306"><name>1479</name></wpt><wpt lat="35.0476968" lon="-118.1612929"><name>1480</name></wpt><wpt lat="35.0477254" lon="-118.1612773"><name>1481</name></wpt><wpt lat="35.0477541" lon="-118.1612597"><name>1482</name></wpt><wpt lat="35.0477828" lon="-118.1612403"><name>1483</name></wpt><wpt lat="35.0478115" lon="-118.1612188"><name>1484</name></wpt><wpt lat="35.0478401" lon="-118.1611947"><name>1485</name></wpt><wpt lat="35.0478683" lon="-118.1611677"><name>1486</name></wpt><wpt lat="35.0478958" lon="-118.1611373"><name>1487</name></wpt><wpt lat="35.0479224" lon="-118.1611042"><name>1488</name></wpt><wpt lat="35.0479482" lon="-118.1610696"><name>1489</name></wpt><wpt lat="35.047973" lon="-118.1610325"><name>1490</name></wpt><wpt lat="35.0479959" lon="-118.160992"><name>1491</name></wpt><wpt lat="35.0480166" lon="-118.1609482"><name>1492</name></wpt><wpt lat="35.0480355" lon="-118.1609023"><name>1493</name></wpt><wpt lat="35.0480527" lon="-118.160855"><name>1494</name></wpt><wpt lat="35.0480684" lon="-118.1608067"><name>1495</name></wpt><wpt lat="35.0480824" lon="-118.1607578"><name>1496</name></wpt><wpt lat="35.0480943" lon="-118.1607083"><name>1497</name></wpt><wpt lat="35.048104" lon="-118.1606581"><name>1498</name></wpt><wpt lat="35.0481114" lon="-118.1606076"><name>1499</name></wpt><wpt lat="35.0481167" lon="-118.1605569"><name>1500</name></wpt><wpt lat="35.0481191" lon="-118.1605061"><name>1501</name></wpt><wpt lat="35.0481187" lon="-118.1604552"><name>1502</name></wpt><wpt lat="35.048115" lon="-118.1604052"><name>1503</name></wpt><wpt lat="35.0481081" lon="-118.1603562"><name>1504</name></wpt><wpt lat="35.0480996" lon="-118.1603079"><name>1505</name></wpt><wpt lat="35.0480895" lon="-118.1602601"><name>1506</name></wpt><wpt lat="35.0480768" lon="-118.1602136"><name>1507</name></wpt><wpt lat="35.0480611" lon="-118.1601692"><name>1508</name></wpt><wpt lat="35.048043" lon="-118.1601267"><name>1509</name></wpt><wpt lat="35.0480227" lon="-118.1600861"><name>1510</name></wpt><wpt lat="35.0480007" lon="-118.1600478"><name>1511</name></wpt><wpt lat="35.0479772" lon="-118.1600126"><name>1512</name></wpt><wpt lat="35.0479526" lon="-118.1599807"><name>1513</name></wpt><wpt lat="35.047927" lon="-118.1599522"><name>1514</name></wpt><wpt lat="35.0479006" lon="-118.1599266"><name>1515</name></wpt><wpt lat="35.0478742" lon="-118.1599036"><name>1516</name></wpt><wpt lat="35.047848" lon="-118.1598831"><name>1517</name></wpt><wpt lat="35.0478222" lon="-118.1598641"><name>1518</name></wpt><wpt lat="35.047796" lon="-118.1598467"><name>1519</name></wpt><wpt lat="35.0477701" lon="-118.1598314"><name>1520</name></wpt><wpt lat="35.0477445" lon="-118.1598175"><name>1521</name></wpt><wpt lat="35.0477192" lon="-118.1598049"><name>1522</name></wpt><wpt lat="35.0476943" lon="-118.159793"><name>1523</name></wpt><wpt lat="35.0476699" lon="-118.1597822"><name>1524</name></wpt><wpt lat="35.0476461" lon="-118.1597724"><name>1525</name></wpt><wpt lat="35.0476229" lon="-118.1597636"><name>1526</name></wpt><wpt lat="35.0475999" lon="-118.1597551"><name>1527</name></wpt><wpt lat="35.0475775" lon="-118.1597475"><name>1528</name></wpt><wpt lat="35.0475556" lon="-118.1597407"><name>1529</name></wpt><wpt lat="35.0475342" lon="-118.1597347"><name>1530</name></wpt><wpt lat="35.0475133" lon="-118.1597291"><name>1531</name></wpt><wpt lat="35.0474932" lon="-118.1597247"><name>1532</name></wpt><wpt lat="35.0474736" lon="-118.1597211"><name>1533</name></wpt><wpt lat="35.0474542" lon="-118.159718"><name>1534</name></wpt><wpt lat="35.0474354" lon="-118.1597158"><name>1535</name></wpt><wpt lat="35.0474171" lon="-118.1597149"><name>1536</name></wpt><wpt lat="35.0473991" lon="-118.159715"><name>1537</name></wpt><wpt lat="35.0473817" lon="-118.159716"><name>1538</name></wpt><wpt lat="35.047365" lon="-118.159718"><name>1539</name></wpt><wpt lat="35.0473488" lon="-118.1597208"><name>1540</name></wpt><wpt lat="35.0473331" lon="-118.1597247"><name>1541</name></wpt><wpt lat="35.0473177" lon="-118.159729"><name>1542</name></wpt><wpt lat="35.0473026" lon="-118.1597333"><name>1543</name></wpt><wpt lat="35.0472881" lon="-118.1597386"><name>1544</name></wpt><wpt lat="35.0472742" lon="-118.1597445"><name>1545</name></wpt><wpt lat="35.0472605" lon="-118.1597507"><name>1546</name></wpt><wpt lat="35.0472474" lon="-118.1597573"><name>1547</name></wpt><wpt lat="35.0472344" lon="-118.1597639"><name>1548</name></wpt><wpt lat="35.0472217" lon="-118.1597706"><name>1549</name></wpt><wpt lat="35.0472092" lon="-118.1597769"><name>1550</name></wpt><wpt lat="35.047196" lon="-118.1597821"><name>1551</name></wpt><wpt lat="35.0471821" lon="-118.1597864"><name>1552</name></wpt><wpt lat="35.0471681" lon="-118.1597899"><name>1553</name></wpt><wpt lat="35.0471542" lon="-118.1597925"><name>1554</name></wpt><wpt lat="35.0471402" lon="-118.1597946"><name>1555</name></wpt><wpt lat="35.0471262" lon="-118.1597963"><name>1556</name></wpt><wpt lat="35.0471127" lon="-118.159798"><name>1557</name></wpt><wpt lat="35.0470998" lon="-118.1598"><name>1558</name></wpt><wpt lat="35.047087" lon="-118.1598026"><name>1559</name></wpt><wpt lat="35.0470745" lon="-118.1598057"><name>1560</name></wpt><wpt lat="35.0470623" lon="-118.1598095"><name>1561</name></wpt><wpt lat="35.0470505" lon="-118.1598142"><name>1562</name></wpt><wpt lat="35.0470387" lon="-118.1598195"><name>1563</name></wpt><wpt lat="35.047027" lon="-118.1598257"><name>1564</name></wpt><wpt lat="35.0470158" lon="-118.1598331"><name>1565</name></wpt><wpt lat="35.0470049" lon="-118.1598416"><name>1566</name></wpt><wpt lat="35.0469945" lon="-118.1598509"><name>1567</name></wpt><wpt lat="35.0469845" lon="-118.1598607"><name>1568</name></wpt><wpt lat="35.0469746" lon="-118.1598704"><name>1569</name></wpt><wpt lat="35.0469655" lon="-118.159881"><name>1570</name></wpt><wpt lat="35.0469571" lon="-118.1598924"><name>1571</name></wpt><wpt lat="35.0469488" lon="-118.1599037"><name>1572</name></wpt><wpt lat="35.0469406" lon="-118.1599148"><name>1573</name></wpt><wpt lat="35.0469329" lon="-118.1599255"><name>1574</name></wpt><wpt lat="35.0469257" lon="-118.1599362"><name>1575</name></wpt><wpt lat="35.0469187" lon="-118.1599466"><name>1576</name></wpt><wpt lat="35.0469123" lon="-118.159957"><name>1577</name></wpt><wpt lat="35.0469058" lon="-118.1599673"><name>1578</name></wpt><wpt lat="35.0468993" lon="-118.1599772"><name>1579</name></wpt><wpt lat="35.0468932" lon="-118.1599871"><name>1580</name></wpt><wpt lat="35.0468871" lon="-118.159997"><name>1581</name></wpt><wpt lat="35.0468812" lon="-118.1600069"><name>1582</name></wpt><wpt lat="35.0468757" lon="-118.1600167"><name>1583</name></wpt><wpt lat="35.0468699" lon="-118.1600261"><name>1584</name></wpt><wpt lat="35.0468641" lon="-118.1600354"><name>1585</name></wpt><wpt lat="35.0468587" lon="-118.1600449"><name>1586</name></wpt><wpt lat="35.0468533" lon="-118.1600543"><name>1587</name></wpt><wpt lat="35.0468479" lon="-118.1600634"><name>1588</name></wpt><wpt lat="35.0468431" lon="-118.1600726"><name>1589</name></wpt><wpt lat="35.0468389" lon="-118.1600817"><name>1590</name></wpt><wpt lat="35.0468347" lon="-118.1600908"><name>1591</name></wpt><wpt lat="35.0468309" lon="-118.1601"><name>1592</name></wpt><wpt lat="35.0468276" lon="-118.1601095"><name>1593</name></wpt><wpt lat="35.0468252" lon="-118.1601197"><name>1594</name></wpt><wpt lat="35.0468231" lon="-118.1601302"><name>1595</name></wpt><wpt lat="35.0468212" lon="-118.1601409"><name>1596</name></wpt><wpt lat="35.04682" lon="-118.1601514"><name>1597</name></wpt><wpt lat="35.0468194" lon="-118.1601619"><name>1598</name></wpt><wpt lat="35.0468192" lon="-118.1601721"><name>1599</name></wpt><wpt lat="35.0468189" lon="-118.1601822"><name>1600</name></wpt><wpt lat="35.0468187" lon="-118.1601922"><name>1601</name></wpt><wpt lat="35.0468186" lon="-118.1602016"><name>1602</name></wpt><wpt lat="35.046818" lon="-118.1602104"><name>1603</name></wpt><wpt lat="35.0468169" lon="-118.1602189"><name>1604</name></wpt><wpt lat="35.0468153" lon="-118.1602274"><name>1605</name></wpt><wpt lat="35.0468134" lon="-118.1602356"><name>1606</name></wpt><wpt lat="35.0468118" lon="-118.1602432"><name>1607</name></wpt><wpt lat="35.04681" lon="-118.1602507"><name>1608</name></wpt><wpt lat="35.0468081" lon="-118.1602577"><name>1609</name></wpt><wpt lat="35.0468063" lon="-118.1602647"><name>1610</name></wpt><wpt lat="35.0468048" lon="-118.1602715"><name>1611</name></wpt><wpt lat="35.0468034" lon="-118.1602782"><name>1612</name></wpt><wpt lat="35.0468019" lon="-118.1602851"><name>1613</name></wpt><wpt lat="35.0468004" lon="-118.1602921"><name>1614</name></wpt><wpt lat="35.0467989" lon="-118.1602992"><name>1615</name></wpt><wpt lat="35.0467974" lon="-118.1603066"><name>1616</name></wpt><wpt lat="35.0467958" lon="-118.1603142"><name>1617</name></wpt><wpt lat="35.0467944" lon="-118.1603219"><name>1618</name></wpt><wpt lat="35.0467929" lon="-118.1603298"><name>1619</name></wpt><wpt lat="35.0467911" lon="-118.1603381"><name>1620</name></wpt><wpt lat="35.0467894" lon="-118.160347"><name>1621</name></wpt><wpt lat="35.0467875" lon="-118.1603564"><name>1622</name></wpt><wpt lat="35.0467855" lon="-118.1603661"><name>1623</name></wpt><wpt lat="35.0467835" lon="-118.1603762"><name>1624</name></wpt><wpt lat="35.0467811" lon="-118.1603866"><name>1625</name></wpt><wpt lat="35.0467782" lon="-118.1603972"><name>1626</name></wpt><wpt lat="35.0467753" lon="-118.1604083"><name>1627</name></wpt><wpt lat="35.0467724" lon="-118.1604197"><name>1628</name></wpt><wpt lat="35.0467697" lon="-118.1604313"><name>1629</name></wpt><wpt lat="35.0467669" lon="-118.1604431"><name>1630</name></wpt><wpt lat="35.0467637" lon="-118.1604551"><name>1631</name></wpt><wpt lat="35.0467609" lon="-118.1604671"><name>1632</name></wpt><wpt lat="35.0467581" lon="-118.160479"><name>1633</name></wpt><wpt lat="35.046755" lon="-118.1604908"><name>1634</name></wpt><wpt lat="35.0467517" lon="-118.1605024"><name>1635</name></wpt><wpt lat="35.0467481" lon="-118.1605142"><name>1636</name></wpt><wpt lat="35.0467445" lon="-118.1605268"><name>1637</name></wpt><wpt lat="35.0467411" lon="-118.1605405"><name>1638</name></wpt><wpt lat="35.0467378" lon="-118.1605547"><name>1639</name></wpt><wpt lat="35.0467342" lon="-118.1605696"><name>1640</name></wpt><wpt lat="35.0467312" lon="-118.1605845"><name>1641</name></wpt><wpt lat="35.0467296" lon="-118.1605996"><name>1642</name></wpt><wpt lat="35.0467291" lon="-118.1606144"><name>1643</name></wpt><wpt lat="35.0467294" lon="-118.160629"><name>1644</name></wpt><wpt lat="35.0467303" lon="-118.160643"><name>1645</name></wpt><wpt lat="35.0467313" lon="-118.1606568"><name>1646</name></wpt><wpt lat="35.0467326" lon="-118.1606705"><name>1647</name></wpt><wpt lat="35.0467337" lon="-118.1606844"><name>1648</name></wpt><wpt lat="35.046735" lon="-118.1606987"><name>1649</name></wpt><wpt lat="35.0467367" lon="-118.1607133"><name>1650</name></wpt><wpt lat="35.0467385" lon="-118.1607281"><name>1651</name></wpt><wpt lat="35.0467405" lon="-118.160743"><name>1652</name></wpt><wpt lat="35.0467423" lon="-118.1607583"><name>1653</name></wpt><wpt lat="35.0467438" lon="-118.1607739"><name>1654</name></wpt><wpt lat="35.0467456" lon="-118.1607896"><name>1655</name></wpt><wpt lat="35.0467487" lon="-118.1608059"><name>1656</name></wpt><wpt lat="35.0467515" lon="-118.1608223"><name>1657</name></wpt><wpt lat="35.0467544" lon="-118.1608385"><name>1658</name></wpt><wpt lat="35.0467577" lon="-118.1608548"><name>1659</name></wpt><wpt lat="35.046761" lon="-118.1608711"><name>1660</name></wpt><wpt lat="35.0467644" lon="-118.1608877"><name>1661</name></wpt><wpt lat="35.0467676" lon="-118.1609042"><name>1662</name></wpt><wpt lat="35.0467707" lon="-118.1609204"><name>1663</name></wpt><wpt lat="35.046774" lon="-118.1609367"><name>1664</name></wpt><wpt lat="35.0467775" lon="-118.1609531"><name>1665</name></wpt><wpt lat="35.0467813" lon="-118.1609694"><name>1666</name></wpt><wpt lat="35.0467852" lon="-118.1609856"><name>1667</name></wpt><wpt lat="35.046789" lon="-118.1610017"><name>1668</name></wpt><wpt lat="35.0467924" lon="-118.161018"><name>1669</name></wpt><wpt lat="35.0467956" lon="-118.161034"><name>1670</name></wpt><wpt lat="35.0467989" lon="-118.16105"><name>1671</name></wpt><wpt lat="35.0468023" lon="-118.1610664"><name>1672</name></wpt><wpt lat="35.0468054" lon="-118.1610831"><name>1673</name></wpt><wpt lat="35.0468088" lon="-118.1610998"><name>1674</name></wpt><wpt lat="35.0468123" lon="-118.1611169"><name>1675</name></wpt><wpt lat="35.0468152" lon="-118.1611342"><name>1676</name></wpt><wpt lat="35.0468184" lon="-118.1611514"><name>1677</name></wpt><wpt lat="35.0468215" lon="-118.1611688"><name>1678</name></wpt><wpt lat="35.0468244" lon="-118.1611865"><name>1679</name></wpt><wpt lat="35.0468272" lon="-118.1612038"><name>1680</name></wpt><wpt lat="35.0468301" lon="-118.1612208"><name>1681</name></wpt><wpt lat="35.0468332" lon="-118.1612383"><name>1682</name></wpt><wpt lat="35.0468358" lon="-118.1612563"><name>1683</name></wpt><wpt lat="35.0468384" lon="-118.1612745"><name>1684</name></wpt><wpt lat="35.0468408" lon="-118.1612932"><name>1685</name></wpt><wpt lat="35.046843" lon="-118.1613119"><name>1686</name></wpt><wpt lat="35.0468456" lon="-118.1613307"><name>1687</name></wpt><wpt lat="35.0468485" lon="-118.1613493"><name>1688</name></wpt><wpt lat="35.0468512" lon="-118.1613674"><name>1689</name></wpt><wpt lat="35.0468541" lon="-118.1613853"><name>1690</name></wpt><wpt lat="35.046857" lon="-118.1614036"><name>1691</name></wpt><wpt lat="35.0468599" lon="-118.1614227"><name>1692</name></wpt><wpt lat="35.046863" lon="-118.1614425"><name>1693</name></wpt><wpt lat="35.0468671" lon="-118.1614624"><name>1694</name></wpt><wpt lat="35.0468728" lon="-118.1614829"><name>1695</name></wpt><wpt lat="35.0468804" lon="-118.1615029"><name>1696</name></wpt><wpt lat="35.0468902" lon="-118.1615221"><name>1697</name></wpt><wpt lat="35.0469026" lon="-118.1615407"><name>1698</name></wpt><wpt lat="35.0469173" lon="-118.1615586"><name>1699</name></wpt><wpt lat="35.0469339" lon="-118.1615757"><name>1700</name></wpt><wpt lat="35.0469526" lon="-118.1615918"><name>1701</name></wpt><wpt lat="35.0469737" lon="-118.1616067"><name>1702</name></wpt><wpt lat="35.0469967" lon="-118.1616199"><name>1703</name></wpt><wpt lat="35.0470212" lon="-118.1616316"><name>1704</name></wpt><wpt lat="35.0470477" lon="-118.1616414"><name>1705</name></wpt><wpt lat="35.0470765" lon="-118.1616491"><name>1706</name></wpt><wpt lat="35.0471072" lon="-118.1616545"><name>1707</name></wpt><wpt lat="35.0471397" lon="-118.1616568"><name>1708</name></wpt><wpt lat="35.0471743" lon="-118.1616554"><name>1709</name></wpt><wpt lat="35.0472103" lon="-118.1616502"><name>1710</name></wpt><wpt lat="35.0472477" lon="-118.161641"><name>1711</name></wpt><wpt lat="35.0472859" lon="-118.1616273"><name>1712</name></wpt><wpt lat="35.0473242" lon="-118.1616098"><name>1713</name></wpt><wpt lat="35.0473623" lon="-118.161588"><name>1714</name></wpt><wpt lat="35.0473998" lon="-118.1615617"><name>1715</name></wpt><wpt lat="35.0474365" lon="-118.1615309"><name>1716</name></wpt><wpt lat="35.0474721" lon="-118.1614964"><name>1717</name></wpt><wpt lat="35.0475056" lon="-118.1614573"><name>1718</name></wpt><wpt lat="35.0475369" lon="-118.1614142"><name>1719</name></wpt><wpt lat="35.0475654" lon="-118.1613676"><name>1720</name></wpt><wpt lat="35.0475909" lon="-118.1613182"><name>1721</name></wpt><wpt lat="35.0476138" lon="-118.1612665"><name>1722</name></wpt><wpt lat="35.0476335" lon="-118.1612129"><name>1723</name></wpt><wpt lat="35.0476507" lon="-118.1611582"><name>1724</name></wpt><wpt lat="35.0476651" lon="-118.1611029"><name>1725</name></wpt><wpt lat="35.0476775" lon="-118.1610471"><name>1726</name></wpt><wpt lat="35.0476883" lon="-118.1609917"><name>1727</name></wpt><wpt lat="35.0476965" lon="-118.1609359"><name>1728</name></wpt><wpt lat="35.0477029" lon="-118.1608805"><name>1729</name></wpt><wpt lat="35.0477077" lon="-118.1608249"><name>1730</name></wpt><wpt lat="35.047711" lon="-118.1607697"><name>1731</name></wpt><wpt lat="35.047713" lon="-118.1607144"><name>1732</name></wpt><wpt lat="35.047714" lon="-118.1606594"><name>1733</name></wpt><wpt lat="35.0477143" lon="-118.1606049"><name>1734</name></wpt><wpt lat="35.0477149" lon="-118.1605511"><name>1735</name></wpt><wpt lat="35.0477156" lon="-118.1604438"><name>1736</name></wpt><wpt lat="35.047717" lon="-118.1603906"><name>1737</name></wpt><wpt lat="35.0477191" lon="-118.1603376"><name>1738</name></wpt><wpt lat="35.0477233" lon="-118.1602853"><name>1739</name></wpt><wpt lat="35.0477289" lon="-118.1602335"><name>1740</name></wpt><wpt lat="35.0477373" lon="-118.1601819"><name>1741</name></wpt><wpt lat="35.04775" lon="-118.1601319"><name>1742</name></wpt><wpt lat="35.0477673" lon="-118.1600854"><name>1743</name></wpt><wpt lat="35.0477887" lon="-118.1600433"><name>1744</name></wpt><wpt lat="35.0478134" lon="-118.1600067"><name>1745</name></wpt><wpt lat="35.0478401" lon="-118.1599743"><name>1746</name></wpt><wpt lat="35.0478668" lon="-118.159945"><name>1747</name></wpt><wpt lat="35.0478943" lon="-118.1599207"><name>1748</name></wpt><wpt lat="35.0479218" lon="-118.1599009"><name>1749</name></wpt><wpt lat="35.047949" lon="-118.1598859"><name>1750</name></wpt><wpt lat="35.0479761" lon="-118.1598747"><name>1751</name></wpt><wpt lat="35.048003" lon="-118.159866"><name>1752</name></wpt><wpt lat="35.04803" lon="-118.1598605"><name>1753</name></wpt><wpt lat="35.0480565" lon="-118.1598582"><name>1754</name></wpt><wpt lat="35.0480819" lon="-118.1598593"><name>1755</name></wpt><wpt lat="35.0481067" lon="-118.1598631"><name>1756</name></wpt><wpt lat="35.0481307" lon="-118.159869"><name>1757</name></wpt><wpt lat="35.0481536" lon="-118.1598774"><name>1758</name></wpt><wpt lat="35.048175" lon="-118.1598884"><name>1759</name></wpt><wpt lat="35.0481954" lon="-118.1599014"><name>1760</name></wpt><wpt lat="35.0482144" lon="-118.1599164"><name>1761</name></wpt><wpt lat="35.0482317" lon="-118.1599331"><name>1762</name></wpt><wpt lat="35.0482472" lon="-118.1599517"><name>1763</name></wpt><wpt lat="35.0482611" lon="-118.1599716"><name>1764</name></wpt><wpt lat="35.0482729" lon="-118.1599924"><name>1765</name></wpt><wpt lat="35.048283" lon="-118.1600144"><name>1766</name></wpt><wpt lat="35.0482908" lon="-118.1600368"><name>1767</name></wpt><wpt lat="35.0482956" lon="-118.1600599"><name>1768</name></wpt><wpt lat="35.0482969" lon="-118.1600833"><name>1769</name></wpt><wpt lat="35.0482944" lon="-118.160106"><name>1770</name></wpt><wpt lat="35.0482897" lon="-118.1601279"><name>1771</name></wpt><wpt lat="35.048283" lon="-118.1601484"><name>1772</name></wpt><wpt lat="35.0482749" lon="-118.1601671"><name>1773</name></wpt><wpt lat="35.0482673" lon="-118.1601844"><name>1774</name></wpt><wpt lat="35.04826" lon="-118.1602016"><name>1775</name></wpt><wpt lat="35.0482526" lon="-118.1602189"><name>1776</name></wpt><wpt lat="35.0482447" lon="-118.160236"><name>1777</name></wpt><wpt lat="35.0482366" lon="-118.1602533"><name>1778</name></wpt><wpt lat="35.0482282" lon="-118.1602712"><name>1779</name></wpt><wpt lat="35.0482196" lon="-118.1602903"><name>1780</name></wpt><wpt lat="35.0482113" lon="-118.1603106"><name>1781</name></wpt><wpt lat="35.0482028" lon="-118.1603316"><name>1782</name></wpt><wpt lat="35.0481947" lon="-118.1603529"><name>1783</name></wpt><wpt lat="35.0481873" lon="-118.1603738"><name>1784</name></wpt><wpt lat="35.0481802" lon="-118.1603943"><name>1785</name></wpt><wpt lat="35.0481738" lon="-118.160415"><name>1786</name></wpt><wpt lat="35.0481691" lon="-118.160436"><name>1787</name></wpt><wpt lat="35.0481663" lon="-118.1604572"><name>1788</name></wpt><wpt lat="35.0481636" lon="-118.1604786"><name>1789</name></wpt><wpt lat="35.0481613" lon="-118.1605001"><name>1790</name></wpt><wpt lat="35.0481629" lon="-118.1605424"><name>1791</name></wpt><wpt lat="35.0481656" lon="-118.1605629"><name>1792</name></wpt><wpt lat="35.0481696" lon="-118.1605826"><name>1793</name></wpt><wpt lat="35.0481746" lon="-118.1606024"><name>1794</name></wpt><wpt lat="35.0481812" lon="-118.1606228"><name>1795</name></wpt><wpt lat="35.0481902" lon="-118.1606422"><name>1796</name></wpt><wpt lat="35.0482014" lon="-118.1606611"><name>1797</name></wpt><wpt lat="35.0482142" lon="-118.1606792"><name>1798</name></wpt><wpt lat="35.048228" lon="-118.1606965"><name>1799</name></wpt><wpt lat="35.0482419" lon="-118.1607132"><name>1800</name></wpt><wpt lat="35.0482544" lon="-118.1607297"><name>1801</name></wpt><wpt lat="35.0482666" lon="-118.1607465"><name>1802</name></wpt><wpt lat="35.0482783" lon="-118.1607658"><name>1803</name></wpt><wpt lat="35.0482894" lon="-118.1607853"><name>1804</name></wpt><wpt lat="35.0482993" lon="-118.1608039"><name>1805</name></wpt><wpt lat="35.0483085" lon="-118.1608232"><name>1806</name></wpt><wpt lat="35.0483172" lon="-118.1608424"><name>1807</name></wpt><wpt lat="35.0483251" lon="-118.1608611"><name>1808</name></wpt><wpt lat="35.0483333" lon="-118.1608796"><name>1809</name></wpt><wpt lat="35.0483404" lon="-118.160898"><name>1810</name></wpt><wpt lat="35.0483461" lon="-118.1609172"><name>1811</name></wpt><wpt lat="35.0483506" lon="-118.1609371"><name>1812</name></wpt><wpt lat="35.0483523" lon="-118.1609576"><name>1813</name></wpt><wpt lat="35.0483534" lon="-118.1609784"><name>1814</name></wpt><wpt lat="35.0483553" lon="-118.1609975"><name>1815</name></wpt><wpt lat="35.0483565" lon="-118.1610161"><name>1816</name></wpt><wpt lat="35.0483576" lon="-118.1610343"><name>1817</name></wpt><wpt lat="35.0483586" lon="-118.1610528"><name>1818</name></wpt><wpt lat="35.0483592" lon="-118.1610708"><name>1819</name></wpt><wpt lat="35.0483593" lon="-118.1610888"><name>1820</name></wpt><wpt lat="35.0483586" lon="-118.1611246"><name>1821</name></wpt><wpt lat="35.0483576" lon="-118.1611408"><name>1822</name></wpt><wpt lat="35.048357" lon="-118.1611561"><name>1823</name></wpt><wpt lat="35.048356" lon="-118.1611703"><name>1824</name></wpt><wpt lat="35.0483555" lon="-118.1611842"><name>1825</name></wpt><wpt lat="35.0483543" lon="-118.1611977"><name>1826</name></wpt><wpt lat="35.048353" lon="-118.1612116"><name>1827</name></wpt><wpt lat="35.0483513" lon="-118.1612255"><name>1828</name></wpt><wpt lat="35.048349" lon="-118.1612391"><name>1829</name></wpt><wpt lat="35.0483465" lon="-118.1612522"><name>1830</name></wpt><wpt lat="35.0483438" lon="-118.1612649"><name>1831</name></wpt><wpt lat="35.0483406" lon="-118.1612777"><name>1832</name></wpt><wpt lat="35.0483365" lon="-118.1612904"><name>1833</name></wpt><wpt lat="35.0483319" lon="-118.1613031"><name>1834</name></wpt><wpt lat="35.0483253" lon="-118.161316"><name>1835</name></wpt><wpt lat="35.0483163" lon="-118.161329"><name>1836</name></wpt><wpt lat="35.0483048" lon="-118.1613403"><name>1837</name></wpt><wpt lat="35.0482897" lon="-118.1613491"><name>1838</name></wpt><wpt lat="35.0482728" lon="-118.1613539"><name>1839</name></wpt><wpt lat="35.0482544" lon="-118.1613557"><name>1840</name></wpt><wpt lat="35.0482356" lon="-118.1613559"><name>1841</name></wpt><wpt lat="35.048217" lon="-118.161355"><name>1842</name></wpt><wpt lat="35.0481979" lon="-118.1613535"><name>1843</name></wpt><wpt lat="35.0481787" lon="-118.1613519"><name>1844</name></wpt><wpt lat="35.0481594" lon="-118.1613508"><name>1845</name></wpt><wpt lat="35.0481393" lon="-118.1613505"><name>1846</name></wpt><wpt lat="35.0481189" lon="-118.1613491"><name>1847</name></wpt><wpt lat="35.0480982" lon="-118.1613475"><name>1848</name></wpt><wpt lat="35.0480769" lon="-118.161346"><name>1849</name></wpt><wpt lat="35.0480553" lon="-118.1613448"><name>1850</name></wpt><wpt lat="35.0480333" lon="-118.161344"><name>1851</name></wpt><wpt lat="35.0480104" lon="-118.1613431"><name>1852</name></wpt><wpt lat="35.0479866" lon="-118.1613424"><name>1853</name></wpt><wpt lat="35.0479613" lon="-118.1613413"><name>1854</name></wpt><wpt lat="35.0479348" lon="-118.1613396"><name>1855</name></wpt><wpt lat="35.0479071" lon="-118.1613372"><name>1856</name></wpt><wpt lat="35.0478786" lon="-118.1613335"><name>1857</name></wpt><wpt lat="35.0478494" lon="-118.1613286"><name>1858</name></wpt><wpt lat="35.0478197" lon="-118.1613218"><name>1859</name></wpt><wpt lat="35.0477893" lon="-118.1613134"><name>1860</name></wpt><wpt lat="35.0477583" lon="-118.1613028"><name>1861</name></wpt><wpt lat="35.0477268" lon="-118.1612898"><name>1862</name></wpt><wpt lat="35.0476947" lon="-118.1612731"><name>1863</name></wpt><wpt lat="35.0476623" lon="-118.1612519"><name>1864</name></wpt><wpt lat="35.0476304" lon="-118.1612257"><name>1865</name></wpt><wpt lat="35.0475997" lon="-118.1611951"><name>1866</name></wpt><wpt lat="35.0475703" lon="-118.1611616"><name>1867</name></wpt><wpt lat="35.0475422" lon="-118.1611253"><name>1868</name></wpt><wpt lat="35.047516" lon="-118.1610861"><name>1869</name></wpt><wpt lat="35.0474913" lon="-118.1610448"><name>1870</name></wpt><wpt lat="35.0474689" lon="-118.1610006"><name>1871</name></wpt><wpt lat="35.0474488" lon="-118.1609538"><name>1872</name></wpt><wpt lat="35.0474321" lon="-118.1609039"><name>1873</name></wpt><wpt lat="35.0474178" lon="-118.1608527"><name>1874</name></wpt><wpt lat="35.0474055" lon="-118.1608009"><name>1875</name></wpt><wpt lat="35.0473948" lon="-118.1607484"><name>1876</name></wpt><wpt lat="35.0473869" lon="-118.1606954"><name>1877</name></wpt><wpt lat="35.0473812" lon="-118.1606418"><name>1878</name></wpt><wpt lat="35.0473787" lon="-118.160588"><name>1879</name></wpt><wpt lat="35.0473809" lon="-118.1605342"><name>1880</name></wpt><wpt lat="35.0473875" lon="-118.1604814"><name>1881</name></wpt><wpt lat="35.0473982" lon="-118.1604314"><name>1882</name></wpt><wpt lat="35.0474126" lon="-118.160383"><name>1883</name></wpt><wpt lat="35.0474307" lon="-118.160338"><name>1884</name></wpt><wpt lat="35.0474515" lon="-118.1602956"><name>1885</name></wpt><wpt lat="35.0474744" lon="-118.1602551"><name>1886</name></wpt><wpt lat="35.0474992" lon="-118.1602182"><name>1887</name></wpt><wpt lat="35.0475255" lon="-118.1601862"><name>1888</name></wpt><wpt lat="35.0475534" lon="-118.1601582"><name>1889</name></wpt><wpt lat="35.0475813" lon="-118.1601338"><name>1890</name></wpt><wpt lat="35.0476094" lon="-118.160114"><name>1891</name></wpt><wpt lat="35.0476372" lon="-118.1600988"><name>1892</name></wpt><wpt lat="35.0476641" lon="-118.1600884"><name>1893</name></wpt><wpt lat="35.04769" lon="-118.160081"><name>1894</name></wpt><wpt lat="35.0477148" lon="-118.160077"><name>1895</name></wpt><wpt lat="35.047738" lon="-118.1600761"><name>1896</name></wpt><wpt lat="35.0477597" lon="-118.1600781"><name>1897</name></wpt><wpt lat="35.0477796" lon="-118.1600826"><name>1898</name></wpt><wpt lat="35.047798" lon="-118.1600887"><name>1899</name></wpt><wpt lat="35.0478151" lon="-118.1600965"><name>1900</name></wpt><wpt lat="35.0478291" lon="-118.1601069"><name>1901</name></wpt><wpt lat="35.0478392" lon="-118.1601191"><name>1902</name></wpt><wpt lat="35.0478446" lon="-118.1601319"><name>1903</name></wpt><wpt lat="35.0478465" lon="-118.1601456"><name>1904</name></wpt><wpt lat="35.0478453" lon="-118.1601591"><name>1905</name></wpt><wpt lat="35.0478422" lon="-118.1601723"><name>1906</name></wpt><wpt lat="35.0478373" lon="-118.1601846"><name>1907</name></wpt><wpt lat="35.0478316" lon="-118.1601962"><name>1908</name></wpt><wpt lat="35.0478253" lon="-118.1602082"><name>1909</name></wpt><wpt lat="35.0478185" lon="-118.1602201"><name>1910</name></wpt><wpt lat="35.0478119" lon="-118.1602318"><name>1911</name></wpt><wpt lat="35.0478051" lon="-118.160244"><name>1912</name></wpt><wpt lat="35.0477979" lon="-118.1602563"><name>1913</name></wpt><wpt lat="35.0477902" lon="-118.1602693"><name>1914</name></wpt><wpt lat="35.047782" lon="-118.160283"><name>1915</name></wpt><wpt lat="35.0477733" lon="-118.1602967"><name>1916</name></wpt><wpt lat="35.0477638" lon="-118.1603108"><name>1917</name></wpt><wpt lat="35.0477529" lon="-118.1603257"><name>1918</name></wpt><wpt lat="35.0477414" lon="-118.1603413"><name>1919</name></wpt><wpt lat="35.0477298" lon="-118.1603575"><name>1920</name></wpt><wpt lat="35.0477181" lon="-118.1603738"><name>1921</name></wpt><wpt lat="35.0477061" lon="-118.1603899"><name>1922</name></wpt><wpt lat="35.0476942" lon="-118.1604062"><name>1923</name></wpt><wpt lat="35.0476825" lon="-118.1604235"><name>1924</name></wpt><wpt lat="35.0476709" lon="-118.1604422"><name>1925</name></wpt><wpt lat="35.0476593" lon="-118.1604618"><name>1926</name></wpt><wpt lat="35.0476476" lon="-118.1604817"><name>1927</name></wpt><wpt lat="35.0476355" lon="-118.1605031"><name>1928</name></wpt><wpt lat="35.0476231" lon="-118.1605264"><name>1929</name></wpt><wpt lat="35.0476097" lon="-118.16055"><name>1930</name></wpt><wpt lat="35.0475961" lon="-118.1605733"><name>1931</name></wpt><wpt lat="35.0475828" lon="-118.1605964"><name>1932</name></wpt><wpt lat="35.0475704" lon="-118.1606205"><name>1933</name></wpt><wpt lat="35.0475582" lon="-118.160646"><name>1934</name></wpt><wpt lat="35.0475464" lon="-118.1606717"><name>1935</name></wpt><wpt lat="35.0475353" lon="-118.1606979"><name>1936</name></wpt><wpt lat="35.0475249" lon="-118.1607247"><name>1937</name></wpt><wpt lat="35.0475149" lon="-118.1607522"><name>1938</name></wpt><wpt lat="35.0475056" lon="-118.1607794"><name>1939</name></wpt><wpt lat="35.047498" lon="-118.1608054"><name>1940</name></wpt><wpt lat="35.0474912" lon="-118.1608303"><name>1941</name></wpt><wpt lat="35.0474842" lon="-118.1608538"><name>1942</name></wpt><wpt lat="35.0474772" lon="-118.160877"><name>1943</name></wpt><wpt lat="35.0474702" lon="-118.1608994"><name>1944</name></wpt><wpt lat="35.0474634" lon="-118.1609205"><name>1945</name></wpt><wpt lat="35.0474566" lon="-118.1609398"><name>1946</name></wpt><wpt lat="35.0474499" lon="-118.1609576"><name>1947</name></wpt><wpt lat="35.0474432" lon="-118.160975"><name>1948</name></wpt><wpt lat="35.0474363" lon="-118.1609921"><name>1949</name></wpt><wpt lat="35.0474291" lon="-118.1610084"><name>1950</name></wpt><wpt lat="35.0474219" lon="-118.1610239"><name>1951</name></wpt><wpt lat="35.0474154" lon="-118.1610393"><name>1952</name></wpt><wpt lat="35.0474102" lon="-118.1610548"><name>1953</name></wpt><wpt lat="35.0474058" lon="-118.16107"><name>1954</name></wpt><wpt lat="35.0474017" lon="-118.1610858"><name>1955</name></wpt><wpt lat="35.047398" lon="-118.1611019"><name>1956</name></wpt><wpt lat="35.0473947" lon="-118.161118"><name>1957</name></wpt><wpt lat="35.0473926" lon="-118.1611339"><name>1958</name></wpt><wpt lat="35.0473915" lon="-118.1611495"><name>1959</name></wpt><wpt lat="35.0473926" lon="-118.1611644"><name>1960</name></wpt><wpt lat="35.0473959" lon="-118.1611787"><name>1961</name></wpt><wpt lat="35.0474007" lon="-118.1611919"><name>1962</name></wpt><wpt lat="35.0474069" lon="-118.1612044"><name>1963</name></wpt><wpt lat="35.047415" lon="-118.1612162"><name>1964</name></wpt><wpt lat="35.0474244" lon="-118.1612277"><name>1965</name></wpt><wpt lat="35.0474352" lon="-118.1612391"><name>1966</name></wpt><wpt lat="35.0474467" lon="-118.1612504"><name>1967</name></wpt><wpt lat="35.0474598" lon="-118.1612615"><name>1968</name></wpt><wpt lat="35.0474746" lon="-118.1612715"><name>1969</name></wpt><wpt lat="35.04749" lon="-118.1612811"><name>1970</name></wpt><wpt lat="35.047506" lon="-118.1612908"><name>1971</name></wpt><wpt lat="35.047522" lon="-118.1613006"><name>1972</name></wpt><wpt lat="35.0475385" lon="-118.16131"><name>1973</name></wpt><wpt lat="35.0475561" lon="-118.1613182"><name>1974</name></wpt><wpt lat="35.0475744" lon="-118.1613241"><name>1975</name></wpt><wpt lat="35.0475939" lon="-118.1613273"><name>1976</name></wpt><wpt lat="35.0476138" lon="-118.1613282"><name>1977</name></wpt><wpt lat="35.0476333" lon="-118.1613274"><name>1978</name></wpt><wpt lat="35.0476539" lon="-118.1613255"><name>1979</name></wpt><wpt lat="35.0476763" lon="-118.1613219"><name>1980</name></wpt><wpt lat="35.0476993" lon="-118.161317"><name>1981</name></wpt><wpt lat="35.0477224" lon="-118.1613128"><name>1982</name></wpt><wpt lat="35.0477453" lon="-118.1613086"><name>1983</name></wpt><wpt lat="35.0477698" lon="-118.1613024"><name>1984</name></wpt><wpt lat="35.0477957" lon="-118.1612928"><name>1985</name></wpt><wpt lat="35.047822" lon="-118.1612809"><name>1986</name></wpt><wpt lat="35.0478481" lon="-118.1612673"><name>1987</name></wpt><wpt lat="35.0478741" lon="-118.1612513"><name>1988</name></wpt><wpt lat="35.0479" lon="-118.1612321"><name>1989</name></wpt><wpt lat="35.0479255" lon="-118.1612103"><name>1990</name></wpt><wpt lat="35.0479507" lon="-118.1611861"><name>1991</name></wpt><wpt lat="35.0479756" lon="-118.1611591"><name>1992</name></wpt><wpt lat="35.0480006" lon="-118.1611299"><name>1993</name></wpt><wpt lat="35.0480245" lon="-118.1610977"><name>1994</name></wpt><wpt lat="35.0480481" lon="-118.161063"><name>1995</name></wpt><wpt lat="35.0480713" lon="-118.1610262"><name>1996</name></wpt><wpt lat="35.0480928" lon="-118.1609866"><name>1997</name></wpt><wpt lat="35.0481124" lon="-118.1609448"><name>1998</name></wpt><wpt lat="35.0481308" lon="-118.1609014"><name>1999</name></wpt><wpt lat="35.0481477" lon="-118.160856"><name>2000</name></wpt><wpt lat="35.0481623" lon="-118.160809"><name>2001</name></wpt><wpt lat="35.0481746" lon="-118.1607605"><name>2002</name></wpt><wpt lat="35.0481847" lon="-118.1607111"><name>2003</name></wpt><wpt lat="35.0481946" lon="-118.1606619"><name>2004</name></wpt><wpt lat="35.0482056" lon="-118.1606126"><name>2005</name></wpt><wpt lat="35.0482157" lon="-118.1605621"><name>2006</name></wpt><wpt lat="35.0482225" lon="-118.1605106"><name>2007</name></wpt><wpt lat="35.0482269" lon="-118.1604584"><name>2008</name></wpt><wpt lat="35.0482291" lon="-118.1604062"><name>2009</name></wpt><wpt lat="35.0482288" lon="-118.1603539"><name>2010</name></wpt><wpt lat="35.0482267" lon="-118.1603017"><name>2011</name></wpt><wpt lat="35.0482225" lon="-118.1602499"><name>2012</name></wpt><wpt lat="35.048216" lon="-118.1601985"><name>2013</name></wpt><wpt lat="35.0482068" lon="-118.1601483"><name>2014</name></wpt><wpt lat="35.048194" lon="-118.1601001"><name>2015</name></wpt><wpt lat="35.048179" lon="-118.1600549"><name>2016</name></wpt><wpt lat="35.0481615" lon="-118.160012"><name>2017</name></wpt><wpt lat="35.0481413" lon="-118.159972"><name>2018</name></wpt><wpt lat="35.0481191" lon="-118.159935"><name>2019</name></wpt><wpt lat="35.0480953" lon="-118.1599019"><name>2020</name></wpt><wpt lat="35.0480705" lon="-118.1598729"><name>2021</name></wpt><wpt lat="35.0480451" lon="-118.1598482"><name>2022</name></wpt><wpt lat="35.0480197" lon="-118.1598287"><name>2023</name></wpt><wpt lat="35.0479947" lon="-118.1598146"><name>2024</name></wpt><wpt lat="35.0479708" lon="-118.1598063"><name>2025</name></wpt><wpt lat="35.0479488" lon="-118.1598023"><name>2026</name></wpt><wpt lat="35.0479095" lon="-118.1598051"><name>2027</name></wpt><wpt lat="35.047892" lon="-118.1598099"><name>2028</name></wpt><wpt lat="35.0478771" lon="-118.1598167"><name>2029</name></wpt><wpt lat="35.0478653" lon="-118.1598264"><name>2030</name></wpt><wpt lat="35.0478564" lon="-118.1598379"><name>2031</name></wpt><wpt lat="35.047849" lon="-118.1598506"><name>2032</name></wpt><wpt lat="35.0478422" lon="-118.1598641"><name>2033</name></wpt><wpt lat="35.0478353" lon="-118.1598767"><name>2034</name></wpt><wpt lat="35.047828" lon="-118.1598886"><name>2035</name></wpt><wpt lat="35.0478206" lon="-118.1599016"><name>2036</name></wpt><wpt lat="35.0478132" lon="-118.1599157"><name>2037</name></wpt><wpt lat="35.0478067" lon="-118.1599303"><name>2038</name></wpt><wpt lat="35.0478003" lon="-118.1599459"><name>2039</name></wpt><wpt lat="35.0477947" lon="-118.1599627"><name>2040</name></wpt><wpt lat="35.0477892" lon="-118.1599792"><name>2041</name></wpt><wpt lat="35.0477846" lon="-118.1599959"><name>2042</name></wpt><wpt lat="35.0477803" lon="-118.1600112"><name>2043</name></wpt><wpt lat="35.0477758" lon="-118.1600253"><name>2044</name></wpt><wpt lat="35.0477718" lon="-118.1600388"><name>2045</name></wpt><wpt lat="35.047768" lon="-118.1600519"><name>2046</name></wpt><wpt lat="35.0477652" lon="-118.160065"><name>2047</name></wpt><wpt lat="35.0477634" lon="-118.1600777"><name>2048</name></wpt><wpt lat="35.047761" lon="-118.16009"><name>2049</name></wpt><wpt lat="35.0477589" lon="-118.1601027"><name>2050</name></wpt><wpt lat="35.0477576" lon="-118.1601156"><name>2051</name></wpt><wpt lat="35.047758" lon="-118.1601291"><name>2052</name></wpt><wpt lat="35.0477586" lon="-118.1601424"><name>2053</name></wpt><wpt lat="35.0477601" lon="-118.1601555"><name>2054</name></wpt><wpt lat="35.0477621" lon="-118.1601685"><name>2055</name></wpt><wpt lat="35.0477643" lon="-118.1601818"><name>2056</name></wpt><wpt lat="35.0477666" lon="-118.1601959"><name>2057</name></wpt><wpt lat="35.0477689" lon="-118.16021"><name>2058</name></wpt><wpt lat="35.0477712" lon="-118.1602236"><name>2059</name></wpt><wpt lat="35.047774" lon="-118.1602374"><name>2060</name></wpt><wpt lat="35.0477763" lon="-118.1602516"><name>2061</name></wpt><wpt lat="35.0477784" lon="-118.1602656"><name>2062</name></wpt><wpt lat="35.0477802" lon="-118.1602791"><name>2063</name></wpt><wpt lat="35.0477821" lon="-118.1602925"><name>2064</name></wpt><wpt lat="35.0477847" lon="-118.1603053"><name>2065</name></wpt><wpt lat="35.047787" lon="-118.1603178"><name>2066</name></wpt><wpt lat="35.0477892" lon="-118.1603301"><name>2067</name></wpt><wpt lat="35.0477913" lon="-118.160342"><name>2068</name></wpt><wpt lat="35.0477937" lon="-118.1603538"><name>2069</name></wpt><wpt lat="35.0477962" lon="-118.160366"><name>2070</name></wpt><wpt lat="35.0477984" lon="-118.1603784"><name>2071</name></wpt><wpt lat="35.0478006" lon="-118.1603911"><name>2072</name></wpt><wpt lat="35.0478033" lon="-118.1604036"><name>2073</name></wpt><wpt lat="35.0478062" lon="-118.160416"><name>2074</name></wpt><wpt lat="35.0478084" lon="-118.1604278"><name>2075</name></wpt><wpt lat="35.0478107" lon="-118.1604395"><name>2076</name></wpt><wpt lat="35.0478121" lon="-118.1604508"><name>2077</name></wpt><wpt lat="35.0478127" lon="-118.1604615"><name>2078</name></wpt><wpt lat="35.0478134" lon="-118.1604717"><name>2079</name></wpt><wpt lat="35.0478144" lon="-118.1604819"><name>2080</name></wpt><wpt lat="35.0478146" lon="-118.1604916"><name>2081</name></wpt><wpt lat="35.0478142" lon="-118.1605013"><name>2082</name></wpt><wpt lat="35.0478137" lon="-118.1605114"><name>2083</name></wpt><wpt lat="35.0478127" lon="-118.1605213"><name>2084</name></wpt><wpt lat="35.047811" lon="-118.1605313"><name>2085</name></wpt><wpt lat="35.0478092" lon="-118.1605415"><name>2086</name></wpt><wpt lat="35.0478072" lon="-118.160552"><name>2087</name></wpt><wpt lat="35.0478047" lon="-118.1605629"><name>2088</name></wpt><wpt lat="35.0478018" lon="-118.1605735"><name>2089</name></wpt><wpt lat="35.0477987" lon="-118.1605842"><name>2090</name></wpt><wpt lat="35.0477957" lon="-118.1605952"><name>2091</name></wpt><wpt lat="35.0477927" lon="-118.1606064"><name>2092</name></wpt><wpt lat="35.0477898" lon="-118.1606178"><name>2093</name></wpt><wpt lat="35.0477869" lon="-118.1606292"><name>2094</name></wpt><wpt lat="35.0477835" lon="-118.1606408"><name>2095</name></wpt><wpt lat="35.0477807" lon="-118.1606524"><name>2096</name></wpt><wpt lat="35.0477774" lon="-118.1606643"><name>2097</name></wpt><wpt lat="35.0477735" lon="-118.1606761"><name>2098</name></wpt><wpt lat="35.0477695" lon="-118.1606877"><name>2099</name></wpt><wpt lat="35.0477649" lon="-118.1606987"><name>2100</name></wpt><wpt lat="35.0477592" lon="-118.1607086"><name>2101</name></wpt><wpt lat="35.0477533" lon="-118.1607179"><name>2102</name></wpt><wpt lat="35.0477476" lon="-118.1607271"><name>2103</name></wpt><wpt lat="35.047742" lon="-118.1607363"><name>2104</name></wpt><wpt lat="35.0477366" lon="-118.1607459"><name>2105</name></wpt><wpt lat="35.0477314" lon="-118.1607556"><name>2106</name></wpt><wpt lat="35.0477267" lon="-118.1607654"><name>2107</name></wpt><wpt lat="35.0477227" lon="-118.1607754"><name>2108</name></wpt><wpt lat="35.0477185" lon="-118.1607856"><name>2109</name></wpt><wpt lat="35.0477139" lon="-118.1607964"><name>2110</name></wpt><wpt lat="35.0477093" lon="-118.1608079"><name>2111</name></wpt><wpt lat="35.0477045" lon="-118.1608196"><name>2112</name></wpt><wpt lat="35.0476994" lon="-118.1608318"><name>2113</name></wpt><wpt lat="35.0476945" lon="-118.1608448"><name>2114</name></wpt><wpt lat="35.047689" lon="-118.1608586"><name>2115</name></wpt><wpt lat="35.047683" lon="-118.1608722"><name>2116</name></wpt><wpt lat="35.0476773" lon="-118.1608853"><name>2117</name></wpt><wpt lat="35.0476712" lon="-118.160898"><name>2118</name></wpt><wpt lat="35.0476649" lon="-118.1609105"><name>2119</name></wpt><wpt lat="35.0476588" lon="-118.1609228"><name>2120</name></wpt><wpt lat="35.0476523" lon="-118.1609344"><name>2121</name></wpt><wpt lat="35.047645" lon="-118.1609447"><name>2122</name></wpt><wpt lat="35.0476371" lon="-118.1609542"><name>2123</name></wpt><wpt lat="35.0476289" lon="-118.160963"><name>2124</name></wpt><wpt lat="35.0476204" lon="-118.1609717"><name>2125</name></wpt><wpt lat="35.0476117" lon="-118.1609804"><name>2126</name></wpt><wpt lat="35.047603" lon="-118.160989"><name>2127</name></wpt><wpt lat="35.0475943" lon="-118.160997"><name>2128</name></wpt><wpt lat="35.0475849" lon="-118.1610042"><name>2129</name></wpt><wpt lat="35.0475757" lon="-118.1610113"><name>2130</name></wpt><wpt lat="35.0475664" lon="-118.1610185"><name>2131</name></wpt><wpt lat="35.047557" lon="-118.1610257"><name>2132</name></wpt><wpt lat="35.0475475" lon="-118.1610327"><name>2133</name></wpt><wpt lat="35.0475376" lon="-118.1610393"><name>2134</name></wpt><wpt lat="35.0475277" lon="-118.161046"><name>2135</name></wpt><wpt lat="35.0475181" lon="-118.1610535"><name>2136</name></wpt><wpt lat="35.0475088" lon="-118.1610608"><name>2137</name></wpt><wpt lat="35.0474998" lon="-118.161068"><name>2138</name></wpt><wpt lat="35.0474917" lon="-118.1610751"><name>2139</name></wpt><wpt lat="35.0474854" lon="-118.1610829"><name>2140</name></wpt><wpt lat="35.0474805" lon="-118.1610909"><name>2141</name></wpt><wpt lat="35.0474771" lon="-118.1610992"><name>2142</name></wpt><wpt lat="35.0474756" lon="-118.1611078"><name>2143</name></wpt><wpt lat="35.0474753" lon="-118.1611168"><name>2144</name></wpt><wpt lat="35.0474763" lon="-118.161126"><name>2145</name></wpt><wpt lat="35.0474795" lon="-118.1611355"><name>2146</name></wpt><wpt lat="35.0474846" lon="-118.1611448"><name>2147</name></wpt><wpt lat="35.0474922" lon="-118.1611538"><name>2148</name></wpt><wpt lat="35.047502" lon="-118.1611627"><name>2149</name></wpt><wpt lat="35.0475137" lon="-118.1611717"><name>2150</name></wpt><wpt lat="35.0475268" lon="-118.1611804"><name>2151</name></wpt><wpt lat="35.0475417" lon="-118.1611887"><name>2152</name></wpt><wpt lat="35.0475586" lon="-118.1611963"><name>2153</name></wpt><wpt lat="35.0475772" lon="-118.1612022"><name>2154</name></wpt><wpt lat="35.0475981" lon="-118.1612062"><name>2155</name></wpt><wpt lat="35.0476206" lon="-118.1612086"><name>2156</name></wpt><wpt lat="35.0476449" lon="-118.1612096"><name>2157</name></wpt><wpt lat="35.0476702" lon="-118.1612089"><name>2158</name></wpt><wpt lat="35.0476969" lon="-118.161206"><name>2159</name></wpt><wpt lat="35.047725" lon="-118.1612003"><name>2160</name></wpt><wpt lat="35.0477542" lon="-118.161193"><name>2161</name></wpt><wpt lat="35.0477842" lon="-118.1611834"><name>2162</name></wpt><wpt lat="35.0478154" lon="-118.1611707"><name>2163</name></wpt><wpt lat="35.0478468" lon="-118.1611551"><name>2164</name></wpt><wpt lat="35.0478784" lon="-118.1611371"><name>2165</name></wpt><wpt lat="35.0479097" lon="-118.1611152"><name>2166</name></wpt><wpt lat="35.0479397" lon="-118.1610908"><name>2167</name></wpt><wpt lat="35.0479691" lon="-118.1610647"><name>2168</name></wpt><wpt lat="35.0479977" lon="-118.161036"><name>2169</name></wpt><wpt lat="35.0480254" lon="-118.161005"><name>2170</name></wpt><wpt lat="35.0480521" lon="-118.1609723"><name>2171</name></wpt><wpt lat="35.0480778" lon="-118.1609371"><name>2172</name></wpt><wpt lat="35.0481021" lon="-118.1608996"><name>2173</name></wpt><wpt lat="35.0481246" lon="-118.1608601"><name>2174</name></wpt><wpt lat="35.0481458" lon="-118.1608191"><name>2175</name></wpt><wpt lat="35.0481647" lon="-118.1607763"><name>2176</name></wpt><wpt lat="35.0481825" lon="-118.1607321"><name>2177</name></wpt><wpt lat="35.0481991" lon="-118.1606872"><name>2178</name></wpt><wpt lat="35.0482137" lon="-118.1606415"><name>2179</name></wpt><wpt lat="35.0482261" lon="-118.160595"><name>2180</name></wpt><wpt lat="35.0482373" lon="-118.1605485"><name>2181</name></wpt><wpt lat="35.0482478" lon="-118.1605022"><name>2182</name></wpt><wpt lat="35.0482562" lon="-118.1604562"><name>2183</name></wpt><wpt lat="35.0482615" lon="-118.1604099"><name>2184</name></wpt><wpt lat="35.0482648" lon="-118.1603631"><name>2185</name></wpt><wpt lat="35.0482663" lon="-118.1603172"><name>2186</name></wpt><wpt lat="35.0482656" lon="-118.1602728"><name>2187</name></wpt><wpt lat="35.0482625" lon="-118.1602288"><name>2188</name></wpt><wpt lat="35.0482567" lon="-118.1601859"><name>2189</name></wpt><wpt lat="35.0482486" lon="-118.1601457"><name>2190</name></wpt><wpt lat="35.048239" lon="-118.1601068"><name>2191</name></wpt><wpt lat="35.0482281" lon="-118.1600679"><name>2192</name></wpt><wpt lat="35.0482157" lon="-118.1600301"><name>2193</name></wpt><wpt lat="35.0482012" lon="-118.1599946"><name>2194</name></wpt><wpt lat="35.0481855" lon="-118.1599617"><name>2195</name></wpt><wpt lat="35.0481689" lon="-118.1599311"><name>2196</name></wpt><wpt lat="35.0481513" lon="-118.1599025"><name>2197</name></wpt><wpt lat="35.0481326" lon="-118.1598782"><name>2198</name></wpt><wpt lat="35.0481136" lon="-118.1598575"><name>2199</name></wpt><wpt lat="35.0480944" lon="-118.1598379"><name>2200</name></wpt><wpt lat="35.0480762" lon="-118.1598217"><name>2201</name></wpt><wpt lat="35.048059" lon="-118.1598092"><name>2202</name></wpt><wpt lat="35.048043" lon="-118.1597993"><name>2203</name></wpt><wpt lat="35.048028" lon="-118.159792"><name>2204</name></wpt><wpt lat="35.0480144" lon="-118.1597869"><name>2205</name></wpt><wpt lat="35.0480023" lon="-118.1597853"><name>2206</name></wpt><wpt lat="35.0479922" lon="-118.1597863"><name>2207</name></wpt><wpt lat="35.0479843" lon="-118.1597892"><name>2208</name></wpt><wpt lat="35.0479793" lon="-118.1597944"><name>2209</name></wpt><wpt lat="35.0479767" lon="-118.1598009"><name>2210</name></wpt><wpt lat="35.0479769" lon="-118.1598079"><name>2211</name></wpt><wpt lat="35.0479783" lon="-118.1598146"><name>2212</name></wpt><wpt lat="35.0479784" lon="-118.1598351"><name>2213</name></wpt><wpt lat="35.0479781" lon="-118.1598445"><name>2214</name></wpt><wpt lat="35.0479779" lon="-118.1598547"><name>2215</name></wpt><wpt lat="35.0479772" lon="-118.1598653"><name>2216</name></wpt><wpt lat="35.0479764" lon="-118.1598758"><name>2217</name></wpt><wpt lat="35.0479755" lon="-118.1598866"><name>2218</name></wpt><wpt lat="35.0479745" lon="-118.1598979"><name>2219</name></wpt><wpt lat="35.047973" lon="-118.1599098"><name>2220</name></wpt><wpt lat="35.0479716" lon="-118.1599214"><name>2221</name></wpt><wpt lat="35.0479699" lon="-118.1599334"><name>2222</name></wpt><wpt lat="35.0479679" lon="-118.159945"><name>2223</name></wpt><wpt lat="35.0479655" lon="-118.1599563"><name>2224</name></wpt><wpt lat="35.0479629" lon="-118.1599669"><name>2225</name></wpt><wpt lat="35.0479595" lon="-118.1599775"><name>2226</name></wpt><wpt lat="35.0479557" lon="-118.159989"><name>2227</name></wpt><wpt lat="35.0479527" lon="-118.1600007"><name>2228</name></wpt><wpt lat="35.0479493" lon="-118.1600118"><name>2229</name></wpt><wpt lat="35.0479458" lon="-118.1600223"><name>2230</name></wpt><wpt lat="35.0479421" lon="-118.1600329"><name>2231</name></wpt><wpt lat="35.0479385" lon="-118.1600428"><name>2232</name></wpt><wpt lat="35.0479346" lon="-118.1600521"><name>2233</name></wpt><wpt lat="35.0479303" lon="-118.1600624"><name>2234</name></wpt><wpt lat="35.0479255" lon="-118.1600741"><name>2235</name></wpt><wpt lat="35.0479194" lon="-118.1600865"><name>2236</name></wpt><wpt lat="35.0479128" lon="-118.1600997"><name>2237</name></wpt><wpt lat="35.0479063" lon="-118.1601134"><name>2238</name></wpt><wpt lat="35.0478989" lon="-118.1601274"><name>2239</name></wpt><wpt lat="35.0478906" lon="-118.1601421"><name>2240</name></wpt><wpt lat="35.0478816" lon="-118.1601565"><name>2241</name></wpt><wpt lat="35.047873" lon="-118.160171"><name>2242</name></wpt><wpt lat="35.0478646" lon="-118.1601852"><name>2243</name></wpt><wpt lat="35.0478563" lon="-118.1601994"><name>2244</name></wpt><wpt lat="35.0478482" lon="-118.1602144"><name>2245</name></wpt><wpt lat="35.04784" lon="-118.1602313"><name>2246</name></wpt><wpt lat="35.0478322" lon="-118.1602491"><name>2247</name></wpt><wpt lat="35.0478239" lon="-118.160267"><name>2248</name></wpt><wpt lat="35.047815" lon="-118.1602854"><name>2249</name></wpt><wpt lat="35.0478054" lon="-118.1603051"><name>2250</name></wpt><wpt lat="35.0477951" lon="-118.1603249"><name>2251</name></wpt><wpt lat="35.0477842" lon="-118.1603445"><name>2252</name></wpt><wpt lat="35.0477735" lon="-118.1603642"><name>2253</name></wpt><wpt lat="35.0477624" lon="-118.1603836"><name>2254</name></wpt><wpt lat="35.0477513" lon="-118.1604026"><name>2255</name></wpt><wpt lat="35.0477404" lon="-118.16042"><name>2256</name></wpt><wpt lat="35.0477293" lon="-118.1604368"><name>2257</name></wpt><wpt lat="35.0477181" lon="-118.1604546"><name>2258</name></wpt><wpt lat="35.0477065" lon="-118.1604739"><name>2259</name></wpt><wpt lat="35.0476953" lon="-118.160494"><name>2260</name></wpt><wpt lat="35.0476846" lon="-118.1605135"><name>2261</name></wpt><wpt lat="35.0476742" lon="-118.1605333"><name>2262</name></wpt><wpt lat="35.0476647" lon="-118.1605523"><name>2263</name></wpt><wpt lat="35.0476558" lon="-118.1605708"><name>2264</name></wpt><wpt lat="35.0476481" lon="-118.1605889"><name>2265</name></wpt><wpt lat="35.0476412" lon="-118.1606066"><name>2266</name></wpt><wpt lat="35.0476352" lon="-118.1606242"><name>2267</name></wpt><wpt lat="35.0476301" lon="-118.1606415"><name>2268</name></wpt><wpt lat="35.0476256" lon="-118.1606588"><name>2269</name></wpt><wpt lat="35.0476222" lon="-118.1606764"><name>2270</name></wpt><wpt lat="35.0476194" lon="-118.1606931"><name>2271</name></wpt><wpt lat="35.0476162" lon="-118.1607089"><name>2272</name></wpt><wpt lat="35.0476138" lon="-118.1607238"><name>2273</name></wpt><wpt lat="35.0476118" lon="-118.1607387"><name>2274</name></wpt><wpt lat="35.0476091" lon="-118.1607538"><name>2275</name></wpt><wpt lat="35.0476063" lon="-118.1607689"><name>2276</name></wpt><wpt lat="35.0476036" lon="-118.160784"><name>2277</name></wpt><wpt lat="35.0476016" lon="-118.1608006"><name>2278</name></wpt><wpt lat="35.0476009" lon="-118.1608178"><name>2279</name></wpt><wpt lat="35.0476005" lon="-118.160835"><name>2280</name></wpt><wpt lat="35.0476002" lon="-118.160852"><name>2281</name></wpt><wpt lat="35.0476001" lon="-118.1608686"><name>2282</name></wpt><wpt lat="35.0476016" lon="-118.1608849"><name>2283</name></wpt><wpt lat="35.0476034" lon="-118.1609015"><name>2284</name></wpt><wpt lat="35.0476022" lon="-118.1609346"><name>2285</name></wpt><wpt lat="35.0475999" lon="-118.1609503"><name>2286</name></wpt><wpt lat="35.0475966" lon="-118.1609646"><name>2287</name></wpt><wpt lat="35.0475917" lon="-118.1609761"><name>2288</name></wpt><wpt lat="35.0475854" lon="-118.1609852"><name>2289</name></wpt><wpt lat="35.0475794" lon="-118.1609933"><name>2290</name></wpt><wpt lat="35.0475734" lon="-118.1609996"><name>2291</name></wpt><wpt lat="35.0475675" lon="-118.1610055"><name>2292</name></wpt><wpt lat="35.047561" lon="-118.1610105"><name>2293</name></wpt><wpt lat="35.0475532" lon="-118.1610152"><name>2294</name></wpt><wpt lat="35.0475454" lon="-118.1610202"><name>2295</name></wpt><wpt lat="35.0475384" lon="-118.1610254"><name>2296</name></wpt><wpt lat="35.0475318" lon="-118.1610306"><name>2297</name></wpt><wpt lat="35.047525" lon="-118.1610352"><name>2298</name></wpt><wpt lat="35.0475178" lon="-118.161041"><name>2299</name></wpt><wpt lat="35.0475106" lon="-118.1610483"><name>2300</name></wpt><wpt lat="35.0475038" lon="-118.1610571"><name>2301</name></wpt><wpt lat="35.0474973" lon="-118.1610678"><name>2302</name></wpt><wpt lat="35.0474913" lon="-118.1610802"><name>2303</name></wpt><wpt lat="35.0474857" lon="-118.1610937"><name>2304</name></wpt><wpt lat="35.0474819" lon="-118.1611075"><name>2305</name></wpt><wpt lat="35.0474817" lon="-118.1611214"><name>2306</name></wpt><wpt lat="35.0474842" lon="-118.1611356"><name>2307</name></wpt><wpt lat="35.0474878" lon="-118.1611501"><name>2308</name></wpt><wpt lat="35.0474926" lon="-118.1611652"><name>2309</name></wpt><wpt lat="35.0474988" lon="-118.1611806"><name>2310</name></wpt><wpt lat="35.0475057" lon="-118.1611965"><name>2311</name></wpt><wpt lat="35.0475123" lon="-118.1612124"><name>2312</name></wpt><wpt lat="35.0475189" lon="-118.1612292"><name>2313</name></wpt><wpt lat="35.0475259" lon="-118.1612471"><name>2314</name></wpt><wpt lat="35.0475344" lon="-118.1612653"><name>2315</name></wpt><wpt lat="35.0475425" lon="-118.161284"><name>2316</name></wpt><wpt lat="35.0475509" lon="-118.1613034"><name>2317</name></wpt><wpt lat="35.0475597" lon="-118.161323"><name>2318</name></wpt><wpt lat="35.047568" lon="-118.1613419"><name>2319</name></wpt><wpt lat="35.0475754" lon="-118.1613624"><name>2320</name></wpt><wpt lat="35.0475835" lon="-118.1613828"><name>2321</name></wpt><wpt lat="35.0475928" lon="-118.1614019"><name>2322</name></wpt><wpt lat="35.0476024" lon="-118.1614194"><name>2323</name></wpt><wpt lat="35.0476115" lon="-118.1614354"><name>2324</name></wpt><wpt lat="35.0476202" lon="-118.1614501"><name>2325</name></wpt><wpt lat="35.0476289" lon="-118.1614629"><name>2326</name></wpt><wpt lat="35.0476378" lon="-118.1614737"><name>2327</name></wpt><wpt lat="35.0476474" lon="-118.1614831"><name>2328</name></wpt><wpt lat="35.0476579" lon="-118.1614918"><name>2329</name></wpt><wpt lat="35.0476689" lon="-118.1615012"><name>2330</name></wpt><wpt lat="35.0476803" lon="-118.1615105"><name>2331</name></wpt><wpt lat="35.0476931" lon="-118.1615203"><name>2332</name></wpt><wpt lat="35.0477062" lon="-118.1615309"><name>2333</name></wpt><wpt lat="35.0477187" lon="-118.1615406"><name>2334</name></wpt><wpt lat="35.0477307" lon="-118.1615496"><name>2335</name></wpt><wpt lat="35.0477423" lon="-118.1615589"><name>2336</name></wpt><wpt lat="35.0477542" lon="-118.1615683"><name>2337</name></wpt><wpt lat="35.0477673" lon="-118.1615775"><name>2338</name></wpt><wpt lat="35.0477816" lon="-118.1615871"><name>2339</name></wpt><wpt lat="35.0477958" lon="-118.1615964"><name>2340</name></wpt><wpt lat="35.0478107" lon="-118.1616052"><name>2341</name></wpt><wpt lat="35.0478266" lon="-118.1616129"><name>2342</name></wpt><wpt lat="35.0478432" lon="-118.1616198"><name>2343</name></wpt><wpt lat="35.0478608" lon="-118.1616256"><name>2344</name></wpt><wpt lat="35.0478783" lon="-118.1616301"><name>2345</name></wpt><wpt lat="35.0478953" lon="-118.1616328"><name>2346</name></wpt><wpt lat="35.0479134" lon="-118.1616361"><name>2347</name></wpt><wpt lat="35.0479316" lon="-118.1616397"><name>2348</name></wpt><wpt lat="35.0479508" lon="-118.1616431"><name>2349</name></wpt><wpt lat="35.0479716" lon="-118.1616452"><name>2350</name></wpt><wpt lat="35.0479935" lon="-118.1616469"><name>2351</name></wpt><wpt lat="35.0480159" lon="-118.1616472"><name>2352</name></wpt><wpt lat="35.0480395" lon="-118.1616461"><name>2353</name></wpt><wpt lat="35.0480638" lon="-118.1616439"><name>2354</name></wpt><wpt lat="35.0480893" lon="-118.1616394"><name>2355</name></wpt><wpt lat="35.0481158" lon="-118.1616332"><name>2356</name></wpt><wpt lat="35.0481426" lon="-118.1616261"><name>2357</name></wpt><wpt lat="35.0481699" lon="-118.161618"><name>2358</name></wpt><wpt lat="35.0481974" lon="-118.1616076"><name>2359</name></wpt><wpt lat="35.0482252" lon="-118.1615951"><name>2360</name></wpt><wpt lat="35.048253" lon="-118.1615807"><name>2361</name></wpt><wpt lat="35.04828" lon="-118.1615632"><name>2362</name></wpt><wpt lat="35.0483068" lon="-118.1615429"><name>2363</name></wpt><wpt lat="35.0483337" lon="-118.1615207"><name>2364</name></wpt><wpt lat="35.0483603" lon="-118.1614964"><name>2365</name></wpt><wpt lat="35.0483865" lon="-118.1614708"><name>2366</name></wpt><wpt lat="35.0484128" lon="-118.1614441"><name>2367</name></wpt><wpt lat="35.0484397" lon="-118.1614165"><name>2368</name></wpt><wpt lat="35.0484655" lon="-118.1613875"><name>2369</name></wpt><wpt lat="35.0484903" lon="-118.1613548"><name>2370</name></wpt><wpt lat="35.0485127" lon="-118.1613188"><name>2371</name></wpt><wpt lat="35.0485326" lon="-118.1612798"><name>2372</name></wpt><wpt lat="35.0485493" lon="-118.1612389"><name>2373</name></wpt><wpt lat="35.0485643" lon="-118.1611972"><name>2374</name></wpt><wpt lat="35.0485779" lon="-118.1611545"><name>2375</name></wpt><wpt lat="35.0485894" lon="-118.1611107"><name>2376</name></wpt><wpt lat="35.0485987" lon="-118.1610659"><name>2377</name></wpt><wpt lat="35.0486057" lon="-118.1610206"><name>2378</name></wpt><wpt lat="35.0486118" lon="-118.1609752"><name>2379</name></wpt><wpt lat="35.0486171" lon="-118.1609293"><name>2380</name></wpt><wpt lat="35.0486219" lon="-118.160883"><name>2381</name></wpt><wpt lat="35.0486266" lon="-118.1608355"><name>2382</name></wpt><wpt lat="35.0486315" lon="-118.1607873"><name>2383</name></wpt><wpt lat="35.0486366" lon="-118.1607381"><name>2384</name></wpt><wpt lat="35.0486419" lon="-118.1606884"><name>2385</name></wpt><wpt lat="35.0486471" lon="-118.1606382"><name>2386</name></wpt><wpt lat="35.0486525" lon="-118.1605876"><name>2387</name></wpt><wpt lat="35.0486587" lon="-118.160537"><name>2388</name></wpt><wpt lat="35.0486644" lon="-118.1604869"><name>2389</name></wpt><wpt lat="35.0486688" lon="-118.1604381"><name>2390</name></wpt><wpt lat="35.0486725" lon="-118.1603909"><name>2391</name></wpt><wpt lat="35.0486752" lon="-118.1603449"><name>2392</name></wpt><wpt lat="35.048677" lon="-118.1602987"><name>2393</name></wpt><wpt lat="35.0486784" lon="-118.1602527"><name>2394</name></wpt><wpt lat="35.0486796" lon="-118.1602058"><name>2395</name></wpt><wpt lat="35.0486804" lon="-118.1601578"><name>2396</name></wpt><wpt lat="35.0486795" lon="-118.1601099"><name>2397</name></wpt><wpt lat="35.048676" lon="-118.1600629"><name>2398</name></wpt><wpt lat="35.04867" lon="-118.1600165"><name>2399</name></wpt><wpt lat="35.0486623" lon="-118.1599701"><name>2400</name></wpt><wpt lat="35.0486534" lon="-118.1599231"><name>2401</name></wpt><wpt lat="35.048643" lon="-118.1598763"><name>2402</name></wpt><wpt lat="35.0486309" lon="-118.1598297"><name>2403</name></wpt><wpt lat="35.0486172" lon="-118.1597829"><name>2404</name></wpt><wpt lat="35.0486017" lon="-118.1597367"><name>2405</name></wpt><wpt lat="35.0485835" lon="-118.1596925"><name>2406</name></wpt><wpt lat="35.0485626" lon="-118.1596517"><name>2407</name></wpt><wpt lat="35.048541" lon="-118.1596141"><name>2408</name></wpt><wpt lat="35.0485183" lon="-118.1595785"><name>2409</name></wpt><wpt lat="35.0484942" lon="-118.1595469"><name>2410</name></wpt><wpt lat="35.048469" lon="-118.1595189"><name>2411</name></wpt><wpt lat="35.0484433" lon="-118.1594938"><name>2412</name></wpt><wpt lat="35.0484173" lon="-118.1594712"><name>2413</name></wpt><wpt lat="35.0483911" lon="-118.1594512"><name>2414</name></wpt><wpt lat="35.048365" lon="-118.1594336"><name>2415</name></wpt><wpt lat="35.0483394" lon="-118.1594189"><name>2416</name></wpt><wpt lat="35.0483142" lon="-118.1594088"><name>2417</name></wpt><wpt lat="35.0482895" lon="-118.1594011"><name>2418</name></wpt><wpt lat="35.0482649" lon="-118.159394"><name>2419</name></wpt><wpt lat="35.0482408" lon="-118.1593893"><name>2420</name></wpt><wpt lat="35.0482181" lon="-118.1593877"><name>2421</name></wpt><wpt lat="35.0481971" lon="-118.1593883"><name>2422</name></wpt><wpt lat="35.0481777" lon="-118.1593918"><name>2423</name></wpt><wpt lat="35.0481602" lon="-118.1593972"><name>2424</name></wpt><wpt lat="35.048145" lon="-118.1594051"><name>2425</name></wpt><wpt lat="35.048132" lon="-118.1594154"><name>2426</name></wpt><wpt lat="35.048121" lon="-118.1594267"><name>2427</name></wpt><wpt lat="35.0481118" lon="-118.1594389"><name>2428</name></wpt><wpt lat="35.0481046" lon="-118.1594526"><name>2429</name></wpt><wpt lat="35.0481" lon="-118.1594677"><name>2430</name></wpt><wpt lat="35.0480972" lon="-118.1594832"><name>2431</name></wpt><wpt lat="35.0480947" lon="-118.1594983"><name>2432</name></wpt><wpt lat="35.0480925" lon="-118.1595133"><name>2433</name></wpt><wpt lat="35.0480911" lon="-118.1595282"><name>2434</name></wpt><wpt lat="35.0480897" lon="-118.1595435"><name>2435</name></wpt><wpt lat="35.0480876" lon="-118.1595599"><name>2436</name></wpt><wpt lat="35.0480858" lon="-118.1595772"><name>2437</name></wpt><wpt lat="35.0480844" lon="-118.1595949"><name>2438</name></wpt><wpt lat="35.0480826" lon="-118.1596136"><name>2439</name></wpt><wpt lat="35.0480814" lon="-118.1596323"><name>2440</name></wpt><wpt lat="35.0480803" lon="-118.1596502"><name>2441</name></wpt><wpt lat="35.0480796" lon="-118.159668"><name>2442</name></wpt><wpt lat="35.0480782" lon="-118.1596861"><name>2443</name></wpt><wpt lat="35.048077" lon="-118.1597041"><name>2444</name></wpt><wpt lat="35.0480758" lon="-118.1597225"><name>2445</name></wpt><wpt lat="35.0480744" lon="-118.1597394"><name>2446</name></wpt><wpt lat="35.0480728" lon="-118.1597546"><name>2447</name></wpt><wpt lat="35.0480712" lon="-118.1597689"><name>2448</name></wpt><wpt lat="35.0480686" lon="-118.1597841"><name>2449</name></wpt><wpt lat="35.0480665" lon="-118.1597986"><name>2450</name></wpt><wpt lat="35.0480656" lon="-118.1598118"><name>2451</name></wpt><wpt lat="35.0480645" lon="-118.1598246"><name>2452</name></wpt><wpt lat="35.0480626" lon="-118.1598375"><name>2453</name></wpt><wpt lat="35.04806" lon="-118.1598507"><name>2454</name></wpt><wpt lat="35.0480575" lon="-118.1598638"><name>2455</name></wpt><wpt lat="35.0480552" lon="-118.1598776"><name>2456</name></wpt><wpt lat="35.0480535" lon="-118.1598918"><name>2457</name></wpt><wpt lat="35.0480523" lon="-118.1599056"><name>2458</name></wpt><wpt lat="35.0480508" lon="-118.1599193"><name>2459</name></wpt><wpt lat="35.0480482" lon="-118.1599324"><name>2460</name></wpt><wpt lat="35.0480462" lon="-118.1599459"><name>2461</name></wpt><wpt lat="35.0480449" lon="-118.1599593"><name>2462</name></wpt><wpt lat="35.0480432" lon="-118.1599722"><name>2463</name></wpt><wpt lat="35.0480411" lon="-118.1599853"><name>2464</name></wpt><wpt lat="35.0480395" lon="-118.159998"><name>2465</name></wpt><wpt lat="35.0480378" lon="-118.1600101"><name>2466</name></wpt><wpt lat="35.0480355" lon="-118.1600225"><name>2467</name></wpt><wpt lat="35.0480331" lon="-118.1600339"><name>2468</name></wpt><wpt lat="35.0480305" lon="-118.160045"><name>2469</name></wpt><wpt lat="35.0480273" lon="-118.1600558"><name>2470</name></wpt><wpt lat="35.0480238" lon="-118.1600663"><name>2471</name></wpt><wpt lat="35.0480203" lon="-118.1600773"><name>2472</name></wpt><wpt lat="35.0480164" lon="-118.1600886"><name>2473</name></wpt><wpt lat="35.0480127" lon="-118.1600984"><name>2474</name></wpt><wpt lat="35.0480081" lon="-118.1601088"><name>2475</name></wpt><wpt lat="35.0480033" lon="-118.1601195"><name>2476</name></wpt><wpt lat="35.0479984" lon="-118.1601301"><name>2477</name></wpt><wpt lat="35.0479941" lon="-118.160141"><name>2478</name></wpt><wpt lat="35.0479889" lon="-118.160153"><name>2479</name></wpt><wpt lat="35.047983" lon="-118.1601655"><name>2480</name></wpt><wpt lat="35.0479761" lon="-118.1601788"><name>2481</name></wpt><wpt lat="35.0479689" lon="-118.1601915"><name>2482</name></wpt><wpt lat="35.047962" lon="-118.1602033"><name>2483</name></wpt><wpt lat="35.0479548" lon="-118.1602148"><name>2484</name></wpt><wpt lat="35.047948" lon="-118.1602257"><name>2485</name></wpt><wpt lat="35.0479411" lon="-118.1602364"><name>2486</name></wpt><wpt lat="35.0479344" lon="-118.1602468"><name>2487</name></wpt><wpt lat="35.0479277" lon="-118.160257"><name>2488</name></wpt><wpt lat="35.0479208" lon="-118.1602672"><name>2489</name></wpt><wpt lat="35.0479142" lon="-118.1602768"><name>2490</name></wpt><wpt lat="35.0479075" lon="-118.160286"><name>2491</name></wpt><wpt lat="35.0479" lon="-118.1602958"><name>2492</name></wpt><wpt lat="35.0478924" lon="-118.160305"><name>2493</name></wpt><wpt lat="35.0478849" lon="-118.1603132"><name>2494</name></wpt><wpt lat="35.0478773" lon="-118.1603216"><name>2495</name></wpt><wpt lat="35.0478693" lon="-118.16033"><name>2496</name></wpt><wpt lat="35.0478615" lon="-118.1603383"><name>2497</name></wpt><wpt lat="35.0478536" lon="-118.1603468"><name>2498</name></wpt><wpt lat="35.0478448" lon="-118.1603558"><name>2499</name></wpt><wpt lat="35.047836" lon="-118.1603653"><name>2500</name></wpt><wpt lat="35.0478269" lon="-118.1603748"><name>2501</name></wpt><wpt lat="35.0478175" lon="-118.1603835"><name>2502</name></wpt><wpt lat="35.0478078" lon="-118.1603918"><name>2503</name></wpt><wpt lat="35.0477978" lon="-118.1604002"><name>2504</name></wpt><wpt lat="35.0477876" lon="-118.1604093"><name>2505</name></wpt><wpt lat="35.0477775" lon="-118.1604187"><name>2506</name></wpt><wpt lat="35.0477672" lon="-118.160428"><name>2507</name></wpt><wpt lat="35.0477564" lon="-118.1604373"><name>2508</name></wpt><wpt lat="35.0477455" lon="-118.1604466"><name>2509</name></wpt><wpt lat="35.0477346" lon="-118.1604558"><name>2510</name></wpt><wpt lat="35.0477235" lon="-118.1604651"><name>2511</name></wpt><wpt lat="35.0477119" lon="-118.1604755"><name>2512</name></wpt><wpt lat="35.0477002" lon="-118.1604856"><name>2513</name></wpt><wpt lat="35.0476885" lon="-118.1604956"><name>2514</name></wpt><wpt lat="35.0476765" lon="-118.1605051"><name>2515</name></wpt><wpt lat="35.0476644" lon="-118.1605148"><name>2516</name></wpt><wpt lat="35.0476524" lon="-118.1605239"><name>2517</name></wpt><wpt lat="35.0476407" lon="-118.1605326"><name>2518</name></wpt><wpt lat="35.0476305" lon="-118.1605418"><name>2519</name></wpt><wpt lat="35.0476232" lon="-118.1605509"><name>2520</name></wpt><wpt lat="35.0476176" lon="-118.16056"><name>2521</name></wpt><wpt lat="35.0476139" lon="-118.1605692"><name>2522</name></wpt><wpt lat="35.0476117" lon="-118.1605785"><name>2523</name></wpt><wpt lat="35.0476103" lon="-118.1605873"><name>2524</name></wpt><wpt lat="35.0476092" lon="-118.1605962"><name>2525</name></wpt><wpt lat="35.0476077" lon="-118.1606051"><name>2526</name></wpt><wpt lat="35.0476058" lon="-118.1606146"><name>2527</name></wpt><wpt lat="35.0476043" lon="-118.1606247"><name>2528</name></wpt><wpt lat="35.0476038" lon="-118.1606358"><name>2529</name></wpt><wpt lat="35.0476034" lon="-118.1606475"><name>2530</name></wpt><wpt lat="35.0476032" lon="-118.1606599"><name>2531</name></wpt><wpt lat="35.0476035" lon="-118.1606721"><name>2532</name></wpt><wpt lat="35.0476024" lon="-118.1606822"><name>2533</name></wpt><wpt lat="35.0476007" lon="-118.1606905"><name>2534</name></wpt><wpt lat="35.0476016" lon="-118.1606979"><name>2535</name></wpt><wpt lat="35.0476025" lon="-118.1607051"><name>2536</name></wpt><wpt lat="35.0476028" lon="-118.1607113"><name>2537</name></wpt><wpt lat="35.047603" lon="-118.1607177"><name>2538</name></wpt><wpt lat="35.0476027" lon="-118.1607245"><name>2539</name></wpt><wpt lat="35.0476025" lon="-118.160732"><name>2540</name></wpt><wpt lat="35.0476021" lon="-118.1607402"><name>2541</name></wpt><wpt lat="35.0476015" lon="-118.1607483"><name>2542</name></wpt><wpt lat="35.0476006" lon="-118.1607566"><name>2543</name></wpt><wpt lat="35.0475997" lon="-118.160765"><name>2544</name></wpt><wpt lat="35.0475984" lon="-118.1607724"><name>2545</name></wpt><wpt lat="35.0475961" lon="-118.1607799"><name>2546</name></wpt><wpt lat="35.0475933" lon="-118.1607873"><name>2547</name></wpt><wpt lat="35.0475907" lon="-118.1607942"><name>2548</name></wpt><wpt lat="35.0475883" lon="-118.1608011"><name>2549</name></wpt><wpt lat="35.0475867" lon="-118.1608082"><name>2550</name></wpt><wpt lat="35.0475842" lon="-118.1608162"><name>2551</name></wpt><wpt lat="35.0475806" lon="-118.1608236"><name>2552</name></wpt><wpt lat="35.0475768" lon="-118.1608312"><name>2553</name></wpt><wpt lat="35.0475738" lon="-118.160839"><name>2554</name></wpt><wpt lat="35.0475701" lon="-118.1608471"><name>2555</name></wpt><wpt lat="35.0475664" lon="-118.1608543"><name>2556</name></wpt><wpt lat="35.0475639" lon="-118.1608616"><name>2557</name></wpt><wpt lat="35.0475615" lon="-118.1608688"><name>2558</name></wpt><wpt lat="35.0475571" lon="-118.1608746"><name>2559</name></wpt><wpt lat="35.0475535" lon="-118.1608804"><name>2560</name></wpt><wpt lat="35.0475498" lon="-118.1608864"><name>2561</name></wpt><wpt lat="35.0475438" lon="-118.1608914"><name>2562</name></wpt><wpt lat="35.0475391" lon="-118.1608969"><name>2563</name></wpt><wpt lat="35.0475358" lon="-118.1609029"><name>2564</name></wpt><wpt lat="35.0475306" lon="-118.1609089"><name>2565</name></wpt><wpt lat="35.0475249" lon="-118.1609146"><name>2566</name></wpt><wpt lat="35.0475192" lon="-118.1609211"><name>2567</name></wpt><wpt lat="35.0475127" lon="-118.1609273"><name>2568</name></wpt><wpt lat="35.0475056" lon="-118.1609338"><name>2569</name></wpt><wpt lat="35.0474981" lon="-118.1609408"><name>2570</name></wpt><wpt lat="35.0474911" lon="-118.1609491"><name>2571</name></wpt><wpt lat="35.0474847" lon="-118.1609567"><name>2572</name></wpt><wpt lat="35.0474784" lon="-118.160965"><name>2573</name></wpt><wpt lat="35.0474724" lon="-118.1609741"><name>2574</name></wpt><wpt lat="35.0474658" lon="-118.1609838"><name>2575</name></wpt><wpt lat="35.0474599" lon="-118.1609931"><name>2576</name></wpt><wpt lat="35.0474551" lon="-118.1610033"><name>2577</name></wpt><wpt lat="35.0474525" lon="-118.1610135"><name>2578</name></wpt><wpt lat="35.0474521" lon="-118.1610236"><name>2579</name></wpt><wpt lat="35.0474537" lon="-118.1610333"><name>2580</name></wpt><wpt lat="35.0474565" lon="-118.1610427"><name>2581</name></wpt><wpt lat="35.0474607" lon="-118.1610522"><name>2582</name></wpt><wpt lat="35.0474666" lon="-118.1610611"><name>2583</name></wpt><wpt lat="35.0474743" lon="-118.1610693"><name>2584</name></wpt><wpt lat="35.0474831" lon="-118.1610776"><name>2585</name></wpt><wpt lat="35.0474937" lon="-118.1610849"><name>2586</name></wpt><wpt lat="35.0475054" lon="-118.1610912"><name>2587</name></wpt><wpt lat="35.0475182" lon="-118.1610966"><name>2588</name></wpt><wpt lat="35.0475328" lon="-118.1611013"><name>2589</name></wpt><wpt lat="35.0475496" lon="-118.1611044"><name>2590</name></wpt><wpt lat="35.047568" lon="-118.1611054"><name>2591</name></wpt><wpt lat="35.0475874" lon="-118.1611052"><name>2592</name></wpt><wpt lat="35.0476076" lon="-118.1611039"><name>2593</name></wpt><wpt lat="35.0476289" lon="-118.1611004"><name>2594</name></wpt><wpt lat="35.0476515" lon="-118.1610943"><name>2595</name></wpt><wpt lat="35.0476751" lon="-118.1610861"><name>2596</name></wpt><wpt lat="35.0477" lon="-118.1610759"><name>2597</name></wpt><wpt lat="35.0477257" lon="-118.1610636"><name>2598</name></wpt><wpt lat="35.0477522" lon="-118.1610492"><name>2599</name></wpt><wpt lat="35.0477791" lon="-118.1610317"><name>2600</name></wpt><wpt lat="35.0478063" lon="-118.1610119"><name>2601</name></wpt><wpt lat="35.0478337" lon="-118.1609906"><name>2602</name></wpt><wpt lat="35.047861" lon="-118.1609679"><name>2603</name></wpt><wpt lat="35.0478881" lon="-118.1609427"><name>2604</name></wpt><wpt lat="35.0479156" lon="-118.1609166"><name>2605</name></wpt><wpt lat="35.0479423" lon="-118.1608904"><name>2606</name></wpt><wpt lat="35.0479694" lon="-118.1608652"><name>2607</name></wpt><wpt lat="35.0479963" lon="-118.1608413"><name>2608</name></wpt><wpt lat="35.0480239" lon="-118.1608185"><name>2609</name></wpt><wpt lat="35.0480524" lon="-118.160797"><name>2610</name></wpt><wpt lat="35.0480812" lon="-118.1607778"><name>2611</name></wpt><wpt lat="35.0481102" lon="-118.1607626"><name>2612</name></wpt><wpt lat="35.0481392" lon="-118.1607498"><name>2613</name></wpt><wpt lat="35.0481686" lon="-118.1607411"><name>2614</name></wpt><wpt lat="35.0481965" lon="-118.1607344"><name>2615</name></wpt><wpt lat="35.0482217" lon="-118.160732"><name>2616</name></wpt><wpt lat="35.0482429" lon="-118.1607315"><name>2617</name></wpt><wpt lat="35.0482637" lon="-118.1607338"><name>2618</name></wpt><wpt lat="35.0482814" lon="-118.1607384"><name>2619</name></wpt><wpt lat="35.0482951" lon="-118.160745"><name>2620</name></wpt><wpt lat="35.0483021" lon="-118.1607515"><name>2621</name></wpt><wpt lat="35.0483049" lon="-118.1607582"><name>2622</name></wpt><wpt lat="35.0483034" lon="-118.1607633"><name>2623</name></wpt><wpt lat="35.0483002" lon="-118.1607679"><name>2624</name></wpt><wpt lat="35.0482936" lon="-118.1607699"><name>2625</name></wpt><wpt lat="35.0482854" lon="-118.1607713"><name>2626</name></wpt><wpt lat="35.048276" lon="-118.1607711"><name>2627</name></wpt><wpt lat="35.0482652" lon="-118.1607701"><name>2628</name></wpt><wpt lat="35.0482528" lon="-118.1607687"><name>2629</name></wpt><wpt lat="35.0482393" lon="-118.1607676"><name>2630</name></wpt><wpt lat="35.0482258" lon="-118.1607652"><name>2631</name></wpt><wpt lat="35.0482115" lon="-118.1607624"><name>2632</name></wpt><wpt lat="35.0481953" lon="-118.16076"><name>2633</name></wpt><wpt lat="35.0481785" lon="-118.1607581"><name>2634</name></wpt><wpt lat="35.048162" lon="-118.1607566"><name>2635</name></wpt><wpt lat="35.0481454" lon="-118.160756"><name>2636</name></wpt><wpt lat="35.0481276" lon="-118.1607556"><name>2637</name></wpt><wpt lat="35.0481099" lon="-118.1607546"><name>2638</name></wpt><wpt lat="35.048092" lon="-118.1607543"><name>2639</name></wpt><wpt lat="35.0480738" lon="-118.1607546"><name>2640</name></wpt><wpt lat="35.048056" lon="-118.1607559"><name>2641</name></wpt><wpt lat="35.0480383" lon="-118.160759"><name>2642</name></wpt><wpt lat="35.0480201" lon="-118.1607626"><name>2643</name></wpt><wpt lat="35.0480019" lon="-118.1607664"><name>2644</name></wpt><wpt lat="35.0479837" lon="-118.1607708"><name>2645</name></wpt><wpt lat="35.0479663" lon="-118.1607762"><name>2646</name></wpt><wpt lat="35.0479504" lon="-118.1607836"><name>2647</name></wpt><wpt lat="35.0479346" lon="-118.1607923"><name>2648</name></wpt><wpt lat="35.0479189" lon="-118.1608"><name>2649</name></wpt><wpt lat="35.0479035" lon="-118.1608087"><name>2650</name></wpt><wpt lat="35.0478886" lon="-118.1608197"><name>2651</name></wpt><wpt lat="35.0478762" lon="-118.1608317"><name>2652</name></wpt><wpt lat="35.0478653" lon="-118.1608447"><name>2653</name></wpt><wpt lat="35.0478568" lon="-118.160857"><name>2654</name></wpt><wpt lat="35.0478499" lon="-118.1608698"><name>2655</name></wpt><wpt lat="35.0478439" lon="-118.1608831"><name>2656</name></wpt><wpt lat="35.0478394" lon="-118.1608962"><name>2657</name></wpt><wpt lat="35.0478358" lon="-118.1609093"><name>2658</name></wpt><wpt lat="35.0478332" lon="-118.1609229"><name>2659</name></wpt><wpt lat="35.0478313" lon="-118.1609365"><name>2660</name></wpt><wpt lat="35.0478297" lon="-118.1609503"><name>2661</name></wpt><wpt lat="35.0478292" lon="-118.1609644"><name>2662</name></wpt><wpt lat="35.047829" lon="-118.1609919"><name>2663</name></wpt><wpt lat="35.0478297" lon="-118.161005"><name>2664</name></wpt><wpt lat="35.0478307" lon="-118.1610175"><name>2665</name></wpt><wpt lat="35.0478311" lon="-118.1610288"><name>2666</name></wpt><wpt lat="35.047831" lon="-118.1610398"><name>2667</name></wpt><wpt lat="35.0478312" lon="-118.1610517"><name>2668</name></wpt><wpt lat="35.047832" lon="-118.1610623"><name>2669</name></wpt><wpt lat="35.0478325" lon="-118.1610731"><name>2670</name></wpt><wpt lat="35.0478326" lon="-118.1610841"><name>2671</name></wpt><wpt lat="35.0478321" lon="-118.1610952"><name>2672</name></wpt><wpt lat="35.0478302" lon="-118.1611071"><name>2673</name></wpt><wpt lat="35.0478261" lon="-118.1611182"><name>2674</name></wpt><wpt lat="35.0478189" lon="-118.1611295"><name>2675</name></wpt><wpt lat="35.0478094" lon="-118.1611392"><name>2676</name></wpt><wpt lat="35.0477977" lon="-118.1611465"><name>2677</name></wpt><wpt lat="35.0477856" lon="-118.1611522"><name>2678</name></wpt><wpt lat="35.0477724" lon="-118.1611552"><name>2679</name></wpt><wpt lat="35.0477565" lon="-118.1611557"><name>2680</name></wpt><wpt lat="35.0477397" lon="-118.161154"><name>2681</name></wpt><wpt lat="35.0477212" lon="-118.1611483"><name>2682</name></wpt><wpt lat="35.0477017" lon="-118.1611374"><name>2683</name></wpt><wpt lat="35.0476823" lon="-118.1611205"><name>2684</name></wpt><wpt lat="35.047663" lon="-118.1610989"><name>2685</name></wpt><wpt lat="35.0476439" lon="-118.161073"><name>2686</name></wpt><wpt lat="35.0476259" lon="-118.1610427"><name>2687</name></wpt><wpt lat="35.047609" lon="-118.1610088"><name>2688</name></wpt><wpt lat="35.0475942" lon="-118.160971"><name>2689</name></wpt><wpt lat="35.0475829" lon="-118.1609288"><name>2690</name></wpt><wpt lat="35.0475752" lon="-118.1608838"><name>2691</name></wpt><wpt lat="35.0475722" lon="-118.1608373"><name>2692</name></wpt><wpt lat="35.0475743" lon="-118.1607902"><name>2693</name></wpt><wpt lat="35.0475825" lon="-118.1607448"><name>2694</name></wpt><wpt lat="35.0475963" lon="-118.1607013"><name>2695</name></wpt><wpt lat="35.0476119" lon="-118.1606598"><name>2696</name></wpt><wpt lat="35.0476285" lon="-118.1606199"><name>2697</name></wpt><wpt lat="35.0476456" lon="-118.1605797"><name>2698</name></wpt><wpt lat="35.0476635" lon="-118.1605398"><name>2699</name></wpt><wpt lat="35.047682" lon="-118.1605"><name>2700</name></wpt><wpt lat="35.0477012" lon="-118.1604597"><name>2701</name></wpt><wpt lat="35.0477206" lon="-118.1604193"><name>2702</name></wpt><wpt lat="35.0477406" lon="-118.1603787"><name>2703</name></wpt><wpt lat="35.0477619" lon="-118.1603382"><name>2704</name></wpt><wpt lat="35.0477836" lon="-118.160298"><name>2705</name></wpt><wpt lat="35.0478057" lon="-118.1602586"><name>2706</name></wpt><wpt lat="35.0478283" lon="-118.1602193"><name>2707</name></wpt><wpt lat="35.0478511" lon="-118.1601807"><name>2708</name></wpt><wpt lat="35.0478748" lon="-118.1601433"><name>2709</name></wpt><wpt lat="35.0478984" lon="-118.1601078"><name>2710</name></wpt><wpt lat="35.0479215" lon="-118.1600724"><name>2711</name></wpt><wpt lat="35.0479451" lon="-118.1600368"><name>2712</name></wpt><wpt lat="35.0479689" lon="-118.1600022"><name>2713</name></wpt><wpt lat="35.0479932" lon="-118.1599679"><name>2714</name></wpt><wpt lat="35.0480176" lon="-118.1599338"><name>2715</name></wpt><wpt lat="35.0480419" lon="-118.1599004"><name>2716</name></wpt><wpt lat="35.0480666" lon="-118.1598661"><name>2717</name></wpt><wpt lat="35.0480911" lon="-118.1598306"><name>2718</name></wpt><wpt lat="35.0481163" lon="-118.1597958"><name>2719</name></wpt><wpt lat="35.048142" lon="-118.1597623"><name>2720</name></wpt><wpt lat="35.0481688" lon="-118.1597313"><name>2721</name></wpt><wpt lat="35.0481961" lon="-118.1597014"><name>2722</name></wpt><wpt lat="35.0482227" lon="-118.1596711"><name>2723</name></wpt><wpt lat="35.0482487" lon="-118.1596421"><name>2724</name></wpt><wpt lat="35.0482742" lon="-118.1596149"><name>2725</name></wpt><wpt lat="35.0482992" lon="-118.1595886"><name>2726</name></wpt><wpt lat="35.0483233" lon="-118.1595615"><name>2727</name></wpt><wpt lat="35.0483469" lon="-118.1595335"><name>2728</name></wpt><wpt lat="35.048371" lon="-118.1595058"><name>2729</name></wpt><wpt lat="35.0483962" lon="-118.1594775"><name>2730</name></wpt><wpt lat="35.0484199" lon="-118.1594478"><name>2731</name></wpt><wpt lat="35.0484433" lon="-118.1594179"><name>2732</name></wpt><wpt lat="35.0484658" lon="-118.1593872"><name>2733</name></wpt><wpt lat="35.0484877" lon="-118.1593557"><name>2734</name></wpt><wpt lat="35.0485092" lon="-118.1593229"><name>2735</name></wpt><wpt lat="35.0485306" lon="-118.159288"><name>2736</name></wpt><wpt lat="35.0485505" lon="-118.1592513"><name>2737</name></wpt><wpt lat="35.0485703" lon="-118.1592143"><name>2738</name></wpt><wpt lat="35.0485905" lon="-118.1591772"><name>2739</name></wpt><wpt lat="35.0486087" lon="-118.1591379"><name>2740</name></wpt><wpt lat="35.0486242" lon="-118.1590964"><name>2741</name></wpt><wpt lat="35.048639" lon="-118.1590547"><name>2742</name></wpt><wpt lat="35.0486514" lon="-118.159012"><name>2743</name></wpt><wpt lat="35.0486605" lon="-118.1589676"><name>2744</name></wpt><wpt lat="35.0486656" lon="-118.1589223"><name>2745</name></wpt><wpt lat="35.0486691" lon="-118.158877"><name>2746</name></wpt><wpt lat="35.0486708" lon="-118.1588315"><name>2747</name></wpt><wpt lat="35.0486706" lon="-118.1587853"><name>2748</name></wpt><wpt lat="35.0486689" lon="-118.1587391"><name>2749</name></wpt><wpt lat="35.0486656" lon="-118.158693"><name>2750</name></wpt><wpt lat="35.0486611" lon="-118.158647"><name>2751</name></wpt><wpt lat="35.0486544" lon="-118.1586023"><name>2752</name></wpt><wpt lat="35.048645" lon="-118.1585593"><name>2753</name></wpt><wpt lat="35.048634" lon="-118.1585184"><name>2754</name></wpt><wpt lat="35.0486203" lon="-118.1584816"><name>2755</name></wpt><wpt lat="35.0486045" lon="-118.158448"><name>2756</name></wpt><wpt lat="35.0485873" lon="-118.1584182"><name>2757</name></wpt><wpt lat="35.0485693" lon="-118.1583915"><name>2758</name></wpt><wpt lat="35.0485509" lon="-118.158368"><name>2759</name></wpt><wpt lat="35.0485322" lon="-118.1583489"><name>2760</name></wpt><wpt lat="35.0485129" lon="-118.1583335"><name>2761</name></wpt><wpt lat="35.0484938" lon="-118.1583217"><name>2762</name></wpt><wpt lat="35.0484758" lon="-118.1583142"><name>2763</name></wpt><wpt lat="35.0484594" lon="-118.1583099"><name>2764</name></wpt><wpt lat="35.0484443" lon="-118.1583089"><name>2765</name></wpt><wpt lat="35.0484321" lon="-118.1583112"><name>2766</name></wpt><wpt lat="35.0484237" lon="-118.1583175"><name>2767</name></wpt><wpt lat="35.0484188" lon="-118.1583268"><name>2768</name></wpt><wpt lat="35.0484169" lon="-118.1583359"><name>2769</name></wpt><wpt lat="35.0484176" lon="-118.1583457"><name>2770</name></wpt><wpt lat="35.0484186" lon="-118.1583558"><name>2771</name></wpt><wpt lat="35.0484199" lon="-118.1583658"><name>2772</name></wpt><wpt lat="35.0484205" lon="-118.1583758"><name>2773</name></wpt><wpt lat="35.048421" lon="-118.158386"><name>2774</name></wpt><wpt lat="35.0484233" lon="-118.1583983"><name>2775</name></wpt><wpt lat="35.0484257" lon="-118.1584112"><name>2776</name></wpt><wpt lat="35.0484288" lon="-118.1584245"><name>2777</name></wpt><wpt lat="35.0484327" lon="-118.1584373"><name>2778</name></wpt><wpt lat="35.0484361" lon="-118.15845"><name>2779</name></wpt><wpt lat="35.0484384" lon="-118.1584618"><name>2780</name></wpt><wpt lat="35.0484408" lon="-118.1584725"><name>2781</name></wpt><wpt lat="35.0484439" lon="-118.1584825"><name>2782</name></wpt><wpt lat="35.0484468" lon="-118.1584923"><name>2783</name></wpt><wpt lat="35.0484491" lon="-118.1585017"><name>2784</name></wpt><wpt lat="35.0484516" lon="-118.158511"><name>2785</name></wpt><wpt lat="35.0484544" lon="-118.1585197"><name>2786</name></wpt><wpt lat="35.0484566" lon="-118.1585284"><name>2787</name></wpt><wpt lat="35.0484582" lon="-118.1585366"><name>2788</name></wpt><wpt lat="35.0484599" lon="-118.1585457"><name>2789</name></wpt><wpt lat="35.0484622" lon="-118.1585557"><name>2790</name></wpt><wpt lat="35.0484647" lon="-118.1585665"><name>2791</name></wpt><wpt lat="35.0484669" lon="-118.1585778"><name>2792</name></wpt><wpt lat="35.048468" lon="-118.1585899"><name>2793</name></wpt><wpt lat="35.0484674" lon="-118.158602"><name>2794</name></wpt><wpt lat="35.0484648" lon="-118.1586149"><name>2795</name></wpt><wpt lat="35.0484608" lon="-118.1586279"><name>2796</name></wpt><wpt lat="35.048456" lon="-118.1586411"><name>2797</name></wpt><wpt lat="35.0484504" lon="-118.1586539"><name>2798</name></wpt><wpt lat="35.0484445" lon="-118.1586668"><name>2799</name></wpt><wpt lat="35.0484383" lon="-118.1586796"><name>2800</name></wpt><wpt lat="35.0484316" lon="-118.158692"><name>2801</name></wpt><wpt lat="35.0484241" lon="-118.1587041"><name>2802</name></wpt><wpt lat="35.0484153" lon="-118.1587159"><name>2803</name></wpt><wpt lat="35.0484064" lon="-118.1587276"><name>2804</name></wpt><wpt lat="35.0483981" lon="-118.1587394"><name>2805</name></wpt><wpt lat="35.0483905" lon="-118.1587512"><name>2806</name></wpt><wpt lat="35.0483837" lon="-118.1587633"><name>2807</name></wpt><wpt lat="35.0483762" lon="-118.1587753"><name>2808</name></wpt><wpt lat="35.0483673" lon="-118.1587874"><name>2809</name></wpt><wpt lat="35.0483581" lon="-118.1587997"><name>2810</name></wpt><wpt lat="35.0483503" lon="-118.1588121"><name>2811</name></wpt><wpt lat="35.0483433" lon="-118.1588243"><name>2812</name></wpt><wpt lat="35.0483365" lon="-118.158836"><name>2813</name></wpt><wpt lat="35.0483304" lon="-118.1588476"><name>2814</name></wpt><wpt lat="35.0483245" lon="-118.1588593"><name>2815</name></wpt><wpt lat="35.048319" lon="-118.1588706"><name>2816</name></wpt><wpt lat="35.0483145" lon="-118.158882"><name>2817</name></wpt><wpt lat="35.0483105" lon="-118.1588936"><name>2818</name></wpt><wpt lat="35.0483059" lon="-118.1589056"><name>2819</name></wpt><wpt lat="35.0483007" lon="-118.1589185"><name>2820</name></wpt><wpt lat="35.0482954" lon="-118.1589318"><name>2821</name></wpt><wpt lat="35.0482898" lon="-118.1589457"><name>2822</name></wpt><wpt lat="35.0482854" lon="-118.1589592"><name>2823</name></wpt><wpt lat="35.0482823" lon="-118.1589723"><name>2824</name></wpt><wpt lat="35.0482804" lon="-118.1589855"><name>2825</name></wpt><wpt lat="35.0482788" lon="-118.1589988"><name>2826</name></wpt><wpt lat="35.048277" lon="-118.1590122"><name>2827</name></wpt><wpt lat="35.0482753" lon="-118.1590261"><name>2828</name></wpt><wpt lat="35.0482739" lon="-118.1590401"><name>2829</name></wpt><wpt lat="35.048273" lon="-118.159054"><name>2830</name></wpt><wpt lat="35.0482726" lon="-118.1590682"><name>2831</name></wpt><wpt lat="35.0482734" lon="-118.1591133"><name>2832</name></wpt><wpt lat="35.0482748" lon="-118.1591293"><name>2833</name></wpt><wpt lat="35.0482764" lon="-118.1591452"><name>2834</name></wpt><wpt lat="35.0482783" lon="-118.1591618"><name>2835</name></wpt><wpt lat="35.0482797" lon="-118.1591788"><name>2836</name></wpt><wpt lat="35.0482809" lon="-118.1591959"><name>2837</name></wpt><wpt lat="35.0482822" lon="-118.1592133"><name>2838</name></wpt><wpt lat="35.0482834" lon="-118.1592305"><name>2839</name></wpt><wpt lat="35.0482849" lon="-118.1592477"><name>2840</name></wpt><wpt lat="35.0482858" lon="-118.1592651"><name>2841</name></wpt><wpt lat="35.0482861" lon="-118.1592822"><name>2842</name></wpt><wpt lat="35.0482871" lon="-118.159299"><name>2843</name></wpt><wpt lat="35.0482876" lon="-118.1593155"><name>2844</name></wpt><wpt lat="35.0482882" lon="-118.1593322"><name>2845</name></wpt><wpt lat="35.0482884" lon="-118.1593489"><name>2846</name></wpt><wpt lat="35.0482879" lon="-118.1593652"><name>2847</name></wpt><wpt lat="35.048287" lon="-118.1593819"><name>2848</name></wpt><wpt lat="35.0482861" lon="-118.1593991"><name>2849</name></wpt><wpt lat="35.0482852" lon="-118.1594163"><name>2850</name></wpt><wpt lat="35.0482839" lon="-118.1594334"><name>2851</name></wpt><wpt lat="35.0482824" lon="-118.1594506"><name>2852</name></wpt><wpt lat="35.0482807" lon="-118.1594684"><name>2853</name></wpt><wpt lat="35.0482785" lon="-118.1594864"><name>2854</name></wpt><wpt lat="35.0482756" lon="-118.1595041"><name>2855</name></wpt><wpt lat="35.048272" lon="-118.1595217"><name>2856</name></wpt><wpt lat="35.048268" lon="-118.159539"><name>2857</name></wpt><wpt lat="35.0482638" lon="-118.1595561"><name>2858</name></wpt><wpt lat="35.0482595" lon="-118.159573"><name>2859</name></wpt><wpt lat="35.0482549" lon="-118.1595889"><name>2860</name></wpt><wpt lat="35.0482507" lon="-118.1596049"><name>2861</name></wpt><wpt lat="35.0482467" lon="-118.1596203"><name>2862</name></wpt><wpt lat="35.048243" lon="-118.1596351"><name>2863</name></wpt><wpt lat="35.04824" lon="-118.1596495"><name>2864</name></wpt><wpt lat="35.0482373" lon="-118.1596637"><name>2865</name></wpt><wpt lat="35.0482352" lon="-118.1596778"><name>2866</name></wpt><wpt lat="35.0482336" lon="-118.1596926"><name>2867</name></wpt><wpt lat="35.048232" lon="-118.159708"><name>2868</name></wpt><wpt lat="35.0482301" lon="-118.1597241"><name>2869</name></wpt><wpt lat="35.0482283" lon="-118.1597408"><name>2870</name></wpt><wpt lat="35.048226" lon="-118.1597582"><name>2871</name></wpt><wpt lat="35.0482231" lon="-118.1597764"><name>2872</name></wpt><wpt lat="35.0482197" lon="-118.1597952"><name>2873</name></wpt><wpt lat="35.0482161" lon="-118.1598141"><name>2874</name></wpt><wpt lat="35.0482127" lon="-118.1598322"><name>2875</name></wpt><wpt lat="35.0482095" lon="-118.1598499"><name>2876</name></wpt><wpt lat="35.0482062" lon="-118.159867"><name>2877</name></wpt><wpt lat="35.0482029" lon="-118.1598836"><name>2878</name></wpt><wpt lat="35.0481998" lon="-118.1599002"><name>2879</name></wpt><wpt lat="35.0481967" lon="-118.1599167"><name>2880</name></wpt><wpt lat="35.0481938" lon="-118.1599331"><name>2881</name></wpt><wpt lat="35.0481915" lon="-118.1599495"><name>2882</name></wpt><wpt lat="35.0481898" lon="-118.1599653"><name>2883</name></wpt><wpt lat="35.0481883" lon="-118.1599811"><name>2884</name></wpt><wpt lat="35.0481864" lon="-118.159997"><name>2885</name></wpt><wpt lat="35.0481847" lon="-118.1600125"><name>2886</name></wpt><wpt lat="35.0481837" lon="-118.1600288"><name>2887</name></wpt><wpt lat="35.0481833" lon="-118.160045"><name>2888</name></wpt><wpt lat="35.0481823" lon="-118.1600618"><name>2889</name></wpt><wpt lat="35.0481812" lon="-118.1600794"><name>2890</name></wpt><wpt lat="35.04818" lon="-118.1600978"><name>2891</name></wpt><wpt lat="35.0481791" lon="-118.1601163"><name>2892</name></wpt><wpt lat="35.048178" lon="-118.1601341"><name>2893</name></wpt><wpt lat="35.048176" lon="-118.1601523"><name>2894</name></wpt><wpt lat="35.0481739" lon="-118.1601694"><name>2895</name></wpt><wpt lat="35.0481718" lon="-118.160186"><name>2896</name></wpt><wpt lat="35.0481694" lon="-118.1602026"><name>2897</name></wpt><wpt lat="35.0481673" lon="-118.1602188"><name>2898</name></wpt><wpt lat="35.0481658" lon="-118.1602342"><name>2899</name></wpt><wpt lat="35.0481645" lon="-118.1602487"><name>2900</name></wpt><wpt lat="35.0481626" lon="-118.1602633"><name>2901</name></wpt><wpt lat="35.0481608" lon="-118.1602774"><name>2902</name></wpt><wpt lat="35.0481592" lon="-118.1602912"><name>2903</name></wpt><wpt lat="35.0481573" lon="-118.1603049"><name>2904</name></wpt><wpt lat="35.0481558" lon="-118.1603186"><name>2905</name></wpt><wpt lat="35.048156" lon="-118.1603459"><name>2906</name></wpt><wpt lat="35.0481569" lon="-118.1603597"><name>2907</name></wpt><wpt lat="35.0481583" lon="-118.1603732"><name>2908</name></wpt><wpt lat="35.0481602" lon="-118.1603861"><name>2909</name></wpt><wpt lat="35.0481637" lon="-118.1603979"><name>2910</name></wpt><wpt lat="35.0481672" lon="-118.1604095"><name>2911</name></wpt><wpt lat="35.04817" lon="-118.1604213"><name>2912</name></wpt><wpt lat="35.0481718" lon="-118.1604336"><name>2913</name></wpt><wpt lat="35.0481737" lon="-118.1604465"><name>2914</name></wpt><wpt lat="35.0481756" lon="-118.1604602"><name>2915</name></wpt><wpt lat="35.0481772" lon="-118.1604738"><name>2916</name></wpt><wpt lat="35.0481783" lon="-118.1604869"><name>2917</name></wpt><wpt lat="35.0481789" lon="-118.1604998"><name>2918</name></wpt><wpt lat="35.0481796" lon="-118.1605127"><name>2919</name></wpt><wpt lat="35.0481802" lon="-118.1605254"><name>2920</name></wpt><wpt lat="35.0481804" lon="-118.1605377"><name>2921</name></wpt><wpt lat="35.04818" lon="-118.1605619"><name>2922</name></wpt><wpt lat="35.0481795" lon="-118.1605742"><name>2923</name></wpt><wpt lat="35.0481786" lon="-118.1605879"><name>2924</name></wpt><wpt lat="35.0481759" lon="-118.1606028"><name>2925</name></wpt><wpt lat="35.0481723" lon="-118.1606178"><name>2926</name></wpt><wpt lat="35.0481687" lon="-118.1606322"><name>2927</name></wpt><wpt lat="35.0481644" lon="-118.1606437"><name>2928</name></wpt><wpt lat="35.0481602" lon="-118.1606496"><name>2929</name></wpt><wpt lat="35.0481569" lon="-118.1606492"><name>2930</name></wpt><wpt lat="35.048156" lon="-118.1606408"><name>2931</name></wpt><wpt lat="35.0481569" lon="-118.1606247"><name>2932</name></wpt><wpt lat="35.0481584" lon="-118.1606024"><name>2933</name></wpt><wpt lat="35.0481602" lon="-118.1605752"><name>2934</name></wpt><wpt lat="35.0481621" lon="-118.160544"><name>2935</name></wpt><wpt lat="35.0481636" lon="-118.1605105"><name>2936</name></wpt><wpt lat="35.0481651" lon="-118.1604758"><name>2937</name></wpt><wpt lat="35.0481677" lon="-118.1604399"><name>2938</name></wpt><wpt lat="35.0481709" lon="-118.1604031"><name>2939</name></wpt><wpt lat="35.048174" lon="-118.1603662"><name>2940</name></wpt><wpt lat="35.0481767" lon="-118.1603321"><name>2941</name></wpt><wpt lat="35.0481782" lon="-118.1603012"><name>2942</name></wpt><wpt lat="35.0481793" lon="-118.160277"><name>2943</name></wpt><wpt lat="35.0481807" lon="-118.1602606"><name>2944</name></wpt><wpt lat="35.048182" lon="-118.1602517"><name>2945</name></wpt><wpt lat="35.0481836" lon="-118.1602509"><name>2946</name></wpt><wpt lat="35.048186" lon="-118.1602572"><name>2947</name></wpt><wpt lat="35.0481902" lon="-118.1602681"><name>2948</name></wpt><wpt lat="35.0481958" lon="-118.1602811"><name>2949</name></wpt><wpt lat="35.0482021" lon="-118.1602943"><name>2950</name></wpt><wpt lat="35.0482093" lon="-118.1603063"><name>2951</name></wpt><wpt lat="35.0482158" lon="-118.1603152"><name>2952</name></wpt><wpt lat="35.0482208" lon="-118.1603196"><name>2953</name></wpt><wpt lat="35.0482239" lon="-118.160318"><name>2954</name></wpt><wpt lat="35.0482258" lon="-118.16031"><name>2955</name></wpt><wpt lat="35.0482277" lon="-118.1602959"><name>2956</name></wpt><wpt lat="35.0482318" lon="-118.1602754"><name>2957</name></wpt><wpt lat="35.0482365" lon="-118.1602516"><name>2958</name></wpt><wpt lat="35.0482421" lon="-118.1602256"><name>2959</name></wpt><wpt lat="35.0482484" lon="-118.1601978"><name>2960</name></wpt><wpt lat="35.048255" lon="-118.1601679"><name>2961</name></wpt><wpt lat="35.0482629" lon="-118.1601363"><name>2962</name></wpt><wpt lat="35.0482718" lon="-118.1601033"><name>2963</name></wpt><wpt lat="35.0482809" lon="-118.1600693"><name>2964</name></wpt><wpt lat="35.048289" lon="-118.1600358"><name>2965</name></wpt><wpt lat="35.0482935" lon="-118.1600053"><name>2966</name></wpt><wpt lat="35.0482939" lon="-118.1599797"><name>2967</name></wpt><wpt lat="35.0482901" lon="-118.1599611"><name>2968</name></wpt><wpt lat="35.0482825" lon="-118.1599501"><name>2969</name></wpt><wpt lat="35.0482725" lon="-118.1599468"><name>2970</name></wpt><wpt lat="35.048261" lon="-118.1599494"><name>2971</name></wpt><wpt lat="35.0482496" lon="-118.1599571"><name>2972</name></wpt><wpt lat="35.0482393" lon="-118.1599675"><name>2973</name></wpt><wpt lat="35.0482299" lon="-118.1599794"><name>2974</name></wpt><wpt lat="35.0482215" lon="-118.1599916"><name>2975</name></wpt><wpt lat="35.0482136" lon="-118.1600043"><name>2976</name></wpt><wpt lat="35.0482058" lon="-118.1600179"><name>2977</name></wpt><wpt lat="35.0481975" lon="-118.1600312"><name>2978</name></wpt><wpt lat="35.0481888" lon="-118.1600444"><name>2979</name></wpt><wpt lat="35.0481799" lon="-118.1600575"><name>2980</name></wpt><wpt lat="35.0481726" lon="-118.1600708"><name>2981</name></wpt><wpt lat="35.0481672" lon="-118.1600844"><name>2982</name></wpt><wpt lat="35.0481623" lon="-118.1600976"><name>2983</name></wpt><wpt lat="35.0481569" lon="-118.1601103"><name>2984</name></wpt><wpt lat="35.0481517" lon="-118.1601233"><name>2985</name></wpt><wpt lat="35.0481469" lon="-118.160136"><name>2986</name></wpt><wpt lat="35.0481422" lon="-118.1601488"><name>2987</name></wpt><wpt lat="35.0481373" lon="-118.1601622"><name>2988</name></wpt><wpt lat="35.0481322" lon="-118.1601749"><name>2989</name></wpt><wpt lat="35.048127" lon="-118.1601878"><name>2990</name></wpt><wpt lat="35.0481217" lon="-118.1602013"><name>2991</name></wpt><wpt lat="35.0481165" lon="-118.160214"><name>2992</name></wpt><wpt lat="35.0481104" lon="-118.1602254"><name>2993</name></wpt><wpt lat="35.0481038" lon="-118.160236"><name>2994</name></wpt><wpt lat="35.0480977" lon="-118.1602467"><name>2995</name></wpt><wpt lat="35.0480909" lon="-118.1602571"><name>2996</name></wpt><wpt lat="35.0480815" lon="-118.1602643"><name>2997</name></wpt><wpt lat="35.0480724" lon="-118.1602717"><name>2998</name></wpt><wpt lat="35.0480637" lon="-118.1602795"><name>2999</name></wpt><wpt lat="35.0480545" lon="-118.160287"><name>3000</name></wpt><wpt lat="35.0480455" lon="-118.1602977"><name>3001</name></wpt><wpt lat="35.0480351" lon="-118.1603095"><name>3002</name></wpt><wpt lat="35.0480234" lon="-118.1603174"><name>3003</name></wpt><wpt lat="35.0480103" lon="-118.1603263"><name>3004</name></wpt><wpt lat="35.0479961" lon="-118.1603351"><name>3005</name></wpt><wpt lat="35.0479811" lon="-118.1603437"><name>3006</name></wpt><wpt lat="35.0479664" lon="-118.1603512"><name>3007</name></wpt><wpt lat="35.0479525" lon="-118.1603587"><name>3008</name></wpt><wpt lat="35.0479391" lon="-118.1603672"><name>3009</name></wpt><wpt lat="35.0479263" lon="-118.160377"><name>3010</name></wpt><wpt lat="35.0479151" lon="-118.1603857"><name>3011</name></wpt><wpt lat="35.0479048" lon="-118.1603954"><name>3012</name></wpt><wpt lat="35.0478964" lon="-118.1604064"><name>3013</name></wpt><wpt lat="35.0478886" lon="-118.1604187"><name>3014</name></wpt><wpt lat="35.0478824" lon="-118.1604321"><name>3015</name></wpt><wpt lat="35.0478788" lon="-118.1604466"><name>3016</name></wpt><wpt lat="35.0478772" lon="-118.1604615"><name>3017</name></wpt><wpt lat="35.047875" lon="-118.1604774"><name>3018</name></wpt><wpt lat="35.0478723" lon="-118.1604936"><name>3019</name></wpt><wpt lat="35.0478695" lon="-118.1605108"><name>3020</name></wpt><wpt lat="35.0478677" lon="-118.1605279"><name>3021</name></wpt><wpt lat="35.0478662" lon="-118.1605459"><name>3022</name></wpt><wpt lat="35.0478656" lon="-118.1605633"><name>3023</name></wpt><wpt lat="35.047867" lon="-118.1605796"><name>3024</name></wpt><wpt lat="35.0478698" lon="-118.1605951"><name>3025</name></wpt><wpt lat="35.0478723" lon="-118.1606109"><name>3026</name></wpt><wpt lat="35.0478752" lon="-118.160626"><name>3027</name></wpt><wpt lat="35.0478776" lon="-118.160641"><name>3028</name></wpt><wpt lat="35.0478807" lon="-118.1606559"><name>3029</name></wpt><wpt lat="35.0478838" lon="-118.1606718"><name>3030</name></wpt><wpt lat="35.0478865" lon="-118.1606877"><name>3031</name></wpt><wpt lat="35.0478886" lon="-118.1607029"><name>3032</name></wpt><wpt lat="35.0478904" lon="-118.1607172"><name>3033</name></wpt><wpt lat="35.0478923" lon="-118.1607307"><name>3034</name></wpt><wpt lat="35.0478932" lon="-118.1607433"><name>3035</name></wpt><wpt lat="35.0478941" lon="-118.1607546"><name>3036</name></wpt><wpt lat="35.0478951" lon="-118.1607661"><name>3037</name></wpt><wpt lat="35.0478956" lon="-118.1607784"><name>3038</name></wpt><wpt lat="35.0478963" lon="-118.1607906"><name>3039</name></wpt><wpt lat="35.0478962" lon="-118.1608029"><name>3040</name></wpt><wpt lat="35.0478951" lon="-118.1608151"><name>3041</name></wpt><wpt lat="35.0478941" lon="-118.160827"><name>3042</name></wpt><wpt lat="35.0478936" lon="-118.1608395"><name>3043</name></wpt><wpt lat="35.0478932" lon="-118.1608526"><name>3044</name></wpt><wpt lat="35.0478921" lon="-118.1608657"><name>3045</name></wpt><wpt lat="35.0478929" lon="-118.1608919"><name>3046</name></wpt><wpt lat="35.0478919" lon="-118.1609055"><name>3047</name></wpt><wpt lat="35.0478895" lon="-118.160919"><name>3048</name></wpt><wpt lat="35.0478871" lon="-118.1609327"><name>3049</name></wpt><wpt lat="35.0478845" lon="-118.1609474"><name>3050</name></wpt><wpt lat="35.047881" lon="-118.1609619"><name>3051</name></wpt><wpt lat="35.0478758" lon="-118.1609762"><name>3052</name></wpt><wpt lat="35.0478702" lon="-118.1609906"><name>3053</name></wpt><wpt lat="35.0478636" lon="-118.1610038"><name>3054</name></wpt><wpt lat="35.047857" lon="-118.1610163"><name>3055</name></wpt><wpt lat="35.0478508" lon="-118.1610283"><name>3056</name></wpt><wpt lat="35.0478446" lon="-118.1610401"><name>3057</name></wpt><wpt lat="35.0478378" lon="-118.1610523"><name>3058</name></wpt><wpt lat="35.0478307" lon="-118.1610635"><name>3059</name></wpt><wpt lat="35.0478237" lon="-118.1610747"><name>3060</name></wpt><wpt lat="35.0478175" lon="-118.1610855"><name>3061</name></wpt><wpt lat="35.0478109" lon="-118.1610957"><name>3062</name></wpt><wpt lat="35.047804" lon="-118.1611054"><name>3063</name></wpt><wpt lat="35.0477962" lon="-118.1611146"><name>3064</name></wpt><wpt lat="35.0477868" lon="-118.1611237"><name>3065</name></wpt><wpt lat="35.0477757" lon="-118.1611324"><name>3066</name></wpt><wpt lat="35.0477636" lon="-118.1611399"><name>3067</name></wpt><wpt lat="35.0477515" lon="-118.1611459"><name>3068</name></wpt><wpt lat="35.0477386" lon="-118.1611507"><name>3069</name></wpt><wpt lat="35.0477253" lon="-118.1611541"><name>3070</name></wpt><wpt lat="35.0477126" lon="-118.1611567"><name>3071</name></wpt><wpt lat="35.0476997" lon="-118.1611589"><name>3072</name></wpt><wpt lat="35.0476862" lon="-118.1611608"><name>3073</name></wpt><wpt lat="35.0476727" lon="-118.1611622"><name>3074</name></wpt><wpt lat="35.0476597" lon="-118.1611638"><name>3075</name></wpt><wpt lat="35.0476477" lon="-118.1611661"><name>3076</name></wpt><wpt lat="35.0476358" lon="-118.1611689"><name>3077</name></wpt><wpt lat="35.0476235" lon="-118.1611719"><name>3078</name></wpt><wpt lat="35.0476112" lon="-118.1611753"><name>3079</name></wpt><wpt lat="35.0475989" lon="-118.1611783"><name>3080</name></wpt><wpt lat="35.0475858" lon="-118.1611822"><name>3081</name></wpt><wpt lat="35.0475726" lon="-118.1611869"><name>3082</name></wpt><wpt lat="35.0475599" lon="-118.1611915"><name>3083</name></wpt><wpt lat="35.0475468" lon="-118.1611953"><name>3084</name></wpt><wpt lat="35.0475336" lon="-118.1611986"><name>3085</name></wpt><wpt lat="35.0475207" lon="-118.1612023"><name>3086</name></wpt><wpt lat="35.0475081" lon="-118.1612058"><name>3087</name></wpt><wpt lat="35.0474959" lon="-118.1612091"><name>3088</name></wpt><wpt lat="35.047484" lon="-118.1612117"><name>3089</name></wpt><wpt lat="35.0474724" lon="-118.1612142"><name>3090</name></wpt><wpt lat="35.0474609" lon="-118.1612166"><name>3091</name></wpt><wpt lat="35.0474501" lon="-118.1612192"><name>3092</name></wpt><wpt lat="35.04744" lon="-118.1612216"><name>3093</name></wpt><wpt lat="35.0474302" lon="-118.1612238"><name>3094</name></wpt><wpt lat="35.0474206" lon="-118.1612259"><name>3095</name></wpt><wpt lat="35.0474113" lon="-118.1612286"><name>3096</name></wpt><wpt lat="35.0474022" lon="-118.1612311"><name>3097</name></wpt><wpt lat="35.0473934" lon="-118.1612329"><name>3098</name></wpt><wpt lat="35.0473855" lon="-118.1612339"><name>3099</name></wpt><wpt lat="35.0473784" lon="-118.1612353"><name>3100</name></wpt><wpt lat="35.0473718" lon="-118.1612371"><name>3101</name></wpt><wpt lat="35.0473657" lon="-118.1612395"><name>3102</name></wpt><wpt lat="35.0473604" lon="-118.1612432"><name>3103</name></wpt><wpt lat="35.0473556" lon="-118.1612481"><name>3104</name></wpt><wpt lat="35.0473502" lon="-118.1612535"><name>3105</name></wpt><wpt lat="35.0473443" lon="-118.1612597"><name>3106</name></wpt><wpt lat="35.0473388" lon="-118.1612668"><name>3107</name></wpt><wpt lat="35.0473345" lon="-118.1612741"><name>3108</name></wpt><wpt lat="35.0473305" lon="-118.1612814"><name>3109</name></wpt><wpt lat="35.047326" lon="-118.1612887"><name>3110</name></wpt><wpt lat="35.0473214" lon="-118.1612963"><name>3111</name></wpt><wpt lat="35.0473173" lon="-118.1613034"><name>3112</name></wpt><wpt lat="35.0473128" lon="-118.1613106"><name>3113</name></wpt><wpt lat="35.0473087" lon="-118.1613179"><name>3114</name></wpt><wpt lat="35.0473061" lon="-118.1613257"><name>3115</name></wpt><wpt lat="35.0473041" lon="-118.1613335"><name>3116</name></wpt><wpt lat="35.0473028" lon="-118.1613413"><name>3117</name></wpt><wpt lat="35.0473018" lon="-118.1613492"><name>3118</name></wpt><wpt lat="35.0473014" lon="-118.1613573"><name>3119</name></wpt><wpt lat="35.0473012" lon="-118.1613659"><name>3120</name></wpt><wpt lat="35.0473003" lon="-118.1613752"><name>3121</name></wpt><wpt lat="35.0472993" lon="-118.1613854"><name>3122</name></wpt><wpt lat="35.0472987" lon="-118.1613967"><name>3123</name></wpt><wpt lat="35.0472983" lon="-118.1614082"><name>3124</name></wpt><wpt lat="35.0472966" lon="-118.1614199"><name>3125</name></wpt><wpt lat="35.0472949" lon="-118.1614315"><name>3126</name></wpt><wpt lat="35.0472934" lon="-118.1614431"><name>3127</name></wpt><wpt lat="35.0472916" lon="-118.1614546"><name>3128</name></wpt><wpt lat="35.0472902" lon="-118.161466"><name>3129</name></wpt><wpt lat="35.0472891" lon="-118.1614766"><name>3130</name></wpt><wpt lat="35.0472873" lon="-118.1614871"><name>3131</name></wpt><wpt lat="35.047286" lon="-118.1614975"><name>3132</name></wpt><wpt lat="35.0472842" lon="-118.1615075"><name>3133</name></wpt><wpt lat="35.0472824" lon="-118.1615176"><name>3134</name></wpt><wpt lat="35.0472805" lon="-118.1615275"><name>3135</name></wpt><wpt lat="35.0472788" lon="-118.1615371"><name>3136</name></wpt><wpt lat="35.0472775" lon="-118.1615464"><name>3137</name></wpt><wpt lat="35.0472768" lon="-118.1615548"><name>3138</name></wpt><wpt lat="35.0472758" lon="-118.1615628"><name>3139</name></wpt><wpt lat="35.0472747" lon="-118.161571"><name>3140</name></wpt><wpt lat="35.0472737" lon="-118.1615791"><name>3141</name></wpt><wpt lat="35.0472722" lon="-118.1615875"><name>3142</name></wpt><wpt lat="35.0472709" lon="-118.1615958"><name>3143</name></wpt><wpt lat="35.0472698" lon="-118.1616044"><name>3144</name></wpt><wpt lat="35.0472692" lon="-118.1616133"><name>3145</name></wpt><wpt lat="35.0472686" lon="-118.1616223"><name>3146</name></wpt><wpt lat="35.0472679" lon="-118.1616315"><name>3147</name></wpt><wpt lat="35.0472677" lon="-118.1616405"><name>3148</name></wpt><wpt lat="35.0472667" lon="-118.1616497"><name>3149</name></wpt><wpt lat="35.0472663" lon="-118.1616588"><name>3150</name></wpt><wpt lat="35.0472671" lon="-118.1616677"><name>3151</name></wpt><wpt lat="35.0472693" lon="-118.1616762"><name>3152</name></wpt><wpt lat="35.0472726" lon="-118.1616845"><name>3153</name></wpt><wpt lat="35.0472778" lon="-118.161692"><name>3154</name></wpt><wpt lat="35.047285" lon="-118.1616991"><name>3155</name></wpt><wpt lat="35.047294" lon="-118.1617058"><name>3156</name></wpt><wpt lat="35.0473052" lon="-118.1617114"><name>3157</name></wpt><wpt lat="35.0473192" lon="-118.1617154"><name>3158</name></wpt><wpt lat="35.0473355" lon="-118.1617173"><name>3159</name></wpt><wpt lat="35.0473546" lon="-118.1617163"><name>3160</name></wpt><wpt lat="35.0473765" lon="-118.161712"><name>3161</name></wpt><wpt lat="35.0473994" lon="-118.1617049"><name>3162</name></wpt><wpt lat="35.0474238" lon="-118.1616945"><name>3163</name></wpt><wpt lat="35.04745" lon="-118.1616804"><name>3164</name></wpt><wpt lat="35.0474766" lon="-118.1616625"><name>3165</name></wpt><wpt lat="35.0475037" lon="-118.1616405"><name>3166</name></wpt><wpt lat="35.0475308" lon="-118.1616134"><name>3167</name></wpt><wpt lat="35.0475572" lon="-118.1615823"><name>3168</name></wpt><wpt lat="35.0475822" lon="-118.1615466"><name>3169</name></wpt><wpt lat="35.0476055" lon="-118.1615061"><name>3170</name></wpt><wpt lat="35.047626" lon="-118.1614606"><name>3171</name></wpt><wpt lat="35.047644" lon="-118.1614118"><name>3172</name></wpt><wpt lat="35.0476586" lon="-118.1613614"><name>3173</name></wpt><wpt lat="35.0476687" lon="-118.1613094"><name>3174</name></wpt><wpt lat="35.0476736" lon="-118.1612568"><name>3175</name></wpt><wpt lat="35.0476755" lon="-118.1612041"><name>3176</name></wpt><wpt lat="35.0476752" lon="-118.1611519"><name>3177</name></wpt><wpt lat="35.0476737" lon="-118.1611003"><name>3178</name></wpt><wpt lat="35.0476726" lon="-118.1610495"><name>3179</name></wpt><wpt lat="35.0476722" lon="-118.1609984"><name>3180</name></wpt><wpt lat="35.0476719" lon="-118.1609461"><name>3181</name></wpt><wpt lat="35.0476716" lon="-118.1608932"><name>3182</name></wpt><wpt lat="35.0476725" lon="-118.1607866"><name>3183</name></wpt><wpt lat="35.0476745" lon="-118.1607322"><name>3184</name></wpt><wpt lat="35.0476769" lon="-118.1606772"><name>3185</name></wpt><wpt lat="35.0476807" lon="-118.1606231"><name>3186</name></wpt><wpt lat="35.0476847" lon="-118.1605696"><name>3187</name></wpt><wpt lat="35.0476887" lon="-118.1605183"><name>3188</name></wpt><wpt lat="35.0476935" lon="-118.1604724"><name>3189</name></wpt><wpt lat="35.0476982" lon="-118.1604327"><name>3190</name></wpt><wpt lat="35.0477027" lon="-118.1603978"><name>3191</name></wpt><wpt lat="35.0477062" lon="-118.1603657"><name>3192</name></wpt><wpt lat="35.0477082" lon="-118.1603383"><name>3193</name></wpt><wpt lat="35.0477092" lon="-118.1603148"><name>3194</name></wpt><wpt lat="35.0477096" lon="-118.160293"><name>3195</name></wpt><wpt lat="35.047709" lon="-118.1602737"><name>3196</name></wpt><wpt lat="35.0477088" lon="-118.1602544"><name>3197</name></wpt><wpt lat="35.0477076" lon="-118.1602366"><name>3198</name></wpt><wpt lat="35.0477052" lon="-118.1602176"><name>3199</name></wpt><wpt lat="35.0477027" lon="-118.1601968"><name>3200</name></wpt><wpt lat="35.0476998" lon="-118.1601742"><name>3201</name></wpt><wpt lat="35.0476968" lon="-118.1601492"><name>3202</name></wpt><wpt lat="35.047694" lon="-118.1601223"><name>3203</name></wpt><wpt lat="35.0476909" lon="-118.160093"><name>3204</name></wpt><wpt lat="35.0476885" lon="-118.1600604"><name>3205</name></wpt><wpt lat="35.0476871" lon="-118.1600245"><name>3206</name></wpt><wpt lat="35.0476889" lon="-118.1599448"><name>3207</name></wpt><wpt lat="35.0476929" lon="-118.1599021"><name>3208</name></wpt><wpt lat="35.0476981" lon="-118.1598585"><name>3209</name></wpt><wpt lat="35.0477067" lon="-118.1598137"><name>3210</name></wpt><wpt lat="35.0477212" lon="-118.1597679"><name>3211</name></wpt><wpt lat="35.0477396" lon="-118.1597216"><name>3212</name></wpt><wpt lat="35.0477598" lon="-118.1596755"><name>3213</name></wpt><wpt lat="35.0477808" lon="-118.1596294"><name>3214</name></wpt><wpt lat="35.0478019" lon="-118.1595833"><name>3215</name></wpt><wpt lat="35.0478223" lon="-118.159537"><name>3216</name></wpt><wpt lat="35.0478424" lon="-118.1594916"><name>3217</name></wpt><wpt lat="35.0478623" lon="-118.1594459"><name>3218</name></wpt><wpt lat="35.0478814" lon="-118.1593999"><name>3219</name></wpt><wpt lat="35.0478984" lon="-118.1593519"><name>3220</name></wpt><wpt lat="35.0479121" lon="-118.1593015"><name>3221</name></wpt><wpt lat="35.0479211" lon="-118.1592484"><name>3222</name></wpt><wpt lat="35.0479245" lon="-118.1591947"><name>3223</name></wpt><wpt lat="35.0479203" lon="-118.1591428"><name>3224</name></wpt><wpt lat="35.0479089" lon="-118.1590953"><name>3225</name></wpt><wpt lat="35.0478927" lon="-118.1590537"><name>3226</name></wpt><wpt lat="35.047873" lon="-118.1590183"><name>3227</name></wpt><wpt lat="35.0478511" lon="-118.1589891"><name>3228</name></wpt><wpt lat="35.0478287" lon="-118.1589655"><name>3229</name></wpt><wpt lat="35.0478064" lon="-118.1589467"><name>3230</name></wpt><wpt lat="35.0477847" lon="-118.1589343"><name>3231</name></wpt><wpt lat="35.0477639" lon="-118.1589285"><name>3232</name></wpt><wpt lat="35.0477438" lon="-118.1589252"><name>3233</name></wpt><wpt lat="35.0477255" lon="-118.1589253"><name>3234</name></wpt><wpt lat="35.0477132" lon="-118.1589267"><name>3235</name></wpt><wpt lat="35.0477083" lon="-118.1589258"><name>3236</name></wpt><wpt lat="35.0477075" lon="-118.1589246"><name>3237</name></wpt><wpt lat="35.0477077" lon="-118.1589239"><name>3238</name></wpt><wpt lat="35.047708" lon="-118.1589221"><name>3239</name></wpt><wpt lat="35.0477083" lon="-118.1589202"><name>3240</name></wpt><wpt lat="35.0477088" lon="-118.1589189"><name>3241</name></wpt><wpt lat="35.0477093" lon="-118.1589173"><name>3242</name></wpt><wpt lat="35.0477094" lon="-118.1589163"><name>3243</name></wpt><wpt lat="35.0477101" lon="-118.1589146"><name>3244</name></wpt><wpt lat="35.0477106" lon="-118.1589127"><name>3245</name></wpt><wpt lat="35.0477116" lon="-118.1589111"><name>3246</name></wpt><wpt lat="35.0477127" lon="-118.1589099"><name>3247</name></wpt><wpt lat="35.0477137" lon="-118.1589085"><name>3248</name></wpt><wpt lat="35.0477147" lon="-118.1589072"><name>3249</name></wpt><wpt lat="35.0477155" lon="-118.1589063"><name>3250</name></wpt><wpt lat="35.0477164" lon="-118.1589052"><name>3251</name></wpt><wpt lat="35.0477166" lon="-118.1589045"><name>3252</name></wpt><wpt lat="35.0477168" lon="-118.1589039"><name>3253</name></wpt><wpt lat="35.047717" lon="-118.1589034"><name>3254</name></wpt><wpt lat="35.0477171" lon="-118.1589032"><name>3255</name></wpt><wpt lat="35.047717" lon="-118.1589026"><name>3256</name></wpt><wpt lat="35.0477168" lon="-118.158902"><name>3257</name></wpt><wpt lat="35.0477166" lon="-118.1589016"><name>3258</name></wpt><wpt lat="35.047716" lon="-118.1589013"><name>3259</name></wpt><wpt lat="35.0477156" lon="-118.1589009"><name>3260</name></wpt><wpt lat="35.0477157" lon="-118.1589008"><name>3261</name></wpt><wpt lat="35.0477154" lon="-118.1589009"><name>3262</name></wpt><wpt lat="35.0477149" lon="-118.1589008"><name>3263</name></wpt><wpt lat="35.0477147" lon="-118.1589009"><name>3264</name></wpt><wpt lat="35.0477145" lon="-118.1589008"><name>3265</name></wpt><wpt lat="35.0477144" lon="-118.1589006"><name>3266</name></wpt><wpt lat="35.0477143" lon="-118.1589004"><name>3267</name></wpt><wpt lat="35.0477141" lon="-118.1589003"><name>3268</name></wpt><wpt lat="35.0477136" lon="-118.1588998"><name>3269</name></wpt><wpt lat="35.0477133" lon="-118.1588992"><name>3270</name></wpt><wpt lat="35.0477131" lon="-118.1588985"><name>3271</name></wpt><wpt lat="35.0477136" lon="-118.158898"><name>3272</name></wpt><wpt lat="35.0477143" lon="-118.1588983"><name>3273</name></wpt><wpt lat="35.0477149" lon="-118.1588984"><name>3274</name></wpt><wpt lat="35.0477152" lon="-118.1588985"><name>3275</name></wpt><wpt lat="35.0477156" lon="-118.1588987"><name>3276</name></wpt><wpt lat="35.0477165" lon="-118.1588986"><name>3277</name></wpt><wpt lat="35.047717" lon="-118.1588985"><name>3278</name></wpt><wpt lat="35.0477171" lon="-118.1588986"><name>3279</name></wpt><wpt lat="35.0477174" lon="-118.1588984"><name>3280</name></wpt><wpt lat="35.0477176" lon="-118.1588982"><name>3281</name></wpt><wpt lat="35.0477178" lon="-118.1588981"><name>3282</name></wpt><wpt lat="35.047718" lon="-118.158898"><name>3283</name></wpt><wpt lat="35.0477182" lon="-118.1588978"><name>3284</name></wpt><wpt lat="35.0477184" lon="-118.1588977"><name>3285</name></wpt><wpt lat="35.0477186" lon="-118.1588976"><name>3286</name></wpt><wpt lat="35.0477188" lon="-118.1588975"><name>3287</name></wpt><wpt lat="35.0477191" lon="-118.1588976"><name>3288</name></wpt><wpt lat="35.0477193" lon="-118.1588975"><name>3289</name></wpt><wpt lat="35.0477194" lon="-118.1588973"><name>3290</name></wpt><wpt lat="35.0477198" lon="-118.1588972"><name>3291</name></wpt><wpt lat="35.04772" lon="-118.1588971"><name>3292</name></wpt><wpt lat="35.0477203" lon="-118.1588969"><name>3293</name></wpt><wpt lat="35.0477206" lon="-118.1588971"><name>3294</name></wpt><wpt lat="35.0477209" lon="-118.1588972"><name>3295</name></wpt><wpt lat="35.047721" lon="-118.1588973"><name>3296</name></wpt><wpt lat="35.0477213" lon="-118.1588972"><name>3297</name></wpt><wpt lat="35.0477215" lon="-118.1588971"><name>3298</name></wpt><wpt lat="35.0477216" lon="-118.1588972"><name>3299</name></wpt><wpt lat="35.0477215" lon="-118.1588971"><name>3300</name></wpt><wpt lat="35.0477215" lon="-118.158897"><name>3301</name></wpt><wpt lat="35.0477215" lon="-118.1588969"><name>3302</name></wpt><wpt lat="35.0477216" lon="-118.1588966"><name>3303</name></wpt><wpt lat="35.0477217" lon="-118.1588963"><name>3304</name></wpt><wpt lat="35.0477218" lon="-118.1588962"><name>3305</name></wpt><wpt lat="35.0477219" lon="-118.1588964"><name>3306</name></wpt><wpt lat="35.047722" lon="-118.1588965"><name>3307</name></wpt><wpt lat="35.0477221" lon="-118.1588966"><name>3308</name></wpt><wpt lat="35.0477223" lon="-118.1588967"><name>3309</name></wpt><wpt lat="35.0477226" lon="-118.1588969"><name>3310</name></wpt><wpt lat="35.0477228" lon="-118.158897"><name>3311</name></wpt><wpt lat="35.0477229" lon="-118.1588972"><name>3312</name></wpt><wpt lat="35.0477238" lon="-118.1588971"><name>3313</name></wpt><wpt lat="35.0477239" lon="-118.158897"><name>3314</name></wpt><wpt lat="35.047724" lon="-118.1588969"><name>3315</name></wpt><wpt lat="35.0477244" lon="-118.1588968"><name>3316</name></wpt><wpt lat="35.0477247" lon="-118.1588966"><name>3317</name></wpt><wpt lat="35.0477249" lon="-118.1588968"><name>3318</name></wpt><wpt lat="35.047725" lon="-118.1588969"><name>3319</name></wpt><wpt lat="35.0477252" lon="-118.158897"><name>3320</name></wpt><wpt lat="35.0477255" lon="-118.1588969"><name>3321</name></wpt><wpt lat="35.0477256" lon="-118.1588967"><name>3322</name></wpt><wpt lat="35.0477258" lon="-118.1588966"><name>3323</name></wpt><wpt lat="35.0477261" lon="-118.1588962"><name>3324</name></wpt><wpt lat="35.0477263" lon="-118.1588963"><name>3325</name></wpt><wpt lat="35.0477264" lon="-118.1588964"><name>3326</name></wpt><wpt lat="35.0477268" lon="-118.1588974"><name>3327</name></wpt><wpt lat="35.047727" lon="-118.1588977"><name>3328</name></wpt><wpt lat="35.0477275" lon="-118.1588979"><name>3329</name></wpt><wpt lat="35.0477277" lon="-118.1588976"><name>3330</name></wpt><wpt lat="35.0477283" lon="-118.1588975"><name>3331</name></wpt><wpt lat="35.0477288" lon="-118.1588982"><name>3332</name></wpt><wpt lat="35.0477291" lon="-118.1588991"><name>3333</name></wpt><wpt lat="35.0477298" lon="-118.1589003"><name>3334</name></wpt><wpt lat="35.0477301" lon="-118.1589012"><name>3335</name></wpt><wpt lat="35.0477298" lon="-118.1589025"><name>3336</name></wpt><wpt lat="35.0477295" lon="-118.1589041"><name>3337</name></wpt><wpt lat="35.0477296" lon="-118.1589049"><name>3338</name></wpt><wpt lat="35.0477295" lon="-118.1589059"><name>3339</name></wpt><wpt lat="35.0477291" lon="-118.1589075"><name>3340</name></wpt><wpt lat="35.0477297" lon="-118.1589091"><name>3341</name></wpt><wpt lat="35.0477309" lon="-118.1589103"><name>3342</name></wpt><wpt lat="35.0477316" lon="-118.1589112"><name>3343</name></wpt><wpt lat="35.0477314" lon="-118.1589131"><name>3344</name></wpt><wpt lat="35.0477306" lon="-118.1589142"><name>3345</name></wpt><wpt lat="35.04773" lon="-118.1589155"><name>3346</name></wpt><wpt lat="35.0477289" lon="-118.1589175"><name>3347</name></wpt><wpt lat="35.0477285" lon="-118.1589189"><name>3348</name></wpt><wpt lat="35.0477287" lon="-118.1589205"><name>3349</name></wpt><wpt lat="35.0477291" lon="-118.1589219"><name>3350</name></wpt><wpt lat="35.0477289" lon="-118.1589232"><name>3351</name></wpt><wpt lat="35.0477286" lon="-118.1589239"><name>3352</name></wpt><wpt lat="35.047728" lon="-118.1589251"><name>3353</name></wpt><wpt lat="35.0477277" lon="-118.1589266"><name>3354</name></wpt><wpt lat="35.0477271" lon="-118.1589281"><name>3355</name></wpt><wpt lat="35.0477266" lon="-118.158929"><name>3356</name></wpt><wpt lat="35.0477264" lon="-118.1589292"><name>3357</name></wpt><wpt lat="35.0477259" lon="-118.1589293"><name>3358</name></wpt><wpt lat="35.0477255" lon="-118.1589284"><name>3359</name></wpt><wpt lat="35.0477254" lon="-118.1589268"><name>3360</name></wpt><wpt lat="35.0477263" lon="-118.1589251"><name>3361</name></wpt><wpt lat="35.0477269" lon="-118.1589238"><name>3362</name></wpt><wpt lat="35.0477268" lon="-118.1589234"><name>3363</name></wpt><wpt lat="35.0477266" lon="-118.1589233"><name>3364</name></wpt><wpt lat="35.0477264" lon="-118.1589235"><name>3365</name></wpt><wpt lat="35.0477263" lon="-118.1589239"><name>3366</name></wpt><wpt lat="35.0477262" lon="-118.1589243"><name>3367</name></wpt><wpt lat="35.047726" lon="-118.1589247"><name>3368</name></wpt><wpt lat="35.0477257" lon="-118.158925"><name>3369</name></wpt><wpt lat="35.0477255" lon="-118.1589256"><name>3370</name></wpt><wpt lat="35.0477249" lon="-118.158926"><name>3371</name></wpt><wpt lat="35.0477246" lon="-118.1589269"><name>3372</name></wpt><wpt lat="35.0477243" lon="-118.1589278"><name>3373</name></wpt><wpt lat="35.0477237" lon="-118.1589288"><name>3374</name></wpt><wpt lat="35.0477229" lon="-118.15893"><name>3375</name></wpt><wpt lat="35.0477221" lon="-118.1589308"><name>3376</name></wpt><wpt lat="35.0477216" lon="-118.1589315"><name>3377</name></wpt><wpt lat="35.0477213" lon="-118.1589321"><name>3378</name></wpt><wpt lat="35.0477208" lon="-118.1589322"><name>3379</name></wpt><wpt lat="35.0477204" lon="-118.1589324"><name>3380</name></wpt><wpt lat="35.0477206" lon="-118.1589325"><name>3381</name></wpt><wpt lat="35.0477204" lon="-118.1589331"><name>3382</name></wpt><wpt lat="35.0477207" lon="-118.1589344"><name>3383</name></wpt><wpt lat="35.0477203" lon="-118.1589354"><name>3384</name></wpt><wpt lat="35.0477195" lon="-118.1589361"><name>3385</name></wpt><wpt lat="35.047718" lon="-118.1589371"><name>3386</name></wpt><wpt lat="35.0477169" lon="-118.1589385"><name>3387</name></wpt><wpt lat="35.0477162" lon="-118.1589401"><name>3388</name></wpt><wpt lat="35.0477156" lon="-118.1589416"><name>3389</name></wpt><wpt lat="35.0477144" lon="-118.158943"><name>3390</name></wpt><wpt lat="35.0477128" lon="-118.1589452"><name>3391</name></wpt><wpt lat="35.0477109" lon="-118.1589471"><name>3392</name></wpt><wpt lat="35.0477098" lon="-118.158949"><name>3393</name></wpt><wpt lat="35.0477083" lon="-118.1589518"><name>3394</name></wpt><wpt lat="35.0477073" lon="-118.1589549"><name>3395</name></wpt><wpt lat="35.0477062" lon="-118.1589578"><name>3396</name></wpt><wpt lat="35.0477053" lon="-118.158961"><name>3397</name></wpt><wpt lat="35.047705" lon="-118.1589635"><name>3398</name></wpt><wpt lat="35.0477045" lon="-118.1589655"><name>3399</name></wpt><wpt lat="35.0477039" lon="-118.1589682"><name>3400</name></wpt><wpt lat="35.0477036" lon="-118.1589707"><name>3401</name></wpt><wpt lat="35.0477032" lon="-118.1589721"><name>3402</name></wpt><wpt lat="35.0477021" lon="-118.1589741"><name>3403</name></wpt><wpt lat="35.0477008" lon="-118.1589758"><name>3404</name></wpt><wpt lat="35.0477003" lon="-118.1589769"><name>3405</name></wpt><wpt lat="35.0476995" lon="-118.1589789"><name>3406</name></wpt><wpt lat="35.0476988" lon="-118.1589811"><name>3407</name></wpt><wpt lat="35.0476969" lon="-118.1589839"><name>3408</name></wpt><wpt lat="35.0476937" lon="-118.1589867"><name>3409</name></wpt><wpt lat="35.047691" lon="-118.158989"><name>3410</name></wpt><wpt lat="35.047688" lon="-118.1589894"><name>3411</name></wpt><wpt lat="35.0476844" lon="-118.1589913"><name>3412</name></wpt><wpt lat="35.0476829" lon="-118.1589938"><name>3413</name></wpt><wpt lat="35.0476823" lon="-118.1589963"><name>3414</name></wpt><wpt lat="35.0476825" lon="-118.1589982"><name>3415</name></wpt><wpt lat="35.0476832" lon="-118.1589988"><name>3416</name></wpt><wpt lat="35.047684" lon="-118.1590004"><name>3417</name></wpt><wpt lat="35.0476848" lon="-118.1590019"><name>3418</name></wpt><wpt lat="35.0476855" lon="-118.1590028"><name>3419</name></wpt><wpt lat="35.0476849" lon="-118.159004"><name>3420</name></wpt><wpt lat="35.0476843" lon="-118.1590055"><name>3421</name></wpt><wpt lat="35.0476821" lon="-118.1590064"><name>3422</name></wpt><wpt lat="35.0476802" lon="-118.1590061"><name>3423</name></wpt><wpt lat="35.0476782" lon="-118.1590063"><name>3424</name></wpt><wpt lat="35.0476765" lon="-118.1590059"><name>3425</name></wpt><wpt lat="35.0476755" lon="-118.1590071"><name>3426</name></wpt><wpt lat="35.0476742" lon="-118.1590081"><name>3427</name></wpt><wpt lat="35.0476726" lon="-118.1590083"><name>3428</name></wpt><wpt lat="35.0476717" lon="-118.1590086"><name>3429</name></wpt><wpt lat="35.047671" lon="-118.1590091"><name>3430</name></wpt><wpt lat="35.0476719" lon="-118.1590112"><name>3431</name></wpt><wpt lat="35.0476729" lon="-118.1590124"><name>3432</name></wpt><wpt lat="35.0476733" lon="-118.1590137"><name>3433</name></wpt><wpt lat="35.0476743" lon="-118.1590146"><name>3434</name></wpt><wpt lat="35.0476757" lon="-118.1590159"><name>3435</name></wpt><wpt lat="35.0476763" lon="-118.1590174"><name>3436</name></wpt><wpt lat="35.0476764" lon="-118.1590185"><name>3437</name></wpt><wpt lat="35.0476761" lon="-118.1590193"><name>3438</name></wpt><wpt lat="35.0476754" lon="-118.1590201"><name>3439</name></wpt><wpt lat="35.0476751" lon="-118.1590213"><name>3440</name></wpt><wpt lat="35.0476754" lon="-118.1590224"><name>3441</name></wpt><wpt lat="35.0476764" lon="-118.1590222"><name>3442</name></wpt><wpt lat="35.0476767" lon="-118.1590219"><name>3443</name></wpt><wpt lat="35.0476763" lon="-118.1590223"><name>3444</name></wpt><wpt lat="35.0476761" lon="-118.1590225"><name>3445</name></wpt><wpt lat="35.0476751" lon="-118.1590227"><name>3446</name></wpt><wpt lat="35.0476737" lon="-118.1590236"><name>3447</name></wpt><wpt lat="35.0476736" lon="-118.1590251"><name>3448</name></wpt><wpt lat="35.0476734" lon="-118.1590276"><name>3449</name></wpt><wpt lat="35.0476725" lon="-118.1590304"><name>3450</name></wpt><wpt lat="35.0476728" lon="-118.1590327"><name>3451</name></wpt><wpt lat="35.0476722" lon="-118.1590345"><name>3452</name></wpt><wpt lat="35.0476709" lon="-118.1590359"><name>3453</name></wpt><wpt lat="35.0476702" lon="-118.159038"><name>3454</name></wpt><wpt lat="35.0476695" lon="-118.1590407"><name>3455</name></wpt><wpt lat="35.0476685" lon="-118.1590429"><name>3456</name></wpt><wpt lat="35.047667" lon="-118.1590452"><name>3457</name></wpt><wpt lat="35.0476655" lon="-118.1590477"><name>3458</name></wpt><wpt lat="35.047665" lon="-118.1590502"><name>3459</name></wpt><wpt lat="35.0476649" lon="-118.1590523"><name>3460</name></wpt><wpt lat="35.0476635" lon="-118.1590548"><name>3461</name></wpt><wpt lat="35.0476622" lon="-118.1590575"><name>3462</name></wpt><wpt lat="35.0476613" lon="-118.1590598"><name>3463</name></wpt><wpt lat="35.0476602" lon="-118.1590619"><name>3464</name></wpt><wpt lat="35.0476589" lon="-118.1590637"><name>3465</name></wpt><wpt lat="35.0476575" lon="-118.1590663"><name>3466</name></wpt><wpt lat="35.0476557" lon="-118.1590691"><name>3467</name></wpt><wpt lat="35.0476529" lon="-118.1590721"><name>3468</name></wpt><wpt lat="35.0476508" lon="-118.1590757"><name>3469</name></wpt><wpt lat="35.0476485" lon="-118.1590781"><name>3470</name></wpt><wpt lat="35.0476473" lon="-118.1590801"><name>3471</name></wpt><wpt lat="35.0476453" lon="-118.1590834"><name>3472</name></wpt><wpt lat="35.0476435" lon="-118.1590872"><name>3473</name></wpt><wpt lat="35.0476418" lon="-118.1590905"><name>3474</name></wpt><wpt lat="35.04764" lon="-118.1590932"><name>3475</name></wpt><wpt lat="35.0476387" lon="-118.1590951"><name>3476</name></wpt><wpt lat="35.0476377" lon="-118.1590968"><name>3477</name></wpt><wpt lat="35.0476368" lon="-118.1590994"><name>3478</name></wpt><wpt lat="35.0476358" lon="-118.1591025"><name>3479</name></wpt><wpt lat="35.0476345" lon="-118.1591044"><name>3480</name></wpt><wpt lat="35.0476332" lon="-118.159106"><name>3481</name></wpt><wpt lat="35.0476317" lon="-118.1591086"><name>3482</name></wpt><wpt lat="35.0476303" lon="-118.159111"><name>3483</name></wpt><wpt lat="35.0476291" lon="-118.1591138"><name>3484</name></wpt><wpt lat="35.0476278" lon="-118.1591169"><name>3485</name></wpt><wpt lat="35.0476263" lon="-118.1591203"><name>3486</name></wpt><wpt lat="35.047625" lon="-118.1591234"><name>3487</name></wpt><wpt lat="35.0476246" lon="-118.1591264"><name>3488</name></wpt><wpt lat="35.0476228" lon="-118.1591295"><name>3489</name></wpt><wpt lat="35.0476213" lon="-118.1591329"><name>3490</name></wpt><wpt lat="35.0476211" lon="-118.1591355"><name>3491</name></wpt><wpt lat="35.0476208" lon="-118.1591379"><name>3492</name></wpt><wpt lat="35.047619" lon="-118.159141"><name>3493</name></wpt><wpt lat="35.0476178" lon="-118.1591443"><name>3494</name></wpt><wpt lat="35.0476167" lon="-118.1591476"><name>3495</name></wpt><wpt lat="35.0476156" lon="-118.1591501"><name>3496</name></wpt><wpt lat="35.0476145" lon="-118.1591523"><name>3497</name></wpt><wpt lat="35.0476133" lon="-118.1591547"><name>3498</name></wpt><wpt lat="35.0476123" lon="-118.1591571"><name>3499</name></wpt><wpt lat="35.0476115" lon="-118.1591596"><name>3500</name></wpt><wpt lat="35.0476101" lon="-118.1591623"><name>3501</name></wpt><wpt lat="35.047609" lon="-118.1591652"><name>3502</name></wpt><wpt lat="35.0476077" lon="-118.1591677"><name>3503</name></wpt><wpt lat="35.047607" lon="-118.1591698"><name>3504</name></wpt><wpt lat="35.0476064" lon="-118.159175"><name>3505</name></wpt><wpt lat="35.047606" lon="-118.1591779"><name>3506</name></wpt><wpt lat="35.0476054" lon="-118.1591804"><name>3507</name></wpt><wpt lat="35.0476048" lon="-118.1591827"><name>3508</name></wpt><wpt lat="35.0476041" lon="-118.1591853"><name>3509</name></wpt><wpt lat="35.0476039" lon="-118.159188"><name>3510</name></wpt><wpt lat="35.0476035" lon="-118.1591914"><name>3511</name></wpt><wpt lat="35.0476033" lon="-118.1591946"><name>3512</name></wpt><wpt lat="35.0476035" lon="-118.1592041"><name>3513</name></wpt><wpt lat="35.047603" lon="-118.1592072"><name>3514</name></wpt><wpt lat="35.0476025" lon="-118.1592099"><name>3515</name></wpt><wpt lat="35.0476018" lon="-118.1592121"><name>3516</name></wpt><wpt lat="35.0476006" lon="-118.1592147"><name>3517</name></wpt><wpt lat="35.0475996" lon="-118.1592167"><name>3518</name></wpt><wpt lat="35.047599" lon="-118.1592186"><name>3519</name></wpt><wpt lat="35.0475982" lon="-118.1592214"><name>3520</name></wpt><wpt lat="35.0475973" lon="-118.159224"><name>3521</name></wpt><wpt lat="35.0475969" lon="-118.159226"><name>3522</name></wpt><wpt lat="35.0475959" lon="-118.1592286"><name>3523</name></wpt><wpt lat="35.0475952" lon="-118.1592312"><name>3524</name></wpt><wpt lat="35.0475947" lon="-118.159234"><name>3525</name></wpt><wpt lat="35.0475937" lon="-118.1592374"><name>3526</name></wpt><wpt lat="35.0475924" lon="-118.1592402"><name>3527</name></wpt><wpt lat="35.047591" lon="-118.1592431"><name>3528</name></wpt><wpt lat="35.0475894" lon="-118.1592459"><name>3529</name></wpt><wpt lat="35.0475885" lon="-118.1592483"><name>3530</name></wpt><wpt lat="35.0475873" lon="-118.1592514"><name>3531</name></wpt><wpt lat="35.0475862" lon="-118.1592548"><name>3532</name></wpt><wpt lat="35.0475853" lon="-118.1592573"><name>3533</name></wpt><wpt lat="35.0475839" lon="-118.1592604"><name>3534</name></wpt><wpt lat="35.0475826" lon="-118.1592637"><name>3535</name></wpt><wpt lat="35.0475815" lon="-118.1592668"><name>3536</name></wpt><wpt lat="35.0475804" lon="-118.1592706"><name>3537</name></wpt><wpt lat="35.0475795" lon="-118.1592737"><name>3538</name></wpt><wpt lat="35.0475785" lon="-118.1592766"><name>3539</name></wpt><wpt lat="35.0475779" lon="-118.1592795"><name>3540</name></wpt><wpt lat="35.0475774" lon="-118.1592823"><name>3541</name></wpt><wpt lat="35.0475768" lon="-118.1592856"><name>3542</name></wpt><wpt lat="35.0475761" lon="-118.1592888"><name>3543</name></wpt><wpt lat="35.0475754" lon="-118.1592919"><name>3544</name></wpt><wpt lat="35.0475747" lon="-118.1592952"><name>3545</name></wpt><wpt lat="35.0475743" lon="-118.159298"><name>3546</name></wpt><wpt lat="35.0475741" lon="-118.1593007"><name>3547</name></wpt><wpt lat="35.0475739" lon="-118.1593034"><name>3548</name></wpt><wpt lat="35.0475734" lon="-118.159306"><name>3549</name></wpt><wpt lat="35.0475723" lon="-118.1593089"><name>3550</name></wpt><wpt lat="35.0475718" lon="-118.1593105"><name>3551</name></wpt><wpt lat="35.0475714" lon="-118.1593126"><name>3552</name></wpt><wpt lat="35.0475716" lon="-118.159316"><name>3553</name></wpt><wpt lat="35.0475713" lon="-118.1593188"><name>3554</name></wpt><wpt lat="35.0475709" lon="-118.159322"><name>3555</name></wpt><wpt lat="35.0475706" lon="-118.1593252"><name>3556</name></wpt><wpt lat="35.0475703" lon="-118.1593284"><name>3557</name></wpt><wpt lat="35.04757" lon="-118.159332"><name>3558</name></wpt><wpt lat="35.0475699" lon="-118.1593354"><name>3559</name></wpt><wpt lat="35.0475698" lon="-118.1593379"><name>3560</name></wpt><wpt lat="35.0475695" lon="-118.1593412"><name>3561</name></wpt><wpt lat="35.0475691" lon="-118.1593446"><name>3562</name></wpt><wpt lat="35.0475689" lon="-118.1593479"><name>3563</name></wpt><wpt lat="35.0475686" lon="-118.1593519"><name>3564</name></wpt><wpt lat="35.0475682" lon="-118.1593553"><name>3565</name></wpt><wpt lat="35.0475676" lon="-118.159358"><name>3566</name></wpt><wpt lat="35.0475667" lon="-118.1593611"><name>3567</name></wpt><wpt lat="35.0475659" lon="-118.1593645"><name>3568</name></wpt><wpt lat="35.0475654" lon="-118.1593678"><name>3569</name></wpt><wpt lat="35.047565" lon="-118.1593717"><name>3570</name></wpt><wpt lat="35.0475646" lon="-118.1593753"><name>3571</name></wpt><wpt lat="35.0475641" lon="-118.1593783"><name>3572</name></wpt><wpt lat="35.0475635" lon="-118.1593819"><name>3573</name></wpt><wpt lat="35.0475632" lon="-118.1593852"><name>3574</name></wpt><wpt lat="35.0475624" lon="-118.1593889"><name>3575</name></wpt><wpt lat="35.0475617" lon="-118.1593925"><name>3576</name></wpt><wpt lat="35.0475611" lon="-118.1593955"><name>3577</name></wpt><wpt lat="35.0475602" lon="-118.1593992"><name>3578</name></wpt><wpt lat="35.0475596" lon="-118.1594026"><name>3579</name></wpt><wpt lat="35.0475593" lon="-118.1594054"><name>3580</name></wpt><wpt lat="35.0475587" lon="-118.1594091"><name>3581</name></wpt><wpt lat="35.0475581" lon="-118.1594124"><name>3582</name></wpt><wpt lat="35.0475572" lon="-118.1594147"><name>3583</name></wpt><wpt lat="35.0475563" lon="-118.1594176"><name>3584</name></wpt><wpt lat="35.0475558" lon="-118.15942"><name>3585</name></wpt><wpt lat="35.0475551" lon="-118.1594225"><name>3586</name></wpt><wpt lat="35.0475548" lon="-118.1594251"><name>3587</name></wpt><wpt lat="35.0475544" lon="-118.1594274"><name>3588</name></wpt><wpt lat="35.0475533" lon="-118.15943"><name>3589</name></wpt><wpt lat="35.0475522" lon="-118.1594327"><name>3590</name></wpt><wpt lat="35.0475517" lon="-118.1594346"><name>3591</name></wpt><wpt lat="35.047551" lon="-118.1594373"><name>3592</name></wpt><wpt lat="35.0475503" lon="-118.15944"><name>3593</name></wpt><wpt lat="35.0475497" lon="-118.1594424"><name>3594</name></wpt><wpt lat="35.0475486" lon="-118.1594435"><name>3595</name></wpt><wpt lat="35.0475476" lon="-118.159445"><name>3596</name></wpt><wpt lat="35.0475473" lon="-118.1594467"><name>3597</name></wpt><wpt lat="35.0475467" lon="-118.1594497"><name>3598</name></wpt><wpt lat="35.0475462" lon="-118.1594525"><name>3599</name></wpt><wpt lat="35.0475456" lon="-118.1594553"><name>3600</name></wpt><wpt lat="35.0475446" lon="-118.1594588"><name>3601</name></wpt><wpt lat="35.0475437" lon="-118.159462"><name>3602</name></wpt><wpt lat="35.0475432" lon="-118.1594648"><name>3603</name></wpt><wpt lat="35.0475424" lon="-118.1594686"><name>3604</name></wpt><wpt lat="35.0475418" lon="-118.1594715"><name>3605</name></wpt><wpt lat="35.0475411" lon="-118.159474"><name>3606</name></wpt><wpt lat="35.0475405" lon="-118.1594767"><name>3607</name></wpt><wpt lat="35.04754" lon="-118.1594792"><name>3608</name></wpt><wpt lat="35.0475396" lon="-118.1594816"><name>3609</name></wpt><wpt lat="35.0475394" lon="-118.1594839"><name>3610</name></wpt><wpt lat="35.047539" lon="-118.1594862"><name>3611</name></wpt><wpt lat="35.0475382" lon="-118.1594881"><name>3612</name></wpt><wpt lat="35.0475374" lon="-118.1594905"><name>3613</name></wpt><wpt lat="35.0475368" lon="-118.1594928"><name>3614</name></wpt><wpt lat="35.0475361" lon="-118.1594959"><name>3615</name></wpt><wpt lat="35.0475354" lon="-118.1594991"><name>3616</name></wpt><wpt lat="35.0475348" lon="-118.1595017"><name>3617</name></wpt><wpt lat="35.0475341" lon="-118.1595051"><name>3618</name></wpt><wpt lat="35.0475336" lon="-118.1595082"><name>3619</name></wpt><wpt lat="35.0475333" lon="-118.1595112"><name>3620</name></wpt><wpt lat="35.0475327" lon="-118.1595153"><name>3621</name></wpt><wpt lat="35.0475318" lon="-118.159519"><name>3622</name></wpt><wpt lat="35.0475309" lon="-118.1595227"><name>3623</name></wpt><wpt lat="35.04753" lon="-118.1595259"><name>3624</name></wpt><wpt lat="35.0475296" lon="-118.1595283"><name>3625</name></wpt><wpt lat="35.047529" lon="-118.1595316"><name>3626</name></wpt><wpt lat="35.0475282" lon="-118.1595346"><name>3627</name></wpt><wpt lat="35.0475273" lon="-118.1595377"><name>3628</name></wpt><wpt lat="35.0475263" lon="-118.1595413"><name>3629</name></wpt><wpt lat="35.0475258" lon="-118.1595445"><name>3630</name></wpt><wpt lat="35.0475252" lon="-118.159547"><name>3631</name></wpt><wpt lat="35.0475247" lon="-118.1595495"><name>3632</name></wpt><wpt lat="35.0475245" lon="-118.1595518"><name>3633</name></wpt><wpt lat="35.047524" lon="-118.1595547"><name>3634</name></wpt><wpt lat="35.0475232" lon="-118.1595573"><name>3635</name></wpt><wpt lat="35.047522" lon="-118.1595598"><name>3636</name></wpt><wpt lat="35.0475207" lon="-118.1595628"><name>3637</name></wpt><wpt lat="35.0475194" lon="-118.1595657"><name>3638</name></wpt><wpt lat="35.0475182" lon="-118.1595689"><name>3639</name></wpt><wpt lat="35.0475168" lon="-118.1595717"><name>3640</name></wpt><wpt lat="35.0475147" lon="-118.159574"><name>3641</name></wpt><wpt lat="35.0475131" lon="-118.1595765"><name>3642</name></wpt><wpt lat="35.0475116" lon="-118.15958"><name>3643</name></wpt><wpt lat="35.0475099" lon="-118.1595829"><name>3644</name></wpt><wpt lat="35.0475079" lon="-118.1595867"><name>3645</name></wpt><wpt lat="35.0475059" lon="-118.1595904"><name>3646</name></wpt><wpt lat="35.0475037" lon="-118.159594"><name>3647</name></wpt><wpt lat="35.047502" lon="-118.1595971"><name>3648</name></wpt><wpt lat="35.0475007" lon="-118.1596"><name>3649</name></wpt><wpt lat="35.0474999" lon="-118.1596027"><name>3650</name></wpt><wpt lat="35.0474986" lon="-118.1596056"><name>3651</name></wpt><wpt lat="35.0474971" lon="-118.1596088"><name>3652</name></wpt><wpt lat="35.0474957" lon="-118.159612"><name>3653</name></wpt><wpt lat="35.0474945" lon="-118.159615"><name>3654</name></wpt><wpt lat="35.0474935" lon="-118.1596179"><name>3655</name></wpt><wpt lat="35.0474922" lon="-118.15962"><name>3656</name></wpt><wpt lat="35.0474906" lon="-118.1596229"><name>3657</name></wpt><wpt lat="35.0474892" lon="-118.1596256"><name>3658</name></wpt><wpt lat="35.0474881" lon="-118.1596277"><name>3659</name></wpt><wpt lat="35.0474872" lon="-118.1596309"><name>3660</name></wpt><wpt lat="35.0474861" lon="-118.1596337"><name>3661</name></wpt><wpt lat="35.0474853" lon="-118.1596362"><name>3662</name></wpt><wpt lat="35.0474841" lon="-118.1596394"><name>3663</name></wpt><wpt lat="35.0474829" lon="-118.1596428"><name>3664</name></wpt><wpt lat="35.0474824" lon="-118.1596462"><name>3665</name></wpt><wpt lat="35.0474819" lon="-118.15965"><name>3666</name></wpt><wpt lat="35.0474811" lon="-118.1596529"><name>3667</name></wpt><wpt lat="35.0474801" lon="-118.1596563"><name>3668</name></wpt><wpt lat="35.0474792" lon="-118.1596598"><name>3669</name></wpt><wpt lat="35.0474789" lon="-118.159663"><name>3670</name></wpt><wpt lat="35.0474785" lon="-118.1596674"><name>3671</name></wpt><wpt lat="35.0474777" lon="-118.1596715"><name>3672</name></wpt><wpt lat="35.0474768" lon="-118.1596751"><name>3673</name></wpt><wpt lat="35.0474754" lon="-118.1596786"><name>3674</name></wpt><wpt lat="35.0474735" lon="-118.1596818"><name>3675</name></wpt><wpt lat="35.0474716" lon="-118.1596848"><name>3676</name></wpt><wpt lat="35.0474697" lon="-118.1596879"><name>3677</name></wpt><wpt lat="35.0474678" lon="-118.1596907"><name>3678</name></wpt><wpt lat="35.0474652" lon="-118.1596937"><name>3679</name></wpt><wpt lat="35.0474627" lon="-118.1596958"><name>3680</name></wpt><wpt lat="35.0474603" lon="-118.1596979"><name>3681</name></wpt><wpt lat="35.0474577" lon="-118.1597008"><name>3682</name></wpt><wpt lat="35.0474552" lon="-118.1597037"><name>3683</name></wpt><wpt lat="35.0474529" lon="-118.1597059"><name>3684</name></wpt><wpt lat="35.0474508" lon="-118.1597091"><name>3685</name></wpt><wpt lat="35.0474484" lon="-118.159712"><name>3686</name></wpt><wpt lat="35.0474458" lon="-118.1597141"><name>3687</name></wpt><wpt lat="35.0474428" lon="-118.1597167"><name>3688</name></wpt><wpt lat="35.0474396" lon="-118.159719"><name>3689</name></wpt><wpt lat="35.0474368" lon="-118.1597209"><name>3690</name></wpt><wpt lat="35.0474348" lon="-118.1597222"><name>3691</name></wpt><wpt lat="35.0474328" lon="-118.1597238"><name>3692</name></wpt><wpt lat="35.0474309" lon="-118.1597264"><name>3693</name></wpt><wpt lat="35.0474293" lon="-118.1597291"><name>3694</name></wpt><wpt lat="35.0474275" lon="-118.1597312"><name>3695</name></wpt><wpt lat="35.0474256" lon="-118.1597338"><name>3696</name></wpt><wpt lat="35.0474246" lon="-118.1597374"><name>3697</name></wpt><wpt lat="35.047423" lon="-118.1597404"><name>3698</name></wpt><wpt lat="35.0474212" lon="-118.1597431"><name>3699</name></wpt><wpt lat="35.0474195" lon="-118.1597453"><name>3700</name></wpt><wpt lat="35.0474173" lon="-118.1597468"><name>3701</name></wpt><wpt lat="35.0474157" lon="-118.1597488"><name>3702</name></wpt><wpt lat="35.047414" lon="-118.1597512"><name>3703</name></wpt><wpt lat="35.0474118" lon="-118.1597537"><name>3704</name></wpt><wpt lat="35.0474101" lon="-118.1597565"><name>3705</name></wpt><wpt lat="35.0474084" lon="-118.1597593"><name>3706</name></wpt><wpt lat="35.0474064" lon="-118.1597616"><name>3707</name></wpt><wpt lat="35.047404" lon="-118.1597634"><name>3708</name></wpt><wpt lat="35.0474018" lon="-118.1597662"><name>3709</name></wpt><wpt lat="35.0473996" lon="-118.1597693"><name>3710</name></wpt><wpt lat="35.0473972" lon="-118.1597718"><name>3711</name></wpt><wpt lat="35.0473948" lon="-118.1597743"><name>3712</name></wpt><wpt lat="35.0473926" lon="-118.1597764"><name>3713</name></wpt><wpt lat="35.0473903" lon="-118.1597788"><name>3714</name></wpt><wpt lat="35.0473881" lon="-118.1597814"><name>3715</name></wpt><wpt lat="35.0473858" lon="-118.1597832"><name>3716</name></wpt><wpt lat="35.0473836" lon="-118.1597847"><name>3717</name></wpt><wpt lat="35.0473818" lon="-118.1597862"><name>3718</name></wpt><wpt lat="35.0473801" lon="-118.1597882"><name>3719</name></wpt><wpt lat="35.0473783" lon="-118.1597905"><name>3720</name></wpt><wpt lat="35.0473768" lon="-118.159793"><name>3721</name></wpt><wpt lat="35.0473748" lon="-118.1597954"><name>3722</name></wpt><wpt lat="35.0473734" lon="-118.1597976"><name>3723</name></wpt><wpt lat="35.0473725" lon="-118.1598005"><name>3724</name></wpt><wpt lat="35.0473716" lon="-118.1598041"><name>3725</name></wpt><wpt lat="35.0473704" lon="-118.1598076"><name>3726</name></wpt><wpt lat="35.04737" lon="-118.1598092"><name>3727</name></wpt><wpt lat="35.0473692" lon="-118.1598108"><name>3728</name></wpt><wpt lat="35.0473682" lon="-118.1598115"><name>3729</name></wpt><wpt lat="35.0473668" lon="-118.1598135"><name>3730</name></wpt><wpt lat="35.047366" lon="-118.159816"><name>3731</name></wpt><wpt lat="35.0473646" lon="-118.1598182"><name>3732</name></wpt><wpt lat="35.0473632" lon="-118.1598208"><name>3733</name></wpt><wpt lat="35.0473623" lon="-118.1598239"><name>3734</name></wpt><wpt lat="35.0473607" lon="-118.1598273"><name>3735</name></wpt><wpt lat="35.0473594" lon="-118.1598305"><name>3736</name></wpt><wpt lat="35.0473579" lon="-118.1598334"><name>3737</name></wpt><wpt lat="35.0473557" lon="-118.159836"><name>3738</name></wpt><wpt lat="35.0473532" lon="-118.1598386"><name>3739</name></wpt><wpt lat="35.0473509" lon="-118.1598416"><name>3740</name></wpt><wpt lat="35.0473488" lon="-118.1598445"><name>3741</name></wpt><wpt lat="35.0473467" lon="-118.1598471"><name>3742</name></wpt><wpt lat="35.0473448" lon="-118.1598498"><name>3743</name></wpt><wpt lat="35.0473435" lon="-118.1598518"><name>3744</name></wpt><wpt lat="35.0473418" lon="-118.1598534"><name>3745</name></wpt><wpt lat="35.0473395" lon="-118.1598557"><name>3746</name></wpt><wpt lat="35.047338" lon="-118.1598584"><name>3747</name></wpt><wpt lat="35.0473365" lon="-118.1598612"><name>3748</name></wpt><wpt lat="35.0473355" lon="-118.1598634"><name>3749</name></wpt><wpt lat="35.047335" lon="-118.1598658"><name>3750</name></wpt><wpt lat="35.0473342" lon="-118.1598695"><name>3751</name></wpt><wpt lat="35.047334" lon="-118.1598727"><name>3752</name></wpt><wpt lat="35.0473343" lon="-118.1598763"><name>3753</name></wpt><wpt lat="35.0473337" lon="-118.1598794"><name>3754</name></wpt><wpt lat="35.0473335" lon="-118.1598826"><name>3755</name></wpt><wpt lat="35.0473326" lon="-118.1598858"><name>3756</name></wpt><wpt lat="35.047332" lon="-118.1598893"><name>3757</name></wpt><wpt lat="35.0473319" lon="-118.1598928"><name>3758</name></wpt><wpt lat="35.0473313" lon="-118.1598965"><name>3759</name></wpt><wpt lat="35.0473305" lon="-118.1598996"><name>3760</name></wpt><wpt lat="35.0473299" lon="-118.1599025"><name>3761</name></wpt><wpt lat="35.0473281" lon="-118.159906"><name>3762</name></wpt><wpt lat="35.0473265" lon="-118.1599089"><name>3763</name></wpt><wpt lat="35.0473253" lon="-118.159912"><name>3764</name></wpt><wpt lat="35.0473246" lon="-118.1599153"><name>3765</name></wpt><wpt lat="35.0473247" lon="-118.1599187"><name>3766</name></wpt><wpt lat="35.0473241" lon="-118.1599227"><name>3767</name></wpt><wpt lat="35.0473237" lon="-118.1599262"><name>3768</name></wpt><wpt lat="35.0473232" lon="-118.1599292"><name>3769</name></wpt><wpt lat="35.0473233" lon="-118.1599326"><name>3770</name></wpt><wpt lat="35.0473234" lon="-118.1599355"><name>3771</name></wpt><wpt lat="35.0473232" lon="-118.159939"><name>3772</name></wpt><wpt lat="35.0473224" lon="-118.1599431"><name>3773</name></wpt><wpt lat="35.0473217" lon="-118.1599468"><name>3774</name></wpt><wpt lat="35.0473213" lon="-118.1599503"><name>3775</name></wpt><wpt lat="35.0473208" lon="-118.1599541"><name>3776</name></wpt><wpt lat="35.0473209" lon="-118.1599581"><name>3777</name></wpt><wpt lat="35.0473208" lon="-118.1599619"><name>3778</name></wpt><wpt lat="35.0473206" lon="-118.1599655"><name>3779</name></wpt><wpt lat="35.0473205" lon="-118.159969"><name>3780</name></wpt><wpt lat="35.0473199" lon="-118.1599724"><name>3781</name></wpt><wpt lat="35.0473192" lon="-118.1599752"><name>3782</name></wpt><wpt lat="35.0473188" lon="-118.1599784"><name>3783</name></wpt><wpt lat="35.0473181" lon="-118.1599822"><name>3784</name></wpt><wpt lat="35.0473173" lon="-118.1599853"><name>3785</name></wpt><wpt lat="35.0473162" lon="-118.1599879"><name>3786</name></wpt><wpt lat="35.047315" lon="-118.1599902"><name>3787</name></wpt><wpt lat="35.0473139" lon="-118.1599924"><name>3788</name></wpt><wpt lat="35.0473131" lon="-118.1599948"><name>3789</name></wpt><wpt lat="35.0473125" lon="-118.1599975"><name>3790</name></wpt><wpt lat="35.0473118" lon="-118.1599998"><name>3791</name></wpt><wpt lat="35.0473109" lon="-118.160002"><name>3792</name></wpt><wpt lat="35.0473101" lon="-118.1600042"><name>3793</name></wpt><wpt lat="35.0473094" lon="-118.1600067"><name>3794</name></wpt><wpt lat="35.0473086" lon="-118.1600094"><name>3795</name></wpt><wpt lat="35.0473082" lon="-118.1600122"><name>3796</name></wpt><wpt lat="35.0473078" lon="-118.1600144"><name>3797</name></wpt><wpt lat="35.0473074" lon="-118.1600158"><name>3798</name></wpt><wpt lat="35.0473068" lon="-118.1600164"><name>3799</name></wpt><wpt lat="35.0473064" lon="-118.1600167"><name>3800</name></wpt><wpt lat="35.0473061" lon="-118.160017"><name>3801</name></wpt><wpt lat="35.0473058" lon="-118.1600174"><name>3802</name></wpt><wpt lat="35.047305" lon="-118.1600177"><name>3803</name></wpt><wpt lat="35.0473033" lon="-118.1600174"><name>3804</name></wpt><wpt lat="35.0473026" lon="-118.1600175"><name>3805</name></wpt><wpt lat="35.0473022" lon="-118.1600176"><name>3806</name></wpt><wpt lat="35.0473024" lon="-118.1600174"><name>3807</name></wpt><wpt lat="35.0473028" lon="-118.1600173"><name>3808</name></wpt><wpt lat="35.0473032" lon="-118.1600182"><name>3809</name></wpt><wpt lat="35.047303" lon="-118.1600189"><name>3810</name></wpt><wpt lat="35.0473031" lon="-118.1600191"><name>3811</name></wpt><wpt lat="35.0473034" lon="-118.1600193"><name>3812</name></wpt><wpt lat="35.047304" lon="-118.1600195"><name>3813</name></wpt><wpt lat="35.0473045" lon="-118.1600194"><name>3814</name></wpt><wpt lat="35.047304" lon="-118.1600195"><name>3815</name></wpt><wpt lat="35.0473037" lon="-118.16002"><name>3816</name></wpt><wpt lat="35.0473032" lon="-118.1600199"><name>3817</name></wpt><wpt lat="35.0473024" lon="-118.1600201"><name>3818</name></wpt><wpt lat="35.0473017" lon="-118.16002"><name>3819</name></wpt><wpt lat="35.0473014" lon="-118.1600194"><name>3820</name></wpt><wpt lat="35.0473011" lon="-118.1600205"><name>3821</name></wpt><wpt lat="35.0473013" lon="-118.1600216"><name>3822</name></wpt><wpt lat="35.0473011" lon="-118.1600219"><name>3823</name></wpt><wpt lat="35.0473019" lon="-118.1600223"><name>3824</name></wpt><wpt lat="35.0473022" lon="-118.1600222"><name>3825</name></wpt><wpt lat="35.0473021" lon="-118.1600216"><name>3826</name></wpt><wpt lat="35.0473017" lon="-118.1600211"><name>3827</name></wpt><wpt lat="35.0473011" lon="-118.1600209"><name>3828</name></wpt><wpt lat="35.0473004" lon="-118.1600213"><name>3829</name></wpt><wpt lat="35.0473" lon="-118.1600217"><name>3830</name></wpt><wpt lat="35.0473001" lon="-118.1600231"><name>3831</name></wpt><wpt lat="35.0473" lon="-118.160025"><name>3832</name></wpt><wpt lat="35.0472996" lon="-118.1600264"><name>3833</name></wpt><wpt lat="35.0472994" lon="-118.1600288"><name>3834</name></wpt><wpt lat="35.047299" lon="-118.1600292"><name>3835</name></wpt><wpt lat="35.0472988" lon="-118.1600295"><name>3836</name></wpt><wpt lat="35.0472989" lon="-118.1600301"><name>3837</name></wpt><wpt lat="35.0472992" lon="-118.1600306"><name>3838</name></wpt><wpt lat="35.0472997" lon="-118.1600312"><name>3839</name></wpt><wpt lat="35.0472995" lon="-118.1600317"><name>3840</name></wpt><wpt lat="35.0472991" lon="-118.1600322"><name>3841</name></wpt><wpt lat="35.0472989" lon="-118.160032"><name>3842</name></wpt><wpt lat="35.0472984" lon="-118.1600316"><name>3843</name></wpt><wpt lat="35.0472981" lon="-118.1600314"><name>3844</name></wpt><wpt lat="35.0472982" lon="-118.1600307"><name>3845</name></wpt><wpt lat="35.0472985" lon="-118.1600301"><name>3846</name></wpt><wpt lat="35.0472988" lon="-118.1600292"><name>3847</name></wpt><wpt lat="35.0472991" lon="-118.1600288"><name>3848</name></wpt><wpt lat="35.0472992" lon="-118.1600287"><name>3849</name></wpt><wpt lat="35.0472985" lon="-118.160029"><name>3850</name></wpt><wpt lat="35.0472981" lon="-118.1600292"><name>3851</name></wpt><wpt lat="35.0472975" lon="-118.1600295"><name>3852</name></wpt><wpt lat="35.0472972" lon="-118.1600296"><name>3853</name></wpt><wpt lat="35.0472974" lon="-118.1600297"><name>3854</name></wpt><wpt lat="35.0472978" lon="-118.1600296"><name>3855</name></wpt><wpt lat="35.0472976" lon="-118.1600293"><name>3856</name></wpt><wpt lat="35.0472973" lon="-118.160029"><name>3857</name></wpt><wpt lat="35.0472974" lon="-118.1600293"><name>3858</name></wpt><wpt lat="35.0472972" lon="-118.1600296"><name>3859</name></wpt><wpt lat="35.047297" lon="-118.1600302"><name>3860</name></wpt><wpt lat="35.0472969" lon="-118.1600306"><name>3861</name></wpt></gpx>